# https://github.com/mikedh/trimesh
v -50.00000000 170.00000000 648.00000000 0.66666667 0.36470588 0.33333333
v -49.00000000 170.00000000 648.40000000 0.67058824 0.36862745 0.34509804
v -48.80000000 170.00000000 648.80000000 0.67058824 0.36862745 0.34509804
v -48.00000000 170.00000000 648.80000000 0.67058824 0.38039216 0.34509804
v -47.00000000 170.00000000 649.00000000 0.68235294 0.39215686 0.35686275
v -46.00000000 170.00000000 649.00000000 0.68235294 0.39215686 0.34117647
v -46.00000000 170.20000000 649.20000000 0.68235294 0.39215686 0.34117647
v -45.00000000 170.40000000 649.40000000 0.69019608 0.40392157 0.34509804
v -53.00000000 170.00000000 645.00000000 0.63921569 0.33725490 0.30588235
v -52.20000000 170.00000000 645.20000000 0.65098039 0.34901961 0.31764706
v -52.00000000 170.00000000 646.00000000 0.65882353 0.35686275 0.32549020
v -51.00000000 170.00000000 646.20000000 0.66274510 0.36078431 0.32941176
v -51.00000000 170.20000000 647.20000000 0.66274510 0.36078431 0.32156863
v -50.00000000 170.40000000 647.40000000 0.66666667 0.36470588 0.33333333
v -48.20000000 171.00000000 648.20000000 0.67058824 0.36862745 0.34509804
v -47.00000000 171.00000000 648.60000000 0.69019608 0.38823529 0.35686275
v -46.20000000 171.00000000 649.20000000 0.67843137 0.38823529 0.33725490
v -46.00000000 171.00000000 649.20000000 0.67843137 0.38823529 0.33725490
v -45.00000000 171.00000000 649.40000000 0.68627451 0.40000000 0.34117647
v -56.00000000 170.00000000 641.00000000 0.61176471 0.30980392 0.28627451
v -55.00000000 170.00000000 642.20000000 0.61176471 0.32156863 0.28627451
v -54.00000000 170.00000000 643.20000000 0.63137255 0.32941176 0.29803922
v -53.00000000 170.40000000 644.40000000 0.63921569 0.33725490 0.29803922
v -51.00000000 171.00000000 646.00000000 0.65882353 0.35294118 0.31372549
v -50.20000000 171.00000000 646.20000000 0.66274510 0.36078431 0.32156863
v -50.00000000 171.00000000 647.00000000 0.67058824 0.36862745 0.32941176
v -49.00000000 171.00000000 647.60000000 0.67450980 0.38431373 0.34117647
v -48.00000000 171.00000000 648.00000000 0.67843137 0.38823529 0.34509804
v -48.00000000 171.20000000 648.20000000 0.67843137 0.38823529 0.34509804
v -47.00000000 171.60000000 648.60000000 0.67843137 0.38823529 0.34509804
v -46.20000000 171.80000000 649.00000000 0.68235294 0.39215686 0.34901961
v -45.00000000 172.00000000 649.20000000 0.68627451 0.39607843 0.35294118
v -76.00000000 171.00000000 644.20000000 0.21960784 0.08627451 0.07843137
v -75.20000000 171.00000000 644.80000000 0.26666667 0.12941176 0.11372549
v -74.80000000 171.00000000 645.00000000 0.30588235 0.14901961 0.14117647
v -74.00000000 171.00000000 644.20000000 0.33333333 0.16470588 0.14117647
v -73.20000000 171.00000000 644.20000000 0.34509804 0.15686275 0.14117647
v -72.40000000 170.80000000 643.40000000 0.36078431 0.15294118 0.13725490
v -71.80000000 170.40000000 642.40000000 0.37647059 0.15686275 0.15294118
v -71.00000000 170.40000000 642.00000000 0.36470588 0.16470588 0.15294118
v -70.00000000 170.00000000 641.00000000 0.36078431 0.16078431 0.15686275
v -69.00000000 170.00000000 639.60000000 0.37254902 0.17254902 0.16078431
v -68.00000000 170.00000000 639.60000000 0.38823529 0.18823529 0.17254902
v -60.00000000 170.00000000 639.20000000 0.56862745 0.28235294 0.25882353
v -59.00000000 170.00000000 639.80000000 0.57647059 0.29019608 0.26666667
v -58.00000000 170.00000000 640.20000000 0.58823529 0.29411765 0.27450980
v -57.00000000 170.00000000 641.00000000 0.60784314 0.31372549 0.29019608
v -56.00000000 170.20000000 641.20000000 0.61176471 0.31764706 0.29411765
v -53.00000000 171.00000000 643.80000000 0.63921569 0.33725490 0.29803922
v -52.00000000 171.00000000 644.40000000 0.64705882 0.34509804 0.30588235
v -51.00000000 171.20000000 645.20000000 0.65882353 0.35686275 0.31764706
v -48.00000000 172.00000000 647.60000000 0.67843137 0.38823529 0.34509804
v -47.00000000 172.00000000 648.00000000 0.67843137 0.38823529 0.34509804
v -46.00000000 172.00000000 648.60000000 0.67843137 0.38823529 0.34509804
v -46.00000000 172.20000000 648.80000000 0.68235294 0.39215686 0.34901961
v -45.00000000 172.20000000 649.00000000 0.68627451 0.39607843 0.35294118
v -76.20000000 172.20000000 646.60000000 0.22745098 0.11764706 0.11372549
v -75.80000000 172.00000000 646.60000000 0.26666667 0.15294118 0.13725490
v -75.00000000 172.20000000 646.60000000 0.29411765 0.16078431 0.15294118
v -74.00000000 172.20000000 646.00000000 0.32156863 0.16862745 0.14901961
v -73.20000000 172.00000000 645.60000000 0.32941176 0.15686275 0.14509804
v -72.80000000 171.80000000 644.20000000 0.34117647 0.15686275 0.13333333
v -72.00000000 171.40000000 643.40000000 0.35686275 0.16470588 0.14901961
v -71.00000000 171.20000000 642.60000000 0.36078431 0.16078431 0.14901961
v -70.00000000 171.00000000 641.80000000 0.36078431 0.16078431 0.15686275
v -69.40000000 171.00000000 641.00000000 0.36470588 0.16470588 0.16078431
v -69.00000000 171.00000000 640.20000000 0.37254902 0.17254902 0.16862745
v -68.00000000 170.80000000 639.80000000 0.38039216 0.18039216 0.16862745
v -67.00000000 170.60000000 639.60000000 0.39215686 0.19215686 0.18039216
v -66.20000000 170.20000000 639.00000000 0.40392157 0.20392157 0.18823529
v -66.00000000 170.00000000 638.60000000 0.41176471 0.21176471 0.19607843
v -65.00000000 170.00000000 638.60000000 0.43921569 0.23137255 0.20784314
v -64.00000000 170.00000000 638.60000000 0.45098039 0.23529412 0.21568627
v -63.00000000 170.00000000 638.60000000 0.50196078 0.26274510 0.24313725
v -62.00000000 170.00000000 638.80000000 0.51764706 0.28235294 0.25098039
v -61.00000000 170.00000000 638.80000000 0.54117647 0.28627451 0.26274510
v -60.00000000 170.40000000 639.40000000 0.54901961 0.28627451 0.26274510
v -59.00000000 170.40000000 639.40000000 0.56470588 0.28627451 0.26274510
v -57.00000000 171.00000000 640.60000000 0.60392157 0.31764706 0.29019608
v -56.00000000 171.00000000 640.60000000 0.60392157 0.31764706 0.29019608
v -55.00000000 171.00000000 641.60000000 0.61176471 0.32549020 0.29803922
v -54.00000000 171.00000000 642.40000000 0.62745098 0.34117647 0.30588235
v -53.00000000 171.20000000 643.20000000 0.63137255 0.34117647 0.29803922
v -52.00000000 171.60000000 643.60000000 0.63921569 0.34901961 0.30588235
v -52.00000000 171.80000000 643.80000000 0.65098039 0.34901961 0.30980392
v -49.00000000 172.00000000 646.00000000 0.67058824 0.38039216 0.33725490
v -48.00000000 172.80000000 646.80000000 0.67058824 0.38039216 0.33725490
v -47.00000000 173.00000000 647.60000000 0.67843137 0.38823529 0.34509804
v -46.00000000 173.00000000 648.00000000 0.68235294 0.39215686 0.34901961
v -45.00000000 173.00000000 648.80000000 0.69019608 0.40000000 0.35686275
v -77.00000000 173.60000000 648.60000000 0.17647059 0.09411765 0.09019608
v -76.80000000 173.80000000 648.80000000 0.23137255 0.13725490 0.13725490
v -76.00000000 173.60000000 648.60000000 0.27058824 0.16078431 0.14901961
v -75.00000000 173.20000000 647.80000000 0.28627451 0.16470588 0.15686275
v -74.00000000 173.20000000 647.60000000 0.31372549 0.16470588 0.15294118
v -73.60000000 173.00000000 646.40000000 0.32156863 0.16078431 0.15294118
v -73.00000000 172.80000000 645.40000000 0.33333333 0.15686275 0.13725490
v -72.00000000 172.20000000 644.00000000 0.34509804 0.15686275 0.14117647
v -71.00000000 172.00000000 643.00000000 0.35686275 0.16078431 0.15686275
v -70.00000000 172.00000000 642.00000000 0.36078431 0.16470588 0.16078431
v -69.40000000 172.00000000 641.40000000 0.36470588 0.17647059 0.16862745
v -69.00000000 171.40000000 640.40000000 0.36470588 0.17647059 0.16862745
v -68.00000000 171.20000000 640.20000000 0.36862745 0.18039216 0.16470588
v -67.00000000 171.00000000 639.60000000 0.38039216 0.19215686 0.17647059
v -66.00000000 171.00000000 638.60000000 0.39215686 0.20784314 0.18431373
v -65.00000000 171.00000000 638.60000000 0.42745098 0.23529412 0.20784314
v -64.00000000 171.00000000 638.60000000 0.45098039 0.24313725 0.21960784
v -63.00000000 171.00000000 638.80000000 0.48627451 0.26274510 0.23529412
v -62.00000000 171.00000000 638.80000000 0.49803922 0.27450980 0.24705882
v -61.00000000 171.00000000 638.80000000 0.52549020 0.29019608 0.25882353
v -60.00000000 171.00000000 639.40000000 0.56078431 0.29803922 0.27450980
v -59.00000000 171.00000000 639.40000000 0.56470588 0.29411765 0.27450980
v -58.00000000 171.00000000 639.40000000 0.56862745 0.29019608 0.26666667
v -58.00000000 171.20000000 640.20000000 0.57647059 0.29803922 0.27450980
v -57.00000000 171.20000000 640.20000000 0.58431373 0.30588235 0.28235294
v -56.00000000 171.40000000 640.40000000 0.58823529 0.30980392 0.28627451
v -55.60000000 171.60000000 640.60000000 0.60392157 0.31764706 0.29019608
v -54.00000000 172.00000000 641.60000000 0.62745098 0.34117647 0.30588235
v -53.00000000 172.00000000 642.40000000 0.63137255 0.34117647 0.29803922
v -52.00000000 172.00000000 643.00000000 0.63529412 0.34509804 0.30196078
v -51.80000000 172.00000000 643.00000000 0.64313725 0.35294118 0.30980392
v -51.00000000 172.00000000 643.80000000 0.65490196 0.36470588 0.32156863
v -50.00000000 172.00000000 644.00000000 0.66274510 0.37254902 0.32156863
v -48.00000000 173.00000000 646.00000000 0.66666667 0.37647059 0.33333333
v -47.00000000 173.20000000 647.00000000 0.68235294 0.39215686 0.34901961
v -46.00000000 173.20000000 647.00000000 0.69019608 0.40000000 0.35686275
v -46.00000000 173.60000000 647.60000000 0.69411765 0.40392157 0.36078431
v -45.00000000 173.60000000 647.80000000 0.69411765 0.40392157 0.36078431
v -77.20000000 174.60000000 649.60000000 0.18431373 0.10588235 0.10196078
v -76.80000000 174.60000000 649.40000000 0.23529412 0.14117647 0.14117647
v -76.00000000 174.40000000 649.20000000 0.26274510 0.16470588 0.14901961
v -75.00000000 174.20000000 648.40000000 0.28235294 0.16470588 0.15686275
v -74.00000000 174.00000000 647.60000000 0.30588235 0.16862745 0.15294118
v -73.60000000 174.00000000 646.60000000 0.32156863 0.16470588 0.15686275
v -73.00000000 173.60000000 645.60000000 0.32549020 0.16470588 0.14901961
v -72.00000000 173.00000000 644.20000000 0.33333333 0.16078431 0.14901961
v -71.00000000 173.00000000 643.20000000 0.33725490 0.16470588 0.15294118
v -69.20000000 172.20000000 641.20000000 0.35294118 0.18039216 0.16862745
v -69.00000000 172.00000000 640.20000000 0.35294118 0.18039216 0.16862745
v -68.00000000 172.00000000 640.00000000 0.35294118 0.18431373 0.16078431
v -67.00000000 172.00000000 639.60000000 0.36470588 0.19607843 0.17254902
v -66.20000000 171.80000000 639.00000000 0.38431373 0.20784314 0.18431373
v -66.00000000 171.80000000 638.80000000 0.40000000 0.21568627 0.19215686
v -65.00000000 171.80000000 638.80000000 0.41960784 0.23529412 0.20392157
v -64.00000000 171.80000000 638.80000000 0.46274510 0.25490196 0.23137255
v -63.00000000 171.80000000 638.80000000 0.48627451 0.25882353 0.24313725
v -62.00000000 171.80000000 638.80000000 0.52549020 0.27843137 0.25882353
v -61.00000000 171.80000000 638.80000000 0.53725490 0.29019608 0.27058824
v -60.00000000 171.80000000 639.00000000 0.55294118 0.28627451 0.27450980
v -60.00000000 172.00000000 639.40000000 0.56470588 0.30196078 0.27843137
v -59.00000000 172.00000000 639.40000000 0.56470588 0.29411765 0.27450980
v -58.00000000 172.00000000 639.40000000 0.56470588 0.29411765 0.26666667
v -57.60000000 172.00000000 639.60000000 0.56862745 0.29803922 0.27058824
v -57.00000000 172.00000000 640.20000000 0.57647059 0.29803922 0.27450980
v -56.00000000 172.00000000 640.20000000 0.58823529 0.30980392 0.28627451
v -55.40000000 172.00000000 640.40000000 0.60000000 0.32549020 0.29411765
v -55.00000000 172.00000000 640.60000000 0.60392157 0.32941176 0.29803922
v -54.00000000 172.40000000 641.40000000 0.62352941 0.33725490 0.30196078
v -53.60000000 172.60000000 641.60000000 0.62352941 0.33725490 0.30196078
v -51.80000000 173.00000000 642.80000000 0.64313725 0.35294118 0.30980392
v -50.00000000 173.00000000 643.60000000 0.66274510 0.37254902 0.32156863
v -49.00000000 173.00000000 644.60000000 0.67843137 0.37647059 0.33725490
v -48.00000000 173.20000000 645.00000000 0.67843137 0.37647059 0.33725490
v -48.00000000 173.60000000 645.60000000 0.67450980 0.38431373 0.34117647
v -47.00000000 173.80000000 646.00000000 0.68627451 0.39607843 0.35294118
v -45.00000000 174.00000000 647.60000000 0.69411765 0.40392157 0.36078431
v -77.40000000 175.40000000 650.60000000 0.21176471 0.14117647 0.14117647
v -77.00000000 175.20000000 650.20000000 0.24705882 0.16470588 0.16078431
v -76.00000000 175.40000000 649.60000000 0.27058824 0.16862745 0.16470588
v -75.00000000 175.00000000 648.40000000 0.28627451 0.16862745 0.16078431
v -74.00000000 175.00000000 647.60000000 0.29019608 0.16862745 0.14901961
v -73.60000000 174.60000000 646.60000000 0.30588235 0.16862745 0.15294118
v -73.00000000 174.00000000 645.60000000 0.30980392 0.17254902 0.14901961
v -71.00000000 173.20000000 643.20000000 0.32156863 0.16470588 0.15686275
v -70.00000000 173.00000000 642.20000000 0.33333333 0.17647059 0.16862745
v -69.20000000 173.00000000 641.20000000 0.34509804 0.19215686 0.17254902
v -69.00000000 173.00000000 640.60000000 0.34509804 0.19215686 0.17254902
v -68.00000000 172.80000000 639.80000000 0.34509804 0.19215686 0.17254902
v -67.00000000 172.80000000 639.80000000 0.35686275 0.19607843 0.18039216
v -66.20000000 172.20000000 639.00000000 0.37254902 0.21176471 0.18823529
v -66.00000000 172.20000000 639.00000000 0.39607843 0.21960784 0.20000000
v -65.00000000 172.00000000 638.80000000 0.42352941 0.23921569 0.21568627
v -64.00000000 172.00000000 638.80000000 0.44313725 0.24313725 0.22745098
v -63.80000000 172.00000000 638.40000000 0.45882353 0.25098039 0.22745098
v -63.00000000 172.00000000 638.80000000 0.48235294 0.25490196 0.23921569
v -62.00000000 172.00000000 638.80000000 0.52941176 0.27450980 0.25882353
v -61.00000000 172.00000000 638.60000000 0.54117647 0.28627451 0.27058824
v -60.00000000 172.20000000 638.80000000 0.55686275 0.29019608 0.27843137
v -59.60000000 172.20000000 638.80000000 0.57254902 0.30196078 0.28235294
v -59.00000000 172.20000000 639.00000000 0.56470588 0.29411765 0.27450980
v -58.00000000 172.20000000 639.00000000 0.56078431 0.29019608 0.26274510
v -57.60000000 172.60000000 639.60000000 0.56470588 0.29411765 0.26666667
v -57.00000000 172.60000000 639.60000000 0.57254902 0.30196078 0.27450980
v -56.00000000 172.60000000 639.60000000 0.58823529 0.31764706 0.29019608
v -55.00000000 172.60000000 639.60000000 0.60392157 0.32941176 0.29803922
v -54.00000000 173.00000000 640.40000000 0.61568627 0.32941176 0.29411765
v -53.00000000 173.00000000 641.00000000 0.61960784 0.33333333 0.29803922
v -52.00000000 173.00000000 641.80000000 0.62745098 0.34117647 0.30588235
v -51.00000000 173.00000000 641.80000000 0.63921569 0.35686275 0.30980392
v -51.00000000 173.60000000 642.60000000 0.65098039 0.36862745 0.32156863
v -50.00000000 173.60000000 642.60000000 0.65882353 0.36862745 0.32549020
v -49.60000000 174.00000000 643.60000000 0.66666667 0.37647059 0.33333333
v -48.00000000 174.00000000 644.60000000 0.67843137 0.37647059 0.33725490
v -47.60000000 174.00000000 644.60000000 0.69019608 0.38823529 0.34901961
v -47.00000000 174.00000000 645.60000000 0.69803922 0.39607843 0.35686275
v -46.00000000 174.00000000 645.60000000 0.69411765 0.40392157 0.36078431
v -46.00000000 174.60000000 646.60000000 0.69019608 0.40000000 0.35686275
v -45.00000000 174.60000000 646.60000000 0.69019608 0.40000000 0.35686275
v -77.40000000 176.20000000 650.60000000 0.20392157 0.14117647 0.14117647
v -77.00000000 176.20000000 650.20000000 0.23921569 0.16078431 0.16470588
v -76.00000000 176.00000000 649.80000000 0.25882353 0.16470588 0.15686275
v -75.00000000 175.60000000 648.60000000 0.27450980 0.16470588 0.16078431
v -73.60000000 175.00000000 646.60000000 0.28627451 0.16470588 0.15294118
v -73.00000000 175.00000000 645.40000000 0.29019608 0.16862745 0.15686275
v -72.00000000 174.00000000 643.80000000 0.29803922 0.16470588 0.15686275
v -71.00000000 174.00000000 642.60000000 0.31372549 0.16470588 0.16078431
v -70.00000000 174.00000000 641.60000000 0.33333333 0.17647059 0.17647059
v -69.20000000 174.00000000 641.20000000 0.34509804 0.18823529 0.18039216
v -69.00000000 173.60000000 640.60000000 0.34901961 0.19215686 0.18431373
v -68.00000000 173.00000000 639.80000000 0.34901961 0.19215686 0.18431373
v -67.00000000 173.00000000 639.20000000 0.35686275 0.19607843 0.18823529
v -66.20000000 173.00000000 639.00000000 0.36862745 0.20784314 0.18431373
v -66.00000000 173.00000000 638.80000000 0.38823529 0.21176471 0.19215686
v -65.00000000 173.00000000 638.80000000 0.41568627 0.23921569 0.21568627
v -64.00000000 173.00000000 638.60000000 0.43921569 0.24705882 0.22745098
v -63.80000000 173.00000000 638.40000000 0.45098039 0.25490196 0.22745098
v -63.00000000 173.00000000 638.40000000 0.47450980 0.25882353 0.23921569
v -62.00000000 173.00000000 638.80000000 0.50980392 0.27058824 0.25098039
v -61.00000000 173.00000000 638.40000000 0.52156863 0.28235294 0.26274510
v -60.00000000 173.00000000 638.40000000 0.54509804 0.29019608 0.27450980
v -59.40000000 173.00000000 638.40000000 0.56078431 0.29803922 0.26666667
v -59.00000000 173.00000000 638.40000000 0.56470588 0.29411765 0.26666667
v -58.00000000 173.00000000 638.40000000 0.56078431 0.29803922 0.26666667
v -57.00000000 173.00000000 638.60000000 0.56078431 0.29803922 0.26666667
v -56.00000000 173.00000000 639.20000000 0.58823529 0.31764706 0.29019608
v -55.00000000 173.00000000 639.60000000 0.60000000 0.33333333 0.29803922
v -55.00000000 173.20000000 639.60000000 0.60392157 0.33725490 0.30196078
v -54.00000000 173.20000000 640.00000000 0.60392157 0.32941176 0.29019608
v -53.00000000 173.20000000 640.20000000 0.61176471 0.33725490 0.29803922
v -53.00000000 173.60000000 640.60000000 0.61568627 0.34117647 0.30196078
v -52.00000000 173.80000000 640.80000000 0.61960784 0.34509804 0.30588235
v -50.00000000 174.00000000 642.40000000 0.64313725 0.36862745 0.32156863
v -49.00000000 174.00000000 642.60000000 0.65882353 0.37647059 0.32941176
v -49.00000000 174.40000000 643.40000000 0.66274510 0.37254902 0.32941176
v -48.00000000 174.60000000 643.60000000 0.67843137 0.37647059 0.33725490
v -47.20000000 175.00000000 644.20000000 0.69019608 0.38823529 0.34901961
v -45.60000000 175.00000000 645.60000000 0.69019608 0.40000000 0.35686275
v -45.00000000 175.00000000 646.20000000 0.69019608 0.40000000 0.35686275
v -77.80000000 177.20000000 651.40000000 0.20784314 0.14509804 0.14901961
v -77.00000000 176.80000000 650.20000000 0.24313725 0.16470588 0.16862745
v -76.00000000 176.60000000 649.60000000 0.26274510 0.16862745 0.16862745
v -75.00000000 176.00000000 648.40000000 0.27843137 0.16862745 0.16470588
v -74.00000000 176.00000000 647.20000000 0.29019608 0.18039216 0.16862745
v -73.20000000 176.00000000 646.20000000 0.29019608 0.17254902 0.16470588
v -73.00000000 175.20000000 645.00000000 0.28627451 0.17647059 0.16078431
v -72.00000000 175.00000000 643.60000000 0.29411765 0.17254902 0.16078431
v -71.00000000 175.00000000 642.40000000 0.31372549 0.16078431 0.16470588
v -70.00000000 174.60000000 641.60000000 0.33725490 0.17254902 0.18039216
v -69.00000000 174.00000000 640.60000000 0.34901961 0.19215686 0.19215686
v -68.80000000 174.00000000 639.80000000 0.35686275 0.20000000 0.20000000
v -68.00000000 173.80000000 639.00000000 0.35686275 0.19607843 0.18823529
v -67.00000000 173.80000000 639.00000000 0.35686275 0.19607843 0.18823529
v -66.00000000 173.40000000 638.20000000 0.36078431 0.20000000 0.18431373
v -65.00000000 173.20000000 638.00000000 0.40392157 0.23529412 0.21176471
v -64.00000000 173.20000000 638.00000000 0.43137255 0.24313725 0.22745098
v -63.80000000 173.80000000 637.60000000 0.45098039 0.25882353 0.23921569
v -63.00000000 173.80000000 637.80000000 0.47450980 0.26666667 0.25098039
v -62.00000000 173.80000000 637.80000000 0.48627451 0.27058824 0.25098039
v -61.00000000 173.80000000 637.80000000 0.50588235 0.27450980 0.25098039
v -60.00000000 173.80000000 638.00000000 0.52941176 0.28235294 0.26274510
v -59.20000000 173.80000000 638.00000000 0.54117647 0.29019608 0.25490196
v -59.00000000 173.80000000 638.20000000 0.56078431 0.29803922 0.26666667
v -58.00000000 173.80000000 638.20000000 0.56862745 0.30588235 0.27450980
v -54.00000000 174.00000000 639.60000000 0.60000000 0.33333333 0.29803922
v -53.00000000 174.00000000 639.80000000 0.60784314 0.34117647 0.30588235
v -52.00000000 174.00000000 640.60000000 0.61568627 0.34901961 0.30588235
v -51.00000000 174.00000000 640.60000000 0.62745098 0.36078431 0.31764706
v -51.00000000 174.40000000 641.40000000 0.62745098 0.36078431 0.31764706
v -50.00000000 174.40000000 641.40000000 0.63921569 0.36470588 0.32549020
v -48.00000000 175.00000000 643.40000000 0.67450980 0.37254902 0.33333333
v -47.00000000 175.00000000 643.40000000 0.68627451 0.38431373 0.34509804
v -46.00000000 175.00000000 644.60000000 0.68627451 0.39607843 0.35294118
v -45.60000000 175.60000000 645.40000000 0.69411765 0.40392157 0.36078431
v -45.00000000 175.60000000 645.60000000 0.69411765 0.40392157 0.36078431
v -77.20000000 177.40000000 650.40000000 0.20784314 0.15294118 0.14117647
v -77.00000000 177.20000000 650.00000000 0.23921569 0.16078431 0.15686275
v -76.00000000 177.00000000 649.00000000 0.26666667 0.16862745 0.15294118
v -75.00000000 177.00000000 648.00000000 0.28627451 0.16470588 0.15686275
v -73.20000000 176.20000000 646.20000000 0.31372549 0.16470588 0.16078431
v -72.20000000 176.00000000 644.20000000 0.30588235 0.16470588 0.16470588
v -72.00000000 175.80000000 642.80000000 0.30980392 0.16862745 0.16862745
v -71.00000000 175.20000000 642.20000000 0.31372549 0.18039216 0.17254902
v -70.00000000 175.00000000 641.00000000 0.32549020 0.18823529 0.18039216
v -68.80000000 174.80000000 639.80000000 0.34509804 0.18823529 0.18823529
v -68.00000000 174.20000000 639.00000000 0.34509804 0.18823529 0.18039216
v -67.00000000 174.20000000 638.80000000 0.35686275 0.19607843 0.18823529
v -66.00000000 174.00000000 637.80000000 0.37647059 0.20392157 0.19215686
v -65.80000000 174.00000000 637.80000000 0.38823529 0.21176471 0.20000000
v -65.00000000 174.00000000 637.60000000 0.40784314 0.22352941 0.20000000
v -64.00000000 174.00000000 637.00000000 0.43137255 0.23137255 0.21568627
v -63.20000000 174.00000000 637.00000000 0.45490196 0.24705882 0.22352941
v -63.00000000 174.00000000 637.00000000 0.47843137 0.25098039 0.23529412
v -62.00000000 174.00000000 637.00000000 0.49411765 0.27058824 0.24313725
v -61.00000000 174.00000000 637.00000000 0.49803922 0.26666667 0.24313725
v -60.00000000 174.00000000 637.20000000 0.51764706 0.28235294 0.25098039
v -59.00000000 174.00000000 637.00000000 0.54117647 0.29411765 0.25882353
v -58.00000000 174.00000000 637.40000000 0.55686275 0.30588235 0.27058824
v -57.00000000 174.00000000 637.40000000 0.57647059 0.31372549 0.27843137
v -56.00000000 174.00000000 638.20000000 0.58039216 0.31764706 0.28235294
v -55.00000000 174.00000000 638.40000000 0.58431373 0.32549020 0.27843137
v -55.00000000 174.20000000 638.60000000 0.59215686 0.33333333 0.28627451
v -54.00000000 174.80000000 639.00000000 0.60784314 0.34117647 0.29019608
v -53.00000000 174.80000000 638.80000000 0.60784314 0.34117647 0.29019608
v -49.00000000 175.00000000 641.40000000 0.65882353 0.37647059 0.32156863
v -48.00000000 175.40000000 642.40000000 0.67450980 0.38431373 0.34117647
v -46.00000000 176.00000000 644.00000000 0.68627451 0.39607843 0.35294118
v -45.00000000 176.00000000 644.60000000 0.69019608 0.40000000 0.35686275
v -44.00000000 176.00000000 645.40000000 0.69411765 0.40392157 0.36078431
v -77.00000000 178.00000000 650.20000000 0.20784314 0.15294118 0.14117647
v -76.80000000 178.00000000 649.40000000 0.23921569 0.16078431 0.15686275
v -76.00000000 177.80000000 648.40000000 0.26274510 0.16862745 0.15294118
v -75.00000000 177.60000000 647.60000000 0.28627451 0.16862745 0.16078431
v -74.00000000 177.00000000 646.60000000 0.30588235 0.17254902 0.16470588
v -72.00000000 176.00000000 642.80000000 0.30588235 0.17254902 0.16470588
v -71.00000000 176.00000000 641.80000000 0.30588235 0.18431373 0.17254902
v -70.00000000 175.80000000 640.80000000 0.31764706 0.18431373 0.17647059
v -69.00000000 175.00000000 639.80000000 0.32549020 0.19215686 0.18431373
v -68.80000000 175.00000000 639.60000000 0.33725490 0.18823529 0.18431373
v -68.00000000 175.00000000 638.80000000 0.34117647 0.19215686 0.18039216
v -67.00000000 174.80000000 637.80000000 0.35294118 0.19607843 0.18823529
v -66.00000000 174.80000000 637.80000000 0.36862745 0.20784314 0.18431373
v -65.80000000 174.80000000 637.60000000 0.38823529 0.21960784 0.19607843
v -65.00000000 174.80000000 637.60000000 0.40000000 0.22352941 0.20000000
v -64.00000000 174.80000000 637.00000000 0.42352941 0.23137255 0.21176471
v -63.20000000 174.80000000 637.00000000 0.43921569 0.24313725 0.21568627
v -63.00000000 174.80000000 637.00000000 0.46274510 0.24705882 0.22745098
v -62.00000000 174.80000000 637.00000000 0.47843137 0.26274510 0.23529412
v -61.00000000 174.60000000 636.80000000 0.50196078 0.27843137 0.24313725
v -60.00000000 174.80000000 637.00000000 0.51764706 0.28627451 0.25490196
v -59.00000000 174.80000000 637.00000000 0.54901961 0.30196078 0.26666667
v -59.00000000 174.60000000 636.80000000 0.55294118 0.30196078 0.26666667
v -58.00000000 174.60000000 636.80000000 0.55686275 0.30588235 0.27058824
v -55.00000000 175.00000000 637.60000000 0.58823529 0.32549020 0.29019608
v -54.00000000 175.00000000 638.40000000 0.60784314 0.34117647 0.29803922
v -53.00000000 175.00000000 638.80000000 0.62352941 0.34901961 0.30196078
v -52.00000000 175.00000000 639.40000000 0.62352941 0.34901961 0.30196078
v -51.00000000 175.00000000 639.40000000 0.63529412 0.35294118 0.30588235
v -50.00000000 175.00000000 640.00000000 0.65098039 0.36862745 0.31372549
v -47.00000000 176.00000000 642.00000000 0.67450980 0.38431373 0.33333333
v -46.00000000 176.40000000 643.40000000 0.68235294 0.40000000 0.34509804
v -45.00000000 176.80000000 643.80000000 0.68627451 0.40392157 0.34901961
v -78.00000000 178.20000000 648.80000000 0.17647059 0.13725490 0.12941176
v -77.00000000 178.80000000 649.20000000 0.20784314 0.16470588 0.14117647
v -76.60000000 178.60000000 648.60000000 0.23921569 0.16862745 0.15294118
v -76.00000000 178.20000000 648.00000000 0.26274510 0.16862745 0.15294118
v -75.00000000 178.00000000 647.20000000 0.28235294 0.16470588 0.15686275
v -73.00000000 177.00000000 644.40000000 0.30588235 0.17254902 0.16470588
v -72.00000000 177.00000000 643.40000000 0.29803922 0.17647059 0.16470588
v -71.80000000 176.80000000 642.00000000 0.30588235 0.18431373 0.17254902
v -71.00000000 176.20000000 641.20000000 0.30980392 0.18823529 0.17647059
v -70.00000000 176.00000000 640.80000000 0.31372549 0.19215686 0.18039216
v -69.00000000 176.00000000 639.80000000 0.32156863 0.19215686 0.17254902
v -67.00000000 175.80000000 638.00000000 0.35294118 0.20000000 0.18039216
v -66.00000000 175.60000000 637.40000000 0.36470588 0.21176471 0.18431373
v -65.80000000 175.20000000 637.00000000 0.38823529 0.21960784 0.19607843
v -65.00000000 175.00000000 636.80000000 0.39607843 0.22745098 0.20000000
v -64.00000000 175.00000000 636.60000000 0.41960784 0.23529412 0.21176471
v -63.00000000 175.00000000 636.40000000 0.45098039 0.24313725 0.21960784
v -62.00000000 175.00000000 636.40000000 0.46666667 0.25882353 0.22745098
v -61.00000000 175.00000000 636.20000000 0.48235294 0.26666667 0.23921569
v -60.00000000 175.00000000 636.00000000 0.51764706 0.29411765 0.25882353
v -59.00000000 175.00000000 636.20000000 0.55294118 0.30588235 0.27058824
v -58.80000000 175.00000000 636.00000000 0.55686275 0.30588235 0.27058824
v -58.00000000 175.00000000 636.60000000 0.56078431 0.30980392 0.27450980
v -57.00000000 175.00000000 636.60000000 0.56078431 0.30980392 0.27450980
v -56.60000000 175.00000000 636.60000000 0.57254902 0.30980392 0.27843137
v -56.00000000 175.00000000 636.60000000 0.58431373 0.32156863 0.29019608
v -55.00000000 175.20000000 637.20000000 0.59215686 0.32941176 0.29411765
v -55.00000000 175.40000000 637.40000000 0.58823529 0.32549020 0.29019608
v -54.00000000 175.60000000 637.60000000 0.60784314 0.34117647 0.29803922
v -53.00000000 175.80000000 637.80000000 0.61568627 0.34901961 0.30588235
v -50.00000000 176.00000000 639.40000000 0.65882353 0.37647059 0.32941176
v -49.00000000 176.00000000 640.00000000 0.65882353 0.37647059 0.32941176
v -48.00000000 176.00000000 640.80000000 0.66666667 0.38431373 0.32941176
v -47.00000000 176.40000000 641.40000000 0.66666667 0.38431373 0.32941176
v -44.00000000 177.00000000 644.00000000 0.69019608 0.40784314 0.35294118
v -78.00000000 179.00000000 648.00000000 0.18431373 0.14509804 0.13725490
v -77.00000000 179.00000000 648.20000000 0.21176471 0.16862745 0.15294118
v -76.20000000 179.00000000 648.20000000 0.24313725 0.17254902 0.16470588
v -75.80000000 178.80000000 647.20000000 0.25490196 0.17254902 0.16078431
v -75.00000000 178.60000000 646.60000000 0.27843137 0.16862745 0.16470588
v -74.00000000 178.00000000 645.20000000 0.29019608 0.17254902 0.16470588
v -73.00000000 178.00000000 644.40000000 0.29411765 0.17254902 0.16470588
v -71.80000000 177.00000000 641.80000000 0.30588235 0.18431373 0.17647059
v -71.00000000 177.00000000 640.80000000 0.32156863 0.18823529 0.18039216
v -70.00000000 176.80000000 639.80000000 0.32156863 0.18823529 0.18039216
v -69.00000000 176.80000000 639.80000000 0.32549020 0.18823529 0.18039216
v -68.00000000 176.00000000 638.60000000 0.33725490 0.18823529 0.17647059
v -67.00000000 176.00000000 637.60000000 0.35686275 0.19607843 0.18823529
v -66.00000000 176.00000000 637.60000000 0.36862745 0.20784314 0.18431373
v -65.80000000 176.00000000 636.80000000 0.38823529 0.21176471 0.19215686
v -65.00000000 176.00000000 636.80000000 0.39607843 0.21960784 0.19607843
v -64.00000000 175.80000000 636.60000000 0.42352941 0.23137255 0.21176471
v -63.00000000 175.80000000 636.20000000 0.45098039 0.24313725 0.21960784
v -61.00000000 175.80000000 636.00000000 0.49803922 0.27450980 0.23921569
v -60.00000000 175.80000000 636.00000000 0.52156863 0.29019608 0.25882353
v -59.00000000 175.60000000 635.80000000 0.54509804 0.30980392 0.27058824
v -58.80000000 175.80000000 636.00000000 0.55686275 0.30980392 0.27450980
v -58.00000000 175.80000000 636.00000000 0.56078431 0.30980392 0.27450980
v -56.40000000 176.00000000 636.40000000 0.56470588 0.31372549 0.27450980
v -55.00000000 176.00000000 636.60000000 0.59215686 0.32941176 0.29411765
v -54.00000000 176.00000000 637.40000000 0.60392157 0.33725490 0.29411765
v -53.00000000 176.00000000 637.60000000 0.61568627 0.34901961 0.30588235
v -52.60000000 176.00000000 637.60000000 0.62745098 0.35294118 0.31372549
v -52.00000000 176.00000000 638.00000000 0.63529412 0.36078431 0.32156863
v -51.00000000 176.00000000 638.00000000 0.63921569 0.36470588 0.32549020
v -50.40000000 176.40000000 638.40000000 0.63921569 0.36470588 0.32549020
v -50.00000000 176.40000000 638.40000000 0.66274510 0.38039216 0.33333333
v -48.40000000 177.00000000 639.40000000 0.66666667 0.38431373 0.33725490
v -47.00000000 177.00000000 640.40000000 0.67058824 0.38823529 0.34117647
v -46.00000000 177.00000000 641.60000000 0.67843137 0.39607843 0.34117647
v -45.00000000 177.00000000 642.00000000 0.68235294 0.40000000 0.34509804
v -45.00000000 177.60000000 642.60000000 0.67843137 0.40784314 0.34901961
v -44.00000000 177.60000000 642.60000000 0.68235294 0.41176471 0.35294118
v -78.00000000 179.20000000 647.00000000 0.19215686 0.14509804 0.14509804
v -77.00000000 179.20000000 647.20000000 0.21176471 0.16862745 0.16078431
v -76.00000000 179.20000000 647.00000000 0.24313725 0.17254902 0.17254902
v -75.20000000 179.20000000 646.40000000 0.25882353 0.17647059 0.17254902
v -75.00000000 179.00000000 645.60000000 0.27843137 0.16470588 0.17254902
v -73.00000000 178.40000000 643.40000000 0.29411765 0.16862745 0.17254902
v -72.00000000 178.00000000 642.20000000 0.29019608 0.16862745 0.16078431
v -71.20000000 178.00000000 641.20000000 0.30196078 0.18039216 0.17254902
v -71.00000000 177.20000000 640.20000000 0.32156863 0.18823529 0.18431373
v -70.00000000 177.00000000 639.80000000 0.32549020 0.19215686 0.18823529
v -69.00000000 177.00000000 638.80000000 0.32941176 0.19215686 0.18431373
v -68.00000000 177.00000000 637.60000000 0.33725490 0.18823529 0.17647059
v -67.00000000 177.00000000 637.60000000 0.35294118 0.19215686 0.18431373
v -66.00000000 176.60000000 636.80000000 0.36862745 0.20784314 0.19215686
v -65.60000000 176.60000000 636.60000000 0.38823529 0.21176471 0.20000000
v -65.00000000 176.20000000 636.20000000 0.40000000 0.22352941 0.20392157
v -64.00000000 176.00000000 635.80000000 0.42352941 0.23137255 0.21568627
v -63.00000000 176.00000000 635.40000000 0.44313725 0.23529412 0.21176471
v -62.00000000 176.00000000 635.40000000 0.46274510 0.25490196 0.22352941
v -61.00000000 176.00000000 635.20000000 0.49803922 0.27450980 0.24705882
v -60.00000000 176.00000000 635.00000000 0.52549020 0.29411765 0.27058824
v -59.00000000 176.00000000 635.20000000 0.54509804 0.30980392 0.27058824
v -58.20000000 176.00000000 635.00000000 0.55686275 0.30980392 0.27450980
v -58.00000000 176.00000000 635.20000000 0.55686275 0.30588235 0.26666667
v -57.00000000 176.00000000 635.20000000 0.56078431 0.30980392 0.27058824
v -56.00000000 176.00000000 635.60000000 0.58039216 0.32941176 0.29019608
v -55.00000000 176.40000000 636.40000000 0.59607843 0.33333333 0.29803922
v -54.40000000 176.40000000 636.40000000 0.60000000 0.33725490 0.30196078
v -54.00000000 176.60000000 636.60000000 0.60392157 0.33725490 0.29411765
v -53.00000000 176.60000000 636.60000000 0.61568627 0.34901961 0.30588235
v -52.00000000 176.80000000 636.80000000 0.62352941 0.34901961 0.30980392
v -50.00000000 177.00000000 637.60000000 0.64313725 0.36862745 0.32156863
v -49.00000000 177.00000000 638.60000000 0.66274510 0.38039216 0.33333333
v -48.00000000 177.00000000 638.60000000 0.66666667 0.38431373 0.33725490
v -47.00000000 177.60000000 639.60000000 0.67450980 0.39215686 0.34509804
v -46.20000000 178.00000000 640.20000000 0.67843137 0.39607843 0.34901961
v -45.00000000 178.00000000 641.00000000 0.68235294 0.40000000 0.35294118
v -44.80000000 178.00000000 641.80000000 0.67843137 0.40392157 0.35686275
v -44.00000000 178.00000000 641.80000000 0.67843137 0.40392157 0.35686275
v -77.60000000 179.60000000 645.80000000 0.19607843 0.14901961 0.14901961
v -75.00000000 179.40000000 645.40000000 0.25490196 0.17254902 0.16862745
v -75.00000000 179.20000000 645.00000000 0.27843137 0.16470588 0.17254902
v -74.00000000 179.00000000 643.80000000 0.29019608 0.17254902 0.18039216
v -72.00000000 178.20000000 641.20000000 0.28627451 0.16078431 0.16470588
v -71.00000000 178.00000000 639.80000000 0.30980392 0.18823529 0.18039216
v -70.00000000 178.00000000 638.80000000 0.31372549 0.19215686 0.18431373
v -68.00000000 177.80000000 637.80000000 0.32941176 0.19215686 0.18431373
v -68.00000000 177.60000000 637.60000000 0.32941176 0.19215686 0.17647059
v -67.00000000 177.20000000 636.80000000 0.34901961 0.19215686 0.18431373
v -66.00000000 177.20000000 636.80000000 0.36078431 0.20784314 0.18823529
v -65.20000000 177.00000000 636.20000000 0.38431373 0.21176471 0.20000000
v -65.00000000 177.00000000 635.60000000 0.39607843 0.21960784 0.20000000
v -62.00000000 176.60000000 634.60000000 0.46666667 0.25882353 0.23529412
v -61.00000000 176.60000000 634.60000000 0.48235294 0.26666667 0.24705882
v -60.20000000 176.20000000 634.20000000 0.49411765 0.27843137 0.25098039
v -60.00000000 176.20000000 634.20000000 0.52156863 0.29019608 0.26666667
v -59.00000000 176.20000000 634.20000000 0.54117647 0.30588235 0.26666667
v -58.00000000 176.20000000 634.20000000 0.54901961 0.30196078 0.26666667
v -58.00000000 176.40000000 634.40000000 0.55294118 0.30196078 0.26666667
v -54.20000000 177.00000000 635.80000000 0.59607843 0.33333333 0.29803922
v -54.00000000 177.00000000 636.20000000 0.60000000 0.33333333 0.29019608
v -53.00000000 177.00000000 636.40000000 0.61176471 0.34509804 0.30196078
v -52.00000000 177.00000000 636.40000000 0.61960784 0.35294118 0.30196078
v -51.00000000 177.00000000 636.60000000 0.64705882 0.37254902 0.32549020
v -50.00000000 177.20000000 637.00000000 0.64705882 0.37254902 0.32549020
v -50.00000000 177.60000000 637.60000000 0.65098039 0.37647059 0.32941176
v -49.00000000 177.60000000 637.60000000 0.65490196 0.38039216 0.33333333
v -48.00000000 177.60000000 637.60000000 0.66274510 0.38823529 0.34117647
v -48.00000000 177.80000000 638.40000000 0.66274510 0.38823529 0.34117647
v -47.00000000 178.00000000 638.60000000 0.66666667 0.39215686 0.34509804
v -46.00000000 178.00000000 639.00000000 0.67058824 0.39607843 0.34901961
v -45.00000000 178.20000000 640.00000000 0.67843137 0.40392157 0.35686275
v -44.00000000 178.80000000 640.80000000 0.67450980 0.40000000 0.35294118
v -77.20000000 180.00000000 644.80000000 0.18431373 0.14509804 0.14117647
v -77.00000000 180.00000000 645.00000000 0.21176471 0.16862745 0.16078431
v -76.00000000 180.00000000 645.00000000 0.24313725 0.17254902 0.17254902
v -75.00000000 180.00000000 644.40000000 0.25490196 0.17254902 0.16862745
v -74.80000000 180.00000000 644.00000000 0.27843137 0.16470588 0.17254902
v -74.00000000 179.80000000 642.80000000 0.29019608 0.17254902 0.18039216
v -73.00000000 179.00000000 642.00000000 0.29019608 0.16470588 0.17647059
v -72.00000000 179.00000000 641.00000000 0.28627451 0.16078431 0.16470588
v -71.00000000 179.00000000 639.00000000 0.30588235 0.18431373 0.17647059
v -70.00000000 178.80000000 638.80000000 0.30980392 0.18823529 0.18039216
v -69.00000000 178.00000000 638.00000000 0.31372549 0.19215686 0.18039216
v -68.00000000 178.00000000 637.20000000 0.32549020 0.19607843 0.17647059
v -67.00000000 178.00000000 636.40000000 0.34509804 0.19607843 0.18431373
v -66.00000000 177.80000000 636.00000000 0.36078431 0.20784314 0.18823529
v -65.00000000 177.40000000 635.40000000 0.38039216 0.20784314 0.19607843
v -65.00000000 177.20000000 635.20000000 0.39215686 0.22352941 0.20000000
v -64.00000000 177.00000000 634.40000000 0.41960784 0.23137255 0.21568627
v -63.00000000 177.00000000 634.40000000 0.41960784 0.23529412 0.20392157
v -62.00000000 177.00000000 634.00000000 0.43529412 0.23921569 0.21176471
v -61.00000000 177.00000000 633.60000000 0.48235294 0.26666667 0.23921569
v -60.00000000 177.00000000 633.20000000 0.52156863 0.29019608 0.26666667
v -59.00000000 177.00000000 633.20000000 0.53333333 0.29803922 0.26666667
v -58.00000000 177.00000000 633.40000000 0.54117647 0.29411765 0.26666667
v -57.00000000 177.00000000 633.80000000 0.54901961 0.30196078 0.26666667
v -56.00000000 177.00000000 634.00000000 0.56470588 0.31372549 0.27843137
v -55.00000000 177.00000000 634.60000000 0.58431373 0.32156863 0.28627451
v -54.00000000 177.20000000 634.80000000 0.58823529 0.32549020 0.29019608
v -54.00000000 177.40000000 635.20000000 0.59607843 0.32941176 0.28627451
v -53.00000000 177.40000000 635.40000000 0.60392157 0.33725490 0.29411765
v -52.00000000 177.60000000 635.60000000 0.63137255 0.36470588 0.32156863
v -51.00000000 177.80000000 636.20000000 0.64313725 0.36862745 0.32156863
v -50.00000000 177.80000000 636.20000000 0.65098039 0.37647059 0.32941176
v -49.00000000 178.00000000 637.00000000 0.65490196 0.38039216 0.33333333
v -48.00000000 178.00000000 637.60000000 0.66666667 0.40000000 0.34901961
v -47.00000000 178.60000000 638.40000000 0.66666667 0.40000000 0.34901961
v -46.00000000 178.60000000 638.40000000 0.67058824 0.40392157 0.35294118
v -46.00000000 178.80000000 639.00000000 0.67450980 0.40784314 0.35686275
v -45.00000000 178.80000000 639.00000000 0.67450980 0.40784314 0.35686275
v -43.00000000 179.00000000 640.40000000 0.68627451 0.41960784 0.36862745
v -77.00000000 180.40000000 643.40000000 0.17647059 0.13725490 0.13333333
v -75.00000000 180.40000000 643.60000000 0.25490196 0.17254902 0.16862745
v -74.00000000 180.00000000 642.00000000 0.29803922 0.18039216 0.18039216
v -72.00000000 179.20000000 640.20000000 0.28627451 0.16470588 0.15686275
v -70.00000000 179.00000000 638.00000000 0.30980392 0.18823529 0.18039216
v -67.60000000 178.60000000 636.60000000 0.32549020 0.19607843 0.17647059
v -67.00000000 178.20000000 636.00000000 0.34117647 0.19215686 0.18039216
v -66.00000000 178.00000000 635.00000000 0.35294118 0.20000000 0.18039216
v -65.00000000 178.00000000 634.40000000 0.39607843 0.21960784 0.19607843
v -60.00000000 177.60000000 632.60000000 0.49019608 0.27450980 0.24705882
v -59.00000000 177.60000000 632.60000000 0.52549020 0.29019608 0.25882353
v -58.00000000 177.60000000 632.60000000 0.52941176 0.28235294 0.25490196
v -55.00000000 178.00000000 633.80000000 0.57647059 0.31372549 0.28235294
v -54.00000000 178.00000000 633.80000000 0.58431373 0.32156863 0.29019608
v -53.80000000 178.00000000 634.20000000 0.59215686 0.32549020 0.29019608
v -53.00000000 178.00000000 634.40000000 0.59607843 0.32941176 0.29411765
v -52.00000000 178.00000000 634.60000000 0.62352941 0.35686275 0.31372549
v -51.00000000 178.00000000 635.20000000 0.63921569 0.36470588 0.31764706
v -50.00000000 178.00000000 635.60000000 0.64705882 0.37254902 0.32549020
v -50.00000000 178.20000000 636.00000000 0.65098039 0.37647059 0.32941176
v -49.00000000 178.60000000 636.40000000 0.65882353 0.38431373 0.33725490
v -48.00000000 178.60000000 636.60000000 0.67058824 0.40392157 0.35294118
v -48.00000000 178.80000000 637.40000000 0.67058824 0.40392157 0.35294118
v -47.00000000 178.80000000 637.40000000 0.67450980 0.40784314 0.35686275
v -46.00000000 179.00000000 638.00000000 0.67058824 0.41176471 0.35686275
v -45.00000000 179.00000000 638.60000000 0.67058824 0.41176471 0.35686275
v -44.00000000 179.00000000 638.80000000 0.67843137 0.41960784 0.36470588
v -43.00000000 179.40000000 639.40000000 0.68235294 0.42352941 0.36078431
v -77.00000000 180.80000000 642.60000000 0.18039216 0.14901961 0.14117647
v -76.80000000 180.80000000 642.80000000 0.19607843 0.15686275 0.14901961
v -76.00000000 180.80000000 642.60000000 0.21960784 0.16470588 0.15294118
v -74.00000000 180.60000000 641.60000000 0.29019608 0.17254902 0.16470588
v -73.00000000 180.00000000 640.80000000 0.30196078 0.16862745 0.16470588
v -72.00000000 180.00000000 639.80000000 0.30588235 0.16470588 0.16470588
v -71.00000000 180.00000000 639.20000000 0.31764706 0.17647059 0.17647059
v -70.80000000 180.00000000 638.80000000 0.30980392 0.17647059 0.17254902
v -70.00000000 179.80000000 637.80000000 0.30980392 0.18823529 0.18039216
v -69.00000000 179.00000000 636.80000000 0.32156863 0.18823529 0.18039216
v -68.00000000 179.00000000 636.60000000 0.32549020 0.18823529 0.18039216
v -67.20000000 179.00000000 636.20000000 0.32941176 0.19215686 0.17647059
v -67.00000000 179.00000000 635.60000000 0.34509804 0.18823529 0.18039216
v -66.00000000 178.80000000 635.00000000 0.35294118 0.20000000 0.18039216
v -65.00000000 178.60000000 634.60000000 0.36862745 0.19607843 0.18431373
v -65.00000000 178.40000000 634.40000000 0.38431373 0.21568627 0.19215686
v -64.00000000 178.00000000 633.60000000 0.41568627 0.22745098 0.21176471
v -63.00000000 178.00000000 633.40000000 0.43921569 0.24705882 0.21960784
v -62.00000000 178.40000000 633.40000000 0.45098039 0.24313725 0.21960784
v -62.00000000 178.00000000 633.00000000 0.45490196 0.25098039 0.20784314
v -61.00000000 178.00000000 632.40000000 0.47450980 0.26274510 0.22352941
v -60.00000000 178.00000000 632.40000000 0.50588235 0.28235294 0.25490196
v -59.00000000 178.00000000 632.40000000 0.51764706 0.29411765 0.25882353
v -58.00000000 178.00000000 632.40000000 0.51372549 0.28235294 0.25098039
v -57.40000000 178.00000000 632.40000000 0.52156863 0.28627451 0.25490196
v -57.00000000 178.00000000 632.40000000 0.54509804 0.29803922 0.27058824
v -56.00000000 178.00000000 633.00000000 0.55686275 0.30588235 0.27058824
v -55.00000000 178.40000000 633.40000000 0.56862745 0.29803922 0.27058824
v -54.00000000 178.60000000 633.60000000 0.58431373 0.30588235 0.28235294
v -53.60000000 178.60000000 633.60000000 0.60000000 0.31372549 0.28627451
v -53.00000000 178.60000000 633.60000000 0.61568627 0.32941176 0.30196078
v -50.00000000 179.00000000 634.80000000 0.65098039 0.37647059 0.32941176
v -49.00000000 179.00000000 635.60000000 0.65490196 0.38039216 0.33333333
v -48.00000000 179.00000000 636.40000000 0.67450980 0.40000000 0.35294118
v -47.80000000 179.00000000 636.40000000 0.67450980 0.40000000 0.35294118
v -47.00000000 179.60000000 637.40000000 0.67843137 0.40392157 0.35686275
v -46.00000000 179.60000000 637.40000000 0.68235294 0.40784314 0.36078431
v -46.00000000 179.80000000 638.00000000 0.67450980 0.40784314 0.35686275
v -45.00000000 179.80000000 638.00000000 0.67450980 0.40784314 0.35686275
v -77.00000000 181.00000000 641.20000000 0.18431373 0.15294118 0.14509804
v -76.00000000 181.00000000 641.20000000 0.20000000 0.16078431 0.15294118
v -75.80000000 181.00000000 641.40000000 0.21960784 0.16470588 0.16078431
v -75.00000000 181.00000000 641.60000000 0.24313725 0.16862745 0.15294118
v -74.00000000 181.00000000 641.20000000 0.26274510 0.16862745 0.16078431
v -73.80000000 181.00000000 640.80000000 0.28627451 0.16862745 0.16862745
v -73.00000000 181.00000000 640.20000000 0.30196078 0.16862745 0.17254902
v -71.00000000 180.80000000 638.80000000 0.31764706 0.17647059 0.17647059
v -70.00000000 180.00000000 637.80000000 0.30980392 0.18823529 0.18039216
v -69.00000000 179.80000000 636.40000000 0.31764706 0.18431373 0.17647059
v -68.00000000 179.80000000 636.40000000 0.32156863 0.18431373 0.17647059
v -67.00000000 179.60000000 635.60000000 0.32941176 0.19215686 0.17647059
v -67.00000000 179.40000000 635.40000000 0.34901961 0.19215686 0.18431373
v -66.00000000 179.00000000 634.60000000 0.34901961 0.19607843 0.17647059
v -65.00000000 179.00000000 634.60000000 0.36862745 0.19607843 0.18431373
v -64.00000000 179.00000000 633.60000000 0.42352941 0.23529412 0.21960784
v -63.00000000 179.00000000 632.60000000 0.43921569 0.24705882 0.21960784
v -62.00000000 179.00000000 632.40000000 0.44705882 0.23921569 0.20784314
v -61.00000000 178.80000000 632.00000000 0.46666667 0.25098039 0.22352941
v -60.00000000 178.40000000 631.40000000 0.48627451 0.27058824 0.24313725
v -59.40000000 178.40000000 631.40000000 0.50980392 0.28627451 0.25882353
v -59.00000000 178.40000000 631.40000000 0.52156863 0.29803922 0.26274510
v -58.00000000 178.40000000 631.40000000 0.50980392 0.27843137 0.24705882
v -57.00000000 178.60000000 631.60000000 0.50980392 0.27450980 0.24313725
v -54.00000000 179.00000000 632.60000000 0.59607843 0.32156863 0.29019608
v -53.00000000 179.00000000 632.60000000 0.60000000 0.32549020 0.28627451
v -52.00000000 179.00000000 633.40000000 0.62352941 0.33725490 0.30196078
v -51.00000000 179.00000000 633.80000000 0.65098039 0.36470588 0.32941176
v -50.00000000 179.40000000 634.20000000 0.65098039 0.37647059 0.32941176
v -49.60000000 179.60000000 634.60000000 0.63921569 0.37254902 0.32156863
v -49.00000000 179.80000000 635.20000000 0.65098039 0.38431373 0.33333333
v -48.00000000 179.80000000 635.40000000 0.66666667 0.40000000 0.34901961
v -47.80000000 179.80000000 636.00000000 0.66666667 0.40000000 0.34901961
v -46.00000000 180.00000000 636.60000000 0.68235294 0.41568627 0.36470588
v -45.80000000 180.00000000 637.00000000 0.67843137 0.41568627 0.35294118
v -45.00000000 180.00000000 637.00000000 0.67843137 0.41568627 0.35294118
v -44.00000000 180.00000000 637.60000000 0.67450980 0.41568627 0.35294118
v -43.60000000 180.00000000 637.60000000 0.67450980 0.41568627 0.35294118
v -43.00000000 180.00000000 637.60000000 0.67843137 0.41960784 0.35686275
v -76.00000000 181.40000000 640.40000000 0.19607843 0.16470588 0.15294118
v -75.60000000 181.60000000 640.60000000 0.21176471 0.16862745 0.16078431
v -75.00000000 181.60000000 640.60000000 0.23921569 0.16862745 0.16078431
v -74.00000000 181.80000000 640.80000000 0.25098039 0.16862745 0.16470588
v -73.20000000 181.20000000 640.20000000 0.27843137 0.16862745 0.16470588
v -73.00000000 181.80000000 639.80000000 0.29019608 0.16470588 0.16862745
v -72.00000000 181.00000000 638.80000000 0.30588235 0.17254902 0.16862745
v -71.00000000 181.00000000 637.80000000 0.31372549 0.17254902 0.17254902
v -70.00000000 180.80000000 636.80000000 0.31372549 0.19215686 0.18431373
v -69.00000000 180.40000000 636.20000000 0.31372549 0.18039216 0.17254902
v -68.00000000 180.00000000 635.60000000 0.31764706 0.18039216 0.17254902
v -67.00000000 180.00000000 634.80000000 0.34901961 0.19215686 0.18431373
v -66.00000000 180.00000000 634.40000000 0.34901961 0.19607843 0.17647059
v -65.00000000 180.00000000 633.80000000 0.36862745 0.19607843 0.18431373
v -64.00000000 179.80000000 633.00000000 0.41960784 0.23137255 0.21568627
v -63.00000000 179.40000000 632.20000000 0.43137255 0.24705882 0.21568627
v -62.00000000 179.40000000 632.20000000 0.43921569 0.24313725 0.21568627
v -61.60000000 179.20000000 631.80000000 0.44313725 0.24705882 0.21960784
v -61.00000000 179.00000000 631.40000000 0.46274510 0.25490196 0.23137255
v -60.00000000 179.00000000 631.20000000 0.48235294 0.26666667 0.23921569
v -59.20000000 179.00000000 631.20000000 0.50588235 0.28235294 0.25490196
v -59.00000000 179.00000000 631.20000000 0.52156863 0.29803922 0.26274510
v -58.00000000 179.00000000 631.20000000 0.50980392 0.27843137 0.24705882
v -57.00000000 179.00000000 631.20000000 0.52941176 0.28235294 0.25490196
v -56.00000000 179.00000000 631.40000000 0.54901961 0.30196078 0.26666667
v -55.00000000 179.00000000 631.80000000 0.57647059 0.31372549 0.28235294
v -54.00000000 179.40000000 632.40000000 0.60392157 0.33725490 0.30196078
v -53.00000000 179.20000000 632.20000000 0.60392157 0.32941176 0.29019608
v -52.00000000 179.80000000 632.80000000 0.61568627 0.34117647 0.29411765
v -49.00000000 180.00000000 633.80000000 0.64313725 0.38039216 0.31764706
v -48.00000000 180.00000000 634.80000000 0.65882353 0.40000000 0.34509804
v -47.60000000 180.00000000 635.40000000 0.66666667 0.40784314 0.35294118
v -47.00000000 180.00000000 635.60000000 0.67450980 0.41568627 0.36078431
v -46.00000000 180.40000000 636.00000000 0.68235294 0.42352941 0.36862745
v -45.80000000 180.80000000 636.60000000 0.67843137 0.41960784 0.36470588
v -45.00000000 180.80000000 636.80000000 0.67843137 0.41960784 0.36470588
v -43.20000000 181.00000000 637.00000000 0.68235294 0.42352941 0.36078431
v -76.00000000 182.00000000 639.40000000 0.19215686 0.16078431 0.15294118
v -75.00000000 182.00000000 639.60000000 0.21176471 0.16470588 0.16470588
v -74.00000000 182.00000000 639.80000000 0.25098039 0.16470588 0.17254902
v -73.00000000 182.00000000 639.20000000 0.28627451 0.16862745 0.17647059
v -71.00000000 181.60000000 637.60000000 0.30980392 0.17647059 0.17254902
v -70.00000000 181.00000000 636.60000000 0.31764706 0.18431373 0.17647059
v -69.40000000 181.00000000 636.40000000 0.32156863 0.18823529 0.18039216
v -69.00000000 181.00000000 635.40000000 0.32156863 0.18431373 0.17647059
v -66.00000000 180.60000000 633.60000000 0.35686275 0.20392157 0.18431373
v -65.00000000 180.60000000 633.40000000 0.37254902 0.20000000 0.18823529
v -64.00000000 180.00000000 632.00000000 0.41568627 0.22745098 0.21176471
v -63.00000000 180.00000000 632.00000000 0.43137255 0.24705882 0.21568627
v -62.00000000 179.80000000 631.20000000 0.43921569 0.24313725 0.21568627
v -61.40000000 179.80000000 631.20000000 0.44313725 0.24705882 0.21960784
v -61.00000000 179.60000000 630.80000000 0.46274510 0.25490196 0.23137255
v -60.00000000 179.60000000 630.80000000 0.48235294 0.26666667 0.23921569
v -59.00000000 179.40000000 630.40000000 0.49019608 0.27450980 0.24705882
v -58.00000000 179.20000000 630.20000000 0.51372549 0.28235294 0.25882353
v -57.00000000 179.40000000 630.40000000 0.53725490 0.29019608 0.26274510
v -56.00000000 179.80000000 630.80000000 0.54901961 0.30196078 0.27450980
v -55.00000000 179.80000000 630.80000000 0.57647059 0.31372549 0.29019608
v -53.00000000 180.00000000 631.40000000 0.60392157 0.32941176 0.29019608
v -52.00000000 180.00000000 632.20000000 0.61568627 0.34117647 0.29411765
v -51.00000000 180.00000000 632.20000000 0.64313725 0.36862745 0.32156863
v -50.00000000 180.00000000 632.80000000 0.65098039 0.37647059 0.32941176
v -49.00000000 180.60000000 633.40000000 0.63921569 0.37647059 0.31372549
v -49.00000000 180.80000000 633.80000000 0.64705882 0.38431373 0.32156863
v -48.00000000 180.80000000 634.40000000 0.66274510 0.40392157 0.34901961
v -47.00000000 180.80000000 634.40000000 0.66666667 0.40784314 0.35294118
v -46.00000000 181.00000000 635.40000000 0.68235294 0.42352941 0.36862745
v -45.20000000 181.00000000 635.80000000 0.68235294 0.42352941 0.36862745
v -45.00000000 181.00000000 636.00000000 0.68235294 0.42352941 0.36862745
v -44.00000000 181.00000000 636.20000000 0.69019608 0.43137255 0.37647059
v -43.00000000 181.00000000 636.00000000 0.69411765 0.43529412 0.37254902
v -76.00000000 182.60000000 638.60000000 0.19215686 0.16078431 0.15294118
v -75.00000000 182.60000000 638.80000000 0.20784314 0.16078431 0.16078431
v -75.00000000 182.80000000 639.20000000 0.22745098 0.16470588 0.16470588
v -74.00000000 182.80000000 638.80000000 0.24313725 0.16470588 0.16862745
v -73.00000000 182.80000000 638.80000000 0.26274510 0.16078431 0.16470588
v -72.20000000 182.20000000 638.20000000 0.28627451 0.16862745 0.17647059
v -72.00000000 182.00000000 637.40000000 0.29803922 0.17254902 0.17647059
v -71.00000000 182.00000000 636.80000000 0.30980392 0.17647059 0.18039216
v -69.00000000 181.80000000 635.80000000 0.31372549 0.18039216 0.17254902
v -69.00000000 181.40000000 635.40000000 0.32549020 0.18823529 0.17254902
v -68.00000000 181.00000000 634.80000000 0.34117647 0.19215686 0.18039216
v -67.00000000 181.00000000 634.40000000 0.34117647 0.19215686 0.18039216
v -66.80000000 181.00000000 633.80000000 0.35686275 0.19607843 0.18823529
v -66.00000000 181.00000000 633.00000000 0.36862745 0.20784314 0.18431373
v -65.00000000 181.00000000 632.80000000 0.38039216 0.20392157 0.18431373
v -64.00000000 180.80000000 632.00000000 0.38431373 0.20784314 0.18431373
v -64.00000000 180.60000000 631.60000000 0.41176471 0.21960784 0.20000000
v -63.00000000 180.40000000 631.40000000 0.43137255 0.23921569 0.21176471
v -62.00000000 180.20000000 631.00000000 0.44313725 0.24705882 0.21960784
v -61.00000000 180.00000000 630.20000000 0.46666667 0.25882353 0.22745098
v -60.00000000 180.00000000 630.40000000 0.48627451 0.27058824 0.24313725
v -59.00000000 180.00000000 629.80000000 0.50588235 0.28235294 0.25490196
v -58.00000000 180.00000000 629.80000000 0.51372549 0.28235294 0.25882353
v -57.00000000 180.00000000 630.20000000 0.52156863 0.29019608 0.26666667
v -56.00000000 180.00000000 630.00000000 0.55686275 0.30980392 0.28235294
v -55.00000000 180.00000000 630.20000000 0.57647059 0.31372549 0.29019608
v -54.00000000 180.00000000 630.60000000 0.60000000 0.32941176 0.30196078
v -53.00000000 180.20000000 631.20000000 0.60392157 0.32941176 0.29803922
v -53.00000000 180.40000000 631.40000000 0.60784314 0.33333333 0.30196078
v -52.00000000 180.40000000 631.40000000 0.61960784 0.34509804 0.30588235
v -49.00000000 181.00000000 632.60000000 0.63529412 0.36862745 0.31764706
v -48.00000000 181.00000000 633.60000000 0.66666667 0.40784314 0.36078431
v -47.00000000 181.40000000 634.20000000 0.67450980 0.41568627 0.36862745
v -47.00000000 181.60000000 634.40000000 0.68235294 0.42352941 0.37647059
v -46.00000000 181.80000000 635.20000000 0.68627451 0.42745098 0.38039216
v -45.00000000 181.80000000 635.40000000 0.69019608 0.43137255 0.37647059
v -44.00000000 182.00000000 635.80000000 0.69411765 0.43529412 0.38039216
v -76.00000000 183.00000000 637.80000000 0.19215686 0.16078431 0.14901961
v -75.00000000 183.00000000 638.00000000 0.20392157 0.16078431 0.15294118
v -74.80000000 183.00000000 638.20000000 0.22352941 0.16078431 0.16078431
v -74.00000000 183.00000000 638.20000000 0.24313725 0.16470588 0.16862745
v -73.00000000 183.00000000 637.80000000 0.26666667 0.16470588 0.16078431
v -72.00000000 182.60000000 636.60000000 0.29803922 0.17254902 0.17647059
v -71.00000000 182.60000000 636.60000000 0.30980392 0.17647059 0.18039216
v -70.00000000 182.00000000 635.60000000 0.31372549 0.18039216 0.17254902
v -69.00000000 182.00000000 634.60000000 0.32156863 0.18431373 0.16862745
v -68.00000000 182.00000000 634.40000000 0.34117647 0.19215686 0.18039216
v -67.00000000 182.00000000 633.80000000 0.34509804 0.19607843 0.18431373
v -66.00000000 181.80000000 632.80000000 0.36470588 0.20392157 0.19607843
v -65.00000000 181.20000000 632.00000000 0.38431373 0.20784314 0.18823529
v -64.00000000 181.20000000 631.80000000 0.38431373 0.20784314 0.18431373
v -61.00000000 180.20000000 629.20000000 0.47450980 0.25882353 0.23137255
v -60.00000000 180.40000000 629.40000000 0.49411765 0.27058824 0.23529412
v -59.00000000 180.40000000 629.40000000 0.49019608 0.26666667 0.23137255
v -58.60000000 180.40000000 629.00000000 0.49803922 0.27450980 0.24705882
v -58.00000000 180.20000000 628.80000000 0.50196078 0.27843137 0.25098039
v -57.00000000 180.20000000 629.20000000 0.54509804 0.30588235 0.28627451
v -56.00000000 180.20000000 629.20000000 0.55294118 0.31764706 0.28627451
v -55.00000000 180.20000000 629.20000000 0.56862745 0.31372549 0.29019608
v -54.60000000 180.60000000 629.60000000 0.57254902 0.32156863 0.28627451
v -54.00000000 180.60000000 629.60000000 0.59607843 0.32549020 0.29803922
v -52.00000000 181.00000000 630.80000000 0.62745098 0.35294118 0.31372549
v -51.00000000 181.00000000 631.00000000 0.64705882 0.37254902 0.33333333
v -50.00000000 181.00000000 631.60000000 0.64313725 0.37647059 0.33333333
v -49.00000000 181.40000000 632.40000000 0.63137255 0.37254902 0.31764706
v -48.00000000 181.80000000 633.20000000 0.67843137 0.41176471 0.36862745
v -47.00000000 181.80000000 633.20000000 0.68235294 0.41568627 0.37254902
v -47.00000000 182.00000000 634.20000000 0.68627451 0.41960784 0.37647059
v -46.00000000 182.00000000 634.20000000 0.69019608 0.42352941 0.38039216
v -45.00000000 182.20000000 634.80000000 0.69019608 0.43137255 0.38431373
v -44.00000000 182.40000000 635.20000000 0.69411765 0.43529412 0.38039216
v -43.00000000 182.20000000 635.00000000 0.69411765 0.43529412 0.38039216
v -43.00000000 182.00000000 634.60000000 0.69411765 0.43529412 0.38039216
v -42.00000000 182.00000000 634.40000000 0.69803922 0.43921569 0.38431373
v -76.00000000 183.60000000 637.40000000 0.17647059 0.15686275 0.14117647
v -75.00000000 183.60000000 637.40000000 0.19215686 0.15294118 0.14509804
v -74.60000000 183.60000000 637.40000000 0.22352941 0.16470588 0.15294118
v -74.00000000 183.80000000 637.60000000 0.25098039 0.17254902 0.16862745
v -72.00000000 183.00000000 636.60000000 0.29803922 0.17254902 0.17647059
v -71.00000000 183.00000000 636.00000000 0.30588235 0.17254902 0.17647059
v -70.00000000 183.00000000 635.40000000 0.31372549 0.18039216 0.17254902
v -68.00000000 182.60000000 633.60000000 0.32941176 0.19215686 0.18431373
v -67.00000000 182.20000000 633.20000000 0.33725490 0.20000000 0.18431373
v -66.00000000 182.00000000 632.20000000 0.37254902 0.21176471 0.18823529
v -65.00000000 182.00000000 632.00000000 0.38431373 0.20784314 0.18823529
v -63.00000000 181.60000000 630.60000000 0.41176471 0.21960784 0.20000000
v -63.00000000 181.00000000 629.80000000 0.43137255 0.23921569 0.21176471
v -62.00000000 181.00000000 629.80000000 0.45882353 0.25098039 0.22745098
v -61.00000000 181.00000000 629.00000000 0.46274510 0.25490196 0.22352941
v -60.80000000 181.00000000 629.00000000 0.47843137 0.26274510 0.23529412
v -60.00000000 181.00000000 628.60000000 0.49019608 0.26666667 0.23137255
v -59.00000000 181.00000000 628.60000000 0.48235294 0.25882353 0.22352941
v -58.60000000 181.00000000 628.60000000 0.49019608 0.26666667 0.23921569
v -58.00000000 181.00000000 628.60000000 0.49803922 0.27450980 0.24705882
v -57.00000000 181.00000000 628.60000000 0.51764706 0.28627451 0.26274510
v -56.60000000 181.00000000 628.60000000 0.54117647 0.30196078 0.28235294
v -56.00000000 181.00000000 628.80000000 0.54901961 0.31372549 0.28235294
v -55.00000000 181.00000000 629.00000000 0.56078431 0.30588235 0.28235294
v -54.20000000 181.00000000 629.00000000 0.57254902 0.32156863 0.28627451
v -54.00000000 181.00000000 629.20000000 0.59215686 0.32941176 0.29803922
v -53.00000000 181.00000000 629.40000000 0.60784314 0.34117647 0.30588235
v -52.40000000 181.00000000 629.40000000 0.61176471 0.34509804 0.30980392
v -52.00000000 181.40000000 630.40000000 0.62352941 0.35686275 0.31372549
v -51.00000000 181.40000000 630.40000000 0.64313725 0.37647059 0.33333333
v -50.80000000 181.80000000 630.80000000 0.63921569 0.37254902 0.32941176
v -50.00000000 181.60000000 630.80000000 0.64313725 0.37647059 0.33333333
v -49.00000000 182.00000000 631.40000000 0.63137255 0.37254902 0.31764706
v -48.00000000 182.00000000 632.20000000 0.67843137 0.41176471 0.36078431
v -47.00000000 182.40000000 633.00000000 0.68627451 0.41960784 0.36862745
v -46.00000000 182.60000000 633.80000000 0.69019608 0.42352941 0.37254902
v -45.00000000 182.60000000 633.80000000 0.69019608 0.43137255 0.37647059
v -45.00000000 182.80000000 634.20000000 0.69411765 0.43529412 0.38039216
v -44.00000000 182.80000000 634.40000000 0.69803922 0.43921569 0.38431373
v -43.00000000 183.00000000 634.20000000 0.69411765 0.43529412 0.38039216
v -75.00000000 184.00000000 637.00000000 0.19215686 0.15294118 0.14509804
v -74.40000000 183.80000000 637.00000000 0.22352941 0.16470588 0.14509804
v -73.80000000 183.80000000 637.00000000 0.25098039 0.17647059 0.16078431
v -73.00000000 183.80000000 636.60000000 0.26666667 0.16470588 0.16078431
v -72.00000000 183.80000000 636.60000000 0.28235294 0.16470588 0.16470588
v -71.80000000 183.80000000 636.00000000 0.29803922 0.17254902 0.17647059
v -71.00000000 183.40000000 635.40000000 0.31372549 0.18039216 0.18431373
v -70.00000000 183.20000000 634.80000000 0.30980392 0.17647059 0.16862745
v -69.00000000 183.00000000 634.00000000 0.30980392 0.17647059 0.16862745
v -68.80000000 183.00000000 634.00000000 0.31764706 0.18431373 0.18039216
v -68.00000000 183.00000000 633.20000000 0.32549020 0.18431373 0.18431373
v -67.00000000 183.00000000 633.00000000 0.33333333 0.19607843 0.18039216
v -66.00000000 182.80000000 631.80000000 0.36862745 0.20784314 0.18431373
v -65.00000000 182.20000000 631.20000000 0.38823529 0.21176471 0.19215686
v -64.00000000 182.00000000 630.80000000 0.39607843 0.21960784 0.19607843
v -62.00000000 181.80000000 628.80000000 0.44705882 0.23921569 0.21568627
v -61.00000000 181.20000000 628.20000000 0.46274510 0.25490196 0.22352941
v -60.20000000 181.80000000 628.00000000 0.47843137 0.26274510 0.23529412
v -60.00000000 181.60000000 627.80000000 0.48627451 0.26274510 0.22745098
v -59.00000000 181.60000000 627.60000000 0.47843137 0.25490196 0.21960784
v -58.00000000 181.60000000 627.60000000 0.49019608 0.26666667 0.23137255
v -57.00000000 181.60000000 627.60000000 0.51372549 0.28235294 0.25098039
v -56.00000000 181.60000000 627.60000000 0.53725490 0.30196078 0.27058824
v -56.00000000 181.80000000 628.00000000 0.54117647 0.30588235 0.26666667
v -55.00000000 181.80000000 628.00000000 0.55294118 0.30196078 0.26666667
v -54.00000000 181.80000000 628.20000000 0.59607843 0.33333333 0.30196078
v -51.00000000 182.00000000 629.40000000 0.64313725 0.37647059 0.33333333
v -50.40000000 182.00000000 630.20000000 0.63529412 0.36862745 0.32549020
v -50.00000000 182.00000000 630.20000000 0.64705882 0.38039216 0.33725490
v -49.00000000 182.20000000 630.80000000 0.63921569 0.38039216 0.32549020
v -48.60000000 182.40000000 631.00000000 0.63529412 0.37647059 0.32156863
v -48.00000000 182.60000000 632.00000000 0.66274510 0.40392157 0.34901961
v -47.00000000 182.60000000 632.00000000 0.68235294 0.42352941 0.36862745
v -46.00000000 183.00000000 633.00000000 0.69411765 0.43529412 0.38039216
v -45.00000000 183.20000000 633.80000000 0.69803922 0.43921569 0.38431373
v -44.00000000 183.60000000 634.40000000 0.70196078 0.44313725 0.38823529
v -43.00000000 183.20000000 634.00000000 0.70980392 0.45098039 0.39607843
v -42.00000000 183.00000000 633.20000000 0.70196078 0.45490196 0.39607843
v -75.00000000 184.60000000 636.20000000 0.18431373 0.14509804 0.13725490
v -74.00000000 184.60000000 636.40000000 0.21568627 0.16078431 0.14901961
v -73.80000000 184.40000000 636.00000000 0.25098039 0.16862745 0.16470588
v -73.00000000 184.40000000 636.00000000 0.26666667 0.16470588 0.16078431
v -72.00000000 184.00000000 635.80000000 0.29019608 0.16470588 0.16862745
v -71.40000000 184.00000000 635.40000000 0.29803922 0.17254902 0.17647059
v -71.00000000 184.00000000 634.80000000 0.30588235 0.17254902 0.17647059
v -70.00000000 184.00000000 634.40000000 0.30980392 0.17647059 0.17254902
v -69.00000000 184.00000000 633.80000000 0.30588235 0.17254902 0.16862745
v -68.40000000 183.80000000 633.20000000 0.30980392 0.17647059 0.17254902
v -68.00000000 183.80000000 633.00000000 0.32156863 0.18039216 0.18039216
v -67.00000000 183.80000000 632.60000000 0.33333333 0.19607843 0.18823529
v -66.00000000 183.00000000 631.80000000 0.35686275 0.20000000 0.20000000
v -65.80000000 183.00000000 631.00000000 0.37254902 0.21960784 0.20000000
v -65.00000000 183.00000000 630.80000000 0.38823529 0.21568627 0.20392157
v -63.00000000 182.80000000 629.80000000 0.40000000 0.22352941 0.20392157
v -63.00000000 182.00000000 629.00000000 0.41568627 0.23137255 0.20784314
v -62.00000000 182.00000000 628.00000000 0.43137255 0.23921569 0.21960784
v -61.00000000 182.00000000 627.80000000 0.44313725 0.25098039 0.22352941
v -60.00000000 182.00000000 627.20000000 0.47450980 0.26666667 0.23529412
v -59.00000000 182.00000000 627.20000000 0.47058824 0.25490196 0.22745098
v -58.00000000 182.00000000 626.60000000 0.50588235 0.27450980 0.25882353
v -57.00000000 182.00000000 626.60000000 0.51764706 0.28627451 0.26274510
v -56.00000000 182.00000000 626.60000000 0.53725490 0.29803922 0.27843137
v -55.00000000 182.00000000 627.20000000 0.54509804 0.29803922 0.27058824
v -54.00000000 182.00000000 627.20000000 0.56470588 0.31764706 0.29019608
v -53.00000000 182.00000000 627.40000000 0.58823529 0.33725490 0.30196078
v -52.00000000 182.00000000 628.00000000 0.61960784 0.34901961 0.32156863
v -52.00000000 182.40000000 628.40000000 0.63529412 0.36862745 0.32549020
v -51.00000000 182.60000000 628.60000000 0.63529412 0.36078431 0.32156863
v -50.00000000 182.80000000 629.20000000 0.63921569 0.35294118 0.31764706
v -48.40000000 183.00000000 630.40000000 0.64313725 0.36862745 0.32941176
v -47.00000000 183.00000000 631.40000000 0.68627451 0.42745098 0.36470588
v -46.60000000 183.40000000 632.00000000 0.70588235 0.44705882 0.39215686
v -46.00000000 183.40000000 632.40000000 0.69411765 0.43529412 0.38039216
v -45.00000000 183.60000000 632.80000000 0.69803922 0.43921569 0.38431373
v -44.80000000 183.80000000 633.20000000 0.70588235 0.44705882 0.39215686
v -44.00000000 183.80000000 633.40000000 0.69411765 0.44705882 0.38039216
v -43.00000000 184.00000000 633.40000000 0.69803922 0.45098039 0.38431373
v -75.00000000 185.00000000 635.20000000 0.18823529 0.14117647 0.14117647
v -74.00000000 185.00000000 635.60000000 0.22745098 0.15686275 0.14901961
v -73.60000000 185.00000000 635.60000000 0.25882353 0.16470588 0.16470588
v -73.00000000 185.00000000 635.60000000 0.27843137 0.16078431 0.16078431
v -72.00000000 185.00000000 635.20000000 0.29411765 0.16078431 0.16470588
v -71.40000000 185.00000000 635.40000000 0.30196078 0.16470588 0.18039216
v -71.00000000 185.00000000 634.60000000 0.30588235 0.16470588 0.18039216
v -70.00000000 184.80000000 634.40000000 0.30980392 0.17647059 0.17254902
v -69.00000000 184.60000000 633.40000000 0.30980392 0.17647059 0.17254902
v -68.40000000 184.40000000 633.20000000 0.30980392 0.17647059 0.17254902
v -68.00000000 184.00000000 632.60000000 0.32156863 0.18039216 0.18039216
v -67.00000000 184.00000000 632.20000000 0.33333333 0.19607843 0.18823529
v -66.00000000 183.80000000 631.20000000 0.35686275 0.20000000 0.20000000
v -65.80000000 183.80000000 631.00000000 0.37254902 0.21960784 0.20000000
v -65.00000000 183.20000000 630.00000000 0.39215686 0.21960784 0.20784314
v -64.00000000 183.00000000 629.20000000 0.39215686 0.22352941 0.20000000
v -63.00000000 183.00000000 628.20000000 0.41960784 0.23529412 0.21176471
v -60.00000000 182.60000000 626.80000000 0.47058824 0.26274510 0.23137255
v -59.00000000 182.60000000 626.80000000 0.46666667 0.25098039 0.22352941
v -58.00000000 182.40000000 626.40000000 0.48235294 0.25490196 0.23921569
v -57.00000000 182.40000000 626.40000000 0.52549020 0.29411765 0.27058824
v -56.00000000 182.40000000 626.40000000 0.53725490 0.30588235 0.28235294
v -55.80000000 182.60000000 626.40000000 0.54117647 0.30588235 0.27450980
v -55.00000000 182.60000000 626.40000000 0.54117647 0.30588235 0.27450980
v -54.00000000 182.80000000 627.00000000 0.56470588 0.31764706 0.28235294
v -53.00000000 182.80000000 627.20000000 0.58823529 0.33725490 0.29803922
v -52.00000000 182.80000000 627.20000000 0.60784314 0.34509804 0.30980392
v -51.00000000 183.00000000 628.00000000 0.63529412 0.36078431 0.32156863
v -50.00000000 183.00000000 628.40000000 0.63921569 0.36470588 0.31764706
v -49.00000000 183.00000000 629.20000000 0.66666667 0.38431373 0.33725490
v -48.00000000 183.00000000 629.40000000 0.65098039 0.37647059 0.32941176
v -48.00000000 183.40000000 630.40000000 0.66666667 0.40392157 0.34117647
v -47.00000000 183.40000000 630.40000000 0.69019608 0.43137255 0.36862745
v -46.40000000 184.00000000 631.40000000 0.70980392 0.45098039 0.39607843
v -45.00000000 184.00000000 632.40000000 0.70196078 0.44313725 0.38823529
v -44.60000000 184.00000000 632.60000000 0.70588235 0.44705882 0.39215686
v -44.00000000 184.40000000 633.20000000 0.70196078 0.44313725 0.38039216
v -43.00000000 184.40000000 633.20000000 0.71372549 0.45490196 0.39215686
v -42.00000000 184.00000000 632.80000000 0.69803922 0.45098039 0.39215686
v -75.00000000 185.20000000 634.60000000 0.19607843 0.14117647 0.14117647
v -74.00000000 185.20000000 634.60000000 0.23137255 0.15294118 0.15686275
v -73.20000000 185.20000000 634.80000000 0.25882353 0.16078431 0.17254902
v -73.00000000 185.20000000 634.80000000 0.27843137 0.16078431 0.16862745
v -72.00000000 185.20000000 634.80000000 0.29019608 0.15294118 0.16862745
v -71.20000000 185.20000000 634.60000000 0.29803922 0.16078431 0.17647059
v -71.00000000 185.40000000 634.20000000 0.30588235 0.16470588 0.18039216
v -70.00000000 185.20000000 633.60000000 0.30588235 0.17254902 0.16862745
v -69.00000000 185.00000000 633.20000000 0.30980392 0.17647059 0.17254902
v -68.00000000 184.80000000 632.00000000 0.32549020 0.18431373 0.18431373
v -66.00000000 184.20000000 630.80000000 0.36078431 0.20392157 0.20392157
v -65.40000000 184.00000000 630.20000000 0.36862745 0.21176471 0.20392157
v -65.00000000 184.00000000 629.40000000 0.39215686 0.21960784 0.21568627
v -64.00000000 183.60000000 628.60000000 0.38823529 0.21960784 0.19607843
v -63.00000000 183.20000000 628.20000000 0.40392157 0.21568627 0.20000000
v -62.80000000 183.00000000 627.80000000 0.41176471 0.22745098 0.20392157
v -62.00000000 183.00000000 627.20000000 0.43137255 0.23137255 0.21568627
v -61.00000000 183.00000000 626.80000000 0.44313725 0.24705882 0.21960784
v -60.00000000 183.00000000 626.20000000 0.47058824 0.25490196 0.22745098
v -59.00000000 183.00000000 625.80000000 0.46666667 0.25098039 0.22352941
v -58.00000000 183.00000000 625.80000000 0.47058824 0.25490196 0.23529412
v -57.40000000 183.00000000 625.40000000 0.48627451 0.27058824 0.25098039
v -57.00000000 183.00000000 625.40000000 0.52156863 0.29803922 0.27058824
v -56.00000000 183.00000000 625.40000000 0.53333333 0.30980392 0.28235294
v -55.60000000 182.80000000 625.40000000 0.53333333 0.30196078 0.27058824
v -55.00000000 182.80000000 625.40000000 0.53333333 0.30196078 0.27058824
v -54.00000000 183.00000000 626.00000000 0.53725490 0.30196078 0.26274510
v -53.80000000 183.00000000 626.00000000 0.55686275 0.30980392 0.27450980
v -53.00000000 183.00000000 626.20000000 0.56078431 0.31764706 0.27450980
v -52.00000000 183.00000000 626.40000000 0.58431373 0.32156863 0.28627451
v -51.80000000 183.20000000 627.00000000 0.60000000 0.34117647 0.29411765
v -51.00000000 183.20000000 627.00000000 0.61960784 0.35294118 0.30980392
v -50.00000000 183.60000000 627.40000000 0.64313725 0.36862745 0.32156863
v -49.80000000 183.60000000 627.40000000 0.65882353 0.38431373 0.33725490
v -49.00000000 183.80000000 628.20000000 0.65882353 0.38431373 0.33725490
v -48.00000000 183.80000000 628.20000000 0.64705882 0.37254902 0.32549020
v -47.00000000 184.00000000 629.60000000 0.69803922 0.43529412 0.37254902
v -46.00000000 184.00000000 630.40000000 0.70980392 0.45098039 0.38823529
v -46.00000000 184.40000000 631.00000000 0.70980392 0.45098039 0.38823529
v -45.00000000 184.40000000 631.40000000 0.70588235 0.44705882 0.39215686
v -44.40000000 184.60000000 632.00000000 0.70588235 0.44705882 0.39215686
v -44.00000000 184.80000000 632.20000000 0.71372549 0.45490196 0.39215686
v -43.00000000 185.00000000 632.40000000 0.71764706 0.45882353 0.39607843
v -42.40000000 185.00000000 632.40000000 0.70980392 0.45098039 0.39607843
v -42.00000000 185.00000000 632.20000000 0.70588235 0.44705882 0.39215686
v -74.80000000 185.80000000 633.60000000 0.19215686 0.13725490 0.13725490
v -74.00000000 185.80000000 634.00000000 0.22352941 0.15294118 0.15294118
v -73.20000000 185.80000000 634.00000000 0.25098039 0.16470588 0.17254902
v -73.00000000 186.20000000 634.80000000 0.27450980 0.16078431 0.16862745
v -72.00000000 186.00000000 634.20000000 0.28627451 0.16078431 0.17254902
v -71.20000000 186.00000000 634.40000000 0.29411765 0.16862745 0.18039216
v -71.00000000 186.00000000 633.60000000 0.30588235 0.16862745 0.18431373
v -70.00000000 185.80000000 633.40000000 0.29803922 0.17647059 0.16862745
v -69.00000000 185.40000000 632.60000000 0.30196078 0.18039216 0.17254902
v -68.00000000 185.40000000 632.20000000 0.31372549 0.18039216 0.17647059
v -67.80000000 185.00000000 631.40000000 0.32941176 0.18823529 0.18823529
v -67.00000000 184.80000000 630.60000000 0.34117647 0.20392157 0.19607843
v -66.00000000 184.80000000 630.20000000 0.36078431 0.20392157 0.20392157
v -65.00000000 184.60000000 629.60000000 0.37254902 0.21568627 0.20784314
v -65.00000000 184.20000000 629.20000000 0.39215686 0.21960784 0.21568627
v -64.00000000 184.00000000 628.20000000 0.38431373 0.21568627 0.19215686
v -63.00000000 184.00000000 627.80000000 0.39607843 0.20784314 0.19215686
v -62.00000000 184.00000000 627.00000000 0.40784314 0.21568627 0.19607843
v -61.00000000 183.80000000 626.00000000 0.45490196 0.24705882 0.22352941
v -60.00000000 183.60000000 625.60000000 0.47843137 0.26274510 0.23529412
v -59.00000000 183.40000000 625.40000000 0.47450980 0.25882353 0.23137255
v -58.00000000 183.20000000 625.00000000 0.45882353 0.25098039 0.22745098
v -57.20000000 183.20000000 625.00000000 0.47058824 0.26274510 0.23921569
v -57.00000000 183.20000000 625.20000000 0.49411765 0.27843137 0.25098039
v -56.00000000 183.20000000 625.00000000 0.49803922 0.28235294 0.25490196
v -55.20000000 183.20000000 625.00000000 0.50588235 0.28235294 0.25490196
v -55.00000000 183.20000000 625.00000000 0.50980392 0.27843137 0.25490196
v -54.00000000 183.60000000 625.40000000 0.50980392 0.28235294 0.23921569
v -53.40000000 183.40000000 625.20000000 0.52549020 0.29019608 0.25098039
v -53.00000000 183.40000000 625.40000000 0.54117647 0.29803922 0.25490196
v -52.00000000 183.80000000 625.80000000 0.55686275 0.30588235 0.26666667
v -51.20000000 183.80000000 626.00000000 0.57647059 0.32549020 0.27843137
v -51.00000000 183.80000000 626.20000000 0.60784314 0.34901961 0.30196078
v -50.00000000 183.80000000 626.60000000 0.63921569 0.37254902 0.32156863
v -49.80000000 183.80000000 626.60000000 0.65490196 0.38823529 0.33725490
v -48.00000000 184.40000000 628.20000000 0.65490196 0.39607843 0.33333333
v -47.00000000 184.40000000 628.40000000 0.69019608 0.43137255 0.36862745
v -45.00000000 185.00000000 630.80000000 0.71764706 0.45882353 0.39607843
v -44.00000000 185.00000000 631.00000000 0.71764706 0.45882353 0.39607843
v -44.00000000 185.20000000 631.80000000 0.72941176 0.47058824 0.41568627
v -43.00000000 185.20000000 631.80000000 0.72941176 0.47058824 0.41568627
v -42.20000000 185.20000000 632.20000000 0.71372549 0.45490196 0.40000000
v -42.00000000 185.20000000 632.20000000 0.70196078 0.44313725 0.38823529
v -74.60000000 186.40000000 633.00000000 0.19215686 0.13725490 0.13725490
v -74.00000000 186.20000000 633.00000000 0.22352941 0.15294118 0.15294118
v -73.20000000 186.40000000 633.60000000 0.24705882 0.16078431 0.16862745
v -73.00000000 186.60000000 634.00000000 0.26666667 0.17254902 0.17254902
v -72.00000000 186.60000000 634.00000000 0.28235294 0.16862745 0.17647059
v -71.00000000 186.40000000 633.40000000 0.29019608 0.17254902 0.17254902
v -70.40000000 186.40000000 633.20000000 0.30196078 0.17647059 0.18039216
v -70.00000000 186.20000000 632.60000000 0.30588235 0.18039216 0.18431373
v -69.00000000 186.20000000 632.60000000 0.30196078 0.17647059 0.18039216
v -68.00000000 186.00000000 631.60000000 0.31372549 0.18039216 0.17647059
v -67.80000000 185.80000000 631.20000000 0.32549020 0.18431373 0.18431373
v -67.00000000 185.60000000 630.40000000 0.33333333 0.19607843 0.18823529
v -66.00000000 185.00000000 629.80000000 0.35686275 0.20000000 0.20000000
v -65.00000000 185.00000000 628.80000000 0.39607843 0.22352941 0.21960784
v -63.00000000 184.80000000 627.20000000 0.39215686 0.20392157 0.18823529
v -62.00000000 184.60000000 626.60000000 0.40392157 0.21176471 0.19215686
v -62.00000000 184.20000000 626.00000000 0.42352941 0.22352941 0.20784314
v -61.00000000 184.00000000 625.60000000 0.45098039 0.24313725 0.21960784
v -59.60000000 184.00000000 624.60000000 0.47843137 0.26274510 0.24313725
v -59.00000000 183.80000000 624.20000000 0.48235294 0.26666667 0.24705882
v -58.00000000 183.60000000 623.80000000 0.46666667 0.25882353 0.23529412
v -57.00000000 183.80000000 624.00000000 0.46274510 0.25490196 0.23137255
v -56.00000000 183.80000000 624.00000000 0.45882353 0.24313725 0.22352941
v -55.00000000 183.60000000 623.80000000 0.47843137 0.24705882 0.22352941
v -54.00000000 183.80000000 624.40000000 0.49803922 0.26666667 0.23529412
v -53.00000000 183.80000000 624.20000000 0.53725490 0.30196078 0.27058824
v -50.00000000 184.00000000 625.60000000 0.64313725 0.37647059 0.33333333
v -49.00000000 184.00000000 625.60000000 0.66274510 0.39607843 0.35294118
v -48.00000000 184.00000000 625.80000000 0.66666667 0.39215686 0.34509804
v -47.80000000 184.80000000 626.80000000 0.65098039 0.39215686 0.32941176
v -47.00000000 184.80000000 627.60000000 0.68627451 0.42745098 0.36470588
v -46.00000000 185.00000000 628.20000000 0.70980392 0.45098039 0.38823529
v -45.00000000 185.40000000 629.60000000 0.72941176 0.47058824 0.40784314
v -75.20000000 186.80000000 632.80000000 0.18039216 0.12549020 0.12156863
v -74.60000000 187.00000000 632.80000000 0.20392157 0.13333333 0.13333333
v -74.00000000 187.00000000 632.80000000 0.22352941 0.15294118 0.15294118
v -73.00000000 187.20000000 633.00000000 0.24705882 0.16078431 0.16862745
v -72.00000000 187.20000000 633.20000000 0.28235294 0.16862745 0.17647059
v -70.20000000 187.00000000 632.60000000 0.30196078 0.17647059 0.18039216
v -70.00000000 187.00000000 632.40000000 0.30980392 0.18431373 0.18823529
v -68.00000000 186.40000000 631.40000000 0.32156863 0.18039216 0.18039216
v -67.80000000 186.40000000 631.20000000 0.32549020 0.18431373 0.18431373
v -67.00000000 186.00000000 630.20000000 0.34117647 0.19215686 0.18823529
v -66.00000000 186.00000000 629.80000000 0.35686275 0.20000000 0.20000000
v -65.00000000 185.80000000 628.80000000 0.37254902 0.21568627 0.20784314
v -64.00000000 185.00000000 627.60000000 0.38039216 0.21176471 0.18823529
v -63.00000000 185.00000000 627.00000000 0.39607843 0.20784314 0.19215686
v -62.00000000 185.00000000 625.40000000 0.42745098 0.22745098 0.21176471
v -61.00000000 184.80000000 624.80000000 0.45490196 0.24705882 0.22352941
v -60.00000000 184.00000000 623.80000000 0.46666667 0.25882353 0.23529412
v -59.00000000 184.00000000 623.20000000 0.49019608 0.27450980 0.25490196
v -58.00000000 184.00000000 623.20000000 0.48235294 0.26666667 0.24705882
v -57.00000000 184.00000000 623.00000000 0.46274510 0.24705882 0.22745098
v -56.00000000 184.00000000 623.00000000 0.43921569 0.22352941 0.20392157
v -55.00000000 184.00000000 623.00000000 0.44313725 0.21960784 0.19215686
v -54.00000000 184.00000000 623.60000000 0.50980392 0.27843137 0.24705882
v -53.00000000 184.00000000 623.40000000 0.56862745 0.32156863 0.28627451
v -52.00000000 184.00000000 623.40000000 0.58823529 0.33725490 0.30196078
v -51.00000000 184.00000000 623.80000000 0.62745098 0.36470588 0.32941176
v -50.00000000 184.40000000 624.20000000 0.65098039 0.38431373 0.34117647
v -49.00000000 184.60000000 624.40000000 0.66274510 0.39607843 0.35294118
v -48.00000000 184.80000000 624.80000000 0.67450980 0.40000000 0.35294118
v -46.00000000 185.60000000 627.40000000 0.71372549 0.45490196 0.39215686
v -45.80000000 185.80000000 628.00000000 0.73333333 0.47450980 0.41176471
v -44.00000000 186.00000000 629.20000000 0.73725490 0.47843137 0.41568627
v -43.00000000 186.00000000 630.20000000 0.72549020 0.47843137 0.41960784
v -42.00000000 186.00000000 631.00000000 0.69019608 0.44313725 0.38431373
v -41.00000000 186.00000000 630.80000000 0.67058824 0.42352941 0.36470588
v -75.00000000 187.40000000 632.20000000 0.17647059 0.11372549 0.11764706
v -74.40000000 187.40000000 632.40000000 0.20000000 0.12549020 0.13333333
v -74.00000000 187.40000000 632.40000000 0.22352941 0.14509804 0.14901961
v -73.00000000 187.40000000 632.60000000 0.23921569 0.15294118 0.16078431
v -72.40000000 187.40000000 632.80000000 0.25490196 0.17254902 0.16862745
v -72.00000000 187.40000000 632.80000000 0.27450980 0.17254902 0.17647059
v -71.00000000 187.20000000 632.40000000 0.28627451 0.17647059 0.17254902
v -70.00000000 187.20000000 631.60000000 0.30588235 0.18039216 0.18431373
v -69.00000000 187.00000000 631.40000000 0.31764706 0.18431373 0.18823529
v -68.00000000 187.00000000 631.40000000 0.32156863 0.18039216 0.18039216
v -67.60000000 186.80000000 630.40000000 0.33333333 0.18039216 0.18431373
v -67.00000000 186.80000000 630.20000000 0.34117647 0.19215686 0.18823529
v -66.00000000 186.40000000 629.20000000 0.36078431 0.20392157 0.20392157
v -65.00000000 186.00000000 628.80000000 0.37254902 0.21176471 0.20392157
v -64.80000000 186.00000000 628.00000000 0.38039216 0.20784314 0.20392157
v -64.00000000 186.00000000 627.60000000 0.38039216 0.20784314 0.19607843
v -63.00000000 185.80000000 626.40000000 0.39607843 0.20784314 0.20000000
v -62.00000000 185.60000000 625.40000000 0.41176471 0.21960784 0.20000000
v -61.60000000 185.00000000 624.60000000 0.43529412 0.23529412 0.21960784
v -61.00000000 185.00000000 624.00000000 0.46274510 0.25490196 0.23137255
v -59.00000000 184.80000000 622.80000000 0.47843137 0.26274510 0.24313725
v -59.00000000 184.40000000 622.40000000 0.48627451 0.27058824 0.25098039
v -58.00000000 184.40000000 622.20000000 0.49019608 0.26274510 0.24705882
v -57.00000000 184.20000000 622.00000000 0.47450980 0.24705882 0.23137255
v -56.80000000 184.20000000 622.00000000 0.45882353 0.23137255 0.21568627
v -56.00000000 184.20000000 622.00000000 0.46666667 0.23921569 0.22352941
v -55.00000000 184.20000000 622.00000000 0.47843137 0.24705882 0.22352941
v -54.80000000 184.20000000 622.00000000 0.49411765 0.25490196 0.23529412
v -53.00000000 184.20000000 622.20000000 0.56862745 0.31764706 0.28235294
v -52.00000000 184.40000000 622.40000000 0.59215686 0.34117647 0.30588235
v -51.00000000 184.80000000 622.80000000 0.61568627 0.35294118 0.31764706
v -50.80000000 184.80000000 622.80000000 0.63137255 0.36862745 0.33333333
v -50.00000000 184.80000000 623.20000000 0.65098039 0.38431373 0.34117647
v -49.00000000 184.80000000 623.20000000 0.67058824 0.39607843 0.35686275
v -47.00000000 185.00000000 624.80000000 0.64705882 0.38039216 0.32941176
v -47.00000000 185.60000000 625.40000000 0.67058824 0.41176471 0.35686275
v -46.00000000 185.80000000 626.40000000 0.71764706 0.45882353 0.39607843
v -44.00000000 186.40000000 628.40000000 0.74509804 0.48627451 0.42352941
v -42.00000000 187.00000000 630.00000000 0.72941176 0.48235294 0.42352941
v -41.00000000 187.00000000 630.40000000 0.67450980 0.42745098 0.36862745
v -74.40000000 187.80000000 631.60000000 0.19607843 0.12156863 0.12941176
v -74.00000000 188.20000000 631.80000000 0.21960784 0.14117647 0.14901961
v -73.00000000 188.20000000 631.80000000 0.23529412 0.14901961 0.16078431
v -72.20000000 188.20000000 632.40000000 0.25098039 0.16470588 0.17254902
v -72.00000000 188.20000000 632.40000000 0.27450980 0.17254902 0.18431373
v -71.00000000 188.20000000 632.20000000 0.28235294 0.18039216 0.18431373
v -70.00000000 188.00000000 631.20000000 0.30588235 0.18039216 0.18431373
v -69.00000000 188.00000000 631.20000000 0.32549020 0.18431373 0.19215686
v -68.00000000 187.60000000 630.60000000 0.32549020 0.18431373 0.18431373
v -67.60000000 187.60000000 630.40000000 0.32941176 0.17647059 0.18039216
v -67.00000000 187.00000000 629.40000000 0.34509804 0.18823529 0.18823529
v -66.00000000 187.00000000 629.20000000 0.36078431 0.20392157 0.20392157
v -65.00000000 187.00000000 628.20000000 0.36862745 0.20784314 0.20000000
v -64.80000000 187.00000000 628.00000000 0.38039216 0.20784314 0.20392157
v -64.00000000 186.60000000 626.60000000 0.38039216 0.20784314 0.19607843
v -63.00000000 186.00000000 625.60000000 0.39607843 0.20784314 0.20000000
v -62.00000000 186.00000000 624.80000000 0.40784314 0.21568627 0.19607843
v -61.20000000 185.80000000 624.00000000 0.43529412 0.23529412 0.21960784
v -61.00000000 185.80000000 623.80000000 0.47058824 0.26274510 0.23921569
v -60.00000000 185.00000000 622.80000000 0.47843137 0.27058824 0.24705882
v -59.00000000 185.00000000 622.40000000 0.47450980 0.26666667 0.24313725
v -58.40000000 185.00000000 621.40000000 0.48235294 0.26666667 0.24705882
v -57.00000000 184.80000000 621.00000000 0.47450980 0.25098039 0.22352941
v -56.20000000 184.80000000 621.00000000 0.46666667 0.24313725 0.21568627
v -56.00000000 184.80000000 621.00000000 0.49411765 0.27058824 0.24313725
v -54.00000000 184.60000000 620.60000000 0.53333333 0.29803922 0.25882353
v -53.00000000 184.60000000 620.60000000 0.55686275 0.30588235 0.27058824
v -49.00000000 185.00000000 622.20000000 0.67450980 0.40000000 0.36078431
v -48.80000000 185.00000000 622.80000000 0.69019608 0.40784314 0.36078431
v -48.00000000 185.00000000 622.80000000 0.68627451 0.41176471 0.36470588
v -47.00000000 185.80000000 623.80000000 0.63921569 0.37254902 0.32156863
v -46.00000000 186.00000000 625.40000000 0.72156863 0.46274510 0.40000000
v -45.00000000 186.00000000 625.60000000 0.74117647 0.48235294 0.41960784
v -45.00000000 186.60000000 626.60000000 0.74117647 0.48235294 0.41960784
v -43.00000000 187.00000000 628.60000000 0.74901961 0.49019608 0.43529412
v -42.00000000 187.60000000 629.60000000 0.72941176 0.47058824 0.41568627
v -41.00000000 187.60000000 629.60000000 0.68235294 0.43529412 0.36862745
v -74.00000000 188.40000000 631.00000000 0.17647059 0.12156863 0.12156863
v -73.00000000 188.40000000 631.60000000 0.21568627 0.14509804 0.14509804
v -72.20000000 188.40000000 631.80000000 0.24313725 0.16470588 0.16078431
v -72.00000000 188.40000000 631.80000000 0.27058824 0.17647059 0.17647059
v -71.00000000 188.40000000 631.80000000 0.27450980 0.17254902 0.17647059
v -70.00000000 188.20000000 631.20000000 0.28627451 0.19215686 0.18431373
v -69.00000000 188.20000000 630.80000000 0.29411765 0.19215686 0.18823529
v -68.00000000 188.00000000 630.20000000 0.30588235 0.18823529 0.18823529
v -67.20000000 188.00000000 629.80000000 0.31764706 0.18431373 0.18823529
v -67.00000000 187.80000000 629.20000000 0.33725490 0.18431373 0.18823529
v -66.00000000 187.40000000 628.20000000 0.36078431 0.19607843 0.20392157
v -65.00000000 187.40000000 628.00000000 0.38039216 0.20000000 0.20000000
v -64.20000000 187.00000000 627.00000000 0.38823529 0.20000000 0.20000000
v -64.00000000 187.00000000 626.00000000 0.38823529 0.20000000 0.19215686
v -62.00000000 186.60000000 624.60000000 0.40784314 0.22352941 0.20000000
v -61.20000000 186.20000000 623.40000000 0.43921569 0.24705882 0.22745098
v -61.00000000 186.00000000 622.80000000 0.45882353 0.26666667 0.23921569
v -59.00000000 185.60000000 621.60000000 0.48627451 0.27058824 0.25098039
v -56.00000000 185.00000000 619.40000000 0.47058824 0.23921569 0.21568627
v -55.00000000 185.00000000 619.40000000 0.52941176 0.29411765 0.26274510
v -54.00000000 185.00000000 619.60000000 0.54901961 0.30196078 0.27450980
v -53.00000000 185.00000000 619.60000000 0.55294118 0.30588235 0.27843137
v -52.00000000 185.00000000 620.00000000 0.58039216 0.32941176 0.29019608
v -51.00000000 185.00000000 620.60000000 0.60784314 0.34901961 0.29411765
v -50.00000000 185.00000000 620.60000000 0.63137255 0.36470588 0.31372549
v -49.00000000 185.20000000 621.00000000 0.65882353 0.38431373 0.33725490
v -48.00000000 185.60000000 621.60000000 0.67450980 0.40000000 0.35294118
v -48.00000000 185.80000000 621.80000000 0.70196078 0.42745098 0.38039216
v -46.80000000 186.00000000 623.00000000 0.62745098 0.36078431 0.31764706
v -46.00000000 186.20000000 624.00000000 0.73725490 0.47843137 0.42352941
v -45.00000000 186.80000000 624.80000000 0.74117647 0.48235294 0.42745098
v -44.00000000 187.00000000 626.40000000 0.73725490 0.49019608 0.43137255
v -43.40000000 187.40000000 627.40000000 0.74509804 0.50196078 0.44313725
v -41.00000000 188.00000000 629.20000000 0.69803922 0.45098039 0.38431373
v -74.00000000 189.00000000 630.80000000 0.18431373 0.13725490 0.13725490
v -73.00000000 189.20000000 631.00000000 0.20000000 0.13725490 0.14117647
v -72.20000000 189.20000000 631.20000000 0.22745098 0.15686275 0.15686275
v -72.00000000 189.20000000 631.20000000 0.25098039 0.16470588 0.17254902
v -71.00000000 189.20000000 630.80000000 0.26274510 0.16470588 0.17647059
v -69.20000000 189.00000000 630.40000000 0.29019608 0.18823529 0.18431373
v -69.00000000 189.00000000 630.40000000 0.30196078 0.19215686 0.18823529
v -68.00000000 188.60000000 629.80000000 0.30980392 0.19215686 0.18431373
v -67.20000000 188.60000000 629.80000000 0.32156863 0.18823529 0.18431373
v -67.00000000 188.20000000 628.80000000 0.34117647 0.19215686 0.18823529
v -66.00000000 188.00000000 627.40000000 0.36078431 0.19607843 0.20000000
v -65.00000000 188.00000000 627.20000000 0.37254902 0.20000000 0.19607843
v -64.00000000 187.80000000 626.20000000 0.38039216 0.20000000 0.20000000
v -64.00000000 187.60000000 625.60000000 0.39215686 0.20392157 0.18823529
v -63.00000000 187.00000000 624.60000000 0.39607843 0.20784314 0.19215686
v -62.00000000 187.00000000 624.00000000 0.41568627 0.22352941 0.20392157
v -61.00000000 186.80000000 623.00000000 0.43921569 0.24705882 0.22745098
v -61.00000000 186.20000000 622.20000000 0.45882353 0.26274510 0.23529412
v -60.00000000 186.00000000 621.20000000 0.48235294 0.27450980 0.25098039
v -58.00000000 185.00000000 619.00000000 0.49803922 0.27058824 0.25490196
v -57.00000000 185.00000000 619.00000000 0.47843137 0.25098039 0.23529412
v -56.00000000 185.60000000 618.60000000 0.44313725 0.21176471 0.18823529
v -55.60000000 185.60000000 618.60000000 0.47058824 0.23921569 0.21568627
v -55.00000000 185.60000000 618.60000000 0.47058824 0.23529412 0.20392157
v -54.00000000 185.60000000 618.60000000 0.48235294 0.24705882 0.21568627
v -53.60000000 185.60000000 618.60000000 0.53725490 0.29019608 0.25490196
v -53.00000000 185.60000000 618.60000000 0.56862745 0.32156863 0.28627451
v -47.00000000 186.00000000 621.40000000 0.66274510 0.39607843 0.35294118
v -46.20000000 186.20000000 622.00000000 0.63529412 0.36862745 0.32549020
v -46.00000000 186.80000000 623.00000000 0.74509804 0.48627451 0.43137255
v -44.00000000 187.40000000 625.40000000 0.73333333 0.48627451 0.42745098
v -42.00000000 188.00000000 628.00000000 0.74117647 0.49803922 0.43921569
v -41.60000000 188.60000000 628.60000000 0.73333333 0.49019608 0.43137255
v -41.00000000 188.80000000 628.80000000 0.70588235 0.45882353 0.39215686
v -73.00000000 189.60000000 630.80000000 0.17647059 0.12941176 0.12941176
v -72.20000000 189.60000000 631.00000000 0.20784314 0.14509804 0.14901961
v -71.60000000 189.60000000 631.00000000 0.23529412 0.15686275 0.16470588
v -71.00000000 189.40000000 630.80000000 0.24313725 0.16470588 0.17254902
v -70.00000000 189.20000000 630.20000000 0.27058824 0.17254902 0.18431373
v -69.20000000 189.20000000 630.20000000 0.28235294 0.18039216 0.18431373
v -69.00000000 189.20000000 629.80000000 0.29803922 0.18039216 0.18039216
v -68.00000000 189.20000000 629.40000000 0.30980392 0.18823529 0.18039216
v -67.00000000 189.00000000 628.80000000 0.32941176 0.18823529 0.18823529
v -66.60000000 189.00000000 627.80000000 0.34509804 0.19607843 0.19215686
v -66.00000000 188.80000000 627.00000000 0.36078431 0.19607843 0.20000000
v -65.00000000 188.40000000 626.20000000 0.37254902 0.20000000 0.19607843
v -64.00000000 188.20000000 626.00000000 0.38823529 0.20000000 0.20000000
v -63.80000000 188.00000000 625.00000000 0.40000000 0.21176471 0.19607843
v -63.00000000 187.60000000 623.60000000 0.40784314 0.21568627 0.20000000
v -62.00000000 187.20000000 623.00000000 0.41568627 0.22352941 0.20392157
v -61.00000000 187.00000000 622.20000000 0.43529412 0.24313725 0.22352941
v -60.20000000 187.00000000 621.20000000 0.45882353 0.26274510 0.23529412
v -60.00000000 186.80000000 620.80000000 0.47843137 0.28235294 0.25490196
v -59.00000000 186.00000000 619.80000000 0.49411765 0.28627451 0.25490196
v -58.00000000 186.00000000 619.20000000 0.49803922 0.28235294 0.25490196
v -57.20000000 186.00000000 618.20000000 0.48627451 0.27058824 0.25098039
v -57.00000000 186.00000000 618.00000000 0.44705882 0.21960784 0.20392157
v -52.00000000 186.00000000 618.20000000 0.58431373 0.33333333 0.29411765
v -51.20000000 186.00000000 618.20000000 0.61176471 0.34509804 0.30980392
v -51.00000000 186.00000000 618.60000000 0.62352941 0.35686275 0.30588235
v -50.00000000 186.00000000 618.60000000 0.63921569 0.36470588 0.31764706
v -49.80000000 186.00000000 618.80000000 0.65882353 0.37647059 0.32941176
v -49.00000000 186.00000000 618.80000000 0.66666667 0.38431373 0.33725490
v -48.00000000 186.00000000 619.80000000 0.68627451 0.40392157 0.35686275
v -48.00000000 186.80000000 619.80000000 0.70588235 0.42352941 0.37647059
v -45.00000000 187.00000000 622.60000000 0.74117647 0.47450980 0.42352941
v -43.00000000 188.00000000 625.40000000 0.73725490 0.49411765 0.43529412
v -41.40000000 189.00000000 628.40000000 0.74901961 0.50980392 0.43921569
v -41.00000000 189.00000000 628.40000000 0.72941176 0.48235294 0.41568627
v -72.00000000 190.20000000 630.40000000 0.20000000 0.14509804 0.14509804
v -71.20000000 190.20000000 630.40000000 0.23137255 0.15686275 0.16470588
v -71.00000000 190.20000000 630.00000000 0.24313725 0.16470588 0.17254902
v -69.20000000 189.80000000 629.20000000 0.27843137 0.17647059 0.18039216
v -69.00000000 189.60000000 628.80000000 0.29411765 0.17647059 0.17647059
v -68.00000000 189.60000000 628.80000000 0.31372549 0.18039216 0.17647059
v -67.00000000 189.20000000 627.80000000 0.33725490 0.18431373 0.18823529
v -66.20000000 189.00000000 627.00000000 0.35686275 0.19215686 0.19607843
v -66.00000000 189.00000000 626.00000000 0.37254902 0.19215686 0.20000000
v -65.00000000 189.00000000 626.00000000 0.37647059 0.19607843 0.19607843
v -64.00000000 188.80000000 625.00000000 0.38823529 0.20000000 0.20000000
v -63.20000000 188.20000000 624.20000000 0.40392157 0.21568627 0.20000000
v -63.00000000 188.00000000 623.20000000 0.40392157 0.21568627 0.20000000
v -61.00000000 187.20000000 621.20000000 0.43137255 0.23921569 0.21960784
v -60.00000000 187.00000000 619.80000000 0.47843137 0.28235294 0.25490196
v -57.00000000 186.40000000 617.40000000 0.49019608 0.27450980 0.24705882
v -57.00000000 186.20000000 617.20000000 0.45490196 0.23137255 0.20392157
v -56.00000000 186.00000000 616.60000000 0.35686275 0.12549020 0.10196078
v -55.00000000 186.00000000 616.60000000 0.44313725 0.21176471 0.18823529
v -54.00000000 186.00000000 616.60000000 0.53725490 0.29019608 0.26274510
v -53.00000000 186.00000000 616.60000000 0.55686275 0.30588235 0.27058824
v -52.00000000 186.20000000 617.20000000 0.59215686 0.32941176 0.29411765
v -51.00000000 186.20000000 617.20000000 0.61568627 0.34901961 0.31372549
v -51.00000000 186.60000000 617.60000000 0.63137255 0.36470588 0.31372549
v -50.00000000 186.60000000 617.60000000 0.63921569 0.36470588 0.31764706
v -49.00000000 186.80000000 617.80000000 0.65490196 0.37254902 0.32549020
v -47.80000000 187.00000000 618.80000000 0.70588235 0.41568627 0.36470588
v -46.00000000 187.00000000 619.80000000 0.63921569 0.36470588 0.31764706
v -46.00000000 187.20000000 620.80000000 0.73333333 0.46666667 0.41568627
v -45.00000000 187.60000000 621.60000000 0.74117647 0.47450980 0.42352941
v -44.60000000 188.00000000 622.60000000 0.74901961 0.49019608 0.43529412
v -43.00000000 188.40000000 624.40000000 0.73725490 0.49411765 0.43529412
v -42.00000000 189.00000000 626.40000000 0.74509804 0.50588235 0.43529412
v -41.00000000 189.40000000 627.40000000 0.74901961 0.50980392 0.43921569
v -73.00000000 190.40000000 629.40000000 0.17647059 0.12941176 0.13725490
v -71.20000000 190.60000000 629.80000000 0.22745098 0.15294118 0.16078431
v -71.00000000 190.40000000 629.80000000 0.24313725 0.16470588 0.17254902
v -70.00000000 190.20000000 629.20000000 0.26274510 0.16470588 0.17647059
v -69.00000000 190.20000000 628.80000000 0.29019608 0.18039216 0.17647059
v -68.00000000 190.00000000 628.20000000 0.31372549 0.18039216 0.17647059
v -67.00000000 190.00000000 627.80000000 0.34117647 0.18431373 0.18823529
v -66.20000000 190.00000000 626.80000000 0.36078431 0.18823529 0.19215686
v -66.00000000 189.80000000 626.00000000 0.37647059 0.18431373 0.19607843
v -65.00000000 189.40000000 625.20000000 0.38823529 0.19215686 0.19607843
v -64.00000000 189.20000000 624.60000000 0.39215686 0.19607843 0.20000000
v -63.00000000 189.00000000 623.60000000 0.38823529 0.21176471 0.19215686
v -63.00000000 188.40000000 622.40000000 0.39607843 0.21960784 0.20000000
v -62.00000000 188.00000000 621.40000000 0.40784314 0.23137255 0.20784314
v -60.00000000 187.60000000 619.60000000 0.45098039 0.25882353 0.23137255
v -59.80000000 187.00000000 618.80000000 0.48235294 0.27450980 0.25098039
v -59.00000000 187.00000000 618.40000000 0.50196078 0.28627451 0.25882353
v -58.00000000 187.00000000 617.80000000 0.51764706 0.29411765 0.26666667
v -56.00000000 186.80000000 616.00000000 0.39215686 0.16078431 0.13725490
v -55.00000000 186.60000000 615.60000000 0.47058824 0.23921569 0.21568627
v -54.00000000 186.60000000 615.60000000 0.53333333 0.28627451 0.25882353
v -53.00000000 186.60000000 615.60000000 0.57647059 0.31372549 0.28235294
v -52.00000000 186.80000000 615.80000000 0.58039216 0.31764706 0.28235294
v -48.00000000 187.00000000 617.80000000 0.70196078 0.41176471 0.36078431
v -47.00000000 187.00000000 617.80000000 0.70980392 0.41960784 0.36862745
v -47.00000000 187.40000000 618.40000000 0.67843137 0.39607843 0.34901961
v -46.00000000 187.60000000 618.80000000 0.64705882 0.36470588 0.31764706
v -44.00000000 188.00000000 621.60000000 0.75686275 0.49803922 0.44313725
v -44.00000000 188.40000000 622.20000000 0.76470588 0.50588235 0.45098039
v -43.00000000 188.80000000 623.20000000 0.75294118 0.50588235 0.43921569
v -42.80000000 189.00000000 624.20000000 0.75686275 0.50980392 0.44313725
v -42.00000000 189.20000000 625.00000000 0.75294118 0.51372549 0.44313725
v -41.00000000 189.80000000 626.00000000 0.75686275 0.51764706 0.44705882
v -72.00000000 191.00000000 629.40000000 0.19215686 0.13725490 0.13725490
v -71.20000000 191.20000000 629.40000000 0.21960784 0.14509804 0.15294118
v -71.00000000 191.20000000 629.40000000 0.23921569 0.16078431 0.16862745
v -70.00000000 191.00000000 628.80000000 0.25098039 0.16470588 0.17254902
v -69.00000000 191.00000000 628.80000000 0.27058824 0.17647059 0.17647059
v -68.80000000 191.00000000 628.20000000 0.29019608 0.18039216 0.17647059
v -67.00000000 190.80000000 627.20000000 0.33725490 0.18431373 0.18823529
v -66.00000000 190.60000000 626.40000000 0.36078431 0.18823529 0.19215686
v -65.80000000 190.00000000 625.40000000 0.36862745 0.18823529 0.19607843
v -65.00000000 190.00000000 625.20000000 0.38039216 0.19215686 0.19215686
v -64.00000000 189.80000000 624.20000000 0.38431373 0.19607843 0.19607843
v -63.00000000 189.60000000 623.40000000 0.37647059 0.20000000 0.18039216
v -62.80000000 189.00000000 622.20000000 0.39215686 0.21568627 0.19607843
v -62.00000000 188.60000000 621.00000000 0.40784314 0.23137255 0.20784314
v -61.00000000 188.00000000 619.60000000 0.43137255 0.24705882 0.22352941
v -60.00000000 188.00000000 618.60000000 0.44705882 0.25490196 0.22745098
v -59.40000000 188.00000000 618.40000000 0.47843137 0.27058824 0.24705882
v -58.00000000 187.80000000 616.80000000 0.51764706 0.30196078 0.27450980
v -57.00000000 187.00000000 615.60000000 0.49411765 0.27058824 0.24313725
v -56.00000000 187.00000000 615.20000000 0.41568627 0.19215686 0.16470588
v -55.00000000 187.00000000 615.20000000 0.47058824 0.24705882 0.21960784
v -54.60000000 187.00000000 614.60000000 0.51372549 0.28235294 0.25098039
v -54.00000000 187.00000000 614.60000000 0.52549020 0.29019608 0.25882353
v -53.00000000 187.00000000 614.60000000 0.53333333 0.29803922 0.25490196
v -52.40000000 187.00000000 614.40000000 0.56078431 0.30980392 0.27058824
v -50.00000000 187.00000000 615.00000000 0.65882353 0.38431373 0.33725490
v -49.00000000 187.00000000 615.80000000 0.69019608 0.40784314 0.36078431
v -48.00000000 187.80000000 616.80000000 0.69803922 0.40784314 0.35686275
v -47.00000000 187.80000000 616.80000000 0.69019608 0.40000000 0.34901961
v -46.00000000 188.00000000 617.80000000 0.64705882 0.36470588 0.31764706
v -45.60000000 188.00000000 618.80000000 0.71764706 0.44313725 0.39607843
v -45.00000000 188.00000000 619.40000000 0.75686275 0.48235294 0.43529412
v -44.00000000 188.60000000 620.60000000 0.75686275 0.49803922 0.44313725
v -44.00000000 188.80000000 621.20000000 0.76470588 0.50588235 0.45098039
v -43.00000000 189.00000000 622.20000000 0.76078431 0.51372549 0.44705882
v -42.40000000 189.40000000 623.20000000 0.76470588 0.51764706 0.45098039
v -41.00000000 190.00000000 625.00000000 0.76862745 0.52156863 0.45490196
v -41.00000000 190.20000000 626.00000000 0.76470588 0.51764706 0.45098039
v -40.00000000 190.40000000 626.60000000 0.72549020 0.46666667 0.40392157
v -72.00000000 191.80000000 629.00000000 0.17647059 0.12941176 0.12941176
v -71.00000000 191.80000000 629.00000000 0.20392157 0.14117647 0.14509804
v -71.00000000 191.60000000 628.80000000 0.22745098 0.15294118 0.16078431
v -70.00000000 191.60000000 628.80000000 0.24313725 0.16470588 0.16862745
v -69.00000000 191.40000000 628.40000000 0.25490196 0.17254902 0.16862745
v -68.80000000 191.40000000 628.20000000 0.27058824 0.17647059 0.16862745
v -68.00000000 191.00000000 627.40000000 0.29803922 0.18039216 0.17254902
v -67.00000000 191.00000000 627.20000000 0.32549020 0.19215686 0.18823529
v -66.00000000 191.00000000 626.20000000 0.34901961 0.20000000 0.19607843
v -65.80000000 190.80000000 625.20000000 0.36078431 0.19607843 0.20000000
v -65.00000000 190.40000000 624.20000000 0.36078431 0.20000000 0.19215686
v -64.00000000 190.00000000 623.20000000 0.36862745 0.19607843 0.19215686
v -63.00000000 189.80000000 622.40000000 0.37647059 0.20000000 0.18039216
v -62.60000000 189.60000000 621.40000000 0.39215686 0.21568627 0.19607843
v -62.00000000 189.00000000 620.60000000 0.41568627 0.23137255 0.20784314
v -60.00000000 188.40000000 618.40000000 0.44705882 0.25490196 0.22745098
v -59.00000000 188.00000000 617.00000000 0.49803922 0.29019608 0.25882353
v -58.00000000 188.00000000 616.00000000 0.51764706 0.30980392 0.27843137
v -56.80000000 187.80000000 614.80000000 0.47843137 0.26274510 0.23529412
v -56.00000000 187.60000000 614.60000000 0.40392157 0.18823529 0.16078431
v -55.00000000 187.20000000 614.20000000 0.44313725 0.22745098 0.20000000
v -54.20000000 187.20000000 614.20000000 0.51372549 0.29019608 0.25490196
v -54.00000000 187.20000000 614.20000000 0.54509804 0.31372549 0.28235294
v -53.00000000 187.20000000 614.20000000 0.54509804 0.31764706 0.27058824
v -52.20000000 187.20000000 614.20000000 0.56862745 0.32549020 0.28235294
v -52.00000000 187.00000000 614.00000000 0.57647059 0.33333333 0.28235294
v -51.00000000 187.00000000 614.00000000 0.59607843 0.34509804 0.29803922
v -50.20000000 187.20000000 614.20000000 0.63529412 0.37647059 0.32156863
v -50.00000000 187.40000000 614.40000000 0.65490196 0.39607843 0.34117647
v -46.00000000 188.20000000 616.80000000 0.65490196 0.38431373 0.32549020
v -45.20000000 188.60000000 617.80000000 0.70588235 0.43921569 0.38823529
v -44.00000000 189.00000000 619.60000000 0.75294118 0.49411765 0.43921569
v -43.00000000 189.60000000 621.40000000 0.74901961 0.50196078 0.43529412
v -42.00000000 189.80000000 622.40000000 0.75294118 0.50588235 0.43921569
v -41.00000000 190.60000000 624.80000000 0.75686275 0.50980392 0.44313725
v -40.00000000 191.00000000 626.20000000 0.73725490 0.47843137 0.41568627
v -71.00000000 192.00000000 628.20000000 0.21176471 0.14901961 0.15294118
v -70.00000000 192.00000000 627.80000000 0.23921569 0.16078431 0.16470588
v -69.00000000 192.00000000 627.80000000 0.23921569 0.16470588 0.14901961
v -68.40000000 192.00000000 627.40000000 0.26274510 0.16862745 0.15294118
v -68.00000000 192.00000000 627.20000000 0.28235294 0.18431373 0.16862745
v -66.00000000 191.60000000 625.60000000 0.32941176 0.20784314 0.19607843
v -65.60000000 191.00000000 624.60000000 0.34901961 0.21176471 0.20392157
v -65.00000000 191.00000000 623.60000000 0.35686275 0.21176471 0.18823529
v -64.00000000 190.60000000 623.00000000 0.36078431 0.20000000 0.18431373
v -63.00000000 190.40000000 621.80000000 0.37647059 0.20784314 0.18431373
v -62.00000000 189.60000000 619.60000000 0.40784314 0.22352941 0.19215686
v -61.00000000 189.00000000 618.60000000 0.43137255 0.23921569 0.21176471
v -58.00000000 188.80000000 615.80000000 0.50980392 0.31372549 0.27843137
v -57.00000000 188.00000000 615.00000000 0.52549020 0.31764706 0.28627451
v -56.00000000 188.00000000 613.80000000 0.43137255 0.22352941 0.19215686
v -55.00000000 188.00000000 613.40000000 0.43529412 0.22745098 0.19607843
v -47.00000000 188.00000000 614.80000000 0.64313725 0.38039216 0.31372549
v -47.00000000 188.60000000 615.60000000 0.65882353 0.38823529 0.32941176
v -46.00000000 188.60000000 615.60000000 0.65490196 0.38431373 0.32549020
v -44.00000000 189.60000000 618.60000000 0.75294118 0.49411765 0.43921569
v -43.00000000 190.00000000 620.40000000 0.74509804 0.49803922 0.43137255
v -42.00000000 190.00000000 621.40000000 0.74901961 0.50196078 0.43529412
v -42.00000000 190.60000000 622.80000000 0.74509804 0.49803922 0.42745098
v -41.00000000 191.00000000 623.80000000 0.75686275 0.50980392 0.43921569
v -40.00000000 191.20000000 625.40000000 0.74901961 0.49019608 0.42745098
v -71.00000000 192.60000000 627.60000000 0.18039216 0.13333333 0.14117647
v -70.40000000 192.40000000 627.40000000 0.19607843 0.14901961 0.14901961
v -70.00000000 192.40000000 627.20000000 0.21960784 0.15686275 0.15686275
v -69.00000000 192.40000000 627.40000000 0.23921569 0.15686275 0.15294118
v -68.40000000 192.80000000 627.20000000 0.26666667 0.16470588 0.16078431
v -68.00000000 192.40000000 626.40000000 0.29411765 0.18431373 0.17254902
v -67.00000000 192.00000000 625.60000000 0.30588235 0.19215686 0.17647059
v -66.00000000 192.00000000 624.60000000 0.32549020 0.19607843 0.17647059
v -65.00000000 191.60000000 623.60000000 0.34509804 0.20000000 0.17647059
v -65.00000000 191.40000000 623.40000000 0.36078431 0.20392157 0.17254902
v -64.00000000 191.00000000 622.20000000 0.37254902 0.19607843 0.17254902
v -63.00000000 190.80000000 621.20000000 0.39215686 0.20392157 0.16470588
v -62.00000000 190.40000000 620.20000000 0.40392157 0.20784314 0.17254902
v -62.00000000 190.00000000 619.40000000 0.42352941 0.21960784 0.17647059
v -60.00000000 189.00000000 617.00000000 0.47450980 0.25882353 0.23137255
v -59.00000000 189.00000000 615.80000000 0.51372549 0.29019608 0.26274510
v -56.00000000 188.80000000 613.80000000 0.50196078 0.30588235 0.27058824
v -56.00000000 188.20000000 613.20000000 0.40392157 0.20000000 0.15686275
v -55.00000000 188.20000000 613.20000000 0.38431373 0.18039216 0.13725490
v -54.00000000 188.20000000 613.00000000 0.43137255 0.21568627 0.18823529
v -54.00000000 188.00000000 612.80000000 0.41176471 0.19607843 0.16862745
v -53.00000000 188.00000000 612.60000000 0.41568627 0.19215686 0.16470588
v -52.00000000 188.00000000 612.60000000 0.44313725 0.21176471 0.18823529
v -51.00000000 188.00000000 612.60000000 0.47450980 0.22745098 0.20000000
v -50.00000000 188.00000000 612.60000000 0.54509804 0.29411765 0.24705882
v -49.00000000 188.00000000 613.00000000 0.57647059 0.31764706 0.26274510
v -48.00000000 188.00000000 613.00000000 0.60000000 0.34117647 0.27843137
v -46.80000000 189.00000000 614.80000000 0.65098039 0.37647059 0.32941176
v -45.00000000 189.00000000 615.60000000 0.69019608 0.41960784 0.36078431
v -45.00000000 189.60000000 616.60000000 0.74509804 0.47450980 0.41568627
v -44.00000000 190.00000000 617.60000000 0.77254902 0.50980392 0.44705882
v -43.80000000 190.00000000 618.80000000 0.76470588 0.50196078 0.43921569
v -43.00000000 190.20000000 620.00000000 0.75686275 0.49803922 0.44313725
v -42.00000000 190.80000000 621.00000000 0.76862745 0.50980392 0.45490196
v -41.00000000 191.20000000 623.00000000 0.76862745 0.52156863 0.45490196
v -40.00000000 192.00000000 625.20000000 0.76470588 0.50196078 0.43921569
v -70.00000000 193.00000000 626.20000000 0.20784314 0.14509804 0.14901961
v -69.00000000 193.00000000 626.60000000 0.22745098 0.14901961 0.14509804
v -68.00000000 193.00000000 625.80000000 0.27450980 0.17647059 0.16078431
v -66.00000000 192.40000000 624.40000000 0.31372549 0.19215686 0.17254902
v -65.00000000 192.00000000 622.60000000 0.36078431 0.20000000 0.17647059
v -64.00000000 191.40000000 621.40000000 0.37254902 0.19607843 0.17254902
v -63.00000000 191.00000000 620.40000000 0.39215686 0.20784314 0.17647059
v -62.00000000 191.00000000 619.40000000 0.40392157 0.21176471 0.18431373
v -61.40000000 190.40000000 618.40000000 0.41568627 0.21960784 0.18431373
v -61.00000000 190.00000000 617.40000000 0.43529412 0.23921569 0.20392157
v -59.00000000 190.00000000 615.00000000 0.52156863 0.30588235 0.27843137
v -58.00000000 189.00000000 614.00000000 0.51764706 0.30196078 0.27450980
v -57.00000000 189.00000000 613.80000000 0.52549020 0.32941176 0.28627451
v -56.00000000 189.00000000 612.80000000 0.52549020 0.32156863 0.27843137
v -55.00000000 189.00000000 612.20000000 0.41568627 0.20392157 0.16470588
v -54.00000000 188.80000000 612.00000000 0.41960784 0.19607843 0.16862745
v -53.00000000 188.80000000 612.00000000 0.41176471 0.18039216 0.15686275
v -52.00000000 188.60000000 611.60000000 0.48235294 0.25098039 0.22745098
v -52.00000000 188.80000000 611.80000000 0.54117647 0.30588235 0.27450980
v -51.00000000 188.60000000 611.60000000 0.56862745 0.32156863 0.28627451
v -50.00000000 188.60000000 611.60000000 0.60392157 0.35294118 0.30588235
v -47.00000000 189.00000000 613.20000000 0.69411765 0.43137255 0.36470588
v -46.00000000 189.00000000 614.00000000 0.68235294 0.41176471 0.35294118
v -46.00000000 189.60000000 614.60000000 0.69019608 0.40784314 0.35294118
v -44.00000000 190.20000000 617.00000000 0.76862745 0.50980392 0.44705882
v -43.00000000 190.80000000 617.80000000 0.77254902 0.51372549 0.45098039
v -42.00000000 191.00000000 620.00000000 0.76470588 0.51764706 0.45098039
v -41.00000000 192.00000000 622.20000000 0.76078431 0.51372549 0.44705882
v -40.40000000 192.20000000 623.60000000 0.76862745 0.51372549 0.44313725
v -40.00000000 192.40000000 624.60000000 0.78823529 0.53333333 0.46274510
v -70.00000000 193.40000000 625.40000000 0.19215686 0.12941176 0.13333333
v -69.00000000 193.60000000 625.60000000 0.21568627 0.13725490 0.13333333
v -68.00000000 193.60000000 625.60000000 0.23921569 0.14509804 0.14509804
v -68.00000000 193.20000000 625.20000000 0.26274510 0.16078431 0.15686275
v -67.00000000 193.00000000 624.40000000 0.29019608 0.18039216 0.16862745
v -66.00000000 193.00000000 623.80000000 0.30980392 0.18823529 0.17647059
v -65.00000000 192.60000000 622.60000000 0.33333333 0.19607843 0.18039216
v -65.00000000 192.40000000 622.40000000 0.35294118 0.20000000 0.17254902
v -64.00000000 192.00000000 621.40000000 0.36862745 0.20000000 0.17647059
v -62.00000000 191.40000000 619.20000000 0.40392157 0.21960784 0.18823529
v -61.40000000 191.00000000 617.80000000 0.41960784 0.23137255 0.19215686
v -61.00000000 190.40000000 616.40000000 0.43137255 0.24313725 0.20392157
v -60.00000000 190.00000000 615.40000000 0.45490196 0.25882353 0.23137255
v -58.20000000 190.00000000 614.20000000 0.52156863 0.31372549 0.29019608
v -57.00000000 189.80000000 613.00000000 0.53333333 0.32941176 0.28627451
v -56.00000000 189.80000000 612.80000000 0.53725490 0.33333333 0.29019608
v -55.80000000 189.40000000 612.20000000 0.48235294 0.27058824 0.23137255
v -55.00000000 189.20000000 612.00000000 0.42745098 0.21568627 0.17647059
v -54.00000000 189.00000000 611.60000000 0.44705882 0.22352941 0.19607843
v -53.00000000 189.00000000 611.40000000 0.37254902 0.14117647 0.11764706
v -52.00000000 189.00000000 611.40000000 0.47058824 0.23137255 0.21176471
v -51.00000000 189.00000000 611.40000000 0.59607843 0.34509804 0.30980392
v -50.00000000 189.00000000 611.60000000 0.60784314 0.35686275 0.30980392
v -49.00000000 189.00000000 611.60000000 0.66666667 0.40392157 0.34117647
v -48.00000000 189.00000000 612.00000000 0.68235294 0.41960784 0.35294118
v -45.00000000 190.00000000 614.60000000 0.69411765 0.43137255 0.36470588
v -45.00000000 190.40000000 615.40000000 0.72941176 0.46666667 0.40000000
v -44.00000000 190.80000000 616.00000000 0.76470588 0.50980392 0.43921569
v -43.00000000 191.00000000 617.00000000 0.77647059 0.52156863 0.45098039
v -42.00000000 191.20000000 619.20000000 0.77254902 0.52549020 0.45882353
v -41.00000000 192.20000000 621.80000000 0.76470588 0.51764706 0.45098039
v -40.20000000 192.60000000 622.80000000 0.76078431 0.51372549 0.44705882
v -40.00000000 193.00000000 624.20000000 0.79607843 0.53725490 0.47450980
v -67.20000000 194.00000000 624.20000000 0.25490196 0.16078431 0.15294118
v -67.00000000 193.80000000 624.00000000 0.29019608 0.18039216 0.16862745
v -66.00000000 193.20000000 623.00000000 0.31372549 0.19215686 0.18039216
v -65.00000000 193.00000000 622.40000000 0.32941176 0.19215686 0.17647059
v -64.40000000 193.00000000 621.40000000 0.34509804 0.20000000 0.16862745
v -64.00000000 192.40000000 620.40000000 0.35686275 0.19607843 0.17254902
v -63.00000000 192.00000000 619.40000000 0.37647059 0.20784314 0.17254902
v -62.00000000 191.80000000 618.20000000 0.40784314 0.22352941 0.19215686
v -61.00000000 191.40000000 617.20000000 0.41960784 0.23529412 0.20392157
v -60.80000000 191.00000000 616.20000000 0.43529412 0.24313725 0.21568627
v -58.00000000 190.60000000 613.60000000 0.50588235 0.30980392 0.28235294
v -58.00000000 190.00000000 612.60000000 0.50196078 0.30588235 0.27843137
v -57.00000000 190.00000000 612.60000000 0.51372549 0.30980392 0.26666667
v -56.00000000 190.00000000 612.00000000 0.52941176 0.32549020 0.28235294
v -55.80000000 190.00000000 612.00000000 0.46666667 0.25882353 0.22745098
v -55.00000000 189.80000000 611.20000000 0.43529412 0.21960784 0.19215686
v -54.00000000 189.80000000 611.20000000 0.48235294 0.26666667 0.23921569
v -53.60000000 189.60000000 610.80000000 0.47450980 0.25098039 0.22352941
v -53.00000000 189.60000000 610.60000000 0.45490196 0.22352941 0.20000000
v -52.00000000 189.60000000 610.40000000 0.52549020 0.28627451 0.26666667
v -51.60000000 189.60000000 610.60000000 0.57647059 0.34117647 0.30196078
v -51.00000000 189.60000000 610.60000000 0.60392157 0.35294118 0.31764706
v -50.00000000 189.80000000 610.80000000 0.61568627 0.36470588 0.31764706
v -49.80000000 189.80000000 610.80000000 0.67450980 0.41568627 0.36078431
v -47.00000000 190.00000000 612.20000000 0.73333333 0.46274510 0.40000000
v -46.00000000 190.00000000 612.60000000 0.72941176 0.45882353 0.39607843
v -46.00000000 190.40000000 613.40000000 0.71764706 0.44705882 0.38823529
v -44.00000000 191.20000000 616.00000000 0.76470588 0.50588235 0.44313725
v -43.00000000 191.80000000 616.80000000 0.78039216 0.52156863 0.45882353
v -42.00000000 192.00000000 618.60000000 0.78039216 0.53333333 0.46666667
v -41.00000000 192.80000000 621.00000000 0.78039216 0.53333333 0.46666667
v -40.20000000 193.20000000 622.40000000 0.78039216 0.52156863 0.45882353
v -40.00000000 193.40000000 623.40000000 0.78039216 0.52156863 0.45882353
v -68.00000000 194.00000000 623.60000000 0.23529412 0.14117647 0.14117647
v -67.00000000 194.00000000 623.00000000 0.29411765 0.18431373 0.17254902
v -65.00000000 193.80000000 621.80000000 0.33333333 0.19607843 0.18039216
v -64.40000000 193.40000000 621.40000000 0.34509804 0.20000000 0.16862745
v -64.00000000 193.00000000 620.40000000 0.35686275 0.19607843 0.17254902
v -63.00000000 192.80000000 619.20000000 0.38431373 0.21568627 0.18039216
v -62.00000000 192.00000000 617.80000000 0.40784314 0.22352941 0.19215686
v -61.00000000 192.00000000 616.80000000 0.41960784 0.23529412 0.19607843
v -60.60000000 191.60000000 615.60000000 0.43921569 0.25098039 0.21176471
v -60.00000000 191.00000000 614.60000000 0.45490196 0.26274510 0.23529412
v -59.00000000 191.00000000 614.20000000 0.46666667 0.27450980 0.24705882
v -58.00000000 191.00000000 612.60000000 0.50980392 0.31372549 0.28627451
v -57.00000000 190.80000000 612.00000000 0.51372549 0.31764706 0.28235294
v -56.00000000 190.80000000 612.00000000 0.54117647 0.33333333 0.30196078
v -55.20000000 190.20000000 611.00000000 0.46274510 0.25490196 0.22352941
v -55.00000000 190.20000000 611.00000000 0.45098039 0.23529412 0.20784314
v -54.00000000 190.20000000 610.80000000 0.52549020 0.30980392 0.28235294
v -53.40000000 190.00000000 610.20000000 0.55686275 0.33333333 0.30588235
v -53.00000000 190.00000000 610.20000000 0.56470588 0.33333333 0.30980392
v -52.00000000 190.00000000 609.80000000 0.59215686 0.35294118 0.33333333
v -50.00000000 190.00000000 610.60000000 0.61568627 0.36470588 0.31764706
v -49.80000000 190.00000000 610.80000000 0.67843137 0.41960784 0.36470588
v -49.00000000 190.00000000 610.80000000 0.69019608 0.42745098 0.36470588
v -48.00000000 190.00000000 611.00000000 0.68627451 0.42352941 0.35686275
v -48.00000000 190.20000000 611.20000000 0.71372549 0.44705882 0.37254902
v -45.00000000 191.00000000 613.40000000 0.71764706 0.44705882 0.38823529
v -44.20000000 191.20000000 614.20000000 0.74509804 0.47450980 0.41568627
v -44.00000000 191.80000000 615.00000000 0.78039216 0.52156863 0.45882353
v -43.00000000 192.00000000 616.00000000 0.78823529 0.52941176 0.46666667
v -42.00000000 192.20000000 618.00000000 0.79215686 0.54509804 0.47843137
v -41.00000000 193.00000000 620.40000000 0.79215686 0.54509804 0.48627451
v -40.00000000 193.60000000 621.80000000 0.79607843 0.53725490 0.48235294
v -69.00000000 194.00000000 621.80000000 0.18039216 0.13333333 0.13333333
v -69.00000000 194.80000000 622.80000000 0.20392157 0.13333333 0.13333333
v -68.00000000 194.80000000 622.80000000 0.22745098 0.14509804 0.14117647
v -67.00000000 194.60000000 622.60000000 0.29411765 0.18431373 0.17254902
v -66.00000000 194.00000000 621.80000000 0.30980392 0.19607843 0.18039216
v -65.00000000 194.00000000 621.80000000 0.32941176 0.20000000 0.18039216
v -64.20000000 194.00000000 621.00000000 0.33725490 0.20392157 0.16862745
v -64.00000000 193.80000000 620.00000000 0.35686275 0.20392157 0.17647059
v -63.00000000 193.00000000 618.80000000 0.37647059 0.21960784 0.18039216
v -61.00000000 192.80000000 616.80000000 0.40784314 0.23529412 0.19215686
v -60.60000000 192.00000000 615.60000000 0.44313725 0.25882353 0.21960784
v -58.00000000 191.80000000 612.80000000 0.48235294 0.29019608 0.26274510
v -57.80000000 191.00000000 611.80000000 0.51372549 0.31764706 0.29019608
v -57.00000000 191.00000000 611.60000000 0.53725490 0.34117647 0.29803922
v -56.00000000 191.00000000 611.00000000 0.56470588 0.36078431 0.31764706
v -55.20000000 191.00000000 610.60000000 0.49019608 0.28235294 0.25098039
v -55.00000000 190.80000000 610.00000000 0.47450980 0.25882353 0.23137255
v -54.00000000 190.60000000 609.80000000 0.52941176 0.31372549 0.28627451
v -53.20000000 190.60000000 609.80000000 0.56862745 0.33725490 0.31372549
v -53.00000000 190.40000000 609.20000000 0.57647059 0.34509804 0.32156863
v -52.00000000 190.40000000 609.20000000 0.57647059 0.33725490 0.31764706
v -51.00000000 190.00000000 609.00000000 0.62745098 0.37647059 0.34117647
v -50.00000000 190.80000000 609.80000000 0.63137255 0.38039216 0.33333333
v -49.00000000 190.80000000 609.80000000 0.68235294 0.42352941 0.37647059
v -47.80000000 191.00000000 610.80000000 0.72941176 0.46274510 0.38823529
v -46.00000000 191.00000000 612.00000000 0.72156863 0.43921569 0.38039216
v -44.00000000 192.00000000 613.60000000 0.74901961 0.47450980 0.42745098
v -43.00000000 192.60000000 615.60000000 0.78823529 0.52941176 0.47450980
v -42.00000000 193.00000000 617.60000000 0.79215686 0.54509804 0.48627451
v -41.60000000 193.00000000 618.60000000 0.80000000 0.55294118 0.49411765
v -41.00000000 194.00000000 620.20000000 0.79607843 0.54901961 0.49019608
v -40.00000000 194.00000000 621.20000000 0.80784314 0.54901961 0.49411765
v -40.00000000 194.20000000 622.20000000 0.78823529 0.52941176 0.47450980
v -67.00000000 195.00000000 621.60000000 0.23921569 0.15686275 0.14509804
v -66.60000000 195.00000000 621.60000000 0.27450980 0.17254902 0.16862745
v -66.00000000 194.80000000 621.20000000 0.29803922 0.18823529 0.17254902
v -65.00000000 194.80000000 620.80000000 0.31764706 0.19607843 0.17647059
v -64.00000000 194.20000000 620.00000000 0.33725490 0.20784314 0.18039216
v -63.80000000 194.00000000 619.00000000 0.35686275 0.21176471 0.18039216
v -63.00000000 193.80000000 617.80000000 0.36862745 0.21960784 0.18431373
v -62.00000000 193.00000000 616.80000000 0.39215686 0.22352941 0.19607843
v -61.00000000 193.00000000 615.80000000 0.40784314 0.23529412 0.20000000
v -60.00000000 192.80000000 614.80000000 0.43921569 0.25490196 0.22352941
v -60.00000000 192.00000000 613.60000000 0.45882353 0.26666667 0.23921569
v -59.00000000 192.00000000 613.40000000 0.45882353 0.26666667 0.23921569
v -57.80000000 192.00000000 611.80000000 0.50588235 0.31372549 0.28627451
v -56.00000000 191.40000000 610.40000000 0.56078431 0.34901961 0.30196078
v -55.00000000 191.20000000 609.60000000 0.50588235 0.29411765 0.25490196
v -54.00000000 191.20000000 609.60000000 0.54117647 0.31764706 0.29019608
v -53.00000000 191.00000000 609.20000000 0.56862745 0.33725490 0.30588235
v -52.00000000 191.00000000 609.20000000 0.57647059 0.32941176 0.30196078
v -51.00000000 191.00000000 608.80000000 0.59607843 0.34901961 0.31372549
v -50.00000000 191.00000000 609.00000000 0.63921569 0.38039216 0.33333333
v -49.00000000 191.00000000 609.20000000 0.69803922 0.43529412 0.37254902
v -48.00000000 191.00000000 609.60000000 0.73725490 0.47450980 0.41176471
v -47.00000000 191.00000000 609.80000000 0.72156863 0.45490196 0.38039216
v -47.00000000 191.80000000 610.80000000 0.70196078 0.43137255 0.36862745
v -45.00000000 192.00000000 612.20000000 0.71372549 0.44705882 0.39607843
v -44.00000000 192.20000000 613.20000000 0.75294118 0.48627451 0.43529412
v -43.00000000 193.00000000 615.20000000 0.78431373 0.52549020 0.47058824
v -42.00000000 193.20000000 617.20000000 0.79215686 0.54509804 0.47843137
v -41.40000000 194.00000000 618.40000000 0.80784314 0.56078431 0.49411765
v -41.00000000 194.20000000 619.80000000 0.80000000 0.55294118 0.48627451
v -40.00000000 194.60000000 620.80000000 0.80392157 0.55686275 0.49803922
v -40.00000000 195.00000000 622.20000000 0.80784314 0.54901961 0.49411765
v -68.00000000 195.00000000 620.60000000 0.20000000 0.12941176 0.12941176
v -67.00000000 195.40000000 621.20000000 0.22352941 0.14509804 0.14117647
v -66.00000000 195.00000000 620.60000000 0.27843137 0.18039216 0.16470588
v -65.00000000 195.00000000 619.80000000 0.30588235 0.19215686 0.17647059
v -64.00000000 195.00000000 619.80000000 0.33725490 0.20784314 0.18039216
v -63.60000000 194.60000000 618.60000000 0.35686275 0.21176471 0.18823529
v -63.00000000 194.00000000 617.80000000 0.36470588 0.21568627 0.18039216
v -61.00000000 193.20000000 615.20000000 0.41176471 0.23921569 0.20392157
v -60.00000000 193.00000000 613.40000000 0.43921569 0.25490196 0.23137255
v -59.00000000 192.40000000 612.40000000 0.44705882 0.26274510 0.23921569
v -58.00000000 192.00000000 611.40000000 0.47450980 0.29019608 0.26666667
v -57.00000000 192.00000000 610.20000000 0.53725490 0.32549020 0.28627451
v -56.00000000 192.00000000 610.20000000 0.55686275 0.33333333 0.29019608
v -54.00000000 191.60000000 608.80000000 0.53333333 0.30196078 0.27058824
v -53.00000000 191.60000000 608.80000000 0.55686275 0.32156863 0.29019608
v -52.80000000 191.40000000 608.20000000 0.55686275 0.32156863 0.28235294
v -52.00000000 191.40000000 608.20000000 0.58431373 0.33725490 0.30196078
v -51.00000000 191.40000000 608.40000000 0.62745098 0.37647059 0.33725490
v -50.00000000 191.40000000 608.40000000 0.64313725 0.38431373 0.33725490
v -49.00000000 191.40000000 608.40000000 0.67843137 0.41960784 0.37254902
v -46.00000000 192.00000000 610.80000000 0.74117647 0.47058824 0.40784314
v -46.00000000 192.20000000 611.20000000 0.72941176 0.45882353 0.40000000
v -44.00000000 193.00000000 613.20000000 0.76470588 0.49803922 0.44705882
v -43.00000000 193.80000000 614.80000000 0.78039216 0.53333333 0.47450980
v -42.00000000 194.00000000 616.80000000 0.80000000 0.56078431 0.49019608
v -41.20000000 194.20000000 617.80000000 0.80784314 0.56862745 0.49803922
v -40.00000000 195.20000000 620.60000000 0.80392157 0.55686275 0.49019608
v -40.00000000 195.40000000 621.60000000 0.81568627 0.56862745 0.50196078
v -68.00000000 195.40000000 619.40000000 0.17647059 0.11372549 0.11372549
v -67.00000000 195.60000000 619.80000000 0.21176471 0.14117647 0.13333333
v -66.00000000 195.80000000 620.20000000 0.24705882 0.16470588 0.16078431
v -66.00000000 195.60000000 619.60000000 0.27450980 0.17254902 0.16862745
v -65.00000000 195.60000000 619.60000000 0.29803922 0.18039216 0.18039216
v -64.00000000 195.20000000 619.00000000 0.32549020 0.19215686 0.18431373
v -63.20000000 195.00000000 618.00000000 0.36078431 0.21176471 0.20784314
v -63.00000000 194.80000000 617.00000000 0.38039216 0.21960784 0.20392157
v -62.00000000 194.00000000 615.80000000 0.39607843 0.21960784 0.20784314
v -61.00000000 194.00000000 615.00000000 0.40000000 0.22352941 0.20000000
v -60.00000000 193.20000000 613.20000000 0.43137255 0.23921569 0.21176471
v -59.00000000 193.00000000 612.20000000 0.44313725 0.25098039 0.22352941
v -58.00000000 193.00000000 611.40000000 0.47058824 0.27450980 0.23921569
v -57.00000000 192.80000000 609.80000000 0.52941176 0.31372549 0.28627451
v -56.00000000 192.40000000 609.40000000 0.56078431 0.33725490 0.30980392
v -55.00000000 192.20000000 609.00000000 0.54901961 0.32549020 0.29019608
v -55.00000000 192.00000000 608.40000000 0.52156863 0.29803922 0.26274510
v -54.00000000 192.00000000 608.40000000 0.51764706 0.29019608 0.24705882
v -53.00000000 192.00000000 608.00000000 0.52549020 0.29019608 0.25098039
v -52.60000000 192.00000000 607.80000000 0.54509804 0.30980392 0.26666667
v -52.00000000 192.00000000 607.60000000 0.58039216 0.33725490 0.29411765
v -51.00000000 192.00000000 607.40000000 0.60784314 0.35686275 0.30980392
v -50.00000000 192.00000000 607.60000000 0.65098039 0.39215686 0.33725490
v -49.00000000 192.00000000 607.80000000 0.67450980 0.41568627 0.36078431
v -48.00000000 192.00000000 608.60000000 0.70196078 0.43921569 0.37647059
v -47.00000000 192.00000000 608.60000000 0.72549020 0.45490196 0.39607843
v -47.00000000 192.60000000 609.60000000 0.72941176 0.45882353 0.40000000
v -46.00000000 192.80000000 609.80000000 0.72156863 0.46274510 0.40000000
v -45.00000000 193.00000000 611.20000000 0.73725490 0.47843137 0.41568627
v -44.00000000 193.20000000 612.20000000 0.76470588 0.50588235 0.44313725
v -42.00000000 194.20000000 616.20000000 0.81960784 0.56078431 0.49803922
v -39.00000000 196.20000000 622.20000000 0.80784314 0.56078431 0.49019608
v -67.00000000 196.00000000 619.00000000 0.20392157 0.13333333 0.12549020
v -66.00000000 196.00000000 619.00000000 0.24313725 0.16078431 0.15686275
v -65.60000000 196.00000000 619.00000000 0.27450980 0.17254902 0.16862745
v -65.00000000 196.00000000 618.60000000 0.30196078 0.18431373 0.18431373
v -64.00000000 196.00000000 618.80000000 0.32549020 0.19215686 0.18431373
v -63.00000000 195.60000000 617.60000000 0.35686275 0.20784314 0.20392157
v -63.00000000 195.00000000 616.80000000 0.36470588 0.21176471 0.19215686
v -62.00000000 195.00000000 615.60000000 0.38431373 0.21176471 0.20000000
v -61.00000000 194.60000000 614.60000000 0.40000000 0.22352941 0.20000000
v -60.00000000 194.00000000 612.40000000 0.43137255 0.23921569 0.21176471
v -59.00000000 193.80000000 612.00000000 0.43921569 0.24705882 0.21960784
v -58.00000000 193.20000000 611.00000000 0.46274510 0.27450980 0.23529412
v -57.00000000 193.00000000 609.40000000 0.51764706 0.30196078 0.27450980
v -55.00000000 192.80000000 608.20000000 0.54509804 0.32156863 0.28627451
v -54.80000000 192.80000000 608.20000000 0.52549020 0.30196078 0.26666667
v -54.00000000 192.60000000 607.60000000 0.53725490 0.30588235 0.27450980
v -53.00000000 192.60000000 607.60000000 0.57254902 0.33725490 0.30588235
v -52.60000000 192.60000000 607.40000000 0.60000000 0.36470588 0.32549020
v -52.00000000 192.60000000 607.40000000 0.62352941 0.37254902 0.33725490
v -51.00000000 192.40000000 607.20000000 0.63529412 0.38431373 0.34509804
v -50.80000000 192.40000000 607.20000000 0.65490196 0.39215686 0.35686275
v -50.00000000 192.60000000 607.60000000 0.66666667 0.40784314 0.36078431
v -49.00000000 192.60000000 607.60000000 0.67843137 0.41960784 0.37254902
v -49.00000000 192.80000000 607.80000000 0.69019608 0.42352941 0.37254902
v -48.00000000 192.80000000 607.80000000 0.70196078 0.43529412 0.38431373
v -46.00000000 193.00000000 609.80000000 0.71764706 0.45882353 0.39607843
v -46.00000000 193.20000000 610.20000000 0.73333333 0.47450980 0.41176471
v -44.00000000 194.00000000 611.60000000 0.76862745 0.50980392 0.44705882
v -43.00000000 194.00000000 613.60000000 0.80392157 0.54509804 0.48235294
v -43.00000000 194.60000000 614.60000000 0.80000000 0.55294118 0.48627451
v -41.00000000 195.00000000 616.60000000 0.81960784 0.57254902 0.50588235
v -40.00000000 196.00000000 619.40000000 0.82745098 0.58039216 0.50980392
v -40.00000000 196.40000000 620.40000000 0.83529412 0.58823529 0.51764706
v -39.00000000 197.00000000 622.20000000 0.81960784 0.57254902 0.50196078
v -67.00000000 196.20000000 617.80000000 0.18823529 0.12941176 0.11764706
v -66.00000000 196.40000000 618.00000000 0.23529412 0.15686275 0.15294118
v -65.40000000 196.40000000 618.00000000 0.27058824 0.17647059 0.16862745
v -65.00000000 196.40000000 618.00000000 0.30196078 0.19215686 0.18823529
v -64.00000000 196.20000000 618.00000000 0.31764706 0.19607843 0.18431373
v -63.00000000 196.00000000 617.00000000 0.34117647 0.20392157 0.19607843
v -62.80000000 195.80000000 616.00000000 0.35686275 0.20392157 0.18431373
v -62.00000000 195.60000000 615.60000000 0.37647059 0.20392157 0.19215686
v -61.00000000 195.00000000 614.60000000 0.38823529 0.21960784 0.19607843
v -60.00000000 194.40000000 612.40000000 0.42352941 0.23921569 0.20784314
v -59.00000000 194.00000000 611.40000000 0.43529412 0.25098039 0.21960784
v -58.00000000 194.00000000 610.40000000 0.45882353 0.26666667 0.23921569
v -57.00000000 193.60000000 609.60000000 0.49019608 0.29411765 0.26666667
v -57.00000000 193.40000000 609.40000000 0.53333333 0.30980392 0.28235294
v -56.00000000 193.00000000 608.60000000 0.54901961 0.31764706 0.29411765
v -55.00000000 193.40000000 608.20000000 0.54117647 0.30980392 0.28627451
v -54.60000000 193.00000000 607.60000000 0.50980392 0.27843137 0.25490196
v -54.00000000 193.00000000 607.20000000 0.52549020 0.29019608 0.25882353
v -53.00000000 193.00000000 607.00000000 0.58823529 0.34117647 0.31372549
v -52.00000000 193.00000000 606.60000000 0.61176471 0.36470588 0.32941176
v -51.00000000 192.80000000 606.20000000 0.64705882 0.38431373 0.34901961
v -50.60000000 193.00000000 606.80000000 0.65490196 0.39215686 0.35686275
v -50.00000000 193.00000000 606.80000000 0.66274510 0.39607843 0.35294118
v -49.00000000 193.00000000 607.20000000 0.68627451 0.41176471 0.37254902
v -48.00000000 193.00000000 607.40000000 0.70196078 0.42745098 0.38823529
v -47.00000000 193.00000000 607.60000000 0.72941176 0.44705882 0.40000000
v -47.00000000 193.40000000 608.40000000 0.72941176 0.45490196 0.40784314
v -46.00000000 193.80000000 608.80000000 0.72941176 0.46666667 0.40392157
v -45.60000000 194.00000000 609.60000000 0.74509804 0.48627451 0.42352941
v -45.00000000 194.00000000 610.20000000 0.75686275 0.50980392 0.44313725
v -44.00000000 194.20000000 611.20000000 0.77254902 0.52549020 0.45882353
v -44.00000000 194.80000000 611.80000000 0.78823529 0.54117647 0.47450980
v -42.00000000 195.00000000 613.80000000 0.80784314 0.56078431 0.49411765
v -42.00000000 195.20000000 615.20000000 0.81568627 0.56862745 0.50196078
v -66.80000000 196.60000000 616.60000000 0.17647059 0.11764706 0.10588235
v -66.00000000 196.60000000 616.60000000 0.22745098 0.14901961 0.14509804
v -65.20000000 196.80000000 617.20000000 0.27058824 0.17647059 0.16862745
v -65.00000000 196.80000000 617.40000000 0.29803922 0.18823529 0.18431373
v -64.00000000 196.80000000 617.40000000 0.31372549 0.19215686 0.18039216
v -63.00000000 196.40000000 616.20000000 0.33725490 0.20000000 0.19215686
v -62.40000000 196.20000000 615.60000000 0.35686275 0.20784314 0.19607843
v -62.00000000 196.00000000 615.00000000 0.36862745 0.20784314 0.20000000
v -61.00000000 195.80000000 614.00000000 0.38431373 0.21568627 0.19215686
v -60.00000000 195.20000000 613.20000000 0.40392157 0.22745098 0.20784314
v -60.00000000 195.00000000 612.20000000 0.42352941 0.23921569 0.21568627
v -58.00000000 194.40000000 610.40000000 0.45098039 0.26666667 0.23529412
v -57.00000000 194.00000000 609.60000000 0.47843137 0.28235294 0.25490196
v -56.60000000 194.00000000 608.60000000 0.52156863 0.30588235 0.27843137
v -54.60000000 194.00000000 607.60000000 0.50196078 0.27058824 0.23921569
v -54.00000000 193.80000000 607.00000000 0.51372549 0.27843137 0.24705882
v -53.00000000 193.60000000 606.60000000 0.58823529 0.34117647 0.31372549
v -52.00000000 193.60000000 606.60000000 0.61176471 0.36470588 0.32941176
v -52.00000000 193.40000000 606.20000000 0.61568627 0.36470588 0.32941176
v -51.00000000 193.40000000 606.20000000 0.63137255 0.36862745 0.33333333
v -50.40000000 193.40000000 606.20000000 0.63921569 0.37647059 0.34117647
v -50.00000000 193.60000000 606.80000000 0.65490196 0.38823529 0.34509804
v -49.00000000 193.60000000 606.80000000 0.67450980 0.40784314 0.36470588
v -46.00000000 194.00000000 608.60000000 0.74117647 0.48235294 0.41960784
v -45.20000000 194.20000000 609.00000000 0.75686275 0.50980392 0.44313725
v -45.00000000 194.80000000 610.00000000 0.76862745 0.52156863 0.45490196
v -43.00000000 195.00000000 612.60000000 0.80784314 0.56078431 0.49411765
v -42.00000000 195.60000000 613.60000000 0.80784314 0.56078431 0.49411765
v -41.00000000 196.00000000 616.00000000 0.81960784 0.57254902 0.50588235
v -40.00000000 197.00000000 618.80000000 0.83137255 0.58431373 0.51764706
v -39.00000000 198.00000000 621.80000000 0.81960784 0.57254902 0.50588235
v -66.00000000 196.80000000 615.60000000 0.21568627 0.14509804 0.13725490
v -65.00000000 197.00000000 616.20000000 0.25882353 0.17647059 0.16470588
v -64.80000000 197.00000000 616.20000000 0.29019608 0.18823529 0.18431373
v -64.00000000 197.20000000 616.60000000 0.30980392 0.19607843 0.18039216
v -63.00000000 196.80000000 615.40000000 0.33333333 0.20000000 0.19215686
v -62.40000000 196.80000000 615.20000000 0.34901961 0.20000000 0.18823529
v -62.00000000 196.40000000 614.40000000 0.36470588 0.20392157 0.19607843
v -61.00000000 196.20000000 614.00000000 0.38039216 0.21960784 0.19607843
v -60.00000000 196.00000000 612.40000000 0.40784314 0.23921569 0.21568627
v -59.80000000 195.80000000 611.80000000 0.41960784 0.24313725 0.21960784
v -59.00000000 195.00000000 610.80000000 0.42352941 0.24705882 0.22352941
v -58.00000000 195.00000000 609.80000000 0.44313725 0.25882353 0.23529412
v -57.00000000 194.80000000 608.80000000 0.45882353 0.26666667 0.23921569
v -56.40000000 194.40000000 608.40000000 0.49803922 0.28235294 0.25490196
v -56.00000000 194.00000000 607.60000000 0.52549020 0.30196078 0.26666667
v -55.00000000 194.00000000 607.20000000 0.53725490 0.30588235 0.27450980
v -54.00000000 194.00000000 606.20000000 0.51372549 0.27843137 0.24705882
v -51.00000000 194.00000000 605.80000000 0.61568627 0.36470588 0.32549020
v -50.20000000 194.00000000 606.00000000 0.62352941 0.37254902 0.33333333
v -49.00000000 194.00000000 606.20000000 0.68627451 0.42745098 0.38039216
v -48.20000000 194.00000000 606.20000000 0.69803922 0.43137255 0.38823529
v -48.00000000 194.00000000 606.60000000 0.71372549 0.44705882 0.40392157
v -47.00000000 194.00000000 606.60000000 0.74117647 0.46666667 0.41960784
v -47.00000000 194.40000000 607.40000000 0.72941176 0.46274510 0.41176471
v -46.00000000 194.60000000 607.60000000 0.74117647 0.48235294 0.41960784
v -44.00000000 195.00000000 610.00000000 0.78431373 0.53725490 0.47058824
v -42.00000000 196.00000000 613.20000000 0.80784314 0.56078431 0.49411765
v -42.00000000 196.40000000 614.40000000 0.81176471 0.56470588 0.49803922
v -41.00000000 197.00000000 616.00000000 0.82352941 0.57647059 0.50980392
v -41.00000000 197.40000000 617.40000000 0.83137255 0.58431373 0.51764706
v -40.00000000 198.00000000 618.40000000 0.83529412 0.59607843 0.52549020
v -39.00000000 199.00000000 621.40000000 0.83529412 0.59607843 0.52549020
v -66.00000000 197.20000000 614.60000000 0.20784314 0.13725490 0.13725490
v -65.00000000 197.40000000 615.20000000 0.25490196 0.17254902 0.16078431
v -64.40000000 197.40000000 615.40000000 0.29019608 0.18823529 0.18431373
v -64.00000000 197.60000000 615.40000000 0.30588235 0.18823529 0.18039216
v -63.00000000 197.20000000 614.80000000 0.32941176 0.19607843 0.19215686
v -62.00000000 197.00000000 614.20000000 0.35686275 0.20000000 0.19215686
v -60.00000000 196.40000000 612.40000000 0.40392157 0.23529412 0.21176471
v -58.00000000 195.40000000 609.20000000 0.43529412 0.25882353 0.23529412
v -57.00000000 195.00000000 608.60000000 0.45490196 0.27058824 0.24705882
v -56.00000000 194.80000000 606.80000000 0.51372549 0.29803922 0.27058824
v -55.00000000 194.60000000 606.60000000 0.52941176 0.30588235 0.27058824
v -54.00000000 194.20000000 606.20000000 0.50196078 0.27843137 0.24313725
v -53.00000000 194.00000000 605.80000000 0.55686275 0.32549020 0.29411765
v -52.00000000 194.00000000 605.60000000 0.58823529 0.35294118 0.31372549
v -51.00000000 194.20000000 605.80000000 0.59607843 0.35294118 0.30980392
v -50.00000000 194.00000000 605.60000000 0.60784314 0.35686275 0.31764706
v -49.00000000 194.80000000 606.00000000 0.66666667 0.40784314 0.36078431
v -48.20000000 195.00000000 606.20000000 0.66274510 0.39607843 0.34509804
v -46.00000000 195.00000000 607.60000000 0.72156863 0.47450980 0.40784314
v -45.00000000 195.00000000 608.00000000 0.75294118 0.50588235 0.43921569
v -45.00000000 195.20000000 609.00000000 0.77647059 0.52941176 0.47058824
v -44.00000000 195.60000000 609.60000000 0.78823529 0.54117647 0.48235294
v -43.00000000 196.00000000 611.60000000 0.80784314 0.56078431 0.50196078
v -41.00000000 197.60000000 615.60000000 0.80784314 0.56862745 0.49803922
v -40.00000000 198.40000000 618.40000000 0.83921569 0.60000000 0.52941176
v -39.40000000 199.00000000 619.40000000 0.84705882 0.60784314 0.53725490
v -39.00000000 199.40000000 621.40000000 0.85098039 0.61176471 0.54117647
v -65.80000000 197.60000000 613.40000000 0.19215686 0.12941176 0.12941176
v -64.00000000 197.80000000 614.40000000 0.30196078 0.19215686 0.18039216
v -63.00000000 197.80000000 614.20000000 0.32156863 0.20000000 0.19215686
v -62.00000000 197.60000000 613.60000000 0.34509804 0.20784314 0.19215686
v -62.00000000 197.40000000 613.40000000 0.35294118 0.19607843 0.18823529
v -61.00000000 197.00000000 612.80000000 0.36470588 0.21176471 0.18431373
v -60.00000000 197.00000000 611.80000000 0.39607843 0.22745098 0.20392157
v -59.00000000 196.80000000 610.80000000 0.41176471 0.24313725 0.21568627
v -59.00000000 196.00000000 609.80000000 0.42352941 0.24705882 0.22352941
v -58.00000000 196.00000000 608.80000000 0.43529412 0.26274510 0.22745098
v -57.00000000 195.80000000 607.80000000 0.45490196 0.27058824 0.23921569
v -56.00000000 195.00000000 606.80000000 0.50588235 0.29803922 0.26666667
v -55.00000000 195.00000000 606.00000000 0.51764706 0.30196078 0.27450980
v -54.00000000 195.00000000 605.20000000 0.50588235 0.28235294 0.24705882
v -52.00000000 194.80000000 604.80000000 0.56862745 0.34117647 0.29803922
v -51.00000000 194.60000000 604.80000000 0.55294118 0.31764706 0.27450980
v -50.00000000 194.80000000 605.00000000 0.60000000 0.35686275 0.30588235
v -49.00000000 195.00000000 605.40000000 0.62745098 0.37647059 0.32941176
v -48.00000000 195.00000000 605.40000000 0.63137255 0.37254902 0.32549020
v -47.00000000 195.00000000 605.60000000 0.69411765 0.43529412 0.38039216
v -46.00000000 195.20000000 606.80000000 0.71372549 0.46666667 0.40000000
v -45.00000000 195.60000000 607.60000000 0.74509804 0.49803922 0.43137255
v -45.00000000 195.80000000 608.00000000 0.76862745 0.52549020 0.46666667
v -44.00000000 196.00000000 609.00000000 0.78823529 0.54509804 0.48627451
v -43.60000000 196.20000000 609.80000000 0.80000000 0.55686275 0.49803922
v -42.00000000 197.00000000 612.20000000 0.80392157 0.56470588 0.49411765
v -42.00000000 197.40000000 613.40000000 0.81960784 0.58039216 0.50980392
v -41.00000000 198.00000000 615.20000000 0.81568627 0.57647059 0.50588235
v -41.00000000 198.80000000 616.80000000 0.83529412 0.59607843 0.52549020
v -40.00000000 199.00000000 618.00000000 0.84705882 0.60784314 0.53725490
v -39.40000000 199.40000000 619.40000000 0.84705882 0.60784314 0.53725490
v -39.00000000 200.00000000 621.20000000 0.84313725 0.60392157 0.53333333
v -65.60000000 197.80000000 612.20000000 0.18039216 0.11764706 0.11764706
v -65.00000000 197.80000000 613.00000000 0.23529412 0.15686275 0.15294118
v -64.00000000 198.00000000 613.40000000 0.27450980 0.18039216 0.18039216
v -63.80000000 198.00000000 613.60000000 0.30196078 0.19215686 0.18039216
v -63.00000000 198.00000000 613.60000000 0.32941176 0.20784314 0.20000000
v -62.00000000 198.00000000 613.00000000 0.34901961 0.21176471 0.19607843
v -61.80000000 198.00000000 613.00000000 0.34901961 0.19215686 0.18431373
v -61.00000000 197.80000000 612.00000000 0.35686275 0.20392157 0.17647059
v -60.00000000 197.80000000 611.80000000 0.38431373 0.22352941 0.20000000
v -59.00000000 197.00000000 610.20000000 0.41176471 0.24313725 0.21568627
v -58.80000000 196.80000000 609.40000000 0.42352941 0.25490196 0.22745098
v -58.00000000 196.60000000 608.60000000 0.43529412 0.26274510 0.22745098
v -57.00000000 196.00000000 607.60000000 0.44313725 0.25882353 0.22745098
v -56.00000000 196.00000000 606.00000000 0.48235294 0.27450980 0.25098039
v -54.00000000 195.20000000 605.20000000 0.49019608 0.26666667 0.23921569
v -53.00000000 195.00000000 604.80000000 0.50196078 0.27843137 0.25098039
v -52.00000000 195.00000000 604.60000000 0.52941176 0.29803922 0.26666667
v -51.00000000 195.00000000 604.60000000 0.51764706 0.29019608 0.24705882
v -50.00000000 195.00000000 604.60000000 0.54901961 0.30196078 0.26666667
v -50.00000000 195.20000000 605.00000000 0.58823529 0.34509804 0.30196078
v -49.00000000 195.20000000 605.00000000 0.62745098 0.37647059 0.33725490
v -48.00000000 195.40000000 605.40000000 0.63921569 0.38039216 0.33333333
v -47.00000000 195.60000000 605.60000000 0.69411765 0.43529412 0.38039216
v -46.60000000 195.60000000 605.80000000 0.71372549 0.45490196 0.40000000
v -46.00000000 196.00000000 606.80000000 0.71764706 0.47843137 0.40784314
v -45.00000000 196.00000000 607.00000000 0.74117647 0.50196078 0.43137255
v -44.00000000 196.60000000 608.80000000 0.79215686 0.54901961 0.49019608
v -43.60000000 197.00000000 609.80000000 0.80392157 0.56078431 0.50196078
v -43.00000000 197.00000000 610.60000000 0.80000000 0.55686275 0.49803922
v -41.00000000 198.40000000 614.40000000 0.82352941 0.58431373 0.51372549
v -40.00000000 199.80000000 617.80000000 0.85882353 0.61960784 0.54901961
v -39.20000000 200.00000000 619.20000000 0.85098039 0.61176471 0.54117647
v -39.00000000 200.80000000 620.80000000 0.84313725 0.60392157 0.53333333
v -65.00000000 198.40000000 612.00000000 0.20784314 0.14509804 0.14509804
v -64.00000000 198.60000000 612.40000000 0.25882353 0.18039216 0.18431373
v -63.80000000 198.80000000 612.80000000 0.28235294 0.18823529 0.18039216
v -62.00000000 198.60000000 612.40000000 0.33725490 0.20392157 0.19607843
v -61.20000000 198.20000000 612.00000000 0.34901961 0.20000000 0.18823529
v -61.00000000 198.00000000 611.80000000 0.37254902 0.21176471 0.18823529
v -59.00000000 197.80000000 609.80000000 0.41568627 0.23137255 0.20784314
v -58.80000000 197.00000000 608.80000000 0.44313725 0.25098039 0.23137255
v -58.00000000 197.00000000 607.80000000 0.45098039 0.25490196 0.22745098
v -56.00000000 196.80000000 606.80000000 0.47058824 0.26274510 0.23921569
v -55.00000000 196.00000000 605.00000000 0.49803922 0.28235294 0.25490196
v -54.00000000 196.00000000 604.80000000 0.50196078 0.27843137 0.24313725
v -53.00000000 196.00000000 604.40000000 0.50980392 0.28627451 0.25098039
v -52.00000000 196.00000000 604.20000000 0.50588235 0.28235294 0.24705882
v -51.80000000 195.80000000 604.00000000 0.52156863 0.29019608 0.25882353
v -51.00000000 195.80000000 604.00000000 0.52156863 0.29019608 0.25882353
v -50.00000000 195.80000000 604.00000000 0.59607843 0.35294118 0.30980392
v -49.00000000 196.00000000 604.60000000 0.63921569 0.39607843 0.35294118
v -48.00000000 196.00000000 604.60000000 0.67843137 0.42745098 0.38823529
v -47.00000000 196.00000000 604.80000000 0.70196078 0.45098039 0.41176471
v -46.40000000 196.00000000 605.20000000 0.70588235 0.45490196 0.41568627
v -46.00000000 196.20000000 606.00000000 0.72941176 0.48627451 0.42745098
v -45.00000000 196.20000000 606.20000000 0.74901961 0.50588235 0.44705882
v -44.00000000 197.00000000 608.00000000 0.77647059 0.53333333 0.47450980
v -43.20000000 197.20000000 608.80000000 0.78431373 0.54117647 0.48235294
v -43.00000000 197.60000000 609.80000000 0.80000000 0.55686275 0.49803922
v -42.00000000 198.00000000 611.20000000 0.80784314 0.56470588 0.50588235
v -42.00000000 198.20000000 612.20000000 0.81176471 0.56862745 0.50980392
v -41.00000000 199.80000000 615.80000000 0.82352941 0.58039216 0.52156863
v -40.00000000 200.00000000 617.00000000 0.85882353 0.61568627 0.55686275
v -64.80000000 198.80000000 610.80000000 0.18823529 0.13333333 0.12941176
v -64.00000000 198.80000000 611.60000000 0.24313725 0.17254902 0.17254902
v -63.20000000 198.80000000 611.80000000 0.26274510 0.18039216 0.16862745
v -63.00000000 198.80000000 611.80000000 0.29803922 0.19607843 0.19215686
v -62.00000000 198.80000000 611.40000000 0.32941176 0.20784314 0.19607843
v -61.00000000 198.80000000 611.00000000 0.36470588 0.21176471 0.19215686
v -60.00000000 198.00000000 609.80000000 0.38431373 0.21568627 0.19215686
v -59.00000000 198.00000000 609.40000000 0.40784314 0.23137255 0.20784314
v -58.40000000 198.00000000 608.40000000 0.43529412 0.25098039 0.22745098
v -58.00000000 197.80000000 607.80000000 0.45098039 0.25882353 0.23137255
v -57.00000000 197.00000000 606.80000000 0.46274510 0.26666667 0.23921569
v -56.00000000 197.00000000 605.60000000 0.47843137 0.27058824 0.24705882
v -54.00000000 196.80000000 604.80000000 0.50588235 0.28235294 0.25490196
v -53.00000000 196.20000000 604.20000000 0.50196078 0.27843137 0.25098039
v -52.00000000 196.20000000 604.20000000 0.50196078 0.27058824 0.23921569
v -51.80000000 196.20000000 604.00000000 0.51764706 0.28627451 0.25490196
v -51.00000000 196.20000000 604.00000000 0.51764706 0.28235294 0.24313725
v -50.00000000 196.20000000 603.80000000 0.60392157 0.36078431 0.31764706
v -49.00000000 196.20000000 603.80000000 0.64705882 0.40392157 0.36078431
v -48.00000000 196.60000000 604.40000000 0.69019608 0.43921569 0.39215686
v -47.00000000 196.60000000 604.60000000 0.71372549 0.46274510 0.42352941
v -46.00000000 196.60000000 604.80000000 0.72549020 0.47450980 0.43529412
v -46.00000000 196.80000000 605.40000000 0.72941176 0.48627451 0.42745098
v -45.00000000 196.80000000 605.40000000 0.74901961 0.50588235 0.44705882
v -44.80000000 197.20000000 606.40000000 0.76862745 0.52549020 0.46666667
v -44.00000000 197.20000000 607.00000000 0.77647059 0.53333333 0.47450980
v -43.00000000 197.80000000 608.00000000 0.78823529 0.54509804 0.48627451
v -42.00000000 198.40000000 610.40000000 0.81176471 0.56862745 0.50980392
v -41.00000000 199.00000000 613.00000000 0.83529412 0.59215686 0.53333333
v -40.80000000 200.00000000 614.80000000 0.83529412 0.59215686 0.53333333
v -40.00000000 200.60000000 616.60000000 0.85490196 0.61176471 0.55294118
v -39.00000000 201.00000000 618.40000000 0.85882353 0.61568627 0.55686275
v -64.00000000 199.00000000 610.80000000 0.22352941 0.16078431 0.16078431
v -63.00000000 199.40000000 611.20000000 0.25098039 0.16862745 0.15686275
v -62.00000000 199.20000000 610.80000000 0.31764706 0.20392157 0.18823529
v -61.00000000 199.20000000 610.80000000 0.33725490 0.20392157 0.19607843
v -60.80000000 199.00000000 610.00000000 0.35294118 0.20784314 0.18431373
v -59.00000000 198.80000000 608.80000000 0.40000000 0.23137255 0.20392157
v -58.20000000 198.20000000 608.20000000 0.43137255 0.24705882 0.22352941
v -58.00000000 198.00000000 607.40000000 0.45098039 0.26666667 0.23529412
v -57.00000000 198.00000000 606.60000000 0.46274510 0.26666667 0.23921569
v -56.00000000 197.60000000 605.60000000 0.46274510 0.26274510 0.24705882
v -56.00000000 197.40000000 605.40000000 0.47058824 0.26274510 0.24705882
v -55.00000000 197.00000000 604.40000000 0.48235294 0.26666667 0.24705882
v -54.00000000 197.00000000 604.00000000 0.49411765 0.27843137 0.25882353
v -51.20000000 196.80000000 603.00000000 0.52941176 0.29803922 0.27450980
v -51.00000000 196.80000000 603.00000000 0.54509804 0.30980392 0.27843137
v -47.00000000 197.00000000 603.60000000 0.70588235 0.45490196 0.40784314
v -46.00000000 197.00000000 604.20000000 0.72156863 0.47058824 0.42352941
v -46.00000000 197.20000000 604.80000000 0.73333333 0.48627451 0.42745098
v -45.00000000 197.40000000 605.20000000 0.74901961 0.50196078 0.44313725
v -44.40000000 197.40000000 605.60000000 0.76862745 0.52156863 0.46274510
v -44.00000000 198.00000000 606.60000000 0.78039216 0.53333333 0.47450980
v -43.00000000 198.00000000 607.20000000 0.79607843 0.54901961 0.49019608
v -43.00000000 198.40000000 608.40000000 0.81568627 0.56862745 0.50980392
v -42.00000000 199.00000000 609.60000000 0.82352941 0.57647059 0.51764706
v -41.00000000 200.00000000 612.80000000 0.83137255 0.58431373 0.52549020
v -40.80000000 200.80000000 614.80000000 0.85098039 0.60392157 0.54509804
v -40.00000000 201.00000000 616.20000000 0.85882353 0.61176471 0.55294118
v -39.00000000 202.00000000 618.20000000 0.85882353 0.61176471 0.55294118
v -64.00000000 199.80000000 609.80000000 0.21176471 0.14901961 0.14901961
v -63.00000000 199.80000000 609.80000000 0.24313725 0.16862745 0.15294118
v -62.80000000 199.80000000 610.20000000 0.27450980 0.18039216 0.17254902
v -62.00000000 199.80000000 610.00000000 0.30980392 0.19607843 0.18039216
v -61.00000000 199.60000000 609.80000000 0.33333333 0.20000000 0.19215686
v -60.60000000 199.60000000 609.60000000 0.34901961 0.20392157 0.18039216
v -60.00000000 199.00000000 608.80000000 0.37647059 0.21568627 0.20000000
v -59.00000000 199.00000000 608.20000000 0.40392157 0.22745098 0.20784314
v -58.00000000 199.00000000 607.20000000 0.42745098 0.23921569 0.22352941
v -58.00000000 198.80000000 607.00000000 0.45490196 0.26274510 0.24313725
v -57.00000000 198.20000000 606.00000000 0.46274510 0.26274510 0.24705882
v -56.00000000 198.00000000 605.60000000 0.47843137 0.27843137 0.26274510
v -55.60000000 198.00000000 604.60000000 0.48627451 0.27843137 0.26274510
v -54.00000000 197.40000000 603.40000000 0.50196078 0.29411765 0.27058824
v -53.00000000 197.00000000 603.00000000 0.49803922 0.28235294 0.26274510
v -52.00000000 197.00000000 602.80000000 0.53725490 0.31372549 0.28627451
v -51.00000000 197.00000000 602.60000000 0.57647059 0.34509804 0.31372549
v -50.00000000 197.00000000 602.60000000 0.59215686 0.35686275 0.32549020
v -49.60000000 197.00000000 602.60000000 0.61176471 0.37647059 0.33333333
v -49.00000000 197.00000000 602.60000000 0.64705882 0.40392157 0.36078431
v -48.00000000 197.00000000 602.80000000 0.67058824 0.41960784 0.38039216
v -47.80000000 197.00000000 602.80000000 0.68627451 0.43529412 0.39607843
v -47.00000000 197.40000000 603.20000000 0.70196078 0.45098039 0.40392157
v -46.00000000 197.40000000 603.20000000 0.71764706 0.46666667 0.41960784
v -46.00000000 197.80000000 604.00000000 0.72549020 0.48235294 0.42352941
v -45.00000000 198.00000000 604.40000000 0.74117647 0.49803922 0.43921569
v -44.40000000 198.00000000 605.40000000 0.76470588 0.52156863 0.46274510
v -44.00000000 198.20000000 606.20000000 0.78039216 0.53725490 0.47843137
v -42.00000000 199.60000000 609.60000000 0.81960784 0.57647059 0.51764706
v -41.00000000 200.40000000 612.40000000 0.82352941 0.58039216 0.52156863
v -40.40000000 201.00000000 614.40000000 0.85098039 0.60784314 0.54901961
v -39.00000000 202.20000000 618.20000000 0.85490196 0.61176471 0.55294118
v -62.40000000 200.00000000 609.20000000 0.27450980 0.18039216 0.18039216
v -62.00000000 200.00000000 609.00000000 0.30196078 0.19215686 0.18039216
v -61.00000000 200.00000000 609.40000000 0.32156863 0.20000000 0.19215686
v -59.00000000 199.80000000 607.80000000 0.39607843 0.22745098 0.20392157
v -58.00000000 199.20000000 607.00000000 0.41176471 0.23529412 0.21568627
v -57.80000000 199.00000000 606.00000000 0.44313725 0.25882353 0.23529412
v -57.00000000 199.00000000 605.80000000 0.45098039 0.25882353 0.23921569
v -56.00000000 198.80000000 604.80000000 0.45882353 0.26666667 0.24705882
v -55.60000000 198.60000000 604.60000000 0.46274510 0.26274510 0.24705882
v -55.00000000 198.00000000 603.40000000 0.47058824 0.27058824 0.25490196
v -54.00000000 198.00000000 603.00000000 0.48627451 0.28627451 0.27058824
v -51.00000000 197.80000000 602.40000000 0.59607843 0.36470588 0.33333333
v -49.40000000 198.00000000 602.40000000 0.62352941 0.38823529 0.34901961
v -49.00000000 198.00000000 602.60000000 0.64705882 0.41176471 0.37254902
v -48.00000000 198.00000000 602.60000000 0.67058824 0.42745098 0.38431373
v -47.80000000 198.00000000 602.80000000 0.68235294 0.43921569 0.39607843
v -47.00000000 198.00000000 602.60000000 0.69803922 0.45490196 0.40392157
v -46.00000000 198.00000000 603.20000000 0.70588235 0.46274510 0.41176471
v -45.00000000 198.20000000 604.00000000 0.74509804 0.50196078 0.44313725
v -44.20000000 198.60000000 604.80000000 0.77254902 0.52941176 0.47058824
v -43.00000000 199.00000000 606.20000000 0.80392157 0.56078431 0.50196078
v -43.00000000 199.40000000 607.40000000 0.81568627 0.57254902 0.51372549
v -42.00000000 200.00000000 608.60000000 0.81960784 0.57647059 0.51764706
v -42.00000000 200.60000000 610.60000000 0.81568627 0.57254902 0.51372549
v -41.00000000 201.00000000 612.20000000 0.83529412 0.59215686 0.53333333
v -40.20000000 201.60000000 613.80000000 0.85490196 0.61176471 0.55294118
v -39.00000000 203.00000000 617.20000000 0.84705882 0.60392157 0.54509804
v -64.00000000 200.00000000 607.60000000 0.18039216 0.13333333 0.13333333
v -63.00000000 200.00000000 607.60000000 0.23137255 0.17254902 0.16078431
v -62.00000000 200.40000000 608.20000000 0.29803922 0.20000000 0.18431373
v -61.00000000 200.20000000 608.20000000 0.31764706 0.20000000 0.19215686
v -60.00000000 200.20000000 608.20000000 0.34117647 0.21176471 0.19215686
v -60.00000000 200.00000000 607.40000000 0.36862745 0.21960784 0.20784314
v -59.00000000 200.00000000 607.40000000 0.38431373 0.23137255 0.20392157
v -57.80000000 199.80000000 606.00000000 0.41568627 0.24705882 0.22352941
v -57.00000000 199.20000000 605.00000000 0.43529412 0.24705882 0.23137255
v -56.00000000 199.00000000 604.40000000 0.45098039 0.25882353 0.23921569
v -55.00000000 198.80000000 602.80000000 0.47843137 0.27843137 0.26274510
v -54.00000000 198.80000000 602.80000000 0.49803922 0.29803922 0.28235294
v -53.00000000 198.00000000 602.00000000 0.51764706 0.30980392 0.28627451
v -52.00000000 198.00000000 601.80000000 0.55686275 0.34117647 0.31372549
v -51.00000000 198.00000000 601.60000000 0.58039216 0.35686275 0.32156863
v -50.00000000 198.00000000 601.60000000 0.59607843 0.37254902 0.33725490
v -49.20000000 198.20000000 601.80000000 0.62352941 0.39607843 0.35294118
v -49.00000000 198.20000000 601.80000000 0.63921569 0.41176471 0.36862745
v -48.00000000 198.20000000 602.00000000 0.65490196 0.41960784 0.38039216
v -47.20000000 198.20000000 602.00000000 0.66666667 0.43137255 0.39215686
v -47.00000000 198.60000000 602.60000000 0.69019608 0.44705882 0.40392157
v -46.00000000 198.60000000 602.60000000 0.69803922 0.45490196 0.41176471
v -45.00000000 199.00000000 603.80000000 0.74901961 0.50588235 0.44705882
v -44.00000000 199.00000000 604.60000000 0.77647059 0.53333333 0.48235294
v -44.00000000 199.20000000 605.20000000 0.79215686 0.54901961 0.49803922
v -42.00000000 200.40000000 608.40000000 0.81960784 0.57647059 0.51764706
v -41.80000000 201.00000000 610.00000000 0.81960784 0.57647059 0.51764706
v -41.00000000 201.60000000 611.60000000 0.83921569 0.59607843 0.53725490
v -40.00000000 202.00000000 613.20000000 0.85882353 0.61568627 0.55686275
v -39.00000000 203.20000000 616.80000000 0.84705882 0.60392157 0.55294118
v -63.60000000 200.60000000 606.60000000 0.17647059 0.12941176 0.12941176
v -63.00000000 200.60000000 606.60000000 0.22745098 0.16470588 0.16470588
v -59.00000000 200.40000000 606.40000000 0.38431373 0.23921569 0.21568627
v -58.00000000 200.00000000 606.00000000 0.40392157 0.24313725 0.22745098
v -57.20000000 200.00000000 605.00000000 0.40392157 0.24313725 0.21960784
v -56.00000000 199.80000000 603.80000000 0.44705882 0.25490196 0.23529412
v -55.00000000 199.00000000 602.80000000 0.47843137 0.27843137 0.26274510
v -54.00000000 199.00000000 602.00000000 0.49411765 0.29411765 0.27843137
v -48.00000000 199.00000000 601.80000000 0.65490196 0.41960784 0.38039216
v -47.20000000 199.00000000 602.00000000 0.67058824 0.43529412 0.39607843
v -47.00000000 199.00000000 602.00000000 0.69019608 0.44705882 0.40392157
v -46.00000000 199.00000000 602.40000000 0.70196078 0.45882353 0.41568627
v -45.00000000 199.20000000 603.20000000 0.74117647 0.49803922 0.43921569
v -44.00000000 199.60000000 603.80000000 0.76470588 0.52156863 0.47058824
v -43.00000000 200.00000000 605.20000000 0.79215686 0.54901961 0.49803922
v -43.00000000 200.40000000 606.40000000 0.80784314 0.56470588 0.51372549
v -42.00000000 201.00000000 607.40000000 0.82352941 0.58039216 0.52156863
v -41.40000000 201.40000000 609.40000000 0.82745098 0.58431373 0.52549020
v -40.00000000 202.60000000 612.60000000 0.85490196 0.61176471 0.55294118
v -39.00000000 204.20000000 618.20000000 0.80000000 0.55686275 0.50588235
v -62.00000000 201.00000000 606.40000000 0.27450980 0.19607843 0.19215686
v -61.40000000 201.00000000 606.40000000 0.29803922 0.20392157 0.19607843
v -61.00000000 201.00000000 606.60000000 0.30980392 0.20000000 0.18823529
v -60.00000000 201.00000000 606.40000000 0.36470588 0.22745098 0.21176471
v -59.00000000 201.00000000 606.40000000 0.38823529 0.24313725 0.21960784
v -57.00000000 200.40000000 604.40000000 0.40392157 0.24313725 0.21960784
v -57.00000000 200.00000000 604.00000000 0.41960784 0.24313725 0.22352941
v -56.00000000 200.00000000 603.00000000 0.43921569 0.24705882 0.22745098
v -54.00000000 199.80000000 601.80000000 0.48627451 0.28627451 0.27058824
v -53.00000000 199.00000000 601.00000000 0.42745098 0.21960784 0.19607843
v -52.00000000 199.00000000 600.80000000 0.36862745 0.15294118 0.12549020
v -51.00000000 199.00000000 600.40000000 0.42352941 0.20000000 0.17254902
v -50.00000000 199.00000000 600.40000000 0.58431373 0.35294118 0.32156863
v -49.00000000 199.00000000 600.40000000 0.64313725 0.41176471 0.38039216
v -48.00000000 199.20000000 601.00000000 0.67058824 0.43529412 0.40392157
v -47.00000000 199.20000000 601.00000000 0.67843137 0.44313725 0.41176471
v -47.00000000 199.40000000 601.40000000 0.68627451 0.43921569 0.40392157
v -46.00000000 199.40000000 601.40000000 0.69411765 0.45098039 0.40784314
v -45.00000000 200.00000000 602.60000000 0.73333333 0.48627451 0.42745098
v -44.00000000 200.00000000 603.40000000 0.74901961 0.49803922 0.45098039
v -44.00000000 200.20000000 604.00000000 0.76470588 0.51372549 0.46666667
v -43.00000000 200.80000000 605.00000000 0.78823529 0.53725490 0.49019608
v -42.00000000 201.20000000 607.20000000 0.83137255 0.58431373 0.52549020
v -41.00000000 202.40000000 610.40000000 0.84705882 0.60000000 0.54117647
v -40.00000000 203.00000000 612.00000000 0.85882353 0.61176471 0.55294118
v -40.00000000 203.60000000 613.60000000 0.84313725 0.59215686 0.54509804
v -39.00000000 204.00000000 615.60000000 0.83529412 0.58431373 0.53725490
v -38.00000000 205.00000000 619.00000000 0.75686275 0.50588235 0.45882353
v -63.00000000 201.00000000 605.40000000 0.23921569 0.16862745 0.16862745
v -61.20000000 201.60000000 605.80000000 0.29019608 0.19607843 0.18039216
v -59.80000000 201.80000000 606.00000000 0.36078431 0.22745098 0.21960784
v -59.00000000 201.60000000 605.60000000 0.38039216 0.23529412 0.21176471
v -58.00000000 201.00000000 604.60000000 0.40000000 0.23921569 0.22352941
v -57.00000000 201.00000000 603.20000000 0.43921569 0.24705882 0.23137255
v -55.00000000 200.00000000 601.80000000 0.47450980 0.27450980 0.25882353
v -54.00000000 200.00000000 601.00000000 0.49019608 0.29019608 0.27450980
v -50.00000000 199.80000000 599.80000000 0.53333333 0.30980392 0.28235294
v -49.00000000 199.80000000 600.00000000 0.61568627 0.38431373 0.35294118
v -46.00000000 200.00000000 600.80000000 0.72156863 0.45882353 0.42745098
v -45.40000000 200.00000000 601.40000000 0.71372549 0.46274510 0.42352941
v -45.00000000 200.20000000 602.00000000 0.72156863 0.47843137 0.43529412
v -44.00000000 200.40000000 602.60000000 0.74117647 0.49803922 0.43921569
v -43.00000000 201.00000000 604.00000000 0.78431373 0.54509804 0.47450980
v -42.20000000 201.20000000 605.20000000 0.80392157 0.56470588 0.49411765
v -41.00000000 202.00000000 607.80000000 0.82745098 0.58823529 0.51764706
v -40.00000000 203.40000000 611.40000000 0.85490196 0.60784314 0.54117647
v -63.00000000 201.60000000 604.60000000 0.24313725 0.17254902 0.17254902
v -62.00000000 201.60000000 604.80000000 0.27450980 0.19215686 0.18823529
v -61.00000000 201.80000000 605.00000000 0.28627451 0.20392157 0.19215686
v -59.20000000 201.80000000 605.00000000 0.36078431 0.22745098 0.21960784
v -59.00000000 201.80000000 604.80000000 0.37254902 0.22745098 0.20392157
v -58.00000000 201.40000000 604.40000000 0.39607843 0.23529412 0.21960784
v -57.00000000 201.20000000 603.20000000 0.43529412 0.25098039 0.22745098
v -56.00000000 201.00000000 602.20000000 0.43921569 0.24705882 0.23137255
v -54.80000000 200.80000000 600.80000000 0.46666667 0.27450980 0.25490196
v -54.00000000 200.80000000 600.80000000 0.49019608 0.29803922 0.27843137
v -53.00000000 200.00000000 600.00000000 0.47450980 0.28235294 0.26274510
v -52.00000000 200.00000000 599.00000000 0.43529412 0.24313725 0.21568627
v -50.00000000 200.00000000 598.80000000 0.41176471 0.19607843 0.16862745
v -49.00000000 200.00000000 599.00000000 0.55294118 0.32941176 0.29411765
v -48.80000000 200.00000000 599.00000000 0.60392157 0.36862745 0.33725490
v -48.00000000 200.00000000 599.40000000 0.61960784 0.37254902 0.33725490
v -47.00000000 200.00000000 599.40000000 0.58431373 0.33333333 0.29803922
v -47.00000000 200.20000000 599.80000000 0.66274510 0.40000000 0.36862745
v -46.00000000 200.20000000 599.80000000 0.71764706 0.45490196 0.42352941
v -45.20000000 200.60000000 600.80000000 0.70588235 0.46274510 0.41960784
v -45.00000000 200.80000000 601.00000000 0.71764706 0.47450980 0.43137255
v -44.00000000 201.00000000 602.00000000 0.74117647 0.49803922 0.43921569
v -43.00000000 201.60000000 603.60000000 0.78039216 0.54117647 0.47058824
v -40.00000000 204.60000000 612.60000000 0.85490196 0.60784314 0.54117647
v -39.00000000 205.00000000 614.40000000 0.81176471 0.56470588 0.50588235
v -38.00000000 206.00000000 618.00000000 0.68627451 0.43529412 0.39607843
v -62.80000000 202.00000000 603.80000000 0.23137255 0.16862745 0.17254902
v -61.00000000 202.00000000 604.20000000 0.29019608 0.20784314 0.19607843
v -60.00000000 202.00000000 604.80000000 0.32549020 0.21960784 0.19215686
v -59.00000000 202.00000000 604.60000000 0.35294118 0.23137255 0.21176471
v -58.00000000 202.00000000 603.80000000 0.39215686 0.23137255 0.21568627
v -57.00000000 201.40000000 602.40000000 0.43529412 0.25098039 0.22745098
v -56.00000000 201.20000000 602.20000000 0.43529412 0.24313725 0.22745098
v -55.00000000 201.00000000 601.20000000 0.44313725 0.25098039 0.23529412
v -54.80000000 201.00000000 600.80000000 0.45098039 0.25882353 0.23921569
v -51.00000000 200.00000000 599.00000000 0.49019608 0.29803922 0.27058824
v -49.00000000 200.80000000 598.80000000 0.55294118 0.34117647 0.30196078
v -48.80000000 200.80000000 599.00000000 0.54117647 0.30980392 0.27843137
v -48.00000000 200.80000000 599.00000000 0.61176471 0.37647059 0.33725490
v -45.00000000 201.00000000 600.00000000 0.70588235 0.46274510 0.41960784
v -44.00000000 201.20000000 601.20000000 0.73725490 0.49411765 0.43529412
v -42.00000000 202.00000000 603.80000000 0.79607843 0.55686275 0.48627451
v -41.00000000 203.00000000 606.60000000 0.82352941 0.58431373 0.51372549
v -40.00000000 204.00000000 610.00000000 0.85490196 0.60784314 0.54117647
v -39.00000000 205.80000000 613.80000000 0.80784314 0.56078431 0.50196078
v -62.00000000 202.00000000 603.00000000 0.22745098 0.16470588 0.16862745
v -62.00000000 202.40000000 603.40000000 0.26666667 0.18823529 0.19215686
v -61.00000000 202.60000000 603.60000000 0.29019608 0.20784314 0.19607843
v -61.00000000 202.80000000 603.80000000 0.30980392 0.21176471 0.19607843
v -59.00000000 202.80000000 603.80000000 0.36862745 0.22352941 0.19215686
v -58.00000000 202.60000000 603.60000000 0.39607843 0.23529412 0.21176471
v -57.00000000 202.00000000 602.20000000 0.43137255 0.23921569 0.21960784
v -56.00000000 202.00000000 601.40000000 0.44313725 0.25098039 0.23529412
v -54.00000000 201.00000000 599.80000000 0.48627451 0.28627451 0.27058824
v -53.00000000 201.00000000 599.00000000 0.45490196 0.26274510 0.24313725
v -50.00000000 200.80000000 598.00000000 0.54509804 0.32941176 0.30196078
v -48.20000000 201.00000000 598.20000000 0.44313725 0.20784314 0.17647059
v -47.00000000 201.00000000 598.40000000 0.64705882 0.40000000 0.36470588
v -46.00000000 201.00000000 599.40000000 0.68235294 0.43137255 0.39607843
v -45.00000000 201.20000000 599.80000000 0.69411765 0.45098039 0.40784314
v -44.00000000 201.60000000 600.80000000 0.73725490 0.49411765 0.44313725
v -43.60000000 202.00000000 601.60000000 0.76078431 0.51764706 0.46666667
v -43.00000000 202.40000000 602.40000000 0.77647059 0.53725490 0.46666667
v -38.80000000 206.80000000 614.80000000 0.69803922 0.45490196 0.40392157
v -38.00000000 207.00000000 616.80000000 0.56078431 0.31764706 0.26666667
v -61.00000000 203.00000000 603.00000000 0.28627451 0.20392157 0.19215686
v -60.00000000 203.00000000 603.80000000 0.32941176 0.21568627 0.20000000
v -59.00000000 203.00000000 603.80000000 0.38039216 0.22745098 0.20000000
v -58.00000000 203.00000000 602.80000000 0.40392157 0.23529412 0.21176471
v -57.00000000 203.00000000 602.80000000 0.40784314 0.23137255 0.20784314
v -56.80000000 202.80000000 601.80000000 0.42745098 0.23529412 0.21568627
v -56.00000000 202.40000000 601.40000000 0.43529412 0.24313725 0.22745098
v -55.00000000 202.00000000 600.20000000 0.44313725 0.24313725 0.23137255
v -53.00000000 201.60000000 598.60000000 0.46666667 0.27450980 0.25490196
v -52.00000000 201.00000000 597.80000000 0.48627451 0.29019608 0.26274510
v -51.00000000 201.00000000 597.80000000 0.48235294 0.28627451 0.25882353
v -50.00000000 201.00000000 597.80000000 0.40000000 0.19215686 0.16078431
v -49.00000000 201.00000000 597.80000000 0.54509804 0.32156863 0.28627451
v -48.00000000 201.00000000 597.80000000 0.53725490 0.30196078 0.27058824
v -48.00000000 201.20000000 598.20000000 0.59607843 0.36078431 0.32156863
v -47.00000000 201.40000000 598.40000000 0.62745098 0.37647059 0.34117647
v -46.40000000 201.40000000 598.40000000 0.63137255 0.38039216 0.34509804
v -46.00000000 201.80000000 598.80000000 0.65490196 0.39215686 0.36078431
v -44.00000000 202.00000000 600.20000000 0.74117647 0.49019608 0.44313725
v -43.00000000 202.00000000 600.80000000 0.76862745 0.51764706 0.47058824
v -41.00000000 204.80000000 606.80000000 0.83921569 0.60000000 0.52941176
v -39.00000000 206.40000000 612.40000000 0.79607843 0.55294118 0.49411765
v -38.60000000 207.00000000 614.60000000 0.63137255 0.40000000 0.34509804
v -62.00000000 203.00000000 601.80000000 0.22745098 0.16470588 0.16862745
v -61.00000000 203.60000000 602.60000000 0.27450980 0.19607843 0.19215686
v -60.80000000 203.80000000 602.80000000 0.30588235 0.21176471 0.19607843
v -59.00000000 204.00000000 603.40000000 0.38039216 0.23529412 0.21176471
v -58.00000000 203.80000000 602.80000000 0.39607843 0.23529412 0.21960784
v -57.00000000 203.20000000 602.00000000 0.40392157 0.22745098 0.20784314
v -56.80000000 203.00000000 601.80000000 0.42352941 0.23529412 0.21960784
v -56.00000000 203.00000000 600.80000000 0.43137255 0.23921569 0.22352941
v -55.00000000 202.80000000 599.80000000 0.43921569 0.24705882 0.23137255
v -54.00000000 202.20000000 599.20000000 0.46274510 0.27843137 0.25490196
v -54.00000000 202.00000000 598.20000000 0.47450980 0.29019608 0.26666667
v -53.00000000 202.00000000 598.20000000 0.46666667 0.28235294 0.25882353
v -52.00000000 202.00000000 597.60000000 0.43137255 0.24705882 0.22352941
v -51.00000000 201.80000000 597.00000000 0.45098039 0.25490196 0.22745098
v -50.00000000 201.80000000 597.00000000 0.39607843 0.20000000 0.16470588
v -49.00000000 201.80000000 596.80000000 0.50588235 0.29411765 0.25490196
v -48.00000000 201.80000000 596.80000000 0.54117647 0.30980392 0.27843137
v -46.00000000 202.00000000 597.80000000 0.60784314 0.36078431 0.32549020
v -45.00000000 202.00000000 598.60000000 0.70980392 0.45098039 0.40392157
v -44.00000000 202.60000000 599.60000000 0.74901961 0.49019608 0.44313725
v -43.00000000 202.80000000 600.20000000 0.77647059 0.51764706 0.47058824
v -42.00000000 203.00000000 602.00000000 0.78823529 0.54117647 0.48235294
v -41.00000000 204.00000000 605.00000000 0.82352941 0.57647059 0.50588235
v -40.00000000 205.00000000 607.60000000 0.84313725 0.60392157 0.53333333
v -39.60000000 206.00000000 609.60000000 0.84705882 0.61568627 0.54509804
v -38.00000000 207.60000000 613.60000000 0.56078431 0.33333333 0.27843137
v -61.00000000 204.00000000 601.80000000 0.27058824 0.19215686 0.18823529
v -60.60000000 204.00000000 602.60000000 0.30196078 0.20784314 0.20000000
v -60.00000000 204.00000000 602.60000000 0.32941176 0.21960784 0.20392157
v -59.00000000 204.20000000 603.20000000 0.36078431 0.23921569 0.22745098
v -58.00000000 204.00000000 602.40000000 0.39607843 0.23529412 0.21960784
v -57.00000000 204.00000000 602.00000000 0.40392157 0.23529412 0.21176471
v -56.20000000 203.80000000 601.00000000 0.41176471 0.23529412 0.21568627
v -56.00000000 203.40000000 600.20000000 0.43529412 0.24705882 0.23137255
v -55.00000000 203.00000000 599.40000000 0.44313725 0.25490196 0.23921569
v -54.00000000 203.00000000 598.20000000 0.47843137 0.29411765 0.27058824
v -53.00000000 202.80000000 597.80000000 0.47450980 0.29803922 0.27450980
v -52.00000000 202.60000000 597.60000000 0.43529412 0.25098039 0.22745098
v -51.80000000 202.20000000 597.00000000 0.44705882 0.26274510 0.23137255
v -51.00000000 202.20000000 597.00000000 0.45098039 0.25882353 0.23137255
v -50.00000000 202.00000000 596.80000000 0.51764706 0.30980392 0.27843137
v -49.00000000 202.00000000 596.80000000 0.51372549 0.30980392 0.26666667
v -48.00000000 202.00000000 596.80000000 0.57647059 0.35294118 0.31764706
v -47.00000000 202.00000000 596.80000000 0.65098039 0.40392157 0.36862745
v -46.00000000 202.60000000 597.60000000 0.67843137 0.41568627 0.38431373
v -45.00000000 202.80000000 597.80000000 0.68627451 0.42745098 0.38039216
v -44.80000000 202.80000000 598.00000000 0.72156863 0.45490196 0.41176471
v -44.00000000 203.00000000 598.80000000 0.75686275 0.49019608 0.44705882
v -43.00000000 203.00000000 599.60000000 0.77647059 0.50980392 0.46666667
v -43.00000000 203.40000000 600.40000000 0.78431373 0.52549020 0.47058824
v -39.00000000 206.00000000 608.80000000 0.84705882 0.62352941 0.54901961
v -62.00000000 204.00000000 600.20000000 0.21568627 0.16078431 0.16078431
v -61.00000000 204.40000000 601.40000000 0.26666667 0.19607843 0.18823529
v -60.00000000 204.60000000 601.60000000 0.29019608 0.20784314 0.19607843
v -60.00000000 204.80000000 602.20000000 0.31764706 0.21960784 0.20392157
v -58.20000000 205.00000000 602.20000000 0.36862745 0.23137255 0.20784314
v -58.00000000 204.40000000 601.60000000 0.39215686 0.23921569 0.21960784
v -57.00000000 204.40000000 601.20000000 0.39607843 0.23529412 0.21960784
v -56.00000000 204.00000000 599.80000000 0.41960784 0.23137255 0.21568627
v -55.00000000 203.80000000 598.80000000 0.43137255 0.23921569 0.22352941
v -54.00000000 203.20000000 598.20000000 0.46274510 0.27843137 0.25490196
v -53.40000000 203.00000000 597.40000000 0.47450980 0.29019608 0.26666667
v -53.00000000 203.00000000 597.00000000 0.49411765 0.30980392 0.28627451
v -52.00000000 203.00000000 596.80000000 0.43921569 0.25490196 0.23137255
v -51.40000000 203.00000000 596.40000000 0.45098039 0.25882353 0.23137255
v -51.00000000 202.80000000 596.20000000 0.48235294 0.28627451 0.25882353
v -50.00000000 202.80000000 596.00000000 0.47058824 0.27450980 0.23921569
v -49.80000000 202.80000000 595.80000000 0.49019608 0.27450980 0.24705882
v -49.00000000 202.80000000 595.80000000 0.49019608 0.27843137 0.23921569
v -48.00000000 202.80000000 595.80000000 0.56470588 0.33333333 0.30196078
v -47.00000000 202.80000000 595.80000000 0.64705882 0.40000000 0.36470588
v -45.00000000 203.00000000 597.00000000 0.70980392 0.44313725 0.40000000
v -44.20000000 203.00000000 597.20000000 0.73333333 0.45882353 0.41960784
v -44.00000000 203.20000000 598.00000000 0.75686275 0.49019608 0.44705882
v -43.00000000 203.60000000 598.60000000 0.78039216 0.51372549 0.47058824
v -42.00000000 204.00000000 600.20000000 0.79607843 0.53725490 0.48235294
v -41.00000000 205.00000000 603.20000000 0.81568627 0.56862745 0.49803922
v -40.00000000 206.00000000 606.00000000 0.83137255 0.60000000 0.52941176
v -39.00000000 207.40000000 610.40000000 0.77647059 0.54901961 0.49411765
v -38.00000000 208.00000000 612.60000000 0.49411765 0.27450980 0.21568627
v -62.00000000 204.80000000 599.80000000 0.17647059 0.13725490 0.13333333
v -61.20000000 205.00000000 600.20000000 0.23921569 0.18431373 0.18039216
v -60.00000000 205.00000000 601.40000000 0.29803922 0.20392157 0.19607843
v -59.00000000 205.00000000 601.40000000 0.36470588 0.23137255 0.22352941
v -58.00000000 205.00000000 601.00000000 0.38431373 0.23137255 0.21176471
v -57.00000000 205.00000000 600.60000000 0.39215686 0.23921569 0.21176471
v -56.00000000 204.80000000 600.20000000 0.41176471 0.24313725 0.21960784
v -55.80000000 204.40000000 599.20000000 0.41176471 0.24313725 0.20784314
v -55.00000000 204.00000000 598.60000000 0.41960784 0.24705882 0.21176471
v -54.00000000 204.00000000 597.60000000 0.45490196 0.27058824 0.23921569
v -53.20000000 204.00000000 597.20000000 0.49019608 0.30588235 0.27450980
v -53.00000000 203.40000000 596.40000000 0.47058824 0.28235294 0.24313725
v -52.00000000 203.40000000 596.40000000 0.47450980 0.27843137 0.24313725
v -51.40000000 203.40000000 596.20000000 0.46274510 0.26666667 0.22352941
v -51.00000000 203.40000000 596.20000000 0.50980392 0.29803922 0.25882353
v -50.00000000 203.00000000 595.80000000 0.53333333 0.32156863 0.28235294
v -49.80000000 203.00000000 595.80000000 0.52941176 0.29803922 0.26666667
v -49.00000000 203.00000000 595.80000000 0.52941176 0.30196078 0.25882353
v -48.00000000 203.00000000 595.80000000 0.63137255 0.38823529 0.34509804
v -47.00000000 203.00000000 595.80000000 0.66274510 0.41176471 0.37254902
v -46.00000000 203.00000000 595.80000000 0.68627451 0.43529412 0.39607843
v -46.00000000 203.60000000 596.60000000 0.69803922 0.43529412 0.40000000
v -45.00000000 203.60000000 596.60000000 0.71764706 0.45098039 0.40000000
v -44.20000000 203.80000000 597.00000000 0.73725490 0.46274510 0.41568627
v -43.00000000 204.00000000 598.40000000 0.76862745 0.50196078 0.45098039
v -43.00000000 204.20000000 599.20000000 0.77254902 0.51372549 0.45098039
v -41.00000000 205.20000000 602.20000000 0.81568627 0.57647059 0.50196078
v -40.20000000 206.00000000 604.20000000 0.81960784 0.58823529 0.51764706
v -40.00000000 206.60000000 605.60000000 0.81960784 0.58823529 0.52549020
v -39.00000000 207.00000000 607.60000000 0.83921569 0.60784314 0.54509804
v -38.00000000 208.40000000 611.40000000 0.48627451 0.25098039 0.20784314
v -61.00000000 205.00000000 599.80000000 0.23137255 0.17647059 0.17254902
v -61.00000000 205.20000000 600.20000000 0.27058824 0.19607843 0.18039216
v -60.00000000 205.40000000 600.40000000 0.29411765 0.20000000 0.19215686
v -60.00000000 205.80000000 601.00000000 0.32941176 0.21568627 0.20000000
v -58.00000000 205.80000000 600.80000000 0.38823529 0.23529412 0.21568627
v -57.00000000 205.40000000 600.20000000 0.40000000 0.23921569 0.21568627
v -56.00000000 205.00000000 599.60000000 0.40784314 0.23921569 0.21568627
v -55.80000000 205.00000000 599.00000000 0.41960784 0.25098039 0.22352941
v -55.00000000 205.00000000 598.60000000 0.42745098 0.25098039 0.22745098
v -54.00000000 204.40000000 597.40000000 0.45882353 0.27450980 0.25098039
v -53.00000000 204.00000000 596.20000000 0.48235294 0.29019608 0.26274510
v -52.00000000 204.00000000 595.80000000 0.47843137 0.27058824 0.24705882
v -50.00000000 203.80000000 595.20000000 0.56862745 0.34509804 0.30980392
v -49.00000000 203.80000000 594.80000000 0.57647059 0.34117647 0.30980392
v -48.00000000 203.80000000 594.80000000 0.62352941 0.37647059 0.34117647
v -47.80000000 203.80000000 595.00000000 0.65490196 0.40392157 0.36470588
v -47.00000000 203.80000000 595.00000000 0.66666667 0.41568627 0.37647059
v -46.00000000 204.00000000 595.60000000 0.68627451 0.42352941 0.38823529
v -45.00000000 204.00000000 596.00000000 0.71372549 0.44705882 0.39607843
v -44.00000000 204.00000000 596.00000000 0.72549020 0.45882353 0.40784314
v -44.00000000 204.20000000 597.00000000 0.74509804 0.47843137 0.42745098
v -43.00000000 204.40000000 597.40000000 0.76078431 0.49411765 0.44313725
v -42.00000000 205.00000000 599.20000000 0.78823529 0.52941176 0.46666667
v -41.60000000 205.60000000 600.60000000 0.80000000 0.56078431 0.49019608
v -40.00000000 206.20000000 603.20000000 0.81176471 0.58039216 0.50980392
v -39.00000000 207.60000000 606.60000000 0.83921569 0.61568627 0.54901961
v -38.00000000 209.60000000 612.60000000 0.45882353 0.23137255 0.18823529
v -37.00000000 210.00000000 614.40000000 0.47450980 0.25098039 0.21568627
v -59.00000000 206.00000000 600.40000000 0.36078431 0.22745098 0.21960784
v -58.00000000 206.00000000 600.20000000 0.37647059 0.23137255 0.20784314
v -57.00000000 206.00000000 599.80000000 0.40392157 0.24313725 0.21960784
v -55.40000000 205.40000000 598.40000000 0.43137255 0.25490196 0.23529412
v -55.00000000 205.20000000 598.20000000 0.43921569 0.26274510 0.24313725
v -54.00000000 205.00000000 597.20000000 0.45490196 0.27058824 0.24705882
v -53.00000000 204.80000000 595.80000000 0.48627451 0.29411765 0.27450980
v -52.00000000 204.60000000 595.60000000 0.47058824 0.27058824 0.25490196
v -51.00000000 204.00000000 595.00000000 0.54901961 0.33333333 0.31372549
v -50.00000000 204.00000000 594.80000000 0.56862745 0.34509804 0.30980392
v -49.00000000 204.00000000 594.00000000 0.59215686 0.35686275 0.31764706
v -47.20000000 204.00000000 594.20000000 0.64313725 0.39215686 0.35294118
v -46.00000000 204.20000000 595.00000000 0.67450980 0.41176471 0.37647059
v -45.00000000 204.20000000 595.20000000 0.70196078 0.43529412 0.39215686
v -44.00000000 204.80000000 596.00000000 0.71764706 0.45098039 0.40784314
v -43.00000000 205.00000000 597.40000000 0.75686275 0.49803922 0.45098039
v -43.00000000 205.20000000 597.80000000 0.76862745 0.50980392 0.45490196
v -42.00000000 205.80000000 599.00000000 0.78431373 0.52549020 0.47058824
v -41.00000000 206.00000000 599.80000000 0.79607843 0.54901961 0.48235294
v -40.00000000 207.20000000 603.80000000 0.81960784 0.58823529 0.53333333
v -39.00000000 208.00000000 605.60000000 0.83137255 0.60392157 0.54901961
v -39.00000000 208.60000000 607.60000000 0.84705882 0.61960784 0.57254902
v -38.00000000 209.00000000 609.60000000 0.52941176 0.31764706 0.27058824
v -37.00000000 210.60000000 613.60000000 0.46666667 0.25490196 0.21568627
v -60.00000000 206.00000000 599.40000000 0.29803922 0.19607843 0.19215686
v -59.80000000 206.20000000 600.00000000 0.33725490 0.22352941 0.20784314
v -58.00000000 206.80000000 599.80000000 0.40000000 0.23921569 0.22352941
v -56.00000000 206.00000000 598.80000000 0.40000000 0.23137255 0.20784314
v -55.20000000 205.80000000 598.00000000 0.40784314 0.23921569 0.21568627
v -55.00000000 205.40000000 597.40000000 0.42352941 0.25490196 0.23137255
v -54.00000000 205.20000000 597.00000000 0.43529412 0.25882353 0.23921569
v -53.00000000 205.00000000 595.60000000 0.47843137 0.29411765 0.27058824
v -52.00000000 204.80000000 595.00000000 0.47058824 0.27058824 0.25490196
v -51.00000000 204.40000000 594.40000000 0.43137255 0.23529412 0.20784314
v -50.00000000 204.20000000 594.20000000 0.54117647 0.32941176 0.29019608
v -49.00000000 204.20000000 594.20000000 0.56470588 0.33333333 0.30196078
v -48.00000000 204.00000000 594.00000000 0.61176471 0.36470588 0.32941176
v -47.20000000 204.20000000 594.20000000 0.63137255 0.38039216 0.34117647
v -47.00000000 204.20000000 594.20000000 0.65490196 0.40392157 0.36470588
v -46.00000000 204.40000000 594.60000000 0.67450980 0.41176471 0.37647059
v -44.00000000 205.20000000 596.00000000 0.73725490 0.47058824 0.42745098
v -43.00000000 205.40000000 596.40000000 0.75686275 0.49019608 0.44705882
v -41.00000000 206.40000000 599.20000000 0.79215686 0.54509804 0.47843137
v -40.00000000 207.00000000 601.60000000 0.81960784 0.57647059 0.51764706
v -39.00000000 208.20000000 604.80000000 0.82352941 0.59607843 0.54117647
v -38.00000000 209.80000000 608.80000000 0.56862745 0.36470588 0.31372549
v -36.80000000 211.80000000 614.80000000 0.42745098 0.23137255 0.20392157
v -61.00000000 206.00000000 597.80000000 0.21176471 0.14901961 0.14901961
v -61.00000000 206.20000000 598.20000000 0.27058824 0.18823529 0.17647059
v -60.00000000 206.80000000 598.80000000 0.29803922 0.19607843 0.19215686
v -59.20000000 207.00000000 599.20000000 0.33725490 0.22352941 0.20784314
v -59.00000000 207.00000000 599.40000000 0.37647059 0.24313725 0.23529412
v -58.00000000 207.00000000 599.40000000 0.40000000 0.25490196 0.23137255
v -57.00000000 206.60000000 598.80000000 0.34901961 0.18823529 0.16470588
v -56.00000000 206.60000000 598.60000000 0.38823529 0.21960784 0.19607843
v -55.00000000 206.00000000 597.20000000 0.42352941 0.24705882 0.22745098
v -53.00000000 205.20000000 595.20000000 0.47450980 0.28235294 0.26274510
v -52.00000000 205.00000000 594.40000000 0.47058824 0.26274510 0.24705882
v -51.00000000 205.00000000 593.80000000 0.48627451 0.25882353 0.24313725
v -50.00000000 205.00000000 593.60000000 0.49803922 0.27450980 0.23921569
v -49.00000000 205.00000000 593.40000000 0.58431373 0.34901961 0.30980392
v -46.00000000 205.00000000 593.80000000 0.67843137 0.41176471 0.37647059
v -45.60000000 205.00000000 593.80000000 0.68627451 0.41960784 0.38431373
v -45.00000000 205.00000000 594.20000000 0.70196078 0.43529412 0.40000000
v -44.00000000 205.00000000 594.60000000 0.71372549 0.44705882 0.41176471
v -44.00000000 205.40000000 595.40000000 0.72941176 0.46274510 0.41960784
v -43.00000000 205.80000000 595.80000000 0.74509804 0.47843137 0.43529412
v -42.60000000 206.00000000 596.60000000 0.76470588 0.49803922 0.44705882
v -42.00000000 206.40000000 597.40000000 0.78431373 0.51764706 0.46666667
v -41.00000000 206.80000000 598.20000000 0.80392157 0.53725490 0.48627451
v -40.00000000 207.60000000 601.00000000 0.81568627 0.56470588 0.51764706
v -39.00000000 208.80000000 604.20000000 0.81568627 0.58823529 0.54117647
v -37.80000000 210.80000000 610.00000000 0.43137255 0.23529412 0.19215686
v -37.00000000 211.20000000 612.00000000 0.43137255 0.24705882 0.20784314
v -60.00000000 207.00000000 598.20000000 0.30196078 0.20000000 0.19607843
v -59.20000000 207.20000000 598.40000000 0.33333333 0.21176471 0.20000000
v -59.00000000 207.20000000 598.80000000 0.36470588 0.22745098 0.21960784
v -58.00000000 207.20000000 599.00000000 0.37647059 0.23137255 0.20784314
v -57.80000000 207.20000000 599.00000000 0.34117647 0.18039216 0.16470588
v -57.00000000 207.00000000 598.60000000 0.32941176 0.16862745 0.14509804
v -56.00000000 207.00000000 597.80000000 0.39607843 0.21960784 0.20000000
v -55.00000000 206.60000000 596.60000000 0.43529412 0.24705882 0.23137255
v -54.00000000 206.00000000 595.60000000 0.44705882 0.25490196 0.23921569
v -53.00000000 206.00000000 594.60000000 0.47450980 0.27450980 0.25882353
v -52.00000000 205.80000000 594.00000000 0.47058824 0.25490196 0.24313725
v -51.00000000 205.80000000 593.80000000 0.40784314 0.19215686 0.17254902
v -51.00000000 205.60000000 593.60000000 0.46274510 0.23137255 0.21568627
v -50.00000000 205.20000000 593.20000000 0.47843137 0.24705882 0.21568627
v -49.00000000 205.20000000 593.20000000 0.53333333 0.28627451 0.25882353
v -49.00000000 205.40000000 593.20000000 0.58823529 0.34117647 0.30588235
v -48.00000000 205.00000000 592.80000000 0.63137255 0.36862745 0.33725490
v -47.00000000 205.00000000 592.40000000 0.64313725 0.38039216 0.34901961
v -46.00000000 205.40000000 593.20000000 0.67843137 0.40392157 0.37254902
v -45.40000000 205.40000000 593.40000000 0.68235294 0.40784314 0.37647059
v -45.00000000 205.40000000 593.40000000 0.70588235 0.43921569 0.40392157
v -44.00000000 205.60000000 593.60000000 0.70980392 0.44313725 0.40784314
v -43.00000000 206.00000000 594.80000000 0.74509804 0.47058824 0.43137255
v -42.00000000 206.00000000 595.80000000 0.77254902 0.49803922 0.45098039
v -42.00000000 206.60000000 596.60000000 0.79215686 0.51764706 0.47058824
v -40.00000000 208.40000000 601.40000000 0.82352941 0.58039216 0.52941176
v -39.00000000 209.00000000 603.00000000 0.81568627 0.58823529 0.54117647
v -38.80000000 209.80000000 605.00000000 0.83137255 0.61960784 0.57254902
v -37.00000000 211.80000000 610.80000000 0.40784314 0.23529412 0.19215686
v -61.00000000 207.00000000 596.40000000 0.20000000 0.13725490 0.13725490
v -61.00000000 207.20000000 597.20000000 0.27058824 0.18823529 0.17647059
v -60.00000000 207.20000000 597.40000000 0.30588235 0.20392157 0.20000000
v -59.00000000 207.80000000 598.00000000 0.32941176 0.20784314 0.19607843
v -58.00000000 207.80000000 598.00000000 0.35686275 0.21176471 0.18823529
v -57.20000000 207.80000000 598.00000000 0.32549020 0.16470588 0.14901961
v -57.00000000 207.80000000 598.00000000 0.33333333 0.17254902 0.14901961
v -56.00000000 207.80000000 597.80000000 0.40392157 0.22745098 0.20784314
v -55.00000000 207.00000000 595.80000000 0.42352941 0.23137255 0.21568627
v -53.00000000 206.60000000 594.60000000 0.46274510 0.26274510 0.25098039
v -53.00000000 206.40000000 594.40000000 0.47450980 0.27450980 0.25882353
v -52.00000000 206.00000000 593.40000000 0.47450980 0.25882353 0.24705882
v -51.00000000 206.00000000 593.40000000 0.43137255 0.21568627 0.19607843
v -50.80000000 206.00000000 592.80000000 0.49019608 0.25882353 0.24313725
v -48.00000000 205.80000000 592.20000000 0.63137255 0.36862745 0.34509804
v -47.00000000 205.80000000 591.80000000 0.65098039 0.38039216 0.35294118
v -46.00000000 205.80000000 592.20000000 0.67058824 0.40000000 0.37254902
v -44.00000000 206.00000000 593.00000000 0.70196078 0.43921569 0.40784314
v -43.00000000 206.40000000 594.40000000 0.74117647 0.47450980 0.43921569
v -42.00000000 206.80000000 594.80000000 0.77647059 0.50196078 0.46274510
v -41.00000000 207.00000000 596.80000000 0.80784314 0.53333333 0.49411765
v -40.00000000 208.00000000 599.00000000 0.82352941 0.56078431 0.52549020
v -40.00000000 208.60000000 600.60000000 0.81568627 0.57254902 0.52941176
v -38.20000000 210.00000000 604.00000000 0.81960784 0.60784314 0.56078431
v -38.00000000 210.80000000 606.00000000 0.72941176 0.54117647 0.49411765
v -37.00000000 211.00000000 607.20000000 0.37254902 0.20000000 0.15686275
v -61.00000000 207.80000000 596.00000000 0.19215686 0.12941176 0.12941176
v -60.40000000 208.00000000 596.40000000 0.25490196 0.17254902 0.16078431
v -60.00000000 208.00000000 597.20000000 0.30196078 0.20000000 0.19607843
v -59.00000000 208.20000000 597.40000000 0.36470588 0.22745098 0.21960784
v -58.00000000 208.20000000 598.00000000 0.36470588 0.21960784 0.19607843
v -57.00000000 208.20000000 598.00000000 0.33333333 0.17254902 0.15686275
v -57.00000000 208.00000000 597.80000000 0.34901961 0.18823529 0.16470588
v -56.00000000 208.00000000 596.80000000 0.40000000 0.22352941 0.20392157
v -55.00000000 208.00000000 596.20000000 0.39215686 0.21568627 0.19607843
v -55.00000000 207.60000000 595.60000000 0.41568627 0.22745098 0.21176471
v -54.00000000 207.00000000 594.80000000 0.43137255 0.23921569 0.22352941
v -53.00000000 207.00000000 594.60000000 0.46666667 0.27450980 0.25882353
v -52.80000000 207.00000000 593.80000000 0.47058824 0.27058824 0.25490196
v -51.00000000 206.80000000 592.80000000 0.41568627 0.20784314 0.18431373
v -50.80000000 206.80000000 592.80000000 0.48627451 0.25882353 0.24313725
v -50.00000000 206.00000000 592.00000000 0.54901961 0.32156863 0.30588235
v -49.00000000 206.00000000 592.00000000 0.58039216 0.34117647 0.32941176
v -48.80000000 206.20000000 592.00000000 0.58431373 0.34509804 0.32549020
v -48.00000000 206.20000000 592.00000000 0.60000000 0.35294118 0.33333333
v -47.00000000 206.00000000 591.40000000 0.62745098 0.37254902 0.34901961
v -46.00000000 206.00000000 591.60000000 0.66274510 0.40000000 0.37647059
v -45.00000000 206.00000000 591.80000000 0.67450980 0.41176471 0.38823529
v -44.00000000 206.40000000 592.40000000 0.70196078 0.43921569 0.40784314
v -42.00000000 207.00000000 594.40000000 0.77254902 0.49803922 0.45882353
v -41.00000000 207.80000000 595.80000000 0.80784314 0.53333333 0.49411765
v -40.00000000 208.20000000 598.20000000 0.82352941 0.56078431 0.52549020
v -39.60000000 209.00000000 599.60000000 0.80392157 0.56078431 0.51764706
v -39.00000000 209.20000000 601.20000000 0.81176471 0.58823529 0.54509804
v -37.00000000 211.40000000 606.40000000 0.34117647 0.17647059 0.12941176
v -61.00000000 208.00000000 595.20000000 0.18823529 0.13333333 0.12941176
v -60.20000000 208.20000000 596.20000000 0.25490196 0.17647059 0.17254902
v -60.00000000 208.20000000 596.40000000 0.29411765 0.19607843 0.18039216
v -59.00000000 208.80000000 597.00000000 0.32941176 0.21568627 0.20000000
v -58.80000000 208.80000000 597.00000000 0.36470588 0.21568627 0.20392157
v -58.00000000 208.80000000 597.00000000 0.36470588 0.20392157 0.18039216
v -57.00000000 208.80000000 597.00000000 0.35686275 0.15686275 0.14117647
v -56.00000000 208.40000000 596.40000000 0.38039216 0.17254902 0.15686275
v -55.00000000 208.20000000 596.00000000 0.39607843 0.18823529 0.17254902
v -54.80000000 208.00000000 594.80000000 0.41960784 0.21176471 0.19607843
v -54.00000000 208.00000000 594.80000000 0.43529412 0.21960784 0.20784314
v -53.00000000 207.80000000 593.80000000 0.46274510 0.24705882 0.23529412
v -52.60000000 207.60000000 593.60000000 0.48627451 0.26666667 0.26274510
v -52.00000000 207.00000000 592.60000000 0.49411765 0.27450980 0.27058824
v -51.00000000 207.00000000 592.60000000 0.42745098 0.20784314 0.21176471
v -50.00000000 207.00000000 591.80000000 0.55294118 0.33333333 0.32941176
v -49.00000000 207.00000000 591.00000000 0.57254902 0.35294118 0.34901961
v -48.20000000 207.00000000 591.20000000 0.58431373 0.35686275 0.34117647
v -48.00000000 206.80000000 591.00000000 0.58039216 0.34901961 0.33333333
v -47.00000000 206.80000000 591.00000000 0.60000000 0.36470588 0.33333333
v -46.60000000 206.60000000 590.60000000 0.62352941 0.36862745 0.34509804
v -46.00000000 206.60000000 590.60000000 0.63921569 0.37647059 0.34509804
v -43.00000000 207.00000000 592.00000000 0.70980392 0.44705882 0.41176471
v -42.00000000 207.40000000 593.40000000 0.76078431 0.48627451 0.43921569
v -41.00000000 208.00000000 595.40000000 0.80784314 0.52156863 0.48627451
v -39.20000000 209.20000000 599.00000000 0.80784314 0.56470588 0.51372549
v -38.00000000 210.00000000 601.60000000 0.81176471 0.59215686 0.54117647
v -37.00000000 212.40000000 607.40000000 0.21568627 0.07843137 0.06274510
v -36.00000000 213.00000000 610.00000000 0.22352941 0.10196078 0.09019608
v -59.00000000 209.20000000 596.40000000 0.32549020 0.21176471 0.19607843
v -58.20000000 209.20000000 596.40000000 0.33725490 0.20000000 0.18431373
v -58.00000000 209.20000000 597.00000000 0.34117647 0.18039216 0.16470588
v -57.00000000 209.20000000 597.00000000 0.31372549 0.13725490 0.11764706
v -57.00000000 209.00000000 596.80000000 0.33725490 0.14509804 0.12549020
v -56.00000000 209.00000000 596.20000000 0.34509804 0.14509804 0.12941176
v -55.00000000 209.00000000 595.40000000 0.38039216 0.17254902 0.15686275
v -54.80000000 208.80000000 594.80000000 0.41176471 0.20392157 0.18823529
v -54.00000000 208.40000000 594.20000000 0.43921569 0.22352941 0.21176471
v -53.00000000 208.00000000 593.80000000 0.47450980 0.25882353 0.24705882
v -51.00000000 207.80000000 591.80000000 0.41960784 0.20000000 0.20392157
v -50.00000000 207.40000000 591.40000000 0.54509804 0.33333333 0.32549020
v -46.40000000 207.00000000 590.40000000 0.58431373 0.32941176 0.31372549
v -44.00000000 207.00000000 591.00000000 0.65882353 0.38823529 0.36078431
v -41.00000000 208.40000000 594.40000000 0.80784314 0.52156863 0.48627451
v -40.40000000 209.00000000 595.40000000 0.80784314 0.53333333 0.49411765
v -39.00000000 209.60000000 597.80000000 0.80784314 0.56470588 0.50588235
v -60.00000000 209.00000000 595.00000000 0.23921569 0.17647059 0.17647059
v -60.00000000 209.40000000 595.40000000 0.28235294 0.18823529 0.18039216
v -58.20000000 210.00000000 596.20000000 0.33333333 0.19607843 0.18823529
v -56.00000000 209.80000000 595.80000000 0.36078431 0.16862745 0.14901961
v -55.00000000 209.40000000 595.40000000 0.38823529 0.19215686 0.16470588
v -54.40000000 209.00000000 594.40000000 0.41960784 0.21176471 0.18823529
v -53.00000000 208.80000000 593.20000000 0.46274510 0.24705882 0.23529412
v -52.00000000 208.00000000 591.60000000 0.47450980 0.25490196 0.25098039
v -51.00000000 208.00000000 591.60000000 0.40000000 0.18823529 0.18823529
v -50.00000000 207.80000000 590.80000000 0.40000000 0.18823529 0.18823529
v -49.00000000 207.40000000 590.40000000 0.49019608 0.29019608 0.27843137
v -48.00000000 207.00000000 589.80000000 0.51372549 0.30588235 0.29019608
v -47.00000000 207.00000000 589.40000000 0.56078431 0.32941176 0.30588235
v -46.00000000 207.00000000 589.80000000 0.58823529 0.33333333 0.30980392
v -45.00000000 207.00000000 590.00000000 0.60784314 0.34509804 0.32156863
v -44.00000000 207.40000000 590.40000000 0.63137255 0.36470588 0.32941176
v -43.00000000 207.40000000 590.40000000 0.65882353 0.40000000 0.35294118
v -42.00000000 208.60000000 592.60000000 0.76078431 0.48627451 0.44705882
v -40.00000000 209.00000000 594.40000000 0.79607843 0.52941176 0.48627451
v -40.00000000 209.60000000 595.60000000 0.78823529 0.54117647 0.48235294
v -39.00000000 210.20000000 598.20000000 0.80784314 0.58431373 0.51764706
v -38.00000000 211.20000000 601.20000000 0.81176471 0.62352941 0.57647059
v -37.00000000 212.00000000 603.20000000 0.52549020 0.35686275 0.33333333
v -60.00000000 209.20000000 594.20000000 0.23137255 0.16862745 0.16862745
v -58.00000000 210.00000000 595.40000000 0.32941176 0.19215686 0.18431373
v -57.00000000 210.00000000 596.00000000 0.37254902 0.19607843 0.17647059
v -54.40000000 209.40000000 594.40000000 0.41568627 0.21960784 0.19215686
v -54.00000000 209.00000000 593.60000000 0.42352941 0.22352941 0.20784314
v -53.00000000 209.00000000 593.20000000 0.44705882 0.23921569 0.22352941
v -52.00000000 208.60000000 591.60000000 0.46274510 0.24313725 0.23921569
v -51.00000000 208.20000000 591.00000000 0.40392157 0.19215686 0.19215686
v -50.00000000 208.00000000 590.20000000 0.45490196 0.25882353 0.25490196
v -49.00000000 208.00000000 589.80000000 0.44705882 0.25098039 0.24705882
v -48.00000000 207.80000000 589.00000000 0.47058824 0.26274510 0.24705882
v -47.00000000 207.80000000 589.00000000 0.45490196 0.23921569 0.21960784
v -44.20000000 208.00000000 589.20000000 0.51764706 0.25490196 0.22352941
v -42.00000000 208.00000000 591.00000000 0.64313725 0.37647059 0.33333333
v -41.80000000 208.80000000 591.80000000 0.69803922 0.42352941 0.38431373
v -39.00000000 210.00000000 595.60000000 0.80000000 0.55686275 0.49803922
v -38.00000000 211.00000000 598.80000000 0.80392157 0.58431373 0.53333333
v -37.00000000 212.20000000 602.20000000 0.61176471 0.45098039 0.42745098
v -60.00000000 210.00000000 594.00000000 0.21960784 0.15686275 0.15686275
v -59.00000000 210.00000000 595.00000000 0.30980392 0.19215686 0.18431373
v -58.00000000 210.20000000 595.20000000 0.33725490 0.17647059 0.16078431
v -57.00000000 210.20000000 595.20000000 0.36470588 0.18823529 0.17647059
v -56.20000000 210.20000000 595.20000000 0.36078431 0.18431373 0.16470588
v -56.00000000 210.00000000 595.00000000 0.37254902 0.18431373 0.16862745
v -55.00000000 210.00000000 594.60000000 0.38431373 0.20000000 0.17647059
v -53.00000000 209.40000000 592.40000000 0.44313725 0.24313725 0.23137255
v -52.00000000 209.40000000 592.00000000 0.45882353 0.24705882 0.24705882
v -52.00000000 209.00000000 591.00000000 0.45490196 0.24313725 0.24313725
v -51.00000000 208.80000000 590.20000000 0.40000000 0.20000000 0.19607843
v -50.00000000 208.80000000 590.00000000 0.36470588 0.16470588 0.16078431
v -50.00000000 208.20000000 589.20000000 0.40000000 0.21176471 0.20392157
v -49.00000000 208.20000000 589.20000000 0.37647059 0.18823529 0.18039216
v -48.00000000 208.00000000 588.60000000 0.38039216 0.18823529 0.17254902
v -47.00000000 208.00000000 588.00000000 0.42352941 0.20784314 0.18823529
v -46.00000000 208.00000000 588.40000000 0.47450980 0.24313725 0.22745098
v -45.00000000 208.00000000 588.40000000 0.57647059 0.31372549 0.29019608
v -44.00000000 208.00000000 588.20000000 0.58823529 0.32549020 0.29411765
v -43.00000000 208.00000000 588.80000000 0.64313725 0.38431373 0.32941176
v -43.00000000 208.80000000 589.80000000 0.67058824 0.40392157 0.35294118
v -40.00000000 209.40000000 592.40000000 0.76862745 0.50980392 0.46274510
v -39.00000000 210.80000000 594.80000000 0.78823529 0.55686275 0.49411765
v -36.80000000 213.80000000 603.80000000 0.20000000 0.08627451 0.07058824
v -60.00000000 210.40000000 593.40000000 0.19607843 0.14117647 0.13725490
v -58.00000000 211.00000000 594.80000000 0.30980392 0.17647059 0.16862745
v -57.00000000 211.00000000 595.20000000 0.33725490 0.16470588 0.15294118
v -56.00000000 211.00000000 595.00000000 0.32941176 0.15294118 0.13333333
v -54.00000000 210.60000000 593.60000000 0.40000000 0.20784314 0.18823529
v -54.00000000 210.00000000 592.40000000 0.41960784 0.21960784 0.20784314
v -53.00000000 210.00000000 592.20000000 0.43921569 0.23921569 0.22745098
v -52.00000000 209.80000000 591.20000000 0.45490196 0.24313725 0.24313725
v -51.80000000 209.40000000 590.20000000 0.44705882 0.23529412 0.23529412
v -51.00000000 209.20000000 590.00000000 0.40392157 0.20000000 0.20784314
v -50.00000000 209.00000000 589.20000000 0.34509804 0.14117647 0.14901961
v -49.00000000 209.00000000 588.20000000 0.39215686 0.19607843 0.19215686
v -47.60000000 208.60000000 587.80000000 0.40392157 0.19215686 0.18431373
v -47.00000000 208.40000000 587.60000000 0.48627451 0.27058824 0.25098039
v -46.00000000 208.40000000 587.60000000 0.57254902 0.34117647 0.32549020
v -46.00000000 208.60000000 587.80000000 0.61568627 0.36862745 0.34901961
v -45.00000000 208.60000000 587.60000000 0.63137255 0.37647059 0.35294118
v -44.00000000 208.60000000 587.60000000 0.63921569 0.37647059 0.34509804
v -41.00000000 209.00000000 590.00000000 0.75294118 0.47058824 0.42352941
v -41.00000000 209.60000000 590.60000000 0.74509804 0.47843137 0.43529412
v -39.00000000 210.60000000 593.60000000 0.78039216 0.54901961 0.48627451
v -38.80000000 211.20000000 595.00000000 0.81568627 0.58431373 0.52156863
v -37.80000000 212.80000000 598.80000000 0.78039216 0.58431373 0.54117647
v -36.00000000 214.80000000 604.80000000 0.20000000 0.10588235 0.09803922
v -60.00000000 211.00000000 593.20000000 0.18431373 0.13725490 0.13725490
v -59.80000000 211.00000000 593.80000000 0.27450980 0.19607843 0.19215686
v -59.00000000 211.00000000 594.00000000 0.30196078 0.20000000 0.19607843
v -58.00000000 211.60000000 594.60000000 0.32941176 0.18039216 0.16862745
v -57.00000000 211.80000000 594.80000000 0.33333333 0.16078431 0.15686275
v -56.00000000 211.60000000 594.60000000 0.32549020 0.14901961 0.12941176
v -56.00000000 211.40000000 594.40000000 0.33725490 0.14901961 0.13333333
v -55.00000000 211.00000000 593.80000000 0.37254902 0.18039216 0.16470588
v -54.00000000 211.00000000 593.20000000 0.39215686 0.20000000 0.18431373
v -54.00000000 210.80000000 592.20000000 0.41568627 0.21568627 0.20392157
v -53.00000000 210.40000000 591.60000000 0.43137255 0.23137255 0.21960784
v -52.00000000 210.20000000 590.60000000 0.45490196 0.24313725 0.24313725
v -51.80000000 210.00000000 590.20000000 0.45882353 0.24705882 0.24705882
v -51.00000000 209.80000000 589.20000000 0.43137255 0.22745098 0.23529412
v -50.00000000 209.80000000 589.00000000 0.36470588 0.16078431 0.16862745
v -49.20000000 209.20000000 588.20000000 0.39607843 0.19607843 0.19215686
v -49.00000000 209.20000000 588.20000000 0.37647059 0.17647059 0.17254902
v -48.00000000 209.00000000 587.20000000 0.41960784 0.20784314 0.20000000
v -47.20000000 209.00000000 587.20000000 0.47843137 0.25882353 0.25490196
v -47.00000000 209.00000000 586.60000000 0.53333333 0.30588235 0.29019608
v -46.00000000 209.00000000 586.80000000 0.62745098 0.38039216 0.36078431
v -45.00000000 209.00000000 586.80000000 0.62745098 0.37254902 0.35686275
v -44.00000000 209.00000000 586.60000000 0.63137255 0.36862745 0.33725490
v -43.00000000 209.00000000 587.20000000 0.68235294 0.41568627 0.37254902
v -42.00000000 209.00000000 588.00000000 0.74117647 0.45882353 0.40392157
v -40.00000000 210.00000000 590.80000000 0.75686275 0.49019608 0.44705882
v -39.00000000 211.00000000 592.80000000 0.79607843 0.55294118 0.49411765
v -38.20000000 211.20000000 594.00000000 0.81960784 0.57647059 0.51764706
v -36.00000000 214.00000000 601.20000000 0.42352941 0.29411765 0.26666667
v -58.00000000 212.00000000 594.00000000 0.33725490 0.21568627 0.20784314
v -57.00000000 212.00000000 594.60000000 0.34901961 0.18823529 0.18039216
v -56.00000000 212.00000000 594.40000000 0.36470588 0.17647059 0.16862745
v -55.00000000 211.80000000 593.20000000 0.39215686 0.20000000 0.18431373
v -54.00000000 211.40000000 592.60000000 0.41568627 0.21568627 0.20392157
v -54.00000000 211.20000000 591.60000000 0.43921569 0.22745098 0.22745098
v -53.00000000 211.00000000 590.80000000 0.45490196 0.24313725 0.24313725
v -52.00000000 210.80000000 590.20000000 0.46666667 0.25098039 0.26274510
v -51.40000000 210.40000000 589.20000000 0.47450980 0.25882353 0.27058824
v -50.00000000 210.00000000 588.00000000 0.39215686 0.17647059 0.18823529
v -49.20000000 210.00000000 588.00000000 0.44705882 0.23529412 0.23529412
v -46.00000000 209.40000000 586.60000000 0.60000000 0.34901961 0.34117647
v -45.00000000 209.40000000 586.40000000 0.63137255 0.36862745 0.34509804
v -44.00000000 209.40000000 586.40000000 0.63529412 0.36470588 0.34509804
v -42.20000000 210.00000000 587.20000000 0.72549020 0.44313725 0.39607843
v -41.00000000 210.00000000 588.60000000 0.78431373 0.48235294 0.44313725
v -41.00000000 210.60000000 589.40000000 0.77647059 0.48627451 0.44313725
v -40.00000000 210.80000000 590.00000000 0.76078431 0.48627451 0.44705882
v -39.80000000 211.00000000 591.00000000 0.78039216 0.52156863 0.47450980
v -39.00000000 211.20000000 592.00000000 0.79215686 0.54117647 0.49411765
v -38.00000000 211.80000000 593.00000000 0.81960784 0.57647059 0.51764706
v -58.00000000 212.80000000 593.80000000 0.33333333 0.21568627 0.20784314
v -57.00000000 212.80000000 594.00000000 0.35294118 0.19607843 0.18823529
v -56.00000000 212.80000000 594.00000000 0.36470588 0.20392157 0.18823529
v -56.00000000 212.40000000 593.60000000 0.37647059 0.20392157 0.19215686
v -55.00000000 212.20000000 592.60000000 0.39607843 0.22352941 0.21176471
v -54.00000000 212.00000000 591.40000000 0.43137255 0.24313725 0.23529412
v -53.00000000 211.40000000 590.60000000 0.44705882 0.24705882 0.24313725
v -51.20000000 210.60000000 588.80000000 0.48627451 0.27450980 0.26666667
v -51.00000000 210.20000000 587.80000000 0.47843137 0.25882353 0.25490196
v -50.00000000 210.20000000 587.80000000 0.38431373 0.16470588 0.16078431
v -49.00000000 210.00000000 587.00000000 0.43137255 0.22352941 0.20784314
v -47.00000000 209.20000000 585.20000000 0.56470588 0.33333333 0.30980392
v -46.00000000 209.60000000 585.80000000 0.60000000 0.35294118 0.33333333
v -45.60000000 209.60000000 585.80000000 0.62352941 0.37647059 0.35686275
v -45.00000000 209.80000000 586.00000000 0.64313725 0.37647059 0.36470588
v -44.00000000 209.60000000 585.60000000 0.64705882 0.36862745 0.34509804
v -44.00000000 209.80000000 586.00000000 0.67058824 0.38431373 0.36078431
v -43.00000000 209.80000000 586.00000000 0.70196078 0.41568627 0.38039216
v -42.00000000 210.00000000 586.80000000 0.73725490 0.46274510 0.41568627
v -41.00000000 210.80000000 587.80000000 0.75686275 0.48235294 0.43529412
v -40.00000000 211.00000000 589.40000000 0.76078431 0.49411765 0.44313725
v -39.20000000 211.20000000 590.00000000 0.78039216 0.52941176 0.48235294
v -39.00000000 211.80000000 591.20000000 0.80000000 0.54901961 0.50196078
v -38.00000000 212.00000000 592.20000000 0.80000000 0.56470588 0.52156863
v -37.00000000 213.00000000 595.60000000 0.81960784 0.59607843 0.55294118
v -36.00000000 214.40000000 599.40000000 0.64705882 0.45098039 0.41568627
v -35.00000000 216.00000000 603.40000000 0.25882353 0.20392157 0.20000000
v -59.00000000 212.00000000 592.00000000 0.25098039 0.18039216 0.17254902
v -59.00000000 212.40000000 592.40000000 0.30588235 0.21176471 0.20392157
v -57.00000000 213.00000000 593.20000000 0.35686275 0.20000000 0.19215686
v -56.00000000 213.00000000 593.20000000 0.38039216 0.20784314 0.19607843
v -55.00000000 213.00000000 592.40000000 0.38039216 0.21960784 0.20392157
v -54.00000000 212.60000000 591.60000000 0.40392157 0.23137255 0.21960784
v -53.60000000 212.20000000 590.80000000 0.42745098 0.25098039 0.23921569
v -53.00000000 211.60000000 589.80000000 0.44705882 0.25098039 0.24705882
v -52.00000000 211.20000000 588.80000000 0.46274510 0.26274510 0.25098039
v -51.00000000 211.00000000 587.80000000 0.47843137 0.26274510 0.25098039
v -50.00000000 211.00000000 587.20000000 0.39215686 0.17647059 0.16470588
v -49.00000000 210.80000000 587.00000000 0.43137255 0.21568627 0.19607843
v -49.00000000 210.20000000 586.20000000 0.51764706 0.30196078 0.28235294
v -48.00000000 210.00000000 586.00000000 0.55686275 0.33333333 0.30588235
v -47.00000000 210.00000000 585.20000000 0.58039216 0.34117647 0.32156863
v -46.00000000 210.00000000 585.20000000 0.59607843 0.34117647 0.32549020
v -45.40000000 210.00000000 585.40000000 0.61568627 0.36078431 0.33725490
v -45.00000000 210.00000000 585.40000000 0.64313725 0.37254902 0.35294118
v -44.00000000 210.00000000 585.40000000 0.64313725 0.36862745 0.33725490
v -43.00000000 210.00000000 585.80000000 0.70588235 0.41568627 0.38039216
v -42.00000000 210.20000000 586.00000000 0.73333333 0.44313725 0.40784314
v -42.00000000 210.80000000 586.80000000 0.75294118 0.46274510 0.41960784
v -40.00000000 211.60000000 588.60000000 0.78431373 0.50980392 0.46274510
v -38.00000000 212.60000000 591.60000000 0.81176471 0.56862745 0.51764706
v -37.00000000 213.60000000 594.60000000 0.82745098 0.60000000 0.55294118
v -36.00000000 215.40000000 600.40000000 0.39215686 0.24705882 0.22352941
v -35.00000000 216.80000000 602.80000000 0.25882353 0.21960784 0.21176471
v -58.00000000 213.00000000 592.40000000 0.32941176 0.21176471 0.20392157
v -57.80000000 213.00000000 592.80000000 0.35294118 0.21568627 0.20000000
v -57.00000000 213.20000000 593.00000000 0.36470588 0.20784314 0.20000000
v -56.00000000 213.20000000 593.20000000 0.37254902 0.21176471 0.19607843
v -55.00000000 213.20000000 591.80000000 0.38039216 0.21960784 0.20392157
v -53.40000000 212.40000000 590.40000000 0.42745098 0.25098039 0.23137255
v -53.00000000 212.20000000 589.80000000 0.44705882 0.25490196 0.23921569
v -52.00000000 212.00000000 588.60000000 0.47058824 0.27058824 0.25490196
v -51.00000000 211.60000000 587.60000000 0.49019608 0.28235294 0.26666667
v -51.00000000 211.20000000 586.80000000 0.49019608 0.27450980 0.25490196
v -50.00000000 211.20000000 586.80000000 0.41960784 0.20392157 0.18431373
v -47.00000000 210.40000000 584.40000000 0.58823529 0.34117647 0.31372549
v -46.00000000 210.40000000 584.40000000 0.60000000 0.33725490 0.31372549
v -45.00000000 210.40000000 584.40000000 0.61176471 0.34901961 0.31764706
v -44.00000000 210.40000000 584.40000000 0.66666667 0.38039216 0.35294118
v -43.80000000 210.80000000 584.80000000 0.68627451 0.39215686 0.36862745
v -43.00000000 210.80000000 584.80000000 0.70980392 0.41960784 0.38431373
v -41.00000000 211.00000000 586.80000000 0.77254902 0.47058824 0.43137255
v -38.00000000 212.80000000 590.80000000 0.83137255 0.57254902 0.52549020
v -38.00000000 213.40000000 592.40000000 0.81176471 0.56078431 0.51372549
v -35.00000000 216.60000000 601.60000000 0.25882353 0.23529412 0.23529412
v -59.00000000 213.00000000 590.60000000 0.24313725 0.17254902 0.16470588
v -59.00000000 213.20000000 591.20000000 0.28627451 0.20392157 0.18431373
v -58.00000000 213.80000000 591.80000000 0.32156863 0.21176471 0.20000000
v -57.40000000 214.00000000 592.40000000 0.34901961 0.21960784 0.20000000
v -56.00000000 214.00000000 592.20000000 0.37647059 0.21568627 0.20000000
v -55.00000000 213.60000000 591.60000000 0.38431373 0.22352941 0.20000000
v -54.00000000 213.00000000 590.60000000 0.40784314 0.23921569 0.21568627
v -53.40000000 213.00000000 590.40000000 0.42352941 0.24705882 0.22745098
v -52.00000000 212.60000000 588.60000000 0.47450980 0.27450980 0.25882353
v -51.00000000 212.00000000 586.80000000 0.50196078 0.28627451 0.26666667
v -49.00000000 211.00000000 585.00000000 0.50196078 0.27843137 0.25098039
v -48.00000000 211.00000000 585.00000000 0.51372549 0.28235294 0.25098039
v -47.00000000 211.00000000 584.00000000 0.59215686 0.34509804 0.30980392
v -46.00000000 211.00000000 584.00000000 0.61176471 0.34901961 0.31764706
v -45.00000000 211.00000000 584.00000000 0.63529412 0.35686275 0.33333333
v -44.00000000 211.00000000 584.00000000 0.65882353 0.37254902 0.34509804
v -43.40000000 211.00000000 584.40000000 0.68235294 0.38823529 0.36470588
v -43.00000000 211.00000000 584.80000000 0.70980392 0.41960784 0.38431373
v -42.00000000 211.00000000 584.80000000 0.74901961 0.44705882 0.41568627
v -42.00000000 211.40000000 585.40000000 0.77254902 0.47058824 0.43137255
v -41.00000000 212.00000000 586.00000000 0.79215686 0.49019608 0.45098039
v -39.00000000 212.00000000 588.00000000 0.81568627 0.53333333 0.47843137
v -38.00000000 213.00000000 590.00000000 0.83529412 0.57647059 0.52156863
v -59.00000000 213.80000000 590.00000000 0.23921569 0.18039216 0.16862745
v -58.80000000 214.00000000 590.80000000 0.27843137 0.20392157 0.18039216
v -58.00000000 214.00000000 591.00000000 0.30588235 0.20784314 0.19215686
v -57.00000000 214.00000000 591.80000000 0.33725490 0.21568627 0.19607843
v -57.00000000 214.40000000 592.20000000 0.36078431 0.22352941 0.20784314
v -56.00000000 214.20000000 592.00000000 0.37647059 0.22352941 0.19607843
v -55.80000000 214.20000000 592.00000000 0.38039216 0.21960784 0.19607843
v -55.00000000 214.00000000 591.20000000 0.37647059 0.21568627 0.19215686
v -53.00000000 213.40000000 589.40000000 0.41960784 0.24313725 0.22352941
v -53.00000000 213.00000000 588.60000000 0.45490196 0.26274510 0.24705882
v -52.00000000 213.00000000 587.60000000 0.47450980 0.27450980 0.25882353
v -51.00000000 212.80000000 587.00000000 0.49803922 0.28235294 0.27058824
v -50.80000000 212.20000000 586.00000000 0.49803922 0.28235294 0.26274510
v -50.00000000 212.00000000 585.60000000 0.44313725 0.21568627 0.20000000
v -49.00000000 212.00000000 585.00000000 0.40784314 0.18431373 0.15686275
v -48.20000000 212.00000000 584.20000000 0.46274510 0.23137255 0.20784314
v -47.00000000 211.20000000 583.20000000 0.54117647 0.29411765 0.26666667
v -46.00000000 211.20000000 583.20000000 0.61960784 0.34901961 0.32156863
v -45.00000000 211.20000000 583.20000000 0.62745098 0.34901961 0.32549020
v -44.00000000 211.60000000 583.60000000 0.67058824 0.37647059 0.35294118
v -40.00000000 212.00000000 586.00000000 0.80784314 0.50980392 0.45882353
v -38.00000000 213.60000000 589.60000000 0.83529412 0.57647059 0.52156863
v -37.00000000 214.00000000 592.00000000 0.83529412 0.59215686 0.54901961
v -60.00000000 214.00000000 588.80000000 0.18039216 0.14117647 0.13333333
v -59.00000000 214.20000000 589.80000000 0.24313725 0.18431373 0.16470588
v -58.20000000 214.20000000 590.00000000 0.28235294 0.20784314 0.18431373
v -58.00000000 214.80000000 590.80000000 0.30588235 0.20784314 0.18823529
v -57.00000000 214.80000000 591.20000000 0.33725490 0.21960784 0.18823529
v -56.00000000 215.00000000 591.40000000 0.37254902 0.21960784 0.19215686
v -55.20000000 214.80000000 591.00000000 0.37647059 0.21568627 0.19215686
v -55.00000000 214.80000000 590.80000000 0.38823529 0.21960784 0.19607843
v -54.00000000 214.00000000 590.00000000 0.40392157 0.22745098 0.20784314
v -52.00000000 213.60000000 587.60000000 0.49019608 0.28235294 0.26666667
v -51.00000000 213.00000000 586.60000000 0.49803922 0.28235294 0.27058824
v -50.80000000 212.80000000 586.00000000 0.51764706 0.29019608 0.27450980
v -50.00000000 212.20000000 585.20000000 0.46274510 0.23529412 0.21960784
v -49.00000000 212.80000000 584.80000000 0.42745098 0.19607843 0.17254902
v -48.00000000 212.00000000 584.00000000 0.49411765 0.26274510 0.23921569
v -44.00000000 212.00000000 583.20000000 0.65882353 0.36470588 0.34117647
v -43.00000000 212.00000000 583.20000000 0.67450980 0.38039216 0.35686275
v -42.00000000 212.00000000 584.00000000 0.70980392 0.40784314 0.37647059
v -42.00000000 212.60000000 584.60000000 0.72549020 0.42352941 0.38431373
v -39.00000000 213.00000000 587.00000000 0.78039216 0.50980392 0.45098039
v -36.00000000 215.00000000 593.00000000 0.83137255 0.59607843 0.55686275
v -35.00000000 217.80000000 598.80000000 0.28627451 0.23137255 0.21960784
v -60.00000000 214.20000000 588.20000000 0.18039216 0.14117647 0.13333333
v -59.00000000 214.60000000 588.80000000 0.24705882 0.18823529 0.16862745
v -58.20000000 215.00000000 589.80000000 0.28235294 0.20784314 0.18431373
v -58.00000000 215.00000000 590.20000000 0.30980392 0.21176471 0.19215686
v -57.00000000 215.00000000 590.80000000 0.33725490 0.21960784 0.18823529
v -57.00000000 215.20000000 591.00000000 0.35686275 0.21960784 0.19607843
v -56.00000000 215.20000000 591.00000000 0.37254902 0.21960784 0.19215686
v -55.00000000 215.00000000 590.20000000 0.39607843 0.21960784 0.19607843
v -54.00000000 215.00000000 590.00000000 0.41960784 0.22745098 0.20784314
v -53.00000000 214.00000000 588.00000000 0.47843137 0.27058824 0.24705882
v -52.00000000 214.00000000 587.00000000 0.49803922 0.29019608 0.26666667
v -51.00000000 213.40000000 586.40000000 0.51764706 0.29019608 0.27450980
v -50.60000000 213.00000000 585.60000000 0.53333333 0.30980392 0.28235294
v -50.00000000 213.00000000 584.60000000 0.49411765 0.26274510 0.23921569
v -48.00000000 212.80000000 583.80000000 0.51764706 0.28627451 0.25490196
v -47.00000000 212.00000000 583.00000000 0.56470588 0.32941176 0.29019608
v -46.00000000 212.00000000 582.80000000 0.59607843 0.33333333 0.29803922
v -45.00000000 212.00000000 582.80000000 0.64313725 0.35686275 0.32941176
v -44.00000000 212.20000000 583.00000000 0.66666667 0.36470588 0.33333333
v -43.00000000 212.20000000 583.20000000 0.68235294 0.38039216 0.34117647
v -42.00000000 212.80000000 583.80000000 0.69803922 0.39607843 0.35686275
v -41.80000000 212.80000000 583.80000000 0.72549020 0.42745098 0.37647059
v -40.00000000 213.00000000 585.00000000 0.78431373 0.49803922 0.43921569
v -39.00000000 214.00000000 586.20000000 0.80000000 0.52941176 0.47058824
v -38.00000000 214.00000000 588.00000000 0.83137255 0.57254902 0.51764706
v -37.20000000 215.00000000 589.20000000 0.82745098 0.58431373 0.53333333
v -36.00000000 216.20000000 594.20000000 0.84705882 0.62352941 0.58039216
v -35.00000000 217.00000000 596.00000000 0.61960784 0.44313725 0.41960784
v -59.40000000 214.40000000 587.60000000 0.18431373 0.14509804 0.13725490
v -59.00000000 215.20000000 588.60000000 0.24705882 0.18823529 0.16862745
v -58.00000000 215.20000000 589.20000000 0.28627451 0.20392157 0.18431373
v -58.00000000 215.80000000 589.80000000 0.31372549 0.20392157 0.18823529
v -57.00000000 215.80000000 590.00000000 0.33725490 0.21960784 0.18823529
v -56.00000000 216.00000000 590.20000000 0.38431373 0.22352941 0.20000000
v -54.00000000 215.20000000 589.20000000 0.41176471 0.21960784 0.19215686
v -51.00000000 214.00000000 586.00000000 0.52549020 0.30196078 0.27450980
v -50.20000000 214.00000000 585.20000000 0.54509804 0.31372549 0.28235294
v -50.00000000 213.60000000 584.60000000 0.50588235 0.27450980 0.24313725
v -49.00000000 213.00000000 584.00000000 0.41960784 0.19215686 0.14901961
v -48.00000000 213.00000000 583.00000000 0.56862745 0.34117647 0.29803922
v -47.00000000 213.00000000 583.00000000 0.60784314 0.36470588 0.32156863
v -46.00000000 213.00000000 582.80000000 0.62352941 0.36078431 0.32549020
v -45.00000000 213.00000000 582.80000000 0.63529412 0.36862745 0.33333333
v -44.00000000 213.00000000 583.00000000 0.68235294 0.37647059 0.33725490
v -43.00000000 213.00000000 583.20000000 0.69803922 0.39607843 0.35686275
v -42.00000000 213.00000000 583.20000000 0.72156863 0.41960784 0.38039216
v -41.80000000 213.00000000 583.80000000 0.74509804 0.45490196 0.40392157
v -41.00000000 213.00000000 584.00000000 0.77647059 0.48627451 0.43529412
v -40.00000000 213.80000000 584.80000000 0.80392157 0.51764706 0.45882353
v -39.00000000 214.60000000 586.60000000 0.83921569 0.56862745 0.50980392
v -37.00000000 215.00000000 588.60000000 0.83137255 0.58823529 0.53725490
v -36.00000000 216.00000000 591.20000000 0.84313725 0.61568627 0.56862745
v -35.00000000 217.20000000 595.20000000 0.71372549 0.54509804 0.50980392
v -34.00000000 219.00000000 599.40000000 0.27058824 0.24705882 0.24705882
v -59.40000000 215.00000000 587.40000000 0.18823529 0.13333333 0.12156863
v -59.00000000 215.40000000 588.00000000 0.25882353 0.18823529 0.18039216
v -58.00000000 215.60000000 588.60000000 0.29019608 0.20784314 0.18823529
v -57.00000000 216.00000000 589.80000000 0.32941176 0.20784314 0.18823529
v -56.80000000 216.20000000 590.00000000 0.36470588 0.21568627 0.20392157
v -56.00000000 216.20000000 590.00000000 0.38431373 0.21176471 0.20000000
v -55.00000000 216.20000000 590.00000000 0.40392157 0.21568627 0.20000000
v -55.00000000 216.00000000 589.60000000 0.39607843 0.21176471 0.18823529
v -53.00000000 215.40000000 588.40000000 0.43529412 0.24313725 0.21568627
v -53.00000000 215.00000000 587.40000000 0.46666667 0.27058824 0.24313725
v -52.00000000 215.00000000 586.80000000 0.49019608 0.29411765 0.26666667
v -51.00000000 214.80000000 585.80000000 0.52156863 0.30588235 0.28627451
v -50.20000000 214.20000000 585.20000000 0.52549020 0.31372549 0.27450980
v -50.00000000 214.00000000 584.00000000 0.52549020 0.29411765 0.26274510
v -47.00000000 213.80000000 582.80000000 0.60392157 0.35294118 0.31764706
v -46.40000000 213.40000000 582.40000000 0.63921569 0.37647059 0.34117647
v -46.00000000 213.40000000 582.40000000 0.63529412 0.36862745 0.33333333
v -45.00000000 213.40000000 582.40000000 0.65098039 0.38431373 0.34117647
v -44.00000000 213.20000000 582.40000000 0.67843137 0.39215686 0.35686275
v -43.00000000 213.80000000 583.00000000 0.69411765 0.40392157 0.36862745
v -41.40000000 214.00000000 583.40000000 0.74901961 0.45098039 0.39607843
v -41.00000000 214.00000000 583.80000000 0.77254902 0.47450980 0.41960784
v -40.00000000 214.00000000 584.20000000 0.78823529 0.49803922 0.44705882
v -39.00000000 214.20000000 585.20000000 0.81568627 0.54509804 0.48627451
v -38.00000000 215.00000000 587.20000000 0.83137255 0.57254902 0.51764706
v -35.00000000 218.40000000 596.40000000 0.43137255 0.27450980 0.24313725
v -59.40000000 215.40000000 586.80000000 0.18823529 0.13333333 0.12941176
v -58.00000000 216.00000000 588.00000000 0.29019608 0.20784314 0.18823529
v -58.00000000 216.20000000 589.00000000 0.32156863 0.21176471 0.20000000
v -57.00000000 216.20000000 589.00000000 0.33333333 0.21176471 0.19215686
v -56.40000000 216.40000000 589.20000000 0.36470588 0.21568627 0.20392157
v -56.00000000 216.40000000 589.20000000 0.38039216 0.20784314 0.19607843
v -55.00000000 216.40000000 589.20000000 0.40000000 0.21176471 0.19607843
v -54.80000000 216.40000000 589.20000000 0.40784314 0.21568627 0.19607843
v -54.00000000 216.00000000 588.60000000 0.41176471 0.21568627 0.18823529
v -53.00000000 216.00000000 587.40000000 0.47450980 0.26666667 0.24313725
v -52.00000000 215.40000000 586.20000000 0.49411765 0.28627451 0.25490196
v -51.00000000 215.00000000 585.20000000 0.52941176 0.30588235 0.27843137
v -49.00000000 214.00000000 583.00000000 0.43529412 0.20000000 0.15686275
v -48.00000000 214.00000000 582.60000000 0.60392157 0.35294118 0.31372549
v -47.00000000 214.00000000 582.60000000 0.60784314 0.34509804 0.30980392
v -44.00000000 214.00000000 582.20000000 0.66666667 0.38039216 0.34509804
v -43.00000000 214.00000000 582.20000000 0.69019608 0.40000000 0.36470588
v -42.00000000 214.00000000 582.80000000 0.71764706 0.42745098 0.37647059
v -41.20000000 214.20000000 583.20000000 0.74901961 0.45098039 0.40000000
v -41.00000000 214.40000000 583.40000000 0.76470588 0.46666667 0.41568627
v -39.00000000 215.00000000 585.00000000 0.81568627 0.54509804 0.48627451
v -38.60000000 215.00000000 585.60000000 0.83137255 0.56078431 0.50196078
v -38.00000000 215.60000000 586.60000000 0.83137255 0.57254902 0.51764706
v -37.00000000 216.20000000 589.20000000 0.84313725 0.60000000 0.54901961
v -35.00000000 218.00000000 593.40000000 0.80000000 0.59215686 0.56078431
v -34.00000000 219.40000000 597.40000000 0.33333333 0.25098039 0.23137255
v -59.00000000 216.00000000 586.40000000 0.18039216 0.12549020 0.12156863
v -59.00000000 216.40000000 587.20000000 0.25490196 0.18431373 0.17647059
v -58.00000000 216.80000000 588.00000000 0.28235294 0.20000000 0.18039216
v -57.00000000 217.00000000 588.60000000 0.33725490 0.21568627 0.19607843
v -56.20000000 217.00000000 588.80000000 0.36470588 0.21568627 0.20392157
v -56.00000000 217.00000000 589.00000000 0.36862745 0.20784314 0.19215686
v -55.00000000 217.00000000 589.00000000 0.39215686 0.21568627 0.19607843
v -54.60000000 217.00000000 588.80000000 0.41176471 0.21568627 0.18823529
v -54.00000000 216.80000000 588.00000000 0.41960784 0.21176471 0.18039216
v -53.00000000 216.40000000 587.40000000 0.44313725 0.23529412 0.20392157
v -52.00000000 216.00000000 585.80000000 0.49803922 0.28235294 0.25490196
v -51.00000000 215.80000000 585.00000000 0.52941176 0.30588235 0.27843137
v -50.00000000 215.20000000 584.20000000 0.54901961 0.32156863 0.27843137
v -50.00000000 215.00000000 583.80000000 0.54901961 0.31372549 0.27450980
v -48.00000000 214.60000000 582.60000000 0.60000000 0.34901961 0.30196078
v -47.00000000 214.60000000 582.60000000 0.61176471 0.35294118 0.30588235
v -46.00000000 214.00000000 582.00000000 0.63529412 0.36862745 0.32549020
v -45.00000000 214.00000000 582.00000000 0.64705882 0.37254902 0.32549020
v -45.00000000 214.20000000 582.20000000 0.65490196 0.37254902 0.32549020
v -40.00000000 215.00000000 583.60000000 0.76078431 0.47058824 0.41960784
v -37.00000000 216.00000000 587.00000000 0.83921569 0.57647059 0.54117647
v -36.00000000 217.00000000 589.60000000 0.84705882 0.60000000 0.56470588
v -35.00000000 218.60000000 592.60000000 0.82745098 0.61960784 0.58823529
v -34.00000000 220.00000000 596.60000000 0.34509804 0.25490196 0.23137255
v -59.00000000 217.00000000 587.00000000 0.24313725 0.18431373 0.17254902
v -58.00000000 217.00000000 587.40000000 0.27843137 0.19607843 0.17647059
v -58.00000000 217.20000000 587.80000000 0.31764706 0.20784314 0.19607843
v -57.00000000 217.20000000 587.80000000 0.33725490 0.21568627 0.19607843
v -56.00000000 217.60000000 588.40000000 0.36470588 0.21568627 0.20392157
v -55.00000000 217.60000000 588.40000000 0.39607843 0.21960784 0.20000000
v -54.20000000 217.20000000 587.80000000 0.41176471 0.21568627 0.18823529
v -54.00000000 217.20000000 587.80000000 0.42352941 0.21568627 0.18431373
v -53.00000000 217.00000000 586.80000000 0.45098039 0.23529412 0.20784314
v -52.00000000 216.60000000 585.60000000 0.50980392 0.28627451 0.25098039
v -51.00000000 216.20000000 585.00000000 0.52941176 0.29803922 0.26666667
v -50.00000000 215.80000000 583.80000000 0.55686275 0.30980392 0.27450980
v -49.00000000 215.00000000 582.80000000 0.49803922 0.25490196 0.21176471
v -48.00000000 215.00000000 582.00000000 0.59215686 0.33333333 0.28627451
v -47.00000000 215.00000000 582.00000000 0.61960784 0.36078431 0.31372549
v -46.00000000 215.00000000 581.60000000 0.63529412 0.36862745 0.31764706
v -45.00000000 215.00000000 581.20000000 0.63529412 0.36078431 0.31372549
v -44.80000000 215.00000000 581.80000000 0.65490196 0.37254902 0.32549020
v -44.00000000 215.00000000 582.00000000 0.66274510 0.37254902 0.32941176
v -43.00000000 215.00000000 582.00000000 0.68627451 0.38431373 0.34509804
v -42.00000000 215.00000000 582.00000000 0.70196078 0.40392157 0.35294118
v -41.00000000 215.00000000 582.60000000 0.72156863 0.42352941 0.36862745
v -38.00000000 216.00000000 584.80000000 0.82745098 0.54509804 0.49803922
v -38.00000000 216.80000000 585.80000000 0.82745098 0.56078431 0.50980392
v -36.00000000 217.80000000 588.80000000 0.84313725 0.59607843 0.56078431
v -34.00000000 220.40000000 596.00000000 0.34509804 0.24705882 0.21960784
v -59.00000000 217.20000000 586.00000000 0.17647059 0.13333333 0.12549020
v -58.00000000 217.80000000 587.00000000 0.27450980 0.19215686 0.17254902
v -57.00000000 218.00000000 587.60000000 0.33333333 0.21176471 0.19215686
v -56.00000000 218.00000000 587.60000000 0.35686275 0.21960784 0.20392157
v -55.00000000 218.00000000 588.00000000 0.39215686 0.21568627 0.19607843
v -54.20000000 218.00000000 587.80000000 0.41176471 0.21960784 0.20000000
v -54.00000000 218.00000000 587.20000000 0.43921569 0.23137255 0.20784314
v -53.00000000 217.60000000 586.60000000 0.45882353 0.24313725 0.21568627
v -52.00000000 217.00000000 585.60000000 0.50980392 0.28627451 0.25098039
v -51.00000000 216.80000000 585.00000000 0.52549020 0.29411765 0.26274510
v -50.00000000 216.20000000 584.00000000 0.53333333 0.30588235 0.26274510
v -50.00000000 216.00000000 583.60000000 0.55686275 0.30980392 0.27450980
v -49.00000000 216.00000000 582.80000000 0.54117647 0.29803922 0.25490196
v -48.00000000 216.00000000 582.00000000 0.58823529 0.32941176 0.28235294
v -47.00000000 216.00000000 582.00000000 0.61960784 0.35294118 0.30980392
v -46.00000000 215.80000000 581.80000000 0.60000000 0.33333333 0.28235294
v -46.00000000 215.60000000 581.60000000 0.61176471 0.33725490 0.29019608
v -45.00000000 215.20000000 581.20000000 0.61176471 0.33725490 0.29019608
v -44.20000000 215.20000000 581.20000000 0.62745098 0.34509804 0.29803922
v -44.00000000 215.20000000 581.20000000 0.63921569 0.34901961 0.29803922
v -43.00000000 215.40000000 581.40000000 0.68627451 0.38039216 0.32941176
v -42.00000000 215.80000000 581.80000000 0.69803922 0.39215686 0.34117647
v -41.00000000 215.80000000 581.80000000 0.71372549 0.40784314 0.35686275
v -40.00000000 216.00000000 582.80000000 0.74117647 0.44313725 0.38039216
v -39.00000000 216.00000000 583.80000000 0.79215686 0.50588235 0.44705882
v -38.00000000 216.60000000 584.60000000 0.81176471 0.52941176 0.47450980
v -37.00000000 217.00000000 585.80000000 0.82745098 0.56078431 0.51764706
v -37.00000000 217.80000000 586.80000000 0.83921569 0.58823529 0.54117647
v -36.00000000 218.00000000 587.80000000 0.84313725 0.59215686 0.55294118
v -35.00000000 219.00000000 591.60000000 0.83921569 0.61568627 0.58039216
v -34.80000000 219.80000000 592.80000000 0.65882353 0.48627451 0.44313725
v -59.00000000 217.80000000 586.00000000 0.24313725 0.18431373 0.17254902
v -58.00000000 218.00000000 586.80000000 0.27450980 0.19215686 0.17254902
v -57.00000000 218.20000000 587.20000000 0.32941176 0.20784314 0.18823529
v -56.00000000 218.20000000 587.20000000 0.35294118 0.21568627 0.20000000
v -55.00000000 218.20000000 587.40000000 0.38823529 0.21176471 0.19215686
v -54.00000000 218.20000000 587.00000000 0.44705882 0.23921569 0.21568627
v -53.00000000 217.80000000 586.00000000 0.47058824 0.25490196 0.22745098
v -52.00000000 217.80000000 586.00000000 0.49411765 0.27058824 0.24313725
v -52.00000000 217.20000000 585.00000000 0.51372549 0.29019608 0.25490196
v -51.00000000 217.20000000 585.00000000 0.52156863 0.29019608 0.25882353
v -50.00000000 217.00000000 583.60000000 0.55294118 0.30588235 0.27058824
v -49.00000000 216.60000000 582.60000000 0.56470588 0.32156863 0.27843137
v -48.00000000 216.60000000 582.60000000 0.57647059 0.31372549 0.27843137
v -46.00000000 216.00000000 581.80000000 0.57647059 0.30196078 0.25490196
v -45.00000000 216.00000000 581.20000000 0.60000000 0.31764706 0.27058824
v -44.20000000 216.00000000 581.20000000 0.59607843 0.30588235 0.26274510
v -44.00000000 216.00000000 581.20000000 0.62352941 0.32549020 0.27450980
v -43.00000000 216.00000000 581.20000000 0.65882353 0.35294118 0.30588235
v -42.00000000 216.00000000 581.20000000 0.69411765 0.38823529 0.33725490
v -41.00000000 216.00000000 581.80000000 0.71372549 0.41176471 0.34901961
v -40.00000000 216.60000000 582.60000000 0.75686275 0.45490196 0.39215686
v -38.00000000 217.00000000 583.80000000 0.79215686 0.50980392 0.45490196
v -37.00000000 217.40000000 585.40000000 0.81568627 0.54901961 0.49803922
v -36.00000000 218.60000000 587.60000000 0.83529412 0.58431373 0.53725490
v -36.00000000 219.00000000 588.80000000 0.83137255 0.59607843 0.55294118
v -35.00000000 219.60000000 590.60000000 0.81960784 0.59607843 0.55294118
v -34.60000000 220.00000000 592.60000000 0.72156863 0.54117647 0.49019608
v -34.00000000 220.80000000 594.40000000 0.37254902 0.26666667 0.23137255
v -59.00000000 218.00000000 585.40000000 0.24313725 0.18431373 0.16470588
v -58.00000000 218.20000000 586.20000000 0.27450980 0.20000000 0.17647059
v -57.80000000 218.80000000 586.80000000 0.30196078 0.20392157 0.18431373
v -54.00000000 219.00000000 587.20000000 0.41568627 0.21960784 0.19215686
v -54.00000000 218.40000000 586.60000000 0.45098039 0.23529412 0.20784314
v -53.00000000 218.20000000 586.00000000 0.48235294 0.25882353 0.22352941
v -52.00000000 218.20000000 585.60000000 0.49411765 0.27058824 0.23529412
v -52.00000000 218.00000000 585.00000000 0.51764706 0.28627451 0.25490196
v -51.00000000 218.00000000 584.80000000 0.52549020 0.29019608 0.25882353
v -50.00000000 217.80000000 584.00000000 0.52941176 0.29411765 0.25490196
v -50.00000000 217.60000000 583.60000000 0.54901961 0.29803922 0.26274510
v -49.00000000 217.00000000 582.60000000 0.56078431 0.30980392 0.27058824
v -48.00000000 217.00000000 582.00000000 0.60000000 0.33333333 0.28235294
v -47.00000000 217.00000000 581.80000000 0.60784314 0.33333333 0.28627451
v -46.00000000 217.00000000 581.00000000 0.61176471 0.32941176 0.28235294
v -45.00000000 217.00000000 581.00000000 0.61176471 0.32156863 0.27843137
v -44.20000000 216.80000000 581.00000000 0.61960784 0.31764706 0.27843137
v -41.00000000 217.00000000 581.60000000 0.69411765 0.38823529 0.33725490
v -40.00000000 217.00000000 582.00000000 0.72156863 0.41960784 0.35686275
v -39.00000000 217.00000000 582.80000000 0.74901961 0.46274510 0.39607843
v -38.00000000 217.80000000 583.80000000 0.77647059 0.49019608 0.43137255
v -37.00000000 218.00000000 585.00000000 0.80784314 0.54117647 0.49019608
v -36.00000000 218.80000000 587.00000000 0.82745098 0.57647059 0.52941176
v -35.00000000 220.00000000 589.60000000 0.81568627 0.58823529 0.54509804
v -34.00000000 220.60000000 591.60000000 0.76470588 0.58431373 0.53333333
v -58.80000000 218.80000000 585.00000000 0.23921569 0.18039216 0.16862745
v -57.00000000 219.00000000 586.00000000 0.29803922 0.20000000 0.18039216
v -56.00000000 219.00000000 586.60000000 0.35294118 0.21568627 0.20000000
v -56.00000000 219.20000000 586.80000000 0.36470588 0.21176471 0.19215686
v -55.00000000 219.20000000 586.80000000 0.39607843 0.21960784 0.20000000
v -54.00000000 219.20000000 586.40000000 0.45098039 0.23529412 0.20784314
v -53.00000000 219.00000000 585.60000000 0.47843137 0.25490196 0.21960784
v -52.00000000 219.00000000 585.60000000 0.49411765 0.26274510 0.23137255
v -52.00000000 218.40000000 584.60000000 0.50980392 0.28235294 0.23921569
v -51.00000000 218.40000000 584.60000000 0.52156863 0.28627451 0.24705882
v -50.00000000 218.20000000 583.80000000 0.53725490 0.29019608 0.25490196
v -50.00000000 218.00000000 583.20000000 0.54901961 0.29803922 0.26274510
v -49.00000000 218.00000000 582.60000000 0.54901961 0.29803922 0.25882353
v -47.00000000 217.80000000 581.80000000 0.62745098 0.34509804 0.29803922
v -46.00000000 217.80000000 581.80000000 0.63921569 0.34901961 0.29803922
v -44.00000000 217.00000000 580.60000000 0.66274510 0.36470588 0.31372549
v -43.00000000 217.00000000 580.80000000 0.66274510 0.35686275 0.30980392
v -42.00000000 217.00000000 580.60000000 0.65882353 0.35294118 0.30588235
v -41.00000000 217.40000000 581.40000000 0.70588235 0.39607843 0.34509804
v -40.00000000 217.80000000 582.00000000 0.72156863 0.41960784 0.35686275
v -39.80000000 217.80000000 582.00000000 0.73725490 0.43529412 0.37254902
v -39.00000000 218.00000000 582.80000000 0.74117647 0.45490196 0.39607843
v -38.00000000 218.00000000 582.80000000 0.76078431 0.47058824 0.41960784
v -37.00000000 218.20000000 584.20000000 0.80392157 0.53725490 0.48627451
v -36.00000000 219.20000000 586.60000000 0.82352941 0.57254902 0.52549020
v -35.40000000 219.40000000 587.60000000 0.84705882 0.60392157 0.56078431
v -34.00000000 221.00000000 590.80000000 0.79215686 0.61176471 0.55294118
v -34.00000000 221.60000000 592.80000000 0.45098039 0.34509804 0.30980392
v -58.20000000 218.80000000 584.00000000 0.24705882 0.17647059 0.16862745
v -57.00000000 219.40000000 585.40000000 0.30980392 0.19215686 0.18431373
v -55.00000000 220.00000000 586.60000000 0.39607843 0.20784314 0.19215686
v -54.00000000 220.00000000 586.40000000 0.41568627 0.21960784 0.18431373
v -53.00000000 219.40000000 585.60000000 0.46666667 0.25490196 0.21568627
v -52.00000000 219.20000000 584.60000000 0.50588235 0.27843137 0.23529412
v -51.00000000 219.00000000 583.80000000 0.52549020 0.27843137 0.24313725
v -50.00000000 219.00000000 583.80000000 0.54509804 0.28235294 0.24705882
v -50.00000000 218.80000000 583.00000000 0.55686275 0.28235294 0.25098039
v -49.00000000 218.60000000 582.60000000 0.56470588 0.29019608 0.25098039
v -48.00000000 218.40000000 582.40000000 0.58823529 0.30196078 0.26666667
v -48.00000000 218.00000000 582.00000000 0.59215686 0.30980392 0.26274510
v -44.00000000 217.60000000 580.60000000 0.62745098 0.33725490 0.28627451
v -44.00000000 217.80000000 580.80000000 0.64313725 0.34509804 0.29019608
v -43.00000000 217.80000000 580.80000000 0.65098039 0.34509804 0.29411765
v -42.00000000 217.60000000 580.60000000 0.65882353 0.35294118 0.30196078
v -41.00000000 218.00000000 581.20000000 0.68235294 0.37647059 0.32941176
v -40.00000000 218.00000000 581.80000000 0.71764706 0.41176471 0.36470588
v -39.80000000 218.20000000 582.00000000 0.74901961 0.44313725 0.39607843
v -39.00000000 218.60000000 582.60000000 0.75294118 0.45098039 0.41176471
v -38.00000000 218.80000000 582.80000000 0.77254902 0.47058824 0.43137255
v -37.00000000 219.00000000 584.20000000 0.81960784 0.53725490 0.49019608
v -37.00000000 219.20000000 584.80000000 0.81960784 0.55294118 0.50196078
v -36.00000000 219.40000000 585.60000000 0.83529412 0.56862745 0.51764706
v -35.20000000 220.00000000 587.00000000 0.84313725 0.58431373 0.52941176
v -35.00000000 220.20000000 588.20000000 0.81176471 0.57647059 0.53333333
v -33.00000000 222.60000000 593.80000000 0.30588235 0.30196078 0.28235294
v -58.00000000 219.00000000 583.40000000 0.23529412 0.17647059 0.16470588
v -57.00000000 219.80000000 584.80000000 0.31372549 0.19607843 0.18823529
v -55.60000000 220.00000000 585.60000000 0.37254902 0.21176471 0.20392157
v -55.00000000 220.20000000 585.80000000 0.38431373 0.20784314 0.19607843
v -53.00000000 220.20000000 585.40000000 0.45882353 0.24313725 0.21568627
v -52.00000000 220.00000000 584.40000000 0.50196078 0.27058824 0.23921569
v -51.00000000 219.60000000 583.80000000 0.52156863 0.27450980 0.24705882
v -50.00000000 219.40000000 583.40000000 0.54117647 0.27843137 0.24705882
v -50.00000000 219.20000000 582.80000000 0.55294118 0.27450980 0.25098039
v -49.00000000 219.00000000 582.40000000 0.56078431 0.28627451 0.25490196
v -48.00000000 218.80000000 581.80000000 0.58823529 0.29803922 0.26274510
v -47.00000000 218.00000000 581.00000000 0.60000000 0.30980392 0.27450980
v -46.00000000 218.00000000 580.80000000 0.60784314 0.31764706 0.27450980
v -45.00000000 218.00000000 580.80000000 0.61568627 0.31764706 0.26666667
v -44.00000000 218.00000000 580.40000000 0.61960784 0.32156863 0.27058824
v -43.00000000 218.00000000 580.80000000 0.65490196 0.34117647 0.29803922
v -42.00000000 218.00000000 580.60000000 0.66666667 0.35294118 0.30980392
v -41.00000000 218.20000000 581.20000000 0.69019608 0.37647059 0.33333333
v -40.00000000 218.60000000 581.60000000 0.72941176 0.41568627 0.38039216
v -39.60000000 218.60000000 581.60000000 0.76078431 0.44705882 0.41176471
v -39.00000000 219.00000000 582.60000000 0.76862745 0.46274510 0.42352941
v -38.00000000 219.00000000 582.60000000 0.79215686 0.48627451 0.44705882
v -37.00000000 219.60000000 583.80000000 0.83137255 0.54117647 0.50588235
v -36.00000000 220.20000000 585.40000000 0.84313725 0.56862745 0.52941176
v -35.20000000 220.20000000 586.40000000 0.84705882 0.58431373 0.54901961
v -34.00000000 221.20000000 589.00000000 0.80784314 0.61176471 0.58431373
v -33.00000000 223.00000000 593.00000000 0.32156863 0.30196078 0.28627451
v -58.00000000 219.80000000 582.80000000 0.22745098 0.16862745 0.15686275
v -57.00000000 220.00000000 584.00000000 0.31372549 0.20392157 0.19215686
v -56.00000000 220.00000000 585.00000000 0.36862745 0.21960784 0.20784314
v -55.60000000 220.60000000 585.60000000 0.37647059 0.21568627 0.20000000
v -55.00000000 220.60000000 585.60000000 0.38823529 0.21176471 0.19215686
v -54.00000000 220.60000000 585.80000000 0.40392157 0.20392157 0.18823529
v -54.00000000 220.20000000 585.40000000 0.42352941 0.21568627 0.19215686
v -52.00000000 220.20000000 584.40000000 0.47843137 0.25098039 0.23529412
v -50.00000000 219.80000000 582.80000000 0.54901961 0.27058824 0.25490196
v -49.00000000 219.40000000 582.40000000 0.55294118 0.27843137 0.24705882
v -48.00000000 219.00000000 581.80000000 0.56470588 0.27843137 0.25098039
v -47.00000000 219.00000000 581.00000000 0.59215686 0.30196078 0.26666667
v -46.00000000 219.00000000 581.00000000 0.60784314 0.30588235 0.26666667
v -45.00000000 219.00000000 580.80000000 0.61176471 0.30980392 0.27058824
v -44.00000000 219.00000000 580.40000000 0.61176471 0.30588235 0.26666667
v -43.00000000 219.00000000 580.80000000 0.64313725 0.32156863 0.27450980
v -42.80000000 219.00000000 580.80000000 0.65490196 0.33333333 0.29019608
v -42.00000000 219.00000000 580.60000000 0.67450980 0.35294118 0.30980392
v -41.00000000 219.00000000 581.20000000 0.69803922 0.36470588 0.33725490
v -40.00000000 219.00000000 581.60000000 0.74117647 0.41568627 0.38431373
v -39.60000000 219.00000000 581.60000000 0.77254902 0.44705882 0.41568627
v -39.00000000 219.60000000 582.60000000 0.78823529 0.47450980 0.44705882
v -38.00000000 219.60000000 582.60000000 0.80392157 0.49411765 0.46666667
v -38.00000000 219.80000000 583.00000000 0.81960784 0.51764706 0.49411765
v -37.00000000 220.00000000 583.60000000 0.83137255 0.53725490 0.51372549
v -36.00000000 220.60000000 584.80000000 0.83137255 0.55294118 0.52941176
v -35.00000000 221.00000000 585.60000000 0.83921569 0.57647059 0.54509804
v -35.00000000 221.20000000 586.80000000 0.82352941 0.57647059 0.54901961
v -34.00000000 222.00000000 588.40000000 0.81176471 0.59607843 0.57647059
v -58.00000000 220.00000000 582.20000000 0.21176471 0.15686275 0.14509804
v -57.00000000 220.60000000 583.60000000 0.31372549 0.20392157 0.19215686
v -55.00000000 221.00000000 584.60000000 0.38431373 0.22352941 0.20784314
v -54.00000000 221.00000000 584.80000000 0.40784314 0.20784314 0.19215686
v -53.80000000 221.00000000 585.00000000 0.42352941 0.20784314 0.19607843
v -53.00000000 221.00000000 584.80000000 0.44313725 0.22745098 0.20784314
v -51.00000000 220.20000000 583.40000000 0.50980392 0.25490196 0.23921569
v -50.00000000 220.20000000 583.20000000 0.52549020 0.26274510 0.23921569
v -50.00000000 220.00000000 582.40000000 0.54509804 0.26666667 0.25098039
v -49.00000000 220.00000000 582.20000000 0.56078431 0.27450980 0.25098039
v -48.00000000 220.00000000 581.60000000 0.58431373 0.28235294 0.25098039
v -46.00000000 219.80000000 580.80000000 0.61176471 0.30980392 0.27058824
v -45.00000000 219.80000000 580.80000000 0.61568627 0.31372549 0.27450980
v -44.00000000 219.60000000 580.60000000 0.61568627 0.30980392 0.27058824
v -43.00000000 219.60000000 580.60000000 0.65098039 0.32156863 0.28235294
v -42.60000000 219.60000000 580.60000000 0.66666667 0.33725490 0.29803922
v -42.00000000 219.60000000 580.60000000 0.68627451 0.35686275 0.31764706
v -41.00000000 220.00000000 581.00000000 0.70588235 0.37254902 0.34509804
v -40.00000000 220.00000000 581.60000000 0.74509804 0.41176471 0.39215686
v -39.80000000 220.00000000 582.00000000 0.78039216 0.44705882 0.42745098
v -39.00000000 220.00000000 582.20000000 0.79215686 0.47450980 0.45882353
v -38.00000000 220.00000000 582.60000000 0.82352941 0.51764706 0.50196078
v -37.00000000 220.20000000 583.00000000 0.83137255 0.53725490 0.51764706
v -36.60000000 220.60000000 583.80000000 0.82352941 0.54509804 0.52941176
v -35.00000000 221.40000000 585.60000000 0.83137255 0.56470588 0.55294118
v -35.00000000 222.00000000 586.60000000 0.81960784 0.56470588 0.54901961
v -34.00000000 222.20000000 587.80000000 0.81960784 0.58039216 0.56862745
v -34.00000000 222.80000000 589.20000000 0.64313725 0.46666667 0.45490196
v -33.00000000 223.20000000 591.20000000 0.36862745 0.29411765 0.27843137
v -57.00000000 221.00000000 582.80000000 0.31764706 0.20784314 0.19607843
v -56.60000000 221.00000000 583.60000000 0.34117647 0.21960784 0.20000000
v -56.00000000 221.00000000 583.80000000 0.36862745 0.21960784 0.20784314
v -55.00000000 221.20000000 584.20000000 0.38431373 0.22352941 0.20784314
v -55.00000000 221.60000000 584.60000000 0.39215686 0.21568627 0.20392157
v -54.00000000 221.60000000 584.60000000 0.40784314 0.20784314 0.19215686
v -53.40000000 221.40000000 584.60000000 0.42352941 0.20784314 0.19607843
v -53.00000000 221.60000000 584.80000000 0.44313725 0.22745098 0.21568627
v -52.00000000 221.20000000 584.20000000 0.48235294 0.24705882 0.24313725
v -52.00000000 221.00000000 584.00000000 0.49803922 0.25882353 0.24705882
v -51.00000000 221.00000000 583.20000000 0.50980392 0.25490196 0.24705882
v -50.00000000 221.00000000 582.40000000 0.54117647 0.26274510 0.24705882
v -49.00000000 221.00000000 582.40000000 0.56862745 0.28235294 0.25882353
v -48.00000000 220.60000000 581.60000000 0.58431373 0.28235294 0.25882353
v -47.00000000 220.00000000 581.00000000 0.58823529 0.28627451 0.26274510
v -46.00000000 220.00000000 580.80000000 0.61568627 0.30588235 0.27843137
v -45.00000000 220.00000000 580.80000000 0.62352941 0.31764706 0.27843137
v -44.00000000 220.00000000 580.60000000 0.63137255 0.31764706 0.28235294
v -43.00000000 220.00000000 580.60000000 0.66274510 0.34117647 0.29803922
v -42.60000000 220.00000000 580.60000000 0.68235294 0.34901961 0.32156863
v -42.00000000 220.00000000 580.60000000 0.70588235 0.37254902 0.34509804
v -41.00000000 220.20000000 581.00000000 0.72941176 0.39607843 0.37647059
v -41.00000000 220.60000000 581.60000000 0.73333333 0.40000000 0.38039216
v -40.00000000 220.60000000 581.60000000 0.74509804 0.41960784 0.40392157
v -39.80000000 220.80000000 582.00000000 0.77647059 0.45098039 0.43529412
v -39.00000000 220.80000000 582.00000000 0.78823529 0.47843137 0.46274510
v -38.00000000 221.00000000 582.60000000 0.82352941 0.52941176 0.51764706
v -37.00000000 221.00000000 583.00000000 0.83921569 0.54901961 0.53725490
v -36.40000000 221.20000000 583.60000000 0.83921569 0.56078431 0.55294118
v -36.00000000 221.20000000 584.40000000 0.83921569 0.56470588 0.55686275
v -35.00000000 221.80000000 585.00000000 0.83529412 0.56862745 0.55686275
v -34.00000000 223.00000000 587.40000000 0.83921569 0.59215686 0.57254902
v -33.00000000 224.00000000 590.60000000 0.39607843 0.30196078 0.28627451
v -58.00000000 220.80000000 581.00000000 0.18823529 0.12941176 0.11764706
v -58.00000000 221.00000000 581.80000000 0.25882353 0.18431373 0.16078431
v -56.00000000 221.80000000 582.80000000 0.33725490 0.21568627 0.19607843
v -55.00000000 222.00000000 583.80000000 0.37647059 0.21568627 0.20000000
v -54.00000000 222.00000000 584.00000000 0.41176471 0.21176471 0.19607843
v -53.20000000 222.00000000 584.20000000 0.42352941 0.20784314 0.19607843
v -53.00000000 222.00000000 584.20000000 0.45098039 0.22352941 0.21568627
v -52.00000000 222.00000000 583.40000000 0.48627451 0.24705882 0.24313725
v -51.40000000 222.00000000 583.40000000 0.50588235 0.25490196 0.24705882
v -50.00000000 221.40000000 582.40000000 0.55294118 0.27450980 0.26666667
v -49.00000000 221.40000000 582.40000000 0.58039216 0.29411765 0.27058824
v -48.00000000 221.00000000 581.60000000 0.58823529 0.28627451 0.26274510
v -47.00000000 221.00000000 581.00000000 0.59215686 0.29019608 0.26666667
v -46.00000000 221.00000000 581.00000000 0.60784314 0.29803922 0.27058824
v -45.00000000 220.60000000 580.60000000 0.63137255 0.32941176 0.29803922
v -44.00000000 220.60000000 580.60000000 0.64705882 0.33725490 0.30980392
v -43.00000000 220.60000000 580.60000000 0.67058824 0.35686275 0.32941176
v -42.60000000 220.60000000 580.60000000 0.68627451 0.37254902 0.34509804
v -42.00000000 220.60000000 580.80000000 0.70980392 0.39607843 0.36862745
v -41.00000000 220.80000000 581.00000000 0.74117647 0.41568627 0.40000000
v -40.00000000 221.20000000 582.00000000 0.74901961 0.43137255 0.41960784
v -39.80000000 221.20000000 582.00000000 0.77647059 0.45882353 0.44705882
v -39.00000000 221.20000000 582.00000000 0.78823529 0.47450980 0.47058824
v -38.00000000 221.60000000 582.60000000 0.81568627 0.50980392 0.50196078
v -38.00000000 221.80000000 582.80000000 0.82745098 0.53333333 0.52156863
v -37.00000000 221.80000000 583.00000000 0.83529412 0.54509804 0.53333333
v -36.20000000 222.00000000 583.40000000 0.83529412 0.56078431 0.55294118
v -36.00000000 222.20000000 584.40000000 0.83921569 0.56470588 0.55686275
v -35.00000000 222.20000000 585.00000000 0.83137255 0.57647059 0.56862745
v -35.00000000 222.80000000 586.00000000 0.83137255 0.57647059 0.56862745
v -34.00000000 223.20000000 587.20000000 0.84705882 0.59215686 0.57647059
v -33.00000000 224.20000000 590.00000000 0.41176471 0.31372549 0.29803922
v -57.80000000 221.40000000 581.20000000 0.24705882 0.17254902 0.15686275
v -57.00000000 221.60000000 581.60000000 0.31764706 0.20784314 0.20392157
v -55.00000000 222.20000000 583.20000000 0.39607843 0.21960784 0.20784314
v -53.00000000 222.80000000 583.80000000 0.45490196 0.22745098 0.21960784
v -52.00000000 222.40000000 583.40000000 0.48235294 0.24313725 0.23921569
v -51.40000000 222.40000000 583.40000000 0.50588235 0.25490196 0.24705882
v -51.00000000 222.00000000 583.00000000 0.52549020 0.25882353 0.25490196
v -50.00000000 222.00000000 582.40000000 0.58039216 0.29019608 0.28627451
v -49.00000000 222.00000000 582.00000000 0.58823529 0.29803922 0.28627451
v -48.00000000 221.80000000 581.80000000 0.60000000 0.29411765 0.28627451
v -48.00000000 221.40000000 581.40000000 0.60000000 0.29411765 0.27843137
v -45.00000000 221.00000000 580.80000000 0.65098039 0.34901961 0.32549020
v -44.00000000 221.00000000 580.60000000 0.66274510 0.36078431 0.33725490
v -43.00000000 221.00000000 580.60000000 0.69019608 0.38039216 0.36078431
v -42.60000000 221.00000000 580.60000000 0.70980392 0.40000000 0.38431373
v -42.00000000 221.20000000 580.80000000 0.72941176 0.41960784 0.40392157
v -41.00000000 221.20000000 581.20000000 0.75686275 0.43921569 0.42745098
v -41.00000000 221.60000000 581.80000000 0.76078431 0.44313725 0.43137255
v -40.00000000 221.60000000 581.80000000 0.77254902 0.45490196 0.45098039
v -39.80000000 221.80000000 582.00000000 0.79607843 0.47843137 0.47450980
v -39.00000000 222.00000000 582.40000000 0.79215686 0.48627451 0.47843137
v -38.00000000 222.00000000 582.60000000 0.82745098 0.53725490 0.53333333
v -37.00000000 222.20000000 583.00000000 0.82745098 0.53725490 0.53333333
v -36.20000000 222.20000000 583.20000000 0.81960784 0.54509804 0.53725490
v -36.00000000 223.00000000 584.20000000 0.82745098 0.55294118 0.54509804
v -35.00000000 223.00000000 584.80000000 0.83529412 0.56862745 0.56470588
v -34.00000000 223.60000000 586.60000000 0.83529412 0.58039216 0.56470588
v -34.00000000 224.20000000 588.00000000 0.74901961 0.53725490 0.52941176
v -33.00000000 225.00000000 589.80000000 0.43921569 0.32941176 0.31764706
v -57.60000000 221.80000000 580.40000000 0.23137255 0.16078431 0.15294118
v -57.00000000 222.00000000 580.80000000 0.30980392 0.20784314 0.21176471
v -56.00000000 222.00000000 581.80000000 0.33333333 0.21568627 0.20784314
v -56.00000000 222.20000000 582.20000000 0.34901961 0.20784314 0.20784314
v -55.00000000 222.60000000 582.60000000 0.37647059 0.21960784 0.21176471
v -52.00000000 222.80000000 582.80000000 0.48627451 0.24705882 0.24313725
v -51.00000000 222.80000000 582.80000000 0.52941176 0.26274510 0.26666667
v -50.00000000 222.20000000 582.20000000 0.55294118 0.27843137 0.27843137
v -48.00000000 222.00000000 581.40000000 0.60784314 0.30196078 0.29411765
v -47.00000000 222.00000000 581.40000000 0.61568627 0.30196078 0.29803922
v -46.00000000 222.00000000 581.00000000 0.65098039 0.34117647 0.32549020
v -45.00000000 222.00000000 580.80000000 0.67450980 0.36862745 0.35294118
v -44.00000000 222.00000000 580.60000000 0.69803922 0.39215686 0.38431373
v -43.00000000 222.00000000 580.60000000 0.71764706 0.41176471 0.40392157
v -42.60000000 222.00000000 580.60000000 0.74117647 0.42745098 0.42352941
v -42.00000000 222.00000000 580.80000000 0.76470588 0.45098039 0.44705882
v -41.00000000 222.00000000 581.20000000 0.78431373 0.47058824 0.46666667
v -41.00000000 222.20000000 581.80000000 0.78823529 0.47450980 0.47058824
v -40.00000000 222.20000000 581.80000000 0.79607843 0.48235294 0.47843137
v -39.80000000 222.20000000 582.00000000 0.81176471 0.49803922 0.49411765
v -39.00000000 222.40000000 582.40000000 0.80392157 0.49803922 0.49803922
v -38.00000000 222.60000000 582.60000000 0.84313725 0.55294118 0.54901961
v -37.00000000 222.80000000 583.00000000 0.83137255 0.54117647 0.53725490
v -36.20000000 223.00000000 583.20000000 0.81176471 0.53725490 0.53725490
v -35.00000000 223.80000000 584.80000000 0.83137255 0.56470588 0.56078431
v -34.00000000 224.00000000 586.60000000 0.83137255 0.57647059 0.56078431
v -33.00000000 225.60000000 589.40000000 0.45882353 0.34901961 0.33725490
v -57.20000000 222.20000000 580.00000000 0.22745098 0.16862745 0.15686275
v -57.00000000 222.40000000 580.20000000 0.30588235 0.21176471 0.20392157
v -56.00000000 222.80000000 581.00000000 0.34117647 0.20784314 0.20000000
v -55.00000000 223.00000000 582.40000000 0.38431373 0.20392157 0.20392157
v -54.00000000 223.00000000 582.80000000 0.43529412 0.22745098 0.21176471
v -53.00000000 223.00000000 582.60000000 0.45490196 0.22745098 0.21176471
v -52.00000000 223.00000000 582.60000000 0.49019608 0.25098039 0.23921569
v -51.00000000 223.00000000 582.80000000 0.54117647 0.27450980 0.27058824
v -50.00000000 223.00000000 582.20000000 0.56470588 0.29019608 0.29019608
v -49.00000000 223.00000000 581.80000000 0.59607843 0.30588235 0.30980392
v -48.00000000 223.00000000 581.40000000 0.62745098 0.31764706 0.32941176
v -47.00000000 223.00000000 581.40000000 0.63921569 0.32941176 0.34117647
v -46.00000000 223.00000000 581.20000000 0.66274510 0.35294118 0.36470588
v -45.00000000 222.80000000 581.00000000 0.70588235 0.40000000 0.40000000
v -44.20000000 222.80000000 581.00000000 0.70588235 0.39607843 0.40784314
v -44.00000000 222.80000000 581.00000000 0.70588235 0.41568627 0.41960784
v -43.00000000 222.80000000 581.20000000 0.72549020 0.42745098 0.44313725
v -42.80000000 222.80000000 581.20000000 0.72941176 0.43137255 0.43921569
v -42.00000000 222.80000000 581.20000000 0.75294118 0.44313725 0.45490196
v -41.00000000 223.00000000 581.40000000 0.76078431 0.45098039 0.46274510
v -40.00000000 223.00000000 582.20000000 0.78823529 0.47843137 0.49019608
v -39.00000000 223.00000000 582.40000000 0.78431373 0.48627451 0.49411765
v -38.00000000 223.20000000 583.20000000 0.83529412 0.54509804 0.54117647
v -37.00000000 223.20000000 583.20000000 0.85490196 0.56470588 0.56078431
v -36.00000000 223.20000000 583.20000000 0.80784314 0.53333333 0.52549020
v -36.00000000 223.80000000 583.80000000 0.82352941 0.54901961 0.54117647
v -35.00000000 224.00000000 584.60000000 0.81568627 0.56078431 0.54509804
v -34.00000000 224.80000000 586.40000000 0.84313725 0.56862745 0.56862745
v -33.80000000 225.00000000 587.40000000 0.77647059 0.54117647 0.54117647
v -33.00000000 225.80000000 588.80000000 0.47450980 0.34901961 0.35294118
v -32.00000000 226.60000000 590.60000000 0.34509804 0.30588235 0.30980392
v -57.00000000 222.60000000 579.40000000 0.21960784 0.16078431 0.14901961
v -57.00000000 222.80000000 580.00000000 0.30588235 0.21176471 0.20392157
v -56.00000000 223.00000000 580.40000000 0.34509804 0.21176471 0.20392157
v -56.00000000 223.20000000 581.20000000 0.37647059 0.21176471 0.21568627
v -55.00000000 223.40000000 581.40000000 0.38823529 0.20784314 0.20784314
v -51.00000000 223.80000000 582.00000000 0.55686275 0.29019608 0.29411765
v -50.00000000 223.80000000 581.80000000 0.57647059 0.30980392 0.31372549
v -49.40000000 223.40000000 581.40000000 0.60392157 0.32156863 0.33333333
v -49.00000000 223.40000000 581.40000000 0.61176471 0.32941176 0.34117647
v -48.00000000 223.60000000 581.60000000 0.61568627 0.32156863 0.33725490
v -47.00000000 223.40000000 581.40000000 0.65098039 0.35294118 0.36078431
v -46.00000000 223.20000000 581.20000000 0.66274510 0.36470588 0.37254902
v -45.00000000 223.20000000 581.20000000 0.71372549 0.41568627 0.42352941
v -44.20000000 223.20000000 581.00000000 0.73333333 0.43529412 0.44313725
v -44.00000000 223.20000000 581.00000000 0.72156863 0.43921569 0.45098039
v -43.00000000 223.40000000 581.20000000 0.75294118 0.45882353 0.47450980
v -42.80000000 223.40000000 581.20000000 0.76862745 0.47450980 0.49019608
v -42.00000000 223.40000000 581.20000000 0.78431373 0.48627451 0.50196078
v -41.00000000 223.40000000 581.40000000 0.78039216 0.47058824 0.49019608
v -39.20000000 224.00000000 582.20000000 0.80784314 0.49803922 0.51764706
v -38.00000000 224.00000000 583.00000000 0.80392157 0.50588235 0.51372549
v -37.00000000 224.00000000 583.20000000 0.82745098 0.52941176 0.53725490
v -36.00000000 224.00000000 583.40000000 0.80000000 0.52156863 0.51372549
v -35.00000000 224.20000000 584.20000000 0.81176471 0.54509804 0.54117647
v -34.00000000 225.20000000 586.00000000 0.84313725 0.56078431 0.56470588
v -33.80000000 225.80000000 587.00000000 0.79215686 0.55686275 0.55686275
v -33.00000000 226.00000000 588.60000000 0.49411765 0.36078431 0.36470588
v -32.00000000 226.80000000 590.40000000 0.34901961 0.30980392 0.31372549
v -57.00000000 223.00000000 579.00000000 0.20392157 0.14509804 0.13333333
v -56.00000000 223.40000000 580.20000000 0.34509804 0.21176471 0.20784314
v -53.00000000 224.00000000 582.00000000 0.45490196 0.22745098 0.21960784
v -53.00000000 224.20000000 582.00000000 0.47843137 0.24313725 0.23921569
v -52.00000000 224.00000000 581.80000000 0.50588235 0.26666667 0.26274510
v -51.00000000 224.00000000 581.60000000 0.56078431 0.29411765 0.29803922
v -50.00000000 224.00000000 581.40000000 0.58039216 0.31372549 0.31764706
v -49.00000000 224.00000000 581.40000000 0.60000000 0.32549020 0.33333333
v -48.00000000 224.00000000 581.40000000 0.61960784 0.33725490 0.34901961
v -47.00000000 224.00000000 581.40000000 0.67058824 0.37647059 0.39607843
v -46.00000000 224.00000000 581.20000000 0.67058824 0.38823529 0.40392157
v -45.00000000 224.00000000 581.00000000 0.67843137 0.39607843 0.41176471
v -44.00000000 224.00000000 581.00000000 0.69803922 0.41960784 0.44313725
v -43.00000000 224.00000000 580.80000000 0.71764706 0.43921569 0.46274510
v -42.60000000 224.00000000 580.60000000 0.74901961 0.46666667 0.48235294
v -42.00000000 224.00000000 581.00000000 0.76470588 0.48235294 0.49803922
v -41.00000000 224.00000000 581.20000000 0.76078431 0.46666667 0.48627451
v -40.00000000 224.00000000 582.00000000 0.80000000 0.49803922 0.52156863
v -39.00000000 224.00000000 582.00000000 0.83921569 0.53725490 0.56078431
v -36.00000000 225.00000000 583.60000000 0.80392157 0.51372549 0.51764706
v -35.00000000 225.00000000 584.40000000 0.84313725 0.56078431 0.56470588
v -34.00000000 226.00000000 586.00000000 0.83921569 0.55686275 0.56078431
v -33.80000000 226.20000000 587.00000000 0.80784314 0.56470588 0.56862745
v -33.00000000 227.00000000 588.60000000 0.49803922 0.36470588 0.36862745
v -32.00000000 227.20000000 590.00000000 0.34117647 0.30196078 0.30588235
v -57.00000000 223.20000000 578.20000000 0.18823529 0.13333333 0.12941176
v -57.00000000 223.80000000 578.80000000 0.28235294 0.20000000 0.19607843
v -55.00000000 224.00000000 580.40000000 0.39215686 0.21960784 0.22352941
v -54.00000000 224.00000000 581.00000000 0.42352941 0.22745098 0.23137255
v -54.00000000 224.20000000 581.20000000 0.44313725 0.22352941 0.22745098
v -53.00000000 224.40000000 581.40000000 0.45490196 0.22745098 0.22352941
v -52.00000000 224.40000000 581.20000000 0.50980392 0.26666667 0.27058824
v -51.00000000 224.20000000 581.00000000 0.53725490 0.29411765 0.29803922
v -44.00000000 224.80000000 580.80000000 0.68235294 0.42352941 0.43921569
v -42.60000000 224.60000000 580.60000000 0.72941176 0.45882353 0.47843137
v -42.00000000 224.60000000 580.60000000 0.74901961 0.47058824 0.49411765
v -41.00000000 224.60000000 580.60000000 0.73725490 0.45882353 0.47450980
v -38.00000000 225.00000000 582.40000000 0.78431373 0.48627451 0.50196078
v -37.00000000 225.00000000 582.80000000 0.76078431 0.46274510 0.47843137
v -36.00000000 225.40000000 583.20000000 0.81568627 0.52549020 0.52941176
v -35.00000000 225.80000000 584.20000000 0.81568627 0.53333333 0.53725490
v -35.00000000 226.20000000 584.60000000 0.84313725 0.56078431 0.56470588
v -34.00000000 227.00000000 586.40000000 0.84313725 0.55294118 0.55686275
v -33.00000000 227.40000000 588.40000000 0.49019608 0.35686275 0.36078431
v -32.00000000 228.00000000 590.00000000 0.32941176 0.28627451 0.30196078
v -57.00000000 224.00000000 578.20000000 0.26666667 0.18039216 0.18823529
v -56.00000000 224.00000000 579.00000000 0.32941176 0.21176471 0.21176471
v -55.40000000 224.40000000 579.40000000 0.36078431 0.20784314 0.21960784
v -53.00000000 225.00000000 581.00000000 0.45882353 0.23137255 0.22745098
v -52.80000000 225.00000000 580.80000000 0.47843137 0.24313725 0.24313725
v -52.00000000 225.00000000 580.80000000 0.50980392 0.26666667 0.27058824
v -51.00000000 225.00000000 580.60000000 0.55294118 0.30196078 0.30588235
v -50.00000000 225.00000000 580.60000000 0.55686275 0.29803922 0.30588235
v -49.00000000 225.00000000 580.60000000 0.55686275 0.29803922 0.30588235
v -48.00000000 225.00000000 580.80000000 0.56470588 0.29411765 0.31372549
v -47.80000000 225.00000000 580.80000000 0.60784314 0.33725490 0.35686275
v -47.00000000 225.00000000 580.80000000 0.63529412 0.36470588 0.38431373
v -46.00000000 225.00000000 580.60000000 0.63529412 0.37647059 0.39215686
v -43.00000000 224.80000000 579.80000000 0.70196078 0.44705882 0.46274510
v -42.00000000 224.80000000 579.80000000 0.73725490 0.48235294 0.49803922
v -39.00000000 225.00000000 581.00000000 0.73725490 0.44313725 0.46274510
v -37.00000000 226.00000000 582.40000000 0.72156863 0.42352941 0.43921569
v -36.00000000 226.00000000 583.20000000 0.80784314 0.51372549 0.52941176
v -35.00000000 226.40000000 584.20000000 0.83529412 0.54509804 0.54901961
v -34.00000000 227.40000000 586.40000000 0.82745098 0.54509804 0.54901961
v -33.00000000 228.00000000 588.40000000 0.47843137 0.35294118 0.35686275
v -32.00000000 229.00000000 590.00000000 0.32549020 0.29019608 0.30196078
v -57.00000000 225.00000000 578.00000000 0.24705882 0.16078431 0.16862745
v -55.40000000 225.00000000 579.40000000 0.36078431 0.20000000 0.21568627
v -55.00000000 225.00000000 579.40000000 0.39215686 0.21568627 0.22745098
v -54.00000000 225.00000000 579.80000000 0.43137255 0.23529412 0.24705882
v -53.00000000 225.40000000 580.40000000 0.46274510 0.23137255 0.23921569
v -52.40000000 225.40000000 580.40000000 0.47450980 0.23921569 0.24705882
v -52.00000000 225.40000000 580.40000000 0.49411765 0.25882353 0.26666667
v -51.00000000 225.60000000 580.40000000 0.51372549 0.27058824 0.28235294
v -50.00000000 225.60000000 580.60000000 0.53333333 0.27843137 0.29411765
v -49.00000000 225.60000000 580.60000000 0.53725490 0.27843137 0.29411765
v -48.00000000 225.80000000 580.80000000 0.55686275 0.29803922 0.31372549
v -47.80000000 225.80000000 580.80000000 0.58431373 0.32941176 0.34509804
v -47.00000000 225.60000000 580.60000000 0.60784314 0.35294118 0.36862745
v -46.00000000 225.60000000 580.60000000 0.61960784 0.37647059 0.38823529
v -46.00000000 225.20000000 580.20000000 0.64313725 0.40000000 0.41176471
v -45.00000000 225.00000000 580.00000000 0.65882353 0.42352941 0.43137255
v -44.00000000 225.00000000 579.80000000 0.69411765 0.45098039 0.46274510
v -43.00000000 225.00000000 579.80000000 0.70588235 0.46274510 0.47450980
v -42.00000000 225.00000000 579.40000000 0.74901961 0.49411765 0.51764706
v -41.00000000 225.00000000 580.00000000 0.79215686 0.53333333 0.54901961
v -40.00000000 225.00000000 580.00000000 0.78039216 0.50196078 0.51764706
v -39.00000000 225.80000000 580.80000000 0.74509804 0.45098039 0.47058824
v -37.00000000 226.40000000 582.40000000 0.71764706 0.42352941 0.44313725
v -36.00000000 226.80000000 583.20000000 0.77254902 0.47843137 0.49803922
v -35.00000000 227.00000000 584.20000000 0.82745098 0.53333333 0.54901961
v -35.00000000 227.20000000 584.60000000 0.85490196 0.56078431 0.57647059
v -34.00000000 228.00000000 586.20000000 0.83529412 0.55294118 0.55686275
v -34.00000000 228.40000000 587.40000000 0.80000000 0.56862745 0.57647059
v -33.00000000 229.00000000 588.80000000 0.47450980 0.34901961 0.35294118
v -55.00000000 225.40000000 578.40000000 0.34901961 0.19607843 0.20784314
v -53.00000000 226.00000000 579.40000000 0.45490196 0.23529412 0.24705882
v -52.00000000 226.00000000 579.80000000 0.45882353 0.22745098 0.24313725
v -51.00000000 226.00000000 580.40000000 0.47843137 0.23921569 0.25882353
v -50.80000000 226.00000000 580.40000000 0.49411765 0.25098039 0.27058824
v -50.00000000 226.00000000 580.40000000 0.51764706 0.26274510 0.28627451
v -49.00000000 226.00000000 580.00000000 0.54901961 0.29411765 0.31764706
v -48.00000000 226.00000000 580.00000000 0.56862745 0.31372549 0.33725490
v -47.20000000 226.00000000 580.20000000 0.57647059 0.33333333 0.35294118
v -47.00000000 226.00000000 580.20000000 0.60000000 0.35686275 0.37647059
v -46.00000000 226.00000000 580.00000000 0.63921569 0.40000000 0.41960784
v -43.00000000 225.80000000 578.80000000 0.71764706 0.47843137 0.49803922
v -42.00000000 225.80000000 578.80000000 0.74117647 0.49803922 0.51764706
v -40.00000000 226.00000000 579.60000000 0.77254902 0.49411765 0.51764706
v -39.00000000 226.00000000 580.00000000 0.72941176 0.44313725 0.47058824
v -38.00000000 226.00000000 581.00000000 0.67450980 0.38039216 0.40784314
v -38.00000000 226.80000000 581.80000000 0.75294118 0.45882353 0.48627451
v -37.00000000 226.80000000 581.80000000 0.75686275 0.46274510 0.49019608
v -36.00000000 227.40000000 583.20000000 0.76078431 0.47450980 0.50196078
v -35.00000000 227.80000000 584.20000000 0.81960784 0.53725490 0.55294118
v -35.00000000 228.00000000 584.60000000 0.84705882 0.56470588 0.58039216
v -34.00000000 228.20000000 586.20000000 0.84313725 0.56078431 0.56470588
v -33.00000000 229.80000000 588.80000000 0.45882353 0.33333333 0.33725490
v -32.00000000 230.00000000 590.00000000 0.33333333 0.29803922 0.30980392
v -56.00000000 225.00000000 576.60000000 0.20784314 0.14509804 0.14509804
v -56.00000000 225.60000000 577.60000000 0.29019608 0.18823529 0.18431373
v -53.80000000 226.00000000 578.80000000 0.45882353 0.25490196 0.27058824
v -53.00000000 226.40000000 579.20000000 0.45882353 0.23529412 0.25882353
v -52.00000000 226.40000000 579.20000000 0.45882353 0.22745098 0.25098039
v -50.80000000 226.80000000 580.40000000 0.46666667 0.21960784 0.25098039
v -48.00000000 226.80000000 580.00000000 0.56862745 0.31372549 0.34509804
v -47.20000000 226.80000000 580.00000000 0.57254902 0.32941176 0.34901961
v -45.00000000 226.00000000 579.00000000 0.65490196 0.42352941 0.43921569
v -39.00000000 226.60000000 579.60000000 0.71372549 0.42745098 0.46274510
v -37.80000000 227.00000000 580.80000000 0.71372549 0.41568627 0.45490196
v -37.00000000 227.00000000 581.80000000 0.71372549 0.41568627 0.45490196
v -36.00000000 227.00000000 581.80000000 0.71764706 0.43137255 0.46666667
v -36.00000000 227.80000000 582.80000000 0.76078431 0.47450980 0.50980392
v -34.00000000 229.00000000 586.20000000 0.84705882 0.55294118 0.56862745
v -33.00000000 230.00000000 588.40000000 0.44705882 0.32156863 0.32549020
v -32.00000000 231.00000000 590.00000000 0.32941176 0.29411765 0.30588235
v -56.00000000 226.00000000 576.60000000 0.20784314 0.13333333 0.14901961
v -55.00000000 226.00000000 577.60000000 0.34117647 0.19607843 0.22352941
v -54.00000000 226.00000000 578.00000000 0.41568627 0.23529412 0.24705882
v -53.40000000 226.40000000 578.40000000 0.45098039 0.25490196 0.26666667
v -53.00000000 226.60000000 578.60000000 0.45098039 0.23529412 0.24705882
v -52.00000000 226.80000000 578.80000000 0.44313725 0.22745098 0.23921569
v -51.00000000 226.80000000 579.40000000 0.42352941 0.19215686 0.20784314
v -50.60000000 226.80000000 579.40000000 0.43137255 0.20000000 0.21568627
v -50.00000000 226.80000000 579.40000000 0.45882353 0.22745098 0.25098039
v -49.00000000 226.80000000 579.00000000 0.47450980 0.24313725 0.26666667
v -48.00000000 227.00000000 579.60000000 0.52941176 0.30588235 0.32941176
v -47.00000000 227.00000000 579.20000000 0.61176471 0.38039216 0.39607843
v -44.00000000 226.00000000 578.00000000 0.69803922 0.43921569 0.45490196
v -43.00000000 226.00000000 578.00000000 0.72156863 0.45098039 0.47058824
v -42.00000000 226.00000000 578.00000000 0.74509804 0.46666667 0.49803922
v -41.00000000 226.00000000 578.00000000 0.75686275 0.47843137 0.50980392
v -40.40000000 226.40000000 578.40000000 0.73333333 0.45490196 0.48627451
v -40.00000000 226.40000000 578.40000000 0.71764706 0.44705882 0.45882353
v -38.00000000 227.00000000 579.80000000 0.74509804 0.46666667 0.48235294
v -37.20000000 227.20000000 580.00000000 0.72941176 0.45098039 0.46666667
v -36.00000000 228.00000000 581.80000000 0.70196078 0.42352941 0.43921569
v -35.00000000 228.40000000 583.20000000 0.82745098 0.55294118 0.56078431
v -35.00000000 228.60000000 584.00000000 0.83921569 0.56470588 0.57254902
v -34.00000000 229.40000000 585.40000000 0.83921569 0.56470588 0.55686275
v -33.00000000 230.40000000 588.40000000 0.43137255 0.31372549 0.31372549
v -56.00000000 226.40000000 576.40000000 0.26666667 0.16862745 0.18431373
v -55.00000000 226.80000000 577.20000000 0.33333333 0.19607843 0.21960784
v -53.00000000 227.00000000 578.00000000 0.44705882 0.24313725 0.25882353
v -52.00000000 227.00000000 578.40000000 0.43529412 0.21568627 0.22745098
v -51.00000000 227.00000000 578.80000000 0.41960784 0.18823529 0.20392157
v -50.60000000 227.60000000 579.40000000 0.42352941 0.19215686 0.20784314
v -50.00000000 227.40000000 579.20000000 0.43529412 0.21176471 0.23529412
v -49.00000000 227.00000000 578.80000000 0.44705882 0.22352941 0.24705882
v -48.00000000 227.60000000 579.60000000 0.50588235 0.27450980 0.29803922
v -47.00000000 227.40000000 579.40000000 0.54117647 0.30196078 0.32156863
v -47.00000000 227.20000000 579.20000000 0.56470588 0.32549020 0.34509804
v -46.00000000 227.00000000 579.00000000 0.58431373 0.34509804 0.37254902
v -45.00000000 227.00000000 578.20000000 0.63529412 0.39607843 0.42352941
v -44.00000000 227.00000000 578.00000000 0.67450980 0.41960784 0.44313725
v -40.00000000 227.00000000 577.80000000 0.72549020 0.45098039 0.48235294
v -39.00000000 227.00000000 578.40000000 0.73725490 0.46666667 0.47843137
v -38.00000000 227.40000000 579.40000000 0.73725490 0.46666667 0.47843137
v -37.00000000 227.80000000 579.80000000 0.74117647 0.46274510 0.47843137
v -36.00000000 228.20000000 581.00000000 0.71764706 0.43529412 0.44705882
v -36.00000000 228.80000000 581.80000000 0.76470588 0.48235294 0.49411765
v -35.00000000 229.00000000 582.80000000 0.81960784 0.54509804 0.55294118
v -34.00000000 230.00000000 585.40000000 0.83921569 0.56470588 0.55686275
v -33.00000000 231.00000000 588.40000000 0.43137255 0.31372549 0.32156863
v -54.00000000 227.00000000 577.00000000 0.41960784 0.23921569 0.25098039
v -53.00000000 227.60000000 577.60000000 0.43921569 0.24313725 0.24705882
v -51.00000000 228.00000000 578.80000000 0.41568627 0.19607843 0.20784314
v -50.00000000 228.00000000 578.80000000 0.42745098 0.20392157 0.22745098
v -49.00000000 228.00000000 578.60000000 0.46666667 0.23529412 0.25882353
v -48.00000000 228.00000000 578.60000000 0.48627451 0.24705882 0.27450980
v -47.00000000 228.00000000 578.40000000 0.54509804 0.29803922 0.32941176
v -44.00000000 227.20000000 577.20000000 0.62745098 0.37254902 0.40392157
v -43.20000000 227.20000000 577.20000000 0.64313725 0.38823529 0.41176471
v -43.00000000 227.00000000 577.00000000 0.65882353 0.39607843 0.42352941
v -42.00000000 227.00000000 576.80000000 0.68235294 0.41960784 0.44705882
v -41.00000000 227.00000000 576.80000000 0.71372549 0.43921569 0.47058824
v -40.00000000 227.20000000 577.20000000 0.72549020 0.45098039 0.48235294
v -37.00000000 228.00000000 579.20000000 0.77647059 0.49411765 0.50980392
v -37.00000000 228.20000000 579.80000000 0.70196078 0.41960784 0.43529412
v -36.00000000 228.60000000 580.60000000 0.69803922 0.41568627 0.42745098
v -35.00000000 229.40000000 582.40000000 0.83137255 0.54901961 0.55294118
v -34.00000000 230.40000000 585.40000000 0.83921569 0.56470588 0.56470588
v -34.00000000 231.20000000 587.20000000 0.69019608 0.47058824 0.47450980
v -33.00000000 232.00000000 588.20000000 0.40392157 0.30980392 0.30980392
v -56.00000000 227.00000000 575.40000000 0.24313725 0.17254902 0.17254902
v -55.00000000 227.00000000 576.00000000 0.32156863 0.20784314 0.21568627
v -54.00000000 227.60000000 576.60000000 0.40784314 0.23137255 0.24313725
v -53.00000000 227.80000000 576.80000000 0.43529412 0.23921569 0.24313725
v -52.00000000 228.00000000 577.80000000 0.42352941 0.20784314 0.21960784
v -52.00000000 228.20000000 578.20000000 0.41568627 0.20000000 0.21176471
v -51.00000000 228.60000000 578.60000000 0.41568627 0.20000000 0.21176471
v -50.00000000 228.80000000 578.80000000 0.41960784 0.20392157 0.21568627
v -49.00000000 228.60000000 578.60000000 0.45490196 0.22352941 0.23921569
v -48.00000000 228.40000000 578.40000000 0.49019608 0.24313725 0.27450980
v -46.00000000 228.00000000 577.80000000 0.57647059 0.32156863 0.35294118
v -43.00000000 227.80000000 576.80000000 0.65490196 0.39215686 0.42745098
v -42.00000000 227.40000000 576.40000000 0.67843137 0.41568627 0.45098039
v -41.00000000 227.40000000 576.40000000 0.72549020 0.45098039 0.48235294
v -40.00000000 227.80000000 576.80000000 0.74117647 0.46666667 0.49803922
v -38.00000000 228.00000000 578.00000000 0.77647059 0.49803922 0.51372549
v -36.00000000 229.00000000 580.00000000 0.71764706 0.42352941 0.43921569
v -36.00000000 229.20000000 580.80000000 0.79607843 0.50196078 0.51764706
v -35.00000000 229.80000000 582.20000000 0.84313725 0.54901961 0.56470588
v -35.00000000 230.40000000 583.40000000 0.86274510 0.58039216 0.59215686
v -34.00000000 231.00000000 585.00000000 0.83921569 0.56470588 0.57254902
v -33.60000000 231.60000000 586.60000000 0.63137255 0.42745098 0.43529412
v -33.00000000 232.20000000 588.20000000 0.36078431 0.29803922 0.30196078
v -56.00000000 227.40000000 574.40000000 0.21176471 0.14901961 0.14901961
v -54.80000000 228.00000000 575.80000000 0.34117647 0.21960784 0.21176471
v -54.00000000 228.00000000 576.00000000 0.39215686 0.23529412 0.23921569
v -53.00000000 228.00000000 576.60000000 0.42745098 0.23137255 0.23529412
v -52.00000000 228.60000000 577.60000000 0.40000000 0.19607843 0.20392157
v -50.00000000 229.00000000 578.60000000 0.43921569 0.21960784 0.23137255
v -49.00000000 229.00000000 578.20000000 0.47843137 0.23921569 0.26666667
v -48.00000000 229.00000000 578.20000000 0.49803922 0.25098039 0.28235294
v -47.00000000 228.40000000 577.40000000 0.52941176 0.27450980 0.30588235
v -47.00000000 228.20000000 577.20000000 0.55294118 0.29803922 0.32941176
v -46.00000000 228.20000000 577.20000000 0.58039216 0.31764706 0.35294118
v -45.00000000 228.00000000 576.60000000 0.61176471 0.34901961 0.38431373
v -44.00000000 228.00000000 576.20000000 0.62745098 0.36470588 0.40000000
v -43.00000000 228.00000000 575.80000000 0.67450980 0.40000000 0.43921569
v -42.00000000 228.00000000 575.80000000 0.69803922 0.42352941 0.46274510
v -41.40000000 228.00000000 575.40000000 0.72156863 0.44705882 0.48627451
v -41.00000000 228.00000000 575.40000000 0.74117647 0.46274510 0.49411765
v -40.00000000 228.00000000 576.00000000 0.78039216 0.49411765 0.52156863
v -39.00000000 228.00000000 576.60000000 0.78431373 0.49803922 0.52549020
v -38.80000000 228.00000000 576.80000000 0.79607843 0.51372549 0.52941176
v -38.00000000 228.40000000 577.40000000 0.81176471 0.52941176 0.54509804
v -37.00000000 228.40000000 577.40000000 0.80000000 0.50588235 0.52549020
v -35.00000000 230.00000000 581.60000000 0.84313725 0.54509804 0.56078431
v -34.80000000 230.80000000 583.00000000 0.86274510 0.56862745 0.58431373
v -34.00000000 231.60000000 584.60000000 0.83137255 0.56078431 0.57254902
v -33.40000000 232.00000000 586.40000000 0.58823529 0.39607843 0.40784314
v -55.80000000 227.80000000 573.80000000 0.17647059 0.12156863 0.12156863
v -54.20000000 228.20000000 575.20000000 0.33725490 0.21960784 0.21960784
v -54.00000000 228.60000000 575.60000000 0.38431373 0.23137255 0.23529412
v -52.00000000 229.00000000 576.80000000 0.40000000 0.19607843 0.20392157
v -51.00000000 229.00000000 577.60000000 0.41568627 0.20000000 0.21176471
v -50.00000000 229.60000000 578.60000000 0.43921569 0.21960784 0.23137255
v -50.00000000 229.20000000 578.20000000 0.45098039 0.23137255 0.24313725
v -49.00000000 229.20000000 578.20000000 0.46666667 0.22745098 0.24705882
v -48.80000000 229.20000000 578.00000000 0.48627451 0.24705882 0.26666667
v -48.00000000 229.20000000 578.00000000 0.51372549 0.25882353 0.28235294
v -47.00000000 229.00000000 577.20000000 0.53725490 0.28235294 0.31372549
v -46.00000000 229.00000000 576.60000000 0.59215686 0.31764706 0.35686275
v -45.00000000 228.80000000 575.80000000 0.63921569 0.35686275 0.40000000
v -42.00000000 228.40000000 575.40000000 0.70980392 0.43137255 0.46274510
v -41.40000000 228.40000000 575.40000000 0.73333333 0.45490196 0.48627451
v -40.00000000 228.40000000 575.40000000 0.77254902 0.49411765 0.51764706
v -39.00000000 228.80000000 575.80000000 0.79215686 0.50588235 0.53333333
v -38.20000000 229.00000000 576.20000000 0.81568627 0.52156863 0.54117647
v -37.00000000 229.00000000 577.20000000 0.82745098 0.53333333 0.54901961
v -36.00000000 229.80000000 578.80000000 0.74117647 0.44313725 0.45098039
v -35.00000000 230.80000000 581.20000000 0.84313725 0.54509804 0.55294118
v -34.60000000 231.20000000 582.80000000 0.84313725 0.56078431 0.57254902
v -33.00000000 233.00000000 586.00000000 0.53725490 0.37254902 0.38039216
v -55.00000000 228.00000000 573.40000000 0.23529412 0.15686275 0.16078431
v -54.00000000 228.20000000 574.20000000 0.31372549 0.21176471 0.20784314
v -52.00000000 229.40000000 576.40000000 0.40000000 0.20392157 0.20784314
v -51.60000000 229.60000000 576.60000000 0.39607843 0.19215686 0.20000000
v -50.00000000 230.00000000 577.60000000 0.46274510 0.24313725 0.25490196
v -49.00000000 230.00000000 577.20000000 0.47843137 0.23921569 0.25882353
v -48.20000000 230.00000000 577.20000000 0.49411765 0.25490196 0.27450980
v -47.00000000 229.60000000 576.60000000 0.55294118 0.29803922 0.32941176
v -46.20000000 229.20000000 576.20000000 0.58823529 0.31372549 0.35294118
v -46.00000000 229.20000000 576.20000000 0.60784314 0.33333333 0.37254902
v -45.00000000 229.00000000 575.60000000 0.65882353 0.37254902 0.41568627
v -44.00000000 228.80000000 574.80000000 0.67843137 0.39215686 0.43529412
v -43.00000000 228.80000000 574.80000000 0.68627451 0.40000000 0.42745098
v -43.00000000 228.60000000 574.60000000 0.69803922 0.41176471 0.43921569
v -42.00000000 228.60000000 574.60000000 0.72156863 0.44313725 0.45882353
v -41.00000000 228.40000000 574.40000000 0.74117647 0.46274510 0.47843137
v -40.00000000 228.80000000 574.80000000 0.79607843 0.50196078 0.51764706
v -38.00000000 229.00000000 575.60000000 0.81176471 0.51764706 0.53333333
v -37.00000000 229.20000000 576.20000000 0.79215686 0.50196078 0.50588235
v -36.00000000 230.00000000 578.40000000 0.76862745 0.47843137 0.47450980
v -35.00000000 231.00000000 580.80000000 0.84705882 0.54901961 0.55686275
v -34.20000000 232.00000000 582.20000000 0.86666667 0.58431373 0.59607843
v -55.00000000 228.40000000 572.40000000 0.21176471 0.14117647 0.14117647
v -53.00000000 229.00000000 575.00000000 0.38823529 0.22352941 0.22745098
v -53.00000000 229.20000000 575.20000000 0.40784314 0.21960784 0.21960784
v -51.40000000 230.00000000 576.40000000 0.39215686 0.18823529 0.20392157
v -50.00000000 230.40000000 577.40000000 0.44313725 0.21960784 0.24313725
v -50.00000000 230.20000000 577.20000000 0.46666667 0.23529412 0.25098039
v -49.00000000 230.20000000 577.20000000 0.48627451 0.24705882 0.26666667
v -47.00000000 229.80000000 575.80000000 0.56078431 0.30588235 0.33725490
v -46.00000000 229.80000000 575.80000000 0.59607843 0.32156863 0.36078431
v -46.00000000 229.60000000 575.60000000 0.61176471 0.33725490 0.37647059
v -45.00000000 229.60000000 575.60000000 0.64313725 0.35686275 0.40000000
v -44.60000000 229.00000000 574.60000000 0.66666667 0.38039216 0.42352941
v -44.00000000 229.00000000 574.60000000 0.68627451 0.38823529 0.42745098
v -43.00000000 229.00000000 574.40000000 0.70980392 0.42745098 0.43921569
v -42.00000000 229.00000000 574.20000000 0.73725490 0.45490196 0.46666667
v -41.00000000 229.00000000 574.20000000 0.75686275 0.47450980 0.48627451
v -40.00000000 229.00000000 574.40000000 0.76862745 0.48627451 0.49019608
v -39.00000000 229.00000000 574.80000000 0.78039216 0.49803922 0.50196078
v -38.00000000 229.20000000 575.20000000 0.79215686 0.50196078 0.50588235
v -37.00000000 230.00000000 576.20000000 0.76470588 0.48627451 0.47843137
v -36.00000000 230.60000000 577.80000000 0.78039216 0.50196078 0.48627451
v -35.80000000 231.00000000 579.00000000 0.82352941 0.54509804 0.52941176
v -35.00000000 231.40000000 580.40000000 0.85098039 0.56078431 0.55686275
v -34.00000000 232.00000000 581.40000000 0.84705882 0.57254902 0.57254902
v -33.00000000 233.20000000 585.20000000 0.44313725 0.30196078 0.30980392
v -54.00000000 229.00000000 572.60000000 0.25882353 0.17647059 0.17254902
v -54.00000000 229.40000000 573.40000000 0.33725490 0.21176471 0.21568627
v -52.80000000 230.00000000 574.80000000 0.38823529 0.22745098 0.21176471
v -51.00000000 230.00000000 576.00000000 0.41568627 0.20392157 0.20392157
v -50.00000000 230.60000000 576.60000000 0.44705882 0.21568627 0.22352941
v -50.00000000 230.80000000 576.80000000 0.47843137 0.23529412 0.24705882
v -49.00000000 230.60000000 576.60000000 0.50196078 0.24705882 0.26274510
v -48.00000000 230.20000000 576.20000000 0.52156863 0.26274510 0.27843137
v -48.00000000 230.00000000 575.80000000 0.53725490 0.27843137 0.29411765
v -47.00000000 230.00000000 575.80000000 0.56470588 0.30588235 0.32156863
v -46.00000000 230.00000000 574.80000000 0.61176471 0.34117647 0.36078431
v -45.00000000 230.00000000 574.60000000 0.64313725 0.35686275 0.38431373
v -44.60000000 230.00000000 574.60000000 0.67450980 0.38039216 0.40784314
v -44.00000000 229.80000000 573.80000000 0.69803922 0.38431373 0.41960784
v -43.00000000 229.80000000 573.80000000 0.70980392 0.40000000 0.42352941
v -43.00000000 229.60000000 573.60000000 0.73725490 0.41960784 0.44705882
v -42.00000000 229.40000000 573.40000000 0.72549020 0.42352941 0.44705882
v -41.00000000 229.80000000 573.80000000 0.74117647 0.43921569 0.46274510
v -41.00000000 229.60000000 573.60000000 0.77254902 0.47450980 0.48235294
v -40.00000000 229.80000000 573.80000000 0.79215686 0.49411765 0.50196078
v -39.80000000 229.80000000 573.80000000 0.80392157 0.49803922 0.49803922
v -38.00000000 230.00000000 574.80000000 0.77647059 0.47058824 0.47058824
v -37.00000000 230.20000000 575.80000000 0.76470588 0.48235294 0.48627451
v -37.00000000 230.60000000 576.60000000 0.75686275 0.49019608 0.49411765
v -36.00000000 231.00000000 577.60000000 0.77647059 0.51764706 0.52156863
v -35.60000000 231.60000000 578.80000000 0.79215686 0.54117647 0.54509804
v -35.00000000 232.20000000 580.00000000 0.81960784 0.56862745 0.57254902
v -34.00000000 233.00000000 581.40000000 0.81960784 0.57647059 0.58039216
v -33.00000000 234.00000000 585.00000000 0.41960784 0.27843137 0.27843137
v -54.00000000 229.20000000 572.20000000 0.22352941 0.15294118 0.14509804
v -54.00000000 229.80000000 572.80000000 0.30980392 0.20000000 0.19607843
v -52.00000000 230.00000000 573.80000000 0.38823529 0.22745098 0.21176471
v -50.00000000 231.00000000 576.20000000 0.47450980 0.23137255 0.24313725
v -49.00000000 231.00000000 576.40000000 0.49803922 0.24313725 0.25882353
v -46.00000000 230.40000000 574.40000000 0.61960784 0.34117647 0.36470588
v -45.00000000 230.40000000 574.40000000 0.64705882 0.35294118 0.38039216
v -41.00000000 230.00000000 573.40000000 0.73725490 0.43921569 0.45490196
v -40.00000000 230.00000000 573.60000000 0.77647059 0.47843137 0.48627451
v -39.80000000 230.00000000 573.80000000 0.77647059 0.47058824 0.46274510
v -39.00000000 230.00000000 573.80000000 0.76078431 0.45490196 0.44705882
v -38.00000000 230.80000000 574.80000000 0.73725490 0.44313725 0.43137255
v -37.00000000 231.00000000 575.60000000 0.77647059 0.49803922 0.49019608
v -36.00000000 231.80000000 577.00000000 0.78431373 0.52549020 0.52941176
v -35.40000000 232.00000000 578.40000000 0.80784314 0.54901961 0.55294118
v -35.00000000 232.60000000 579.80000000 0.83921569 0.58823529 0.58823529
v -34.00000000 233.20000000 581.20000000 0.80392157 0.56078431 0.56470588
v -33.00000000 235.00000000 585.00000000 0.39607843 0.27058824 0.28235294
v -54.00000000 230.00000000 571.60000000 0.18431373 0.12549020 0.11372549
v -53.00000000 230.00000000 572.80000000 0.34117647 0.21176471 0.19215686
v -52.00000000 230.20000000 573.20000000 0.38823529 0.22745098 0.21176471
v -52.00000000 230.80000000 573.80000000 0.38823529 0.20784314 0.20784314
v -50.00000000 231.20000000 575.20000000 0.45490196 0.21960784 0.22745098
v -49.40000000 231.40000000 575.40000000 0.47450980 0.23137255 0.24313725
v -49.00000000 231.40000000 575.40000000 0.49411765 0.23921569 0.25490196
v -48.00000000 231.40000000 575.40000000 0.51764706 0.25882353 0.26666667
v -48.00000000 231.00000000 574.80000000 0.52941176 0.27058824 0.27843137
v -47.00000000 231.00000000 574.80000000 0.56862745 0.29803922 0.30980392
v -46.00000000 231.00000000 574.40000000 0.60000000 0.32156863 0.33725490
v -45.00000000 230.80000000 574.00000000 0.62745098 0.33333333 0.35294118
v -44.00000000 230.40000000 573.40000000 0.65098039 0.35294118 0.36862745
v -44.00000000 230.00000000 573.00000000 0.66666667 0.35686275 0.37647059
v -43.00000000 230.00000000 573.00000000 0.68235294 0.38431373 0.40000000
v -42.00000000 230.00000000 572.80000000 0.70588235 0.40784314 0.42352941
v -41.00000000 230.20000000 573.20000000 0.72549020 0.42745098 0.44313725
v -40.00000000 230.20000000 573.20000000 0.76470588 0.45882353 0.45882353
v -39.40000000 230.40000000 573.40000000 0.75294118 0.44705882 0.43921569
v -39.00000000 230.80000000 573.80000000 0.74117647 0.43529412 0.42745098
v -38.00000000 231.00000000 574.40000000 0.74901961 0.45490196 0.43529412
v -37.00000000 231.40000000 575.40000000 0.80784314 0.52941176 0.51372549
v -36.00000000 232.20000000 577.00000000 0.80392157 0.54901961 0.54117647
v -35.40000000 233.00000000 578.40000000 0.81176471 0.55686275 0.54901961
v -35.00000000 233.20000000 580.20000000 0.85098039 0.59607843 0.58823529
v -34.00000000 234.00000000 581.20000000 0.75686275 0.52156863 0.52156863
v -53.20000000 230.20000000 571.20000000 0.24313725 0.16078431 0.14901961
v -51.00000000 231.00000000 574.00000000 0.39215686 0.19607843 0.20000000
v -51.00000000 231.40000000 574.40000000 0.42352941 0.20392157 0.20784314
v -48.00000000 231.60000000 574.60000000 0.50196078 0.24313725 0.25098039
v -47.00000000 231.20000000 574.20000000 0.54901961 0.27450980 0.28235294
v -46.00000000 231.20000000 574.00000000 0.58431373 0.30196078 0.30588235
v -45.00000000 231.00000000 573.40000000 0.61568627 0.31764706 0.32549020
v -44.00000000 231.00000000 573.00000000 0.65490196 0.34509804 0.35686275
v -43.00000000 231.00000000 573.00000000 0.66666667 0.37647059 0.38039216
v -42.80000000 231.00000000 572.80000000 0.67450980 0.38431373 0.38823529
v -42.00000000 231.00000000 572.80000000 0.70588235 0.40784314 0.40784314
v -41.00000000 231.00000000 572.80000000 0.72549020 0.41960784 0.41960784
v -40.00000000 231.00000000 573.20000000 0.75294118 0.43921569 0.43529412
v -39.40000000 231.00000000 573.40000000 0.75294118 0.44705882 0.43137255
v -39.00000000 231.00000000 573.40000000 0.76078431 0.45490196 0.43921569
v -38.00000000 231.40000000 574.40000000 0.78431373 0.49019608 0.47058824
v -38.00000000 231.60000000 574.60000000 0.80392157 0.51764706 0.49411765
v -37.00000000 232.00000000 575.40000000 0.82352941 0.54509804 0.52941176
v -37.00000000 232.20000000 576.00000000 0.83137255 0.56078431 0.54117647
v -36.00000000 232.80000000 577.00000000 0.83137255 0.56470588 0.55294118
v -35.40000000 233.40000000 578.40000000 0.82745098 0.56078431 0.54901961
v -35.00000000 234.00000000 580.00000000 0.84705882 0.59215686 0.58431373
v -34.00000000 234.40000000 581.40000000 0.69803922 0.47843137 0.48235294
v -33.00000000 236.00000000 585.00000000 0.34509804 0.29803922 0.31372549
v -52.00000000 231.00000000 571.60000000 0.36470588 0.20784314 0.20000000
v -52.00000000 231.40000000 572.40000000 0.38039216 0.20784314 0.20392157
v -50.00000000 232.00000000 574.00000000 0.44705882 0.21176471 0.21960784
v -49.00000000 232.00000000 574.00000000 0.48235294 0.22352941 0.23137255
v -48.00000000 232.00000000 574.00000000 0.48627451 0.22745098 0.23137255
v -47.60000000 232.00000000 573.60000000 0.51764706 0.24313725 0.25098039
v -47.00000000 232.00000000 573.60000000 0.54117647 0.26666667 0.26666667
v -46.00000000 232.00000000 573.40000000 0.59607843 0.30588235 0.30196078
v -45.00000000 231.80000000 573.00000000 0.62352941 0.31764706 0.31764706
v -44.00000000 231.40000000 572.60000000 0.63921569 0.32549020 0.32941176
v -44.00000000 231.60000000 572.60000000 0.65490196 0.34117647 0.34509804
v -43.00000000 231.40000000 572.40000000 0.67058824 0.36470588 0.36470588
v -42.40000000 231.40000000 572.40000000 0.67843137 0.38039216 0.38039216
v -42.00000000 231.40000000 572.40000000 0.71764706 0.41176471 0.40392157
v -41.00000000 231.60000000 572.60000000 0.72549020 0.41960784 0.41176471
v -41.00000000 231.80000000 572.80000000 0.73725490 0.42745098 0.41176471
v -39.20000000 232.00000000 573.20000000 0.77647059 0.47058824 0.45490196
v -39.00000000 232.00000000 573.40000000 0.80392157 0.49803922 0.48235294
v -38.00000000 232.00000000 574.00000000 0.81568627 0.52941176 0.50588235
v -38.00000000 232.40000000 574.40000000 0.81960784 0.53333333 0.50980392
v -36.00000000 233.20000000 577.20000000 0.82745098 0.57254902 0.55686275
v -35.40000000 234.00000000 578.40000000 0.83921569 0.58431373 0.57647059
v -35.00000000 234.80000000 580.00000000 0.82352941 0.57254902 0.57254902
v -34.00000000 235.00000000 581.40000000 0.61176471 0.41568627 0.41960784
v -53.00000000 231.00000000 570.40000000 0.28627451 0.16862745 0.16078431
v -52.00000000 231.20000000 571.20000000 0.34901961 0.20000000 0.19607843
v -52.00000000 231.60000000 571.60000000 0.38431373 0.21176471 0.20784314
v -51.00000000 232.20000000 573.20000000 0.42352941 0.21176471 0.21176471
v -47.60000000 232.60000000 573.60000000 0.51764706 0.24313725 0.24313725
v -47.00000000 232.40000000 573.40000000 0.55294118 0.27450980 0.26666667
v -46.00000000 232.40000000 573.40000000 0.61568627 0.30980392 0.30196078
v -45.00000000 232.20000000 572.60000000 0.63137255 0.31372549 0.30980392
v -43.00000000 232.00000000 572.40000000 0.67058824 0.35686275 0.35294118
v -42.40000000 232.00000000 572.40000000 0.69019608 0.38431373 0.37647059
v -42.00000000 232.00000000 572.40000000 0.72156863 0.41176471 0.39607843
v -41.00000000 232.00000000 572.40000000 0.73333333 0.42352941 0.40784314
v -40.00000000 232.00000000 572.80000000 0.78823529 0.47843137 0.46274510
v -39.20000000 232.20000000 573.20000000 0.81960784 0.51372549 0.49803922
v -39.00000000 232.20000000 573.20000000 0.83921569 0.54509804 0.52549020
v -38.00000000 233.00000000 574.00000000 0.84705882 0.55686275 0.54509804
v -37.00000000 233.00000000 575.00000000 0.85098039 0.58431373 0.57254902
v -36.00000000 234.00000000 577.20000000 0.83137255 0.58039216 0.57254902
v -35.40000000 234.40000000 578.40000000 0.85098039 0.60784314 0.61176471
v -35.00000000 235.00000000 579.80000000 0.76470588 0.53725490 0.53333333
v -34.00000000 236.00000000 581.40000000 0.52549020 0.36078431 0.37647059
v -51.60000000 232.00000000 570.60000000 0.38823529 0.22745098 0.21960784
v -50.20000000 232.20000000 572.20000000 0.43529412 0.23529412 0.23137255
v -50.00000000 232.20000000 572.20000000 0.46274510 0.23137255 0.23921569
v -49.00000000 232.40000000 572.40000000 0.48627451 0.24313725 0.24705882
v -48.00000000 232.60000000 572.60000000 0.50588235 0.23921569 0.23529412
v -47.00000000 232.60000000 572.60000000 0.57254902 0.28235294 0.27058824
v -46.00000000 232.60000000 572.60000000 0.60000000 0.29411765 0.28627451
v -45.00000000 232.40000000 572.40000000 0.63921569 0.31372549 0.29803922
v -44.00000000 232.00000000 572.00000000 0.65098039 0.32549020 0.30980392
v -43.00000000 232.20000000 572.20000000 0.68235294 0.36470588 0.35294118
v -42.20000000 232.20000000 572.20000000 0.70980392 0.39607843 0.39215686
v -42.00000000 232.20000000 572.20000000 0.73725490 0.41960784 0.40784314
v -41.00000000 232.40000000 572.40000000 0.75294118 0.43529412 0.42352941
v -41.00000000 232.80000000 572.80000000 0.77254902 0.46274510 0.44313725
v -40.00000000 232.80000000 572.80000000 0.81176471 0.50980392 0.48627451
v -39.20000000 233.00000000 573.20000000 0.85098039 0.55686275 0.53725490
v -38.00000000 233.60000000 574.60000000 0.83921569 0.57254902 0.56862745
v -37.00000000 234.00000000 575.40000000 0.84705882 0.59215686 0.58431373
v -37.00000000 234.20000000 576.20000000 0.82745098 0.58431373 0.58823529
v -36.00000000 235.00000000 577.20000000 0.83529412 0.60000000 0.60000000
v -35.80000000 235.00000000 578.80000000 0.82352941 0.60392157 0.61568627
v -34.00000000 236.40000000 581.40000000 0.46274510 0.33725490 0.35686275
v -53.00000000 231.60000000 568.80000000 0.20000000 0.10588235 0.09803922
v -50.00000000 232.80000000 571.00000000 0.43921569 0.23921569 0.23529412
v -48.00000000 233.00000000 572.20000000 0.54117647 0.27450980 0.27058824
v -47.00000000 233.00000000 572.20000000 0.56078431 0.28235294 0.27450980
v -46.00000000 233.00000000 572.40000000 0.60392157 0.29803922 0.28235294
v -45.00000000 233.00000000 572.00000000 0.65490196 0.32156863 0.30980392
v -44.00000000 233.00000000 572.00000000 0.67058824 0.33725490 0.32549020
v -43.00000000 233.00000000 572.00000000 0.68627451 0.36862745 0.35686275
v -42.20000000 233.00000000 572.20000000 0.72156863 0.41176471 0.39607843
v -42.00000000 233.00000000 572.20000000 0.75686275 0.43921569 0.42352941
v -41.00000000 233.00000000 572.20000000 0.78039216 0.46274510 0.44705882
v -40.00000000 233.00000000 573.00000000 0.82745098 0.53333333 0.51372549
v -39.00000000 233.00000000 573.00000000 0.87058824 0.58431373 0.56078431
v -39.00000000 233.80000000 573.80000000 0.86274510 0.58431373 0.57647059
v -38.00000000 234.00000000 574.00000000 0.83921569 0.57254902 0.56078431
v -37.00000000 234.60000000 575.60000000 0.83921569 0.58823529 0.58823529
v -36.00000000 236.00000000 578.00000000 0.82352941 0.60392157 0.60784314
v -35.00000000 236.00000000 580.00000000 0.54901961 0.35686275 0.37254902
v -34.00000000 237.00000000 581.40000000 0.41568627 0.29803922 0.32941176
v -52.00000000 232.00000000 568.40000000 0.26666667 0.17254902 0.16470588
v -51.00000000 232.00000000 568.40000000 0.34901961 0.22745098 0.21568627
v -51.00000000 232.40000000 569.40000000 0.40392157 0.24313725 0.23529412
v -49.00000000 233.00000000 570.60000000 0.51372549 0.26274510 0.25490196
v -48.20000000 233.20000000 571.20000000 0.54509804 0.27058824 0.27058824
v -48.00000000 233.20000000 571.20000000 0.54901961 0.27843137 0.25882353
v -47.00000000 233.80000000 571.80000000 0.59607843 0.30980392 0.28627451
v -46.00000000 233.80000000 571.80000000 0.60784314 0.31372549 0.29411765
v -45.80000000 233.80000000 571.80000000 0.63137255 0.32549020 0.30980392
v -45.00000000 233.80000000 571.80000000 0.65882353 0.34117647 0.32941176
v -44.00000000 233.80000000 571.80000000 0.70980392 0.36470588 0.36078431
v -43.00000000 233.80000000 571.80000000 0.71372549 0.38823529 0.37254902
v -41.00000000 234.00000000 572.20000000 0.79607843 0.49411765 0.47058824
v -40.00000000 234.00000000 573.00000000 0.83529412 0.52941176 0.52156863
v -39.20000000 234.00000000 573.20000000 0.86274510 0.56862745 0.55686275
v -39.00000000 234.80000000 573.80000000 0.86274510 0.57254902 0.56862745
v -38.00000000 235.00000000 574.60000000 0.83529412 0.56862745 0.55686275
v -37.00000000 235.00000000 575.60000000 0.85490196 0.58823529 0.57647059
v -37.00000000 235.80000000 576.80000000 0.84705882 0.58039216 0.58431373
v -36.00000000 236.20000000 578.20000000 0.81960784 0.57647059 0.58823529
v -35.00000000 237.00000000 580.20000000 0.38431373 0.30588235 0.31372549
v -50.00000000 233.00000000 569.40000000 0.43137255 0.24313725 0.23529412
v -49.00000000 233.20000000 570.20000000 0.51372549 0.27450980 0.26274510
v -48.00000000 233.60000000 570.60000000 0.53333333 0.26666667 0.26274510
v -45.60000000 234.00000000 571.60000000 0.65098039 0.33333333 0.31764706
v -43.00000000 234.00000000 571.20000000 0.72549020 0.39215686 0.37254902
v -42.00000000 234.00000000 571.40000000 0.78823529 0.47450980 0.44705882
v -41.00000000 234.20000000 572.20000000 0.80392157 0.49411765 0.47843137
v -40.00000000 235.00000000 573.00000000 0.81960784 0.52156863 0.52156863
v -39.20000000 235.00000000 573.20000000 0.83921569 0.54117647 0.54901961
v -39.00000000 235.00000000 574.00000000 0.84705882 0.55686275 0.56078431
v -38.00000000 235.60000000 574.60000000 0.85098039 0.58431373 0.58039216
v -37.00000000 236.00000000 576.20000000 0.82352941 0.57254902 0.56470588
v -37.00000000 236.20000000 577.20000000 0.81176471 0.56862745 0.57254902
v -36.00000000 237.00000000 578.00000000 0.69019608 0.47450980 0.49411765
v -35.00000000 238.00000000 580.20000000 0.34901961 0.30196078 0.31764706
v -52.00000000 233.00000000 567.40000000 0.17647059 0.13333333 0.11764706
v -51.00000000 233.00000000 568.00000000 0.27843137 0.19607843 0.17647059
v -51.00000000 233.20000000 568.20000000 0.36862745 0.23529412 0.22745098
v -50.00000000 233.60000000 568.60000000 0.41960784 0.23921569 0.23921569
v -48.00000000 234.00000000 570.20000000 0.52549020 0.27450980 0.26666667
v -47.00000000 234.00000000 570.80000000 0.61568627 0.32156863 0.29803922
v -46.00000000 234.00000000 570.80000000 0.64313725 0.33333333 0.31372549
v -45.00000000 234.00000000 570.80000000 0.70588235 0.36078431 0.35294118
v -44.00000000 234.00000000 570.80000000 0.71764706 0.37254902 0.36862745
v -44.00000000 234.20000000 571.00000000 0.73333333 0.38039216 0.38039216
v -43.00000000 234.20000000 571.00000000 0.73333333 0.40000000 0.38039216
v -42.00000000 234.60000000 571.60000000 0.78431373 0.46666667 0.45098039
v -41.00000000 235.00000000 572.20000000 0.81176471 0.52156863 0.51764706
v -40.00000000 235.20000000 573.20000000 0.80000000 0.51764706 0.52156863
v -39.20000000 235.20000000 573.20000000 0.80784314 0.51372549 0.52941176
v -39.00000000 236.00000000 574.20000000 0.80784314 0.52549020 0.53725490
v -38.00000000 236.00000000 574.60000000 0.82745098 0.56078431 0.55686275
v -38.00000000 236.60000000 575.60000000 0.81960784 0.56862745 0.56862745
v -37.00000000 237.00000000 576.20000000 0.83137255 0.59607843 0.59215686
v -36.00000000 237.20000000 578.20000000 0.51372549 0.34901961 0.36470588
v -51.00000000 233.40000000 567.40000000 0.23529412 0.16078431 0.14509804
v -49.60000000 234.00000000 568.60000000 0.47058824 0.25882353 0.25882353
v -48.00000000 234.20000000 569.20000000 0.53725490 0.28235294 0.27450980
v -44.00000000 235.00000000 570.80000000 0.71372549 0.38823529 0.37254902
v -43.00000000 235.00000000 571.00000000 0.73333333 0.41960784 0.39215686
v -42.00000000 235.00000000 571.40000000 0.74509804 0.43529412 0.41568627
v -41.00000000 235.20000000 572.20000000 0.78431373 0.49411765 0.48235294
v -41.00000000 235.40000000 572.40000000 0.79215686 0.51372549 0.49803922
v -40.00000000 236.00000000 573.20000000 0.79607843 0.51764706 0.50980392
v -39.40000000 236.00000000 573.40000000 0.80784314 0.52941176 0.52156863
v -39.00000000 236.40000000 574.40000000 0.81960784 0.54117647 0.53333333
v -38.00000000 237.00000000 575.00000000 0.81960784 0.54901961 0.52941176
v -37.00000000 237.80000000 576.80000000 0.74117647 0.52156863 0.51764706
v -36.00000000 238.00000000 578.00000000 0.38431373 0.26274510 0.28627451
v -51.00000000 234.00000000 567.20000000 0.30196078 0.18431373 0.18431373
v -50.00000000 234.00000000 567.80000000 0.41568627 0.23921569 0.25098039
v -49.00000000 234.00000000 567.80000000 0.47843137 0.26274510 0.27450980
v -48.00000000 234.60000000 568.60000000 0.52941176 0.26274510 0.25882353
v -48.00000000 234.80000000 568.80000000 0.58039216 0.29019608 0.28627451
v -46.60000000 235.00000000 569.60000000 0.62745098 0.32549020 0.30196078
v -45.00000000 235.00000000 569.80000000 0.67843137 0.36862745 0.34117647
v -44.00000000 235.20000000 570.20000000 0.70980392 0.40784314 0.37647059
v -44.00000000 235.60000000 570.60000000 0.72156863 0.41960784 0.39607843
v -43.00000000 235.60000000 570.80000000 0.72549020 0.43137255 0.40784314
v -42.00000000 236.00000000 571.40000000 0.74117647 0.44705882 0.42745098
v -41.00000000 236.00000000 572.40000000 0.75294118 0.46274510 0.45098039
v -40.00000000 236.40000000 573.40000000 0.78039216 0.50196078 0.48627451
v -39.40000000 236.40000000 573.40000000 0.81568627 0.52941176 0.50196078
v -39.00000000 237.00000000 574.40000000 0.82745098 0.54117647 0.51764706
v -38.00000000 237.20000000 575.20000000 0.81176471 0.54901961 0.51764706
v -38.00000000 237.80000000 575.80000000 0.70980392 0.47843137 0.46274510
v -37.00000000 238.00000000 576.80000000 0.54509804 0.35686275 0.34117647
v -37.00000000 238.60000000 577.60000000 0.42352941 0.28235294 0.29019608
v -36.00000000 239.00000000 578.60000000 0.36078431 0.27843137 0.29803922
v -50.80000000 234.80000000 566.80000000 0.21960784 0.12549020 0.12549020
v -47.00000000 235.00000000 568.80000000 0.60392157 0.30980392 0.29803922
v -46.00000000 235.00000000 569.00000000 0.61960784 0.32549020 0.30196078
v -46.00000000 235.20000000 569.20000000 0.64313725 0.34117647 0.31764706
v -45.00000000 235.20000000 569.20000000 0.67843137 0.37647059 0.34509804
v -45.00000000 235.80000000 569.80000000 0.70588235 0.40392157 0.37254902
v -43.00000000 236.20000000 570.80000000 0.69803922 0.41176471 0.38823529
v -42.00000000 236.40000000 571.00000000 0.73333333 0.43921569 0.42745098
v -41.00000000 236.60000000 571.80000000 0.76078431 0.46274510 0.46274510
v -41.00000000 237.00000000 572.40000000 0.75294118 0.47450980 0.45882353
v -40.00000000 237.20000000 573.20000000 0.76470588 0.49411765 0.47450980
v -39.60000000 237.60000000 573.60000000 0.76862745 0.50588235 0.47450980
v -38.00000000 238.00000000 574.80000000 0.64705882 0.42352941 0.39607843
v -37.00000000 238.20000000 576.00000000 0.39215686 0.27058824 0.26274510
v -37.00000000 239.00000000 577.00000000 0.33725490 0.26274510 0.27058824
v -50.00000000 235.00000000 566.40000000 0.21960784 0.14117647 0.13725490
v -48.00000000 235.00000000 567.00000000 0.49411765 0.28235294 0.27450980
v -47.00000000 235.80000000 567.80000000 0.57647059 0.30980392 0.29803922
v -45.00000000 236.00000000 568.80000000 0.65098039 0.37647059 0.34509804
v -44.00000000 236.00000000 569.40000000 0.69019608 0.40000000 0.36470588
v -43.60000000 236.20000000 569.80000000 0.70196078 0.40000000 0.37647059
v -43.00000000 236.40000000 570.00000000 0.71372549 0.41960784 0.40784314
v -42.00000000 236.60000000 570.80000000 0.70980392 0.41176471 0.41176471
v -40.00000000 237.60000000 572.80000000 0.74509804 0.50588235 0.49411765
v -39.00000000 238.00000000 573.40000000 0.65882353 0.44313725 0.43137255
v -39.00000000 238.20000000 574.20000000 0.56078431 0.37254902 0.36470588
v -38.00000000 238.60000000 574.80000000 0.44313725 0.30588235 0.29803922
v -49.00000000 235.00000000 566.00000000 0.19215686 0.12941176 0.12941176
v -49.00000000 235.20000000 566.20000000 0.31764706 0.20000000 0.19215686
v -48.00000000 235.80000000 566.80000000 0.40784314 0.24705882 0.23921569
v -48.00000000 236.00000000 567.00000000 0.45882353 0.26666667 0.25098039
v -46.00000000 236.00000000 567.80000000 0.56470588 0.32549020 0.30588235
v -45.00000000 236.20000000 568.20000000 0.62352941 0.36078431 0.33725490
v -45.00000000 236.40000000 568.40000000 0.65882353 0.38039216 0.36470588
v -42.00000000 237.00000000 570.00000000 0.70980392 0.41176471 0.41960784
v -42.00000000 237.20000000 570.80000000 0.72156863 0.41176471 0.42352941
v -41.00000000 237.20000000 570.80000000 0.70588235 0.41176471 0.42745098
v -41.00000000 237.60000000 571.80000000 0.65882353 0.41568627 0.41960784
v -40.00000000 237.80000000 572.20000000 0.59215686 0.38039216 0.38039216
v -39.00000000 238.40000000 573.20000000 0.47450980 0.31372549 0.30588235
v -39.00000000 238.60000000 573.60000000 0.38431373 0.26666667 0.26666667
v -38.00000000 239.00000000 574.40000000 0.33333333 0.27058824 0.27450980
v -47.40000000 236.00000000 566.40000000 0.29411765 0.27058824 0.27843137
v -47.00000000 236.00000000 566.40000000 0.36862745 0.29019608 0.29803922
v -46.00000000 236.20000000 567.20000000 0.43137255 0.30980392 0.30196078
v -45.00000000 236.80000000 567.80000000 0.56078431 0.33333333 0.31764706
v -43.00000000 237.00000000 568.60000000 0.66666667 0.36078431 0.34509804
v -43.00000000 237.40000000 569.00000000 0.66274510 0.37647059 0.35294118
v -41.00000000 238.00000000 570.80000000 0.46666667 0.36862745 0.35294118
v -40.60000000 238.00000000 570.80000000 0.34901961 0.32941176 0.31372549
v -46.00000000 237.00000000 566.60000000 0.32941176 0.29019608 0.29411765
v -45.00000000 237.00000000 567.00000000 0.36470588 0.30980392 0.30588235
v -44.20000000 237.00000000 567.20000000 0.39215686 0.31372549 0.31764706
v -44.00000000 237.00000000 568.00000000 0.39607843 0.31372549 0.30196078
v -43.00000000 237.20000000 568.20000000 0.40784314 0.30588235 0.30196078
v -43.00000000 237.60000000 568.80000000 0.39607843 0.29411765 0.29019608
v -42.00000000 237.60000000 568.80000000 0.38039216 0.29803922 0.29411765
v -42.00000000 238.00000000 569.60000000 0.32941176 0.29019608 0.28235294
f 1735 2800 2970
f 33 39 41
f 1735 2970 3211
f 1735 3211 1385
f 3448 1385 3211
f 33 57 58
f 37 39 36
f 39 35 36
f 2895 2589 2917
f 1386 2917 1612
f 2589 1612 2917
f 2589 2372 1612
f 2895 2724 2589
f 2700 2589 2724
f 59 35 34
f 59 34 58
f 33 58 34
f 33 34 39
f 39 34 35
f 33 91 57
f 129 92 91
f 37 36 61
f 1386 1314 3157
f 1100 1211 1140
f 4102 4104 4103
f 4102 4103 4090
f 3362 3331 3544
f 3157 3544 3331
f 1100 3544 1211
f 1211 3544 1314
f 3157 1314 3544
f 1386 3157 3132
f 1386 3132 2917
f 2589 2560 2372
f 1612 2372 1804
f 1747 1783 1748
f 1876 1877 1849
f 2185 2430 2617
f 1735 2185 2617
f 1735 2617 2800
f 2185 1834 1866
f 2185 1925 1958
f 2615 2430 2476
f 2430 2429 2476
f 2936 2913 2912
f 2936 2961 2913
f 345 346 313
f 37 38 39
f 39 38 63
f 39 63 64
f 129 167 168
f 209 167 249
f 129 91 167
f 209 210 167
f 168 167 210
f 37 61 62
f 37 62 38
f 63 38 62
f 97 62 61
f 36 60 61
f 59 60 35
f 35 60 36
f 788 604 425
f 1100 1065 425
f 788 425 1065
f 1211 1212 1178
f 1100 1140 1101
f 3520 3542 3521
f 3448 3296 3329
f 4115 4114 4131
f 4117 4105 4091
f 4126 4125 4129
f 4124 4131 4129
f 4124 4129 4125
f 3897 3613 3847
f 1099 1139 1385
f 2479 2478 2372
f 3055 3081 3056
f 3113 3082 3081
f 3056 3081 3082
f 3113 3142 3114
f 3113 3114 3082
f 1676 1612 1704
f 1612 1804 1704
f 1770 1704 1804
f 1676 1613 1612
f 2479 2372 2534
f 1894 1867 1804
f 2143 2116 2164
f 1527 1495 1494
f 804 766 803
f 735 696 695
f 734 735 695
f 449 521 410
f 522 410 521
f 1008 962 961
f 1080 1159 1081
f 1712 1744 1713
f 1747 1782 1783
f 1747 1781 1782
f 1778 1814 1744
f 1688 1720 1657
f 1787 1786 1819
f 1589 1590 1556
f 1589 1556 1493
f 1526 1493 1556
f 1589 1655 1622
f 1589 1622 1590
f 1876 1905 1906
f 1876 1906 1877
f 1747 1748 1716
f 1656 1716 1717
f 1748 1717 1716
f 1785 1849 1850
f 1877 1850 1849
f 1783 1784 1748
f 1748 1784 1717
f 1785 1784 1849
f 1785 1749 1784
f 3196 3169 3195
f 2962 2961 2990
f 2962 2990 3014
f 3013 3014 2990
f 3019 3097 3069
f 3628 3629 3585
f 3563 3585 3629
f 2381 2382 2352
f 2381 2352 2351
f 2513 2486 2512
f 2180 2201 2245
f 1735 1769 2185
f 2185 1769 1834
f 2185 1866 1893
f 2185 1893 1925
f 2961 2989 2990
f 2962 2937 2961
f 2961 2937 2913
f 2185 2184 2157
f 2314 2367 2289
f 2314 2289 2227
f 2315 2227 2289
f 1 14 2
f 2 14 27
f 1 13 14
f 81 80 117
f 345 414 346
f 81 117 157
f 377 311 309
f 449 410 376
f 377 376 410
f 377 309 376
f 308 376 309
f 41 39 40
f 39 64 40
f 97 135 136
f 209 249 250
f 209 250 210
f 251 210 250
f 59 58 94
f 57 94 58
f 95 94 133
f 95 96 60
f 97 96 135
f 97 61 96
f 61 60 96
f 788 905 866
f 788 866 828
f 1314 1347 1280
f 1386 1347 1314
f 1314 1280 1246
f 1213 1246 1214
f 613 573 612
f 721 758 684
f 649 684 650
f 758 685 684
f 650 684 685
f 1032 989 1065
f 1211 1177 1140
f 1140 1177 1141
f 1211 1178 1177
f 1032 1065 1066
f 1100 1066 1065
f 1100 1101 1066
f 110 77 76
f 112 114 113
f 46 45 78
f 112 113 78
f 46 78 113
f 3520 3521 3501
f 3520 3501 3500
f 3446 3473 3474
f 3448 3211 3238
f 3448 3238 3296
f 3446 3390 3361
f 3448 3329 3361
f 3448 3361 3390
f 3046 3022 3130
f 2970 3022 3211
f 3211 3022 3046
f 4103 4116 4090
f 4104 4116 4103
f 4117 4091 4116
f 4124 4116 4104
f 4124 4117 4116
f 4059 4075 4091
f 4090 4116 4075
f 4091 4075 4116
f 4131 4114 4122
f 4112 4114 4113
f 4059 4091 4077
f 4091 4105 4077
f 4079 4077 4105
f 4079 4105 4092
f 4126 4129 4127
f 4065 4081 4082
f 4062 4094 4063
f 4044 4063 4045
f 3897 3964 3983
f 3541 3519 3569
f 3608 3656 3591
f 1385 1210 1244
f 1385 1176 1210
f 1385 1139 1176
f 1633 1599 1632
f 248 318 208
f 166 208 318
f 90 128 318
f 166 318 128
f 90 318 56
f 32 56 318
f 8 19 318
f 32 318 19
f 8 18 19
f 2456 2431 2406
f 3055 3056 3032
f 3056 3033 3032
f 3006 3032 3033
f 3142 3169 3143
f 3142 3143 3114
f 1100 3705 3544
f 3524 3597 3545
f 3157 3331 3330
f 3524 3523 3597
f 2372 2560 2535
f 2372 2535 2534
f 2372 2204 2138
f 2372 2230 2204
f 2138 2204 2186
f 2205 2204 2230
f 2205 2159 2158
f 1805 1804 1835
f 1804 1867 1835
f 2700 2724 2725
f 2700 2725 2726
f 795 760 759
f 2116 2086 2115
f 2115 2086 2085
f 2057 2085 2086
f 2057 2086 2058
f 2059 2058 2086
f 2116 2115 2142
f 2116 2142 2164
f 2143 2164 2165
f 2235 2255 2256
f 2296 2272 2271
f 2235 2256 2236
f 2235 2236 2210
f 2276 2236 2256
f 1402 1330 1363
f 1329 1363 1330
f 843 883 884
f 843 882 883
f 802 844 803
f 843 884 844
f 845 844 884
f 845 803 844
f 377 410 450
f 522 450 410
f 727 688 726
f 725 726 654
f 688 654 726
f 1362 1363 1328
f 1329 1328 1363
f 1323 1324 1289
f 1323 1355 1356
f 1355 1396 1356
f 1080 1081 1049
f 1633 1632 1662
f 1632 1631 1662
f 1661 1662 1631
f 1691 1723 1692
f 1691 1692 1661
f 1691 1690 1723
f 1723 1690 1722
f 1787 1751 1786
f 2147 2146 2172
f 2147 2128 2127
f 2067 2066 2123
f 1633 1662 1663
f 1968 1999 2000
f 2059 2087 2088
f 2059 2086 2087
f 2116 2087 2086
f 2061 2030 2060
f 2059 2088 2060
f 2143 2117 2116
f 2116 2117 2087
f 2088 2087 2117
f 2061 2060 2089
f 2088 2089 2060
f 2088 2117 2089
f 1621 1653 1654
f 1712 1713 1683
f 1712 1683 1651
f 1651 1683 1652
f 1999 1998 2029
f 2059 2060 2029
f 2030 2029 2060
f 2059 2028 2058
f 2059 2029 2028
f 1998 2028 2029
f 1492 1433 1432
f 1362 1401 1363
f 1461 1401 1433
f 1526 1462 1493
f 1526 1494 1462
f 1402 1363 1462
f 1363 1401 1462
f 1461 1462 1401
f 1879 1908 1880
f 1879 1941 1908
f 1879 1878 1941
f 1968 2000 2032
f 1905 1904 1939
f 2034 2064 2065
f 2063 2062 2120
f 2061 2089 2090
f 2118 2090 2089
f 2061 2090 2032
f 2062 2032 2090
f 1778 1813 1814
f 1845 1814 1813
f 1844 1845 1813
f 1781 1746 1780
f 1747 1746 1781
f 1745 1780 1746
f 1845 1779 1814
f 1845 1780 1779
f 1745 1779 1780
f 1744 1814 1779
f 1745 1713 1779
f 1713 1744 1779
f 1626 1592 1625
f 1626 1625 1657
f 1626 1657 1658
f 1720 1658 1657
f 1688 1657 1687
f 1656 1717 1687
f 1621 1620 1653
f 1651 1652 1620
f 1526 1556 1557
f 1527 1494 1557
f 1526 1557 1494
f 1527 1557 1558
f 1556 1558 1557
f 1877 1907 1878
f 1940 1907 1906
f 1877 1906 1907
f 1940 1941 1907
f 1878 1907 1941
f 1655 1686 1622
f 1656 1622 1686
f 1656 1686 1716
f 1785 1850 1818
f 1877 1878 1818
f 1877 1818 1850
f 1785 1818 1786
f 1819 1786 1818
f 1717 1784 1718
f 1688 1687 1718
f 1717 1718 1687
f 1749 1718 1784
f 3249 3250 3222
f 3250 3195 3222
f 3221 3249 3222
f 3169 3194 3195
f 3221 3222 3194
f 3195 3194 3222
f 2723 2915 2800
f 2430 2454 2617
f 2617 2616 2798
f 3096 3124 3097
f 3150 3124 3149
f 3149 3124 3123
f 3096 3123 3124
f 3019 2942 2995
f 3314 3280 3313
f 2258 2277 2278
f 2307 2260 2281
f 2218 2172 2195
f 2258 2257 2277
f 2302 2277 2257
f 2143 2144 2117
f 2118 2089 2144
f 2117 2144 2089
f 2322 2323 2296
f 2513 2460 2486
f 2513 2512 2570
f 2542 2570 2512
f 2185 2137 2184
f 2313 2246 2181
f 2313 2181 2245
f 2185 1958 2020
f 1958 2047 2020
f 1735 1446 1482
f 2961 2960 2989
f 2912 2869 2868
f 2867 2866 2868
f 2185 2229 2430
f 2367 2425 2289
f 27 14 26
f 241 200 160
f 1 12 13
f 11 13 12
f 117 80 116
f 20 48 21
f 81 21 48
f 81 48 80
f 20 47 48
f 79 48 47
f 79 80 48
f 524 526 486
f 346 414 415
f 117 156 157
f 311 310 309
f 237 309 310
f 274 310 311
f 236 235 237
f 237 235 309
f 152 153 114
f 233 234 192
f 63 62 98
f 97 98 62
f 97 136 98
f 173 215 135
f 135 215 136
f 170 131 169
f 289 254 253
f 173 135 134
f 95 133 134
f 95 134 96
f 135 96 134
f 94 132 133
f 170 132 131
f 170 171 132
f 133 132 171
f 681 644 680
f 538 607 568
f 538 606 607
f 644 607 606
f 790 789 828
f 788 828 789
f 790 753 789
f 752 789 753
f 912 873 872
f 1386 1348 1347
f 1314 1246 1245
f 1211 1245 1212
f 1211 1314 1245
f 1612 1611 1513
f 1422 1447 1448
f 1386 1447 1422
f 1386 1612 1447
f 1612 1513 1447
f 651 652 612
f 613 612 652
f 687 724 652
f 649 650 611
f 687 723 724
f 760 724 723
f 951 950 996
f 1065 989 944
f 788 944 905
f 788 1065 944
f 69 43 68
f 76 77 44
f 3448 3475 3500
f 3448 3500 3476
f 3501 3476 3500
f 3474 3473 3498
f 3543 3595 3596
f 3446 3445 3473
f 3296 3360 3388
f 3329 3296 3388
f 3329 3388 3416
f 3416 3388 3415
f 3389 3472 3445
f 3046 3130 3072
f 3211 3046 3072
f 3563 3564 3513
f 3586 3565 3564
f 3537 3564 3565
f 4112 4123 4114
f 4114 4123 4122
f 4112 4085 4097
f 4085 4084 4097
f 4112 4097 4123
f 4026 4059 4076
f 4059 4077 4076
f 4079 4078 4077
f 4062 4078 4079
f 4126 4107 4119
f 4126 4119 4125
f 4124 4125 4119
f 4106 4118 4107
f 4124 4118 4117
f 4117 4118 4105
f 4106 4107 4093
f 4126 4093 4107
f 4062 4093 4094
f 4126 4127 4093
f 4094 4093 4127
f 4106 4093 4092
f 4062 4079 4093
f 4079 4092 4093
f 4129 4121 4127
f 4131 4130 4129
f 4129 4130 4121
f 4109 4121 4130
f 4095 4080 4094
f 4094 4080 4063
f 4095 4081 4080
f 4063 4064 4045
f 4081 4064 4080
f 4063 4080 4064
f 4065 4064 4081
f 3775 3845 3828
f 3608 3591 3609
f 3591 3569 3609
f 3519 3568 3569
f 3569 3568 3609
f 3567 3609 3568
f 1174 1209 1277
f 1569 1536 1535
f 1569 1601 1536
f 8 318 536
f 8 536 787
f 3766 3789 3790
f 3910 3884 3883
f 3910 3883 3909
f 3882 3909 3883
f 3970 3971 3950
f 3951 3950 3971
f 3906 3879 3905
f 3816 3789 3788
f 3816 3788 3814
f 3857 3835 3810
f 3857 3858 3835
f 4060 4043 4029
f 4060 4029 4027
f 4028 4027 4029
f 3970 3969 3992
f 3965 4020 3984
f 2456 2406 2455
f 2479 2455 2478
f 2478 2455 2406
f 2589 2658 2635
f 2589 2636 2658
f 2700 2726 2677
f 2589 2561 2560
f 2560 2561 2535
f 2537 2506 2562
f 2951 2979 2980
f 2880 2926 2904
f 3006 3005 3032
f 3006 2979 3005
f 2951 3005 2979
f 3339 3308 3307
f 3189 3190 3163
f 3218 3247 3219
f 3186 3158 3134
f 3545 3597 3598
f 3544 3598 3597
f 3157 3268 3239
f 3157 3330 3268
f 3330 3269 3268
f 3503 3523 3478
f 3503 3522 3523
f 3362 3391 3363
f 3503 3391 3522
f 3544 3522 3391
f 3362 3544 3391
f 3524 3504 3523
f 3336 3304 3335
f 3300 3302 3271
f 3305 3338 3307
f 1676 1644 1613
f 1488 1456 1455
f 1488 1552 1489
f 1894 1989 1926
f 2158 2159 2110
f 2755 2728 2754
f 2511 2569 2542
f 2542 2569 2570
f 2626 2598 2625
f 2568 2598 2569
f 2755 2729 2728
f 2759 2732 2758
f 725 761 726
f 2057 2056 2085
f 2235 2210 2209
f 2210 2190 2209
f 2164 2142 2163
f 2211 2165 2163
f 2164 2163 2165
f 2211 2236 2237
f 2276 2237 2236
f 2254 2273 2255
f 2254 2272 2273
f 2298 2274 2273
f 2255 2273 2274
f 1529 1528 1560
f 1626 1593 1592
f 1592 1593 1560
f 1435 1464 1404
f 1435 1404 1365
f 1265 1230 1161
f 1229 1194 1159
f 1265 1161 1194
f 884 961 922
f 962 922 961
f 735 767 768
f 845 885 846
f 845 846 803
f 804 803 846
f 665 666 627
f 665 697 666
f 551 525 550
f 524 525 526
f 551 526 525
f 522 523 451
f 411 450 451
f 522 451 450
f 345 381 414
f 377 343 311
f 920 958 921
f 1005 1006 958
f 882 881 883
f 920 921 881
f 614 653 654
f 724 653 652
f 613 653 614
f 613 652 653
f 727 726 762
f 797 798 762
f 797 762 761
f 726 761 762
f 1229 1228 1263
f 1229 1193 1228
f 1192 1228 1193
f 1219 1218 1252
f 1184 1183 1218
f 1323 1322 1355
f 1221 1186 1220
f 1219 1254 1220
f 1221 1220 1255
f 1255 1220 1254
f 1284 1283 1318
f 1317 1318 1283
f 1398 1358 1357
f 1324 1357 1358
f 1323 1357 1324
f 1323 1356 1357
f 1046 1079 1047
f 1118 1047 1079
f 1080 1047 1118
f 960 1007 961
f 960 1006 1007
f 1006 1049 1007
f 1008 961 1007
f 1008 1007 1081
f 1081 1007 1049
f 1370 1371 1335
f 1565 1598 1566
f 1632 1598 1631
f 1632 1566 1598
f 1723 1724 1692
f 1786 1751 1750
f 1725 1756 1726
f 1787 1819 1820
f 1879 1820 1819
f 2147 2172 2174
f 2127 2128 2097
f 2073 2071 2097
f 2147 2148 2128
f 2036 2070 2071
f 2069 2008 2068
f 2069 2070 2008
f 1712 1743 1744
f 1778 1744 1743
f 1998 1997 2028
f 1999 1967 1998
f 1999 1937 1967
f 1844 1902 1845
f 1844 1873 1902
f 1360 1400 1433
f 1432 1433 1400
f 1402 1434 1403
f 1494 1434 1462
f 1402 1462 1434
f 1494 1495 1434
f 1435 1434 1495
f 1435 1403 1434
f 1324 1358 1325
f 1398 1431 1399
f 1398 1399 1358
f 1432 1400 1399
f 1430 1458 1431
f 1789 1823 1790
f 1940 1970 1971
f 1940 1971 1941
f 2000 2031 2032
f 1999 2031 2000
f 2061 2031 2030
f 2061 2032 2031
f 1940 1969 1970
f 1940 1906 1969
f 1968 1969 1939
f 1968 2032 1969
f 1970 1969 2001
f 2032 2001 1969
f 1999 1938 1937
f 1968 1939 1938
f 1968 1938 1999
f 1939 1904 1938
f 1937 1938 1903
f 1904 1903 1938
f 2119 2120 2091
f 2062 2091 2120
f 2062 2090 2091
f 2066 2065 2092
f 2123 2066 2092
f 2123 2092 2122
f 2121 2092 2064
f 2064 2092 2065
f 2121 2122 2092
f 1846 1847 1815
f 1845 1815 1780
f 1846 1815 1845
f 1781 1780 1815
f 1846 1875 1847
f 1905 1875 1904
f 1783 1782 1817
f 1849 1784 1817
f 1783 1817 1784
f 1844 1813 1843
f 1844 1843 1873
f 1842 1873 1843
f 1653 1684 1715
f 1747 1716 1715
f 1747 1715 1746
f 1626 1658 1627
f 1626 1627 1593
f 1594 1593 1627
f 1594 1627 1628
f 1720 1689 1658
f 1651 1620 1585
f 1657 1625 1624
f 1657 1624 1687
f 1819 1818 1851
f 1878 1851 1818
f 1879 1819 1851
f 1879 1851 1878
f 3285 3257 3284
f 3285 3284 3317
f 3221 3248 3249
f 3249 3248 3278
f 3219 3247 3248
f 3221 3220 3248
f 3220 3219 3248
f 3250 3223 3195
f 3170 3196 3223
f 3196 3195 3223
f 3225 3171 3224
f 3225 3147 3171
f 3146 3171 3147
f 3122 3094 3121
f 3118 3147 3148
f 3172 3120 3148
f 3121 3093 3120
f 3121 3094 3093
f 3150 3149 3175
f 2965 2964 2992
f 2962 3014 2963
f 2965 2939 2964
f 2800 2915 2826
f 3210 3130 3155
f 2615 2476 2557
f 2429 2557 2476
f 2617 2454 2477
f 2559 2477 2454
f 2533 2477 2588
f 2617 2477 2616
f 2723 2967 2915
f 2915 2967 2826
f 2617 2699 2752
f 2800 2617 2752
f 3019 3018 3097
f 3019 2995 3018
f 2823 2845 2869
f 2869 2845 2868
f 2867 2868 2845
f 3586 3629 3630
f 3694 3720 3695
f 3252 3281 3253
f 3252 3280 3281
f 3314 3281 3280
f 3398 3370 3369
f 3693 3717 3718
f 3563 3562 3585
f 3693 3694 3671
f 3672 3671 3694
f 2353 2327 2352
f 2278 2277 2304
f 2278 2304 2305
f 2302 2303 2277
f 2329 2304 2303
f 2277 2303 2304
f 2381 2412 2382
f 2329 2303 2328
f 2240 2281 2241
f 2281 2260 2241
f 2170 2169 2194
f 2218 2195 2217
f 2216 2239 2259
f 2216 2194 2239
f 2169 2239 2194
f 2391 2392 2362
f 2391 2393 2392
f 2444 2423 2395
f 2285 2262 2261
f 2391 2390 2418
f 2193 2214 2166
f 2119 2167 2120
f 2214 2167 2166
f 2212 2213 2193
f 2193 2213 2214
f 2258 2214 2213
f 2258 2213 2257
f 2212 2192 2237
f 2212 2193 2192
f 2144 2192 2166
f 2193 2166 2192
f 2143 2165 2192
f 2143 2192 2144
f 2432 2457 2484
f 2432 2431 2457
f 2432 2484 2433
f 2375 2431 2347
f 2376 2348 2347
f 2435 2460 2461
f 2513 2461 2460
f 2486 2460 2459
f 2409 2378 2377
f 2409 2410 2378
f 2379 2378 2410
f 2352 2326 2351
f 2352 2327 2326
f 2300 2326 2327
f 2626 2641 2627
f 2704 2734 2705
f 2706 2705 2734
f 2704 2705 2682
f 2682 2705 2661
f 2682 2661 2639
f 2626 2625 2640
f 2185 2080 2107
f 2185 2107 2137
f 2184 2137 2183
f 2180 2245 2155
f 2185 2048 2080
f 2185 2020 2048
f 2136 2080 2048
f 2288 2265 2266
f 2288 2266 2245
f 2313 2245 2266
f 2313 2266 2312
f 2288 2226 2265
f 2201 2200 2226
f 2288 2245 2226
f 2245 2201 2226
f 1866 1834 1892
f 1834 1891 1892
f 1834 1865 1891
f 2287 2264 2310
f 2287 2265 2264
f 2265 2226 2264
f 2151 2132 2150
f 2151 2150 2176
f 1545 1512 1544
f 1735 1512 1545
f 1735 1482 1512
f 1735 1385 1421
f 1735 1421 1446
f 1735 1674 1675
f 1545 1544 1577
f 2814 2860 2839
f 2814 2839 2815
f 2769 2770 2749
f 2769 2749 2768
f 2555 2584 2613
f 2185 2248 2229
f 2555 2501 2584
f 2430 2268 2317
f 2430 2229 2268
f 2290 2316 2400
f 2290 2400 2401
f 2448 2426 2425
f 160 200 199
f 2 27 3
f 11 50 13
f 13 50 24
f 51 24 50
f 22 23 9
f 22 82 23
f 83 118 119
f 83 82 118
f 158 118 157
f 157 156 195
f 158 157 195
f 236 196 195
f 158 195 196
f 241 160 198
f 154 155 116
f 117 116 155
f 117 155 156
f 308 375 376
f 449 376 375
f 521 520 548
f 114 153 115
f 154 115 153
f 154 116 115
f 79 115 80
f 80 115 116
f 289 290 254
f 324 291 290
f 63 99 64
f 63 98 99
f 136 215 174
f 217 175 174
f 297 263 262
f 217 219 175
f 261 220 219
f 297 298 263
f 251 252 211
f 251 211 210
f 170 169 212
f 253 212 252
f 253 171 212
f 170 212 171
f 169 211 212
f 252 212 211
f 92 131 93
f 57 93 94
f 94 93 132
f 131 132 93
f 57 91 93
f 92 93 91
f 129 130 92
f 92 130 131
f 129 168 130
f 168 169 130
f 169 131 130
f 253 254 213
f 253 213 171
f 644 643 680
f 605 643 606
f 644 606 643
f 604 680 643
f 605 566 643
f 604 643 566
f 788 751 604
f 681 645 644
f 644 645 607
f 790 754 753
f 605 567 566
f 605 606 567
f 538 567 606
f 604 566 565
f 499 426 498
f 389 426 427
f 506 540 571
f 568 609 610
f 647 610 609
f 289 357 290
f 1143 1104 1142
f 1140 1141 1102
f 1140 1102 1101
f 912 913 873
f 795 759 837
f 794 793 835
f 721 684 720
f 649 720 684
f 1386 1388 1348
f 1513 1514 1484
f 1513 1611 1514
f 1516 1514 1515
f 1513 1484 1483
f 1513 1483 1447
f 1448 1447 1483
f 651 686 652
f 687 652 686
f 651 685 686
f 687 686 723
f 758 686 685
f 758 723 686
f 651 572 611
f 651 612 572
f 571 611 572
f 573 572 612
f 506 572 573
f 506 571 572
f 758 759 722
f 758 722 723
f 759 760 722
f 760 723 722
f 950 995 996
f 950 994 995
f 1037 995 994
f 443 442 477
f 443 404 442
f 515 477 442
f 336 335 368
f 445 446 406
f 627 590 589
f 521 589 590
f 521 548 589
f 152 114 151
f 112 151 114
f 189 151 149
f 112 149 151
f 69 68 104
f 69 104 105
f 43 42 68
f 71 70 105
f 69 105 70
f 71 43 70
f 69 70 43
f 3448 3390 3417
f 3446 3474 3417
f 3446 3417 3390
f 3474 3499 3475
f 3474 3498 3499
f 3500 3499 3519
f 3500 3475 3499
f 3519 3499 3498
f 3543 3572 3595
f 3637 3595 3572
f 3542 3571 3572
f 3613 3596 3638
f 3537 3565 3514
f 3416 3415 3444
f 3518 3498 3517
f 3473 3517 3498
f 3211 3156 3131
f 3211 3072 3156
f 3131 3156 3265
f 3210 3265 3156
f 3210 3156 3130
f 3130 3156 3072
f 3150 3151 3124
f 3097 3124 3151
f 3383 3382 3411
f 3495 3468 3537
f 3537 3468 3564
f 4102 4090 4101
f 4090 4075 4058
f 4075 4057 4058
f 4090 4058 4101
f 4057 4101 4058
f 4075 4025 4057
f 4026 4025 4059
f 4059 4025 4075
f 4122 4123 4111
f 4123 4097 4111
f 4085 4068 4084
f 4019 3983 4004
f 3964 4004 3983
f 3897 3942 3964
f 4073 4019 4053
f 4062 4061 4078
f 4044 4043 4061
f 4044 4061 4063
f 4062 4063 4061
f 4095 4094 4120
f 4094 4127 4120
f 4110 4084 4083
f 4081 4096 4082
f 4095 4096 4081
f 4108 4096 4120
f 4095 4120 4096
f 3613 3829 3847
f 3567 3566 3590
f 3567 3568 3540
f 3519 3540 3568
f 3518 3540 3498
f 3519 3498 3540
f 1313 1279 1278
f 1244 1278 1279
f 1385 1279 1313
f 1385 1244 1279
f 1313 1278 1419
f 1210 1243 1244
f 1244 1243 1278
f 1210 1242 1243
f 1312 1243 1242
f 1312 1278 1243
f 1385 1383 1384
f 1443 1384 1383
f 1443 1444 1384
f 1242 1175 1277
f 1174 1277 1175
f 1174 1175 1138
f 1241 1341 1209
f 1277 1209 1341
f 1536 1503 1535
f 1569 1535 1568
f 1632 1599 1568
f 1633 1600 1599
f 1569 1600 1601
f 3766 3790 3768
f 3996 4010 4011
f 3910 3911 3884
f 3951 3906 3929
f 3951 3929 3950
f 3906 3905 3929
f 3928 3950 3929
f 3928 3929 3905
f 3970 3949 3969
f 3970 3950 3949
f 3928 3949 3950
f 3882 3862 3860
f 3882 3883 3862
f 3810 3835 3811
f 4026 3992 3991
f 3969 3991 3992
f 3970 3992 3993
f 4026 4008 3992
f 4060 4027 4008
f 4060 4008 4076
f 4026 4076 4008
f 4027 3993 4008
f 3992 4008 3993
f 3857 3810 3808
f 3810 3809 3808
f 3731 3965 3848
f 4041 4006 4023
f 2322 2296 2295
f 2296 2271 2295
f 2700 2677 2676
f 2636 2676 2677
f 2700 2676 2589
f 2589 2676 2636
f 2726 2637 2677
f 2636 2618 2658
f 2636 2677 2618
f 2635 2658 2618
f 2562 2590 2591
f 2562 2561 2590
f 2635 2591 2590
f 2589 2635 2590
f 2589 2590 2561
f 2456 2481 2431
f 2537 2507 2506
f 2951 2980 2925
f 2951 2925 2924
f 2904 2926 2927
f 3055 3032 3031
f 3032 3005 3031
f 2951 2924 2978
f 2951 2978 3005
f 2924 2923 2978
f 3300 3271 3270
f 3305 3273 3304
f 3189 3188 3216
f 3110 3139 3111
f 3113 3081 3112
f 3113 3112 3111
f 3055 3112 3081
f 3169 3167 3194
f 3113 3140 3142
f 3113 3111 3140
f 3166 3167 3140
f 3111 3139 3140
f 3218 3191 3190
f 3165 3137 3163
f 3110 3137 3139
f 3136 3163 3137
f 3165 3163 3164
f 3190 3164 3163
f 3190 3191 3164
f 3275 3276 3274
f 3170 3144 3196
f 3170 3145 3144
f 3116 3144 3145
f 3157 3133 3132
f 3157 3239 3212
f 3186 3212 3239
f 3186 3134 3212
f 3108 3107 3159
f 3108 3159 3161
f 3186 3160 3158
f 3158 3160 3159
f 3159 3160 3161
f 2880 2903 2926
f 3616 3640 3662
f 3363 3332 3298
f 3299 3298 3332
f 3268 3269 3240
f 3453 3504 3505
f 3506 3505 3504
f 3506 3546 3547
f 3506 3504 3546
f 3524 3546 3504
f 3524 3545 3546
f 3334 3364 3395
f 3420 3395 3394
f 3364 3394 3395
f 3300 3301 3302
f 3526 3527 3508
f 3526 3549 3527
f 3663 3686 3642
f 3305 3337 3338
f 3305 3304 3337
f 3336 3337 3304
f 3336 3366 3337
f 3398 3369 3368
f 3339 3368 3369
f 3339 3307 3368
f 3307 3338 3368
f 3366 3396 3367
f 3338 3367 3368
f 3424 3481 3454
f 3526 3508 3507
f 3506 3547 3507
f 2900 2899 2921
f 2831 2853 2854
f 2900 2923 2901
f 2924 2901 2923
f 2895 2872 2850
f 2895 2917 2945
f 2895 2945 2872
f 2896 2872 2945
f 1770 1804 1737
f 1712 1651 1650
f 1613 1644 1614
f 1488 1489 1457
f 1489 1458 1457
f 1430 1457 1458
f 1488 1521 1552
f 1551 1552 1521
f 1455 1487 1521
f 1488 1455 1521
f 1516 1451 1514
f 1484 1514 1451
f 2230 2292 2250
f 2205 2187 2159
f 1960 1959 1989
f 1989 1959 1926
f 2022 2021 2049
f 1989 2049 2021
f 1989 2108 2049
f 2372 2138 2108
f 1894 2108 1989
f 1894 1804 2108
f 2372 2108 1804
f 2138 2186 2139
f 2186 2158 2139
f 2158 2110 2139
f 2022 2049 2050
f 2022 2050 2051
f 2082 2081 2110
f 2110 2081 2139
f 2022 2051 2023
f 1993 1992 2023
f 2022 2023 1992
f 1960 1928 1959
f 1894 1926 1868
f 1894 1806 1867
f 1836 1806 1868
f 1894 1868 1806
f 1867 1806 1835
f 2728 2753 2754
f 2831 2854 2832
f 2625 2598 2597
f 2568 2597 2598
f 2568 2567 2597
f 2758 2732 2731
f 2704 2682 2731
f 1044 1000 1043
f 953 915 914
f 914 915 875
f 840 878 879
f 916 1000 954
f 760 796 761
f 795 796 760
f 840 797 796
f 797 761 796
f 2085 2056 2084
f 2055 2084 2056
f 2055 2056 2026
f 2211 2163 2191
f 2210 2191 2190
f 2190 2191 2163
f 2212 2237 2238
f 2302 2257 2238
f 2276 2302 2238
f 2276 2238 2237
f 2270 2271 2253
f 2254 2233 2253
f 2254 2253 2272
f 2271 2272 2253
f 2270 2253 2232
f 2233 2232 2253
f 2254 2234 2233
f 2254 2255 2234
f 2233 2234 2208
f 2298 2273 2297
f 2298 2297 2324
f 2323 2324 2297
f 2296 2323 2297
f 2296 2297 2272
f 2272 2297 2273
f 1592 1560 1559
f 1560 1528 1559
f 1691 1660 1690
f 1629 1660 1630
f 1691 1661 1660
f 1563 1562 1596
f 1597 1564 1596
f 1563 1596 1564
f 1597 1596 1630
f 1629 1630 1596
f 1405 1404 1436
f 1404 1464 1436
f 1405 1436 1437
f 1529 1560 1561
f 1560 1593 1561
f 1594 1561 1593
f 1498 1497 1531
f 1563 1531 1562
f 1498 1466 1465
f 1498 1465 1497
f 1497 1465 1463
f 1464 1463 1465
f 1236 1235 1299
f 1333 1297 1332
f 1161 1230 1122
f 1052 1010 1009
f 1010 963 1009
f 1008 1009 962
f 962 1009 963
f 1008 1081 1050
f 1008 1050 1009
f 1159 1050 1081
f 1265 1194 1264
f 1229 1264 1194
f 1329 1330 1264
f 1329 1264 1263
f 1229 1263 1264
f 886 924 887
f 1052 1053 1011
f 886 923 924
f 806 805 847
f 550 592 593
f 551 550 593
f 627 591 590
f 523 549 525
f 550 525 549
f 550 549 592
f 592 549 591
f 411 452 412
f 411 451 452
f 412 452 453
f 523 452 451
f 524 486 485
f 454 414 413
f 414 381 413
f 412 413 381
f 411 412 380
f 345 380 381
f 412 381 380
f 411 379 450
f 377 450 379
f 411 380 379
f 921 958 959
f 921 959 881
f 960 959 1006
f 1006 959 958
f 960 883 959
f 883 881 959
f 330 364 331
f 734 765 766
f 803 766 765
f 802 803 765
f 585 583 622
f 843 799 882
f 658 691 692
f 543 577 578
f 617 578 577
f 688 655 654
f 617 618 578
f 1229 1159 1158
f 1229 1158 1193
f 1362 1361 1401
f 1433 1401 1361
f 1362 1328 1361
f 1360 1433 1361
f 1360 1361 1327
f 1225 1260 1226
f 1225 1226 1191
f 1329 1263 1294
f 1263 1262 1294
f 1329 1294 1328
f 1328 1294 1262
f 1040 1072 1041
f 1040 1108 1072
f 1109 1072 1108
f 1110 1109 1149
f 1181 1215 1249
f 1317 1283 1249
f 1219 1253 1254
f 1254 1253 1286
f 1219 1252 1253
f 1252 1286 1253
f 1255 1254 1287
f 1254 1322 1287
f 1355 1321 1354
f 1355 1322 1321
f 1320 1321 1286
f 1254 1286 1321
f 1254 1321 1322
f 1428 1395 1394
f 1354 1394 1395
f 1428 1396 1395
f 1355 1395 1396
f 1355 1354 1395
f 1428 1394 1427
f 1393 1453 1427
f 1393 1427 1394
f 1393 1353 1392
f 1320 1353 1321
f 1354 1321 1353
f 1393 1394 1353
f 1354 1353 1394
f 1320 1286 1285
f 1252 1285 1286
f 1389 1390 1350
f 1588 1555 1587
f 1588 1587 1654
f 1621 1654 1587
f 1492 1432 1460
f 1492 1460 1491
f 1432 1399 1460
f 1431 1460 1399
f 1523 1555 1524
f 1523 1524 1491
f 1492 1491 1524
f 1492 1524 1525
f 1588 1525 1524
f 1588 1524 1555
f 1222 1256 1257
f 1255 1289 1256
f 1221 1256 1222
f 1221 1255 1256
f 1398 1397 1431
f 1398 1357 1397
f 1430 1431 1397
f 1396 1430 1397
f 1396 1397 1356
f 1356 1397 1357
f 1046 1078 1079
f 1116 1078 1077
f 1046 1077 1078
f 1192 1156 1191
f 1006 1048 1049
f 1005 1048 1006
f 1225 1155 1154
f 1225 1191 1155
f 1116 1155 1156
f 1191 1156 1155
f 1225 1154 1190
f 1221 1187 1186
f 1110 1149 1150
f 1186 1150 1149
f 1186 1187 1150
f 1151 1150 1187
f 1114 1154 1115
f 1114 1115 1077
f 1116 1077 1115
f 1116 1115 1155
f 1154 1155 1115
f 1005 1004 1046
f 1046 1004 1077
f 1534 1566 1567
f 1632 1567 1566
f 1632 1568 1567
f 1534 1567 1535
f 1535 1567 1568
f 1467 1466 1468
f 1789 1754 1753
f 1789 1790 1754
f 1751 1719 1750
f 1749 1750 1719
f 1749 1719 1718
f 1688 1719 1720
f 1688 1718 1719
f 1726 1756 1757
f 1759 1758 1757
f 1789 1753 1788
f 1753 1752 1788
f 1787 1820 1788
f 2073 2097 2098
f 2074 2073 2098
f 2147 2174 2173
f 2147 2173 2148
f 1601 1634 1603
f 1601 1600 1634
f 1633 1634 1600
f 1570 1602 1603
f 1601 1603 1602
f 2094 2093 2124
f 2067 2123 2093
f 2067 2093 2068
f 2094 2068 2093
f 2170 2171 2124
f 2146 2171 2172
f 2172 2171 2195
f 1975 1945 1974
f 1943 1974 1945
f 1908 1943 1909
f 1910 1909 1943
f 2068 2008 2007
f 2067 2068 2007
f 1872 1899 1841
f 1842 1841 1899
f 1842 1899 1873
f 1778 1743 1777
f 1872 1841 1840
f 1810 1840 1841
f 1870 1871 1838
f 1745 1746 1714
f 1746 1715 1714
f 1684 1714 1715
f 2058 2028 2027
f 2028 1997 2027
f 2058 2027 2026
f 1997 2026 2027
f 1873 1901 1902
f 1324 1325 1290
f 1324 1290 1289
f 1257 1256 1290
f 1289 1290 1256
f 1360 1359 1400
f 1400 1359 1399
f 1358 1359 1325
f 1358 1399 1359
f 2062 2033 2032
f 2032 2033 2001
f 2063 2033 2062
f 2063 2001 2033
f 2063 2002 2001
f 1970 2002 1971
f 1970 2001 2002
f 1846 1845 1874
f 1845 1902 1874
f 1902 1903 1874
f 1904 1874 1903
f 1846 1874 1875
f 1904 1875 1874
f 1781 1816 1782
f 1847 1816 1815
f 1781 1815 1816
f 1782 1816 1817
f 1876 1849 1848
f 1849 1817 1848
f 1847 1848 1816
f 1817 1816 1848
f 1716 1686 1685
f 1655 1685 1686
f 1716 1685 1715
f 1653 1715 1685
f 1655 1654 1685
f 1653 1685 1654
f 1720 1721 1689
f 1751 1721 1719
f 1720 1719 1721
f 1621 1586 1620
f 1620 1586 1585
f 1621 1587 1586
f 1552 1585 1553
f 1585 1586 1553
f 1656 1623 1622
f 1590 1622 1623
f 1590 1623 1556
f 1556 1591 1558
f 1624 1591 1623
f 1556 1623 1591
f 3257 3256 3284
f 3275 3308 3309
f 3066 3093 3067
f 3094 3067 3093
f 3118 3148 3119
f 3120 3119 3148
f 3120 3093 3092
f 3065 3091 3092
f 3065 3092 3066
f 3066 3092 3093
f 3225 3197 3147
f 3014 2991 2963
f 2964 2991 2992
f 2964 2963 2991
f 2913 2937 2938
f 2964 2938 2963
f 2964 2869 2938
f 2965 2940 2914
f 2965 2914 2939
f 3322 3352 3323
f 2429 2532 2557
f 2533 2588 2773
f 2559 2454 2503
f 2723 2799 2967
f 2699 2799 2752
f 2723 2800 2799
f 2800 2752 2799
f 2942 2967 2894
f 2699 2825 2894
f 2699 2894 2799
f 2967 2799 2894
f 2893 2940 2941
f 2940 2994 2941
f 2995 2941 3018
f 2942 2941 2995
f 2942 2894 2941
f 2966 2941 2994
f 2966 3018 2941
f 2966 2993 3042
f 2966 2994 2993
f 3042 2993 3016
f 2965 2993 2940
f 2940 2993 2994
f 2965 2992 2993
f 2992 3016 2993
f 2966 3042 3017
f 2966 3017 3018
f 3097 3018 3017
f 2769 2793 2770
f 3629 3673 3630
f 3694 3719 3720
f 3718 3744 3719
f 3693 3718 3719
f 3693 3719 3694
f 3695 3720 3721
f 3508 3527 3528
f 3428 3457 3458
f 3485 3486 3458
f 3485 3458 3484
f 3457 3484 3458
f 3428 3427 3457
f 3398 3427 3370
f 3462 3461 3488
f 3348 3347 3376
f 3377 3348 3376
f 3462 3488 3489
f 3377 3406 3379
f 3407 3379 3406
f 3718 3717 3767
f 3718 3767 3744
f 3766 3768 3767
f 3744 3767 3768
f 3626 3627 3584
f 3626 3584 3560
f 3563 3513 3536
f 3512 3536 3513
f 3563 3536 3562
f 3716 3717 3669
f 2353 2301 2327
f 2302 2301 2303
f 2300 2327 2301
f 2353 2328 2301
f 2303 2301 2328
f 2276 2301 2302
f 2276 2300 2301
f 2329 2330 2304
f 2305 2304 2330
f 2329 2356 2330
f 2381 2351 2380
f 2381 2380 2412
f 2436 2412 2411
f 2412 2380 2411
f 2379 2411 2380
f 2379 2410 2411
f 2353 2383 2354
f 2353 2354 2328
f 2382 2413 2383
f 2439 2385 2414
f 2329 2328 2355
f 2328 2354 2355
f 2329 2355 2356
f 2278 2305 2279
f 2280 2259 2279
f 2259 2239 2279
f 2444 2395 2421
f 2395 2394 2421
f 2337 2392 2363
f 2444 2445 2423
f 2495 2446 2445
f 2395 2423 2422
f 2366 2365 2422
f 2395 2422 2365
f 2366 2341 2365
f 2287 2311 2265
f 2312 2266 2311
f 2265 2311 2266
f 2310 2264 2263
f 2717 2670 2716
f 2285 2261 2284
f 2285 2284 2335
f 2335 2284 2308
f 2391 2418 2419
f 2391 2419 2393
f 2393 2419 2420
f 2469 2420 2419
f 2390 2417 2418
f 2468 2521 2522
f 2468 2522 2469
f 2119 2145 2167
f 2166 2167 2145
f 2144 2166 2145
f 2377 2376 2408
f 2409 2377 2408
f 2409 2408 2458
f 2458 2408 2433
f 2377 2378 2349
f 2323 2349 2324
f 2458 2459 2434
f 2460 2434 2459
f 2435 2434 2460
f 2435 2411 2434
f 2410 2434 2411
f 2351 2326 2325
f 2298 2324 2325
f 2379 2350 2378
f 2324 2350 2325
f 2324 2349 2350
f 2378 2350 2349
f 2351 2325 2350
f 2351 2350 2380
f 2379 2380 2350
f 2626 2627 2599
f 2626 2599 2598
f 2570 2569 2599
f 2569 2598 2599
f 2642 2627 2664
f 2641 2664 2627
f 2642 2664 2665
f 2706 2683 2705
f 2626 2662 2641
f 2626 2640 2662
f 2661 2662 2640
f 2661 2705 2662
f 2705 2683 2662
f 2625 2624 2640
f 2623 2639 2624
f 2625 2597 2624
f 2880 2904 2882
f 2759 2780 2809
f 2759 2758 2780
f 2710 2709 2738
f 2642 2601 2627
f 2642 2602 2601
f 2491 2521 2466
f 2314 2227 2247
f 2314 2247 2183
f 2157 2247 2227
f 2184 2247 2157
f 2184 2183 2247
f 2137 2107 2182
f 2105 2155 2135
f 2448 2425 2472
f 2041 2075 2076
f 2105 2134 2155
f 2105 2078 2134
f 2104 2134 2078
f 2180 2155 2134
f 2201 2104 2179
f 2201 2179 2200
f 2200 2179 2225
f 2151 2152 2102
f 2151 2102 2132
f 1925 1893 1957
f 1958 1925 1957
f 2151 2177 2152
f 2151 2176 2177
f 2224 2198 2223
f 2222 2262 2223
f 2196 2222 2197
f 2176 2197 2198
f 2176 2150 2197
f 2222 2223 2197
f 2198 2197 2223
f 2131 2076 2100
f 2075 2100 2076
f 1385 1384 1420
f 1385 1420 1421
f 1384 1444 1420
f 1735 1642 1643
f 1735 1643 1674
f 1735 1610 1642
f 1577 1641 1610
f 1642 1610 1641
f 1727 1758 1728
f 1727 1728 1695
f 2765 2789 2766
f 2747 2746 2766
f 2840 2841 2817
f 2934 2935 2910
f 2864 2890 2891
f 2934 2891 2890
f 2934 2910 2891
f 3013 2990 3012
f 2990 2989 3012
f 3065 3064 3091
f 3065 3012 3064
f 2989 2960 2959
f 2960 2935 2959
f 2934 2959 2935
f 2814 2741 2740
f 2740 2741 2711
f 2860 2888 2861
f 2860 2861 2839
f 2908 2931 2887
f 3037 3009 3059
f 3037 3010 3009
f 2820 2819 2842
f 2864 2843 2842
f 2820 2843 2844
f 2820 2842 2843
f 2654 2634 2614
f 2499 2529 2473
f 2633 2718 2719
f 2654 2614 2697
f 2586 2697 2614
f 2633 2632 2718
f 2672 2718 2632
f 2768 2719 2792
f 2748 2792 2719
f 2747 2748 2696
f 2717 2696 2695
f 2717 2746 2696
f 2747 2696 2746
f 2290 2342 2316
f 2316 2342 2248
f 2290 2229 2342
f 2229 2248 2342
f 2185 2157 2228
f 2185 2228 2248
f 2315 2228 2227
f 2157 2227 2228
f 2315 2316 2228
f 2316 2248 2228
f 2290 2267 2229
f 2290 2401 2267
f 2449 2473 2399
f 2400 2399 2473
f 2401 2400 2474
f 2449 2398 2426
f 2449 2399 2398
f 2315 2398 2399
f 26 25 123
f 51 123 25
f 51 25 24
f 14 25 26
f 14 13 25
f 13 24 25
f 346 278 276
f 313 346 276
f 313 276 275
f 241 275 276
f 346 347 278
f 6 5 7
f 6 7 8
f 8 7 18
f 4 3 15
f 28 4 15
f 27 15 3
f 27 86 15
f 51 122 123
f 51 121 122
f 51 84 121
f 51 50 84
f 83 119 84
f 83 84 50
f 28 15 29
f 86 29 15
f 28 29 16
f 90 126 128
f 90 89 126
f 88 55 53
f 88 89 55
f 280 245 314
f 88 53 87
f 86 162 87
f 454 486 455
f 416 415 455
f 416 455 488
f 454 455 414
f 414 455 415
f 556 554 631
f 83 49 82
f 82 49 23
f 83 50 49
f 50 23 49
f 9 23 10
f 11 10 50
f 50 10 23
f 156 194 195
f 156 155 194
f 308 234 273
f 233 273 234
f 308 273 307
f 308 307 342
f 308 342 375
f 374 375 342
f 341 373 342
f 374 342 373
f 257 256 292
f 256 291 292
f 324 360 325
f 324 325 291
f 291 325 292
f 326 292 325
f 324 290 359
f 324 359 360
f 257 292 293
f 326 293 292
f 394 395 359
f 360 359 395
f 614 654 615
f 654 655 615
f 41 40 65
f 64 65 40
f 64 99 100
f 64 100 65
f 217 174 216
f 215 216 174
f 175 137 174
f 98 137 99
f 136 137 98
f 136 174 137
f 297 262 296
f 297 296 331
f 330 331 296
f 175 219 176
f 251 250 287
f 355 321 320
f 214 213 255
f 254 255 213
f 254 290 255
f 291 255 290
f 214 255 256
f 256 255 291
f 133 172 134
f 133 171 172
f 171 213 172
f 173 172 214
f 173 134 172
f 214 172 213
f 604 714 680
f 604 751 714
f 566 537 565
f 499 498 537
f 498 565 537
f 499 537 500
f 538 500 567
f 566 567 500
f 566 500 537
f 498 426 464
f 498 464 565
f 425 604 464
f 604 565 464
f 352 387 353
f 647 609 646
f 682 646 681
f 681 646 645
f 568 607 608
f 568 608 609
f 609 608 646
f 607 645 608
f 645 646 608
f 571 540 570
f 649 611 570
f 571 570 611
f 289 253 323
f 289 323 357
f 355 389 390
f 389 427 390
f 790 828 829
f 828 866 829
f 866 867 829
f 989 945 944
f 989 990 945
f 1142 1104 1103
f 1068 1103 1104
f 1068 1102 1103
f 1143 1144 1105
f 1143 1105 1104
f 1144 1145 1105
f 1106 1105 1145
f 1101 1067 1066
f 1101 1102 1067
f 1032 1066 1067
f 1068 1067 1102
f 951 996 997
f 1040 997 996
f 1040 1041 997
f 759 836 837
f 794 835 836
f 721 757 758
f 794 758 757
f 794 757 793
f 647 648 610
f 719 720 648
f 649 610 648
f 649 648 720
f 647 646 648
f 753 754 717
f 1389 1349 1388
f 1389 1350 1349
f 1348 1388 1349
f 1389 1387 1423
f 1389 1388 1387
f 1386 1422 1387
f 1386 1387 1388
f 1280 1347 1315
f 1347 1348 1315
f 1348 1349 1315
f 1214 1246 1247
f 1280 1247 1246
f 1214 1247 1215
f 1043 999 1042
f 953 999 1000
f 1043 1000 999
f 1448 1449 1423
f 1448 1483 1449
f 909 948 910
f 912 872 911
f 912 911 951
f 951 911 950
f 1109 1108 1148
f 1184 1149 1148
f 1109 1148 1149
f 1040 996 1039
f 1108 1071 1107
f 991 990 1033
f 1032 1067 1033
f 266 300 301
f 263 264 223
f 299 264 298
f 263 298 264
f 551 552 526
f 526 552 527
f 372 407 373
f 446 407 406
f 372 373 340
f 341 340 373
f 665 627 626
f 627 589 626
f 665 664 697
f 696 697 664
f 233 192 191
f 152 191 153
f 192 153 191
f 110 111 77
f 112 111 149
f 189 149 150
f 341 339 340
f 443 369 404
f 404 369 368
f 140 141 103
f 141 104 103
f 68 103 104
f 3448 3447 3475
f 3448 3417 3447
f 3474 3475 3447
f 3474 3447 3417
f 3637 3572 3611
f 3571 3611 3572
f 3596 3595 3612
f 3596 3612 3638
f 3542 3570 3594
f 3542 3594 3571
f 3591 3656 3610
f 3495 3469 3440
f 3210 3236 3265
f 3184 3237 3292
f 3211 3237 3184
f 3184 3292 3327
f 3292 3326 3327
f 3328 3387 3360
f 3415 3387 3442
f 3382 3352 3381
f 3351 3381 3352
f 3348 3318 3317
f 3285 3317 3318
f 3348 3319 3318
f 3285 3318 3286
f 3319 3320 3318
f 3286 3318 3320
f 3564 3468 3494
f 3493 3513 3494
f 3513 3564 3494
f 3438 3494 3468
f 3438 3468 3439
f 3495 3439 3468
f 3495 3440 3439
f 4041 4089 4101
f 4102 4101 4089
f 4102 4089 4104
f 4041 4056 4006
f 4041 4101 4056
f 4057 4056 4101
f 3988 4006 4056
f 4085 4098 4068
f 4065 4082 4066
f 4065 4066 4048
f 4065 4048 4047
f 4065 4047 4064
f 4045 4047 4046
f 4045 4064 4047
f 4073 4072 4088
f 4073 4053 4072
f 4019 4004 4039
f 4019 4039 4053
f 4127 4121 4128
f 4127 4128 4120
f 4109 4128 4121
f 3933 3954 3955
f 3933 3955 3934
f 3957 3934 3955
f 3613 3704 3753
f 3613 3681 3704
f 1312 1345 1278
f 1278 1345 1419
f 1419 1345 1382
f 1312 1382 1345
f 1385 1313 1346
f 1385 1346 1383
f 1313 1419 1346
f 1509 1541 1542
f 1510 1543 1511
f 1481 1511 1446
f 1482 1446 1511
f 1481 1510 1511
f 1482 1511 1512
f 1544 1512 1511
f 1576 1544 1511
f 1576 1511 1543
f 1242 1277 1311
f 1312 1242 1311
f 1379 1343 1311
f 1099 943 988
f 1099 787 865
f 1099 865 943
f 1379 1311 1342
f 743 742 815
f 629 670 630
f 669 700 740
f 819 856 820
f 318 317 351
f 4044 4045 4031
f 4011 4010 4031
f 3934 3886 3912
f 3957 3935 3934
f 3886 3866 3865
f 3750 3772 3795
f 3904 3903 3927
f 3860 3862 3861
f 3858 3859 3835
f 3816 3814 3815
f 3862 3863 3815
f 3884 3863 3883
f 3883 3863 3862
f 3951 3908 3906
f 3906 3908 3907
f 3909 3908 3930
f 3951 3930 3908
f 3909 3907 3908
f 3762 3741 3761
f 3785 3762 3761
f 3785 3763 3762
f 3785 3786 3763
f 3764 3763 3786
f 3715 3743 3716
f 3965 3922 3848
f 3734 3778 3756
f 3731 3848 3776
f 3733 3732 3776
f 3666 3690 3691
f 3691 3690 3712
f 3739 3712 3690
f 3923 3876 3875
f 3852 3875 3876
f 3923 3899 3876
f 3966 4021 4005
f 4006 4005 4023
f 4054 4023 4040
f 4020 4054 4040
f 4020 4021 3986
f 3966 3944 3986
f 3966 3986 4021
f 2375 2345 2346
f 2375 2346 2374
f 2375 2374 2405
f 2375 2405 2431
f 2406 2431 2405
f 2375 2321 2345
f 2375 2347 2321
f 2347 2348 2321
f 2322 2321 2348
f 2322 2295 2321
f 2345 2321 2320
f 2295 2320 2321
f 2372 2343 2230
f 2230 2343 2292
f 2565 2539 2564
f 2538 2564 2539
f 2635 2592 2591
f 2635 2618 2592
f 2431 2482 2457
f 2431 2481 2482
f 2483 2457 2482
f 2538 2539 2509
f 2483 2509 2457
f 2484 2457 2509
f 2484 2509 2510
f 2539 2510 2509
f 3005 3004 3031
f 2977 3004 2978
f 3005 2978 3004
f 3055 3031 3054
f 2923 2950 2978
f 2923 2949 2950
f 3108 3136 3078
f 3243 3242 3270
f 3243 3215 3242
f 3216 3272 3273
f 3271 3302 3272
f 3142 3141 3169
f 3142 3140 3141
f 3166 3193 3167
f 3166 3191 3193
f 3194 3167 3193
f 3221 3194 3193
f 3305 3307 3306
f 3305 3306 3273
f 3216 3246 3217
f 3189 3216 3217
f 3189 3217 3190
f 3218 3190 3217
f 3218 3217 3274
f 3274 3217 3246
f 3165 3138 3137
f 3139 3137 3138
f 3165 3166 3138
f 3139 3138 3140
f 3166 3140 3138
f 3275 3277 3276
f 3275 3309 3277
f 3247 3276 3277
f 3247 3277 3248
f 3278 3248 3277
f 3114 3143 3115
f 3134 3133 3185
f 3134 3185 3212
f 3157 3185 3133
f 3157 3212 3185
f 3189 3163 3162
f 3189 3162 3188
f 2999 2998 3023
f 3731 3683 3705
f 3684 3662 3683
f 3640 3683 3662
f 3269 3297 3298
f 3363 3298 3297
f 3362 3363 3297
f 3362 3297 3331
f 3331 3297 3330
f 3330 3297 3269
f 3186 3239 3213
f 3503 3478 3502
f 3503 3502 3391
f 3616 3615 3640
f 3640 3615 3639
f 3420 3451 3421
f 3420 3421 3395
f 3551 3550 3575
f 3551 3528 3550
f 3527 3550 3528
f 3549 3575 3550
f 3549 3550 3527
f 3663 3642 3641
f 3662 3641 3617
f 3666 3665 3690
f 3644 3664 3665
f 3688 3665 3664
f 3424 3454 3425
f 3526 3507 3525
f 3547 3525 3507
f 3479 3480 3481
f 3508 3481 3480
f 3508 3480 3507
f 3506 3507 3480
f 3336 3335 3365
f 3336 3365 3366
f 3366 3365 3396
f 2854 2853 2878
f 2877 2878 2853
f 2900 2878 2877
f 2900 2901 2878
f 2877 2853 2875
f 2924 2902 2901
f 2925 2903 2902
f 2924 2925 2902
f 3047 3024 2997
f 2997 3024 3023
f 2999 3023 3024
f 2946 2997 2972
f 2997 3023 2972
f 2946 2972 2919
f 2896 2945 2918
f 2946 2919 2918
f 2919 2897 2918
f 2917 2997 2971
f 2917 2971 2945
f 2946 2971 2997
f 2945 2971 2918
f 2946 2918 2971
f 2896 2873 2872
f 2851 2873 2897
f 2919 2898 2897
f 1805 1771 1804
f 1804 1771 1737
f 1615 1614 1646
f 1549 1519 1518
f 1712 1650 1682
f 1651 1585 1584
f 1552 1584 1585
f 1551 1584 1552
f 1810 1809 1840
f 1770 1736 1704
f 1770 1737 1736
f 1706 1736 1737
f 1644 1677 1645
f 1678 1646 1645
f 1644 1645 1614
f 1614 1645 1646
f 1579 1613 1546
f 1613 1614 1546
f 1579 1546 1515
f 1396 1429 1430
f 1430 1429 1457
f 1428 1456 1429
f 1428 1429 1396
f 1426 1452 1453
f 1517 1453 1452
f 2231 2249 2250
f 2231 2187 2249
f 2205 2249 2187
f 2205 2230 2249
f 2230 2250 2249
f 2022 1961 2021
f 2051 2050 2109
f 2051 2109 2081
f 2139 2081 2109
f 2138 2139 2109
f 2138 2109 2108
f 2082 2052 2081
f 2082 2083 2052
f 1926 1959 1927
f 1926 1927 1868
f 1959 1928 1927
f 1805 1835 1772
f 1835 1806 1772
f 1805 1772 1771
f 1806 1773 1772
f 2701 2726 2727
f 2728 2727 2753
f 2726 2725 2801
f 2726 2801 2727
f 2753 2727 2801
f 2724 2801 2725
f 2776 2804 2805
f 2854 2903 2855
f 2854 2855 2832
f 2832 2855 2805
f 2806 2805 2855
f 2565 2596 2567
f 2597 2567 2596
f 2623 2624 2596
f 2597 2596 2624
f 2539 2540 2510
f 2755 2756 2729
f 2704 2731 2733
f 2732 2733 2731
f 2759 2733 2732
f 2731 2703 2730
f 2729 2756 2730
f 2731 2730 2756
f 2728 2729 2730
f 875 915 876
f 880 879 919
f 880 919 920
f 840 879 841
f 840 841 797
f 797 841 798
f 880 841 879
f 880 920 841
f 955 954 1001
f 1044 1045 1001
f 1044 1001 1000
f 1000 1001 954
f 916 954 917
f 795 839 796
f 840 839 878
f 840 796 839
f 2115 2085 2141
f 2085 2084 2141
f 2115 2141 2142
f 2190 2163 2141
f 2142 2141 2163
f 2189 2209 2162
f 2190 2162 2209
f 1965 1996 1997
f 1997 1996 2026
f 2083 2054 2053
f 2023 2052 2053
f 2083 2053 2052
f 2233 2208 2207
f 2189 2207 2208
f 2231 2232 2206
f 2231 2206 2187
f 1658 1689 1659
f 1628 1659 1629
f 1629 1659 1660
f 1690 1659 1689
f 1690 1660 1659
f 1628 1627 1659
f 1658 1659 1627
f 1562 1595 1596
f 1594 1628 1595
f 1529 1497 1496
f 1497 1463 1496
f 1495 1496 1463
f 1529 1496 1528
f 1529 1530 1497
f 1529 1561 1530
f 1562 1530 1561
f 1497 1530 1531
f 1562 1531 1530
f 1196 1233 1234
f 1234 1233 1298
f 1333 1298 1297
f 1297 1298 1233
f 1365 1366 1332
f 1198 1199 1166
f 1236 1237 1198
f 1198 1237 1199
f 1268 1199 1237
f 1369 1407 1408
f 1369 1368 1407
f 1467 1408 1407
f 1467 1407 1437
f 1369 1334 1368
f 1333 1368 1334
f 1402 1364 1330
f 1402 1403 1364
f 1330 1364 1331
f 1435 1364 1403
f 1435 1365 1364
f 1365 1331 1364
f 1052 1083 1053
f 1052 1009 1051
f 1052 1051 1083
f 1082 1083 1051
f 1082 1051 1050
f 1009 1050 1051
f 1159 1194 1160
f 1159 1160 1120
f 1161 1160 1194
f 1161 1120 1160
f 1082 1050 1121
f 1161 1122 1121
f 1161 1121 1120
f 1159 1120 1121
f 1159 1121 1050
f 1265 1266 1230
f 1230 1266 1231
f 1053 1124 1054
f 1055 1014 1054
f 1013 1054 1014
f 963 964 923
f 1010 964 963
f 924 923 964
f 806 807 768
f 669 670 628
f 627 666 667
f 627 667 591
f 592 591 667
f 453 484 485
f 453 452 484
f 523 484 452
f 524 485 484
f 524 484 525
f 523 525 484
f 274 311 312
f 311 343 312
f 377 378 343
f 377 379 378
f 515 516 477
f 445 406 479
f 734 733 765
f 693 733 694
f 693 765 733
f 693 692 732
f 693 732 765
f 731 732 691
f 692 691 732
f 662 622 661
f 658 657 691
f 658 619 657
f 656 657 618
f 619 618 657
f 580 578 579
f 578 618 579
f 619 579 618
f 727 763 728
f 727 762 763
f 798 763 762
f 1080 1119 1159
f 1159 1119 1158
f 1080 1118 1119
f 1328 1262 1293
f 1328 1293 1361
f 1041 1073 1042
f 1041 1072 1073
f 1186 1185 1220
f 1186 1149 1185
f 1184 1185 1149
f 1219 1220 1185
f 1181 1182 1145
f 1181 1249 1182
f 1183 1182 1216
f 1249 1216 1182
f 1255 1287 1288
f 1322 1288 1287
f 1323 1288 1322
f 1323 1289 1288
f 1255 1288 1289
f 1284 1318 1319
f 1284 1319 1285
f 1320 1285 1319
f 1320 1319 1353
f 1392 1353 1319
f 1389 1423 1424
f 1389 1424 1390
f 1390 1424 1391
f 1350 1390 1351
f 1523 1554 1555
f 1555 1554 1587
f 1587 1554 1586
f 1586 1554 1553
f 1431 1458 1459
f 1431 1459 1460
f 1491 1460 1459
f 1118 1079 1117
f 1116 1156 1117
f 1116 1117 1078
f 1079 1078 1117
f 1114 1153 1154
f 1044 1076 1045
f 1114 1077 1076
f 1077 1045 1076
f 1044 1043 1075
f 1044 1075 1076
f 1151 1112 1111
f 1151 1111 1150
f 1110 1150 1111
f 1005 958 957
f 1005 957 1004
f 920 957 958
f 920 919 957
f 1498 1499 1466
f 1466 1499 1468
f 1370 1409 1371
f 1411 1371 1410
f 1468 1410 1409
f 1371 1409 1410
f 1725 1724 1755
f 1724 1754 1755
f 1790 1755 1754
f 1725 1755 1756
f 1790 1756 1755
f 1790 1791 1756
f 1756 1791 1757
f 1790 1823 1791
f 2261 2221 2242
f 2282 2261 2242
f 2282 2242 2260
f 2260 2242 2241
f 2172 2219 2174
f 2221 2219 2242
f 2218 2219 2172
f 2074 2039 2073
f 2094 2124 2125
f 2124 2171 2125
f 2071 2070 2096
f 2071 2096 2097
f 2127 2097 2096
f 2127 2096 2126
f 2126 2096 2095
f 1910 1943 1944
f 1943 1945 1944
f 1975 1976 1946
f 1975 1946 1945
f 1933 1963 1964
f 1994 1964 1963
f 1778 1777 1812
f 1778 1812 1813
f 1813 1812 1843
f 1842 1843 1812
f 1870 1838 1869
f 1868 1927 1869
f 1808 1869 1838
f 1994 1962 1993
f 1994 1963 1962
f 1993 1962 1992
f 1931 1930 1962
f 1992 1962 1930
f 2034 2065 2035
f 2034 2035 2005
f 2066 2035 2065
f 2067 2006 2066
f 2066 2006 2035
f 2005 2035 2006
f 2067 2007 2006
f 1975 2006 1976
f 1976 2006 2007
f 1881 1852 1880
f 1823 1821 1852
f 1880 1852 1821
f 1820 1822 1788
f 1789 1788 1822
f 1820 1821 1822
f 1789 1822 1823
f 1823 1822 1821
f 2034 2005 2004
f 2064 2004 2003
f 2034 2004 2064
f 1908 1941 1942
f 1908 1942 1943
f 3201 3175 3200
f 3257 3229 3256
f 3225 3226 3198
f 3225 3198 3197
f 3042 3016 3068
f 2992 3015 3016
f 2992 2991 3015
f 3383 3384 3355
f 3356 3355 3384
f 3356 3384 3385
f 3383 3355 3354
f 3383 3354 3382
f 3235 3264 3236
f 3265 3264 3326
f 3265 3236 3264
f 3324 3290 3323
f 2616 2477 2675
f 2823 2795 2771
f 2823 2796 2795
f 2770 2771 2720
f 2559 2503 2504
f 2559 2504 2477
f 2588 2477 2504
f 2615 2558 2503
f 2615 2557 2558
f 2503 2558 2674
f 2557 2720 2558
f 2751 2674 2558
f 3770 3747 3746
f 3770 3791 3792
f 3508 3528 3509
f 3508 3509 3481
f 3529 3509 3528
f 3483 3509 3529
f 3666 3647 3646
f 3624 3646 3647
f 3668 3647 3667
f 3666 3691 3667
f 3666 3667 3647
f 3716 3669 3651
f 3530 3553 3531
f 3533 3486 3532
f 3485 3532 3486
f 3485 3531 3532
f 3533 3532 3556
f 3398 3426 3427
f 3487 3459 3486
f 3486 3459 3458
f 3428 3459 3429
f 3428 3458 3459
f 3343 3344 3312
f 3313 3312 3344
f 3403 3402 3432
f 3436 3406 3405
f 3377 3376 3405
f 3377 3405 3406
f 3490 3464 3489
f 3488 3510 3489
f 3488 3559 3510
f 3560 3510 3559
f 3350 3320 3349
f 3319 3349 3320
f 3377 3349 3348
f 3348 3349 3319
f 3409 3407 3408
f 3436 3437 3408
f 3436 3408 3406
f 3407 3406 3408
f 3693 3670 3717
f 3717 3670 3669
f 3693 3671 3670
f 2305 2330 2331
f 2414 2413 2438
f 2356 2385 2386
f 2439 2386 2385
f 2414 2385 2384
f 2285 2286 2262
f 2262 2286 2263
f 2310 2286 2309
f 2310 2263 2286
f 2335 2336 2309
f 2362 2336 2335
f 2362 2392 2336
f 2337 2336 2392
f 2337 2310 2336
f 2310 2309 2336
f 2495 2445 2494
f 2444 2494 2445
f 2444 2493 2494
f 2524 2525 2494
f 2524 2494 2493
f 2366 2396 2367
f 2367 2396 2397
f 2366 2422 2396
f 2446 2424 2445
f 2446 2425 2424
f 2423 2424 2397
f 2423 2445 2424
f 2367 2424 2425
f 2367 2397 2424
f 2365 2341 2340
f 2313 2340 2341
f 2313 2312 2340
f 2394 2364 2363
f 2395 2364 2394
f 2395 2365 2364
f 2264 2244 2263
f 2200 2244 2226
f 2200 2225 2244
f 2226 2244 2264
f 2717 2695 2694
f 2717 2694 2670
f 2650 2670 2694
f 2582 2649 2631
f 2650 2631 2649
f 2650 2693 2670
f 2650 2649 2693
f 2716 2670 2693
f 2692 2648 2630
f 2524 2581 2525
f 2582 2581 2649
f 2335 2308 2334
f 2282 2260 2283
f 2308 2284 2283
f 2282 2283 2261
f 2261 2283 2284
f 2468 2442 2418
f 2418 2442 2419
f 2468 2469 2442
f 2469 2419 2442
f 2418 2417 2467
f 2468 2418 2467
f 2468 2467 2521
f 2521 2467 2466
f 2549 2523 2522
f 2492 2522 2523
f 2524 2493 2523
f 2493 2492 2523
f 2493 2470 2492
f 2444 2470 2493
f 2469 2522 2470
f 2492 2470 2522
f 2432 2433 2407
f 2433 2408 2407
f 2376 2407 2408
f 2376 2347 2407
f 2432 2407 2431
f 2431 2407 2347
f 2276 2256 2275
f 2276 2275 2300
f 2256 2255 2275
f 2255 2274 2275
f 2571 2570 2600
f 2627 2600 2599
f 2570 2599 2600
f 2571 2600 2601
f 2627 2601 2600
f 2641 2685 2664
f 2710 2686 2709
f 2665 2664 2686
f 2664 2685 2686
f 2709 2737 2738
f 2759 2760 2734
f 2759 2809 2760
f 2809 2781 2760
f 2706 2707 2683
f 2684 2683 2707
f 2641 2662 2663
f 2683 2663 2662
f 2641 2663 2685
f 2809 2837 2810
f 2809 2810 2781
f 2782 2781 2810
f 2880 2882 2881
f 2857 2881 2882
f 2857 2858 2835
f 2712 2690 2741
f 2710 2738 2739
f 2740 2711 2739
f 2738 2763 2739
f 2642 2628 2602
f 2602 2628 2603
f 2602 2603 2573
f 2466 2467 2441
f 2439 2465 2440
f 2137 2203 2183
f 2137 2182 2203
f 2246 2203 2182
f 2136 2181 2156
f 2136 2156 2080
f 2246 2156 2181
f 2246 2182 2156
f 2080 2156 2107
f 2107 2156 2182
f 2245 2181 2202
f 2245 2202 2155
f 2155 2202 2135
f 2135 2202 2106
f 2136 2106 2202
f 2136 2202 2181
f 2448 2528 2426
f 2449 2426 2528
f 2497 2551 2527
f 2582 2551 2581
f 2448 2472 2498
f 2497 2498 2472
f 2497 2527 2498
f 2448 2498 2528
f 2552 2498 2527
f 2499 2528 2498
f 2446 2447 2425
f 2425 2447 2472
f 2104 2078 2133
f 2047 2079 2106
f 2105 2135 2079
f 2135 2106 2079
f 2201 2154 2104
f 2180 2154 2201
f 2104 2154 2134
f 2180 2134 2154
f 2131 2043 2076
f 2044 2077 2017
f 2044 2102 2077
f 2152 2103 2077
f 2152 2077 2102
f 1893 1924 1957
f 1831 1889 1861
f 1862 1861 1889
f 1831 1861 1832
f 1862 1832 1861
f 1919 1862 1954
f 1862 1889 1954
f 1984 1920 1954
f 1919 1954 1920
f 2224 2199 2198
f 2224 2225 2199
f 2225 2179 2199
f 2224 2223 2243
f 2224 2243 2225
f 2262 2263 2243
f 2262 2243 2223
f 2196 2197 2175
f 2150 2175 2197
f 2174 2175 2173
f 2131 2100 2130
f 1421 1420 1445
f 1545 1577 1578
f 1577 1610 1578
f 1735 1545 1578
f 1735 1578 1610
f 1577 1609 1641
f 1701 1641 1672
f 1641 1609 1672
f 1701 1673 1641
f 1674 1643 1673
f 1664 1695 1665
f 1695 1728 1665
f 1664 1665 1634
f 1603 1634 1665
f 2747 2766 2791
f 2766 2789 2791
f 2747 2791 2748
f 2789 2790 2791
f 2864 2863 2890
f 2765 2788 2789
f 2789 2788 2790
f 2765 2745 2787
f 2744 2787 2745
f 2765 2787 2788
f 2817 2788 2787
f 2910 2911 2891
f 2868 2866 2911
f 2936 2912 2911
f 2912 2868 2911
f 3040 3041 3012
f 3012 3041 3064
f 3039 3041 3040
f 3064 3041 3063
f 2989 2959 2988
f 2989 2988 3012
f 3040 3012 2988
f 3118 3088 3117
f 3118 3089 3088
f 3089 3062 3061
f 3039 3062 3041
f 3041 3062 3063
f 2712 2691 2690
f 2811 2838 2859
f 2860 2859 2887
f 2885 2838 2836
f 2837 2836 2838
f 2884 2885 2836
f 2884 2836 2858
f 2809 2836 2837
f 2858 2836 2835
f 2809 2835 2836
f 2884 2907 2885
f 2908 2907 2930
f 2904 2928 2882
f 2953 2954 2928
f 3056 3082 3057
f 3056 3057 3033
f 2931 2957 2932
f 2888 2909 2932
f 2860 2909 2888
f 2860 2887 2909
f 2931 2909 2887
f 2931 2932 2909
f 3039 3038 3062
f 3061 3062 3038
f 3009 2955 2954
f 2908 2930 2955
f 2930 2954 2955
f 2864 2891 2865
f 2864 2865 2843
f 2866 2865 2911
f 2891 2911 2865
f 2866 2844 2865
f 2844 2843 2865
f 2553 2500 2529
f 2529 2500 2473
f 2400 2473 2500
f 2554 2474 2500
f 2400 2500 2474
f 2553 2611 2583
f 2613 2584 2671
f 2613 2671 2632
f 2633 2697 2653
f 2586 2653 2697
f 2633 2653 2556
f 2586 2556 2653
f 2769 2768 2821
f 2768 2792 2821
f 2316 2427 2400
f 2400 2427 2399
f 2315 2289 2368
f 2315 2368 2398
f 2289 2425 2368
f 241 277 200
f 241 276 277
f 278 277 276
f 29 30 16
f 5 16 17
f 5 17 7
f 18 7 17
f 16 30 17
f 164 162 243
f 164 163 162
f 86 52 29
f 86 87 52
f 53 52 87
f 53 30 52
f 29 52 30
f 416 417 382
f 416 488 417
f 488 456 417
f 527 488 487
f 488 455 487
f 526 527 487
f 526 487 486
f 486 487 455
f 743 815 775
f 743 776 703
f 743 775 776
f 192 234 193
f 119 159 197
f 158 159 118
f 119 118 159
f 158 196 159
f 274 240 238
f 274 275 240
f 241 240 275
f 261 219 260
f 326 327 293
f 469 470 433
f 394 433 395
f 395 433 434
f 470 434 433
f 580 581 545
f 581 512 545
f 581 514 512
f 614 615 616
f 617 577 616
f 543 576 577
f 543 542 576
f 577 576 616
f 614 616 576
f 41 66 42
f 41 65 66
f 140 139 178
f 105 142 143
f 105 104 142
f 141 142 104
f 352 285 249
f 321 287 286
f 321 286 320
f 320 286 285
f 250 286 287
f 752 716 751
f 751 716 714
f 752 753 716
f 538 501 500
f 387 388 353
f 389 388 426
f 352 353 319
f 352 319 285
f 320 285 319
f 506 505 540
f 506 468 505
f 504 540 505
f 394 432 433
f 469 433 432
f 506 469 432
f 506 432 468
f 394 359 358
f 290 357 358
f 290 358 359
f 504 505 430
f 468 430 505
f 504 569 540
f 540 569 570
f 568 610 569
f 568 569 539
f 504 503 569
f 539 569 503
f 538 568 502
f 568 539 502
f 538 502 501
f 539 503 502
f 465 501 502
f 465 502 503
f 251 288 252
f 251 287 288
f 755 754 830
f 907 906 945
f 907 867 906
f 991 947 946
f 947 908 946
f 907 946 908
f 793 834 835
f 873 834 872
f 873 835 834
f 870 871 833
f 872 834 871
f 833 871 834
f 870 833 832
f 1037 1036 1106
f 1037 994 1036
f 1068 1035 1067
f 992 1035 1036
f 1068 1104 1035
f 1104 1036 1035
f 912 952 913
f 912 951 952
f 951 997 952
f 953 914 952
f 914 913 952
f 873 874 835
f 835 874 836
f 873 913 874
f 837 874 875
f 837 836 874
f 914 874 913
f 914 875 874
f 719 683 718
f 719 648 683
f 1280 1315 1281
f 1280 1281 1247
f 1317 1282 1316
f 1317 1316 1350
f 1350 1316 1349
f 1349 1316 1315
f 1282 1281 1316
f 1315 1316 1281
f 953 998 999
f 953 952 998
f 997 998 952
f 1042 999 998
f 1041 1042 998
f 1041 998 997
f 950 949 994
f 910 948 949
f 910 949 911
f 950 911 949
f 1106 1107 1070
f 1071 1070 1107
f 996 995 1038
f 996 1038 1039
f 1037 1038 995
f 1037 1106 1038
f 1106 1070 1038
f 1071 1039 1038
f 1071 1038 1070
f 1108 1107 1147
f 1108 1147 1148
f 1184 1147 1183
f 1184 1148 1147
f 992 991 1034
f 991 1033 1034
f 992 1034 1035
f 1067 1034 1033
f 1067 1035 1034
f 302 267 301
f 266 301 267
f 185 146 184
f 144 143 182
f 266 226 265
f 266 265 300
f 593 628 594
f 551 593 594
f 551 594 552
f 527 552 553
f 449 409 448
f 449 375 409
f 374 409 375
f 696 664 663
f 662 695 663
f 696 663 695
f 625 663 664
f 548 588 589
f 589 588 626
f 189 190 151
f 3472 3496 3497
f 3445 3472 3497
f 3473 3445 3497
f 3473 3497 3517
f 3538 3566 3539
f 3567 3539 3566
f 3518 3517 3539
f 3518 3539 3540
f 3567 3540 3539
f 3472 3444 3471
f 3472 3471 3496
f 3292 3237 3266
f 3292 3266 3326
f 3265 3326 3266
f 3211 3131 3183
f 3211 3183 3237
f 3131 3265 3183
f 3356 3385 3357
f 3356 3357 3326
f 3326 3357 3327
f 3211 3184 3267
f 3211 3267 3294
f 3184 3327 3267
f 3358 3357 3359
f 3260 3287 3288
f 3286 3287 3258
f 3286 3320 3287
f 3322 3323 3289
f 3322 3289 3288
f 3323 3290 3289
f 3201 3229 3202
f 3382 3410 3411
f 3382 3381 3410
f 3409 3410 3381
f 3409 3438 3410
f 3350 3380 3351
f 3351 3380 3381
f 3409 3381 3380
f 3409 3380 3407
f 3407 3380 3379
f 3350 3351 3321
f 3350 3321 3320
f 3320 3321 3287
f 3438 3437 3467
f 3438 3467 3494
f 3493 3494 3467
f 4124 4104 4074
f 4104 4089 4074
f 4020 4074 4054
f 3731 4074 3965
f 3965 4074 4020
f 3904 3878 3903
f 3807 3834 3856
f 3807 3856 3808
f 3857 3856 3878
f 3857 3808 3856
f 4112 4099 4085
f 4085 4099 4098
f 4112 4113 4099
f 4035 4036 4015
f 4001 4000 4015
f 4035 4050 4036
f 4053 4087 4072
f 4003 4018 4004
f 4004 4018 4039
f 3936 3977 3917
f 3957 3955 3956
f 4011 4032 4012
f 4011 4031 4032
f 4045 4046 4032
f 4045 4032 4031
f 4046 4047 4033
f 4048 4033 4047
f 4035 4015 4014
f 4000 4014 4015
f 3613 3753 3800
f 3613 3800 3829
f 3828 3872 3846
f 3828 3845 3872
f 3918 3893 3938
f 1418 1382 1344
f 1312 1344 1382
f 1312 1311 1344
f 1343 1344 1311
f 1509 1445 1480
f 1444 1480 1420
f 1420 1480 1445
f 1443 1479 1444
f 1700 1672 1671
f 1379 1380 1343
f 1475 1380 1379
f 1475 1417 1380
f 1418 1344 1381
f 1343 1381 1344
f 1537 1504 1439
f 1570 1474 1504
f 1570 1506 1474
f 1504 1474 1439
f 1471 1503 1472
f 1536 1472 1503
f 1570 1571 1506
f 1570 1572 1571
f 1174 1097 1137
f 1174 1208 1209
f 1174 1137 1208
f 1241 1209 1208
f 1099 1031 1098
f 1099 988 1031
f 904 942 943
f 904 943 864
f 943 865 864
f 827 864 865
f 1273 1203 1202
f 1168 1202 1203
f 1274 1204 1273
f 1273 1204 1203
f 630 670 671
f 631 630 671
f 631 671 703
f 743 741 742
f 1055 1127 1056
f 1196 1127 1126
f 1196 1165 1127
f 859 858 897
f 934 897 858
f 1091 1092 1059
f 934 978 897
f 1091 1090 1131
f 1200 1201 1131
f 1020 1090 1021
f 819 855 856
f 820 856 857
f 934 858 857
f 820 857 858
f 457 419 383
f 384 383 419
f 420 459 421
f 779 746 745
f 746 709 708
f 746 708 745
f 707 745 708
f 600 599 636
f 746 748 709
f 318 351 386
f 318 386 536
f 536 386 424
f 600 560 599
f 787 713 786
f 679 786 713
f 787 642 713
f 679 713 642
f 679 642 641
f 711 712 678
f 679 641 712
f 4010 4030 4031
f 4044 4031 4030
f 3911 3912 3885
f 3884 3911 3885
f 3886 3885 3912
f 3933 3932 3954
f 3934 3935 3914
f 3841 3868 3842
f 3936 3917 3916
f 3608 3633 3656
f 3608 3590 3633
f 3747 3725 3724
f 3793 3748 3747
f 3771 3725 3748
f 3747 3748 3725
f 3771 3748 3794
f 3750 3699 3772
f 3676 3725 3726
f 3750 3795 3773
f 3841 3842 3824
f 3891 3843 3869
f 3797 3796 3825
f 3842 3869 3825
f 3843 3825 3869
f 3835 3859 3836
f 3860 3836 3859
f 3858 3879 3880
f 3858 3880 3859
f 3906 3880 3879
f 3906 3907 3880
f 3810 3783 3809
f 3809 3783 3761
f 3741 3712 3740
f 3741 3740 3761
f 3809 3761 3740
f 3739 3740 3712
f 3762 3763 3742
f 3715 3713 3742
f 3715 3742 3743
f 3764 3742 3763
f 3764 3743 3742
f 3812 3813 3786
f 3814 3813 3861
f 3812 3836 3813
f 3860 3861 3813
f 3860 3813 3836
f 3764 3786 3787
f 3764 3787 3743
f 3814 3788 3787
f 3814 3787 3813
f 3786 3813 3787
f 3716 3787 3717
f 3716 3743 3787
f 3812 3784 3811
f 3812 3786 3784
f 3785 3784 3786
f 3849 3803 3778
f 3756 3778 3803
f 3848 3922 3874
f 3849 3874 3803
f 3922 3803 3874
f 3663 3685 3686
f 3686 3685 3708
f 3663 3684 3685
f 3733 3777 3708
f 3734 3777 3778
f 3684 3707 3685
f 3708 3685 3707
f 3739 3759 3760
f 3809 3740 3760
f 3739 3760 3740
f 3809 3760 3808
f 3807 3808 3760
f 3739 3690 3711
f 3850 3803 3851
f 3922 3851 3803
f 3985 3876 3943
f 4020 3943 3984
f 4020 3986 3943
f 3852 3876 3900
f 4020 4022 4021
f 4020 4040 4022
f 4021 4022 4005
f 3985 3925 3944
f 3944 3925 3986
f 3985 3943 3925
f 3986 3925 3943
f 2374 2346 2403
f 2231 2250 2251
f 2231 2251 2232
f 2270 2232 2251
f 2701 2678 2726
f 2726 2678 2637
f 2701 2727 2702
f 2728 2702 2727
f 2728 2730 2702
f 2703 2702 2730
f 2591 2592 2563
f 2537 2562 2563
f 2562 2591 2563
f 2562 2536 2561
f 2562 2506 2536
f 2535 2561 2536
f 2481 2480 2505
f 2456 2480 2481
f 2456 2455 2480
f 2479 2480 2455
f 2534 2505 2480
f 2479 2534 2480
f 2483 2508 2509
f 2538 2509 2508
f 2927 2981 2982
f 2977 3003 3004
f 3029 3004 3003
f 3029 3030 3004
f 3031 3004 3030
f 3029 3052 3030
f 3055 3054 3080
f 3055 3080 3112
f 3110 3111 3080
f 3111 3112 3080
f 3108 3078 3077
f 3052 3077 3078
f 3110 3079 3137
f 3110 3080 3079
f 3054 3079 3080
f 3187 3161 3214
f 3161 3160 3214
f 3187 3214 3215
f 3215 3214 3242
f 3216 3244 3272
f 3271 3272 3244
f 3304 3273 3303
f 3273 3272 3303
f 3302 3303 3272
f 3304 3303 3335
f 3169 3168 3167
f 3169 3141 3168
f 3167 3168 3140
f 3140 3168 3141
f 3221 3192 3220
f 3221 3193 3192
f 3220 3192 3191
f 3191 3192 3193
f 3037 3059 3060
f 3047 2997 3073
f 3132 3133 3105
f 3161 3162 3135
f 3136 3135 3163
f 3163 3135 3162
f 3544 3705 3682
f 3544 3682 3639
f 3640 3639 3682
f 3640 3682 3683
f 3705 3683 3682
f 3731 3776 3754
f 3731 3754 3683
f 3478 3452 3502
f 3453 3452 3478
f 3451 3452 3421
f 3453 3421 3452
f 3420 3449 3450
f 3449 3418 3450
f 3598 3614 3615
f 3639 3615 3614
f 3544 3614 3598
f 3544 3639 3614
f 3547 3546 3573
f 3616 3547 3573
f 3616 3573 3615
f 3545 3573 3546
f 3545 3598 3573
f 3598 3615 3573
f 3423 3365 3422
f 3453 3505 3422
f 3453 3422 3421
f 3334 3395 3422
f 3395 3421 3422
f 3334 3422 3335
f 3335 3422 3365
f 3394 3393 3392
f 3363 3391 3392
f 3391 3418 3392
f 3332 3392 3393
f 3363 3392 3332
f 3332 3333 3301
f 3332 3393 3333
f 3334 3333 3364
f 3642 3619 3641
f 3737 3735 3736
f 3804 3736 3735
f 3708 3777 3709
f 3734 3709 3777
f 3690 3665 3689
f 3690 3689 3711
f 3688 3689 3665
f 3688 3735 3689
f 3551 3575 3576
f 3601 3576 3575
f 3398 3368 3397
f 3398 3397 3426
f 3425 3426 3397
f 3368 3367 3397
f 3547 3548 3525
f 3526 3548 3549
f 3526 3525 3548
f 2854 2878 2879
f 2901 2879 2878
f 2901 2902 2879
f 2854 2879 2903
f 2903 2879 2902
f 2899 2876 2898
f 2877 2875 2876
f 2919 2972 2973
f 1549 1582 1550
f 1549 1550 1519
f 1650 1649 1682
f 1517 1486 1453
f 1517 1518 1486
f 1519 1486 1518
f 1808 1809 1774
f 1808 1774 1773
f 1808 1839 1809
f 1871 1840 1839
f 1840 1809 1839
f 1704 1705 1677
f 1704 1736 1705
f 1706 1705 1736
f 1515 1546 1547
f 1516 1517 1485
f 1517 1452 1485
f 1516 1485 1451
f 1451 1485 1452
f 1960 1990 1961
f 2021 1961 1990
f 1960 1989 1990
f 1989 2021 1990
f 1992 1930 1991
f 2022 1992 1991
f 2022 1991 1961
f 1960 1961 1929
f 1960 1929 1928
f 1930 1929 1991
f 1961 1991 1929
f 1706 1737 1738
f 1737 1771 1738
f 1771 1772 1738
f 1836 1807 1806
f 1806 1807 1773
f 1740 1708 1739
f 1740 1739 1774
f 1773 1774 1739
f 1708 1738 1739
f 1772 1773 1739
f 1772 1739 1738
f 2851 2828 2850
f 2753 2802 2774
f 2753 2801 2802
f 2895 2802 2724
f 2724 2802 2801
f 2565 2567 2566
f 2565 2566 2539
f 2539 2566 2540
f 2511 2541 2569
f 2568 2569 2541
f 2568 2541 2567
f 2758 2731 2757
f 2731 2756 2757
f 2758 2757 2780
f 2806 2778 2805
f 2755 2778 2756
f 955 919 918
f 879 918 919
f 955 918 954
f 954 918 917
f 795 838 839
f 837 875 838
f 795 837 838
f 875 876 838
f 916 917 877
f 2190 2141 2140
f 2190 2140 2162
f 2055 2026 1995
f 2026 1996 1995
f 1994 1995 1964
f 2055 2025 2054
f 1994 2025 1995
f 2055 1995 2025
f 2023 2053 2024
f 1994 2024 2025
f 2054 2024 2053
f 2054 2025 2024
f 2232 2161 2206
f 2162 2140 2161
f 2140 2112 2161
f 1196 1195 1233
f 1405 1437 1406
f 1405 1406 1366
f 1437 1407 1406
f 1368 1406 1407
f 1166 1199 1129
f 1020 1129 1090
f 1268 1237 1300
f 1236 1300 1237
f 1236 1299 1300
f 1122 1123 1083
f 1231 1266 1267
f 1265 1331 1295
f 1265 1295 1266
f 1365 1295 1331
f 1365 1332 1295
f 1297 1295 1332
f 1013 1014 968
f 1125 1085 1124
f 1124 1085 1054
f 1011 1012 966
f 1053 1012 1011
f 742 814 815
f 892 815 814
f 742 774 814
f 813 814 774
f 892 853 891
f 813 853 814
f 892 814 853
f 925 965 966
f 925 924 965
f 1011 966 965
f 924 964 965
f 1010 965 964
f 768 807 769
f 806 848 807
f 806 847 848
f 811 810 850
f 666 698 667
f 697 698 666
f 592 667 668
f 592 668 593
f 593 668 628
f 669 668 700
f 669 628 668
f 343 344 312
f 343 378 344
f 345 344 380
f 585 584 583
f 583 584 582
f 658 692 659
f 693 659 692
f 583 621 660
f 583 660 622
f 622 660 661
f 621 659 660
f 693 660 659
f 694 661 660
f 693 694 660
f 583 582 620
f 583 620 621
f 658 620 619
f 445 479 480
f 518 480 479
f 521 483 520
f 449 483 521
f 519 520 483
f 519 483 481
f 448 409 447
f 481 483 447
f 843 844 801
f 802 801 844
f 843 801 799
f 800 799 801
f 731 800 801
f 731 801 732
f 731 691 690
f 691 657 690
f 656 690 657
f 882 799 842
f 882 842 881
f 920 881 842
f 920 842 841
f 798 841 842
f 1118 1157 1119
f 1158 1119 1157
f 1118 1117 1157
f 1192 1193 1157
f 1193 1158 1157
f 1192 1157 1156
f 1156 1157 1117
f 1262 1261 1293
f 1426 1392 1425
f 1392 1391 1425
f 1391 1424 1425
f 1426 1425 1452
f 1451 1452 1425
f 1484 1451 1450
f 1451 1425 1450
f 1424 1450 1425
f 1318 1351 1352
f 1318 1352 1319
f 1392 1319 1352
f 1392 1352 1391
f 1489 1490 1458
f 1458 1490 1459
f 1154 1189 1190
f 1154 1153 1189
f 1151 1152 1112
f 1112 1075 1074
f 1043 1074 1075
f 1112 1074 1111
f 1043 1042 1074
f 1042 1073 1074
f 955 956 919
f 955 1003 956
f 919 956 957
f 1004 957 956
f 1004 956 1003
f 1045 1002 1001
f 1077 1002 1045
f 955 1001 1002
f 955 1002 1003
f 1077 1004 1002
f 1004 1003 1002
f 1471 1472 1414
f 1563 1564 1532
f 1563 1532 1531
f 1468 1499 1500
f 1757 1791 1792
f 1759 1757 1792
f 1759 1792 1793
f 2174 2219 2220
f 2221 2220 2219
f 2036 2071 2038
f 1914 1949 1950
f 2036 2009 2070
f 2070 2009 2008
f 2012 1952 1981
f 2098 2129 2099
f 2074 2098 2099
f 2129 2130 2099
f 2100 2099 2130
f 2074 2099 2075
f 2075 2099 2100
f 1829 1885 1886
f 2008 1977 2007
f 1976 2007 1977
f 1842 1811 1841
f 1777 1811 1812
f 1842 1812 1811
f 1810 1841 1811
f 1810 1811 1777
f 1836 1868 1837
f 1868 1869 1837
f 1808 1837 1869
f 1836 1837 1807
f 1808 1773 1837
f 1773 1807 1837
f 1870 1869 1895
f 1870 1895 1929
f 1928 1929 1895
f 1963 1932 1962
f 1931 1962 1932
f 1931 1932 1897
f 1933 1932 1963
f 1933 1897 1932
f 1872 1898 1899
f 1872 1840 1898
f 1933 1899 1898
f 1933 1898 1897
f 1871 1898 1840
f 1931 1896 1930
f 1931 1897 1896
f 1930 1896 1929
f 1870 1896 1871
f 1870 1929 1896
f 1937 1936 1967
f 1902 1901 1936
f 1873 1900 1901
f 1901 1900 1935
f 1873 1899 1900
f 1325 1359 1326
f 1360 1326 1359
f 1325 1326 1290
f 1360 1327 1326
f 1327 1292 1326
f 1225 1259 1260
f 1260 1259 1327
f 1327 1259 1292
f 1881 1853 1852
f 1881 1909 1853
f 1910 1853 1909
f 1910 1882 1853
f 2003 2004 1972
f 3254 3282 3255
f 3254 3255 3227
f 3149 3174 3175
f 3175 3174 3200
f 3257 3258 3230
f 3257 3230 3229
f 3229 3230 3202
f 3201 3200 3228
f 3201 3228 3229
f 3256 3229 3228
f 3256 3228 3255
f 3255 3228 3227
f 3096 3042 3095
f 3096 3095 3123
f 3042 3068 3095
f 3383 3412 3384
f 3383 3411 3412
f 3411 3439 3412
f 3440 3412 3439
f 3324 3353 3355
f 3324 3323 3353
f 3355 3353 3354
f 3352 3353 3323
f 3382 3353 3352
f 3382 3354 3353
f 3326 3264 3325
f 3324 3355 3325
f 3356 3325 3355
f 3356 3326 3325
f 3290 3263 3289
f 3235 3291 3264
f 3324 3291 3290
f 3324 3325 3291
f 3264 3291 3325
f 3205 3206 3180
f 3205 3180 3179
f 3126 3152 3100
f 2533 2657 2477
f 2477 2657 2675
f 2798 2616 2722
f 2616 2824 2722
f 2823 2771 2794
f 2770 2794 2771
f 2823 2794 2845
f 2914 2824 2870
f 2634 2673 2532
f 2751 2773 2656
f 2751 2656 2674
f 2588 2656 2773
f 2588 2504 2656
f 2503 2656 2504
f 2503 2674 2656
f 3744 3768 3745
f 3790 3791 3745
f 3790 3745 3768
f 3770 3746 3769
f 3770 3769 3791
f 3791 3769 3745
f 3790 3817 3791
f 3816 3817 3789
f 3789 3817 3790
f 3454 3481 3482
f 3481 3509 3482
f 3483 3482 3509
f 3644 3665 3645
f 3666 3645 3665
f 3666 3646 3645
f 3691 3713 3714
f 3668 3667 3714
f 3691 3714 3667
f 3715 3714 3713
f 3668 3648 3647
f 3649 3648 3650
f 3624 3604 3603
f 3624 3649 3604
f 3531 3553 3554
f 3579 3554 3553
f 3580 3554 3579
f 3457 3427 3456
f 3427 3426 3456
f 3457 3456 3484
f 3426 3455 3456
f 3403 3432 3433
f 3461 3430 3460
f 3487 3460 3459
f 3429 3459 3460
f 3429 3460 3430
f 3250 3279 3251
f 3312 3279 3311
f 3250 3311 3279
f 3432 3402 3431
f 3461 3431 3430
f 3343 3373 3344
f 3430 3431 3401
f 3402 3401 3431
f 3436 3405 3435
f 3404 3435 3405
f 3404 3434 3435
f 3436 3466 3437
f 3437 3466 3467
f 3377 3379 3378
f 3377 3378 3349
f 3350 3349 3378
f 3562 3536 3511
f 3512 3511 3536
f 3490 3535 3511
f 3560 3584 3561
f 3562 3511 3561
f 3535 3561 3511
f 3669 3670 3652
f 3671 3652 3670
f 3669 3652 3651
f 2416 2389 2388
f 2439 2464 2465
f 2439 2414 2464
f 2414 2438 2464
f 2490 2465 2464
f 2490 2464 2489
f 2413 2437 2438
f 2382 2437 2413
f 2382 2412 2437
f 2436 2437 2412
f 2358 2331 2357
f 2356 2386 2357
f 2312 2311 2339
f 2365 2340 2339
f 2312 2339 2340
f 2365 2339 2364
f 2311 2364 2339
f 2311 2338 2364
f 2337 2338 2310
f 2337 2363 2338
f 2363 2364 2338
f 2716 2714 2715
f 2716 2693 2714
f 2692 2714 2693
f 2649 2610 2648
f 2580 2610 2581
f 2649 2581 2610
f 2580 2609 2610
f 2630 2610 2609
f 2630 2648 2610
f 2549 2550 2523
f 2524 2523 2550
f 2469 2443 2420
f 2469 2470 2443
f 2444 2443 2470
f 2326 2299 2325
f 2300 2299 2326
f 2300 2275 2299
f 2298 2299 2274
f 2298 2325 2299
f 2274 2299 2275
f 2684 2708 2685
f 2709 2708 2737
f 2709 2686 2708
f 2685 2708 2686
f 2736 2737 2708
f 2684 2707 2708
f 2736 2708 2707
f 2710 2687 2686
f 2710 2739 2687
f 2711 2687 2739
f 2782 2783 2762
f 2738 2737 2762
f 2782 2762 2737
f 2783 2763 2762
f 2738 2762 2763
f 2781 2761 2760
f 2782 2761 2781
f 2782 2737 2761
f 2736 2761 2737
f 2736 2707 2735
f 2736 2735 2761
f 2760 2761 2735
f 2734 2760 2735
f 2706 2734 2735
f 2706 2735 2707
f 2806 2855 2856
f 2880 2881 2856
f 2880 2856 2903
f 2903 2856 2855
f 2857 2834 2881
f 2857 2835 2834
f 2644 2666 2667
f 2644 2667 2645
f 2690 2667 2689
f 2711 2741 2689
f 2741 2690 2689
f 2688 2687 2689
f 2711 2689 2687
f 2813 2784 2763
f 2814 2740 2784
f 2814 2784 2813
f 2642 2665 2643
f 2642 2643 2628
f 2644 2629 2628
f 2603 2628 2629
f 2644 2645 2629
f 2604 2575 2574
f 2603 2574 2573
f 2604 2574 2629
f 2603 2629 2574
f 2548 2576 2577
f 2605 2577 2576
f 2575 2576 2520
f 2548 2520 2576
f 2521 2520 2548
f 2575 2547 2574
f 2575 2520 2518
f 2490 2489 2518
f 2489 2517 2518
f 2575 2518 2547
f 2517 2547 2518
f 2489 2488 2517
f 2525 2526 2496
f 2525 2581 2526
f 2581 2551 2526
f 2497 2526 2551
f 2497 2472 2526
f 2496 2526 2472
f 2525 2496 2471
f 2525 2471 2494
f 2495 2494 2471
f 2104 2153 2179
f 2104 2133 2153
f 2179 2153 2199
f 2105 2046 2078
f 2105 2079 2046
f 2047 2019 2079
f 2079 2019 2046
f 1958 2019 2047
f 1958 1957 2019
f 2041 2076 2042
f 2076 2043 2042
f 2131 2101 2043
f 2131 2132 2101
f 2132 2102 2101
f 2044 2101 2102
f 1891 1955 1922
f 2044 2017 1922
f 1955 2016 1922
f 2044 1922 2016
f 1892 1923 1924
f 1891 1923 1892
f 1891 1922 1923
f 2017 1923 1922
f 1953 1918 1952
f 1953 1954 1918
f 1889 1918 1954
f 1888 1918 1889
f 1984 1954 1983
f 1953 1983 1954
f 1953 2014 1983
f 1984 1983 2041
f 2041 1983 2014
f 1832 1767 1703
f 1735 1703 1767
f 1735 1768 1769
f 1735 1767 1768
f 1832 1768 1767
f 2198 2199 2178
f 2152 2178 2153
f 2152 2177 2178
f 2199 2153 2178
f 2129 2149 2130
f 2150 2130 2149
f 2150 2149 2175
f 2148 2173 2149
f 2173 2175 2149
f 1701 1734 1802
f 1700 1734 1672
f 1701 1672 1734
f 1700 1764 1734
f 1670 1699 1671
f 1700 1699 1764
f 1700 1671 1699
f 1701 1802 1766
f 1701 1766 1673
f 1802 1803 1766
f 1831 1832 1766
f 1831 1766 1803
f 1832 1703 1766
f 1675 1674 1766
f 1674 1673 1766
f 1570 1603 1635
f 1603 1665 1635
f 1728 1635 1665
f 2820 2767 2791
f 2792 2767 2821
f 2748 2767 2792
f 2748 2791 2767
f 2820 2844 2767
f 2841 2818 2817
f 2817 2818 2788
f 2840 2817 2816
f 2817 2787 2816
f 3118 3090 3089
f 3064 3063 3090
f 3089 3090 3062
f 3063 3062 3090
f 3091 3064 3090
f 3117 3088 3087
f 3089 3061 3087
f 3089 3087 3088
f 3116 3087 3086
f 3116 3145 3087
f 2744 2715 2743
f 2630 2647 2669
f 2692 2630 2669
f 2692 2669 2691
f 2885 2886 2838
f 2838 2886 2859
f 2908 2887 2886
f 2887 2859 2886
f 2908 2886 2907
f 2885 2907 2886
f 2811 2812 2783
f 2811 2859 2812
f 2860 2812 2859
f 2884 2906 2907
f 2904 2927 2952
f 2904 2952 2928
f 2927 2982 2952
f 2953 2928 2952
f 2953 2984 2954
f 3009 2954 2984
f 2930 2929 2954
f 2928 2954 2929
f 2930 2907 2929
f 2907 2906 2929
f 3082 3114 3083
f 3082 3083 3057
f 3085 3083 3115
f 3114 3115 3083
f 2931 2956 2957
f 3010 2985 2956
f 2957 2956 2985
f 2401 2291 2267
f 2401 2370 2291
f 2317 2268 2291
f 2401 2474 2450
f 2401 2450 2370
f 2501 2370 2450
f 2554 2450 2474
f 2501 2428 2370
f 2429 2587 2532
f 2634 2532 2587
f 2634 2587 2614
f 2584 2612 2671
f 2554 2583 2612
f 2554 2612 2584
f 2672 2632 2652
f 2632 2671 2652
f 2672 2652 2748
f 2748 2652 2696
f 2695 2696 2652
f 2695 2652 2671
f 2475 2585 2530
f 2613 2632 2585
f 2555 2613 2585
f 2632 2530 2585
f 2475 2530 2452
f 2586 2502 2452
f 2475 2452 2402
f 2769 2821 2822
f 2769 2822 2793
f 2316 2369 2427
f 2399 2427 2369
f 2315 2369 2316
f 2315 2399 2369
f 121 85 120
f 121 84 85
f 119 120 85
f 119 85 84
f 53 55 31
f 53 31 30
f 30 31 17
f 18 17 31
f 128 126 127
f 164 243 203
f 161 201 162
f 88 87 124
f 162 124 87
f 162 163 124
f 382 417 418
f 456 418 417
f 457 418 456
f 382 418 383
f 457 383 418
f 892 816 815
f 815 816 775
f 488 489 456
f 457 456 489
f 556 555 554
f 530 529 555
f 556 530 555
f 238 240 239
f 198 197 239
f 293 327 258
f 257 293 258
f 217 216 258
f 257 258 216
f 506 573 541
f 360 361 325
f 326 325 361
f 580 544 578
f 580 545 544
f 543 578 544
f 614 576 575
f 542 575 576
f 509 575 542
f 178 139 177
f 220 178 177
f 220 177 219
f 219 177 176
f 140 103 102
f 140 102 139
f 101 102 66
f 101 139 102
f 179 221 222
f 263 223 222
f 262 222 221
f 263 222 262
f 714 716 715
f 682 715 717
f 682 681 715
f 753 717 715
f 753 715 716
f 389 354 388
f 353 388 354
f 355 320 354
f 355 354 389
f 320 319 354
f 353 354 319
f 394 431 432
f 468 432 431
f 394 358 431
f 465 503 467
f 504 430 467
f 504 467 503
f 321 322 287
f 287 322 288
f 323 288 322
f 754 791 830
f 755 792 718
f 833 792 832
f 793 792 834
f 833 834 792
f 755 830 831
f 870 832 831
f 1106 1069 1105
f 1106 1036 1069
f 1104 1105 1069
f 1104 1069 1036
f 994 993 1036
f 992 1036 993
f 947 993 948
f 992 993 991
f 991 993 947
f 1215 1247 1248
f 1247 1281 1248
f 1282 1248 1281
f 1317 1248 1282
f 1215 1248 1249
f 1317 1249 1248
f 1107 1146 1147
f 1106 1146 1107
f 1106 1145 1146
f 1145 1182 1146
f 332 365 366
f 332 331 365
f 364 365 331
f 364 401 365
f 332 366 333
f 183 184 145
f 146 145 184
f 223 264 224
f 629 595 594
f 552 594 595
f 630 553 595
f 629 630 595
f 552 595 553
f 625 587 624
f 587 586 624
f 662 663 624
f 625 624 663
f 662 623 622
f 662 624 623
f 586 623 624
f 585 623 586
f 585 622 623
f 585 586 546
f 518 517 546
f 585 546 517
f 189 230 231
f 232 190 231
f 189 231 190
f 189 150 188
f 189 188 230
f 187 188 150
f 187 229 188
f 230 188 229
f 230 270 231
f 339 370 371
f 406 407 371
f 372 371 407
f 444 479 405
f 406 405 479
f 443 405 369
f 444 405 443
f 369 405 370
f 339 338 370
f 3571 3636 3611
f 3611 3636 3659
f 3775 3752 3798
f 3681 3661 3703
f 3613 3638 3661
f 3613 3661 3681
f 3681 3730 3704
f 3681 3703 3730
f 3828 3753 3730
f 3753 3704 3730
f 3775 3729 3752
f 3538 3539 3516
f 3496 3515 3516
f 3538 3516 3515
f 3517 3516 3539
f 3517 3497 3516
f 3496 3516 3497
f 3415 3442 3443
f 3470 3471 3443
f 3327 3293 3267
f 3358 3293 3357
f 3327 3357 3293
f 3211 3294 3295
f 3328 3238 3295
f 3211 3295 3238
f 3260 3259 3287
f 3258 3287 3259
f 3260 3232 3259
f 3150 3177 3151
f 2942 3043 2967
f 2826 2967 3043
f 3019 3043 2942
f 3019 3069 3043
f 3126 3071 3044
f 3126 3100 3071
f 2970 3102 3022
f 3126 3125 3152
f 3151 3152 3125
f 3151 3125 3070
f 3069 3097 3098
f 3097 3151 3098
f 3151 3070 3098
f 4041 4055 4089
f 4089 4055 4074
f 4041 4023 4055
f 4054 4055 4023
f 4054 4074 4055
f 3968 3948 3926
f 3948 3927 3926
f 3903 3926 3927
f 4025 3990 4024
f 4048 4049 4033
f 3964 3982 4004
f 3964 3942 3982
f 4003 4004 3982
f 4003 3982 3981
f 4072 4087 4100
f 4115 4100 4114
f 4114 4100 4113
f 3959 3937 3977
f 3917 3977 3937
f 3959 3938 3937
f 3917 3937 3938
f 3895 3896 3873
f 3921 3847 3896
f 3847 3829 3896
f 3829 3873 3896
f 3895 3872 3894
f 3918 3939 3894
f 3938 3893 3892
f 3917 3938 3892
f 3891 3916 3892
f 3917 3892 3916
f 1444 1479 1508
f 1444 1508 1480
f 1443 1442 1479
f 1418 1442 1382
f 1608 1575 1607
f 1670 1671 1639
f 1609 1640 1672
f 1672 1640 1671
f 1671 1640 1639
f 1576 1640 1609
f 1608 1639 1640
f 1543 1608 1640
f 1576 1543 1640
f 1241 1310 1341
f 1341 1310 1342
f 1416 1310 1378
f 1379 1342 1310
f 1475 1379 1310
f 1475 1310 1416
f 1338 1238 1306
f 1537 1439 1473
f 1374 1472 1473
f 1438 1473 1439
f 1374 1373 1472
f 1372 1414 1373
f 1472 1373 1414
f 1137 1172 1173
f 1173 1172 1206
f 1206 1172 1095
f 943 987 988
f 943 942 987
f 904 903 941
f 904 941 942
f 942 941 985
f 827 826 864
f 1271 1272 1201
f 1201 1272 1202
f 1273 1202 1272
f 1168 1203 1169
f 1168 1169 1093
f 743 703 702
f 703 671 702
f 743 702 741
f 669 740 701
f 669 701 670
f 740 741 701
f 670 701 671
f 671 701 702
f 741 702 701
f 1055 1086 1127
f 1126 1127 1086
f 1055 1054 1086
f 1054 1085 1086
f 1055 1015 1014
f 1019 973 1018
f 1236 1197 1235
f 1236 1198 1197
f 1196 1197 1165
f 1056 1127 1087
f 1127 1165 1087
f 859 897 935
f 859 821 858
f 859 822 821
f 1091 1132 1092
f 1091 1131 1132
f 1201 1132 1131
f 1059 1092 1024
f 1168 1093 1024
f 1168 1024 1092
f 854 855 818
f 819 818 855
f 384 419 458
f 492 458 419
f 457 491 419
f 530 491 529
f 457 489 491
f 492 419 491
f 494 460 459
f 421 459 460
f 494 459 493
f 492 493 459
f 494 493 531
f 530 531 493
f 492 491 493
f 530 493 491
f 600 675 602
f 823 782 822
f 600 602 601
f 603 562 601
f 602 638 601
f 603 601 638
f 424 423 462
f 351 422 386
f 421 422 351
f 421 423 422
f 641 640 712
f 678 712 640
f 533 534 535
f 533 535 496
f 827 865 785
f 787 785 865
f 787 786 785
f 641 642 564
f 787 536 564
f 787 564 642
f 677 710 678
f 711 678 710
f 677 709 710
f 709 748 710
f 711 749 712
f 748 782 749
f 748 749 710
f 711 710 749
f 679 750 786
f 679 712 750
f 784 785 750
f 786 750 785
f 712 749 750
f 3931 3930 3952
f 3951 3952 3930
f 3951 3971 3952
f 3971 3972 3952
f 3995 3973 3972
f 4010 3973 3995
f 4010 3995 4009
f 4010 4009 4030
f 3837 3863 3864
f 3884 3864 3863
f 3884 3885 3864
f 3933 3913 3932
f 3933 3934 3913
f 3934 3912 3913
f 3934 3887 3886
f 3934 3914 3887
f 3867 3866 3887
f 3886 3887 3866
f 3889 3868 3888
f 3867 3887 3888
f 3914 3888 3887
f 3936 3916 3915
f 3914 3915 3888
f 3538 3588 3566
f 3565 3588 3514
f 3586 3587 3565
f 3565 3587 3588
f 3606 3588 3587
f 3586 3630 3631
f 3586 3631 3587
f 3606 3587 3631
f 3747 3723 3746
f 3747 3724 3723
f 3654 3723 3724
f 3725 3697 3724
f 3656 3697 3675
f 3676 3675 3697
f 3676 3697 3725
f 3791 3817 3819
f 3792 3791 3819
f 3792 3819 3820
f 3793 3792 3821
f 3792 3820 3821
f 3677 3658 3636
f 3659 3636 3658
f 3796 3773 3823
f 3795 3823 3773
f 3796 3823 3824
f 3795 3822 3823
f 3891 3890 3916
f 3889 3890 3869
f 3891 3869 3890
f 3916 3890 3915
f 3860 3859 3881
f 3859 3880 3881
f 3907 3881 3880
f 3882 3860 3881
f 3788 3765 3787
f 3717 3787 3765
f 3717 3765 3767
f 3766 3767 3765
f 3850 3832 3803
f 3756 3803 3832
f 3733 3755 3732
f 3732 3755 3707
f 3733 3708 3755
f 3708 3707 3755
f 3733 3776 3801
f 3733 3801 3777
f 3848 3874 3831
f 3849 3831 3874
f 3848 3831 3776
f 3776 3831 3802
f 3807 3760 3782
f 3759 3782 3760
f 3737 3736 3738
f 3759 3738 3736
f 3739 3738 3759
f 3739 3711 3738
f 3875 3851 3898
f 3923 3875 3898
f 3923 3898 3922
f 3922 3898 3851
f 3984 3943 3924
f 3965 3924 3899
f 3965 3984 3924
f 3944 3945 3900
f 3966 3945 3944
f 3966 3946 3945
f 3901 3900 3945
f 3901 3945 3946
f 3966 3987 3946
f 3966 4005 3987
f 4006 3987 4005
f 3988 3987 4006
f 3988 3947 3987
f 3946 3987 3947
f 2318 2343 2344
f 2372 2344 2343
f 2374 2404 2405
f 2374 2403 2404
f 2292 2269 2252
f 2270 2252 2269
f 2270 2251 2252
f 2318 2294 2293
f 2318 2293 2343
f 2292 2343 2293
f 2292 2293 2269
f 2565 2595 2596
f 2623 2595 2622
f 2623 2596 2595
f 2623 2622 2621
f 2622 2620 2621
f 2637 2678 2659
f 2564 2563 2593
f 2592 2593 2563
f 2618 2619 2593
f 2618 2593 2592
f 2953 2983 2984
f 2953 2952 2983
f 2982 2983 2952
f 3007 3033 3034
f 3033 3057 3034
f 3001 2976 2950
f 3052 3078 3053
f 3052 3053 3030
f 3031 3053 3054
f 3031 3030 3053
f 3078 3109 3079
f 3136 3109 3078
f 3136 3137 3109
f 3137 3079 3109
f 3240 3241 3213
f 3269 3298 3241
f 3299 3241 3298
f 3269 3241 3240
f 3299 3242 3241
f 3242 3214 3241
f 3160 3241 3214
f 3216 3188 3245
f 3216 3245 3244
f 2997 3104 3073
f 2917 3132 3104
f 2917 3104 2997
f 2999 3024 3025
f 3047 3025 3024
f 3047 3048 3025
f 3732 3706 3776
f 3776 3706 3754
f 3684 3683 3706
f 3683 3754 3706
f 3391 3502 3477
f 3449 3419 3418
f 3418 3419 3392
f 3394 3392 3419
f 3641 3619 3618
f 3600 3617 3618
f 3617 3641 3618
f 3601 3600 3618
f 3601 3618 3619
f 3644 3643 3664
f 3688 3687 3709
f 3686 3687 3664
f 3688 3664 3687
f 3686 3708 3687
f 3708 3709 3687
f 3711 3689 3710
f 3737 3710 3735
f 3735 3710 3689
f 3552 3551 3577
f 3552 3577 3578
f 3551 3576 3577
f 3616 3599 3547
f 3547 3599 3548
f 2875 2830 2852
f 2875 2852 2876
f 2898 2876 2852
f 2919 2973 2947
f 3023 2998 2948
f 2949 2973 2948
f 1551 1583 1584
f 1551 1550 1583
f 1582 1583 1550
f 1647 1617 1616
f 1648 1617 1647
f 1549 1581 1582
f 1615 1616 1581
f 1582 1581 1617
f 1616 1617 1581
f 1453 1454 1427
f 1453 1486 1454
f 1519 1520 1486
f 1712 1711 1743
f 1712 1682 1711
f 1740 1709 1708
f 1708 1709 1679
f 1740 1741 1709
f 1710 1709 1741
f 1706 1707 1705
f 1678 1645 1707
f 1706 1738 1707
f 1708 1707 1738
f 1615 1580 1614
f 1615 1547 1580
f 1614 1580 1546
f 1546 1580 1547
f 2775 2774 2829
f 2774 2828 2829
f 2851 2829 2828
f 2851 2852 2829
f 2830 2829 2852
f 2774 2802 2849
f 2850 2828 2849
f 2774 2849 2828
f 2895 2850 2849
f 2895 2849 2802
f 2755 2777 2778
f 2775 2776 2777
f 2775 2777 2754
f 2755 2754 2777
f 2756 2779 2757
f 2756 2778 2779
f 2806 2779 2778
f 2806 2807 2779
f 2807 2757 2779
f 2084 2114 2141
f 2141 2114 2140
f 2140 2114 2112
f 2055 2113 2084
f 2055 2054 2113
f 2084 2113 2114
f 2112 2114 2113
f 2232 2188 2161
f 2159 2187 2160
f 2187 2206 2160
f 2206 2161 2160
f 1020 974 1019
f 1019 974 973
f 892 930 894
f 1297 1233 1232
f 1233 1195 1232
f 1231 1267 1232
f 1297 1232 1267
f 1125 1124 1163
f 1332 1366 1367
f 1333 1332 1367
f 1366 1406 1367
f 1333 1367 1368
f 1368 1367 1406
f 1020 1019 1089
f 1020 1089 1129
f 1200 1130 1199
f 1199 1130 1129
f 1090 1129 1130
f 1200 1131 1130
f 1090 1130 1131
f 1053 1084 1124
f 1124 1084 1123
f 1053 1083 1084
f 1083 1123 1084
f 1266 1296 1267
f 1266 1295 1296
f 1297 1267 1296
f 1297 1296 1295
f 927 967 968
f 1013 968 967
f 927 926 967
f 811 773 772
f 740 773 774
f 811 850 852
f 927 889 926
f 927 890 889
f 697 736 698
f 696 736 697
f 735 736 696
f 735 768 736
f 768 769 736
f 444 478 479
f 518 479 478
f 518 478 517
f 446 481 408
f 481 447 408
f 446 408 407
f 409 408 447
f 373 407 408
f 448 447 482
f 483 482 447
f 449 448 482
f 449 482 483
f 728 763 764
f 800 764 799
f 799 764 842
f 1192 1191 1227
f 1192 1227 1228
f 1226 1261 1227
f 1191 1226 1227
f 1262 1227 1261
f 1252 1217 1251
f 1252 1218 1217
f 1183 1217 1218
f 1183 1216 1217
f 1284 1251 1250
f 1284 1250 1283
f 1283 1250 1249
f 1249 1250 1216
f 1489 1522 1490
f 1489 1552 1522
f 1552 1553 1522
f 1523 1490 1522
f 1523 1522 1554
f 1553 1554 1522
f 1190 1189 1224
f 1258 1259 1224
f 1112 1152 1113
f 1114 1076 1113
f 1112 1113 1075
f 1076 1075 1113
f 1411 1336 1371
f 1271 1304 1272
f 1200 1199 1269
f 1268 1269 1199
f 1411 1412 1336
f 1303 1336 1412
f 1499 1501 1500
f 1534 1502 1501
f 1502 1500 1501
f 1411 1410 1469
f 1468 1469 1410
f 1468 1500 1469
f 1698 1669 1732
f 1637 1669 1607
f 2073 2072 2071
f 2071 2072 2038
f 2073 2039 2072
f 2039 2038 2072
f 1914 1915 1887
f 1914 1950 1915
f 1888 1887 1915
f 1949 1978 1979
f 1980 1950 1979
f 1949 1979 1950
f 1978 2009 1979
f 2036 2011 2009
f 1854 1883 1855
f 1854 1855 1826
f 1967 1936 1966
f 1998 1966 1997
f 1998 1967 1966
f 1965 1966 1935
f 1965 1997 1966
f 1292 1291 1326
f 1258 1257 1291
f 1257 1290 1291
f 1290 1326 1291
f 1823 1852 1824
f 1852 1853 1824
f 1823 1824 1791
f 1791 1824 1792
f 2004 1973 1972
f 1942 1972 1973
f 1943 1973 1974
f 1943 1942 1973
f 3255 3282 3283
f 3284 3256 3283
f 3256 3255 3283
f 3197 3198 3199
f 3200 3199 3228
f 3227 3228 3199
f 3440 3413 3412
f 3384 3412 3413
f 3385 3384 3413
f 3385 3413 3414
f 3442 3386 3414
f 3357 3386 3359
f 3387 3359 3386
f 3442 3387 3386
f 2796 2721 2772
f 2795 2796 2772
f 2824 2797 2870
f 2675 2657 2797
f 2823 2869 2892
f 2796 2892 2870
f 2823 2892 2796
f 2749 2655 2673
f 2557 2655 2720
f 2557 2532 2655
f 2532 2673 2655
f 3644 3645 3621
f 3644 3621 3643
f 3602 3643 3621
f 3578 3577 3621
f 3602 3621 3577
f 3715 3716 3692
f 3648 3692 3650
f 3668 3692 3648
f 3649 3650 3625
f 3649 3625 3604
f 3559 3557 3605
f 3583 3605 3557
f 3400 3371 3399
f 3400 3372 3371
f 3340 3370 3371
f 3370 3399 3371
f 3340 3371 3372
f 3434 3433 3463
f 3434 3463 3464
f 3462 3489 3463
f 3489 3464 3463
f 3278 3310 3311
f 3309 3310 3277
f 3278 3277 3310
f 3309 3341 3310
f 3341 3372 3342
f 3400 3342 3372
f 3341 3342 3310
f 3311 3310 3342
f 3492 3466 3491
f 3490 3511 3491
f 2359 2333 2332
f 2358 2359 2332
f 2358 2332 2331
f 2306 2305 2332
f 2305 2331 2332
f 2359 2360 2333
f 2416 2388 2415
f 2439 2440 2415
f 2439 2415 2386
f 2571 2543 2570
f 2609 2579 2608
f 2580 2579 2609
f 2549 2548 2579
f 2807 2834 2808
f 2780 2757 2808
f 2807 2808 2757
f 2835 2808 2834
f 2809 2780 2808
f 2809 2808 2835
f 2807 2833 2834
f 2806 2833 2807
f 2806 2856 2833
f 2881 2833 2856
f 2881 2834 2833
f 2690 2668 2667
f 2667 2668 2645
f 2605 2606 2577
f 2605 2645 2606
f 2646 2606 2668
f 2645 2668 2606
f 2491 2519 2521
f 2521 2519 2520
f 2520 2519 2518
f 2487 2514 2515
f 2487 2515 2488
f 2517 2488 2515
f 2487 2488 2462
f 2436 2462 2437
f 2438 2437 2463
f 2489 2463 2488
f 1957 1924 1956
f 1924 1923 1956
f 1985 2015 2042
f 1984 2041 2015
f 2041 2042 2015
f 2043 2016 1986
f 2043 1986 2042
f 1985 2042 1986
f 1921 1986 1955
f 1955 1986 2016
f 1921 1985 1986
f 1888 1917 1918
f 1952 1918 1917
f 1952 1917 1981
f 2012 2039 2013
f 2012 2013 1952
f 2041 2040 2075
f 2041 2014 2040
f 2039 2040 2013
f 1769 1768 1833
f 1802 1734 1765
f 1764 1765 1734
f 1829 1800 1799
f 1829 1801 1800
f 1764 1800 1765
f 1801 1765 1800
f 1675 1766 1702
f 1703 1702 1766
f 1735 1675 1702
f 1735 1702 1703
f 1570 1666 1572
f 1570 1635 1666
f 2712 2713 2691
f 2715 2714 2713
f 2715 2713 2743
f 2712 2741 2742
f 2712 2742 2713
f 2743 2713 2742
f 2814 2742 2741
f 2815 2816 2786
f 2787 2786 2816
f 2884 2858 2883
f 2884 2883 2906
f 2857 2883 2858
f 2857 2882 2883
f 3039 3011 3038
f 3010 3011 2985
f 2957 2986 2958
f 2957 2985 2986
f 2430 2317 2371
f 2430 2371 2402
f 2475 2371 2451
f 2475 2402 2371
f 2429 2453 2587
f 2430 2453 2429
f 2430 2402 2453
f 18 31 54
f 55 54 31
f 126 125 127
f 164 125 163
f 248 284 318
f 318 284 317
f 280 314 315
f 384 315 383
f 314 383 315
f 384 349 315
f 206 205 207
f 162 202 243
f 162 201 202
f 201 242 202
f 854 818 817
f 819 817 818
f 776 817 777
f 819 777 817
f 706 777 744
f 635 673 636
f 556 631 596
f 556 557 530
f 556 596 557
f 597 557 596
f 527 528 488
f 554 528 553
f 527 553 528
f 217 258 218
f 217 218 219
f 327 218 258
f 327 294 218
f 330 363 364
f 330 329 363
f 398 399 363
f 398 363 329
f 574 507 541
f 469 507 470
f 506 507 469
f 506 541 507
f 360 396 361
f 360 395 396
f 395 434 396
f 512 511 545
f 545 511 544
f 512 474 511
f 512 514 513
f 514 476 513
f 514 441 440
f 514 440 476
f 439 440 401
f 176 177 138
f 139 138 177
f 101 138 139
f 175 176 138
f 68 67 103
f 103 67 102
f 66 102 67
f 68 42 67
f 42 66 67
f 179 180 141
f 141 180 142
f 179 222 180
f 468 393 430
f 468 431 393
f 355 356 321
f 321 356 322
f 830 791 868
f 907 868 867
f 719 718 756
f 718 792 756
f 719 756 720
f 870 831 869
f 909 869 908
f 909 870 869
f 907 908 869
f 907 869 868
f 364 400 401
f 364 363 400
f 399 400 363
f 403 367 366
f 368 335 367
f 226 225 265
f 341 305 339
f 339 305 338
f 303 337 338
f 369 370 337
f 370 338 337
f 3637 3700 3660
f 3595 3660 3612
f 3637 3660 3595
f 3637 3678 3700
f 3659 3699 3678
f 3750 3678 3699
f 3750 3700 3678
f 3700 3727 3660
f 3541 3592 3570
f 3541 3569 3592
f 3591 3592 3569
f 3591 3610 3592
f 3703 3799 3730
f 3703 3729 3799
f 3775 3799 3729
f 3775 3828 3799
f 3828 3730 3799
f 3470 3443 3441
f 3414 3413 3441
f 3440 3441 3413
f 3205 3233 3206
f 3205 3232 3233
f 3289 3263 3262
f 3234 3262 3263
f 3234 3261 3262
f 3260 3288 3262
f 3288 3289 3262
f 3260 3262 3261
f 3150 3176 3177
f 3202 3177 3176
f 3150 3175 3176
f 3201 3176 3175
f 3201 3202 3176
f 3152 3178 3179
f 3151 3178 3152
f 3151 3177 3178
f 2826 3043 2968
f 2800 2826 2968
f 2800 2968 2943
f 3044 3071 2969
f 2916 2969 3071
f 2970 2969 2916
f 2800 2943 2848
f 2970 2800 2848
f 2970 2848 2827
f 3044 2848 2943
f 3044 2827 2848
f 3180 3153 3179
f 3130 3022 3103
f 3130 3103 3155
f 3070 3099 3098
f 3126 3099 3125
f 3070 3125 3099
f 3126 3044 3099
f 3990 4007 4024
f 3988 4007 3989
f 3988 4056 4007
f 4056 4024 4007
f 4057 4042 4056
f 4056 4042 4024
f 4057 4025 4042
f 4025 4024 4042
f 3901 3854 3853
f 3901 3853 3900
f 3852 3900 3853
f 3834 3853 3854
f 3901 3877 3854
f 4068 4050 4067
f 4084 4067 4066
f 4084 4068 4067
f 4068 4037 4050
f 4036 4050 4037
f 4087 4086 4100
f 4098 4099 4086
f 4039 4018 4038
f 3957 3976 3958
f 3957 3958 3935
f 4033 4049 4034
f 4035 4034 4049
f 4014 4013 4034
f 4035 4014 4034
f 4000 3999 4014
f 4000 3979 3999
f 4014 3999 4013
f 3959 3977 3978
f 3959 3978 3979
f 3979 3978 3999
f 3977 3958 3978
f 3959 3960 3938
f 3959 3979 3960
f 3918 3938 3960
f 3918 3960 3939
f 3895 3920 3896
f 3895 3940 3920
f 3921 3920 3941
f 3921 3896 3920
f 3843 3870 3844
f 3893 3870 3892
f 3891 3870 3843
f 3891 3892 3870
f 3775 3827 3845
f 3845 3827 3844
f 3775 3798 3827
f 3798 3844 3827
f 3843 3844 3826
f 3797 3825 3826
f 3843 3826 3825
f 3798 3826 3844
f 3845 3871 3872
f 3872 3871 3894
f 3845 3844 3871
f 3918 3871 3893
f 3918 3894 3871
f 1542 1541 1574
f 1542 1574 1575
f 1575 1574 1607
f 1416 1378 1377
f 1340 1339 1375
f 1338 1306 1339
f 1374 1375 1339
f 1374 1339 1306
f 1374 1306 1337
f 1374 1337 1373
f 1173 1206 1240
f 1307 1240 1338
f 1094 1136 1095
f 1137 1096 1172
f 1137 1097 1096
f 988 1030 1031
f 988 987 1030
f 1098 1031 1030
f 1098 1030 1097
f 1029 1097 1030
f 1029 1030 987
f 1029 987 986
f 942 986 987
f 942 985 986
f 985 1027 986
f 862 863 826
f 864 826 863
f 904 863 903
f 904 864 863
f 1017 1016 1056
f 1055 1056 1016
f 970 1015 1016
f 1055 1016 1015
f 930 929 971
f 929 970 971
f 1017 971 1016
f 970 1016 971
f 927 928 890
f 927 968 928
f 891 928 929
f 891 890 928
f 1017 1057 1018
f 1019 1018 1057
f 973 972 1018
f 1017 1018 972
f 1017 972 971
f 930 971 972
f 1166 1128 1165
f 1088 1087 1128
f 1165 1128 1087
f 1166 1129 1128
f 1088 1128 1089
f 1129 1089 1128
f 1092 1132 1133
f 1168 1092 1133
f 1091 1058 1090
f 529 491 490
f 489 490 491
f 529 490 528
f 421 495 423
f 421 460 495
f 533 496 495
f 533 495 460
f 494 532 460
f 533 460 532
f 558 599 532
f 599 560 532
f 859 860 822
f 823 822 860
f 897 936 935
f 979 936 978
f 897 978 936
f 600 636 674
f 600 674 675
f 636 673 674
f 708 675 674
f 707 708 674
f 707 674 673
f 779 747 746
f 779 780 747
f 746 747 748
f 748 747 780
f 822 782 781
f 822 781 821
f 709 676 708
f 677 676 709
f 708 676 675
f 677 638 676
f 562 561 601
f 534 560 561
f 600 561 560
f 600 601 561
f 496 462 461
f 423 461 462
f 496 461 495
f 423 495 461
f 603 639 640
f 678 640 639
f 603 638 639
f 641 563 640
f 641 564 563
f 536 563 564
f 603 563 562
f 603 640 563
f 784 824 826
f 3931 3953 3932
f 3954 3932 3953
f 3931 3952 3953
f 4010 3974 3973
f 3975 3956 3974
f 3654 3606 3653
f 3606 3631 3653
f 3630 3673 3653
f 3630 3653 3631
f 3654 3589 3606
f 3606 3589 3588
f 3566 3588 3589
f 3820 3819 3818
f 3837 3818 3863
f 3793 3821 3840
f 3822 3794 3840
f 3793 3840 3748
f 3748 3840 3794
f 3867 3840 3866
f 3865 3839 3838
f 3866 3839 3865
f 3866 3840 3839
f 3821 3839 3840
f 3658 3749 3698
f 3659 3698 3699
f 3659 3658 3698
f 3850 3779 3832
f 3875 3804 3779
f 3875 3779 3851
f 3850 3851 3779
f 3875 3806 3805
f 3807 3806 3834
f 3807 3805 3806
f 3776 3802 3830
f 3776 3830 3801
f 3778 3830 3802
f 3988 3989 3967
f 3988 3967 3947
f 3926 3947 3967
f 2318 2319 2294
f 2318 2344 2319
f 2345 2319 2344
f 2345 2320 2319
f 2403 2373 2404
f 2403 2344 2373
f 2372 2373 2344
f 2478 2404 2373
f 2372 2478 2373
f 2620 2594 2619
f 2622 2594 2620
f 2622 2595 2594
f 2564 2593 2594
f 2619 2594 2593
f 2660 2679 2680
f 2703 2681 2680
f 2702 2680 2679
f 2703 2680 2702
f 2623 2621 2638
f 2623 2638 2639
f 2660 2638 2621
f 2682 2638 2681
f 2682 2639 2638
f 2660 2680 2638
f 2681 2638 2680
f 2982 3036 2983
f 3059 3036 3035
f 2984 2983 3036
f 3035 3008 3034
f 3035 3036 3008
f 2982 3008 3036
f 3007 3034 3008
f 3007 3008 2981
f 2981 3008 2982
f 3035 3034 3058
f 3001 3002 2976
f 3048 3026 3025
f 3602 3620 3643
f 3601 3620 3576
f 3601 3619 3620
f 3617 3574 3599
f 3548 3599 3574
f 3600 3574 3617
f 3549 3548 3574
f 3549 3574 3575
f 2851 2897 2874
f 2851 2874 2852
f 2897 2898 2874
f 2898 2852 2874
f 2919 2920 2898
f 2919 2947 2920
f 2949 2922 2973
f 2973 2922 2947
f 2923 2922 2949
f 1582 1618 1583
f 1582 1617 1618
f 1650 1618 1649
f 1584 1583 1619
f 1651 1619 1650
f 1651 1584 1619
f 1549 1518 1548
f 1549 1548 1581
f 1615 1581 1548
f 1615 1548 1547
f 1517 1547 1548
f 1517 1548 1518
f 1648 1681 1649
f 1710 1711 1681
f 1682 1649 1681
f 1682 1681 1711
f 1740 1775 1741
f 1740 1774 1775
f 1809 1775 1774
f 1810 1775 1809
f 1710 1742 1711
f 1710 1741 1742
f 1743 1711 1742
f 2775 2829 2803
f 2830 2803 2829
f 2159 2160 2111
f 2159 2111 2110
f 2082 2110 2111
f 2082 2111 2083
f 1020 1021 975
f 1020 975 974
f 930 931 894
f 973 974 931
f 892 893 816
f 892 894 893
f 854 893 894
f 1195 1164 1163
f 1125 1163 1164
f 1196 1126 1164
f 1125 1164 1126
f 1196 1164 1195
f 1231 1163 1162
f 1124 1162 1163
f 1124 1123 1162
f 1122 1162 1123
f 1230 1162 1122
f 1230 1231 1162
f 813 774 812
f 774 773 812
f 811 812 773
f 813 812 853
f 853 812 852
f 811 852 812
f 700 739 740
f 698 736 737
f 728 729 689
f 728 764 729
f 800 729 764
f 1153 1188 1189
f 1189 1188 1224
f 1153 1152 1188
f 1222 1257 1223
f 1258 1223 1257
f 1258 1224 1223
f 1200 1269 1270
f 1303 1301 1336
f 1303 1269 1301
f 1268 1301 1269
f 1335 1301 1300
f 1268 1300 1301
f 1335 1371 1301
f 1371 1336 1301
f 1470 1413 1412
f 1372 1413 1414
f 1303 1413 1304
f 1372 1304 1413
f 1303 1412 1413
f 1565 1566 1533
f 1534 1533 1566
f 1534 1501 1533
f 1607 1669 1638
f 1608 1607 1638
f 1698 1670 1638
f 1698 1638 1669
f 1670 1639 1638
f 1608 1638 1639
f 1697 1730 1731
f 1799 1732 1798
f 1732 1762 1798
f 1950 1916 1915
f 1888 1915 1916
f 1888 1916 1917
f 2012 2011 2037
f 2036 2038 2037
f 2036 2037 2011
f 1980 1979 2010
f 1980 2010 1981
f 2012 1981 2010
f 2012 2010 2011
f 2009 2010 1979
f 2009 2011 2010
f 1826 1794 1793
f 1826 1855 1794
f 1856 1794 1855
f 1856 1796 1794
f 1858 1857 1856
f 1856 1857 1796
f 1976 1947 1946
f 1976 1977 1947
f 1792 1824 1825
f 1882 1825 1853
f 1853 1825 1824
f 3172 3197 3173
f 3197 3199 3173
f 3200 3174 3173
f 3200 3173 3199
f 3234 3208 3207
f 3234 3207 3261
f 3261 3207 3233
f 3206 3233 3207
f 3235 3182 3208
f 2722 2846 2871
f 2824 2846 2722
f 2914 2846 2824
f 2914 2871 2846
f 2798 2847 2825
f 2893 2825 2847
f 2798 2722 2847
f 2722 2871 2847
f 2914 2847 2871
f 2795 2772 2750
f 2721 2750 2772
f 3578 3621 3622
f 3645 3622 3621
f 3646 3623 3622
f 3646 3622 3645
f 3580 3581 3555
f 3580 3555 3554
f 3556 3555 3581
f 3556 3532 3555
f 3556 3581 3582
f 3604 3582 3581
f 3604 3625 3582
f 3533 3558 3534
f 3533 3556 3558
f 3556 3557 3558
f 3559 3534 3558
f 3559 3558 3557
f 3490 3465 3464
f 3490 3491 3465
f 3466 3465 3491
f 2388 2387 2415
f 2386 2415 2387
f 2358 2357 2387
f 2386 2387 2357
f 2571 2572 2543
f 2602 2543 2572
f 2571 2601 2572
f 2602 2572 2601
f 2608 2579 2578
f 2548 2578 2579
f 2548 2577 2578
f 2546 2545 2573
f 2602 2573 2545
f 2514 2545 2515
f 2517 2515 2516
f 2546 2547 2516
f 2517 2516 2547
f 1957 1988 2019
f 1957 1956 1988
f 2017 2077 1987
f 2103 1987 2077
f 1952 2013 1982
f 2013 2040 1982
f 2014 1982 2040
f 1953 1952 1982
f 1953 1982 2014
f 1888 1889 1830
f 1801 1830 1765
f 1831 1830 1889
f 1831 1803 1830
f 1802 1830 1803
f 1802 1765 1830
f 1799 1800 1763
f 1764 1699 1763
f 1764 1763 1800
f 1572 1666 1636
f 1666 1667 1636
f 1728 1667 1635
f 1635 1667 1666
f 2815 2786 2785
f 2743 2742 2785
f 2744 2743 2785
f 2814 2815 2785
f 2814 2785 2742
f 2744 2764 2787
f 2787 2764 2786
f 2744 2785 2764
f 2786 2764 2785
f 2882 2928 2905
f 2882 2905 2883
f 2906 2905 2929
f 2928 2929 2905
f 2906 2883 2905
f 3039 2987 2986
f 2958 2986 2987
f 2502 2531 2453
f 2587 2453 2531
f 2614 2587 2531
f 317 350 351
f 421 351 350
f 245 204 203
f 164 203 204
f 164 204 125
f 207 205 281
f 206 127 165
f 206 165 205
f 127 125 165
f 125 204 165
f 205 165 204
f 243 202 244
f 314 245 244
f 245 203 244
f 243 244 203
f 819 820 778
f 819 778 777
f 777 778 744
f 779 778 820
f 745 744 778
f 779 745 778
f 707 705 706
f 707 673 705
f 704 777 705
f 706 705 777
f 703 704 632
f 631 703 632
f 631 632 596
f 558 557 559
f 598 559 597
f 597 559 557
f 599 559 598
f 558 559 599
f 219 259 260
f 219 218 259
f 260 259 294
f 218 294 259
f 329 294 328
f 327 328 294
f 398 329 328
f 261 260 295
f 329 295 294
f 260 294 295
f 330 296 295
f 330 295 329
f 398 397 436
f 437 473 474
f 474 473 511
f 437 436 473
f 436 472 473
f 543 544 510
f 544 511 510
f 511 473 510
f 472 471 510
f 472 510 473
f 509 510 471
f 439 474 475
f 476 475 513
f 439 475 440
f 476 440 475
f 512 475 474
f 512 513 475
f 403 366 402
f 403 402 441
f 441 402 440
f 365 401 402
f 366 365 402
f 401 440 402
f 182 181 224
f 223 224 181
f 143 181 182
f 355 390 391
f 355 391 356
f 323 322 392
f 322 356 392
f 430 392 467
f 430 393 392
f 467 392 391
f 356 391 392
f 437 474 438
f 437 438 399
f 399 438 400
f 439 438 474
f 439 401 438
f 401 400 438
f 335 334 367
f 338 305 304
f 303 338 304
f 306 272 271
f 270 305 271
f 231 270 271
f 232 271 272
f 232 231 271
f 3797 3701 3796
f 3773 3701 3727
f 3796 3701 3773
f 3570 3593 3594
f 3570 3592 3593
f 3703 3680 3729
f 3752 3729 3680
f 3752 3680 3702
f 3177 3203 3178
f 3231 3178 3203
f 3202 3203 3177
f 3230 3231 3203
f 3202 3230 3203
f 3231 3204 3178
f 3205 3204 3232
f 3205 3179 3204
f 3179 3178 3204
f 3044 2944 2827
f 3044 2969 2944
f 2970 2827 2944
f 2970 2944 2969
f 2970 3045 3102
f 2970 2996 3045
f 2970 2916 3021
f 2970 3021 2996
f 3022 3102 3129
f 3022 3129 3103
f 3102 3182 3129
f 3155 3103 3129
f 3098 3099 3020
f 3069 3020 3043
f 3069 3098 3020
f 3903 3877 3902
f 3901 3902 3877
f 3901 3946 3902
f 3946 3947 3902
f 3903 3878 3855
f 3903 3855 3877
f 3878 3856 3855
f 3854 3877 3855
f 3941 3963 3982
f 3981 3982 3963
f 3941 3920 3963
f 3940 3963 3920
f 3939 3919 3894
f 3895 3894 3919
f 3939 3940 3919
f 3895 3919 3940
f 4068 4069 4051
f 4068 4051 4037
f 4069 4038 4051
f 4037 4051 4038
f 4036 4037 4017
f 4037 4038 4017
f 4069 4052 4038
f 4053 4039 4052
f 4039 4038 4052
f 3996 4011 3997
f 4011 4012 3997
f 4000 3980 3979
f 4001 3980 4000
f 1637 1668 1669
f 1732 1669 1668
f 1541 1573 1574
f 1506 1505 1474
f 1475 1416 1505
f 1340 1377 1309
f 1378 1309 1377
f 1378 1310 1309
f 1241 1309 1310
f 1340 1308 1339
f 1340 1309 1308
f 1307 1338 1308
f 1338 1339 1308
f 862 861 900
f 899 900 861
f 899 861 898
f 1306 1275 1337
f 1274 1275 1238
f 1306 1238 1275
f 1206 1095 1171
f 1095 1136 1171
f 1094 1205 1136
f 1238 1205 1170
f 1338 1205 1238
f 1028 1064 1096
f 1172 1096 1064
f 1095 1172 1064
f 1094 1064 1063
f 1094 1095 1064
f 903 940 941
f 903 863 940
f 862 900 901
f 1014 969 968
f 968 969 928
f 1014 1015 969
f 970 969 1015
f 929 969 970
f 929 928 969
f 1168 1167 1202
f 1168 1133 1167
f 1201 1202 1167
f 979 1060 980
f 1059 1024 1060
f 1022 1058 1023
f 1059 978 1023
f 1091 1059 1023
f 1091 1023 1058
f 979 980 937
f 979 937 936
f 899 898 937
f 899 937 980
f 602 675 637
f 675 676 637
f 602 637 638
f 638 637 676
f 536 497 563
f 862 826 825
f 826 824 825
f 862 825 861
f 823 861 825
f 823 825 824
f 749 783 750
f 784 750 783
f 784 783 824
f 782 783 749
f 823 783 782
f 823 824 783
f 3695 3721 3696
f 3590 3607 3633
f 3566 3607 3590
f 3566 3589 3607
f 3756 3832 3757
f 3832 3779 3757
f 3734 3757 3735
f 3734 3756 3757
f 3804 3735 3757
f 3804 3757 3779
f 3852 3853 3833
f 3852 3833 3875
f 3875 3833 3806
f 3804 3780 3781
f 3807 3782 3780
f 3807 3780 3805
f 3782 3781 3780
f 3759 3736 3758
f 3804 3758 3736
f 3804 3781 3758
f 3057 3084 3034
f 3057 3083 3084
f 3034 3084 3058
f 3085 3058 3084
f 3085 3084 3083
f 2999 3025 3000
f 3025 3026 3000
f 3001 3026 3027
f 3028 3002 3027
f 3001 3027 3002
f 3051 3028 3027
f 3051 3075 3076
f 3074 3105 3075
f 1710 1680 1709
f 1710 1681 1680
f 1648 1680 1681
f 1648 1647 1680
f 1647 1679 1680
f 1679 1709 1680
f 1810 1776 1775
f 1741 1775 1776
f 1810 1777 1776
f 856 855 896
f 856 896 857
f 934 857 896
f 934 896 933
f 933 975 976
f 1021 1022 976
f 1021 976 975
f 974 895 931
f 854 894 895
f 894 931 895
f 854 895 855
f 855 895 896
f 888 889 851
f 888 851 849
f 850 849 851
f 850 851 852
f 738 699 737
f 698 737 699
f 667 698 699
f 689 729 730
f 731 690 730
f 1303 1302 1269
f 1269 1302 1270
f 1303 1304 1302
f 1271 1270 1302
f 1271 1302 1304
f 1762 1795 1796
f 1730 1795 1731
f 1796 1795 1794
f 1829 1799 1828
f 1799 1798 1828
f 1885 1859 1913
f 1858 1913 1859
f 1798 1859 1828
f 1829 1859 1885
f 1829 1828 1859
f 1981 1917 1951
f 1917 1916 1951
f 1950 1951 1916
f 1728 1760 1730
f 1758 1760 1728
f 1730 1760 1795
f 1794 1795 1760
f 1759 1760 1758
f 1978 1948 1977
f 1977 1948 1947
f 1913 1947 1948
f 1949 1913 1948
f 1949 1948 1978
f 1858 1912 1913
f 1858 1856 1912
f 1913 1912 1947
f 2721 2698 2750
f 2720 2698 2558
f 2771 2698 2720
f 2795 2698 2771
f 2795 2750 2698
f 2646 2607 2606
f 2608 2578 2607
f 2577 2606 2607
f 2577 2607 2578
f 2514 2544 2545
f 2513 2544 2514
f 2103 2045 1987
f 1832 1863 1768
f 1768 1863 1833
f 1833 1863 1864
f 1862 1863 1832
f 1919 1863 1862
f 1985 1890 1920
f 1921 1890 1985
f 1920 1890 1864
f 1921 1865 1890
f 1888 1830 1860
f 1801 1860 1830
f 1888 1860 1887
f 1887 1860 1886
f 1699 1733 1763
f 1698 1733 1670
f 1670 1733 1699
f 1799 1733 1732
f 1698 1732 1733
f 1799 1763 1733
f 1697 1729 1730
f 1728 1730 1729
f 1728 1729 1667
f 420 385 458
f 384 458 385
f 384 385 349
f 317 284 283
f 280 315 246
f 280 246 245
f 315 349 246
f 349 281 246
f 245 246 204
f 205 204 246
f 205 246 281
f 202 242 279
f 202 279 244
f 673 672 705
f 704 705 672
f 436 435 472
f 436 397 435
f 327 362 328
f 398 328 362
f 398 362 397
f 326 362 327
f 326 361 362
f 427 428 390
f 427 500 428
f 467 391 429
f 390 429 391
f 390 428 429
f 3752 3774 3798
f 3677 3657 3726
f 3676 3726 3657
f 3571 3635 3636
f 3571 3594 3635
f 3594 3593 3635
f 3593 3657 3635
f 3677 3636 3635
f 3677 3635 3657
f 3180 3206 3127
f 2996 3127 3045
f 3155 3129 3209
f 3182 3209 3129
f 3235 3236 3209
f 3235 3209 3182
f 4001 4015 4002
f 4036 4002 4015
f 4069 4070 4052
f 4098 4086 4070
f 4053 4071 4087
f 4053 4052 4071
f 4087 4071 4086
f 3958 3998 3978
f 3999 3978 3998
f 4013 3999 3998
f 3979 3961 3960
f 3979 3980 3961
f 3939 3960 3961
f 3939 3961 3980
f 3939 3980 3962
f 4001 3962 3980
f 3981 3963 3962
f 3981 3962 4002
f 4001 4002 3962
f 1697 1668 1696
f 1636 1667 1696
f 1697 1696 1729
f 1667 1729 1696
f 1574 1573 1606
f 1637 1606 1668
f 1541 1508 1540
f 1541 1540 1573
f 1539 1604 1540
f 1438 1439 1415
f 1241 1208 1276
f 1241 1276 1309
f 1309 1276 1308
f 1307 1308 1276
f 1094 1135 1205
f 1170 1205 1135
f 1273 1272 1305
f 1272 1304 1305
f 1372 1373 1305
f 1372 1305 1304
f 1136 1239 1171
f 1136 1205 1239
f 1206 1171 1239
f 1206 1239 1240
f 1338 1240 1239
f 1338 1239 1205
f 985 941 984
f 941 940 984
f 985 984 1027
f 939 940 902
f 939 902 901
f 863 902 940
f 862 902 863
f 862 901 902
f 900 981 901
f 939 901 981
f 462 497 463
f 424 462 463
f 536 424 463
f 536 463 497
f 3746 3723 3722
f 3723 3696 3722
f 3721 3722 3696
f 3695 3696 3674
f 3695 3674 3673
f 3673 3674 3653
f 3654 3653 3674
f 3724 3697 3655
f 3654 3724 3655
f 3633 3607 3655
f 3656 3633 3655
f 3656 3655 3697
f 2974 3000 2975
f 2949 2975 2950
f 3001 2950 2975
f 2949 2974 2975
f 3001 2975 3026
f 3026 2975 3000
f 3051 3027 3050
f 3026 3050 3027
f 3051 3050 3075
f 3074 3050 3049
f 3074 3075 3050
f 3158 3106 3134
f 3134 3106 3133
f 934 933 977
f 933 976 977
f 934 977 978
f 978 977 1023
f 933 896 932
f 933 932 975
f 896 895 932
f 974 975 932
f 974 932 895
f 810 771 809
f 770 809 771
f 770 808 809
f 850 809 849
f 810 809 850
f 849 809 808
f 1762 1761 1795
f 1731 1795 1761
f 1732 1731 1761
f 1732 1761 1762
f 1858 1827 1857
f 1858 1859 1827
f 1798 1827 1859
f 1883 1884 1855
f 1911 1884 1883
f 1911 1946 1884
f 1946 1947 1884
f 1947 1912 1884
f 1956 1987 2018
f 1956 2018 1988
f 1987 2045 2018
f 2078 2018 2045
f 2019 1988 2018
f 2078 2046 2018
f 2046 2019 2018
f 317 316 350
f 317 283 316
f 208 207 247
f 248 208 247
f 470 507 508
f 574 508 507
f 509 471 508
f 472 508 471
f 472 435 508
f 465 466 428
f 428 466 429
f 465 467 466
f 467 429 466
f 3797 3774 3751
f 3797 3751 3701
f 3593 3634 3657
f 2996 3021 3101
f 2996 3101 3127
f 3180 3127 3101
f 3180 3101 3153
f 3981 4002 4016
f 4036 4017 4016
f 4036 4016 4002
f 1604 1668 1605
f 1573 1605 1606
f 1668 1606 1605
f 1604 1605 1540
f 1573 1540 1605
f 1479 1442 1478
f 1418 1441 1478
f 1418 1478 1442
f 1416 1377 1440
f 1377 1415 1440
f 1416 1440 1505
f 1474 1505 1440
f 1439 1474 1440
f 1439 1440 1415
f 1438 1376 1375
f 1340 1375 1376
f 1438 1415 1376
f 1340 1376 1377
f 1377 1376 1415
f 1208 1207 1276
f 1173 1240 1207
f 1024 1061 1025
f 1093 1061 1024
f 1093 1169 1061
f 1063 982 1062
f 1063 1062 1134
f 982 1025 1062
f 1134 1062 1061
f 1025 1061 1062
f 939 983 940
f 940 983 984
f 980 1025 938
f 982 938 1025
f 982 981 938
f 899 980 938
f 899 938 900
f 900 938 981
f 3589 3632 3607
f 3607 3632 3655
f 3654 3632 3589
f 3654 3655 3632
f 1762 1797 1798
f 1798 1797 1827
f 1762 1796 1797
f 1796 1857 1797
f 1857 1827 1797
f 207 281 282
f 283 282 316
f 283 247 282
f 207 282 247
f 672 634 633
f 704 672 633
f 704 633 632
f 597 633 634
f 597 596 633
f 596 632 633
f 3752 3728 3774
f 3774 3728 3751
f 3679 3728 3702
f 3752 3702 3728
f 3679 3701 3728
f 3701 3751 3728
f 3206 3154 3127
f 3206 3128 3154
f 3045 3127 3154
f 3102 3045 3154
f 3208 3181 3207
f 3182 3128 3181
f 3208 3182 3181
f 1539 1507 1538
f 1539 1540 1507
f 984 983 1026
f 1028 1026 1064
f 1063 1064 1026
f 1538 1507 1477
f 1478 1477 1507
f 1441 1477 1478
f 1213 1178 1212
f 1213 1179 1178
f 1143 1178 1179
f 1143 1142 1178
f 2313 2367 2246
f 2314 2246 2367
f 79 47 113
f 46 113 47
f 95 60 94
f 59 94 60
f 1142 1177 1178
f 1142 1141 1177
f 3520 3500 3519
f 3541 3520 3519
f 3296 3238 3360
f 3328 3360 3238
f 3329 3416 3361
f 3416 3389 3361
f 2186 2204 2158
f 2205 2158 2204
f 884 883 961
f 960 961 883
f 1589 1588 1654
f 1589 1654 1655
f 1589 1525 1588
f 1589 1493 1525
f 1461 1433 1525
f 1492 1525 1433
f 1461 1525 1462
f 1493 1462 1525
f 2121 2064 2120
f 2063 2120 2064
f 3252 3253 3226
f 3252 3226 3225
f 2382 2383 2352
f 2353 2352 2383
f 2280 2306 2281
f 2307 2281 2306
f 2123 2122 2169
f 2170 2123 2169
f 2121 2169 2122
f 2168 2169 2121
f 2280 2281 2259
f 2240 2259 2281
f 2391 2361 2390
f 2391 2362 2361
f 22 21 82
f 81 82 21
f 238 196 237
f 236 237 196
f 238 237 310
f 274 238 310
f 309 235 234
f 308 309 234
f 214 256 215
f 173 214 215
f 1213 1212 1245
f 1213 1245 1246
f 1579 1611 1613
f 1612 1613 1611
f 650 685 611
f 651 611 685
f 1213 1180 1179
f 1213 1214 1180
f 1143 1179 1180
f 1143 1180 1144
f 1214 1215 1180
f 1181 1180 1215
f 73 107 74
f 108 74 107
f 73 72 107
f 106 107 72
f 71 105 72
f 106 72 105
f 45 44 78
f 77 78 44
f 3389 3445 3361
f 3446 3361 3445
f 3563 3629 3564
f 3586 3564 3629
f 4060 4076 4078
f 4077 4078 4076
f 4106 4092 4118
f 4105 4118 4092
f 4107 4118 4119
f 4124 4119 4118
f 1099 1098 1138
f 1099 1138 1139
f 3006 3033 2979
f 3007 2979 3033
f 3307 3308 3274
f 3275 3274 3308
f 3597 3523 3522
f 3544 3597 3522
f 3523 3504 3478
f 3453 3478 3504
f 760 761 724
f 725 724 761
f 845 922 885
f 845 884 922
f 806 767 805
f 806 768 767
f 734 766 767
f 734 767 735
f 804 805 767
f 804 767 766
f 725 653 724
f 725 654 653
f 1426 1453 1392
f 1393 1392 1453
f 1597 1598 1564
f 1565 1564 1598
f 1661 1692 1693
f 1661 1693 1662
f 1692 1724 1693
f 1725 1693 1724
f 1785 1750 1749
f 1785 1786 1750
f 1723 1752 1753
f 1723 1722 1752
f 2147 2127 2126
f 2147 2126 2146
f 1653 1620 1684
f 1652 1684 1620
f 2030 2031 2029
f 1999 2029 2031
f 1905 1969 1906
f 1905 1939 1969
f 2118 2091 2090
f 2119 2091 2118
f 3224 3223 3251
f 3250 3251 3223
f 3225 3224 3251
f 3252 3225 3251
f 3224 3171 3223
f 3170 3223 3171
f 2617 2825 2699
f 2617 2798 2825
f 3339 3369 3370
f 3340 3339 3370
f 3628 3627 3671
f 3672 3628 3671
f 2240 2241 2217
f 2218 2217 2241
f 2240 2217 2259
f 2216 2259 2217
f 2216 2217 2194
f 2195 2194 2217
f 2121 2120 2167
f 2168 2121 2167
f 2211 2237 2192
f 2211 2192 2165
f 2542 2512 2485
f 2511 2542 2485
f 2458 2433 2485
f 2484 2485 2433
f 2512 2459 2485
f 2458 2485 2459
f 2486 2459 2512
f 27 123 86
f 27 26 123
f 81 118 82
f 81 157 118
f 79 113 115
f 113 114 115
f 168 211 169
f 168 210 211
f 752 751 789
f 788 789 751
f 1579 1514 1611
f 1579 1515 1514
f 1144 1180 1145
f 1181 1145 1180
f 76 75 109
f 110 76 109
f 75 74 109
f 108 109 74
f 3543 3521 3572
f 3521 3542 3572
f 3541 3570 3520
f 3520 3570 3542
f 3416 3444 3389
f 3389 3444 3472
f 4109 4130 4111
f 4110 4109 4111
f 4131 4122 4111
f 4131 4111 4130
f 4110 4111 4084
f 4084 4111 4097
f 3921 3942 3847
f 3897 3847 3942
f 4060 4078 4061
f 4060 4061 4043
f 4110 4083 4109
f 4109 4083 4108
f 4108 4083 4096
f 4082 4096 4083
f 3567 3590 3609
f 3608 3609 3590
f 1210 1176 1175
f 1210 1175 1242
f 1139 1138 1175
f 1139 1175 1176
f 1471 1470 1503
f 1470 1502 1503
f 1534 1535 1503
f 1534 1503 1502
f 1599 1600 1568
f 1569 1568 1600
f 3910 3909 3930
f 3910 3930 3931
f 3968 3969 3949
f 3968 3949 3948
f 3220 3191 3219
f 3218 3219 3191
f 3165 3164 3166
f 3166 3164 3191
f 3218 3276 3247
f 3218 3274 3276
f 3169 3144 3143
f 3196 3144 3169
f 3170 3171 3145
f 3146 3145 3171
f 2980 2903 2925
f 2980 2926 2903
f 3051 3052 3028
f 3029 3028 3052
f 3299 3332 3301
f 3300 3299 3301
f 3338 3337 3367
f 3366 3367 3337
f 3479 3481 3423
f 3424 3423 3481
f 1676 1677 1644
f 1676 1704 1677
f 916 915 1000
f 953 1000 915
f 2057 2026 2056
f 2057 2058 2026
f 2210 2236 2191
f 2211 2191 2236
f 2257 2213 2238
f 2212 2238 2213
f 2235 2209 2234
f 2235 2234 2255
f 2189 2234 2209
f 2189 2208 2234
f 1527 1559 1528
f 1527 1558 1559
f 1597 1630 1598
f 1631 1598 1630
f 1631 1630 1660
f 1661 1631 1660
f 1435 1495 1463
f 1435 1463 1464
f 1467 1465 1466
f 1467 1437 1465
f 1437 1436 1465
f 1464 1465 1436
f 1330 1331 1264
f 1265 1264 1331
f 885 922 923
f 886 885 923
f 962 963 923
f 962 923 922
f 886 847 885
f 885 847 846
f 804 847 805
f 804 846 847
f 521 590 591
f 522 521 591
f 522 591 549
f 522 549 523
f 454 485 486
f 454 453 485
f 454 413 453
f 412 453 413
f 332 298 331
f 297 331 298
f 617 655 618
f 656 618 655
f 1455 1456 1427
f 1428 1427 1456
f 1080 1048 1047
f 1080 1049 1048
f 1005 1046 1048
f 1046 1047 1048
f 1725 1694 1693
f 1725 1726 1694
f 1662 1693 1694
f 1662 1694 1663
f 1726 1727 1694
f 1727 1695 1694
f 1664 1663 1694
f 1664 1694 1695
f 1723 1753 1754
f 1723 1754 1724
f 1726 1757 1727
f 1727 1757 1758
f 1751 1788 1752
f 1787 1788 1751
f 2222 2221 2262
f 2261 2262 2221
f 1664 1634 1663
f 1633 1663 1634
f 1537 1536 1602
f 1536 1601 1602
f 2170 2093 2123
f 2170 2124 2093
f 2195 2171 2194
f 2170 2194 2171
f 2094 2095 2068
f 2069 2068 2095
f 1908 1909 1880
f 1881 1880 1909
f 1713 1714 1683
f 1745 1714 1713
f 1652 1714 1684
f 1652 1683 1714
f 1879 1880 1821
f 1879 1821 1820
f 1854 1882 1883
f 1910 1883 1882
f 2063 2064 2002
f 2064 2003 2002
f 1905 1848 1875
f 1876 1848 1905
f 1847 1875 1848
f 1722 1721 1752
f 1751 1752 1721
f 1722 1690 1721
f 1690 1689 1721
f 1687 1624 1623
f 1656 1687 1623
f 1558 1591 1559
f 1592 1559 1591
f 1592 1591 1625
f 1625 1591 1624
f 3348 3317 3316
f 3348 3316 3347
f 3340 3309 3339
f 3339 3309 3308
f 3013 3066 3067
f 3013 3067 3014
f 3091 3119 3092
f 3120 3092 3119
f 3147 3197 3148
f 3172 3148 3197
f 2962 2963 2938
f 2962 2938 2937
f 2912 2938 2869
f 2912 2913 2938
f 2430 2503 2454
f 2615 2503 2430
f 2825 2941 2894
f 2893 2941 2825
f 3096 3017 3042
f 3096 3097 3017
f 3672 3673 3628
f 3628 3673 3629
f 3672 3694 3673
f 3694 3695 3673
f 3552 3529 3528
f 3552 3528 3551
f 3530 3531 3484
f 3485 3484 3531
f 3483 3529 3484
f 3530 3484 3529
f 3370 3427 3399
f 3428 3399 3427
f 3428 3429 3399
f 3400 3399 3429
f 3512 3513 3492
f 3493 3492 3513
f 3628 3584 3627
f 3628 3585 3584
f 2436 2411 2461
f 2435 2461 2411
f 2280 2279 2306
f 2306 2279 2305
f 2258 2215 2214
f 2258 2278 2215
f 2168 2167 2215
f 2214 2215 2167
f 2278 2279 2215
f 2239 2215 2279
f 2168 2215 2169
f 2169 2215 2239
f 2393 2363 2392
f 2393 2394 2363
f 2313 2341 2367
f 2366 2367 2341
f 2393 2420 2394
f 2394 2420 2421
f 2416 2417 2389
f 2390 2389 2417
f 2521 2548 2522
f 2549 2522 2548
f 2119 2118 2145
f 2118 2144 2145
f 2376 2349 2348
f 2377 2349 2376
f 2322 2349 2323
f 2322 2348 2349
f 2409 2434 2410
f 2409 2458 2434
f 2661 2640 2624
f 2661 2624 2639
f 2933 2934 2890
f 2933 2890 2889
f 2961 2935 2960
f 2936 2935 2961
f 3013 3012 3066
f 3065 3066 3012
f 3118 3117 3147
f 3146 3147 3117
f 2766 2746 2745
f 2765 2766 2745
f 2717 2716 2745
f 2717 2745 2746
f 2716 2715 2745
f 2744 2745 2715
f 2933 2889 2932
f 2888 2932 2889
f 2768 2749 2719
f 2654 2719 2749
f 2672 2719 2718
f 2672 2748 2719
f 2654 2697 2719
f 2633 2719 2697
f 346 415 347
f 416 347 415
f 161 122 199
f 161 123 122
f 160 199 122
f 160 122 121
f 4 16 5
f 28 16 4
f 90 55 89
f 90 56 55
f 86 123 162
f 161 162 123
f 236 195 194
f 236 194 235
f 306 342 307
f 306 341 342
f 256 216 215
f 257 216 256
f 99 137 100
f 175 100 137
f 261 221 220
f 261 262 221
f 140 178 141
f 179 141 178
f 220 221 178
f 179 178 221
f 106 105 143
f 144 106 143
f 427 426 500
f 499 500 426
f 1142 1103 1141
f 1141 1103 1102
f 794 836 758
f 758 836 759
f 755 718 717
f 755 717 754
f 1448 1423 1387
f 1422 1448 1387
f 947 948 908
f 909 908 948
f 1108 1039 1071
f 1040 1039 1108
f 989 1033 990
f 1032 1033 989
f 336 301 335
f 302 301 336
f 228 186 227
f 185 227 186
f 625 664 626
f 665 626 664
f 77 111 78
f 112 78 111
f 149 111 148
f 110 148 111
f 187 150 148
f 149 148 150
f 3537 3514 3469
f 3495 3537 3469
f 3415 3388 3387
f 3360 3387 3388
f 3285 3286 3258
f 3285 3258 3257
f 3968 3990 3969
f 3969 3990 3991
f 4026 3990 4025
f 4026 3991 3990
f 4082 4083 4066
f 4084 4066 4083
f 4109 4108 4128
f 4108 4120 4128
f 1443 1383 1346
f 1443 1346 1419
f 1537 1602 1504
f 1570 1504 1602
f 1277 1342 1311
f 1277 1341 1342
f 3793 3747 3792
f 3770 3792 3747
f 3948 3949 3927
f 3928 3927 3949
f 3928 3905 3927
f 3905 3904 3927
f 3862 3815 3861
f 3814 3861 3815
f 3741 3713 3712
f 3691 3712 3713
f 3965 3899 3922
f 3923 3922 3899
f 2271 2320 2295
f 2270 2320 2271
f 2506 2482 2481
f 2506 2507 2482
f 2511 2485 2510
f 2484 2510 2485
f 3007 2981 2979
f 2980 2979 2981
f 2980 2981 2926
f 2926 2981 2927
f 3300 3242 3299
f 3300 3270 3242
f 3307 3274 3306
f 3274 3246 3306
f 3216 3273 3306
f 3216 3306 3246
f 3143 3144 3115
f 3116 3115 3144
f 3116 3086 3115
f 3085 3115 3086
f 3187 3162 3161
f 3187 3188 3162
f 3268 3240 3213
f 3239 3268 3213
f 3684 3641 3662
f 3663 3641 3684
f 3479 3505 3480
f 3506 3480 3505
f 3424 3365 3423
f 3424 3396 3365
f 2897 2873 2918
f 2896 2918 2873
f 2850 2872 2873
f 2851 2850 2873
f 1488 1457 1429
f 1488 1429 1456
f 2049 2109 2050
f 2049 2108 2109
f 2051 2052 2023
f 2051 2081 2052
f 2775 2754 2774
f 2754 2753 2774
f 2831 2832 2805
f 2831 2805 2804
f 2704 2733 2734
f 2759 2734 2733
f 1629 1596 1595
f 1628 1629 1595
f 1562 1561 1595
f 1594 1595 1561
f 1527 1528 1496
f 1527 1496 1495
f 1235 1234 1298
f 1235 1298 1299
f 1404 1366 1365
f 1405 1366 1404
f 1370 1335 1334
f 1370 1334 1369
f 1299 1298 1334
f 1333 1334 1298
f 1122 1083 1121
f 1082 1121 1083
f 313 275 312
f 274 312 275
f 695 694 733
f 734 695 733
f 695 661 694
f 662 661 695
f 581 579 619
f 580 579 581
f 656 655 689
f 688 689 655
f 727 689 688
f 727 728 689
f 1327 1361 1293
f 1260 1327 1293
f 1109 1073 1072
f 1110 1073 1109
f 1184 1218 1185
f 1219 1185 1218
f 1317 1350 1351
f 1317 1351 1318
f 1370 1369 1409
f 1369 1408 1409
f 1467 1409 1408
f 1467 1468 1409
f 2218 2241 2219
f 2241 2242 2219
f 2097 2129 2098
f 2128 2129 2097
f 2094 2125 2095
f 2126 2095 2125
f 2146 2126 2125
f 2146 2125 2171
f 2069 2095 2096
f 2069 2096 2070
f 1910 1944 1883
f 1911 1883 1944
f 1911 1944 1946
f 1945 1946 1944
f 1974 2005 2006
f 1975 1974 2006
f 3016 3015 3068
f 3067 3068 3015
f 3014 3067 3015
f 3014 3015 2991
f 3552 3553 3529
f 3530 3529 3553
f 3552 3578 3553
f 3578 3579 3553
f 3314 3344 3345
f 3314 3313 3344
f 3403 3404 3375
f 3403 3375 3374
f 3404 3405 3375
f 3376 3375 3405
f 3438 3408 3437
f 3409 3408 3438
f 3489 3510 3535
f 3490 3489 3535
f 2414 2384 2413
f 2383 2413 2384
f 2383 2384 2354
f 2354 2384 2355
f 2356 2384 2385
f 2356 2355 2384
f 2335 2309 2286
f 2285 2335 2286
f 2423 2397 2396
f 2423 2396 2422
f 2692 2693 2648
f 2649 2648 2693
f 2362 2334 2361
f 2362 2335 2334
f 2307 2308 2283
f 2307 2283 2260
f 2684 2685 2663
f 2684 2663 2683
f 2837 2838 2810
f 2811 2810 2838
f 2782 2810 2783
f 2811 2783 2810
f 2416 2441 2417
f 2417 2441 2467
f 2491 2466 2465
f 2491 2465 2490
f 2466 2441 2465
f 2440 2465 2441
f 2605 2576 2604
f 2604 2576 2575
f 2314 2203 2246
f 2314 2183 2203
f 2020 2047 2106
f 2136 2048 2106
f 2020 2106 2048
f 2499 2473 2528
f 2449 2528 2473
f 2552 2527 2551
f 2582 2552 2551
f 2499 2498 2529
f 2552 2529 2498
f 1891 1865 1955
f 1921 1955 1865
f 1866 1892 1924
f 1866 1924 1893
f 2263 2244 2243
f 2225 2243 2244
f 2132 2130 2150
f 2131 2130 2132
f 1481 1445 1542
f 1509 1542 1445
f 1481 1446 1445
f 1446 1421 1445
f 1544 1609 1577
f 1576 1609 1544
f 1642 1641 1673
f 1642 1673 1643
f 2819 2791 2790
f 2820 2791 2819
f 2841 2863 2842
f 2864 2842 2863
f 2936 2911 2935
f 2910 2935 2911
f 2839 2861 2862
f 2840 2839 2862
f 2888 2889 2862
f 2888 2862 2861
f 2841 2862 2863
f 2840 2862 2841
f 2889 2890 2862
f 2890 2863 2862
f 2553 2583 2500
f 2554 2500 2583
f 2552 2611 2529
f 2553 2529 2611
f 2582 2611 2552
f 2582 2631 2611
f 2633 2556 2530
f 2633 2530 2632
f 2426 2398 2368
f 2425 2426 2368
f 198 120 197
f 119 197 120
f 160 121 120
f 160 120 198
f 155 193 194
f 154 193 155
f 235 193 234
f 235 194 193
f 154 153 193
f 192 193 153
f 581 582 514
f 515 514 582
f 617 616 655
f 655 616 615
f 65 100 66
f 101 66 100
f 249 285 286
f 249 286 250
f 425 464 388
f 425 388 387
f 426 388 464
f 649 570 569
f 649 569 610
f 253 288 323
f 253 252 288
f 866 906 867
f 905 906 866
f 905 944 906
f 944 945 906
f 991 946 990
f 907 945 946
f 990 946 945
f 910 911 871
f 872 871 911
f 909 871 870
f 909 910 871
f 718 683 717
f 682 717 683
f 682 683 646
f 646 683 648
f 226 267 227
f 266 267 226
f 185 184 227
f 226 227 184
f 299 265 264
f 299 300 265
f 670 594 628
f 629 594 670
f 631 553 630
f 631 554 553
f 548 520 547
f 519 547 520
f 548 547 588
f 587 588 547
f 625 626 588
f 625 588 587
f 306 307 272
f 307 273 272
f 233 272 273
f 233 232 272
f 152 190 191
f 152 151 190
f 233 190 232
f 233 191 190
f 110 109 147
f 110 147 148
f 187 148 147
f 187 147 186
f 108 147 109
f 108 146 147
f 185 186 147
f 185 147 146
f 3514 3515 3469
f 3470 3469 3515
f 3470 3515 3471
f 3496 3471 3515
f 3237 3183 3266
f 3265 3266 3183
f 3411 3410 3439
f 3438 3439 3410
f 3351 3352 3321
f 3322 3321 3352
f 3322 3288 3321
f 3288 3287 3321
f 3858 3878 3879
f 3857 3878 3858
f 3905 3878 3904
f 3905 3879 3878
f 3975 3976 3956
f 3957 3956 3976
f 4012 4032 4033
f 4046 4033 4032
f 3828 3846 3800
f 3828 3800 3753
f 3846 3873 3800
f 3829 3800 3873
f 3895 3873 3872
f 3846 3872 3873
f 1481 1542 1575
f 1481 1575 1510
f 1510 1575 1543
f 1543 1575 1608
f 1441 1381 1417
f 1418 1381 1441
f 1343 1380 1381
f 1417 1381 1380
f 1098 1097 1138
f 1174 1138 1097
f 892 929 930
f 892 891 929
f 599 598 636
f 635 636 598
f 4027 3994 3993
f 4028 3994 4027
f 3970 3994 3971
f 3970 3993 3994
f 3971 3994 3972
f 3995 3972 3994
f 4043 4030 4029
f 4044 4030 4043
f 3910 3931 3932
f 3910 3932 3911
f 3795 3772 3794
f 3795 3794 3822
f 3889 3869 3868
f 3842 3868 3869
f 3796 3824 3825
f 3842 3825 3824
f 3812 3811 3836
f 3835 3836 3811
f 3741 3742 3713
f 3762 3742 3741
f 3761 3783 3784
f 3785 3761 3784
f 3810 3811 3784
f 3810 3784 3783
f 3985 3944 3900
f 3985 3900 3876
f 4023 4022 4040
f 4023 4005 4022
f 2731 2681 2703
f 2682 2681 2731
f 2538 2563 2564
f 2537 2563 2538
f 2506 2481 2536
f 2481 2505 2536
f 2534 2535 2536
f 2534 2536 2505
f 2507 2508 2482
f 2483 2482 2508
f 2537 2538 2508
f 2537 2508 2507
f 3243 3270 3244
f 3271 3244 3270
f 3334 3303 3302
f 3334 3335 3303
f 3061 3038 3060
f 3037 3060 3038
f 3085 3086 3060
f 3059 3085 3060
f 3108 3161 3135
f 3108 3135 3136
f 3479 3423 3422
f 3479 3422 3505
f 3394 3333 3393
f 3364 3333 3394
f 3334 3302 3333
f 3302 3301 3333
f 3688 3709 3735
f 3734 3735 3709
f 3396 3397 3367
f 3424 3397 3396
f 3424 3425 3397
f 2853 2830 2875
f 2831 2830 2853
f 2900 2876 2899
f 2900 2877 2876
f 1647 1646 1679
f 1678 1679 1646
f 1647 1616 1646
f 1615 1646 1616
f 1871 1839 1838
f 1808 1838 1839
f 1516 1515 1547
f 1516 1547 1517
f 2511 2510 2541
f 2510 2540 2541
f 2567 2541 2566
f 2540 2566 2541
f 878 917 918
f 878 918 879
f 916 877 915
f 915 877 876
f 876 877 838
f 839 838 877
f 878 877 917
f 878 839 877
f 1965 1995 1996
f 1965 1934 1995
f 1933 1995 1934
f 1933 1964 1995
f 1993 2023 2024
f 1994 1993 2024
f 1335 1300 1334
f 1299 1334 1300
f 1013 1012 1054
f 1053 1054 1012
f 740 774 741
f 742 741 774
f 1052 1011 965
f 1052 965 1010
f 886 848 847
f 886 887 848
f 379 344 378
f 380 344 379
f 313 312 344
f 345 313 344
f 515 582 584
f 515 584 516
f 516 584 517
f 585 517 584
f 621 620 659
f 658 659 620
f 581 619 620
f 581 620 582
f 446 480 481
f 445 480 446
f 519 480 518
f 519 481 480
f 765 732 801
f 802 765 801
f 1260 1293 1261
f 1260 1261 1226
f 1252 1251 1285
f 1284 1285 1251
f 1483 1450 1449
f 1484 1450 1483
f 1423 1449 1450
f 1423 1450 1424
f 1390 1352 1351
f 1390 1391 1352
f 1491 1459 1490
f 1523 1491 1490
f 1110 1074 1073
f 1110 1111 1074
f 1498 1532 1499
f 1498 1531 1532
f 2174 2220 2175
f 2196 2175 2220
f 2222 2220 2221
f 2196 2220 2222
f 1887 1886 1885
f 1914 1887 1885
f 1978 1977 2009
f 2008 2009 1977
f 1927 1895 1869
f 1928 1895 1927
f 1897 1898 1896
f 1871 1896 1898
f 1902 1936 1903
f 1937 1903 1936
f 1965 1900 1934
f 1965 1935 1900
f 1933 1934 1900
f 1933 1900 1899
f 2003 1972 2002
f 1971 2002 1972
f 1941 1971 1972
f 1941 1972 1942
f 3253 3281 3282
f 3254 3253 3282
f 3314 3315 3282
f 3314 3282 3281
f 3253 3227 3226
f 3254 3227 3253
f 3149 3123 3174
f 3122 3174 3123
f 3122 3123 3095
f 3122 3095 3094
f 3067 3095 3068
f 3094 3095 3067
f 3290 3291 3263
f 3235 3263 3291
f 2845 2794 2793
f 2770 2793 2794
f 2773 2721 2796
f 2751 2721 2773
f 2654 2749 2673
f 2654 2673 2634
f 3720 3719 3745
f 3744 3745 3719
f 3720 3745 3769
f 3720 3769 3721
f 3815 3863 3817
f 3816 3815 3817
f 3580 3623 3603
f 3580 3579 3623
f 3624 3603 3623
f 3624 3623 3646
f 3624 3648 3649
f 3624 3647 3648
f 3533 3534 3486
f 3487 3486 3534
f 3487 3534 3488
f 3488 3534 3559
f 3583 3650 3605
f 3651 3605 3650
f 3626 3560 3605
f 3560 3559 3605
f 3454 3482 3455
f 3483 3455 3482
f 3454 3455 3425
f 3425 3455 3426
f 3483 3484 3455
f 3484 3456 3455
f 3340 3372 3309
f 3309 3372 3341
f 3403 3433 3404
f 3404 3433 3434
f 3487 3488 3460
f 3488 3461 3460
f 3252 3251 3279
f 3252 3279 3280
f 3313 3280 3279
f 3313 3279 3312
f 3249 3278 3311
f 3249 3311 3250
f 3462 3432 3431
f 3462 3431 3461
f 3345 3344 3373
f 3374 3345 3373
f 3403 3374 3373
f 3403 3373 3402
f 3400 3429 3401
f 3429 3430 3401
f 3402 3373 3401
f 3343 3401 3373
f 3347 3316 3346
f 3315 3346 3316
f 3376 3346 3375
f 3347 3346 3376
f 3314 3345 3346
f 3314 3346 3315
f 3374 3375 3346
f 3374 3346 3345
f 3493 3466 3492
f 3493 3467 3466
f 3379 3380 3378
f 3350 3378 3380
f 3510 3561 3535
f 3560 3561 3510
f 3585 3561 3584
f 3585 3562 3561
f 3627 3652 3671
f 3626 3652 3627
f 3651 3652 3605
f 3626 3605 3652
f 2307 2333 2308
f 2308 2333 2334
f 2513 2514 2461
f 2461 2514 2487
f 2330 2357 2331
f 2356 2357 2330
f 2287 2338 2311
f 2287 2310 2338
f 2630 2609 2608
f 2630 2608 2647
f 2580 2581 2550
f 2524 2550 2581
f 2421 2420 2443
f 2444 2421 2443
f 2665 2687 2688
f 2665 2686 2687
f 2667 2666 2689
f 2688 2689 2666
f 2739 2763 2784
f 2740 2739 2784
f 2665 2688 2643
f 2688 2666 2643
f 2644 2628 2643
f 2644 2643 2666
f 2605 2604 2629
f 2605 2629 2645
f 2573 2574 2547
f 2546 2573 2547
f 2446 2471 2447
f 2495 2471 2446
f 2496 2472 2471
f 2472 2447 2471
f 2103 2153 2133
f 2152 2153 2103
f 2044 2016 2101
f 2043 2101 2016
f 2176 2178 2177
f 2176 2198 2178
f 2128 2149 2129
f 2128 2148 2149
f 2841 2842 2818
f 2819 2818 2842
f 2819 2790 2818
f 2790 2788 2818
f 2840 2816 2839
f 2815 2839 2816
f 3091 3090 3119
f 3118 3119 3090
f 3146 3087 3145
f 3146 3117 3087
f 3086 3087 3060
f 3061 3060 3087
f 2813 2763 2812
f 2783 2812 2763
f 2814 2812 2860
f 2814 2813 2812
f 2908 2955 2956
f 2908 2956 2931
f 3009 3010 2956
f 3009 2956 2955
f 2933 2958 2934
f 2934 2958 2959
f 2933 2932 2958
f 2932 2957 2958
f 2229 2267 2291
f 2229 2291 2268
f 2584 2501 2450
f 2554 2584 2450
f 2370 2428 2291
f 2317 2291 2428
f 2556 2452 2530
f 2586 2452 2556
f 2866 2822 2844
f 2867 2822 2866
f 2844 2822 2767
f 2821 2767 2822
f 2845 2793 2822
f 2867 2845 2822
f 166 127 206
f 166 128 127
f 166 206 207
f 166 207 208
f 161 199 201
f 200 201 199
f 238 239 196
f 196 239 159
f 197 159 239
f 241 239 240
f 241 198 239
f 613 574 541
f 613 541 573
f 398 436 399
f 437 399 436
f 404 403 441
f 404 441 442
f 515 441 514
f 515 442 441
f 613 575 574
f 613 614 575
f 680 714 715
f 681 680 715
f 790 829 791
f 790 791 754
f 832 792 831
f 755 831 792
f 948 993 949
f 994 949 993
f 1183 1147 1146
f 1183 1146 1182
f 332 333 298
f 299 298 333
f 106 145 107
f 144 145 106
f 183 145 182
f 144 182 145
f 108 107 145
f 108 145 146
f 519 546 547
f 519 518 546
f 587 547 546
f 587 546 586
f 228 229 186
f 187 186 229
f 230 229 270
f 269 270 229
f 340 339 371
f 372 340 371
f 370 405 371
f 406 371 405
f 228 227 268
f 227 267 268
f 302 268 267
f 302 303 268
f 228 268 229
f 269 229 268
f 3444 3443 3471
f 3415 3443 3444
f 3294 3267 3293
f 3358 3294 3293
f 3387 3295 3359
f 3328 3295 3387
f 3358 3295 3294
f 3358 3359 3295
f 3921 3982 3942
f 3921 3941 3982
f 4088 4072 4100
f 4115 4088 4100
f 1509 1480 1508
f 1509 1508 1541
f 1443 1419 1442
f 1419 1382 1442
f 1537 1473 1536
f 1536 1473 1472
f 1125 1126 1086
f 1125 1086 1085
f 1166 1165 1197
f 1198 1166 1197
f 1235 1197 1234
f 1196 1234 1197
f 779 820 821
f 820 858 821
f 492 459 458
f 420 458 459
f 424 422 423
f 424 386 422
f 827 785 826
f 784 826 785
f 4028 4009 3994
f 3995 3994 4009
f 4029 4030 4009
f 4028 4029 4009
f 3886 3864 3885
f 3886 3865 3864
f 3911 3932 3913
f 3911 3913 3912
f 3841 3888 3868
f 3867 3888 3841
f 3935 3915 3914
f 3936 3915 3935
f 3514 3588 3515
f 3538 3515 3588
f 3865 3838 3864
f 3837 3864 3838
f 3772 3749 3794
f 3771 3794 3749
f 3771 3749 3725
f 3725 3749 3726
f 3677 3726 3749
f 3677 3749 3658
f 3841 3824 3823
f 3841 3823 3822
f 3888 3915 3890
f 3889 3888 3890
f 3909 3881 3907
f 3882 3881 3909
f 3789 3765 3788
f 3766 3765 3789
f 3778 3802 3831
f 3849 3778 3831
f 3876 3924 3943
f 3876 3899 3924
f 2346 2344 2403
f 2345 2344 2346
f 2406 2405 2404
f 2478 2406 2404
f 2250 2252 2251
f 2292 2252 2250
f 2270 2293 2294
f 2270 2269 2293
f 2701 2702 2679
f 2701 2679 2678
f 2677 2619 2618
f 2677 2637 2619
f 2637 2659 2619
f 2620 2619 2659
f 2678 2679 2659
f 2660 2659 2679
f 2660 2621 2659
f 2620 2659 2621
f 2978 2950 2976
f 2977 2978 2976
f 3078 3079 3053
f 3054 3053 3079
f 3186 3213 3241
f 3186 3241 3160
f 3187 3245 3188
f 3187 3215 3245
f 3243 3244 3245
f 3243 3245 3215
f 3074 3104 3105
f 3132 3105 3104
f 3051 3076 3052
f 3052 3076 3077
f 3108 3076 3107
f 3108 3077 3076
f 3074 3049 3104
f 3073 3104 3049
f 3047 3073 3049
f 3047 3049 3048
f 3732 3707 3706
f 3684 3706 3707
f 3502 3452 3477
f 3451 3477 3452
f 3420 3477 3451
f 3420 3450 3477
f 3391 3477 3418
f 3418 3477 3450
f 3420 3394 3419
f 3420 3419 3449
f 3686 3664 3643
f 3686 3643 3642
f 3711 3710 3738
f 3737 3738 3710
f 3662 3617 3599
f 3616 3662 3599
f 2972 2948 2973
f 3023 2948 2972
f 2949 2948 2974
f 2974 2948 2998
f 1455 1427 1454
f 1455 1454 1487
f 1487 1454 1520
f 1486 1520 1454
f 1551 1521 1520
f 1487 1520 1521
f 1551 1520 1550
f 1519 1550 1520
f 1677 1705 1707
f 1677 1707 1645
f 1678 1707 1679
f 1708 1679 1707
f 2805 2778 2777
f 2776 2805 2777
f 2189 2188 2207
f 2189 2162 2188
f 2162 2161 2188
f 2233 2188 2232
f 2233 2207 2188
f 1195 1163 1232
f 1231 1232 1163
f 925 966 967
f 925 967 926
f 1013 967 1012
f 966 1012 967
f 891 852 890
f 891 853 852
f 887 924 888
f 925 888 924
f 925 926 889
f 925 889 888
f 443 477 478
f 444 443 478
f 516 517 478
f 477 516 478
f 374 408 409
f 374 373 408
f 798 842 764
f 798 764 763
f 1263 1227 1262
f 1228 1227 1263
f 1251 1217 1250
f 1216 1250 1217
f 1225 1224 1259
f 1225 1190 1224
f 1153 1113 1152
f 1114 1113 1153
f 1470 1469 1502
f 1502 1469 1500
f 1470 1412 1469
f 1411 1469 1412
f 1914 1885 1913
f 1914 1913 1949
f 1901 1966 1936
f 1901 1935 1966
f 1292 1259 1291
f 1258 1291 1259
f 1974 1973 2005
f 2005 1973 2004
f 3317 3283 3316
f 3317 3284 3283
f 3315 3283 3282
f 3315 3316 3283
f 3226 3227 3199
f 3226 3199 3198
f 3385 3414 3386
f 3385 3386 3357
f 3235 3208 3263
f 3234 3263 3208
f 2773 2796 2797
f 2796 2870 2797
f 2616 2797 2824
f 2616 2675 2797
f 2533 2773 2797
f 2533 2797 2657
f 2914 2870 2892
f 2939 2914 2892
f 2964 2892 2869
f 2964 2939 2892
f 2770 2720 2655
f 2770 2655 2749
f 3651 3650 3692
f 3716 3651 3692
f 3668 3714 3692
f 3715 3692 3714
f 3580 3603 3581
f 3603 3604 3581
f 3462 3463 3432
f 3432 3463 3433
f 3343 3342 3401
f 3400 3401 3342
f 3343 3312 3342
f 3312 3311 3342
f 3512 3492 3491
f 3512 3491 3511
f 2307 2306 2332
f 2307 2332 2333
f 2359 2388 2360
f 2389 2360 2388
f 2390 2361 2360
f 2390 2360 2389
f 2361 2334 2360
f 2334 2333 2360
f 2416 2415 2441
f 2440 2441 2415
f 2580 2550 2579
f 2549 2579 2550
f 2647 2668 2669
f 2647 2646 2668
f 2690 2691 2668
f 2691 2669 2668
f 2491 2490 2519
f 2490 2518 2519
f 2436 2461 2462
f 2461 2487 2462
f 2488 2463 2462
f 2437 2462 2463
f 2438 2463 2464
f 2489 2464 2463
f 1985 1920 2015
f 1984 2015 1920
f 2074 2040 2039
f 2074 2075 2040
f 1834 1833 1865
f 1834 1769 1833
f 2692 2713 2714
f 2692 2691 2713
f 3037 3038 3011
f 3037 3011 3010
f 2985 3011 2986
f 3039 2986 3011
f 2475 2451 2585
f 2555 2585 2451
f 2555 2451 2501
f 2501 2451 2428
f 2317 2428 2371
f 2428 2451 2371
f 2402 2452 2453
f 2502 2453 2452
f 2671 2612 2651
f 2695 2671 2651
f 2583 2611 2651
f 2583 2651 2612
f 2650 2694 2651
f 2695 2651 2694
f 2631 2651 2611
f 2650 2651 2631
f 18 54 19
f 32 19 54
f 56 54 55
f 32 54 56
f 89 125 126
f 88 125 89
f 88 124 125
f 163 125 124
f 200 242 201
f 200 277 242
f 775 816 817
f 775 817 776
f 703 777 704
f 703 776 777
f 707 706 744
f 707 744 745
f 530 557 531
f 558 531 557
f 529 528 555
f 554 555 528
f 175 138 100
f 101 100 138
f 358 393 431
f 357 393 358
f 829 868 791
f 867 868 829
f 721 756 757
f 721 720 756
f 793 757 756
f 793 756 792
f 830 868 869
f 830 869 831
f 404 367 403
f 404 368 367
f 226 184 225
f 183 225 184
f 264 265 225
f 264 225 224
f 183 182 225
f 182 224 225
f 368 369 337
f 336 368 337
f 302 336 337
f 302 337 303
f 3638 3660 3679
f 3638 3612 3660
f 3611 3659 3678
f 3637 3611 3678
f 3750 3727 3700
f 3750 3773 3727
f 3638 3679 3702
f 3638 3702 3661
f 3442 3441 3443
f 3442 3414 3441
f 3470 3441 3469
f 3440 3469 3441
f 3260 3261 3233
f 3260 3233 3232
f 3258 3259 3231
f 3258 3231 3230
f 3152 3153 3100
f 3152 3179 3153
f 3968 4007 3990
f 3968 3989 4007
f 4048 4067 4049
f 4048 4066 4067
f 4035 4067 4050
f 4035 4049 4067
f 4113 4100 4086
f 4113 4086 4099
f 3936 3935 3958
f 3936 3958 3977
f 4012 4033 4034
f 4012 4034 4013
f 3844 3870 3871
f 3893 3871 3870
f 1441 1417 1476
f 1475 1476 1417
f 1374 1473 1375
f 1438 1375 1473
f 1274 1238 1170
f 1274 1170 1204
f 1029 1028 1096
f 1029 1096 1097
f 1029 986 1028
f 1028 986 1027
f 1056 1087 1057
f 1017 1056 1057
f 1088 1057 1087
f 1019 1057 1089
f 1088 1089 1057
f 1021 1058 1022
f 1090 1058 1021
f 488 528 490
f 488 490 489
f 558 532 531
f 494 531 532
f 534 532 560
f 533 532 534
f 935 898 860
f 859 935 860
f 748 781 782
f 748 780 781
f 779 821 781
f 779 781 780
f 562 535 561
f 534 561 535
f 677 639 638
f 677 678 639
f 3972 3973 3953
f 3972 3953 3952
f 3996 3974 4010
f 3996 3975 3974
f 3955 3974 3956
f 3954 3974 3955
f 3973 3974 3953
f 3954 3953 3974
f 3837 3838 3818
f 3820 3818 3838
f 3863 3818 3817
f 3817 3818 3819
f 3867 3841 3840
f 3841 3822 3840
f 3820 3838 3839
f 3820 3839 3821
f 3772 3698 3749
f 3772 3699 3698
f 3777 3801 3830
f 3778 3777 3830
f 3968 3967 3989
f 3968 3926 3967
f 2270 2319 2320
f 2270 2294 2319
f 2565 2594 2595
f 2565 2564 2594
f 3009 2984 3036
f 3059 3009 3036
f 3059 3058 3085
f 3059 3035 3058
f 3029 3002 3028
f 3029 3003 3002
f 2977 2976 3002
f 2977 3002 3003
f 3576 3620 3577
f 3602 3577 3620
f 3642 3643 3620
f 3642 3620 3619
f 3601 3574 3600
f 3601 3575 3574
f 2899 2898 2920
f 2921 2899 2920
f 2921 2920 2922
f 2947 2922 2920
f 2900 2922 2923
f 2900 2921 2922
f 1648 1649 1618
f 1648 1618 1617
f 1583 1618 1619
f 1650 1619 1618
f 2776 2803 2804
f 2775 2803 2776
f 2831 2804 2803
f 2831 2803 2830
f 2054 2111 2113
f 2083 2111 2054
f 2112 2113 2111
f 2112 2111 2161
f 2161 2111 2160
f 973 931 972
f 930 972 931
f 816 893 817
f 854 817 893
f 887 849 848
f 887 888 849
f 772 773 739
f 740 739 773
f 811 772 771
f 811 771 810
f 772 739 771
f 738 771 739
f 738 737 771
f 770 771 737
f 770 737 769
f 769 737 736
f 1221 1188 1187
f 1221 1222 1188
f 1151 1187 1188
f 1151 1188 1152
f 1222 1223 1188
f 1224 1188 1223
f 1271 1201 1270
f 1200 1270 1201
f 1471 1413 1470
f 1471 1414 1413
f 1565 1533 1564
f 1564 1533 1532
f 1499 1532 1533
f 1499 1533 1501
f 2039 2037 2038
f 2012 2037 2039
f 1854 1825 1882
f 1854 1826 1825
f 1826 1793 1825
f 1793 1792 1825
f 3121 3120 3173
f 3172 3173 3120
f 3122 3173 3174
f 3122 3121 3173
f 2940 2847 2914
f 2893 2847 2940
f 3578 3622 3579
f 3579 3622 3623
f 3531 3554 3555
f 3531 3555 3532
f 3556 3582 3557
f 3583 3557 3582
f 3583 3582 3650
f 3650 3582 3625
f 3434 3465 3435
f 3434 3464 3465
f 3436 3435 3465
f 3436 3465 3466
f 2359 2387 2388
f 2358 2387 2359
f 2515 2545 2516
f 2546 2516 2545
f 1923 1987 1956
f 2017 1987 1923
f 1539 1636 1604
f 1572 1636 1539
f 3040 2988 2987
f 3039 3040 2987
f 2959 2958 2987
f 2959 2987 2988
f 2586 2531 2502
f 2586 2614 2531
f 314 348 383
f 382 383 348
f 416 348 347
f 416 382 348
f 261 295 262
f 262 295 296
f 509 542 510
f 543 510 542
f 222 181 180
f 223 181 222
f 143 142 181
f 142 180 181
f 357 392 393
f 357 323 392
f 299 334 300
f 299 333 334
f 366 334 333
f 366 367 334
f 335 301 334
f 301 300 334
f 269 304 270
f 270 304 305
f 303 304 268
f 269 268 304
f 306 271 341
f 341 271 305
f 3679 3660 3701
f 3660 3727 3701
f 3661 3702 3680
f 3703 3661 3680
f 3259 3204 3231
f 3232 3204 3259
f 3043 3020 2968
f 2943 2968 3020
f 3044 2943 3020
f 3044 3020 3099
f 3926 3902 3947
f 3903 3902 3926
f 3834 3854 3855
f 3834 3855 3856
f 4018 4017 4038
f 4003 4017 4018
f 3975 3997 3976
f 3996 3997 3975
f 1732 1668 1731
f 1697 1731 1668
f 1572 1539 1538
f 1572 1538 1571
f 1506 1571 1538
f 1506 1538 1476
f 1475 1505 1476
f 1506 1476 1505
f 898 861 860
f 823 860 861
f 1132 1167 1133
f 1201 1167 1132
f 1059 1060 978
f 979 978 1060
f 935 937 898
f 935 936 937
f 496 535 497
f 496 497 462
f 562 497 535
f 562 563 497
f 3834 3806 3833
f 3834 3833 3853
f 3875 3805 3780
f 3875 3780 3804
f 3782 3758 3781
f 3759 3758 3782
f 2974 2998 3000
f 2999 3000 2998
f 1743 1742 1776
f 1743 1776 1777
f 1741 1776 1742
f 770 769 808
f 807 808 769
f 848 849 808
f 807 848 808
f 890 852 851
f 890 851 889
f 667 699 668
f 700 668 699
f 738 739 699
f 700 699 739
f 656 689 730
f 656 730 690
f 800 730 729
f 731 730 800
f 1980 1981 1951
f 1980 1951 1950
f 1793 1794 1760
f 1759 1793 1760
f 2751 2698 2721
f 2751 2558 2698
f 2647 2608 2607
f 2647 2607 2646
f 2602 2545 2544
f 2602 2544 2543
f 2513 2570 2544
f 2570 2543 2544
f 2103 2133 2045
f 2078 2045 2133
f 1920 1864 1863
f 1919 1920 1863
f 1865 1833 1890
f 1833 1864 1890
f 1829 1860 1801
f 1829 1886 1860
f 421 350 385
f 420 421 385
f 277 279 242
f 278 279 277
f 347 348 279
f 278 347 279
f 314 279 348
f 314 244 279
f 396 435 397
f 434 435 396
f 396 397 362
f 361 396 362
f 500 501 428
f 465 428 501
f 3798 3774 3826
f 3797 3826 3774
f 3210 3209 3236
f 3210 3155 3209
f 4068 4070 4069
f 4068 4098 4070
f 4052 4070 4071
f 4086 4071 4070
f 3976 3997 3998
f 3976 3998 3958
f 4012 4013 3998
f 4012 3998 3997
f 3940 3962 3963
f 3939 3962 3940
f 1604 1636 1696
f 1604 1696 1668
f 1607 1574 1606
f 1637 1607 1606
f 1204 1170 1135
f 1203 1204 1135
f 1094 1063 1135
f 1063 1134 1135
f 980 1060 1025
f 1024 1025 1060
f 1274 1305 1275
f 1274 1273 1305
f 1373 1337 1305
f 1337 1275 1305
f 3721 3769 3722
f 3746 3722 3769
f 3723 3674 3696
f 3654 3674 3723
f 3048 3049 3050
f 3048 3050 3026
f 3159 3107 3106
f 3158 3159 3106
f 3107 3076 3106
f 3076 3075 3106
f 3133 3106 3105
f 3105 3106 3075
f 1022 977 976
f 1022 1023 977
f 1856 1884 1912
f 1856 1855 1884
f 350 316 385
f 349 385 316
f 248 247 284
f 284 247 283
f 635 598 634
f 598 597 634
f 635 634 673
f 673 634 672
f 574 575 508
f 509 508 575
f 434 508 435
f 470 508 434
f 3592 3634 3593
f 3610 3634 3592
f 3656 3675 3634
f 3656 3634 3610
f 3676 3634 3675
f 3676 3657 3634
f 2916 3101 3021
f 2916 3071 3101
f 3100 3153 3101
f 3100 3101 3071
f 4003 4016 4017
f 4003 3981 4016
f 1137 1173 1207
f 1137 1207 1208
f 1307 1276 1207
f 1307 1207 1240
f 1203 1135 1061
f 1203 1061 1169
f 1134 1061 1135
f 982 983 981
f 939 981 983
f 349 316 282
f 349 282 281
f 3182 3154 3128
f 3102 3154 3182
f 3206 3181 3128
f 3206 3207 3181
f 1508 1507 1540
f 1479 1507 1508
f 1479 1478 1507
f 1028 1027 1026
f 1027 984 1026
f 982 1026 983
f 1063 1026 982
f 1441 1476 1477
f 1476 1538 1477

