ply
format ascii 1.0
comment Created by Open3D
element vertex 4131
property double x
property double y
property double z
property double nx
property double ny
property double nz
property uchar red
property uchar green
property uchar blue
end_header
-50 170 648 0.503636 -0.662073 -0.554987 170 93 85
-49 170 648.4 0.501168 -0.660877 -0.558634 171 94 88
-48.8 170 648.8 0.500635 -0.664302 -0.555039 171 94 88
-48 170 648.8 0.496563 -0.667325 -0.555071 171 97 88
-47 170 649 0.494377 -0.676071 -0.546369 174 100 91
-46 170 649 0.49357 -0.676332 -0.546775 174 100 87
-46 170.2 649.2 0.491732 -0.679811 -0.54411 174 100 87
-45 170.4 649.4 0.488379 -0.685494 -0.539985 176 103 88
-53 170 645 0.47989 -0.685925 -0.547003 163 86 78
-52.2 170 645.2 0.492535 -0.676152 -0.547931 166 89 81
-52 170 646 0.500214 -0.671797 -0.546328 168 91 83
-51 170 646.2 0.501257 -0.667292 -0.550875 169 92 84
-51 170.2 647.2 0.501603 -0.665551 -0.552662 169 92 82
-50 170.4 647.4 0.503636 -0.662073 -0.554987 170 93 85
-48.2 171 648.2 0.498488 -0.669054 -0.55125 171 94 88
-47 171 648.6 0.49357 -0.676332 -0.546775 176 99 91
-46.2 171 649.2 0.487957 -0.683354 -0.543071 173 99 86
-46 171 649.2 0.487957 -0.683354 -0.543071 173 99 86
-45 171 649.4 0.484733 -0.687792 -0.540348 175 102 87
-56 170 641 0.359986 -0.664024 -0.655349 156 79 73
-55 170 642.2 0.402802 -0.682985 -0.60933 156 82 73
-54 170 643.2 0.431552 -0.705149 -0.562608 161 84 76
-53 170.4 644.4 0.472315 -0.697747 -0.538579 163 86 76
-51 171 646 0.497612 -0.669452 -0.551558 168 90 80
-50.2 171 646.2 0.501814 -0.66415 -0.554155 169 92 82
-50 171 647 0.503608 -0.662524 -0.554474 171 94 84
-49 171 647.6 0.499139 -0.668283 -0.551596 172 98 87
-48 171 648 0.499023 -0.672226 -0.54689 173 99 88
-48 171.2 648.2 0.499023 -0.672226 -0.54689 173 99 88
-47 171.6 648.6 0.489593 -0.680301 -0.545426 173 99 88
-46.2 171.8 649 0.48763 -0.683042 -0.543756 174 100 89
-45 172 649.2 0.484652 -0.689722 -0.537955 175 101 90
-76 171 644.2 -0.779519 -0.0229107 -0.625959 56 22 20
-75.2 171 644.8 -0.775542 0.0168823 -0.63107 68 33 29
-74.8 171 645 -0.7759 0.0155365 -0.630665 78 38 36
-74 171 644.2 -0.76585 0.0111076 -0.642924 85 42 36
-73.2 171 644.2 -0.764931 0.00550329 -0.644089 88 40 36
-72.4 170.8 643.4 -0.746998 -0.0350948 -0.663899 92 39 35
-71.8 170.4 642.4 -0.702287 -0.0388802 -0.710831 96 40 39
-71 170.4 642 -0.667462 -0.100226 -0.737868 93 42 39
-70 170 641 -0.602668 -0.153776 -0.783036 92 41 40
-69 170 639.6 -0.546634 -0.235351 -0.803618 95 44 41
-68 170 639.6 -0.477601 -0.286257 -0.830635 99 48 44
-60 170 639.2 0.161222 -0.568026 -0.807065 145 72 66
-59 170 639.8 0.212202 -0.591909 -0.777569 147 74 68
-58 170 640.2 0.269659 -0.614667 -0.741261 150 75 70
-57 170 641 0.337086 -0.644156 -0.686612 155 80 74
-56 170.2 641.2 0.36401 -0.66738 -0.649693 156 81 75
-53 171 643.8 0.467426 -0.69975 -0.540244 163 86 76
-52 171 644.4 0.486984 -0.697174 -0.526113 165 88 78
-51 171.2 645.2 0.502188 -0.676227 -0.539003 168 91 81
-48 172 647.6 0.497873 -0.675637 -0.543725 173 99 88
-47 172 648 0.489593 -0.680301 -0.545426 173 99 88
-46 172 648.6 0.487316 -0.685234 -0.541273 173 99 88
-46 172.2 648.8 0.487403 -0.686444 -0.53966 174 100 89
-45 172.2 649 0.484652 -0.689722 -0.537955 175 101 90
-76.2 172.2 646.6 -0.792068 -0.093099 -0.603292 58 30 29
-75.8 172 646.6 -0.789657 -0.0742584 -0.609038 68 39 35
-75 172.2 646.6 -0.787479 -0.0489872 -0.614392 75 41 39
-74 172.2 646 -0.786289 -0.0265168 -0.61729 82 43 38
-73.2 172 645.6 -0.780286 -0.0121355 -0.625306 84 40 37
-72.8 171.8 644.2 -0.7691 -0.0186459 -0.638856 87 40 34
-72 171.4 643.4 -0.751065 -0.0452014 -0.658679 91 42 38
-71 171.2 642.6 -0.703383 -0.0929065 -0.704713 92 41 38
-70 171 641.8 -0.645752 -0.131983 -0.752054 92 41 40
-69.4 171 641 -0.595923 -0.196883 -0.778532 93 42 41
-69 171 640.2 -0.566408 -0.218657 -0.794588 95 44 43
-68 170.8 639.8 -0.52088 -0.245089 -0.817689 97 46 43
-67 170.6 639.6 -0.433092 -0.312359 -0.845496 100 49 46
-66.2 170.2 639 -0.332786 -0.355023 -0.87362 103 52 48
-66 170 638.6 -0.29279 -0.384771 -0.875343 105 54 50
-65 170 638.6 -0.191904 -0.434004 -0.880235 112 59 53
-64 170 638.6 -0.0933828 -0.456218 -0.884955 115 60 55
-63 170 638.6 -0.0157513 -0.470248 -0.882394 128 67 62
-62 170 638.8 0.0537425 -0.505178 -0.86134 132 72 64
-61 170 638.8 0.106081 -0.536092 -0.837468 138 73 67
-60 170.4 639.4 0.155853 -0.568772 -0.807594 140 73 67
-59 170.4 639.4 0.19669 -0.601471 -0.774303 144 73 67
-57 171 640.6 0.311234 -0.643514 -0.699301 154 81 74
-56 171 640.6 0.347967 -0.666065 -0.659754 154 81 74
-55 171 641.6 0.388271 -0.680921 -0.62096 156 83 76
-54 171 642.4 0.424903 -0.69808 -0.576317 160 87 78
-53 171.2 643.2 0.458362 -0.696345 -0.552275 161 87 76
-52 171.6 643.6 0.484438 -0.695243 -0.530996 163 89 78
-52 171.8 643.8 0.487214 -0.696283 -0.52708 166 89 79
-49 172 646 0.499961 -0.668158 -0.551003 171 97 86
-48 172.8 646.8 0.493888 -0.679815 -0.542149 171 97 86
-47 173 647.6 0.487316 -0.685234 -0.541273 173 99 88
-46 173 648 0.48454 -0.689242 -0.538671 174 100 89
-45 173 648.8 0.484157 -0.691848 -0.535666 176 102 91
-77 173.6 648.6 -0.817885 -0.201908 -0.538792 45 24 23
-76.8 173.8 648.8 -0.811398 -0.206103 -0.54695 59 35 35
-76 173.6 648.6 -0.808584 -0.166901 -0.564213 69 41 38
-75 173.2 647.8 -0.796865 -0.107283 -0.594556 73 42 40
-74 173.2 647.6 -0.791039 -0.0729108 -0.607406 80 42 39
-73.6 173 646.4 -0.791661 -0.0443894 -0.609346 82 41 39
-73 172.8 645.4 -0.781054 -0.0252855 -0.623952 85 40 35
-72 172.2 644 -0.768928 -0.0501094 -0.637369 88 40 36
-71 172 643 -0.725008 -0.0809395 -0.683968 91 41 40
-70 172 642 -0.659979 -0.157323 -0.734627 92 42 41
-69.4 172 641.4 -0.646586 -0.185308 -0.739992 93 45 43
-69 171.4 640.4 -0.57652 -0.206008 -0.790686 93 45 43
-68 171.2 640.2 -0.522439 -0.23463 -0.81976 94 46 42
-67 171 639.6 -0.427206 -0.304544 -0.851322 97 49 45
-66 171 638.6 -0.309914 -0.36722 -0.876985 100 53 47
-65 171 638.6 -0.196986 -0.429191 -0.881471 109 60 53
-64 171 638.6 -0.0836482 -0.449739 -0.889234 115 62 56
-63 171 638.8 -0.026037 -0.478566 -0.877665 124 67 60
-62 171 638.8 0.041302 -0.507781 -0.860495 127 70 63
-61 171 638.8 0.107999 -0.54003 -0.834688 134 74 66
-60 171 639.4 0.1473 -0.573512 -0.805845 143 76 70
-59 171 639.4 0.19194 -0.597191 -0.778795 144 75 70
-58 171 639.4 0.244167 -0.619738 -0.74586 145 74 68
-58 171.2 640.2 0.259614 -0.614187 -0.745235 147 76 70
-57 171.2 640.2 0.302646 -0.631634 -0.713754 149 78 72
-56 171.4 640.4 0.343149 -0.653345 -0.674826 150 79 73
-55.6 171.6 640.6 0.364813 -0.66598 -0.650678 154 81 74
-54 172 641.6 0.418513 -0.685386 -0.595897 160 87 78
-53 172 642.4 0.445339 -0.697183 -0.561791 161 87 76
-52 172 643 0.47386 -0.701357 -0.532499 162 88 77
-51.8 172 643 0.472302 -0.702829 -0.531942 164 90 79
-51 172 643.8 0.488826 -0.703782 -0.5155 167 93 82
-50 172 644 0.501172 -0.697157 -0.512639 169 95 82
-48 173 646 0.493888 -0.679815 -0.542149 170 96 85
-47 173.2 647 0.487283 -0.685393 -0.541103 174 100 89
-46 173.2 647 0.483595 -0.693322 -0.534266 176 102 91
-46 173.6 647.6 0.483595 -0.693322 -0.534266 177 103 92
-45 173.6 647.8 0.482928 -0.69592 -0.531485 177 103 92
-77.2 174.6 649.6 -0.827201 -0.253566 -0.50144 47 27 26
-76.8 174.6 649.4 -0.815888 -0.211192 -0.538261 60 36 36
-76 174.4 649.2 -0.811398 -0.206103 -0.54695 67 42 38
-75 174.2 648.4 -0.803775 -0.17103 -0.56982 72 42 40
-74 174 647.6 -0.797498 -0.101671 -0.594694 78 43 39
-73.6 174 646.6 -0.798067 -0.0528783 -0.600244 82 42 40
-73 173.6 645.6 -0.780905 -0.0441932 -0.623084 83 42 38
-72 173 644.2 -0.777133 -0.0597918 -0.626489 85 41 38
-71 173 643.2 -0.741452 -0.0859415 -0.66548 86 42 39
-69.2 172.2 641.2 -0.615857 -0.193816 -0.763646 90 46 43
-69 172 640.2 -0.589139 -0.219308 -0.777702 90 46 43
-68 172 640 -0.520318 -0.23824 -0.820068 90 47 41
-67 172 639.6 -0.426238 -0.289219 -0.857131 93 50 44
-66.2 171.8 639 -0.377619 -0.334367 -0.863483 98 53 47
-66 171.8 638.8 -0.316335 -0.367024 -0.874772 102 55 49
-65 171.8 638.8 -0.254792 -0.391224 -0.884322 107 60 52
-64 171.8 638.8 -0.100233 -0.439183 -0.892788 118 65 59
-63 171.8 638.8 -0.0324055 -0.458166 -0.888276 124 66 62
-62 171.8 638.8 0.0370794 -0.491802 -0.869917 134 71 66
-61 171.8 638.8 0.0810615 -0.550757 -0.83072 137 74 69
-60 171.8 639 0.127745 -0.58248 -0.802744 141 73 70
-60 172 639.4 0.125103 -0.579199 -0.805529 144 77 71
-59 172 639.4 0.159202 -0.609294 -0.776798 144 75 70
-58 172 639.4 0.231523 -0.623216 -0.746993 144 75 68
-57.6 172 639.6 0.269682 -0.618034 -0.738448 145 76 69
-57 172 640.2 0.289555 -0.631415 -0.719356 147 76 70
-56 172 640.2 0.33932 -0.649973 -0.679997 150 79 73
-55.4 172 640.4 0.357648 -0.665701 -0.654928 153 83 75
-55 172 640.6 0.360378 -0.678348 -0.640291 154 84 76
-54 172.4 641.4 0.416868 -0.686546 -0.595715 159 86 77
-53.6 172.6 641.6 0.413477 -0.695467 -0.587676 159 86 77
-51.8 173 642.8 0.470741 -0.70741 -0.527232 164 90 79
-50 173 643.6 0.501995 -0.705303 -0.500549 169 95 82
-49 173 644.6 0.503981 -0.694274 -0.513796 173 96 86
-48 173.2 645 0.496348 -0.68812 -0.529273 173 96 86
-48 173.6 645.6 0.492515 -0.683042 -0.539336 172 98 87
-47 173.8 646 0.485344 -0.691014 -0.535669 175 101 90
-45 174 647.6 0.482001 -0.697051 -0.530843 177 103 92
-77.4 175.4 650.6 -0.833159 -0.26334 -0.486311 54 36 36
-77 175.2 650.2 -0.827201 -0.253566 -0.50144 63 42 41
-76 175.4 649.6 -0.82098 -0.232205 -0.521606 69 43 42
-75 175 648.4 -0.807893 -0.181717 -0.560614 73 43 41
-74 175 647.6 -0.80285 -0.151919 -0.5765 74 43 38
-73.6 174.6 646.6 -0.801205 -0.101816 -0.589665 78 43 39
-73 174 645.6 -0.793109 -0.0732063 -0.604664 79 44 38
-71 173.2 643.2 -0.752531 -0.0943836 -0.651758 82 42 40
-70 173 642.2 -0.697859 -0.184263 -0.692127 85 45 43
-69.2 173 641.2 -0.635113 -0.208009 -0.743884 88 49 44
-69 173 640.6 -0.624655 -0.202704 -0.754134 88 49 44
-68 172.8 639.8 -0.546412 -0.252277 -0.798618 88 49 44
-67 172.8 639.8 -0.463854 -0.287304 -0.838031 91 50 46
-66.2 172.2 639 -0.369498 -0.342449 -0.863828 95 54 48
-66 172.2 639 -0.354922 -0.350933 -0.866531 101 56 51
-65 172 638.8 -0.269108 -0.385202 -0.882723 108 61 55
-64 172 638.8 -0.119499 -0.44644 -0.886798 113 62 58
-63.8 172 638.4 -0.108538 -0.454563 -0.884077 117 64 58
-63 172 638.8 -0.0324055 -0.458166 -0.888276 123 65 61
-62 172 638.8 0.0370794 -0.491802 -0.869917 135 70 66
-61 172 638.6 0.070842 -0.556376 -0.827906 138 73 69
-60 172.2 638.8 0.121568 -0.589294 -0.79872 142 74 71
-59.6 172.2 638.8 0.133244 -0.591673 -0.79509 146 77 72
-59 172.2 639 0.150422 -0.609632 -0.778281 144 75 70
-58 172.2 639 0.219142 -0.617045 -0.755799 143 74 67
-57.6 172.6 639.6 0.257921 -0.622325 -0.739046 144 75 68
-57 172.6 639.6 0.269477 -0.629165 -0.729064 146 77 70
-56 172.6 639.6 0.303897 -0.645434 -0.700758 150 81 74
-55 172.6 639.6 0.35005 -0.667994 -0.656695 154 84 76
-54 173 640.4 0.38384 -0.686823 -0.617204 157 84 75
-53 173 641 0.414988 -0.694707 -0.587509 158 85 76
-52 173 641.8 0.456371 -0.696623 -0.553572 160 87 78
-51 173 641.8 0.462968 -0.709021 -0.531929 163 91 79
-51 173.6 642.6 0.469075 -0.712608 -0.521688 166 94 82
-50 173.6 642.6 0.483016 -0.721989 -0.495407 168 94 83
-49.6 174 643.6 0.497733 -0.717963 -0.486611 170 96 85
-48 174 644.6 0.502411 -0.702665 -0.50383 173 96 86
-47.6 174 644.6 0.500803 -0.702534 -0.505611 176 99 89
-47 174 645.6 0.488038 -0.692602 -0.531151 178 101 91
-46 174 645.6 0.483336 -0.695835 -0.531225 177 103 92
-46 174.6 646.6 0.48063 -0.698373 -0.530349 176 102 91
-45 174.6 646.6 0.470592 -0.708952 -0.52529 176 102 91
-77.4 176.2 650.6 -0.829713 -0.265314 -0.491106 52 36 36
-77 176.2 650.2 -0.829713 -0.265314 -0.491106 61 41 42
-76 176 649.8 -0.821309 -0.270691 -0.502173 66 42 40
-75 175.6 648.6 -0.810969 -0.213493 -0.544748 70 42 41
-73.6 175 646.6 -0.800999 -0.114446 -0.587624 73 42 39
-73 175 645.4 -0.801363 -0.116041 -0.586815 74 43 40
-72 174 643.8 -0.782164 -0.0909653 -0.616396 76 42 40
-71 174 642.6 -0.746116 -0.163488 -0.645432 80 42 41
-70 174 641.6 -0.69614 -0.213238 -0.685506 85 45 45
-69.2 174 641.2 -0.653156 -0.215328 -0.725962 88 48 46
-69 173.6 640.6 -0.630045 -0.228086 -0.742308 89 49 47
-68 173 639.8 -0.558722 -0.254666 -0.789288 89 49 47
-67 173 639.2 -0.464826 -0.288526 -0.837072 91 50 48
-66.2 173 639 -0.365754 -0.35439 -0.8606 94 53 47
-66 173 638.8 -0.351744 -0.356121 -0.86571 99 54 49
-65 173 638.8 -0.274425 -0.39962 -0.87464 106 61 55
-64 173 638.6 -0.141895 -0.454612 -0.879314 112 63 58
-63.8 173 638.4 -0.121716 -0.453501 -0.882905 115 65 58
-63 173 638.4 -0.0585732 -0.483543 -0.873359 121 66 61
-62 173 638.8 0.0107067 -0.512491 -0.858626 130 69 64
-61 173 638.4 0.0550444 -0.569685 -0.820018 133 72 67
-60 173 638.4 0.0974647 -0.600682 -0.793525 139 74 70
-59.4 173 638.4 0.12429 -0.620479 -0.774312 143 76 68
-59 173 638.4 0.152773 -0.625961 -0.764744 144 75 68
-58 173 638.4 0.199549 -0.631914 -0.748909 143 76 68
-57 173 638.6 0.268516 -0.639531 -0.720347 143 76 68
-56 173 639.2 0.304769 -0.644019 -0.70168 150 81 74
-55 173 639.6 0.349027 -0.667941 -0.657293 153 85 76
-55 173.2 639.6 0.346031 -0.665083 -0.661761 154 86 77
-54 173.2 640 0.378558 -0.687226 -0.620012 154 84 74
-53 173.2 640.2 0.403948 -0.692315 -0.597934 156 86 76
-53 173.6 640.6 0.402521 -0.697107 -0.593312 157 87 77
-52 173.8 640.8 0.42478 -0.710523 -0.560998 158 88 78
-50 174 642.4 0.474752 -0.721346 -0.504252 164 94 82
-49 174 642.6 0.491506 -0.725777 -0.481321 168 96 84
-49 174.4 643.4 0.49994 -0.7222 -0.478004 169 95 84
-48 174.6 643.6 0.496509 -0.726746 -0.474677 173 96 86
-47.2 175 644.2 0.49508 -0.725624 -0.477876 176 99 89
-45.6 175 645.6 0.474497 -0.711708 -0.518 176 102 91
-45 175 646.2 0.472348 -0.708881 -0.523808 176 102 91
-77.8 177.2 651.4 -0.835032 -0.27458 -0.476789 53 37 38
-77 176.8 650.2 -0.829713 -0.265314 -0.491106 62 42 43
-76 176.6 649.6 -0.829713 -0.265314 -0.491106 67 43 43
-75 176 648.4 -0.808221 -0.214084 -0.548587 71 43 42
-74 176 647.2 -0.800737 -0.215142 -0.559048 74 46 43
-73.2 176 646.2 -0.79914 -0.195812 -0.568359 74 44 42
-73 175.2 645 -0.805405 -0.145786 -0.574517 73 45 41
-72 175 643.6 -0.780427 -0.146503 -0.607841 75 44 41
-71 175 642.4 -0.753737 -0.221888 -0.618584 80 41 42
-70 174.6 641.6 -0.706803 -0.238849 -0.665868 86 44 46
-69 174 640.6 -0.631658 -0.241178 -0.736777 89 49 49
-68.8 174 639.8 -0.618542 -0.256649 -0.742655 91 51 51
-68 173.8 639 -0.542283 -0.295187 -0.786634 91 50 48
-67 173.8 639 -0.475165 -0.298527 -0.827708 91 50 48
-66 173.4 638.2 -0.350507 -0.374737 -0.858322 92 51 47
-65 173.2 638 -0.249149 -0.41959 -0.872851 103 60 54
-64 173.2 638 -0.145447 -0.455492 -0.878278 110 62 58
-63.8 173.8 637.6 -0.158392 -0.487193 -0.85881 115 66 61
-63 173.8 637.8 -0.0807844 -0.506459 -0.858471 121 68 64
-62 173.8 637.8 -0.0333712 -0.55777 -0.829325 124 69 64
-61 173.8 637.8 0.0156484 -0.608047 -0.793747 129 70 64
-60 173.8 638 0.0639799 -0.634076 -0.770619 135 72 67
-59.2 173.8 638 0.118731 -0.64836 -0.752019 138 74 65
-59 173.8 638.2 0.124767 -0.63827 -0.759635 143 76 68
-58 173.8 638.2 0.19163 -0.651928 -0.733668 145 78 70
-54 174 639.6 0.365556 -0.688833 -0.626001 153 85 76
-53 174 639.8 0.386088 -0.703805 -0.596317 155 87 78
-52 174 640.6 0.413174 -0.712564 -0.567045 157 89 78
-51 174 640.6 0.416993 -0.732521 -0.538079 160 92 81
-51 174.4 641.4 0.435192 -0.727771 -0.530055 160 92 81
-50 174.4 641.4 0.443985 -0.741439 -0.503136 163 93 83
-48 175 643.4 0.494479 -0.734356 -0.464986 172 95 85
-47 175 643.4 0.497228 -0.732156 -0.465523 175 98 88
-46 175 644.6 0.479878 -0.713584 -0.510406 175 101 90
-45.6 175.6 645.4 0.472795 -0.714916 -0.515131 177 103 92
-45 175.6 645.6 0.472925 -0.717354 -0.511611 177 103 92
-77.2 177.4 650.4 -0.827272 -0.280409 -0.486819 53 39 36
-77 177.2 650 -0.829713 -0.265314 -0.491106 61 41 40
-76 177 649 -0.82306 -0.272677 -0.498216 68 43 39
-75 177 648 -0.800434 -0.31206 -0.511785 73 42 40
-73.2 176.2 646.2 -0.798364 -0.233747 -0.554957 80 42 41
-72.2 176 644.2 -0.787555 -0.2515 -0.562588 78 42 42
-72 175.8 642.8 -0.776525 -0.260996 -0.573489 79 43 43
-71 175.2 642.2 -0.75047 -0.23663 -0.617091 80 46 44
-70 175 641 -0.684349 -0.254152 -0.683428 83 48 46
-68.8 174.8 639.8 -0.618452 -0.300727 -0.726003 88 48 48
-68 174.2 639 -0.555531 -0.288962 -0.779671 88 48 46
-67 174.2 638.8 -0.48255 -0.324591 -0.813502 91 50 48
-66 174 637.8 -0.362681 -0.404653 -0.839476 96 52 49
-65.8 174 637.8 -0.36255 -0.408059 -0.837881 99 54 51
-65 174 637.6 -0.268358 -0.438774 -0.857591 104 57 51
-64 174 637 -0.190991 -0.502934 -0.842959 110 59 55
-63.2 174 637 -0.132541 -0.552899 -0.822639 116 63 57
-63 174 637 -0.0853598 -0.580809 -0.809552 122 64 60
-62 174 637 -0.0492447 -0.614586 -0.787311 126 69 62
-61 174 637 -0.00862564 -0.645209 -0.763957 127 68 62
-60 174 637.2 0.023145 -0.6548 -0.755448 132 72 64
-59 174 637 0.0985848 -0.671419 -0.734491 138 75 66
-58 174 637.4 0.187332 -0.678266 -0.710536 142 78 69
-57 174 637.4 0.221661 -0.691562 -0.687465 147 80 71
-56 174 638.2 0.2695 -0.690914 -0.670826 148 81 72
-55 174 638.4 0.288052 -0.695712 -0.658035 149 83 71
-55 174.2 638.6 0.296189 -0.695806 -0.654313 151 85 73
-54 174.8 639 0.328518 -0.71786 -0.613802 155 87 74
-53 174.8 638.8 0.345441 -0.730894 -0.588612 155 87 74
-49 175 641.4 0.458691 -0.745631 -0.48336 168 96 82
-48 175.4 642.4 0.486107 -0.745943 -0.455269 172 98 87
-46 176 644 0.480794 -0.741917 -0.467329 175 101 90
-45 176 644.6 0.469489 -0.736633 -0.486777 176 102 91
-44 176 645.4 0.462252 -0.729558 -0.504052 177 103 92
-77 178 650.2 -0.819398 -0.328902 -0.469479 53 39 36
-76.8 178 649.4 -0.819398 -0.328902 -0.469479 61 41 40
-76 177.8 648.4 -0.800363 -0.338609 -0.494735 67 43 39
-75 177.6 647.6 -0.780534 -0.363379 -0.508647 73 43 41
-74 177 646.6 -0.77997 -0.320381 -0.53759 78 44 42
-72 176 642.8 -0.77916 -0.280507 -0.560559 78 44 42
-71 176 641.8 -0.742191 -0.308294 -0.595069 78 47 44
-70 175.8 640.8 -0.69204 -0.325664 -0.644224 81 47 45
-69 175 639.8 -0.63014 -0.312339 -0.710893 83 49 47
-68.8 175 639.6 -0.618106 -0.317899 -0.718947 86 48 47
-68 175 638.8 -0.55294 -0.364207 -0.749407 87 49 46
-67 174.8 637.8 -0.473007 -0.417153 -0.776047 90 50 48
-66 174.8 637.8 -0.386317 -0.452713 -0.803623 94 53 47
-65.8 174.8 637.6 -0.39068 -0.458817 -0.798033 99 56 50
-65 174.8 637.6 -0.290752 -0.496836 -0.81769 102 57 51
-64 174.8 637 -0.221626 -0.551647 -0.804094 108 59 54
-63.2 174.8 637 -0.168834 -0.582658 -0.794988 112 62 55
-63 174.8 637 -0.145264 -0.595431 -0.790164 118 63 58
-62 174.8 637 -0.0936283 -0.642191 -0.760805 122 67 60
-61 174.6 636.8 -0.0261143 -0.681394 -0.731451 128 71 62
-60 174.8 637 0.017237 -0.711546 -0.702428 132 73 65
-59 174.8 637 0.084107 -0.723855 -0.684807 140 77 68
-59 174.6 636.8 0.084107 -0.723855 -0.684807 141 77 68
-58 174.6 636.8 0.170663 -0.72227 -0.670224 142 78 69
-55 175 637.6 0.271862 -0.732478 -0.624152 150 83 74
-54 175 638.4 0.310341 -0.721996 -0.618394 155 87 76
-53 175 638.8 0.340106 -0.738901 -0.581682 159 89 77
-52 175 639.4 0.362729 -0.741538 -0.564401 159 89 77
-51 175 639.4 0.381428 -0.746919 -0.544633 162 90 78
-50 175 640 0.412149 -0.750521 -0.516578 166 94 80
-47 176 642 0.476246 -0.752991 -0.454086 172 98 85
-46 176.4 643.4 0.481316 -0.749956 -0.453764 174 102 88
-45 176.8 643.8 0.461194 -0.758185 -0.460929 175 103 89
-78 178.2 648.8 -0.822204 -0.3365 -0.459074 45 35 33
-77 178.8 649.2 -0.788708 -0.388137 -0.476749 53 42 36
-76.6 178.6 648.6 -0.77249 -0.411408 -0.483739 61 43 39
-76 178.2 648 -0.77406 -0.409777 -0.482611 67 43 39
-75 178 647.2 -0.775943 -0.383321 -0.500976 72 42 40
-73 177 644.4 -0.763444 -0.405312 -0.502867 78 44 42
-72 177 643.4 -0.767916 -0.370838 -0.522288 76 45 42
-71.8 176.8 642 -0.746168 -0.37316 -0.551349 78 47 44
-71 176.2 641.2 -0.722579 -0.333764 -0.605378 79 48 45
-70 176 640.8 -0.693807 -0.32636 -0.641967 80 49 46
-69 176 639.8 -0.639736 -0.364965 -0.676416 82 49 44
-67 175.8 638 -0.485855 -0.447516 -0.750783 90 51 46
-66 175.6 637.4 -0.408192 -0.492007 -0.768966 93 54 47
-65.8 175.2 637 -0.396775 -0.485632 -0.77893 99 56 50
-65 175 636.8 -0.302983 -0.512402 -0.803521 101 58 51
-64 175 636.6 -0.213825 -0.566509 -0.79583 107 60 54
-63 175 636.4 -0.156985 -0.624547 -0.765047 115 62 56
-62 175 636.4 -0.109646 -0.671707 -0.732658 119 66 58
-61 175 636.2 -0.063348 -0.709713 -0.701637 123 68 61
-60 175 636 -0.008322 -0.745613 -0.666327 132 75 66
-59 175 636.2 0.0766969 -0.75711 -0.648769 141 78 69
-58.8 175 636 0.080089 -0.760729 -0.64411 142 78 69
-58 175 636.6 0.170275 -0.736486 -0.654671 143 79 70
-57 175 636.6 0.210663 -0.744742 -0.63323 143 79 70
-56.6 175 636.6 0.21634 -0.746022 -0.629799 146 79 71
-56 175 636.6 0.241539 -0.746028 -0.620565 149 82 74
-55 175.2 637.2 0.261361 -0.739697 -0.620112 151 84 75
-55 175.4 637.4 0.261361 -0.739697 -0.620112 150 83 74
-54 175.6 637.6 0.285245 -0.749088 -0.597915 155 87 76
-53 175.8 637.8 0.314495 -0.746791 -0.586001 157 89 78
-50 176 639.4 0.385665 -0.761363 -0.521142 168 96 84
-49 176 640 0.426686 -0.760672 -0.489201 168 96 84
-48 176 640.8 0.462715 -0.755265 -0.464187 170 98 84
-47 176.4 641.4 0.47188 -0.757604 -0.450959 170 98 84
-44 177 644 0.462079 -0.75803 -0.460297 176 104 90
-78 179 648 -0.770653 -0.435266 -0.465444 47 37 35
-77 179 648.2 -0.770653 -0.435266 -0.465444 54 43 39
-76.2 179 648.2 -0.767277 -0.419111 -0.485419 62 44 42
-75.8 178.8 647.2 -0.767277 -0.419111 -0.485419 65 44 41
-75 178.6 646.6 -0.739238 -0.464165 -0.487932 71 43 42
-74 178 645.2 -0.740789 -0.480966 -0.468938 74 44 42
-73 178 644.4 -0.730309 -0.500841 -0.464551 75 44 42
-71.8 177 641.8 -0.73461 -0.398329 -0.549256 78 47 45
-71 177 640.8 -0.707659 -0.387753 -0.590649 82 48 46
-70 176.8 639.8 -0.661031 -0.390091 -0.640988 82 48 46
-69 176.8 639.8 -0.63272 -0.389035 -0.669565 83 48 46
-68 176 638.6 -0.572133 -0.404233 -0.713624 86 48 45
-67 176 637.6 -0.496974 -0.461793 -0.734686 91 50 48
-66 176 637.6 -0.42128 -0.485895 -0.765787 94 53 47
-65.8 176 636.8 -0.422069 -0.508539 -0.750497 99 54 49
-65 176 636.8 -0.361688 -0.52888 -0.767768 101 56 50
-64 175.8 636.6 -0.287004 -0.581996 -0.760861 108 59 54
-63 175.8 636.2 -0.199717 -0.649057 -0.734056 115 62 56
-61 175.8 636 -0.0824837 -0.739197 -0.668419 127 70 61
-60 175.8 636 -0.00329823 -0.755337 -0.655328 133 74 66
-59 175.6 635.8 0.0608684 -0.76868 -0.636731 139 79 69
-58.8 175.8 636 0.0895901 -0.769079 -0.632843 142 79 70
-58 175.8 636 0.138488 -0.770938 -0.621671 143 79 70
-56.4 176 636.4 0.221489 -0.766905 -0.602329 144 80 70
-55 176 636.6 0.24745 -0.763224 -0.596874 151 84 75
-54 176 637.4 0.278925 -0.749791 -0.600012 154 86 75
-53 176 637.6 0.314645 -0.754223 -0.576321 157 89 78
-52.6 176 637.6 0.32885 -0.752609 -0.570471 160 90 80
-52 176 638 0.335374 -0.755142 -0.563281 162 92 82
-51 176 638 0.357233 -0.755566 -0.549095 163 93 83
-50.4 176.4 638.4 0.36557 -0.753939 -0.545834 163 93 83
-50 176.4 638.4 0.374942 -0.752459 -0.541501 169 97 85
-48.4 177 639.4 0.435843 -0.758897 -0.483855 170 98 86
-47 177 640.4 0.453924 -0.76632 -0.45465 171 99 87
-46 177 641.6 0.460775 -0.765469 -0.449159 173 101 87
-45 177 642 0.45386 -0.767735 -0.45232 174 102 88
-45 177.6 642.6 0.454064 -0.767875 -0.451877 173 104 89
-44 177.6 642.6 0.454427 -0.770083 -0.447736 174 105 90
-78 179.2 647 -0.756272 -0.450622 -0.474333 49 37 37
-77 179.2 647.2 -0.756272 -0.450622 -0.474333 54 43 41
-76 179.2 647 -0.730394 -0.48758 -0.47832 62 44 44
-75.2 179.2 646.4 -0.717092 -0.5002 -0.485365 66 45 44
-75 179 645.6 -0.714297 -0.520717 -0.467583 71 42 44
-73 178.4 643.4 -0.691993 -0.53248 -0.487453 75 43 44
-72 178 642.2 -0.699762 -0.48872 -0.521043 74 43 41
-71.2 178 641.2 -0.689192 -0.448511 -0.56908 77 46 44
-71 177.2 640.2 -0.689115 -0.4122 -0.595997 82 48 47
-70 177 639.8 -0.658653 -0.401165 -0.636588 83 49 48
-69 177 638.8 -0.613268 -0.422876 -0.667142 84 49 47
-68 177 637.6 -0.559038 -0.44812 -0.697613 86 48 45
-67 177 637.6 -0.517212 -0.470467 -0.71495 90 49 47
-66 176.6 636.8 -0.447366 -0.516976 -0.729794 94 53 49
-65.6 176.6 636.6 -0.419139 -0.530685 -0.736679 99 54 51
-65 176.2 636.2 -0.367383 -0.542828 -0.755227 102 57 52
-64 176 635.8 -0.31131 -0.593084 -0.742521 108 59 55
-63 176 635.4 -0.231422 -0.667674 -0.707571 113 60 54
-62 176 635.4 -0.174124 -0.714172 -0.677967 118 65 57
-61 176 635.2 -0.114035 -0.751675 -0.6496 127 70 63
-60 176 635 -0.0406598 -0.774578 -0.63117 134 75 69
-59 176 635.2 0.0648483 -0.789463 -0.610363 139 79 69
-58.2 176 635 0.115775 -0.790474 -0.601454 142 79 70
-58 176 635.2 0.136019 -0.787884 -0.600615 142 78 68
-57 176 635.2 0.200193 -0.793222 -0.575084 143 79 69
-56 176 635.6 0.221115 -0.780829 -0.584306 148 84 74
-55 176.4 636.4 0.254919 -0.769627 -0.585398 152 85 76
-54.4 176.4 636.4 0.265244 -0.76727 -0.583903 153 86 77
-54 176.6 636.6 0.277812 -0.765746 -0.580046 154 86 75
-53 176.6 636.6 0.30359 -0.761979 -0.572033 157 89 78
-52 176.8 636.8 0.32504 -0.764134 -0.55718 159 89 79
-50 177 637.6 0.365141 -0.761659 -0.535301 164 94 82
-49 177 638.6 0.401908 -0.760261 -0.510366 169 97 85
-48 177 638.6 0.421698 -0.760716 -0.493439 170 98 86
-47 177.6 639.6 0.43975 -0.767629 -0.466225 172 100 88
-46.2 178 640.2 0.441899 -0.772407 -0.456194 173 101 89
-45 178 641 0.442742 -0.773882 -0.452864 174 102 90
-44.8 178 641.8 0.444858 -0.773855 -0.450832 173 103 91
-44 178 641.8 0.444016 -0.772 -0.454825 173 103 91
-77.6 179.6 645.8 -0.688744 -0.542143 -0.481365 50 38 38
-75 179.4 645.4 -0.69529 -0.551873 -0.460443 65 44 43
-75 179.2 645 -0.700392 -0.556441 -0.447018 71 42 44
-74 179 643.8 -0.686973 -0.564152 -0.45804 74 44 46
-72 178.2 641.2 -0.684354 -0.494224 -0.536099 73 41 42
-71 178 639.8 -0.671852 -0.442641 -0.593872 79 48 46
-70 178 638.8 -0.630651 -0.450064 -0.632236 80 49 47
-68 177.8 637.8 -0.576765 -0.453021 -0.67979 84 49 47
-68 177.6 637.6 -0.568328 -0.45947 -0.682561 84 49 45
-67 177.2 636.8 -0.50703 -0.480792 -0.715374 89 49 47
-66 177.2 636.8 -0.463527 -0.51095 -0.723929 92 53 48
-65.2 177 636.2 -0.407148 -0.543739 -0.733879 98 54 51
-65 177 635.6 -0.407789 -0.555377 -0.724752 101 56 51
-62 176.6 634.6 -0.224093 -0.709924 -0.667676 119 66 60
-61 176.6 634.6 -0.165127 -0.740388 -0.651582 123 68 63
-60.2 176.2 634.2 -0.0630474 -0.773465 -0.630696 126 71 64
-60 176.2 634.2 -0.0631638 -0.77367 -0.630432 133 74 68
-59 176.2 634.2 0.0334802 -0.795485 -0.605048 138 78 68
-58 176.2 634.2 0.122906 -0.799855 -0.587475 140 77 68
-58 176.4 634.4 0.125235 -0.799947 -0.586857 141 77 68
-54.2 177 635.8 0.26832 -0.787151 -0.555335 152 85 76
-54 177 636.2 0.280837 -0.776268 -0.564392 153 85 74
-53 177 636.4 0.306232 -0.767074 -0.563754 156 88 77
-52 177 636.4 0.321211 -0.772137 -0.548295 158 90 77
-51 177 636.6 0.343595 -0.764431 -0.545515 165 95 83
-50 177.2 637 0.366119 -0.761498 -0.534862 165 95 83
-50 177.6 637.6 0.368214 -0.760277 -0.53516 166 96 84
-49 177.6 637.6 0.396023 -0.757045 -0.519662 167 97 85
-48 177.6 637.6 0.416778 -0.750373 -0.513066 169 99 87
-48 177.8 638.4 0.418434 -0.755849 -0.503592 169 99 87
-47 178 638.6 0.423637 -0.758384 -0.495364 170 100 88
-46 178 639 0.435799 -0.759695 -0.482641 171 101 89
-45 178.2 640 0.441619 -0.769096 -0.462022 173 103 91
-44 178.8 640.8 0.436356 -0.772755 -0.460915 172 102 90
-77.2 180 644.8 -0.654469 -0.600992 -0.458781 47 37 36
-77 180 645 -0.655692 -0.598718 -0.460005 54 43 41
-76 180 645 -0.669234 -0.594094 -0.446293 62 44 44
-75 180 644.4 -0.666899 -0.599395 -0.442687 65 44 43
-74.8 180 644 -0.667412 -0.5971 -0.445008 71 42 44
-74 179.8 642.8 -0.645606 -0.609064 -0.460689 74 44 46
-73 179 642 -0.643843 -0.574615 -0.505256 74 42 45
-72 179 641 -0.636033 -0.540843 -0.55041 73 41 42
-71 179 639 -0.626932 -0.492024 -0.604043 78 47 45
-70 178.8 638.8 -0.625041 -0.468024 -0.624721 79 48 46
-69 178 638 -0.597322 -0.45831 -0.658147 80 49 46
-68 178 637.2 -0.566347 -0.465563 -0.680075 83 50 45
-67 178 636.4 -0.529297 -0.490908 -0.691993 88 50 47
-66 177.8 636 -0.484972 -0.514753 -0.706988 92 53 48
-65 177.4 635.4 -0.423063 -0.563339 -0.709695 97 53 50
-65 177.2 635.2 -0.41996 -0.559752 -0.714361 100 57 51
-64 177 634.4 -0.370139 -0.616174 -0.695217 107 59 55
-63 177 634.4 -0.312214 -0.655658 -0.687485 107 60 52
-62 177 634 -0.240745 -0.702991 -0.669212 111 61 54
-61 177 633.6 -0.185676 -0.747052 -0.638308 123 68 61
-60 177 633.2 -0.0986499 -0.771446 -0.628602 133 74 68
-59 177 633.2 -0.0282778 -0.783256 -0.621056 136 76 68
-58 177 633.4 0.0959959 -0.792327 -0.602497 138 75 68
-57 177 633.8 0.177997 -0.800905 -0.571723 140 77 68
-56 177 634 0.221341 -0.801953 -0.554869 144 80 71
-55 177 634.6 0.246546 -0.793935 -0.555771 149 82 73
-54 177.2 634.8 0.272027 -0.790766 -0.548353 150 83 74
-54 177.4 635.2 0.275503 -0.789534 -0.548393 152 84 73
-53 177.4 635.4 0.297282 -0.785574 -0.542675 154 86 75
-52 177.6 635.6 0.324722 -0.778728 -0.536786 161 93 82
-51 177.8 636.2 0.339967 -0.772979 -0.535654 164 94 82
-50 177.8 636.2 0.376454 -0.759252 -0.530867 166 96 84
-49 178 637 0.398706 -0.748058 -0.530512 167 97 85
-48 178 637.6 0.412578 -0.74799 -0.519894 170 102 89
-47 178.6 638.4 0.427369 -0.747634 -0.508329 170 102 89
-46 178.6 638.4 0.428158 -0.756307 -0.494651 171 103 90
-46 178.8 639 0.434579 -0.756254 -0.489101 172 104 91
-45 178.8 639 0.41697 -0.770771 -0.481714 172 104 91
-43 179 640.4 0.419722 -0.777809 -0.467811 175 107 94
-77 180.4 643.4 -0.606659 -0.658674 -0.4451 45 35 34
-75 180.4 643.6 -0.630974 -0.63325 -0.448181 65 44 43
-74 180 642 -0.624598 -0.614832 -0.481518 76 46 46
-72 179.2 640.2 -0.612156 -0.550351 -0.567784 73 42 40
-70 179 638 -0.612752 -0.486482 -0.622792 79 48 46
-67.6 178.6 636.6 -0.563595 -0.478338 -0.673464 83 50 45
-67 178.2 636 -0.535624 -0.499254 -0.681067 87 49 46
-66 178 635 -0.489784 -0.526936 -0.694587 90 51 46
-65 178 634.4 -0.445502 -0.573218 -0.687713 101 56 50
-60 177.6 632.6 -0.126826 -0.770167 -0.625106 125 70 63
-59 177.6 632.6 -0.0218945 -0.789223 -0.613717 134 74 66
-58 177.6 632.6 0.0599815 -0.802155 -0.594095 135 72 65
-55 178 633.8 0.231126 -0.809575 -0.539601 147 80 72
-54 178 633.8 0.265483 -0.799672 -0.538557 149 82 74
-53.8 178 634.2 0.28287 -0.795976 -0.535169 151 83 74
-53 178 634.4 0.297701 -0.78773 -0.539311 152 84 75
-52 178 634.6 0.324163 -0.782106 -0.532193 159 91 80
-51 178 635.2 0.342484 -0.774741 -0.53149 163 93 81
-50 178 635.6 0.377337 -0.759002 -0.530597 165 95 83
-50 178.2 636 0.377033 -0.757803 -0.532522 166 96 84
-49 178.6 636.4 0.409729 -0.741954 -0.530685 168 98 86
-48 178.6 636.6 0.410761 -0.734589 -0.540051 171 103 90
-48 178.8 637.4 0.422397 -0.738624 -0.525372 171 103 90
-47 178.8 637.4 0.420771 -0.742886 -0.520645 172 104 91
-46 179 638 0.415196 -0.753694 -0.509467 171 105 91
-45 179 638.6 0.412135 -0.767493 -0.491019 171 105 91
-44 179 638.8 0.414023 -0.767577 -0.489296 173 107 93
-43 179.4 639.4 0.395084 -0.777504 -0.489282 174 108 92
-77 180.8 642.6 -0.583513 -0.673349 -0.453997 46 38 36
-76.8 180.8 642.8 -0.596573 -0.666548 -0.447005 50 40 38
-76 180.8 642.6 -0.592152 -0.66606 -0.453564 56 42 39
-74 180.6 641.6 -0.593076 -0.640807 -0.487469 74 44 42
-73 180 640.8 -0.594408 -0.607685 -0.526687 77 43 42
-72 180 639.8 -0.569218 -0.587986 -0.574685 78 42 42
-71 180 639.2 -0.577993 -0.554886 -0.598352 81 45 45
-70.8 180 638.8 -0.595211 -0.534742 -0.599813 79 45 44
-70 179.8 637.8 -0.600693 -0.516224 -0.610476 79 48 46
-69 179 636.8 -0.573239 -0.498581 -0.650241 82 48 46
-68 179 636.6 -0.565377 -0.490901 -0.662846 83 48 46
-67.2 179 636.2 -0.558525 -0.49787 -0.663457 84 49 45
-67 179 635.6 -0.542294 -0.507561 -0.669551 88 48 46
-66 178.8 635 -0.500065 -0.530542 -0.684442 90 51 46
-65 178.6 634.6 -0.462628 -0.560885 -0.686573 94 50 47
-65 178.4 634.4 -0.463755 -0.563782 -0.683433 98 55 49
-64 178 633.6 -0.416581 -0.609961 -0.674097 106 58 54
-63 178 633.4 -0.366472 -0.652786 -0.663 112 63 56
-62 178.4 633.4 -0.303173 -0.698727 -0.647971 115 62 56
-62 178 633 -0.290127 -0.711085 -0.640457 116 64 53
-61 178 632.4 -0.249259 -0.737059 -0.628183 121 67 57
-60 178 632.4 -0.164776 -0.764158 -0.623628 129 72 65
-59 178 632.4 -0.0484415 -0.787192 -0.614803 132 75 66
-58 178 632.4 0.0555389 -0.803306 -0.592972 131 72 64
-57.4 178 632.4 0.0926849 -0.812388 -0.575705 133 73 65
-57 178 632.4 0.136411 -0.809462 -0.571107 139 76 69
-56 178 633 0.204261 -0.809226 -0.550846 142 78 69
-55 178.4 633.4 0.234664 -0.809211 -0.53862 145 76 69
-54 178.6 633.6 0.264508 -0.807268 -0.527593 149 78 72
-53.6 178.6 633.6 0.287262 -0.800974 -0.525282 153 80 73
-53 178.6 633.6 0.297738 -0.800391 -0.520313 157 84 77
-50 179 634.8 0.387588 -0.7499 -0.53612 166 96 84
-49 179 635.6 0.414677 -0.737983 -0.532375 167 97 85
-48 179 636.4 0.418037 -0.73355 -0.535863 172 102 90
-47.8 179 636.4 0.412099 -0.733949 -0.539902 172 102 90
-47 179.6 637.4 0.412761 -0.742155 -0.528048 173 103 91
-46 179.6 637.4 0.412705 -0.742609 -0.527453 174 104 92
-46 179.8 638 0.415333 -0.750211 -0.514472 172 104 91
-45 179.8 638 0.403621 -0.75845 -0.511707 172 104 91
-77 181 641.2 -0.567769 -0.669184 -0.479407 47 39 37
-76 181 641.2 -0.570096 -0.657274 -0.492931 51 41 39
-75.8 181 641.4 -0.569768 -0.660391 -0.489129 56 42 41
-75 181 641.6 -0.574909 -0.653015 -0.493003 62 43 39
-74 181 641.2 -0.574295 -0.639922 -0.510573 67 43 41
-73.8 181 640.8 -0.563098 -0.635129 -0.528708 73 43 43
-73 181 640.2 -0.545764 -0.629113 -0.553497 77 43 44
-71 180.8 638.8 -0.56072 -0.569321 -0.601221 81 45 45
-70 180 637.8 -0.595569 -0.51665 -0.615118 79 48 46
-69 179.8 636.4 -0.564254 -0.513211 -0.646708 81 47 45
-68 179.8 636.4 -0.557054 -0.508955 -0.656244 82 47 45
-67 179.6 635.6 -0.547143 -0.512271 -0.661976 84 49 45
-67 179.4 635.4 -0.545232 -0.511888 -0.663847 89 49 47
-66 179 634.6 -0.505693 -0.532572 -0.678705 89 50 45
-65 179 634.6 -0.477016 -0.551879 -0.684022 94 50 47
-64 179 633.6 -0.442788 -0.599474 -0.66676 108 60 56
-63 179 632.6 -0.409537 -0.64079 -0.649359 112 63 56
-62 179 632.4 -0.348641 -0.680831 -0.644142 114 61 53
-61 178.8 632 -0.275597 -0.726714 -0.629232 119 64 57
-60 178.4 631.4 -0.17084 -0.760769 -0.626134 124 69 62
-59.4 178.4 631.4 -0.100329 -0.776671 -0.621865 130 73 66
-59 178.4 631.4 -0.070175 -0.782169 -0.619101 133 76 67
-58 178.4 631.4 0.0316772 -0.798849 -0.600697 130 71 63
-57 178.6 631.6 0.114162 -0.802929 -0.58504 130 70 62
-54 179 632.6 0.264107 -0.805775 -0.53007 152 82 74
-53 179 632.6 0.293655 -0.798868 -0.524953 153 83 73
-52 179 633.4 0.334879 -0.789164 -0.514856 159 86 77
-51 179 633.8 0.356661 -0.772174 -0.525871 166 93 84
-50 179.4 634.2 0.387853 -0.75838 -0.52386 166 96 84
-49.6 179.6 634.6 0.401398 -0.748501 -0.527851 163 95 82
-49 179.8 635.2 0.426296 -0.736931 -0.524599 166 98 85
-48 179.8 635.4 0.432452 -0.723489 -0.538098 170 102 89
-47.8 179.8 636 0.419582 -0.729125 -0.540673 170 102 89
-46 180 636.6 0.393132 -0.742386 -0.542504 174 106 93
-45.8 180 637 0.398436 -0.74842 -0.530204 173 106 90
-45 180 637 0.385929 -0.754633 -0.530648 173 106 90
-44 180 637.6 0.385694 -0.757881 -0.526171 172 106 90
-43.6 180 637.6 0.379157 -0.760187 -0.527595 172 106 90
-43 180 637.6 0.381006 -0.759152 -0.527753 173 107 91
-76 181.4 640.4 -0.515825 -0.676925 -0.525069 50 42 39
-75.6 181.6 640.6 -0.515825 -0.676925 -0.525069 54 43 41
-75 181.6 640.6 -0.523405 -0.672577 -0.523152 61 43 41
-74 181.8 640.8 -0.526172 -0.666011 -0.528746 64 43 42
-73.2 181.2 640.2 -0.543414 -0.641562 -0.541386 71 43 42
-73 181.8 639.8 -0.510071 -0.641675 -0.572784 74 42 43
-72 181 638.8 -0.527866 -0.601883 -0.599245 78 44 43
-71 181 637.8 -0.560596 -0.560717 -0.609367 80 44 44
-70 180.8 636.8 -0.580239 -0.51874 -0.627878 80 49 47
-69 180.4 636.2 -0.562587 -0.508611 -0.651775 80 46 44
-68 180 635.6 -0.557403 -0.505895 -0.65831 81 46 44
-67 180 634.8 -0.545798 -0.510466 -0.664476 89 49 47
-66 180 634.4 -0.520162 -0.525783 -0.673041 89 50 45
-65 180 633.8 -0.504021 -0.546186 -0.669062 94 50 47
-64 179.8 633 -0.473632 -0.586391 -0.657129 107 59 55
-63 179.4 632.2 -0.424747 -0.639659 -0.640646 110 63 55
-62 179.4 632.2 -0.355577 -0.682965 -0.638062 112 62 55
-61.6 179.2 631.8 -0.315663 -0.71288 -0.626226 113 63 56
-61 179 631.4 -0.27741 -0.731705 -0.622617 118 65 59
-60 179 631.2 -0.187739 -0.7572 -0.625621 123 68 61
-59.2 179 631.2 -0.0934478 -0.779201 -0.619769 129 72 65
-59 179 631.2 -0.079049 -0.778757 -0.622326 133 76 67
-58 179 631.2 0.0300595 -0.796217 -0.604263 130 71 63
-57 179 631.2 0.0998575 -0.799152 -0.592777 135 72 65
-56 179 631.4 0.168625 -0.803166 -0.571392 140 77 68
-55 179 631.8 0.204267 -0.805977 -0.555587 147 80 72
-54 179.4 632.4 0.258791 -0.806024 -0.532309 154 86 77
-53 179.2 632.2 0.291799 -0.801311 -0.522259 154 84 74
-52 179.8 632.8 0.336921 -0.788653 -0.514306 157 87 75
-49 180 633.8 0.427521 -0.73389 -0.527855 164 97 81
-48 180 634.8 0.442814 -0.723182 -0.530023 168 102 88
-47.6 180 635.4 0.425597 -0.724221 -0.54256 170 104 90
-47 180 635.6 0.408297 -0.725615 -0.553875 172 106 92
-46 180.4 636 0.389669 -0.734699 -0.555316 174 108 94
-45.8 180.8 636.6 0.398465 -0.735442 -0.548043 173 107 93
-45 180.8 636.8 0.375275 -0.744009 -0.552829 173 107 93
-43.2 181 637 0.364733 -0.751897 -0.5492 174 108 92
-76 182 639.4 -0.472774 -0.694526 -0.542327 49 41 39
-75 182 639.6 -0.4817 -0.682433 -0.549773 54 42 42
-74 182 639.8 -0.504017 -0.656853 -0.560813 64 42 44
-73 182 639.2 -0.482251 -0.654932 -0.581806 73 43 45
-71 181.6 637.6 -0.538946 -0.579417 -0.611403 79 45 44
-70 181 636.6 -0.572498 -0.516954 -0.6364 81 47 45
-69.4 181 636.4 -0.578196 -0.506156 -0.639918 82 48 46
-69 181 635.4 -0.561223 -0.502952 -0.657319 82 47 45
-66 180.6 633.6 -0.529563 -0.527066 -0.664654 91 52 47
-65 180.6 633.4 -0.517772 -0.54889 -0.656225 95 51 48
-64 180 632 -0.48911 -0.597334 -0.635581 106 58 54
-63 180 632 -0.440828 -0.634537 -0.634849 110 63 55
-62 179.8 631.2 -0.37591 -0.688556 -0.620147 112 62 55
-61.4 179.8 631.2 -0.309811 -0.715778 -0.625842 113 63 56
-61 179.6 630.8 -0.288536 -0.725 -0.625397 118 65 59
-60 179.6 630.8 -0.189559 -0.756381 -0.626063 123 68 61
-59 179.4 630.4 -0.0972118 -0.77684 -0.622149 125 70 63
-58 179.2 630.2 -0.000113784 -0.800377 -0.599498 131 72 66
-57 179.4 630.4 0.0817016 -0.811192 -0.579045 137 74 67
-56 179.8 630.8 0.153226 -0.820428 -0.550835 140 77 70
-55 179.8 630.8 0.195106 -0.814895 -0.545784 147 80 74
-53 180 631.4 0.290147 -0.803036 -0.520527 154 84 74
-52 180 632.2 0.333005 -0.793942 -0.508689 157 87 75
-51 180 632.2 0.367834 -0.781491 -0.503955 164 94 82
-50 180 632.8 0.399591 -0.760181 -0.512301 166 96 84
-49 180.6 633.4 0.432461 -0.740686 -0.514161 163 96 80
-49 180.8 633.8 0.436632 -0.733019 -0.52157 165 98 82
-48 180.8 634.4 0.454819 -0.721755 -0.521738 169 103 89
-47 180.8 634.4 0.431428 -0.724268 -0.537871 170 104 90
-46 181 635.4 0.382095 -0.73235 -0.56362 174 108 94
-45.2 181 635.8 0.368408 -0.738123 -0.565198 174 108 94
-45 181 636 0.36777 -0.748755 -0.551463 174 108 94
-44 181 636.2 0.365698 -0.746127 -0.556381 176 110 96
-43 181 636 0.352424 -0.748195 -0.56214 177 111 95
-76 182.6 638.6 -0.420313 -0.707256 -0.568442 49 41 39
-75 182.6 638.8 -0.439016 -0.694858 -0.569594 53 41 41
-75 182.8 639.2 -0.440703 -0.69783 -0.564637 58 42 42
-74 182.8 638.8 -0.440385 -0.673297 -0.593913 62 42 43
-73 182.8 638.8 -0.457111 -0.655898 -0.600706 67 41 42
-72.2 182.2 638.2 -0.477829 -0.632984 -0.609106 73 43 45
-72 182 637.4 -0.48229 -0.623409 -0.615433 76 44 45
-71 182 636.8 -0.514993 -0.572283 -0.638181 79 45 46
-69 181.8 635.8 -0.559174 -0.504869 -0.657595 80 46 44
-69 181.4 635.4 -0.558206 -0.506609 -0.657079 83 48 44
-68 181 634.8 -0.551055 -0.505199 -0.664163 87 49 46
-67 181 634.4 -0.555103 -0.505392 -0.660636 87 49 46
-66.8 181 633.8 -0.553627 -0.509362 -0.658823 91 50 48
-66 181 633 -0.538299 -0.528902 -0.656123 94 53 47
-65 181 632.8 -0.523157 -0.552378 -0.648988 97 52 47
-64 180.8 632 -0.51069 -0.589542 -0.625808 98 53 47
-64 180.6 631.6 -0.506296 -0.594454 -0.624732 105 56 51
-63 180.4 631.4 -0.455085 -0.637105 -0.622089 110 61 54
-62 180.2 631 -0.388556 -0.691204 -0.609312 113 63 56
-61 180 630.2 -0.282715 -0.733851 -0.617685 119 66 58
-60 180 630.4 -0.19711 -0.758165 -0.621557 124 69 62
-59 180 629.8 -0.110046 -0.781333 -0.614336 129 72 65
-58 180 629.8 -0.00553585 -0.802675 -0.59639 131 72 66
-57 180 630.2 0.0762338 -0.814033 -0.575794 133 74 68
-56 180 630 0.144992 -0.815991 -0.559586 142 79 72
-55 180 630.2 0.190163 -0.818522 -0.542088 147 80 74
-54 180 630.6 0.226488 -0.811061 -0.539336 153 84 77
-53 180.2 631.2 0.286488 -0.804091 -0.520924 154 84 76
-53 180.4 631.4 0.290434 -0.803025 -0.520384 155 85 77
-52 180.4 631.4 0.328019 -0.798995 -0.503995 158 88 78
-49 181 632.6 0.43801 -0.745033 -0.503064 162 94 81
-48 181 633.6 0.456728 -0.728257 -0.510922 170 104 92
-47 181.4 634.2 0.429809 -0.726593 -0.53603 172 106 94
-47 181.6 634.4 0.429809 -0.726593 -0.53603 174 108 96
-46 181.8 635.2 0.378598 -0.740753 -0.554931 175 109 97
-45 181.8 635.4 0.360442 -0.737453 -0.571178 176 110 96
-44 182 635.8 0.346994 -0.744035 -0.57097 177 111 97
-76 183 637.8 -0.370774 -0.724932 -0.580517 49 41 38
-75 183 638 -0.390078 -0.697495 -0.601115 52 41 39
-74.8 183 638.2 -0.405704 -0.695685 -0.592813 57 41 41
-74 183 638.2 -0.408117 -0.682287 -0.606568 62 42 43
-73 183 637.8 -0.440625 -0.652327 -0.6167 68 42 41
-72 182.6 636.6 -0.462847 -0.61893 -0.634585 76 44 45
-71 182.6 636.6 -0.487795 -0.589554 -0.643803 79 45 46
-70 182 635.6 -0.53803 -0.529901 -0.655537 80 46 44
-69 182 634.6 -0.552496 -0.499635 -0.667168 82 47 43
-68 182 634.4 -0.555184 -0.500075 -0.664602 87 49 46
-67 182 633.8 -0.559394 -0.503094 -0.658768 88 50 47
-66 181.8 632.8 -0.559153 -0.527936 -0.639243 93 52 50
-65 181.2 632 -0.543712 -0.567409 -0.618405 98 53 48
-64 181.2 631.8 -0.522106 -0.586602 -0.619115 98 53 47
-61 180.2 629.2 -0.28352 -0.739195 -0.610907 121 66 59
-60 180.4 629.4 -0.219026 -0.760417 -0.611386 126 69 60
-59 180.4 629.4 -0.112486 -0.782632 -0.612237 125 68 59
-58.6 180.4 629 -0.0691497 -0.792018 -0.606569 127 70 63
-58 180.2 628.8 -0.0271561 -0.802959 -0.595415 128 71 64
-57 180.2 629.2 0.0617134 -0.817342 -0.572838 139 78 73
-56 180.2 629.2 0.116723 -0.822593 -0.556521 141 81 73
-55 180.2 629.2 0.191813 -0.82866 -0.525861 145 80 74
-54.6 180.6 629.6 0.208443 -0.826504 -0.522917 146 82 73
-54 180.6 629.6 0.222481 -0.826548 -0.51703 152 83 76
-52 181 630.8 0.324609 -0.807312 -0.492824 160 90 80
-51 181 631 0.370574 -0.796956 -0.477007 165 95 85
-50 181 631.6 0.405161 -0.777258 -0.481368 164 96 85
-49 181.4 632.4 0.44363 -0.747123 -0.494975 161 95 81
-48 181.8 633.2 0.457762 -0.729721 -0.507898 173 105 94
-47 181.8 633.2 0.442758 -0.732395 -0.517265 174 106 95
-47 182 634.2 0.425937 -0.734421 -0.528397 175 107 96
-46 182 634.2 0.390541 -0.739462 -0.548336 176 108 97
-45 182.2 634.8 0.363489 -0.741568 -0.563872 176 110 98
-44 182.4 635.2 0.357044 -0.744935 -0.563553 177 111 97
-43 182.2 635 0.33916 -0.752669 -0.564322 177 111 97
-43 182 634.6 0.341604 -0.751007 -0.565062 177 111 97
-42 182 634.4 0.336791 -0.755577 -0.56185 178 112 98
-76 183.6 637.4 -0.314076 -0.739515 -0.595377 45 40 36
-75 183.6 637.4 -0.330338 -0.726232 -0.60288 49 39 37
-74.6 183.6 637.4 -0.33656 -0.719973 -0.606933 57 42 39
-74 183.8 637.6 -0.367813 -0.69877 -0.613542 64 44 43
-72 183 636.6 -0.440747 -0.623856 -0.645403 76 44 45
-71 183 636 -0.470376 -0.585614 -0.660154 78 44 45
-70 183 635.4 -0.502663 -0.537807 -0.676826 80 46 44
-68 182.6 633.6 -0.56436 -0.500937 -0.65617 84 49 47
-67 182.2 633.2 -0.563143 -0.50384 -0.654993 86 51 47
-66 182 632.2 -0.567623 -0.523538 -0.635384 95 54 48
-65 182 632 -0.564119 -0.552179 -0.613896 98 53 48
-63 181.6 630.6 -0.492107 -0.632095 -0.598571 105 56 51
-63 181 629.8 -0.467671 -0.644594 -0.604799 110 61 54
-62 181 629.8 -0.423303 -0.680483 -0.598129 117 64 58
-61 181 629 -0.321608 -0.722187 -0.612384 118 65 57
-60.8 181 629 -0.286128 -0.73201 -0.618298 122 67 60
-60 181 628.6 -0.229084 -0.753227 -0.616579 125 68 59
-59 181 628.6 -0.128709 -0.785063 -0.605896 123 66 57
-58.6 181 628.6 -0.0826079 -0.793813 -0.602525 125 68 61
-58 181 628.6 -0.032589 -0.805368 -0.591879 127 70 63
-57 181 628.6 0.0315353 -0.81485 -0.578813 132 73 67
-56.6 181 628.6 0.0605038 -0.824494 -0.562626 138 77 72
-56 181 628.8 0.103818 -0.832171 -0.544713 140 80 72
-55 181 629 0.180565 -0.830821 -0.526434 143 78 72
-54.2 181 629 0.209287 -0.835591 -0.507924 146 82 73
-54 181 629.2 0.216677 -0.834287 -0.506968 151 84 76
-53 181 629.4 0.27151 -0.826452 -0.493213 155 87 78
-52.4 181 629.4 0.291482 -0.821336 -0.490353 156 88 79
-52 181.4 630.4 0.311102 -0.81848 -0.483017 159 91 80
-51 181.4 630.4 0.359986 -0.806336 -0.46929 164 96 85
-50.8 181.8 630.8 0.38441 -0.799126 -0.462197 163 95 84
-50 181.6 630.8 0.399628 -0.793586 -0.458823 164 96 85
-49 182 631.4 0.446463 -0.770452 -0.455054 161 95 81
-48 182 632.2 0.460691 -0.744265 -0.483564 173 105 92
-47 182.4 633 0.438789 -0.74135 -0.507803 175 107 94
-46 182.6 633.8 0.401889 -0.74781 -0.528456 176 108 95
-45 182.6 633.8 0.381568 -0.751184 -0.538636 176 110 96
-45 182.8 634.2 0.376321 -0.748144 -0.546502 177 111 97
-44 182.8 634.4 0.361094 -0.750394 -0.553643 178 112 98
-43 183 634.2 0.351392 -0.754711 -0.554017 177 111 97
-75 184 637 -0.285891 -0.741802 -0.606627 49 39 37
-74.4 183.8 637 -0.318616 -0.722533 -0.613539 57 42 37
-73.8 183.8 637 -0.342263 -0.70707 -0.618796 64 45 41
-73 183.8 636.6 -0.38604 -0.674446 -0.629362 68 42 41
-72 183.8 636.6 -0.404922 -0.648519 -0.644563 72 42 42
-71.8 183.8 636 -0.413371 -0.632449 -0.655083 76 44 45
-71 183.4 635.4 -0.454996 -0.583649 -0.672557 80 46 47
-70 183.2 634.8 -0.484908 -0.543899 -0.684864 79 45 43
-69 183 634 -0.538537 -0.502898 -0.676071 79 45 43
-68.8 183 634 -0.552986 -0.497737 -0.66818 81 47 46
-68 183 633.2 -0.569587 -0.491693 -0.658641 83 47 47
-67 183 633 -0.574884 -0.499112 -0.648379 85 50 46
-66 182.8 631.8 -0.584591 -0.509417 -0.631465 94 53 47
-65 182.2 631.2 -0.572241 -0.547813 -0.610279 99 54 49
-64 182 630.8 -0.544266 -0.589837 -0.596546 101 56 50
-62 181.8 628.8 -0.42974 -0.667017 -0.608615 114 61 55
-61 181.2 628.2 -0.310183 -0.725149 -0.614772 118 65 57
-60.2 181.8 628 -0.265647 -0.742269 -0.615197 122 67 60
-60 181.6 627.8 -0.253407 -0.750178 -0.610752 124 67 58
-59 181.6 627.6 -0.163342 -0.789248 -0.591952 122 65 56
-58 181.6 627.6 -0.047014 -0.814696 -0.577979 125 68 59
-57 181.6 627.6 0.00906446 -0.825362 -0.564532 131 72 64
-56 181.6 627.6 0.0738614 -0.835795 -0.54405 137 77 69
-56 181.8 628 0.0914548 -0.836694 -0.539981 138 78 68
-55 181.8 628 0.145127 -0.840967 -0.52126 141 77 68
-54 181.8 628.2 0.209776 -0.838426 -0.503026 152 85 77
-51 182 629.4 0.334653 -0.822169 -0.460484 164 96 85
-50.4 182 630.2 0.386275 -0.8076 -0.445616 162 94 83
-50 182 630.2 0.387798 -0.811052 -0.437958 165 97 86
-49 182.2 630.8 0.443631 -0.776531 -0.447427 163 97 83
-48.6 182.4 631 0.447621 -0.773964 -0.447901 162 96 82
-48 182.6 632 0.461051 -0.754658 -0.466823 169 103 89
-47 182.6 632 0.442317 -0.759289 -0.477321 174 108 94
-46 183 633 0.41415 -0.758551 -0.503071 177 111 97
-45 183.2 633.8 0.380102 -0.753711 -0.536136 178 112 98
-44 183.6 634.4 0.363549 -0.755154 -0.545504 179 113 99
-43 183.2 634 0.354607 -0.755582 -0.550772 181 115 101
-42 183 633.2 0.379289 -0.759139 -0.529006 179 116 101
-75 184.6 636.2 -0.250018 -0.740694 -0.62359 47 37 35
-74 184.6 636.4 -0.287868 -0.72374 -0.627162 55 41 38
-73.8 184.4 636 -0.304367 -0.713634 -0.630941 64 43 42
-73 184.4 636 -0.334828 -0.690553 -0.641114 68 42 41
-72 184 635.8 -0.385005 -0.647833 -0.657331 74 42 43
-71.4 184 635.4 -0.41264 -0.616018 -0.671006 76 44 45
-71 184 634.8 -0.420253 -0.597759 -0.682694 78 44 45
-70 184 634.4 -0.466877 -0.547463 -0.694485 79 45 44
-69 184 633.8 -0.533032 -0.501375 -0.681542 78 44 43
-68.4 183.8 633.2 -0.564725 -0.485741 -0.66719 79 45 44
-68 183.8 633 -0.570748 -0.482815 -0.664181 82 46 46
-67 183.8 632.6 -0.582512 -0.484388 -0.652724 85 50 48
-66 183 631.8 -0.591737 -0.511225 -0.623295 91 51 51
-65.8 183 631 -0.606413 -0.502083 -0.616584 95 56 51
-65 183 630.8 -0.594969 -0.52846 -0.605592 99 55 52
-63 182.8 629.8 -0.53118 -0.594944 -0.603233 102 57 52
-63 182 629 -0.494933 -0.627229 -0.601352 106 59 53
-62 182 628 -0.449064 -0.664637 -0.597159 110 61 56
-61 182 627.8 -0.345707 -0.714875 -0.607816 113 64 57
-60 182 627.2 -0.273499 -0.753917 -0.597333 121 68 60
-59 182 627.2 -0.183351 -0.789382 -0.585882 120 65 58
-58 182 626.6 -0.0761663 -0.824753 -0.56034 129 70 66
-57 182 626.6 0.00427294 -0.841437 -0.540339 132 73 67
-56 182 626.6 0.0600951 -0.851518 -0.52087 137 76 71
-55 182 627.2 0.124636 -0.856302 -0.501212 139 76 69
-54 182 627.2 0.190796 -0.858975 -0.475141 144 81 74
-53 182 627.4 0.215496 -0.861283 -0.460166 150 86 77
-52 182 628 0.267676 -0.851573 -0.450748 158 89 82
-52 182.4 628.4 0.271922 -0.851602 -0.448143 162 94 83
-51 182.6 628.6 0.306068 -0.848173 -0.432348 162 92 82
-50 182.8 629.2 0.36826 -0.82732 -0.424176 163 90 81
-48.4 183 630.4 0.447807 -0.794195 -0.410759 164 94 84
-47 183 631.4 0.44049 -0.768952 -0.463338 175 109 93
-46.6 183.4 632 0.431726 -0.766851 -0.474923 180 114 100
-46 183.4 632.4 0.423363 -0.764581 -0.485982 177 111 97
-45 183.6 632.8 0.403086 -0.763112 -0.505156 178 112 98
-44.8 183.8 633.2 0.396845 -0.761772 -0.512071 180 114 100
-44 183.8 633.4 0.383817 -0.755308 -0.531219 177 114 97
-43 184 633.4 0.381926 -0.756536 -0.530836 178 115 98
-75 185 635.2 -0.219189 -0.726726 -0.651019 48 36 36
-74 185 635.6 -0.248023 -0.720578 -0.647496 58 40 38
-73.6 185 635.6 -0.263402 -0.714063 -0.64864 66 42 42
-73 185 635.6 -0.272162 -0.703405 -0.65662 71 41 41
-72 185 635.2 -0.331464 -0.660993 -0.673216 75 41 42
-71.4 185 635.4 -0.382736 -0.622638 -0.682521 77 42 46
-71 185 634.6 -0.377 -0.60885 -0.697978 78 42 46
-70 184.8 634.4 -0.438957 -0.553393 -0.707865 79 45 44
-69 184.6 633.4 -0.518425 -0.504733 -0.690275 79 45 44
-68.4 184.4 633.2 -0.559588 -0.484582 -0.67234 79 45 44
-68 184 632.6 -0.574736 -0.481904 -0.661398 82 46 46
-67 184 632.2 -0.586045 -0.48387 -0.64994 85 50 48
-66 183.8 631.2 -0.613406 -0.482858 -0.624965 91 51 51
-65.8 183.8 631 -0.618746 -0.483949 -0.618826 95 56 51
-65 183.2 630 -0.609968 -0.507999 -0.608175 100 56 53
-64 183 629.2 -0.587977 -0.542448 -0.600028 100 57 51
-63 183 628.2 -0.548077 -0.583541 -0.599243 107 60 54
-60 182.6 626.8 -0.29648 -0.754348 -0.585712 120 67 59
-59 182.6 626.8 -0.215442 -0.78498 -0.580854 119 64 57
-58 182.4 626.4 -0.0910632 -0.837423 -0.538915 123 65 61
-57 182.4 626.4 -0.0144023 -0.85834 -0.512879 134 75 69
-56 182.4 626.4 0.0596475 -0.869517 -0.490288 137 78 72
-55.8 182.6 626.4 0.0745537 -0.868961 -0.489233 138 78 70
-55 182.6 626.4 0.100379 -0.877082 -0.469736 138 78 70
-54 182.8 627 0.170361 -0.86831 -0.465848 144 81 72
-53 182.8 627.2 0.209553 -0.867532 -0.451083 150 86 76
-52 182.8 627.2 0.253268 -0.871817 -0.419274 155 88 79
-51 183 628 0.30189 -0.856259 -0.419145 162 92 82
-50 183 628.4 0.353826 -0.849948 -0.390379 163 93 81
-49 183 629.2 0.40304 -0.826726 -0.392535 170 98 86
-48 183 629.4 0.444489 -0.808609 -0.385461 166 96 84
-48 183.4 630.4 0.454053 -0.793038 -0.406111 170 103 87
-47 183.4 630.4 0.45017 -0.794239 -0.408083 176 110 94
-46.4 184 631.4 0.42795 -0.782854 -0.451662 181 115 101
-45 184 632.4 0.411471 -0.767656 -0.491321 179 113 99
-44.6 184 632.6 0.407964 -0.767251 -0.494866 180 114 100
-44 184.4 633.2 0.391354 -0.758687 -0.520803 179 113 97
-43 184.4 633.2 0.387235 -0.755598 -0.528319 182 116 100
-42 184 632.8 0.390457 -0.751656 -0.53156 178 115 100
-75 185.2 634.6 -0.193306 -0.72255 -0.663743 50 36 36
-74 185.2 634.6 -0.22884 -0.713126 -0.662634 59 39 40
-73.2 185.2 634.8 -0.260178 -0.69405 -0.671269 66 41 44
-73 185.2 634.8 -0.260178 -0.69405 -0.671269 71 41 43
-72 185.2 634.8 -0.312356 -0.663239 -0.680109 74 39 43
-71.2 185.2 634.6 -0.358762 -0.619937 -0.697831 76 41 45
-71 185.4 634.2 -0.34493 -0.616766 -0.707547 78 42 46
-70 185.2 633.6 -0.433488 -0.559812 -0.706186 78 44 43
-69 185 633.2 -0.511544 -0.50595 -0.694505 79 45 44
-68 184.8 632 -0.581858 -0.462301 -0.669117 83 47 47
-66 184.2 630.8 -0.627337 -0.466019 -0.623919 92 52 52
-65.4 184 630.2 -0.63284 -0.473181 -0.612873 94 54 52
-65 184 629.4 -0.636745 -0.478969 -0.604272 100 56 55
-64 183.6 628.6 -0.602129 -0.530149 -0.596978 99 56 50
-63 183.2 628.2 -0.549477 -0.584003 -0.597507 103 55 51
-62.8 183 627.8 -0.531993 -0.605132 -0.592283 105 58 52
-62 183 627.2 -0.484764 -0.644611 -0.591168 110 59 55
-61 183 626.8 -0.420951 -0.697303 -0.580146 113 63 56
-60 183 626.2 -0.30513 -0.759396 -0.574642 120 65 58
-59 183 625.8 -0.260915 -0.794299 -0.548646 119 64 57
-58 183 625.8 -0.13221 -0.836639 -0.53156 120 65 60
-57.4 183 625.4 -0.0769863 -0.862689 -0.49984 124 69 64
-57 183 625.4 -0.0404949 -0.874227 -0.483826 133 76 69
-56 183 625.4 0.0464275 -0.885808 -0.461724 136 79 72
-55.6 182.8 625.4 0.0602608 -0.885053 -0.461574 136 77 69
-55 182.8 625.4 0.0813019 -0.887255 -0.454058 136 77 69
-54 183 626 0.150174 -0.887859 -0.434918 137 77 67
-53.8 183 626 0.148684 -0.887429 -0.436306 142 79 70
-53 183 626.2 0.18141 -0.891769 -0.414534 143 81 70
-52 183 626.4 0.226 -0.890629 -0.394593 149 82 73
-51.8 183.2 627 0.259071 -0.878585 -0.401212 153 87 75
-51 183.2 627 0.270743 -0.885525 -0.377549 158 90 79
-50 183.6 627.4 0.325854 -0.876558 -0.35421 164 94 82
-49.8 183.6 627.4 0.339441 -0.874449 -0.346581 168 98 86
-49 183.8 628.2 0.376063 -0.8579 -0.35012 168 98 86
-48 183.8 628.2 0.419398 -0.84742 -0.325553 165 95 83
-47 184 629.6 0.446497 -0.813329 -0.373011 178 111 95
-46 184 630.4 0.440267 -0.800893 -0.405876 181 115 99
-46 184.4 631 0.428469 -0.784546 -0.448221 181 115 99
-45 184.4 631.4 0.422072 -0.780228 -0.461627 180 114 100
-44.4 184.6 632 0.418809 -0.767873 -0.484737 180 114 100
-44 184.8 632.2 0.41585 -0.762479 -0.495676 182 116 100
-43 185 632.4 0.425479 -0.76117 -0.489477 183 117 101
-42.4 185 632.4 0.422198 -0.760066 -0.494012 181 115 101
-42 185 632.2 0.421619 -0.76057 -0.493731 180 114 100
-74.8 185.8 633.6 -0.182082 -0.700617 -0.689914 49 35 35
-74 185.8 634 -0.211733 -0.698709 -0.683355 57 39 39
-73.2 185.8 634 -0.231646 -0.686177 -0.689566 64 42 44
-73 186.2 634.8 -0.21424 -0.698932 -0.682345 70 41 43
-72 186 634.2 -0.276581 -0.663374 -0.695297 73 41 44
-71.2 186 634.4 -0.299221 -0.640613 -0.707165 75 43 46
-71 186 633.6 -0.309107 -0.632627 -0.710096 78 43 47
-70 185.8 633.4 -0.413692 -0.567833 -0.711636 76 45 43
-69 185.4 632.6 -0.505382 -0.50583 -0.699089 77 46 44
-68 185.4 632.2 -0.574174 -0.467127 -0.672397 80 46 45
-67.8 185 631.4 -0.590661 -0.46043 -0.662664 84 48 48
-67 184.8 630.6 -0.611888 -0.46241 -0.641693 87 52 50
-66 184.8 630.2 -0.632258 -0.460577 -0.622992 92 52 52
-65 184.6 629.6 -0.644636 -0.466021 -0.606027 95 55 53
-65 184.2 629.2 -0.64526 -0.473938 -0.599185 100 56 55
-64 184 628.2 -0.607647 -0.521868 -0.598682 98 55 49
-63 184 627.8 -0.582992 -0.559628 -0.589014 101 53 49
-62 184 627 -0.549572 -0.604632 -0.576534 104 55 50
-61 183.8 626 -0.447856 -0.682399 -0.577717 116 63 57
-60 183.6 625.6 -0.338116 -0.761833 -0.552528 122 67 60
-59 183.4 625.4 -0.292868 -0.786513 -0.543714 121 66 59
-58 183.2 625 -0.178912 -0.844426 -0.504911 117 64 58
-57.2 183.2 625 -0.0908674 -0.869207 -0.486027 120 67 61
-57 183.2 625.2 -0.061486 -0.869101 -0.490798 126 71 64
-56 183.2 625 0.00862048 -0.894285 -0.447414 127 72 65
-55.2 183.2 625 0.0528711 -0.90358 -0.425144 129 72 65
-55 183.2 625 0.0650885 -0.902372 -0.426015 130 71 65
-54 183.6 625.4 0.137074 -0.897677 -0.418791 130 72 61
-53.4 183.4 625.2 0.159657 -0.902904 -0.399092 134 74 64
-53 183.4 625.4 0.161993 -0.9046 -0.39428 138 76 65
-52 183.8 625.8 0.206269 -0.907093 -0.366927 142 78 68
-51.2 183.8 626 0.252426 -0.901571 -0.351356 147 83 71
-51 183.8 626.2 0.273141 -0.888729 -0.368177 155 89 77
-50 183.8 626.6 0.312656 -0.884959 -0.345099 163 95 82
-49.8 183.8 626.6 0.312656 -0.884959 -0.345099 167 99 86
-48 184.4 628.2 0.431167 -0.841786 -0.324795 167 101 85
-47 184.4 628.4 0.445218 -0.833505 -0.327185 176 110 94
-45 185 630.8 0.443758 -0.778047 -0.444659 183 117 101
-44 185 631 0.447003 -0.774178 -0.448148 183 117 101
-44 185.2 631.8 0.433236 -0.761278 -0.482455 186 120 106
-43 185.2 631.8 0.432794 -0.761838 -0.481968 186 120 106
-42.2 185.2 632.2 0.426624 -0.76051 -0.489506 182 116 102
-42 185.2 632.2 0.428087 -0.763637 -0.483322 179 113 99
-74.6 186.4 633 -0.187681 -0.687165 -0.701841 49 35 35
-74 186.2 633 -0.199075 -0.681692 -0.704034 57 39 39
-73.2 186.4 633.6 -0.201813 -0.681793 -0.703157 63 41 43
-73 186.6 634 -0.211108 -0.682025 -0.700196 68 44 44
-72 186.6 634 -0.235696 -0.664202 -0.709425 72 43 45
-71 186.4 633.4 -0.292035 -0.638109 -0.712413 74 44 44
-70.4 186.4 633.2 -0.345446 -0.591487 -0.728567 77 45 46
-70 186.2 632.6 -0.404502 -0.560896 -0.722339 78 46 47
-69 186.2 632.6 -0.491226 -0.517741 -0.700458 77 45 46
-68 186 631.6 -0.567052 -0.477151 -0.671401 80 46 45
-67.8 185.8 631.2 -0.585227 -0.471015 -0.660041 83 47 47
-67 185.6 630.4 -0.612721 -0.46344 -0.640153 85 50 48
-66 185 629.8 -0.638729 -0.456977 -0.619029 91 51 51
-65 185 628.8 -0.654745 -0.4659 -0.595185 101 57 56
-63 184.8 627.2 -0.608222 -0.544773 -0.577311 100 52 48
-62 184.6 626.6 -0.563583 -0.60207 -0.565585 103 54 49
-62 184.2 626 -0.557861 -0.609763 -0.563011 108 57 53
-61 184 625.6 -0.477113 -0.681055 -0.555453 115 62 56
-59.6 184 624.6 -0.335502 -0.775861 -0.534301 122 67 62
-59 183.8 624.2 -0.305059 -0.802838 -0.512241 123 68 63
-58 183.6 623.8 -0.227358 -0.867942 -0.441572 119 66 60
-57 183.8 624 -0.13211 -0.897132 -0.421547 118 65 59
-56 183.8 624 -0.0334131 -0.916611 -0.398382 117 62 57
-55 183.6 623.8 0.03922 -0.928411 -0.369479 122 63 57
-54 183.8 624.4 0.10392 -0.925822 -0.363392 127 68 60
-53 183.8 624.2 0.137502 -0.931912 -0.33561 137 77 69
-50 184 625.6 0.301356 -0.900011 -0.314903 164 96 85
-49 184 625.6 0.339595 -0.891292 -0.300457 169 101 90
-48 184 625.8 0.377224 -0.880083 -0.288368 170 100 88
-47.8 184.8 626.8 0.409276 -0.865661 -0.288312 166 100 84
-47 184.8 627.6 0.448968 -0.844512 -0.291936 175 109 93
-46 185 628.2 0.462758 -0.825868 -0.322174 181 115 99
-45 185.4 629.6 0.478471 -0.789398 -0.384598 186 120 104
-75.2 186.8 632.8 -0.138667 -0.69811 -0.702434 46 32 31
-74.6 187 632.8 -0.151027 -0.695591 -0.702385 52 34 34
-74 187 632.8 -0.161139 -0.682301 -0.713091 57 39 39
-73 187.2 633 -0.166065 -0.673137 -0.720631 63 41 43
-72 187.2 633.2 -0.21222 -0.653115 -0.726914 72 43 45
-70.2 187 632.6 -0.340811 -0.603249 -0.721068 77 45 46
-70 187 632.4 -0.385911 -0.580181 -0.71726 79 47 48
-68 186.4 631.4 -0.565064 -0.481598 -0.6699 82 46 46
-67.8 186.4 631.2 -0.578187 -0.47855 -0.660825 83 47 47
-67 186 630.2 -0.617485 -0.460438 -0.637737 87 49 48
-66 186 629.8 -0.634432 -0.463086 -0.618908 91 51 51
-65 185.8 628.8 -0.663394 -0.46168 -0.588864 95 55 53
-64 185 627.6 -0.638057 -0.501511 -0.584269 97 54 48
-63 185 627 -0.612556 -0.545265 -0.572243 101 53 49
-62 185 625.4 -0.599202 -0.593778 -0.537015 109 58 54
-61 184.8 624.8 -0.503072 -0.676855 -0.537387 116 63 57
-60 184 623.8 -0.378609 -0.774082 -0.507397 119 66 60
-59 184 623.2 -0.342376 -0.821645 -0.455717 125 70 65
-58 184 623.2 -0.260326 -0.859784 -0.439319 123 68 63
-57 184 623 -0.178643 -0.895798 -0.40698 118 63 58
-56 184 623 -0.0733856 -0.922408 -0.379182 112 57 52
-55 184 623 0.0275622 -0.931458 -0.362803 113 56 49
-54 184 623.6 0.0850556 -0.933109 -0.349389 130 71 63
-53 184 623.4 0.130538 -0.936008 -0.326877 145 82 73
-52 184 623.4 0.171286 -0.934277 -0.312711 150 86 77
-51 184 623.8 0.235598 -0.928244 -0.287848 160 93 84
-50 184.4 624.2 0.28889 -0.918195 -0.271037 166 98 87
-49 184.6 624.4 0.328261 -0.906117 -0.266825 169 101 90
-48 184.8 624.8 0.38279 -0.887342 -0.257092 172 102 90
-46 185.6 627.4 0.491479 -0.821799 -0.288262 182 116 100
-45.8 185.8 628 0.490293 -0.813544 -0.312664 187 121 105
-44 186 629.2 0.506282 -0.77465 -0.378941 188 122 106
-43 186 630.2 0.473295 -0.770735 -0.426567 185 122 107
-42 186 631 0.463488 -0.766025 -0.445405 176 113 98
-41 186 630.8 0.469976 -0.762134 -0.445279 171 108 93
-75 187.4 632.2 -0.130426 -0.687095 -0.714766 45 29 30
-74.4 187.4 632.4 -0.148276 -0.680588 -0.717506 51 32 34
-74 187.4 632.4 -0.153989 -0.672561 -0.723843 57 37 38
-73 187.4 632.6 -0.169228 -0.669605 -0.723181 61 39 41
-72.4 187.4 632.8 -0.191346 -0.662844 -0.723895 65 44 43
-72 187.4 632.8 -0.205042 -0.652178 -0.729809 70 44 45
-71 187.2 632.4 -0.256932 -0.624482 -0.737569 73 45 44
-70 187.2 631.6 -0.372307 -0.586619 -0.719212 78 46 47
-69 187 631.4 -0.473567 -0.550832 -0.687254 81 47 48
-68 187 631.4 -0.53737 -0.515196 -0.667687 82 46 46
-67.6 186.8 630.4 -0.584291 -0.484123 -0.651329 85 46 47
-67 186.8 630.2 -0.603914 -0.476344 -0.63905 87 49 48
-66 186.4 629.2 -0.639418 -0.465845 -0.611664 92 52 52
-65 186 628.8 -0.665374 -0.456269 -0.590844 95 54 52
-64.8 186 628 -0.667992 -0.459968 -0.584993 97 53 52
-64 186 627.6 -0.665883 -0.476556 -0.574016 97 53 50
-63 185.8 626.4 -0.636367 -0.531013 -0.55952 101 53 51
-62 185.6 625.4 -0.623573 -0.574677 -0.530003 105 56 51
-61.6 185 624.6 -0.56128 -0.635312 -0.530419 111 60 56
-61 185 624 -0.538848 -0.664262 -0.518072 118 65 59
-59 184.8 622.8 -0.386721 -0.817002 -0.427733 122 67 62
-59 184.4 622.4 -0.38214 -0.821078 -0.424028 124 69 64
-58 184.4 622.2 -0.307448 -0.859938 -0.407409 125 67 63
-57 184.2 622 -0.20986 -0.895218 -0.39312 121 63 59
-56.8 184.2 622 -0.209165 -0.895867 -0.392011 117 59 55
-56 184.2 622 -0.100729 -0.918273 -0.382921 119 61 57
-55 184.2 622 0.00364604 -0.934532 -0.35586 122 63 57
-54.8 184.2 622 0.00824267 -0.936674 -0.350106 126 65 60
-53 184.2 622.2 0.115469 -0.940975 -0.318171 145 81 72
-52 184.4 622.4 0.155387 -0.938015 -0.30981 151 87 78
-51 184.8 622.8 0.214279 -0.932148 -0.291862 157 90 81
-50.8 184.8 622.8 0.218501 -0.929649 -0.296665 161 94 85
-50 184.8 623.2 0.277204 -0.920163 -0.276512 166 98 87
-49 184.8 623.2 0.315612 -0.912842 -0.259051 171 101 91
-47 185 624.8 0.437198 -0.863512 -0.251404 165 97 84
-47 185.6 625.4 0.452699 -0.854342 -0.255271 171 105 91
-46 185.8 626.4 0.499905 -0.82453 -0.265038 183 117 101
-44 186.4 628.4 0.523511 -0.775791 -0.352257 190 124 108
-42 187 630 0.500046 -0.757436 -0.419815 186 123 108
-41 187 630.4 0.496432 -0.754501 -0.429283 172 109 94
-74.4 187.8 631.6 -0.132533 -0.674198 -0.726562 50 31 33
-74 188.2 631.8 -0.13964 -0.674898 -0.724578 56 36 38
-73 188.2 631.8 -0.170212 -0.659234 -0.73242 60 38 41
-72.2 188.2 632.4 -0.195331 -0.652005 -0.732622 64 42 44
-72 188.2 632.4 -0.205319 -0.654016 -0.728084 70 44 47
-71 188.2 632.2 -0.23621 -0.64081 -0.730457 72 46 47
-70 188 631.2 -0.340376 -0.597247 -0.72625 78 46 47
-69 188 631.2 -0.449526 -0.553372 -0.701217 83 47 49
-68 187.6 630.6 -0.539547 -0.517369 -0.664243 83 47 47
-67.6 187.6 630.4 -0.567836 -0.498908 -0.654716 84 45 46
-67 187 629.4 -0.623349 -0.469345 -0.625421 88 48 48
-66 187 629.2 -0.639379 -0.462259 -0.614419 92 52 52
-65 187 628.2 -0.667132 -0.451933 -0.592192 94 53 51
-64.8 187 628 -0.6769 -0.454135 -0.579282 97 53 52
-64 186.6 626.6 -0.684373 -0.473159 -0.554757 97 53 50
-63 186 625.6 -0.65593 -0.526007 -0.541361 101 53 51
-62 186 624.8 -0.635375 -0.575964 -0.514358 104 55 50
-61.2 185.8 624 -0.57956 -0.644689 -0.498484 111 60 56
-61 185.8 623.8 -0.572958 -0.663241 -0.481489 120 67 61
-60 185 622.8 -0.465287 -0.757705 -0.457592 122 69 63
-59 185 622.4 -0.407106 -0.805704 -0.430239 121 68 62
-58.4 185 621.4 -0.363327 -0.835488 -0.412254 123 68 63
-57 184.8 621 -0.247237 -0.887175 -0.389607 121 64 57
-56.2 184.8 621 -0.190813 -0.907938 -0.373147 119 62 55
-56 184.8 621 -0.166115 -0.907796 -0.385113 126 69 62
-54 184.6 620.6 0.025453 -0.940934 -0.337631 136 76 66
-53 184.6 620.6 0.102541 -0.94064 -0.323545 142 78 69
-49 185 622.2 0.31143 -0.911103 -0.270006 172 102 92
-48.8 185 622.8 0.333654 -0.906756 -0.257814 176 104 92
-48 185 622.8 0.382222 -0.890122 -0.248172 175 105 93
-47 185.8 623.8 0.448862 -0.861749 -0.236457 163 95 82
-46 186 625.4 0.503521 -0.829817 -0.240565 184 118 102
-45 186 625.6 0.538834 -0.805025 -0.24818 189 123 107
-45 186.6 626.6 0.540418 -0.795372 -0.274466 189 123 107
-43 187 628.6 0.546878 -0.759912 -0.351367 191 125 111
-42 187.6 629.6 0.522376 -0.752245 -0.401562 186 120 106
-41 187.6 629.6 0.531764 -0.743325 -0.405827 174 111 94
-74 188.4 631 -0.158225 -0.660426 -0.734032 45 31 31
-73 188.4 631.6 -0.159538 -0.661934 -0.732387 55 37 37
-72.2 188.4 631.8 -0.202967 -0.638583 -0.742305 62 42 41
-72 188.4 631.8 -0.202967 -0.638583 -0.742305 69 45 45
-71 188.4 631.8 -0.247873 -0.624446 -0.740693 70 44 45
-70 188.2 631.2 -0.357362 -0.58979 -0.724182 73 49 47
-69 188.2 630.8 -0.443872 -0.551387 -0.706364 75 49 48
-68 188 630.2 -0.524031 -0.517323 -0.676586 78 48 48
-67.2 188 629.8 -0.581836 -0.49312 -0.646761 81 47 48
-67 187.8 629.2 -0.607388 -0.485735 -0.628602 86 47 48
-66 187.4 628.2 -0.653433 -0.463192 -0.59873 92 50 52
-65 187.4 628 -0.671698 -0.458008 -0.582281 97 51 51
-64.2 187 627 -0.685192 -0.459603 -0.565045 99 51 51
-64 187 626 -0.697983 -0.477866 -0.533352 99 51 49
-62 186.6 624.6 -0.653593 -0.564305 -0.504357 104 57 51
-61.2 186.2 623.4 -0.621019 -0.628296 -0.468593 112 63 58
-61 186 622.8 -0.602454 -0.661902 -0.446021 117 68 61
-59 185.6 621.6 -0.460294 -0.777848 -0.427881 124 69 64
-56 185 619.4 -0.196478 -0.901805 -0.384894 120 61 55
-55 185 619.4 -0.118365 -0.922105 -0.36839 135 75 67
-54 185 619.6 0.00762813 -0.941069 -0.338129 140 77 70
-53 185 619.6 0.0841007 -0.943148 -0.321558 141 78 71
-52 185 620 0.128837 -0.940244 -0.315187 148 84 74
-51 185 620.6 0.190101 -0.935007 -0.299372 155 89 75
-50 185 620.6 0.242402 -0.924445 -0.294351 161 93 80
-49 185.2 621 0.313748 -0.907053 -0.280744 168 98 86
-48 185.6 621.6 0.384374 -0.885262 -0.261856 172 102 90
-48 185.8 621.8 0.389428 -0.883279 -0.261083 179 109 97
-46.8 186 623 0.464527 -0.85263 -0.239241 160 92 81
-46 186.2 624 0.508967 -0.830205 -0.227402 188 122 108
-45 186.8 624.8 0.556944 -0.795982 -0.23712 189 123 109
-44 187 626.4 0.576957 -0.761207 -0.296115 188 125 110
-43.4 187.4 627.4 0.575017 -0.753322 -0.319158 190 128 113
-41 188 629.2 0.56421 -0.732766 -0.380421 178 115 98
-74 189 630.8 -0.153737 -0.655928 -0.739001 47 35 35
-73 189.2 631 -0.167843 -0.652018 -0.739393 51 35 36
-72.2 189.2 631.2 -0.202792 -0.633289 -0.746874 58 40 40
-72 189.2 631.2 -0.204193 -0.633262 -0.746515 64 42 44
-71 189.2 630.8 -0.27823 -0.603545 -0.747209 67 42 45
-69.2 189 630.4 -0.429343 -0.56404 -0.705353 74 48 47
-69 189 630.4 -0.434081 -0.562497 -0.703684 77 49 48
-68 188.6 629.8 -0.519863 -0.524294 -0.674432 79 49 47
-67.2 188.6 629.8 -0.563593 -0.503202 -0.655096 82 48 47
-67 188.2 628.8 -0.605397 -0.485825 -0.630451 87 49 48
-66 188 627.4 -0.660887 -0.46939 -0.585578 92 50 51
-65 188 627.2 -0.669848 -0.474097 -0.571433 95 51 50
-64 187.8 626.2 -0.694475 -0.476599 -0.539035 97 51 51
-64 187.6 625.6 -0.705136 -0.483773 -0.518408 100 52 48
-63 187 624.6 -0.687154 -0.521111 -0.506224 101 53 49
-62 187 624 -0.67197 -0.569493 -0.473427 106 57 52
-61 186.8 623 -0.650479 -0.614916 -0.44582 112 63 58
-61 186.2 622.2 -0.618956 -0.643108 -0.450895 117 67 60
-60 186 621.2 -0.55212 -0.70299 -0.448294 123 70 64
-58 185 619 -0.367795 -0.834287 -0.410722 127 69 65
-57 185 619 -0.27332 -0.876634 -0.395991 122 64 60
-56 185.6 618.6 -0.221807 -0.890311 -0.397678 113 54 48
-55.6 185.6 618.6 -0.180891 -0.900312 -0.395876 120 61 55
-55 185.6 618.6 -0.142868 -0.914917 -0.377513 120 60 52
-54 185.6 618.6 -0.0597004 -0.92925 -0.364596 123 63 55
-53.6 185.6 618.6 0.0242484 -0.936602 -0.349556 137 74 65
-53 185.6 618.6 0.0519194 -0.937787 -0.343308 145 82 73
-47 186 621.4 0.453087 -0.852424 -0.260933 169 101 90
-46.2 186.2 622 0.50209 -0.827281 -0.252016 162 94 83
-46 186.8 623 0.537874 -0.810573 -0.231652 190 124 110
-44 187.4 625.4 0.60295 -0.751613 -0.267449 187 124 109
-42 188 628 0.589283 -0.733989 -0.337647 189 127 112
-41.6 188.6 628.6 0.592295 -0.726625 -0.348141 187 125 110
-41 188.8 628.8 0.602728 -0.717711 -0.348726 180 117 100
-73 189.6 630.8 -0.179374 -0.648228 -0.740018 45 33 33
-72.2 189.6 631 -0.191747 -0.641894 -0.742432 53 37 38
-71.6 189.6 631 -0.218957 -0.628814 -0.74609 60 40 42
-71 189.4 630.8 -0.272963 -0.613246 -0.741229 62 42 44
-70 189.2 630.2 -0.350626 -0.589283 -0.727879 69 44 47
-69.2 189.2 630.2 -0.425269 -0.566882 -0.705543 72 46 47
-69 189.2 629.8 -0.434268 -0.560311 -0.70531 76 46 46
-68 189.2 629.4 -0.515413 -0.544864 -0.661417 79 48 46
-67 189 628.8 -0.590218 -0.498714 -0.634765 84 48 48
-66.6 189 627.8 -0.627674 -0.499157 -0.597384 88 50 49
-66 188.8 627 -0.66139 -0.484438 -0.572611 92 50 51
-65 188.4 626.2 -0.689702 -0.483471 -0.539042 95 51 50
-64 188.2 626 -0.701763 -0.487665 -0.519337 99 51 51
-63.8 188 625 -0.713995 -0.493869 -0.496292 102 54 50
-63 187.6 623.6 -0.707662 -0.527776 -0.469752 104 55 51
-62 187.2 623 -0.690009 -0.566578 -0.450419 106 57 52
-61 187 622.2 -0.641322 -0.617778 -0.455035 111 62 57
-60.2 187 621.2 -0.623212 -0.644802 -0.442535 117 67 60
-60 186.8 620.8 -0.58925 -0.669362 -0.45248 122 72 65
-59 186 619.8 -0.503397 -0.747674 -0.433099 126 73 65
-58 186 619.2 -0.423503 -0.79778 -0.429176 127 72 65
-57.2 186 618.2 -0.327257 -0.83994 -0.432901 124 69 64
-57 186 618 -0.325263 -0.840034 -0.43422 114 56 52
-52 186 618.2 0.0989957 -0.936763 -0.335671 149 85 75
-51.2 186 618.2 0.163961 -0.931134 -0.325739 156 88 79
-51 186 618.6 0.170293 -0.931416 -0.321659 159 91 78
-50 186 618.6 0.242242 -0.919253 -0.310311 163 93 81
-49.8 186 618.8 0.248159 -0.917319 -0.311356 168 96 84
-49 186 618.8 0.32847 -0.89653 -0.297223 170 98 86
-48 186 619.8 0.393321 -0.871187 -0.293823 175 103 91
-48 186.8 619.8 0.400721 -0.869349 -0.289233 180 108 96
-45 187 622.6 0.572559 -0.785241 -0.23574 189 121 108
-43 188 625.4 0.633811 -0.721728 -0.278196 188 126 111
-41.4 189 628.4 0.609355 -0.717813 -0.336796 191 130 112
-41 189 628.4 0.612101 -0.715067 -0.337655 186 123 106
-72 190.2 630.4 -0.207694 -0.634768 -0.744266 51 37 37
-71.2 190.2 630.4 -0.277026 -0.613828 -0.739238 59 40 42
-71 190.2 630 -0.301859 -0.607638 -0.734613 62 42 44
-69.2 189.8 629.2 -0.453577 -0.571186 -0.684116 71 45 46
-69 189.6 628.8 -0.460477 -0.565352 -0.684353 75 45 45
-68 189.6 628.8 -0.516467 -0.549596 -0.656663 80 46 45
-67 189.2 627.8 -0.605335 -0.518471 -0.603951 86 47 48
-66.2 189 627 -0.652788 -0.491912 -0.5761 91 49 50
-66 189 626 -0.678627 -0.496603 -0.541157 95 49 51
-65 189 626 -0.687196 -0.492093 -0.534421 96 50 50
-64 188.8 625 -0.71786 -0.49125 -0.493306 99 51 51
-63.2 188.2 624.2 -0.723596 -0.505197 -0.470303 103 55 51
-63 188 623.2 -0.719871 -0.518164 -0.461835 103 55 51
-61 187.2 621.2 -0.657844 -0.605012 -0.448555 110 61 56
-60 187 619.8 -0.614667 -0.649654 -0.447363 122 72 65
-57 186.4 617.4 -0.342713 -0.824241 -0.450748 125 70 63
-57 186.2 617.2 -0.337661 -0.828076 -0.447521 116 59 52
-56 186 616.6 -0.270157 -0.854495 -0.443682 91 32 26
-55 186 616.6 -0.189465 -0.882688 -0.430076 113 54 48
-54 186 616.6 -0.0910382 -0.904312 -0.41705 137 74 67
-53 186 616.6 0.00627323 -0.919709 -0.392552 142 78 69
-52 186.2 617.2 0.0861379 -0.929767 -0.357929 151 84 75
-51 186.2 617.2 0.167798 -0.925209 -0.340342 157 89 80
-51 186.6 617.6 0.170469 -0.924723 -0.340335 161 93 80
-50 186.6 617.6 0.226568 -0.915235 -0.333186 163 93 81
-49 186.8 617.8 0.327358 -0.891479 -0.313212 167 95 83
-47.8 187 618.8 0.419932 -0.85777 -0.296459 180 106 93
-46 187 619.8 0.511982 -0.814458 -0.273008 163 93 81
-46 187.2 620.8 0.523708 -0.808534 -0.268333 187 119 106
-45 187.6 621.6 0.590031 -0.771241 -0.238852 189 121 108
-44.6 188 622.6 0.621676 -0.747835 -0.232939 191 125 111
-43 188.4 624.4 0.661799 -0.703503 -0.259049 188 126 111
-42 189 626.4 0.649923 -0.693598 -0.310679 190 129 111
-41 189.4 627.4 0.652851 -0.685757 -0.321749 191 130 112
-73 190.4 629.4 -0.204849 -0.64543 -0.735838 45 33 35
-71.2 190.6 629.8 -0.291861 -0.616859 -0.73096 58 39 41
-71 190.4 629.8 -0.309878 -0.601808 -0.736072 62 42 44
-70 190.2 629.2 -0.391543 -0.590667 -0.705554 67 42 45
-69 190.2 628.8 -0.451278 -0.582697 -0.675879 74 46 45
-68 190 628.2 -0.527476 -0.560924 -0.63807 80 46 45
-67 190 627.8 -0.583674 -0.540339 -0.606101 87 47 48
-66.2 190 626.8 -0.635319 -0.519851 -0.571074 92 48 49
-66 189.8 626 -0.667042 -0.506551 -0.546316 96 47 50
-65 189.4 625.2 -0.704104 -0.492526 -0.511523 99 49 50
-64 189.2 624.6 -0.719879 -0.490692 -0.490914 100 50 51
-63 189 623.6 -0.734514 -0.492555 -0.466774 99 54 49
-63 188.4 622.4 -0.732629 -0.506185 -0.455007 101 56 51
-62 188 621.4 -0.723255 -0.531073 -0.441433 104 59 53
-60 187.6 619.6 -0.62424 -0.643775 -0.442581 115 66 59
-59.8 187 618.8 -0.612228 -0.650397 -0.449623 123 70 64
-59 187 618.4 -0.557381 -0.691695 -0.459221 128 73 66
-58 187 617.8 -0.4796 -0.747659 -0.459336 132 75 68
-56 186.8 616 -0.288425 -0.834497 -0.469495 100 41 35
-55 186.6 615.6 -0.21029 -0.857318 -0.469876 120 61 55
-54 186.6 615.6 -0.123338 -0.881934 -0.454951 136 73 66
-53 186.6 615.6 -0.0516916 -0.899573 -0.4337 147 80 72
-52 186.8 615.8 0.0752776 -0.916089 -0.393846 148 81 72
-48 187 617.8 0.396468 -0.866642 -0.302894 179 105 92
-47 187 617.8 0.453538 -0.837054 -0.306013 181 107 94
-47 187.4 618.4 0.479285 -0.828941 -0.288346 173 101 89
-46 187.6 618.8 0.535733 -0.796324 -0.280815 165 93 81
-44 188 621.6 0.642848 -0.728323 -0.23726 193 127 113
-44 188.4 622.2 0.657556 -0.714535 -0.238869 195 129 115
-43 188.8 623.2 0.683265 -0.685583 -0.251246 192 129 112
-42.8 189 624.2 0.678915 -0.685619 -0.26268 193 130 113
-42 189.2 625 0.696894 -0.657648 -0.286074 192 131 113
-41 189.8 626 0.701192 -0.641574 -0.310985 193 132 114
-72 191 629.4 -0.274499 -0.620829 -0.734317 49 35 35
-71.2 191.2 629.4 -0.301018 -0.627228 -0.718313 56 37 39
-71 191.2 629.4 -0.319094 -0.621896 -0.715139 61 41 43
-70 191 628.8 -0.404344 -0.590134 -0.698748 64 42 44
-69 191 628.8 -0.456141 -0.583898 -0.671564 69 45 45
-68.8 191 628.2 -0.5005 -0.57503 -0.647179 74 46 45
-67 190.8 627.2 -0.576576 -0.556229 -0.598472 86 47 48
-66 190.6 626.4 -0.622525 -0.541151 -0.565348 92 48 49
-65.8 190 625.4 -0.682246 -0.508966 -0.524874 94 48 50
-65 190 625.2 -0.69397 -0.495866 -0.522037 97 49 49
-64 189.8 624.2 -0.725445 -0.490182 -0.483168 98 50 50
-63 189.6 623.4 -0.740279 -0.47954 -0.471199 96 51 46
-62.8 189 622.2 -0.742322 -0.49138 -0.455525 100 55 50
-62 188.6 621 -0.734621 -0.518859 -0.43717 104 59 53
-61 188 619.6 -0.693849 -0.562606 -0.449498 110 63 57
-60 188 618.6 -0.652889 -0.605249 -0.455423 114 65 58
-59.4 188 618.4 -0.626376 -0.632971 -0.454973 122 69 63
-58 187.8 616.8 -0.513762 -0.711477 -0.479426 132 77 70
-57 187 615.6 -0.400032 -0.768719 -0.499045 126 69 62
-56 187 615.2 -0.310945 -0.807966 -0.500504 106 49 42
-55 187 615.2 -0.221275 -0.842705 -0.490801 120 63 56
-54.6 187 614.6 -0.213858 -0.842653 -0.494167 131 72 64
-54 187 614.6 -0.151383 -0.862536 -0.482819 134 74 66
-53 187 614.6 -0.0906905 -0.880965 -0.464409 136 76 65
-52.4 187 614.4 -0.0197782 -0.884169 -0.466749 143 79 69
-50 187 615 0.231066 -0.890564 -0.391796 168 98 86
-49 187 615.8 0.284134 -0.885828 -0.366847 176 104 92
-48 187.8 616.8 0.413798 -0.849157 -0.328182 178 104 91
-47 187.8 616.8 0.474563 -0.818701 -0.323294 176 102 89
-46 188 617.8 0.540923 -0.785584 -0.300433 165 93 81
-45.6 188 618.8 0.569928 -0.771445 -0.282941 183 113 101
-45 188 619.4 0.60785 -0.744459 -0.276223 193 123 111
-44 188.6 620.6 0.667227 -0.697649 -0.260947 193 127 113
-44 188.8 621.2 0.667606 -0.700084 -0.253348 195 129 115
-43 189 622.2 0.698984 -0.667086 -0.257718 194 131 114
-42.4 189.4 623.2 0.726117 -0.635302 -0.262953 195 132 115
-41 190 625 0.724866 -0.626025 -0.287511 196 133 116
-41 190.2 626 0.709535 -0.638077 -0.299029 195 132 115
-40 190.4 626.6 0.722846 -0.620132 -0.304845 185 119 103
-72 191.8 629 -0.278188 -0.631876 -0.723425 45 33 33
-71 191.8 629 -0.33735 -0.615228 -0.712523 52 36 37
-71 191.6 628.8 -0.348925 -0.613201 -0.708686 58 39 41
-70 191.6 628.8 -0.411221 -0.591105 -0.693896 62 42 43
-69 191.4 628.4 -0.474658 -0.581151 -0.661032 65 44 43
-68.8 191.4 628.2 -0.500886 -0.572333 -0.649267 69 45 43
-68 191 627.4 -0.535665 -0.57675 -0.616784 76 46 44
-67 191 627.2 -0.57896 -0.560203 -0.592434 83 49 48
-66 191 626.2 -0.623092 -0.545947 -0.560088 89 51 50
-65.8 190.8 625.2 -0.664501 -0.521557 -0.535179 92 50 51
-65 190.4 624.2 -0.710907 -0.493974 -0.5006 92 51 49
-64 190 623.2 -0.733427 -0.481153 -0.480183 94 50 49
-63 189.8 622.4 -0.752232 -0.476605 -0.454967 96 51 46
-62.6 189.6 621.4 -0.755362 -0.485044 -0.440638 100 55 50
-62 189 620.6 -0.741174 -0.504404 -0.442987 106 59 53
-60 188.4 618.4 -0.660857 -0.592213 -0.461034 114 65 58
-59 188 617 -0.596812 -0.638673 -0.485709 127 74 66
-58 188 616 -0.529917 -0.684649 -0.500444 132 79 71
-56.8 187.8 614.8 -0.43149 -0.729031 -0.531347 122 67 60
-56 187.6 614.6 -0.360008 -0.768727 -0.528633 103 48 41
-55 187.2 614.2 -0.247139 -0.821798 -0.513391 113 58 51
-54.2 187.2 614.2 -0.20879 -0.836335 -0.506903 131 74 65
-54 187.2 614.2 -0.170058 -0.850593 -0.497565 139 80 72
-53 187.2 614.2 -0.0848808 -0.871794 -0.482463 139 81 69
-52.2 187.2 614.2 0.00613995 -0.88608 -0.463492 145 83 72
-52 187 614 0.0115385 -0.885231 -0.465009 147 85 72
-51 187 614 0.107597 -0.888569 -0.445947 152 88 76
-50.2 187.2 614.2 0.183637 -0.882877 -0.432209 162 96 82
-50 187.4 614.4 0.198983 -0.882874 -0.425369 167 101 87
-46 188.2 616.8 0.554819 -0.771318 -0.31184 167 98 83
-45.2 188.6 617.8 0.593602 -0.745127 -0.304011 180 112 99
-44 189 619.6 0.685881 -0.676762 -0.267508 192 126 112
-43 189.6 621.4 0.71767 -0.645762 -0.260655 191 128 111
-42 189.8 622.4 0.740035 -0.619026 -0.262974 192 129 112
-41 190.6 624.8 0.740564 -0.604889 -0.292703 193 130 113
-40 191 626.2 0.751527 -0.592536 -0.290013 188 122 106
-71 192 628.2 -0.37622 -0.61806 -0.690261 54 38 39
-70 192 627.8 -0.434634 -0.614585 -0.658315 61 41 42
-69 192 627.8 -0.489181 -0.590017 -0.642325 61 42 38
-68.4 192 627.4 -0.516952 -0.597437 -0.613049 67 43 39
-68 192 627.2 -0.533121 -0.591953 -0.604461 72 47 43
-66 191.6 625.6 -0.623586 -0.550653 -0.554907 84 53 50
-65.6 191 624.6 -0.675022 -0.519011 -0.524378 89 54 52
-65 191 623.6 -0.711971 -0.495336 -0.497734 91 54 48
-64 190.6 623 -0.731353 -0.486925 -0.477521 92 51 47
-63 190.4 621.8 -0.756154 -0.464532 -0.460914 96 53 47
-62 189.6 619.6 -0.756667 -0.481226 -0.442579 104 57 49
-61 189 618.6 -0.725053 -0.522682 -0.448444 110 61 54
-58 188.8 615.8 -0.56841 -0.637219 -0.520445 130 80 71
-57 188 615 -0.4523 -0.716573 -0.530988 134 81 73
-56 188 613.8 -0.382785 -0.739612 -0.55358 110 57 49
-55 188 613.4 -0.305793 -0.762961 -0.569545 111 58 50
-47 188 614.8 0.457845 -0.802755 -0.382051 164 97 80
-47 188.6 615.6 0.467157 -0.804159 -0.367549 168 99 84
-46 188.6 615.6 0.551611 -0.756085 -0.352221 167 98 83
-44 189.6 618.6 0.698588 -0.657516 -0.282218 192 126 112
-43 190 620.4 0.74088 -0.614429 -0.271244 190 127 110
-42 190 621.4 0.759193 -0.59194 -0.270618 191 128 111
-42 190.6 622.8 0.758112 -0.592702 -0.271974 190 127 109
-41 191 623.8 0.775476 -0.572619 -0.265979 193 130 112
-40 191.2 625.4 0.759595 -0.58472 -0.284812 191 125 109
-71 192.6 627.6 -0.393415 -0.650242 -0.649931 46 34 36
-70.4 192.4 627.4 -0.418917 -0.644087 -0.640047 50 38 38
-70 192.4 627.2 -0.451008 -0.634536 -0.627659 56 40 40
-69 192.4 627.4 -0.510017 -0.600387 -0.615969 61 40 39
-68.4 192.8 627.2 -0.512011 -0.618112 -0.596476 68 42 41
-68 192.4 626.4 -0.544126 -0.60843 -0.577702 75 47 44
-67 192 625.6 -0.586948 -0.585127 -0.559569 78 49 45
-66 192 624.6 -0.637706 -0.557309 -0.531731 83 50 45
-65 191.6 623.6 -0.691734 -0.525285 -0.495561 88 51 45
-65 191.4 623.4 -0.703012 -0.510281 -0.495367 92 52 44
-64 191 622.2 -0.740169 -0.477806 -0.473129 95 50 44
-63 190.8 621.2 -0.756531 -0.463726 -0.461106 100 52 42
-62 190.4 620.2 -0.772638 -0.457162 -0.440492 103 53 44
-62 190 619.4 -0.767998 -0.462376 -0.443156 108 56 45
-60 189 617 -0.675453 -0.560706 -0.478927 121 66 59
-59 189 615.8 -0.627014 -0.59014 -0.508516 131 74 67
-56 188.8 613.8 -0.398404 -0.721447 -0.566382 128 78 69
-56 188.2 613.2 -0.378961 -0.728673 -0.57046 103 51 40
-55 188.2 613.2 -0.326592 -0.748208 -0.577514 98 46 35
-54 188.2 613 -0.227453 -0.781814 -0.580545 110 55 48
-54 188 612.8 -0.219197 -0.780448 -0.585537 105 50 43
-53 188 612.6 -0.146949 -0.799296 -0.582694 106 49 42
-52 188 612.6 -0.0658341 -0.826606 -0.558917 113 54 48
-51 188 612.6 0.0614059 -0.853349 -0.517711 121 58 51
-50 188 612.6 0.169364 -0.854665 -0.490779 139 75 63
-49 188 613 0.272174 -0.843759 -0.462593 147 81 67
-48 188 613 0.367565 -0.820754 -0.437331 153 87 71
-46.8 189 614.8 0.49603 -0.769385 -0.402493 166 96 84
-45 189 615.6 0.622341 -0.700629 -0.349015 176 107 92
-45 189.6 616.6 0.653041 -0.682823 -0.327553 190 121 106
-44 190 617.6 0.707142 -0.64043 -0.299666 197 130 114
-43.8 190 618.8 0.71719 -0.635144 -0.28676 195 128 112
-43 190.2 620 0.748728 -0.602532 -0.276335 193 127 113
-42 190.8 621 0.775418 -0.567267 -0.277371 196 130 116
-41 191.2 623 0.78619 -0.556602 -0.268515 196 133 116
-40 192 625.2 0.796118 -0.537928 -0.277182 195 128 112
-70 193 626.2 -0.490073 -0.642369 -0.589229 53 37 38
-69 193 626.6 -0.508287 -0.625273 -0.59218 58 38 37
-68 193 625.8 -0.548443 -0.611386 -0.570454 70 45 41
-66 192.4 624.4 -0.623662 -0.575145 -0.529389 80 49 44
-65 192 622.6 -0.692637 -0.528878 -0.490452 92 51 45
-64 191.4 621.4 -0.743648 -0.470349 -0.475141 95 50 44
-63 191 620.4 -0.769256 -0.44647 -0.457066 100 53 45
-62 191 619.4 -0.780097 -0.434884 -0.449806 103 54 47
-61.4 190.4 618.4 -0.766267 -0.457754 -0.450883 106 56 47
-61 190 617.4 -0.736198 -0.488169 -0.468726 111 61 52
-59 190 615 -0.654862 -0.549988 -0.518333 133 78 71
-58 189 614 -0.556264 -0.62604 -0.546484 132 77 70
-57 189 613.8 -0.490723 -0.667727 -0.559761 134 84 73
-56 189 612.8 -0.422154 -0.690984 -0.586793 134 82 71
-55 189 612.2 -0.347922 -0.727483 -0.59137 106 52 42
-54 188.8 612 -0.231554 -0.766941 -0.598484 107 50 43
-53 188.8 612 -0.16667 -0.784649 -0.597116 105 46 40
-52 188.6 611.6 -0.0768839 -0.794041 -0.602983 123 64 58
-52 188.8 611.8 -0.0775323 -0.795065 -0.601548 138 78 70
-51 188.6 611.6 0.0294447 -0.814113 -0.57996 145 82 73
-50 188.6 611.6 0.154312 -0.816967 -0.555655 154 90 78
-47 189 613.2 0.47691 -0.764673 -0.433396 177 110 93
-46 189 614 0.546225 -0.724089 -0.421109 174 105 90
-46 189.6 614.6 0.600996 -0.693231 -0.397788 176 104 90
-44 190.2 617 0.714298 -0.625725 -0.313443 196 130 114
-43 190.8 617.8 0.75266 -0.586094 -0.299995 197 131 115
-42 191 620 0.785693 -0.546652 -0.289581 195 132 115
-41 192 622.2 0.815022 -0.511552 -0.272129 194 131 114
-40.4 192.2 623.6 0.818294 -0.511513 -0.262201 196 131 113
-40 192.4 624.6 0.831409 -0.490566 -0.260967 201 136 118
-70 193.4 625.4 -0.492145 -0.654813 -0.573597 49 33 34
-69 193.6 625.6 -0.508697 -0.636168 -0.580101 55 35 34
-68 193.6 625.6 -0.553645 -0.61141 -0.565381 61 37 37
-68 193.2 625.2 -0.560358 -0.609612 -0.560689 67 41 40
-67 193 624.4 -0.59925 -0.597088 -0.533278 74 46 43
-66 193 623.8 -0.62898 -0.585753 -0.511153 79 48 45
-65 192.6 622.6 -0.675831 -0.545593 -0.495561 85 50 46
-65 192.4 622.4 -0.678536 -0.543609 -0.494043 90 51 44
-64 192 621.4 -0.724879 -0.497479 -0.476514 94 51 45
-62 191.4 619.2 -0.779637 -0.42947 -0.455765 103 56 48
-61.4 191 617.8 -0.773606 -0.431139 -0.464384 107 59 49
-61 190.4 616.4 -0.743789 -0.464209 -0.480923 110 62 52
-60 190 615.4 -0.691208 -0.51743 -0.504478 116 66 59
-58.2 190 614.2 -0.605052 -0.587696 -0.537146 133 80 74
-57 189.8 613 -0.517768 -0.634807 -0.573529 136 84 73
-56 189.8 612.8 -0.429012 -0.68684 -0.586685 137 85 74
-55.8 189.4 612.2 -0.403146 -0.6948 -0.595589 123 69 59
-55 189.2 612 -0.350365 -0.723149 -0.595231 109 55 45
-54 189 611.6 -0.242964 -0.751708 -0.61311 114 57 50
-53 189 611.4 -0.168472 -0.775764 -0.608118 95 36 30
-52 189 611.4 -0.0757978 -0.793135 -0.60431 120 59 54
-51 189 611.4 0.00320659 -0.799721 -0.600363 152 88 79
-50 189 611.6 0.157848 -0.814503 -0.558273 155 91 79
-49 189 611.6 0.256158 -0.798308 -0.545058 170 103 87
-48 189 612 0.384207 -0.771306 -0.507416 174 107 90
-45 190 614.6 0.647984 -0.652714 -0.392532 177 110 93
-45 190.4 615.4 0.677324 -0.638008 -0.366303 186 119 102
-44 190.8 616 0.725441 -0.594894 -0.346174 195 130 112
-43 191 617 0.761051 -0.565984 -0.316959 198 133 115
-42 191.2 619.2 0.792263 -0.534048 -0.295146 197 134 117
-41 192.2 621.8 0.824879 -0.488174 -0.285062 195 132 115
-40.2 192.6 622.8 0.851216 -0.456284 -0.2593 194 131 114
-40 193 624.2 0.847088 -0.464107 -0.258935 203 137 121
-67.2 194 624.2 -0.572909 -0.624959 -0.530285 65 41 39
-67 193.8 624 -0.586411 -0.617885 -0.523775 74 46 43
-66 193.2 623 -0.62402 -0.591029 -0.511158 80 49 46
-65 193 622.4 -0.665598 -0.558558 -0.494967 84 49 45
-64.4 193 621.4 -0.674198 -0.545795 -0.497559 88 51 43
-64 192.4 620.4 -0.707923 -0.51468 -0.483684 91 50 44
-63 192 619.4 -0.762044 -0.450644 -0.464982 96 53 44
-62 191.8 618.2 -0.784284 -0.412134 -0.463729 104 57 49
-61 191.4 617.2 -0.775738 -0.420518 -0.470527 107 60 52
-60.8 191 616.2 -0.753092 -0.440213 -0.488943 111 62 55
-58 190.6 613.6 -0.615915 -0.564503 -0.549532 129 79 72
-58 190 612.6 -0.558131 -0.599094 -0.574088 128 78 71
-57 190 612.6 -0.534663 -0.615425 -0.579126 131 79 68
-56 190 612 -0.453657 -0.654138 -0.605226 135 83 72
-55.8 190 612 -0.43313 -0.66507 -0.608343 119 66 58
-55 189.8 611.2 -0.369616 -0.692462 -0.619581 111 56 49
-54 189.8 611.2 -0.259029 -0.738935 -0.621996 123 68 61
-53.6 189.6 610.8 -0.213795 -0.753241 -0.622028 121 64 57
-53 189.6 610.6 -0.18719 -0.759733 -0.622709 116 57 51
-52 189.6 610.4 -0.0967699 -0.775942 -0.623338 134 73 68
-51.6 189.6 610.6 -0.0673047 -0.782352 -0.619189 147 87 77
-51 189.6 610.6 0.0129487 -0.784562 -0.619915 154 90 81
-50 189.8 610.8 0.151806 -0.779493 -0.607738 157 93 81
-49.8 189.8 610.8 0.203332 -0.774603 -0.598871 172 106 92
-47 190 612.2 0.502695 -0.711239 -0.491362 187 118 102
-46 190 612.6 0.57948 -0.67666 -0.45424 186 117 101
-46 190.4 613.4 0.58821 -0.677875 -0.441014 183 114 99
-44 191.2 616 0.732159 -0.584711 -0.349367 195 129 113
-43 191.8 616.8 0.779564 -0.534245 -0.326897 199 133 117
-42 192 618.6 0.811458 -0.504674 -0.294687 199 136 119
-41 192.8 621 0.847159 -0.441064 -0.296286 199 136 119
-40.2 193.2 622.4 0.861665 -0.427732 -0.273092 199 133 117
-40 193.4 623.4 0.865503 -0.429498 -0.257752 199 133 117
-68 194 623.6 -0.557469 -0.642852 -0.525328 60 36 36
-67 194 623 -0.592823 -0.624 -0.509101 75 47 44
-65 193.8 621.8 -0.643538 -0.578495 -0.5012 85 50 46
-64.4 193.4 621.4 -0.663528 -0.560371 -0.495696 88 51 43
-64 193 620.4 -0.697 -0.527822 -0.485381 91 50 44
-63 192.8 619.2 -0.739587 -0.47094 -0.48086 98 55 46
-62 192 617.8 -0.779385 -0.415276 -0.469154 104 57 49
-61 192 616.8 -0.780993 -0.407913 -0.472923 107 60 50
-60.6 191.6 615.6 -0.752402 -0.43021 -0.49881 112 64 54
-60 191 614.6 -0.717385 -0.468943 -0.51522 116 67 60
-59 191 614.2 -0.675929 -0.507595 -0.534291 119 70 63
-58 191 612.6 -0.619542 -0.54388 -0.566005 130 80 73
-57 190.8 612 -0.537702 -0.594474 -0.597894 131 81 72
-56 190.8 612 -0.482023 -0.631909 -0.606914 138 85 77
-55.2 190.2 611 -0.398617 -0.671305 -0.624863 118 65 57
-55 190.2 611 -0.387874 -0.680447 -0.621728 115 60 53
-54 190.2 610.8 -0.268485 -0.730153 -0.628325 134 79 72
-53.4 190 610.2 -0.200591 -0.752962 -0.626747 142 85 78
-53 190 610.2 -0.182373 -0.751106 -0.634492 144 85 79
-52 190 609.8 -0.0831319 -0.770346 -0.632183 151 90 85
-50 190 610.6 0.154156 -0.773153 -0.615199 157 93 81
-49.8 190 610.8 0.203284 -0.774363 -0.599198 173 107 93
-49 190 610.8 0.266157 -0.765979 -0.585181 176 109 93
-48 190 611 0.384651 -0.742509 -0.548384 175 108 91
-48 190.2 611.2 0.38975 -0.740443 -0.547576 182 114 95
-45 191 613.4 0.660809 -0.617128 -0.427183 183 114 99
-44.2 191.2 614.2 0.721092 -0.577947 -0.382103 190 121 106
-44 191.8 615 0.74851 -0.552123 -0.367278 199 133 117
-43 192 616 0.784257 -0.519992 -0.338451 201 135 119
-42 192.2 618 0.823367 -0.477585 -0.306561 202 139 122
-41 193 620.4 0.850154 -0.429078 -0.305173 202 139 124
-40 193.6 621.8 0.870581 -0.402599 -0.282848 203 137 123
-69 194 621.8 -0.551664 -0.661379 -0.508178 46 34 34
-69 194.8 622.8 -0.527522 -0.674356 -0.516686 52 34 34
-68 194.8 622.8 -0.547406 -0.659501 -0.515175 58 37 36
-67 194.6 622.6 -0.589761 -0.625145 -0.51125 75 47 44
-66 194 621.8 -0.614171 -0.599012 -0.513789 79 50 46
-65 194 621.8 -0.641574 -0.579456 -0.502607 84 51 46
-64.2 194 621 -0.658452 -0.560644 -0.502115 86 52 43
-64 193.8 620 -0.669813 -0.552954 -0.495573 91 52 45
-63 193 618.8 -0.71943 -0.494437 -0.487804 96 56 46
-61 192.8 616.8 -0.77685 -0.40205 -0.484624 104 60 49
-60.6 192 615.6 -0.762601 -0.413799 -0.497202 113 66 56
-58 191.8 612.8 -0.650376 -0.510296 -0.56268 123 74 67
-57.8 191 611.8 -0.582226 -0.560921 -0.58854 131 81 74
-57 191 611.6 -0.546057 -0.580612 -0.603913 137 87 76
-56 191 611 -0.471142 -0.627843 -0.619547 144 92 81
-55.2 191 610.6 -0.428303 -0.648543 -0.629245 125 72 64
-55 190.8 610 -0.395294 -0.663167 -0.635573 121 66 59
-54 190.6 609.8 -0.272379 -0.716939 -0.641722 135 80 73
-53.2 190.6 609.8 -0.203819 -0.739603 -0.64144 145 86 80
-53 190.4 609.2 -0.176046 -0.741167 -0.647827 147 88 82
-52 190.4 609.2 -0.0871383 -0.752982 -0.652247 147 86 81
-51 190 609 0.0166444 -0.763814 -0.645222 160 96 87
-50 190.8 609.8 0.179466 -0.754388 -0.631419 161 97 85
-49 190.8 609.8 0.280825 -0.737999 -0.613592 174 108 96
-47.8 191 610.8 0.43543 -0.707641 -0.556457 186 118 99
-46 191 612 0.598287 -0.649498 -0.469259 184 112 97
-44 192 613.6 0.738309 -0.541304 -0.402355 191 121 109
-43 192.6 615.6 0.794355 -0.496645 -0.349777 201 135 121
-42 193 617.6 0.834858 -0.448577 -0.319047 202 139 124
-41.6 193 618.6 0.846374 -0.440569 -0.29925 204 141 126
-41 194 620.2 0.87299 -0.390951 -0.291625 203 140 125
-40 194 621.2 0.876306 -0.384878 -0.289754 206 140 126
-40 194.2 622.2 0.875812 -0.391614 -0.282121 201 135 121
-67 195 621.6 -0.570001 -0.647775 -0.505458 61 40 37
-66.6 195 621.6 -0.574525 -0.646394 -0.502092 70 44 43
-66 194.8 621.2 -0.604355 -0.620329 -0.499946 76 48 44
-65 194.8 620.8 -0.62745 -0.600152 -0.496109 81 50 45
-64 194.2 620 -0.66841 -0.557681 -0.492158 86 53 46
-63.8 194 619 -0.675666 -0.545077 -0.496353 91 54 46
-63 193.8 617.8 -0.702315 -0.515671 -0.490751 94 56 47
-62 193 616.8 -0.758224 -0.443546 -0.477874 100 57 50
-61 193 615.8 -0.781522 -0.392488 -0.48495 104 60 51
-60 192.8 614.8 -0.753995 -0.411919 -0.511677 112 65 57
-60 192 613.6 -0.72907 -0.433394 -0.529742 117 68 61
-59 192 613.4 -0.701069 -0.459154 -0.545601 117 68 61
-57.8 192 611.8 -0.63213 -0.517869 -0.576389 129 80 73
-56 191.4 610.4 -0.496646 -0.605169 -0.622184 143 89 77
-55 191.2 609.6 -0.412048 -0.653503 -0.634941 129 75 65
-54 191.2 609.6 -0.310827 -0.701682 -0.641115 138 81 74
-53 191 609.2 -0.189547 -0.74019 -0.645129 145 86 78
-52 191 609.2 -0.095553 -0.74825 -0.656499 147 84 77
-51 191 608.8 0.0308045 -0.75346 -0.656772 152 89 80
-50 191 609 0.15724 -0.752849 -0.639135 163 97 85
-49 191 609.2 0.272695 -0.728031 -0.628974 178 111 95
-48 191 609.6 0.352166 -0.714072 -0.605045 188 121 105
-47 191 609.8 0.477123 -0.680277 -0.556396 184 116 97
-47 191.8 610.8 0.516133 -0.670165 -0.533372 179 110 94
-45 192 612.2 0.680828 -0.582819 -0.443617 182 114 101
-44 192.2 613.2 0.740266 -0.537432 -0.403946 192 124 111
-43 193 615.2 0.804908 -0.4759 -0.354462 200 134 120
-42 193.2 617.2 0.835377 -0.449363 -0.316572 202 139 122
-41.4 194 618.4 0.871979 -0.384668 -0.302792 206 143 126
-41 194.2 619.8 0.879409 -0.377377 -0.290219 204 141 124
-40 194.6 620.8 0.882762 -0.36531 -0.295431 205 142 127
-40 195 622.2 0.882846 -0.372412 -0.286169 206 140 126
-68 195 620.6 -0.551406 -0.666897 -0.501198 51 33 33
-67 195.4 621.2 -0.561734 -0.652256 -0.508937 57 37 36
-66 195 620.6 -0.605918 -0.621957 -0.496016 71 46 42
-65 195 619.8 -0.598586 -0.617404 -0.510399 78 49 45
-64 195 619.8 -0.648731 -0.577342 -0.495807 86 53 46
-63.6 194.6 618.6 -0.664392 -0.557911 -0.497311 91 54 48
-63 194 617.8 -0.695021 -0.520101 -0.496428 93 55 46
-61 193.2 615.2 -0.767534 -0.406021 -0.496022 105 61 52
-60 193 613.4 -0.740394 -0.402809 -0.538109 112 65 59
-59 192.4 612.4 -0.701599 -0.453352 -0.549756 114 67 61
-58 192 611.4 -0.635172 -0.508869 -0.581041 121 74 68
-57 192 610.2 -0.555558 -0.573734 -0.601818 137 83 73
-56 192 610.2 -0.498294 -0.604516 -0.621501 142 85 74
-54 191.6 608.8 -0.318401 -0.682226 -0.658171 136 77 69
-53 191.6 608.8 -0.185691 -0.724044 -0.664288 142 82 74
-52.8 191.4 608.2 -0.144117 -0.726481 -0.671905 142 82 72
-52 191.4 608.2 -0.0920449 -0.734409 -0.672437 149 86 77
-51 191.4 608.4 0.0225718 -0.748635 -0.662598 160 96 86
-50 191.4 608.4 0.164302 -0.738347 -0.654101 164 98 86
-49 191.4 608.4 0.276067 -0.719593 -0.63716 173 107 95
-46 192 610.8 0.595558 -0.633784 -0.493587 189 120 104
-46 192.2 611.2 0.615175 -0.620271 -0.486645 186 117 102
-44 193 613.2 0.764612 -0.508262 -0.39628 195 127 114
-43 193.8 614.8 0.823502 -0.445177 -0.351656 199 136 121
-42 194 616.8 0.859249 -0.395727 -0.324178 204 143 125
-41.2 194.2 617.8 0.878023 -0.364581 -0.310092 206 145 127
-40 195.2 620.6 0.888892 -0.350485 -0.295012 205 142 125
-40 195.4 621.6 0.886871 -0.35562 -0.294948 208 145 128
-68 195.4 619.4 -0.559671 -0.666855 -0.492009 45 29 29
-67 195.6 619.8 -0.58207 -0.646142 -0.493654 54 36 34
-66 195.8 620.2 -0.58223 -0.642729 -0.497903 63 42 41
-66 195.6 619.6 -0.579625 -0.641065 -0.503061 70 44 43
-65 195.6 619.6 -0.582136 -0.638371 -0.503588 76 46 46
-64 195.2 619 -0.636507 -0.590964 -0.495601 83 49 47
-63.2 195 618 -0.656569 -0.562822 -0.502143 92 54 53
-63 194.8 617 -0.679903 -0.532318 -0.504351 97 56 52
-62 194 615.8 -0.734186 -0.463755 -0.495885 101 56 53
-61 194 615 -0.750226 -0.424619 -0.506812 102 57 51
-60 193.2 613.2 -0.743068 -0.396131 -0.539379 110 61 54
-59 193 612.2 -0.715458 -0.426026 -0.553734 113 64 57
-58 193 611.4 -0.671172 -0.47643 -0.567928 120 70 61
-57 192.8 609.8 -0.590659 -0.536411 -0.602815 135 80 73
-56 192.4 609.4 -0.510376 -0.587713 -0.627782 143 86 79
-55 192.2 609 -0.433966 -0.629679 -0.644343 140 83 74
-55 192 608.4 -0.437656 -0.628415 -0.64308 133 76 67
-54 192 608.4 -0.315956 -0.678181 -0.663508 132 74 63
-53 192 608 -0.20787 -0.706542 -0.676453 134 74 64
-52.6 192 607.8 -0.161402 -0.719823 -0.675132 139 79 68
-52 192 607.6 -0.0933873 -0.728545 -0.678602 148 86 75
-51 192 607.4 0.00362659 -0.728696 -0.684828 155 91 79
-50 192 607.6 0.165973 -0.737821 -0.654273 166 100 86
-49 192 607.8 0.277064 -0.723347 -0.632459 172 106 92
-48 192 608.6 0.374848 -0.693522 -0.615237 179 112 96
-47 192 608.6 0.468212 -0.673601 -0.571873 185 116 101
-47 192.6 609.6 0.515346 -0.655851 -0.551614 186 117 102
-46 192.8 609.8 0.573109 -0.630944 -0.522929 184 118 102
-45 193 611.2 0.681476 -0.57552 -0.45207 188 122 106
-44 193.2 612.2 0.744469 -0.52627 -0.41086 195 129 113
-42 194.2 616.2 0.858733 -0.395794 -0.325461 209 143 127
-39 196.2 622.2 0.899652 -0.336107 -0.278671 206 143 125
-67 196 619 -0.547176 -0.678766 -0.48977 52 34 32
-66 196 619 -0.554246 -0.665608 -0.499777 62 41 40
-65.6 196 619 -0.558079 -0.662171 -0.500078 70 44 43
-65 196 618.6 -0.564256 -0.660711 -0.495052 77 47 47
-64 196 618.8 -0.605512 -0.615761 -0.504176 83 49 47
-63 195.6 617.6 -0.645104 -0.568907 -0.510084 91 53 52
-63 195 616.8 -0.664261 -0.562145 -0.492697 93 54 49
-62 195 615.6 -0.708213 -0.495619 -0.502789 98 54 51
-61 194.6 614.6 -0.743081 -0.429561 -0.513135 102 57 51
-60 194 612.4 -0.74577 -0.396553 -0.535326 110 61 54
-59 193.8 612 -0.735512 -0.409544 -0.539719 112 63 56
-58 193.2 611 -0.680299 -0.467205 -0.564723 118 70 60
-57 193 609.4 -0.589634 -0.533463 -0.606423 132 77 70
-55 192.8 608.2 -0.443441 -0.625477 -0.64198 139 82 73
-54.8 192.8 608.2 -0.434596 -0.623095 -0.650292 134 77 68
-54 192.6 607.6 -0.327805 -0.659124 -0.67683 137 78 70
-53 192.6 607.6 -0.21263 -0.695458 -0.686387 146 86 78
-52.6 192.6 607.4 -0.175707 -0.695835 -0.696377 153 93 83
-52 192.6 607.4 -0.0854276 -0.711586 -0.697387 159 95 86
-51 192.4 607.2 0.00694479 -0.719393 -0.694569 162 98 88
-50.8 192.4 607.2 0.0286664 -0.72108 -0.692258 167 100 91
-50 192.6 607.6 0.157645 -0.728598 -0.666553 170 104 92
-49 192.6 607.6 0.273434 -0.714778 -0.643681 173 107 95
-49 192.8 607.8 0.288234 -0.715228 -0.636687 176 108 95
-48 192.8 607.8 0.379223 -0.69493 -0.610952 179 111 98
-46 193 609.8 0.576413 -0.630962 -0.519263 183 117 101
-46 193.2 610.2 0.603163 -0.620612 -0.501034 187 121 105
-44 194 611.6 0.755791 -0.519431 -0.398712 196 130 114
-43 194 613.6 0.805068 -0.460749 -0.373599 205 139 123
-43 194.6 614.6 0.837534 -0.421797 -0.34731 204 141 124
-41 195 616.6 0.882788 -0.350181 -0.313143 209 146 129
-40 196 619.4 0.898007 -0.326671 -0.294737 211 148 130
-40 196.4 620.4 0.902921 -0.3191 -0.287939 213 150 132
-39 197 622.2 0.905781 -0.316252 -0.282039 209 146 128
-67 196.2 617.8 -0.495776 -0.722216 -0.482297 48 33 30
-66 196.4 618 -0.518721 -0.702535 -0.487209 60 40 39
-65.4 196.4 618 -0.519216 -0.702072 -0.487349 69 45 43
-65 196.4 618 -0.568346 -0.661716 -0.488993 77 49 48
-64 196.2 618 -0.591816 -0.637187 -0.493707 81 50 47
-63 196 617 -0.621046 -0.601309 -0.502722 87 52 50
-62.8 195.8 616 -0.624016 -0.600256 -0.500296 91 52 47
-62 195.6 615.6 -0.669764 -0.542591 -0.506963 96 52 49
-61 195 614.6 -0.721674 -0.462736 -0.514842 99 56 50
-60 194.4 612.4 -0.753631 -0.391341 -0.528102 108 61 53
-59 194 611.4 -0.727585 -0.414748 -0.546447 111 64 56
-58 194 610.4 -0.694585 -0.439714 -0.569388 117 68 61
-57 193.6 609.6 -0.622885 -0.498512 -0.602909 125 75 68
-57 193.4 609.4 -0.604796 -0.50734 -0.613863 136 79 72
-56 193 608.6 -0.524141 -0.582751 -0.621029 140 81 75
-55 193.4 608.2 -0.449371 -0.606316 -0.656085 138 79 73
-54.6 193 607.6 -0.394523 -0.628651 -0.670186 130 71 65
-54 193 607.2 -0.337877 -0.645231 -0.685212 134 74 66
-53 193 607 -0.189019 -0.67983 -0.708592 150 87 80
-52 193 606.6 -0.081513 -0.696288 -0.713119 156 93 84
-51 192.8 606.2 -0.0124553 -0.699407 -0.714615 165 98 89
-50.6 193 606.8 0.0357708 -0.703446 -0.709848 167 100 91
-50 193 606.8 0.156952 -0.704421 -0.692212 169 101 90
-49 193 607.2 0.278094 -0.712877 -0.643794 175 105 95
-48 193 607.4 0.373204 -0.688377 -0.621977 179 109 99
-47 193 607.6 0.461751 -0.668534 -0.582965 186 114 102
-47 193.4 608.4 0.494779 -0.664855 -0.559609 186 116 104
-46 193.8 608.8 0.578139 -0.635627 -0.5116 186 119 103
-45.6 194 609.6 0.614253 -0.612068 -0.498062 190 124 108
-45 194 610.2 0.693902 -0.568464 -0.441983 193 130 113
-44 194.2 611.2 0.753316 -0.521729 -0.400392 197 134 117
-44 194.8 611.8 0.778387 -0.495721 -0.385195 201 138 121
-42 195 613.8 0.855038 -0.394659 -0.336384 206 143 126
-42 195.2 615.2 0.870004 -0.369918 -0.325967 208 145 128
-66.8 196.6 616.6 -0.454637 -0.754759 -0.472911 45 30 27
-66 196.6 616.6 -0.519444 -0.707627 -0.479001 58 38 37
-65.2 196.8 617.2 -0.537342 -0.693704 -0.479624 69 45 43
-65 196.8 617.4 -0.538912 -0.693402 -0.478296 76 48 47
-64 196.8 617.4 -0.553385 -0.672885 -0.490909 80 49 46
-63 196.4 616.2 -0.597225 -0.638965 -0.484814 86 51 49
-62.4 196.2 615.6 -0.609004 -0.618204 -0.496928 91 53 50
-62 196 615 -0.638325 -0.579864 -0.50626 94 53 51
-61 195.8 614 -0.688768 -0.511913 -0.513365 98 55 49
-60 195.2 613.2 -0.73021 -0.438697 -0.523773 103 58 53
-60 195 612.2 -0.73784 -0.421855 -0.526906 108 61 55
-58 194.4 610.4 -0.702837 -0.435812 -0.562217 115 68 60
-57 194 609.6 -0.646689 -0.482372 -0.590857 122 72 65
-56.6 194 608.6 -0.604846 -0.510726 -0.611 133 78 71
-54.6 194 607.6 -0.430543 -0.597815 -0.676202 128 69 61
-54 193.8 607 -0.354024 -0.629505 -0.691657 131 71 63
-53 193.6 606.6 -0.196668 -0.669122 -0.716657 150 87 80
-52 193.6 606.6 -0.0915856 -0.685136 -0.722635 156 93 84
-52 193.4 606.2 -0.0919034 -0.678637 -0.728701 157 93 84
-51 193.4 606.2 -0.0104673 -0.691826 -0.721988 161 94 85
-50.4 193.4 606.2 0.064248 -0.692008 -0.719025 163 96 87
-50 193.6 606.8 0.164656 -0.698869 -0.696039 167 99 88
-49 193.6 606.8 0.282535 -0.698805 -0.65715 172 104 93
-46 194 608.6 0.580111 -0.634075 -0.511293 189 123 107
-45.2 194.2 609 0.621199 -0.616754 -0.483453 193 130 113
-45 194.8 610 0.695977 -0.570456 -0.436114 196 133 116
-43 195 612.6 0.826282 -0.434579 -0.358327 206 143 126
-42 195.6 613.6 0.865928 -0.375873 -0.329983 206 143 126
-41 196 616 0.895085 -0.325328 -0.304933 209 146 129
-40 197 618.8 0.908189 -0.303853 -0.287865 212 149 132
-39 198 621.8 0.912836 -0.297405 -0.279788 209 146 129
-66 196.8 615.6 -0.46977 -0.742226 -0.477929 55 37 35
-65 197 616.2 -0.479999 -0.73414 -0.480249 66 45 42
-64.8 197 616.2 -0.481643 -0.732337 -0.481356 74 48 47
-64 197.2 616.6 -0.511548 -0.70451 -0.491919 79 50 46
-63 196.8 615.4 -0.575604 -0.660006 -0.482775 85 51 49
-62.4 196.8 615.2 -0.57903 -0.649097 -0.493352 89 51 48
-62 196.4 614.4 -0.629747 -0.600064 -0.493296 93 52 50
-61 196.2 614 -0.658617 -0.555163 -0.507954 97 56 50
-60 196 612.4 -0.707551 -0.469516 -0.528135 104 61 55
-59.8 195.8 611.8 -0.719722 -0.445292 -0.532649 107 62 56
-59 195 610.8 -0.736051 -0.413461 -0.535984 108 63 57
-58 195 609.8 -0.702447 -0.428597 -0.56822 113 66 60
-57 194.8 608.8 -0.658574 -0.456989 -0.597864 117 68 61
-56.4 194.4 608.4 -0.601267 -0.507624 -0.617087 127 72 65
-56 194 607.6 -0.557261 -0.535305 -0.634751 134 77 68
-55 194 607.2 -0.453142 -0.584945 -0.672682 137 78 70
-54 194 606.2 -0.349039 -0.624572 -0.698629 131 71 63
-51 194 605.8 0.001241 -0.69369 -0.720272 157 93 83
-50.2 194 606 0.108814 -0.69076 -0.71485 159 95 85
-49 194 606.2 0.250633 -0.683473 -0.6856 175 109 97
-48.2 194 606.2 0.346038 -0.696043 -0.629111 178 110 99
-48 194 606.6 0.365634 -0.683376 -0.631908 182 114 103
-47 194 606.6 0.453892 -0.671531 -0.585686 189 119 107
-47 194.4 607.4 0.474217 -0.665919 -0.575908 186 118 105
-46 194.6 607.6 0.563453 -0.642761 -0.519018 189 123 107
-44 195 610 0.734126 -0.54314 -0.407502 200 137 120
-42 196 613.2 0.867822 -0.372765 -0.328529 206 143 126
-42 196.4 614.4 0.879047 -0.356207 -0.316848 207 144 127
-41 197 616 0.90341 -0.312489 -0.293599 210 147 130
-41 197.4 617.4 0.907412 -0.301961 -0.292273 212 149 132
-40 198 618.4 0.915805 -0.289431 -0.278443 213 152 134
-39 199 621.4 0.918531 -0.28646 -0.272472 213 152 134
-66 197.2 614.6 -0.454691 -0.745333 -0.487581 53 35 35
-65 197.4 615.2 -0.456385 -0.74428 -0.487607 65 44 41
-64.4 197.4 615.4 -0.479795 -0.726043 -0.492604 74 48 47
-64 197.6 615.4 -0.49291 -0.718172 -0.491192 78 48 46
-63 197.2 614.8 -0.560936 -0.66566 -0.492187 84 50 49
-62 197 614.2 -0.584441 -0.633859 -0.506609 91 51 49
-60 196.4 612.4 -0.696581 -0.483491 -0.530105 103 60 54
-58 195.4 609.2 -0.709912 -0.416425 -0.567993 111 66 60
-57 195 608.6 -0.658384 -0.462014 -0.5942 116 69 63
-56 194.8 606.8 -0.563358 -0.519314 -0.642604 131 76 69
-55 194.6 606.6 -0.467003 -0.573115 -0.673385 135 78 69
-54 194.2 606.2 -0.349039 -0.624572 -0.698629 128 71 62
-53 194 605.8 -0.202355 -0.668037 -0.716086 142 83 75
-52 194 605.6 -0.101499 -0.689125 -0.717499 150 90 80
-51 194.2 605.8 -0.00469972 -0.693394 -0.720543 152 90 79
-50 194 605.6 0.109452 -0.701232 -0.704481 155 91 81
-49 194.8 606 0.246496 -0.697647 -0.672702 170 104 92
-48.2 195 606.2 0.326836 -0.696821 -0.63845 169 101 88
-46 195 607.6 0.567981 -0.643094 -0.513641 184 121 104
-45 195 608 0.648563 -0.601816 -0.466029 192 129 112
-45 195.2 609 0.679777 -0.579223 -0.449894 198 135 120
-44 195.6 609.6 0.746108 -0.528954 -0.404389 201 138 123
-43 196 611.6 0.834233 -0.433468 -0.340823 206 143 128
-41 197.6 615.6 0.905051 -0.310413 -0.290736 206 145 127
-40 198.4 618.4 0.917307 -0.285238 -0.277825 214 153 135
-39.4 199 619.4 0.918749 -0.28255 -0.275799 216 155 137
-39 199.4 621.4 0.919537 -0.284418 -0.271217 217 156 138
-65.8 197.6 613.4 -0.434265 -0.7606 -0.482598 49 33 33
-64 197.8 614.4 -0.503752 -0.707358 -0.495861 77 49 46
-63 197.8 614.2 -0.514641 -0.689865 -0.509146 82 51 49
-62 197.6 613.6 -0.567644 -0.644853 -0.511806 88 53 49
-62 197.4 613.4 -0.567644 -0.644853 -0.511806 90 50 48
-61 197 612.8 -0.622705 -0.586197 -0.518277 93 54 47
-60 197 611.8 -0.664438 -0.52842 -0.528483 101 58 52
-59 196.8 610.8 -0.706449 -0.460892 -0.53713 105 62 55
-59 196 609.8 -0.718954 -0.435372 -0.541809 108 63 57
-58 196 608.8 -0.709812 -0.429438 -0.558345 111 67 58
-57 195.8 607.8 -0.660823 -0.459224 -0.593656 116 69 61
-56 195 606.8 -0.5764 -0.508939 -0.639331 129 76 68
-55 195 606 -0.481118 -0.556856 -0.677079 132 77 70
-54 195 605.2 -0.369424 -0.610231 -0.700817 129 72 63
-52 194.8 604.8 -0.105848 -0.694103 -0.712051 145 87 76
-51 194.6 604.8 0.00477875 -0.694594 -0.719386 141 81 70
-50 194.8 605 0.110219 -0.692461 -0.712986 153 91 78
-49 195 605.4 0.222851 -0.694145 -0.684471 160 96 84
-48 195 605.4 0.304967 -0.696963 -0.649028 161 95 83
-47 195 605.6 0.431451 -0.686559 -0.585224 177 111 97
-46 195.2 606.8 0.544305 -0.66468 -0.511794 182 119 102
-45 195.6 607.6 0.639383 -0.616053 -0.460074 190 127 110
-45 195.8 608 0.653943 -0.603639 -0.456046 196 134 119
-44 196 609 0.739737 -0.53832 -0.403733 201 139 124
-43.6 196.2 609.8 0.791839 -0.486784 -0.368826 204 142 127
-42 197 612.2 0.864524 -0.391667 -0.314952 205 144 126
-42 197.4 613.4 0.881326 -0.361077 -0.304775 209 148 130
-41 198 615.2 0.905803 -0.316593 -0.281584 208 147 129
-41 198.8 616.8 0.916182 -0.289018 -0.27763 213 152 134
-40 199 618 0.918217 -0.283501 -0.276594 216 155 137
-39.4 199.4 619.4 0.920487 -0.278507 -0.274111 216 155 137
-39 200 621.2 0.922593 -0.276363 -0.269158 215 154 136
-65.6 197.8 612.2 -0.433013 -0.767629 -0.472488 46 30 30
-65 197.8 613 -0.465953 -0.741511 -0.482752 60 40 39
-64 198 613.4 -0.471641 -0.731493 -0.492416 70 46 46
-63.8 198 613.6 -0.481782 -0.720359 -0.498968 77 49 46
-63 198 613.6 -0.511484 -0.696828 -0.502807 84 53 51
-62 198 613 -0.554807 -0.651771 -0.517092 89 54 50
-61.8 198 613 -0.55826 -0.647976 -0.518143 89 49 47
-61 197.8 612 -0.589426 -0.606692 -0.533388 91 52 45
-60 197.8 611.8 -0.62366 -0.569178 -0.535802 98 57 51
-59 197 610.2 -0.698336 -0.47365 -0.53664 105 62 55
-58.8 196.8 609.4 -0.702232 -0.462409 -0.541339 108 65 58
-58 196.6 608.6 -0.709232 -0.434026 -0.555527 111 67 58
-57 196 607.6 -0.657782 -0.458523 -0.59756 113 66 58
-56 196 606 -0.596212 -0.495321 -0.631814 123 70 64
-54 195.2 605.2 -0.369424 -0.610231 -0.700817 125 68 61
-53 195 604.8 -0.242644 -0.649361 -0.720731 128 71 64
-52 195 604.6 -0.118163 -0.676841 -0.726584 135 76 68
-51 195 604.6 -0.00445355 -0.695586 -0.718429 132 74 63
-50 195 604.6 0.108171 -0.699237 -0.706659 140 77 68
-50 195.2 605 0.125842 -0.695843 -0.707083 150 88 77
-49 195.2 605 0.218274 -0.699129 -0.680864 160 96 86
-48 195.4 605.4 0.313151 -0.69702 -0.645057 163 97 85
-47 195.6 605.6 0.427472 -0.699504 -0.57268 177 111 97
-46.6 195.6 605.8 0.463441 -0.688242 -0.558163 182 116 102
-46 196 606.8 0.557734 -0.652971 -0.512408 183 122 104
-45 196 607 0.632879 -0.621135 -0.46223 189 128 110
-44 196.6 608.8 0.748455 -0.529835 -0.39886 202 140 125
-43.6 197 609.8 0.802401 -0.478185 -0.357059 205 143 128
-43 197 610.6 0.830133 -0.445438 -0.335357 204 142 127
-41 198.4 614.4 0.903715 -0.322996 -0.281021 210 149 131
-40 199.8 617.8 0.920315 -0.277922 -0.27528 219 158 140
-39.2 200 619.2 0.921332 -0.277 -0.272796 217 156 138
-39 200.8 620.8 0.923319 -0.277376 -0.265602 215 154 136
-65 198.4 612 -0.403952 -0.77939 -0.478929 53 37 37
-64 198.6 612.4 -0.443721 -0.754039 -0.484291 66 46 47
-63.8 198.8 612.8 -0.452702 -0.743163 -0.492716 72 48 46
-62 198.6 612.4 -0.501633 -0.698961 -0.509724 86 52 50
-61.2 198.2 612 -0.566036 -0.64162 -0.517616 89 51 48
-61 198 611.8 -0.570212 -0.633839 -0.522595 95 54 48
-59 197.8 609.8 -0.675271 -0.508456 -0.534305 106 59 53
-58.8 197 608.8 -0.686318 -0.476785 -0.549221 113 64 59
-58 197 607.8 -0.690807 -0.463372 -0.555042 115 65 58
-56 196.8 606.8 -0.634851 -0.478257 -0.606823 120 67 61
-55 196 605 -0.520632 -0.543072 -0.658799 127 72 65
-54 196 604.8 -0.403686 -0.600767 -0.690012 128 71 62
-53 196 604.4 -0.281394 -0.638108 -0.716684 130 73 64
-52 196 604.2 -0.169347 -0.672503 -0.720459 129 72 63
-51.8 195.8 604 -0.130224 -0.667383 -0.73324 133 74 66
-51 195.8 604 0.00293675 -0.689396 -0.724379 133 74 66
-50 195.8 604 0.0989573 -0.692227 -0.714863 152 90 79
-49 196 604.6 0.223831 -0.7094 -0.66832 163 101 90
-48 196 604.6 0.290417 -0.699575 -0.65288 173 109 99
-47 196 604.8 0.398313 -0.686385 -0.608459 179 115 105
-46.4 196 605.2 0.459854 -0.678723 -0.572599 180 116 106
-46 196.2 606 0.537254 -0.672115 -0.509529 186 124 109
-45 196.2 606.2 0.61304 -0.624087 -0.484456 191 129 114
-44 197 608 0.741194 -0.540565 -0.398021 198 136 121
-43.2 197.2 608.8 0.795099 -0.488006 -0.360095 200 138 123
-43 197.6 609.8 0.816446 -0.470115 -0.335272 204 142 127
-42 198 611.2 0.867095 -0.401658 -0.294646 206 144 129
-42 198.2 612.2 0.882438 -0.373073 -0.286565 207 145 130
-41 199.8 615.8 0.918548 -0.289974 -0.268672 210 148 133
-40 200 617 0.922664 -0.279075 -0.266099 219 157 142
-64.8 198.8 610.8 -0.39075 -0.783588 -0.483015 48 34 33
-64 198.8 611.6 -0.428167 -0.767509 -0.477078 62 44 44
-63.2 198.8 611.8 -0.444177 -0.756659 -0.479764 67 46 43
-63 198.8 611.8 -0.444878 -0.756523 -0.479329 76 50 49
-62 198.8 611.4 -0.480524 -0.727951 -0.489064 84 53 50
-61 198.8 611 -0.518317 -0.698367 -0.493591 93 54 49
-60 198 609.8 -0.581729 -0.620686 -0.525681 98 55 49
-59 198 609.4 -0.661645 -0.51884 -0.541324 104 59 53
-58.4 198 608.4 -0.652408 -0.522307 -0.549145 111 64 58
-58 197.8 607.8 -0.670891 -0.492258 -0.554606 115 66 59
-57 197 606.8 -0.665103 -0.469161 -0.580969 118 68 61
-56 197 605.6 -0.61713 -0.499831 -0.607717 122 69 63
-54 196.8 604.8 -0.440839 -0.590088 -0.676356 129 72 65
-53 196.2 604.2 -0.29149 -0.632396 -0.717711 128 71 64
-52 196.2 604.2 -0.185624 -0.662647 -0.725564 128 69 61
-51.8 196.2 604 -0.158127 -0.671874 -0.723589 132 73 65
-51 196.2 604 0.00420468 -0.699486 -0.714634 132 72 62
-50 196.2 603.8 0.0966254 -0.705979 -0.70161 154 92 81
-49 196.2 603.8 0.21672 -0.71549 -0.664158 165 103 92
-48 196.6 604.4 0.295733 -0.715859 -0.632525 176 112 100
-47 196.6 604.6 0.401441 -0.68876 -0.603701 182 118 108
-46 196.6 604.8 0.487831 -0.66984 -0.559763 185 121 111
-46 196.8 605.4 0.52383 -0.65305 -0.546926 186 124 109
-45 196.8 605.4 0.59498 -0.631561 -0.497121 191 129 114
-44.8 197.2 606.4 0.670776 -0.590987 -0.4481 196 134 119
-44 197.2 607 0.727624 -0.557388 -0.399852 198 136 121
-43 197.8 608 0.801081 -0.493683 -0.338446 201 139 124
-42 198.4 610.4 0.858908 -0.417425 -0.296705 207 145 130
-41 199 613 0.901117 -0.338628 -0.270774 213 151 136
-40.8 200 614.8 0.91782 -0.301277 -0.25853 213 151 136
-40 200.6 616.6 0.921932 -0.284377 -0.263006 218 156 141
-39 201 618.4 0.922688 -0.281146 -0.263826 219 157 142
-64 199 610.8 -0.41334 -0.772602 -0.481909 57 41 41
-63 199.4 611.2 -0.41334 -0.772602 -0.481909 64 43 40
-62 199.2 610.8 -0.462466 -0.738612 -0.490487 81 52 48
-61 199.2 610.8 -0.503657 -0.69739 -0.50988 86 52 50
-60.8 199 610 -0.500552 -0.691229 -0.521201 90 53 47
-59 198.8 608.8 -0.606092 -0.59122 -0.532081 102 59 52
-58.2 198.2 608.2 -0.674469 -0.507959 -0.535788 110 63 57
-58 198 607.4 -0.654299 -0.515684 -0.553138 115 68 60
-57 198 606.6 -0.659451 -0.49612 -0.564792 118 68 61
-56 197.6 605.6 -0.618151 -0.513276 -0.595346 118 67 63
-56 197.4 605.4 -0.620493 -0.509115 -0.596481 120 67 63
-55 197 604.4 -0.523451 -0.557439 -0.644407 123 68 63
-54 197 604 -0.414596 -0.605036 -0.679736 126 71 66
-51.2 196.8 603 -0.0549285 -0.687983 -0.723645 135 76 70
-51 196.8 603 -0.0336154 -0.688576 -0.724384 139 79 71
-47 197 603.6 0.388156 -0.693175 -0.607324 180 116 104
-46 197 604.2 0.47995 -0.670931 -0.565243 184 120 108
-46 197.2 604.8 0.511754 -0.659636 -0.550444 187 124 109
-45 197.4 605.2 0.587806 -0.632947 -0.503848 191 128 113
-44.4 197.4 605.6 0.660972 -0.593214 -0.459579 196 133 118
-44 198 606.6 0.729295 -0.553075 -0.402786 199 136 121
-43 198 607.2 0.760976 -0.529594 -0.374761 203 140 125
-43 198.4 608.4 0.800418 -0.493853 -0.339765 208 145 130
-42 199 609.6 0.85771 -0.421686 -0.294134 210 147 132
-41 200 612.8 0.904633 -0.341083 -0.255542 212 149 134
-40.8 200.8 614.8 0.919497 -0.301354 -0.252412 217 154 139
-40 201 616.2 0.920494 -0.291411 -0.260327 219 156 141
-39 202 618.2 0.922769 -0.288143 -0.255873 219 156 141
-64 199.8 609.8 -0.353824 -0.810664 -0.466511 54 38 38
-63 199.8 609.8 -0.381255 -0.789421 -0.481101 62 43 39
-62.8 199.8 610.2 -0.397679 -0.78523 -0.474622 70 46 44
-62 199.8 610 -0.412214 -0.767177 -0.491446 79 50 46
-61 199.6 609.8 -0.462636 -0.72723 -0.507054 85 51 49
-60.6 199.6 609.6 -0.491579 -0.713127 -0.499799 89 52 46
-60 199 608.8 -0.523566 -0.67116 -0.524807 96 55 51
-59 199 608.2 -0.572667 -0.630388 -0.524083 103 58 53
-58 199 607.2 -0.612861 -0.570623 -0.546618 109 61 57
-58 198.8 607 -0.625614 -0.549268 -0.553996 116 67 62
-57 198.2 606 -0.653975 -0.501129 -0.566733 118 67 63
-56 198 605.6 -0.622226 -0.510631 -0.593373 122 71 67
-55.6 198 604.6 -0.590752 -0.536766 -0.602407 124 71 67
-54 197.4 603.4 -0.404727 -0.610448 -0.680844 128 75 69
-53 197 603 -0.301109 -0.650558 -0.697215 127 72 67
-52 197 602.8 -0.199707 -0.678054 -0.707361 137 80 73
-51 197 602.6 -0.0305824 -0.708421 -0.705127 147 88 80
-50 197 602.6 0.0776582 -0.740396 -0.667669 151 91 83
-49.6 197 602.6 0.0999438 -0.734897 -0.670774 156 96 85
-49 197 602.6 0.200325 -0.735008 -0.647791 165 103 92
-48 197 602.8 0.283806 -0.735935 -0.614698 171 107 97
-47.8 197 602.8 0.298991 -0.727896 -0.617067 175 111 101
-47 197.4 603.2 0.379748 -0.713191 -0.589194 179 115 103
-46 197.4 603.2 0.467206 -0.690497 -0.552207 183 119 107
-46 197.8 604 0.511042 -0.666068 -0.543313 185 123 108
-45 198 604.4 0.562088 -0.640207 -0.523633 189 127 112
-44.4 198 605.4 0.659731 -0.59521 -0.458781 195 133 118
-44 198.2 606.2 0.715839 -0.562958 -0.4131 199 137 122
-42 199.6 609.6 0.866212 -0.416164 -0.276558 209 147 132
-41 200.4 612.4 0.906301 -0.341773 -0.248617 210 148 133
-40.4 201 614.4 0.919129 -0.310221 -0.242825 217 155 140
-39 202.2 618.2 0.923396 -0.28725 -0.254612 218 156 141
-62.4 200 609.2 -0.377169 -0.786208 -0.48951 70 46 46
-62 200 609 -0.391134 -0.781727 -0.485713 77 49 46
-61 200 609.4 -0.453967 -0.742468 -0.4926 82 51 49
-59 199.8 607.8 -0.52745 -0.664838 -0.528949 101 58 52
-58 199.2 607 -0.596358 -0.583675 -0.551072 105 60 55
-57.8 199 606 -0.613111 -0.565457 -0.551682 113 66 60
-57 199 605.8 -0.630753 -0.526046 -0.570462 115 66 61
-56 198.8 604.8 -0.622684 -0.528538 -0.576986 117 68 63
-55.6 198.6 604.6 -0.600351 -0.533828 -0.595489 118 67 63
-55 198 603.4 -0.522426 -0.574341 -0.630241 120 69 65
-54 198 603 -0.424622 -0.609779 -0.669228 124 73 69
-51 197.8 602.4 -0.0322977 -0.719449 -0.693793 152 93 85
-49.4 198 602.4 0.130003 -0.752128 -0.646067 159 99 89
-49 198 602.6 0.207116 -0.747977 -0.630582 165 105 95
-48 198 602.6 0.295161 -0.73468 -0.61084 171 109 98
-47.8 198 602.8 0.330023 -0.729908 -0.598598 174 112 101
-47 198 602.6 0.367637 -0.724645 -0.582866 178 116 103
-46 198 603.2 0.475954 -0.688977 -0.546607 180 118 105
-45 198.2 604 0.557715 -0.655406 -0.509309 190 128 113
-44.2 198.6 604.8 0.662753 -0.600068 -0.44797 197 135 120
-43 199 606.2 0.751464 -0.537938 -0.382002 205 143 128
-43 199.4 607.4 0.80438 -0.49078 -0.334826 208 146 131
-42 200 608.6 0.857009 -0.43137 -0.28188 209 147 132
-42 200.6 610.6 0.888533 -0.382727 -0.253039 208 146 131
-41 201 612.2 0.911402 -0.33388 -0.240563 213 151 136
-40.2 201.6 613.8 0.918963 -0.316406 -0.235359 218 156 141
-39 203 617.2 0.924875 -0.294146 -0.241008 216 154 139
-64 200 607.6 -0.322313 -0.815975 -0.479895 46 34 34
-63 200 607.6 -0.344613 -0.796666 -0.496553 59 44 41
-62 200.4 608.2 -0.375759 -0.781042 -0.498777 76 51 47
-61 200.2 608.2 -0.408707 -0.771034 -0.488329 81 51 49
-60 200.2 608.2 -0.48169 -0.706564 -0.518403 87 54 49
-60 200 607.4 -0.464144 -0.729084 -0.502999 94 56 53
-59 200 607.4 -0.507929 -0.677817 -0.531575 98 59 52
-57.8 199.8 606 -0.593843 -0.582595 -0.554917 106 63 57
-57 199.2 605 -0.619044 -0.53841 -0.57175 111 63 59
-56 199 604.4 -0.62083 -0.525887 -0.581389 115 66 61
-55 198.8 602.8 -0.548501 -0.577348 -0.604827 122 71 67
-54 198.8 602.8 -0.458094 -0.610237 -0.646344 127 76 72
-53 198 602 -0.318076 -0.669115 -0.671649 132 79 73
-52 198 601.8 -0.18633 -0.709414 -0.679715 142 87 80
-51 198 601.6 -0.0894005 -0.728245 -0.67946 148 91 82
-50 198 601.6 0.0376703 -0.753011 -0.656929 152 95 86
-49.2 198.2 601.8 0.176645 -0.760939 -0.624315 159 101 90
-49 198.2 601.8 0.206841 -0.756905 -0.619929 163 105 94
-48 198.2 602 0.29467 -0.7432 -0.600686 167 107 97
-47.2 198.2 602 0.348557 -0.7273 -0.591222 170 110 100
-47 198.6 602.6 0.37139 -0.72256 -0.583075 176 114 103
-46 198.6 602.6 0.481601 -0.689556 -0.5409 178 116 105
-45 199 603.8 0.587493 -0.65419 -0.476326 191 129 114
-44 199 604.6 0.672701 -0.599504 -0.433669 198 136 123
-44 199.2 605.2 0.682069 -0.591705 -0.429729 202 140 127
-42 200.4 608.4 0.857246 -0.432096 -0.280041 209 147 132
-41.8 201 610 0.885373 -0.394122 -0.246541 209 147 132
-41 201.6 611.6 0.908462 -0.350587 -0.227564 214 152 137
-40 202 613.2 0.91777 -0.325947 -0.22684 219 157 142
-39 203.2 616.8 0.924303 -0.299606 -0.236431 216 154 141
-63.6 200.6 606.6 -0.309752 -0.79479 -0.521883 45 33 33
-63 200.6 606.6 -0.339548 -0.783343 -0.520654 58 42 42
-59 200.4 606.4 -0.443769 -0.692856 -0.568349 98 61 55
-58 200 606 -0.559317 -0.607439 -0.564076 103 62 58
-57.2 200 605 -0.590115 -0.560276 -0.581253 103 62 56
-56 199.8 603.8 -0.629608 -0.523914 -0.57368 114 65 60
-55 199 602.8 -0.554168 -0.570278 -0.606367 122 71 67
-54 199 602 -0.458062 -0.621572 -0.635474 126 75 71
-48 199 601.8 0.318892 -0.753491 -0.574943 167 107 97
-47.2 199 602 0.358979 -0.740907 -0.567619 171 111 101
-47 199 602 0.379501 -0.734197 -0.562969 176 114 103
-46 199 602.4 0.475513 -0.691747 -0.543483 179 117 106
-45 199.2 603.2 0.543583 -0.667345 -0.509085 189 127 112
-44 199.6 603.8 0.652283 -0.625956 -0.427441 195 133 120
-43 200 605.2 0.746378 -0.552629 -0.370839 202 140 127
-43 200.4 606.4 0.790356 -0.508023 -0.342417 206 144 131
-42 201 607.4 0.844259 -0.451177 -0.289252 210 148 133
-41.4 201.4 609.4 0.8825 -0.402464 -0.243344 211 149 134
-40 202.6 612.6 0.918746 -0.333709 -0.211053 218 156 141
-39 204.2 618.2 0.924323 -0.297736 -0.238705 204 142 129
-62 201 606.4 -0.35107 -0.763823 -0.541594 70 50 49
-61.4 201 606.4 -0.368355 -0.749591 -0.549935 76 52 50
-61 201 606.6 -0.380698 -0.74999 -0.54091 79 51 48
-60 201 606.4 -0.412 -0.724086 -0.553132 93 58 54
-59 201 606.4 -0.442892 -0.700649 -0.559408 99 62 56
-57 200.4 604.4 -0.589581 -0.558456 -0.583542 103 62 56
-57 200 604 -0.594257 -0.555714 -0.581413 107 62 57
-56 200 603 -0.627192 -0.521914 -0.578132 112 63 58
-54 199.8 601.8 -0.513528 -0.606624 -0.606874 124 73 69
-53 199 601 -0.34862 -0.684333 -0.640432 109 56 50
-52 199 600.8 -0.206037 -0.73069 -0.650877 94 39 32
-51 199 600.4 -0.121412 -0.752066 -0.647808 108 51 44
-50 199 600.4 0.0190355 -0.777659 -0.628398 149 90 82
-49 199 600.4 0.148541 -0.775843 -0.613192 164 105 97
-48 199.2 601 0.28387 -0.760481 -0.584026 171 111 103
-47 199.2 601 0.354044 -0.744755 -0.565679 173 113 105
-47 199.4 601.4 0.372246 -0.737233 -0.563844 175 112 103
-46 199.4 601.4 0.455841 -0.708953 -0.53814 177 115 104
-45 200 602.6 0.537069 -0.678636 -0.501009 187 124 109
-44 200 603.4 0.638875 -0.636479 -0.432127 191 127 115
-44 200.2 604 0.660568 -0.619682 -0.423844 195 131 119
-43 200.8 605 0.759656 -0.551903 -0.343985 201 137 125
-42 201.2 607.2 0.842354 -0.459108 -0.282238 212 149 134
-41 202.4 610.4 0.899576 -0.377202 -0.220184 216 153 138
-40 203 612 0.916708 -0.340718 -0.208707 219 156 141
-40 203.6 613.6 0.917701 -0.335114 -0.213361 215 151 139
-39 204 615.6 0.922737 -0.317187 -0.21897 213 149 137
-38 205 619 0.922497 -0.302905 -0.239264 193 129 117
-63 201 605.4 -0.315036 -0.779825 -0.540949 61 43 43
-61.2 201.6 605.8 -0.3245 -0.762108 -0.560261 74 50 46
-59.8 201.8 606 -0.34738 -0.735635 -0.581523 92 58 56
-59 201.6 605.6 -0.390686 -0.69639 -0.602002 97 60 54
-58 201 604.6 -0.49342 -0.631236 -0.598396 102 61 57
-57 201 603.2 -0.560219 -0.567869 -0.603058 112 63 59
-55 200 601.8 -0.585213 -0.554685 -0.591482 121 70 66
-54 200 601 -0.504377 -0.614041 -0.607089 125 74 70
-50 199.8 599.8 -0.0220591 -0.779658 -0.625817 136 79 72
-49 199.8 600 0.116508 -0.775029 -0.621093 157 98 90
-46 200 600.8 0.434944 -0.732445 -0.523782 184 117 109
-45.4 200 601.4 0.486297 -0.70616 -0.514638 182 118 108
-45 200.2 602 0.520169 -0.694601 -0.496945 184 122 111
-44 200.4 602.6 0.625363 -0.646429 -0.437093 189 127 112
-43 201 604 0.720575 -0.583805 -0.374091 200 139 121
-42.2 201.2 605.2 0.78795 -0.52098 -0.328199 205 144 126
-41 202 607.8 0.87049 -0.4286 -0.241971 211 150 132
-40 203.4 611.4 0.915953 -0.353117 -0.190625 218 155 138
-63 201.6 604.6 -0.254647 -0.788756 -0.55948 62 44 44
-62 201.6 604.8 -0.249267 -0.786956 -0.564417 70 49 48
-61 201.8 605 -0.303355 -0.749144 -0.588862 73 52 49
-59.2 201.8 605 -0.345274 -0.708951 -0.614958 92 58 56
-59 201.8 604.8 -0.346084 -0.694407 -0.630892 95 58 52
-58 201.4 604.4 -0.480748 -0.633102 -0.606682 101 60 56
-57 201.2 603.2 -0.560219 -0.567869 -0.603058 111 64 58
-56 201 602.2 -0.631447 -0.513424 -0.581094 112 63 59
-54.8 200.8 600.8 -0.590723 -0.539178 -0.600278 119 70 65
-54 200.8 600.8 -0.542162 -0.57939 -0.608579 125 76 71
-53 200 600 -0.385925 -0.674619 -0.629246 121 72 67
-52 200 599 -0.259614 -0.719001 -0.644701 111 62 55
-50 200 598.8 -0.0467782 -0.776435 -0.628459 105 50 43
-49 200 599 0.10861 -0.779462 -0.616963 141 84 75
-48.8 200 599 0.11348 -0.780124 -0.615247 154 94 86
-48 200 599.4 0.254063 -0.766142 -0.590321 158 95 86
-47 200 599.4 0.33822 -0.760178 -0.55474 149 85 76
-47 200.2 599.8 0.3493 -0.756163 -0.55336 169 102 94
-46 200.2 599.8 0.41678 -0.742796 -0.523973 183 116 108
-45.2 200.6 600.8 0.48737 -0.71886 -0.495692 180 118 107
-45 200.8 601 0.499992 -0.716609 -0.486291 183 121 110
-44 201 602 0.623027 -0.646099 -0.440901 189 127 112
-43 201.6 603.6 0.743986 -0.565765 -0.355522 199 138 120
-40 204.6 612.6 0.919871 -0.33989 -0.195737 218 155 138
-39 205 614.4 0.920896 -0.335703 -0.198127 207 144 129
-38 206 618 0.921441 -0.317397 -0.224064 175 111 101
-62.8 202 603.8 -0.221785 -0.787003 -0.575706 59 43 44
-61 202 604.2 -0.271152 -0.757544 -0.593805 74 53 50
-60 202 604.8 -0.315388 -0.724859 -0.612463 83 56 49
-59 202 604.6 -0.358821 -0.692299 -0.626075 90 59 54
-58 202 603.8 -0.43763 -0.642297 -0.629233 100 59 55
-57 201.4 602.4 -0.548828 -0.566218 -0.614967 111 64 58
-56 201.2 602.2 -0.632919 -0.511134 -0.581511 111 62 58
-55 201 601.2 -0.614788 -0.523319 -0.590061 113 64 60
-54.8 201 600.8 -0.595824 -0.539395 -0.595019 115 66 61
-51 200 599 -0.176477 -0.76004 -0.625456 125 76 69
-49 200.8 598.8 0.0774397 -0.781819 -0.618678 141 87 77
-48.8 200.8 599 0.0963672 -0.783302 -0.614127 138 79 71
-48 200.8 599 0.215097 -0.774099 -0.595402 156 96 86
-45 201 600 0.485826 -0.727113 -0.485056 180 118 107
-44 201.2 601.2 0.578833 -0.680215 -0.449732 188 126 111
-42 202 603.8 0.773116 -0.543313 -0.327266 203 142 124
-41 203 606.6 0.867246 -0.440934 -0.231218 210 149 131
-40 204 610 0.906916 -0.378054 -0.185952 218 155 138
-39 205.8 613.8 0.920001 -0.347082 -0.182022 206 143 128
-62 202 603 -0.234656 -0.749534 -0.61898 58 42 43
-62 202.4 603.4 -0.236677 -0.748724 -0.61919 68 48 49
-61 202.6 603.6 -0.243335 -0.737036 -0.630529 74 53 50
-61 202.8 603.8 -0.243335 -0.737036 -0.630529 79 54 50
-59 202.8 603.8 -0.29573 -0.710096 -0.63899 94 57 49
-58 202.6 603.6 -0.425351 -0.639253 -0.64065 101 60 54
-57 202 602.2 -0.52705 -0.576224 -0.624647 110 61 56
-56 202 601.4 -0.616963 -0.513867 -0.596068 113 64 60
-54 201 599.8 -0.53305 -0.572468 -0.623007 124 73 69
-53 201 599 -0.438558 -0.63228 -0.638661 116 67 62
-50 200.8 598 -0.0847729 -0.763528 -0.640187 139 84 77
-48.2 201 598.2 0.142542 -0.771633 -0.619891 113 53 45
-47 201 598.4 0.308304 -0.769669 -0.559069 165 102 93
-46 201 599.4 0.399541 -0.75338 -0.522288 174 110 101
-45 201.2 599.8 0.483991 -0.725771 -0.488885 177 115 104
-44 201.6 600.8 0.572841 -0.680736 -0.456564 188 126 113
-43.6 202 601.6 0.660098 -0.635048 -0.401228 194 132 119
-43 202.4 602.4 0.733587 -0.584253 -0.347129 198 137 119
-38.8 206.8 614.8 0.918815 -0.346942 -0.188174 178 116 103
-38 207 616.8 0.919524 -0.336814 -0.202564 143 81 68
-61 203 603 -0.227595 -0.733245 -0.640744 73 52 49
-60 203 603.8 -0.251475 -0.736509 -0.627945 84 55 51
-59 203 603.8 -0.285336 -0.717072 -0.635918 97 58 51
-58 203 602.8 -0.380109 -0.659445 -0.648575 103 60 54
-57 203 602.8 -0.508106 -0.582324 -0.634608 104 59 53
-56.8 202.8 601.8 -0.524198 -0.554534 -0.646303 109 60 55
-56 202.4 601.4 -0.612635 -0.509583 -0.604155 111 62 58
-55 202 600.2 -0.632735 -0.492898 -0.597242 113 62 59
-53 201.6 598.6 -0.45966 -0.61767 -0.63812 119 70 65
-52 201 597.8 -0.313018 -0.689068 -0.653609 124 74 67
-51 201 597.8 -0.246296 -0.723012 -0.645439 123 73 66
-50 201 597.8 -0.0841334 -0.763976 -0.639736 102 49 41
-49 201 597.8 0.0440586 -0.776856 -0.628135 139 82 73
-48 201 597.8 0.167152 -0.782974 -0.599177 137 77 69
-48 201.2 598.2 0.18014 -0.766527 -0.61643 152 92 82
-47 201.4 598.4 0.321718 -0.765515 -0.557211 160 96 87
-46.4 201.4 598.4 0.337337 -0.768206 -0.544117 161 97 88
-46 201.8 598.8 0.406441 -0.747261 -0.525744 167 100 92
-44 202 600.2 0.580496 -0.682449 -0.44417 189 125 113
-43 202 600.8 0.650724 -0.642904 -0.404021 196 132 120
-41 204.8 606.8 0.879313 -0.431818 -0.200855 214 153 135
-39 206.4 612.4 0.915995 -0.363348 -0.170094 203 141 126
-38.6 207 614.6 0.918514 -0.348308 -0.18712 161 102 88
-62 203 601.8 -0.172717 -0.743064 -0.646549 58 42 43
-61 203.6 602.6 -0.184818 -0.734137 -0.653364 70 50 49
-60.8 203.8 602.8 -0.184818 -0.734137 -0.653364 78 54 50
-59 204 603.4 -0.259197 -0.696782 -0.668814 97 60 54
-58 203.8 602.8 -0.374222 -0.658008 -0.65344 101 60 56
-57 203.2 602 -0.47966 -0.589552 -0.649888 103 58 53
-56.8 203 601.8 -0.523862 -0.550186 -0.65028 108 60 56
-56 203 600.8 -0.613642 -0.505497 -0.606561 110 61 57
-55 202.8 599.8 -0.638169 -0.484449 -0.598373 112 63 59
-54 202.2 599.2 -0.590183 -0.524367 -0.613778 118 71 65
-54 202 598.2 -0.547256 -0.557102 -0.624619 121 74 68
-53 202 598.2 -0.466054 -0.62435 -0.626881 119 72 66
-52 202 597.6 -0.384589 -0.667289 -0.637822 110 63 57
-51 201.8 597 -0.259319 -0.722122 -0.641322 115 65 58
-50 201.8 597 -0.120545 -0.750161 -0.650174 101 51 42
-49 201.8 596.8 -0.00946693 -0.761165 -0.64849 129 75 65
-48 201.8 596.8 0.139239 -0.771456 -0.62086 138 79 71
-46 202 597.8 0.375392 -0.755407 -0.537067 155 92 83
-45 202 598.6 0.45057 -0.734777 -0.507039 181 115 103
-44 202.6 599.6 0.581293 -0.686853 -0.436271 191 125 113
-43 202.8 600.2 0.664539 -0.642195 -0.382065 198 132 120
-42 203 602 0.760484 -0.566015 -0.318263 201 138 123
-41 204 605 0.849246 -0.471925 -0.236787 210 147 129
-40 205 607.6 0.893559 -0.412885 -0.176291 215 154 136
-39.6 206 609.6 0.910037 -0.383047 -0.158457 216 157 139
-38 207.6 613.6 0.919847 -0.351419 -0.174317 143 85 71
-61 204 601.8 -0.166931 -0.740979 -0.650449 69 49 48
-60.6 204 602.6 -0.185437 -0.728487 -0.659484 77 53 51
-60 204 602.6 -0.189598 -0.731127 -0.655368 84 56 52
-59 204.2 603.2 -0.244197 -0.699025 -0.67211 92 61 58
-58 204 602.4 -0.351549 -0.647383 -0.676246 101 60 56
-57 204 602 -0.469482 -0.595271 -0.652104 103 60 54
-56.2 203.8 601 -0.561467 -0.540443 -0.626639 105 60 55
-56 203.4 600.2 -0.593207 -0.526732 -0.608817 111 63 59
-55 203 599.4 -0.636892 -0.485803 -0.598635 113 65 61
-54 203 598.2 -0.594 -0.524343 -0.610104 122 75 69
-53 202.8 597.8 -0.511408 -0.592436 -0.62248 121 76 70
-52 202.6 597.6 -0.398113 -0.660845 -0.636231 111 64 58
-51.8 202.2 597 -0.346971 -0.680937 -0.644931 114 67 59
-51 202.2 597 -0.264347 -0.717278 -0.644696 115 66 59
-50 202 596.8 -0.142621 -0.745076 -0.651553 132 79 71
-49 202 596.8 -0.00946693 -0.761165 -0.64849 131 79 68
-48 202 596.8 0.117881 -0.769453 -0.627731 147 90 81
-47 202 596.8 0.231292 -0.771958 -0.592102 166 103 94
-46 202.6 597.6 0.366169 -0.755417 -0.543382 173 106 98
-45 202.8 597.8 0.468025 -0.728804 -0.499797 175 109 97
-44.8 202.8 598 0.491959 -0.720774 -0.488326 184 116 105
-44 203 598.8 0.550704 -0.699707 -0.455121 193 125 114
-43 203 599.6 0.646585 -0.654448 -0.39195 198 130 119
-43 203.4 600.4 0.707443 -0.608396 -0.359692 200 134 120
-39 206 608.8 0.907785 -0.389429 -0.155794 216 159 140
-62 204 600.2 -0.082076 -0.761958 -0.642405 55 41 41
-61 204.4 601.4 -0.117161 -0.75068 -0.650194 68 50 48
-60 204.6 601.6 -0.160991 -0.728945 -0.665373 74 53 50
-60 204.8 602.2 -0.165055 -0.73313 -0.659756 81 56 52
-58.2 205 602.2 -0.282146 -0.688804 -0.66779 94 59 53
-58 204.4 601.6 -0.320618 -0.663141 -0.676349 100 61 56
-57 204.4 601.2 -0.467899 -0.591346 -0.656796 101 60 56
-56 204 599.8 -0.594625 -0.52318 -0.610495 107 59 55
-55 203.8 598.8 -0.639274 -0.481538 -0.599542 110 61 57
-54 203.2 598.2 -0.598692 -0.513266 -0.61492 118 71 65
-53.4 203 597.4 -0.527675 -0.574608 -0.625607 121 74 68
-53 203 597 -0.513698 -0.584911 -0.627688 126 79 73
-52 203 596.8 -0.406454 -0.648569 -0.643547 112 65 59
-51.4 203 596.4 -0.339517 -0.676612 -0.653394 115 66 59
-51 202.8 596.2 -0.25993 -0.702509 -0.662509 123 73 66
-50 202.8 596 -0.151049 -0.737824 -0.657876 120 70 61
-49.8 202.8 595.8 -0.141549 -0.734083 -0.664143 125 70 63
-49 202.8 595.8 -0.0556359 -0.754781 -0.653613 125 71 61
-48 202.8 595.8 0.086544 -0.773866 -0.627409 144 85 77
-47 202.8 595.8 0.196889 -0.775495 -0.599868 165 102 93
-45 203 597 0.44221 -0.739542 -0.507472 181 113 102
-44.2 203 597.2 0.520135 -0.713015 -0.470179 187 117 107
-44 203.2 598 0.539334 -0.705111 -0.460367 193 125 114
-43 203.6 598.6 0.625788 -0.667897 -0.402869 199 131 120
-42 204 600.2 0.742674 -0.589618 -0.317467 203 137 123
-41 205 603.2 0.833994 -0.497529 -0.238576 208 145 127
-40 206 606 0.877021 -0.449647 -0.169268 212 153 135
-39 207.4 610.4 0.908558 -0.390331 -0.148877 198 140 126
-38 208 612.6 0.914817 -0.369302 -0.163481 126 70 55
-62 204.8 599.8 0.00275762 -0.767495 -0.641049 45 35 34
-61.2 205 600.2 -0.0162506 -0.767216 -0.641183 61 47 46
-60 205 601.4 -0.110517 -0.73777 -0.665944 76 52 50
-59 205 601.4 -0.243499 -0.693539 -0.678021 93 59 57
-58 205 601 -0.277532 -0.666955 -0.691482 98 59 54
-57 205 600.6 -0.454842 -0.594196 -0.663363 100 61 54
-56 204.8 600.2 -0.569789 -0.540201 -0.619293 105 62 56
-55.8 204.4 599.2 -0.600314 -0.520394 -0.607301 105 62 53
-55 204 598.6 -0.636606 -0.483892 -0.600485 107 63 54
-54 204 597.6 -0.604916 -0.502171 -0.617981 116 69 61
-53.2 204 597.2 -0.557861 -0.54798 -0.623305 125 78 70
-53 203.4 596.4 -0.523235 -0.573636 -0.630211 120 72 62
-52 203.4 596.4 -0.427091 -0.62483 -0.653591 121 71 62
-51.4 203.4 596.2 -0.352305 -0.668719 -0.654748 118 68 57
-51 203.4 596.2 -0.299197 -0.678009 -0.671405 130 76 66
-50 203 595.8 -0.162967 -0.73679 -0.656188 136 82 72
-49.8 203 595.8 -0.141746 -0.73656 -0.661353 135 76 68
-49 203 595.8 -0.0564147 -0.752797 -0.65583 135 77 66
-48 203 595.8 0.0886024 -0.773997 -0.62696 161 99 88
-47 203 595.8 0.208951 -0.774842 -0.596623 169 105 95
-46 203 595.8 0.327585 -0.768095 -0.550198 175 111 101
-46 203.6 596.6 0.345619 -0.766624 -0.541143 178 111 102
-45 203.6 596.6 0.433614 -0.747137 -0.503751 183 115 102
-44.2 203.8 597 0.511002 -0.723031 -0.464868 188 118 106
-43 204 598.4 0.631796 -0.662994 -0.401587 196 128 115
-43 204.2 599.2 0.683061 -0.631282 -0.367302 197 131 115
-41 205.2 602.2 0.818933 -0.520031 -0.242725 208 147 128
-40.2 206 604.2 0.854572 -0.480436 -0.1972 209 150 132
-40 206.6 605.6 0.876252 -0.450568 -0.170792 209 150 134
-39 207 607.6 0.89977 -0.41125 -0.145902 214 155 139
-38 208.4 611.4 0.912347 -0.38233 -0.146444 124 64 53
-61 205 599.8 -0.0278441 -0.759949 -0.649386 59 45 44
-61 205.2 600.2 -0.0154859 -0.764301 -0.644674 69 50 46
-60 205.4 600.4 -0.0667121 -0.750569 -0.657416 75 51 49
-60 205.8 601 -0.0580898 -0.755199 -0.652916 84 55 51
-58 205.8 600.8 -0.26727 -0.692289 -0.6703 99 60 55
-57 205.4 600.2 -0.407712 -0.64363 -0.647696 102 61 55
-56 205 599.6 -0.573024 -0.540431 -0.616099 104 61 55
-55.8 205 599 -0.58074 -0.536899 -0.611948 107 64 57
-55 205 598.6 -0.623042 -0.502499 -0.599428 109 64 58
-54 204.4 597.4 -0.608448 -0.513835 -0.604785 117 70 64
-53 204 596.2 -0.537262 -0.561563 -0.629283 123 74 67
-52 204 595.8 -0.443442 -0.60688 -0.659587 122 69 63
-50 203.8 595.2 -0.211944 -0.704308 -0.677517 145 88 79
-49 203.8 594.8 -0.0846634 -0.743683 -0.66315 147 87 79
-48 203.8 594.8 0.0576959 -0.77877 -0.62465 159 96 87
-47.8 203.8 595 0.0778181 -0.784324 -0.615451 167 103 93
-47 203.8 595 0.169964 -0.79306 -0.584952 170 106 96
-46 204 595.6 0.324587 -0.780608 -0.53413 175 108 99
-45 204 596 0.415332 -0.759581 -0.500536 182 114 101
-44 204 596 0.497182 -0.735386 -0.460454 185 117 104
-44 204.2 597 0.524475 -0.718487 -0.45684 190 122 109
-43 204.4 597.4 0.599457 -0.681211 -0.420241 194 126 113
-42 205 599.2 0.738023 -0.600353 -0.308056 201 135 119
-41.6 205.6 600.6 0.786386 -0.560006 -0.26075 204 143 125
-40 206.2 603.2 0.844002 -0.497495 -0.200399 207 148 130
-39 207.6 606.6 0.890324 -0.432607 -0.142039 214 157 140
-38 209.6 612.6 0.912935 -0.380468 -0.147625 117 59 48
-37 210 614.4 0.913833 -0.372675 -0.161314 121 64 55
-59 206 600.4 -0.159891 -0.738129 -0.655439 92 58 56
-58 206 600.2 -0.252143 -0.687353 -0.681153 96 59 53
-57 206 599.8 -0.393806 -0.644016 -0.655866 103 62 56
-55.4 205.4 598.4 -0.611584 -0.517659 -0.598326 110 65 60
-55 205.2 598.2 -0.62674 -0.500962 -0.596853 112 67 62
-54 205 597.2 -0.630116 -0.49267 -0.600192 116 69 63
-53 204.8 595.8 -0.550423 -0.541027 -0.635865 124 75 70
-52 204.6 595.6 -0.468122 -0.590717 -0.657203 120 69 65
-51 204 595 -0.330636 -0.657486 -0.677047 140 85 80
-50 204 594.8 -0.208069 -0.697432 -0.685781 145 88 79
-49 204 594 -0.123542 -0.74603 -0.654353 151 91 81
-47.2 204 594.2 0.124499 -0.794017 -0.59501 164 100 90
-46 204.2 595 0.308599 -0.776651 -0.549164 172 105 96
-45 204.2 595.2 0.387127 -0.779298 -0.492774 179 111 100
-44 204.8 596 0.507655 -0.740674 -0.4401 183 115 104
-43 205 597.4 0.63628 -0.664989 -0.391073 193 127 115
-43 205.2 597.8 0.666399 -0.643306 -0.376921 196 130 116
-42 205.8 599 0.741984 -0.601095 -0.296893 200 134 120
-41 206 599.8 0.78539 -0.570659 -0.239815 203 140 123
-40 207.2 603.8 0.860235 -0.476584 -0.181283 209 150 136
-39 208 605.6 0.885303 -0.441164 -0.147011 212 154 140
-39 208.6 607.6 0.896193 -0.422706 -0.134752 216 158 146
-38 209 609.6 0.902151 -0.408132 -0.139831 135 81 69
-37 210.6 613.6 0.910397 -0.384083 -0.153811 119 65 55
-60 206 599.4 -0.0563868 -0.756711 -0.651314 76 50 49
-59.8 206.2 600 -0.0748179 -0.748375 -0.659042 86 57 53
-58 206.8 599.8 -0.205596 -0.717 -0.666064 102 61 57
-56 206 598.8 -0.552077 -0.56931 -0.609177 102 59 53
-55.2 205.8 598 -0.610654 -0.507877 -0.607588 104 61 55
-55 205.4 597.4 -0.627942 -0.496976 -0.598919 108 65 59
-54 205.2 597 -0.633092 -0.48548 -0.602912 111 66 61
-53 205 595.6 -0.553381 -0.540724 -0.633552 122 75 69
-52 204.8 595 -0.467244 -0.601335 -0.648135 120 69 65
-51 204.4 594.4 -0.343267 -0.663085 -0.665196 110 60 53
-50 204.2 594.2 -0.213014 -0.713838 -0.667128 138 84 74
-49 204.2 594.2 -0.123542 -0.74603 -0.654353 144 85 77
-48 204 594 0.00650956 -0.784199 -0.620475 156 93 84
-47.2 204.2 594.2 0.117665 -0.79642 -0.593187 161 97 87
-47 204.2 594.2 0.136834 -0.799448 -0.584945 167 103 93
-46 204.4 594.6 0.292257 -0.796153 -0.529836 172 105 96
-44 205.2 596 0.516175 -0.736898 -0.436514 188 120 109
-43 205.4 596.4 0.618276 -0.680138 -0.393887 193 125 114
-41 206.4 599.2 0.773974 -0.582272 -0.248846 202 139 122
-40 207 601.6 0.82935 -0.519723 -0.205099 209 147 132
-39 208.2 604.8 0.874275 -0.459906 -0.155335 210 152 138
-38 209.8 608.8 0.900473 -0.415814 -0.127462 145 93 80
-36.8 211.8 614.8 0.911434 -0.381722 -0.153548 109 59 52
-61 206 597.8 -0.0325627 -0.76054 -0.648474 54 38 38
-61 206.2 598.2 0.0204661 -0.767291 -0.640972 69 48 45
-60 206.8 598.8 -0.0419938 -0.758932 -0.649814 76 50 49
-59.2 207 599.2 -0.082888 -0.761443 -0.642911 86 57 53
-59 207 599.4 -0.104966 -0.7575 -0.644341 96 62 60
-58 207 599.4 -0.184147 -0.72665 -0.661868 102 65 59
-57 206.6 598.8 -0.320273 -0.667067 -0.672642 89 48 42
-56 206.6 598.6 -0.502426 -0.588245 -0.633669 99 56 50
-55 206 597.2 -0.611861 -0.501986 -0.611258 108 63 58
-53 205.2 595.2 -0.552095 -0.525387 -0.647425 121 72 67
-52 205 594.4 -0.475389 -0.586359 -0.655888 120 67 63
-51 205 593.8 -0.384419 -0.641692 -0.663666 124 66 62
-50 205 593.6 -0.243052 -0.704737 -0.666537 127 70 61
-49 205 593.4 -0.185657 -0.748772 -0.636296 149 89 79
-46 205 593.8 0.250808 -0.811832 -0.52728 173 105 96
-45.6 205 593.8 0.286091 -0.813391 -0.506505 175 107 98
-45 205 594.2 0.353878 -0.792482 -0.496731 179 111 102
-44 205 594.6 0.450842 -0.770006 -0.451478 182 114 105
-44 205.4 595.4 0.47909 -0.754392 -0.448737 186 118 107
-43 205.8 595.8 0.579388 -0.717445 -0.38676 190 122 111
-42.6 206 596.6 0.664021 -0.668921 -0.334096 195 127 114
-42 206.4 597.4 0.698606 -0.639352 -0.321215 200 132 119
-41 206.8 598.2 0.743484 -0.614424 -0.264035 205 137 124
-40 207.6 601 0.82662 -0.528396 -0.193639 208 144 132
-39 208.8 604.2 0.872254 -0.465223 -0.150798 208 150 138
-37.8 210.8 610 0.902151 -0.412242 -0.127204 110 60 49
-37 211.2 612 0.905412 -0.400518 -0.140764 110 63 53
-60 207 598.2 -0.0665687 -0.758365 -0.648421 77 51 50
-59.2 207.2 598.4 -0.0821969 -0.749938 -0.656381 85 54 51
-59 207.2 598.8 -0.0916239 -0.742225 -0.663857 93 58 56
-58 207.2 599 -0.163792 -0.731157 -0.662255 96 59 53
-57.8 207.2 599 -0.200118 -0.711083 -0.674028 87 46 42
-57 207 598.6 -0.298916 -0.664685 -0.684721 84 43 37
-56 207 597.8 -0.49197 -0.574009 -0.654583 101 56 51
-55 206.6 596.6 -0.601467 -0.50434 -0.619579 111 63 59
-54 206 595.6 -0.626815 -0.484329 -0.610351 114 65 61
-53 206 594.6 -0.57755 -0.525763 -0.624507 121 70 66
-52 205.8 594 -0.507721 -0.567568 -0.648141 120 65 62
-51 205.8 593.8 -0.406355 -0.641107 -0.651044 104 49 44
-51 205.6 593.6 -0.400173 -0.639678 -0.656257 118 59 55
-50 205.2 593.2 -0.277511 -0.705355 -0.652274 122 63 55
-49 205.2 593.2 -0.196804 -0.750671 -0.630683 136 73 66
-49 205.4 593.2 -0.201784 -0.747352 -0.633047 150 87 78
-48 205 592.8 -0.0683428 -0.79328 -0.605009 161 94 86
-47 205 592.4 0.034372 -0.813989 -0.579862 164 97 89
-46 205.4 593.2 0.185907 -0.826137 -0.531917 173 103 95
-45.4 205.4 593.4 0.279628 -0.81532 -0.507012 174 104 96
-45 205.4 593.4 0.34841 -0.797673 -0.492268 180 112 103
-44 205.6 593.6 0.4198 -0.786198 -0.453498 181 113 104
-43 206 594.8 0.549133 -0.728808 -0.409013 190 120 110
-42 206 595.8 0.655994 -0.678722 -0.330164 197 127 115
-42 206.6 596.6 0.680102 -0.659078 -0.321057 202 132 120
-40 208.4 601.4 0.833851 -0.522076 -0.179247 210 148 135
-39 209 603 0.862177 -0.483856 -0.150113 208 150 138
-38.8 209.8 605 0.875814 -0.461925 -0.139913 212 158 146
-37 211.8 610.8 0.901965 -0.410677 -0.133433 104 60 49
-61 207 596.4 -0.018714 -0.753068 -0.657677 51 35 35
-61 207.2 597.2 0.0197178 -0.760964 -0.648495 69 48 45
-60 207.2 597.4 -0.03465 -0.750811 -0.659608 78 52 51
-59 207.8 598 -0.0731974 -0.745329 -0.662667 84 53 50
-58 207.8 598 -0.129712 -0.720685 -0.681019 91 54 48
-57.2 207.8 598 -0.249422 -0.680187 -0.6893 83 42 38
-57 207.8 598 -0.260008 -0.667706 -0.697542 85 44 38
-56 207.8 597.8 -0.447808 -0.605061 -0.658308 103 58 53
-55 207 595.8 -0.597321 -0.502734 -0.624873 108 59 55
-53 206.6 594.6 -0.605979 -0.499626 -0.619002 118 67 64
-53 206.4 594.4 -0.594845 -0.509832 -0.621475 121 70 66
-52 206 593.4 -0.521505 -0.568834 -0.635971 121 66 63
-51 206 593.4 -0.42173 -0.620382 -0.661264 110 55 50
-50.8 206 592.8 -0.423185 -0.640147 -0.641191 125 66 62
-48 205.8 592.2 -0.11675 -0.786611 -0.606311 161 94 88
-47 205.8 591.8 -0.0301687 -0.828113 -0.559748 166 97 90
-46 205.8 592.2 0.122116 -0.835783 -0.535308 171 102 95
-44 206 593 0.40175 -0.802458 -0.441201 179 112 104
-43 206.4 594.4 0.541322 -0.749024 -0.382013 189 121 112
-42 206.8 594.8 0.63248 -0.701464 -0.328509 198 128 118
-41 207 596.8 0.711265 -0.643843 -0.282079 206 136 126
-40 208 599 0.790391 -0.580482 -0.195765 210 143 134
-40 208.6 600.6 0.825281 -0.537283 -0.17389 208 146 135
-38.2 210 604 0.869357 -0.475389 -0.134996 209 155 143
-38 210.8 606 0.885454 -0.44722 -0.126352 186 138 126
-37 211 607.2 0.890071 -0.437947 -0.126394 95 51 40
-61 207.8 596 0.0361756 -0.740123 -0.671498 49 33 33
-60.4 208 596.4 0.0112001 -0.728889 -0.684541 65 44 41
-60 208 597.2 0.00826731 -0.737913 -0.674845 77 51 50
-59 208.2 597.4 -0.0655506 -0.73057 -0.679684 93 58 56
-58 208.2 598 -0.0986661 -0.721108 -0.685761 93 56 50
-57 208.2 598 -0.242098 -0.673137 -0.698767 85 44 40
-57 208 597.8 -0.260752 -0.676189 -0.689041 89 48 42
-56 208 596.8 -0.447845 -0.596403 -0.666137 102 57 52
-55 208 596.2 -0.57741 -0.512359 -0.635678 100 55 50
-55 207.6 595.6 -0.576643 -0.506658 -0.640922 106 58 54
-54 207 594.8 -0.645594 -0.468342 -0.603212 110 61 57
-53 207 594.6 -0.612115 -0.49485 -0.616797 119 70 66
-52.8 207 593.8 -0.599096 -0.507704 -0.61913 120 69 65
-51 206.8 592.8 -0.487846 -0.604595 -0.62966 106 53 47
-50.8 206.8 592.8 -0.456941 -0.638168 -0.619634 124 66 62
-50 206 592 -0.359847 -0.691354 -0.62653 140 82 78
-49 206 592 -0.271089 -0.755687 -0.596195 148 87 84
-48.8 206.2 592 -0.234019 -0.764369 -0.600812 149 88 83
-48 206.2 592 -0.135285 -0.799644 -0.585037 153 90 85
-47 206 591.4 -0.0531861 -0.830325 -0.554736 160 95 89
-46 206 591.6 0.120378 -0.851261 -0.510748 169 102 96
-45 206 591.8 0.227748 -0.843091 -0.487164 172 105 99
-44 206.4 592.4 0.382056 -0.819814 -0.426541 179 112 104
-42 207 594.4 0.617977 -0.710605 -0.336371 197 127 117
-41 207.8 595.8 0.70614 -0.662608 -0.249635 206 136 126
-40 208.2 598.2 0.780706 -0.594957 -0.191115 210 143 134
-39.6 209 599.6 0.818564 -0.551448 -0.160803 205 143 132
-39 209.2 601.2 0.840947 -0.516255 -0.162139 207 150 139
-37 211.4 606.4 0.887193 -0.445144 -0.121386 87 45 33
-61 208 595.2 0.0428177 -0.727458 -0.684815 48 34 33
-60.2 208.2 596.2 0.00560733 -0.734179 -0.678932 65 45 44
-60 208.2 596.4 -0.010158 -0.724787 -0.688898 75 50 46
-59 208.8 597 -0.0334279 -0.71684 -0.696436 84 55 51
-58.8 208.8 597 -0.0587238 -0.721817 -0.689589 93 55 52
-58 208.8 597 -0.0809876 -0.713681 -0.695773 93 52 46
-57 208.8 597 -0.205199 -0.671037 -0.712463 91 40 36
-56 208.4 596.4 -0.441944 -0.577136 -0.686731 97 44 40
-55 208.2 596 -0.580056 -0.499232 -0.643663 101 48 44
-54.8 208 594.8 -0.617092 -0.480841 -0.622887 107 54 50
-54 208 594.8 -0.63131 -0.472411 -0.615041 111 56 53
-53 207.8 593.8 -0.622719 -0.49224 -0.608212 118 63 60
-52.6 207.6 593.6 -0.612018 -0.503341 -0.609985 124 68 67
-52 207 592.6 -0.567932 -0.551122 -0.611325 126 70 69
-51 207 592.6 -0.499699 -0.597792 -0.626853 109 53 54
-50 207 591.8 -0.411767 -0.670907 -0.61671 141 85 84
-49 207 591 -0.337946 -0.729899 -0.594172 146 90 89
-48.2 207 591.2 -0.225482 -0.778228 -0.586105 149 91 87
-48 206.8 591 -0.197472 -0.788943 -0.581871 148 89 85
-47 206.8 591 -0.110013 -0.819968 -0.561738 153 93 85
-46.6 206.6 590.6 -0.0773489 -0.829086 -0.553746 159 94 88
-46 206.6 590.6 0.0330296 -0.851605 -0.523142 163 96 88
-43 207 592 0.471926 -0.791546 -0.388253 181 114 105
-42 207.4 593.4 0.597765 -0.733185 -0.324217 194 124 112
-41 208 595.4 0.700438 -0.670159 -0.245508 206 133 124
-39.2 209.2 599 0.812408 -0.560356 -0.161226 206 144 131
-38 210 601.6 0.855768 -0.499554 -0.134564 207 151 138
-37 212.4 607.4 0.890358 -0.439297 -0.119505 55 20 16
-36 213 610 0.897871 -0.421424 -0.127395 57 26 23
-59 209.2 596.4 -0.0128623 -0.711402 -0.702668 83 54 50
-58.2 209.2 596.4 -0.084878 -0.691344 -0.717523 86 51 47
-58 209.2 597 -0.0875845 -0.699789 -0.70896 87 46 42
-57 209.2 597 -0.1836 -0.658113 -0.73019 80 35 30
-57 209 596.8 -0.173255 -0.676236 -0.716022 86 37 32
-56 209 596.2 -0.411857 -0.568717 -0.711994 88 37 33
-55 209 595.4 -0.564444 -0.500485 -0.656444 97 44 40
-54.8 208.8 594.8 -0.595781 -0.483874 -0.641024 105 52 48
-54 208.4 594.2 -0.632012 -0.475981 -0.611558 112 57 54
-53 208 593.8 -0.636493 -0.482766 -0.601509 121 66 63
-51 207.8 591.8 -0.535469 -0.599703 -0.594667 107 51 52
-50 207.4 591.4 -0.435413 -0.668925 -0.602457 139 85 83
-46.4 207 590.4 -0.0534827 -0.838858 -0.541717 149 84 80
-44 207 591 0.331504 -0.840057 -0.429429 168 99 92
-41 208.4 594.4 0.681542 -0.684271 -0.259371 206 133 124
-40.4 209 595.4 0.724612 -0.65411 -0.216973 206 136 126
-39 209.6 597.8 0.799315 -0.580722 -0.154459 206 144 129
-60 209 595 0.0207576 -0.703166 -0.710723 61 45 45
-60 209.4 595.4 0.0207576 -0.703166 -0.710723 72 48 46
-58.2 210 596.2 -0.0483769 -0.691634 -0.720627 85 50 48
-56 209.8 595.8 -0.399842 -0.578164 -0.711234 92 43 38
-55 209.4 595.4 -0.550842 -0.502579 -0.666323 99 49 42
-54.4 209 594.4 -0.622801 -0.457172 -0.634912 107 54 48
-53 208.8 593.2 -0.658993 -0.468814 -0.588168 118 63 60
-52 208 591.6 -0.593509 -0.555339 -0.582533 121 65 64
-51 208 591.6 -0.54516 -0.601888 -0.58355 102 48 48
-50 207.8 590.8 -0.457376 -0.67538 -0.578506 102 48 48
-49 207.4 590.4 -0.342656 -0.722572 -0.600398 125 74 71
-48 207 589.8 -0.242643 -0.791175 -0.561397 131 78 74
-47 207 589.4 -0.147294 -0.832665 -0.53383 143 84 78
-46 207 589.8 0.00377309 -0.858215 -0.513277 150 85 79
-45 207 590 0.123625 -0.866781 -0.483122 155 88 82
-44 207.4 590.4 0.302643 -0.847939 -0.435208 161 93 84
-43 207.4 590.4 0.427518 -0.817462 -0.385985 168 102 90
-42 208.6 592.6 0.592131 -0.73793 -0.32379 194 124 114
-40 209 594.4 0.711712 -0.667242 -0.219669 203 135 124
-40 209.6 595.6 0.741384 -0.640118 -0.20149 201 138 123
-39 210.2 598.2 0.805751 -0.573999 -0.145914 206 149 132
-38 211.2 601.2 0.851952 -0.509978 -0.118744 207 159 147
-37 212 603.2 0.864099 -0.490528 -0.112764 134 91 85
-60 209.2 594.2 0.0516175 -0.700397 -0.711885 59 43 43
-58 210 595.4 -0.089193 -0.682208 -0.725698 84 49 47
-57 210 596 -0.153526 -0.663291 -0.732445 95 50 45
-54.4 209.4 594.4 -0.608018 -0.471003 -0.639116 106 56 49
-54 209 593.6 -0.646163 -0.458469 -0.610147 108 57 53
-53 209 593.2 -0.6619 -0.465853 -0.587255 114 61 57
-52 208.6 591.6 -0.618334 -0.540858 -0.570207 118 62 61
-51 208.2 591 -0.5415 -0.605699 -0.583015 103 49 49
-50 208 590.2 -0.470103 -0.675525 -0.56804 116 66 65
-49 208 589.8 -0.379342 -0.720595 -0.580382 114 64 63
-48 207.8 589 -0.299739 -0.774763 -0.556685 120 67 63
-47 207.8 589 -0.201478 -0.81464 -0.543845 116 61 56
-44.2 208 589.2 0.237892 -0.858333 -0.454612 132 65 57
-42 208 591 0.549596 -0.767736 -0.329432 164 96 85
-41.8 208.8 591.8 0.582121 -0.748629 -0.317316 178 108 98
-39 210 595.6 0.770967 -0.613752 -0.170052 204 142 127
-38 211 598.8 0.836366 -0.53396 -0.124013 205 149 136
-37 212.2 602.2 0.861 -0.496081 -0.112175 156 115 109
-60 210 594 0.0751852 -0.694706 -0.715353 56 40 40
-59 210 595 -0.0148727 -0.690222 -0.723445 79 49 47
-58 210.2 595.2 -0.0961086 -0.665281 -0.740381 86 45 41
-57 210.2 595.2 -0.223241 -0.631247 -0.742759 93 48 45
-56.2 210.2 595.2 -0.325463 -0.63002 -0.705088 92 47 42
-56 210 595 -0.379002 -0.594526 -0.709152 95 47 43
-55 210 594.6 -0.570065 -0.498131 -0.653369 98 51 45
-53 209.4 592.4 -0.67907 -0.466068 -0.567138 113 62 59
-52 209.4 592 -0.651609 -0.511875 -0.559813 117 63 63
-52 209 591 -0.631832 -0.533137 -0.56263 116 62 62
-51 208.8 590.2 -0.586553 -0.596565 -0.547783 102 51 50
-50 208.8 590 -0.49085 -0.665572 -0.56221 93 42 41
-50 208.2 589.2 -0.480699 -0.672671 -0.562532 102 54 52
-49 208.2 589.2 -0.385843 -0.731567 -0.562081 96 48 46
-48 208 588.6 -0.295585 -0.784075 -0.545762 97 48 44
-47 208 588 -0.191041 -0.819515 -0.540276 108 53 48
-46 208 588.4 -0.0684645 -0.843571 -0.532636 121 62 58
-45 208 588.4 0.107612 -0.871509 -0.478426 147 80 74
-44 208 588.2 0.246372 -0.857475 -0.451705 150 83 75
-43 208 588.8 0.368738 -0.829676 -0.419129 164 98 84
-43 208.8 589.8 0.420002 -0.820287 -0.388236 171 103 90
-40 209.4 592.4 0.676627 -0.691718 -0.252393 196 130 118
-39 210.8 594.8 0.77945 -0.604256 -0.165327 201 142 126
-36.8 213.8 603.8 0.870709 -0.480517 -0.104734 51 22 18
-60 210.4 593.4 0.126602 -0.705618 -0.697191 50 36 35
-58 211 594.8 -0.0840144 -0.6664 -0.740846 79 45 43
-57 211 595.2 -0.202785 -0.640383 -0.740802 86 42 39
-56 211 595 -0.332953 -0.611188 -0.718047 84 39 34
-54 210.6 593.6 -0.621592 -0.485443 -0.614791 102 53 48
-54 210 592.4 -0.678818 -0.460028 -0.572347 107 56 53
-53 210 592.2 -0.689952 -0.466272 -0.553676 112 61 58
-52 209.8 591.2 -0.663355 -0.51486 -0.543028 116 62 62
-51.8 209.4 590.2 -0.634274 -0.553238 -0.540022 114 60 60
-51 209.2 590 -0.593513 -0.586517 -0.551126 103 51 53
-50 209 589.2 -0.507842 -0.668148 -0.543759 88 36 38
-49 209 588.2 -0.423554 -0.710741 -0.56165 100 50 49
-47.6 208.6 587.8 -0.272162 -0.789687 -0.549838 103 49 47
-47 208.4 587.6 -0.194057 -0.817296 -0.542559 124 69 64
-46 208.4 587.6 -0.0817758 -0.839893 -0.536556 146 87 83
-46 208.6 587.8 -0.082335 -0.837301 -0.540508 157 94 89
-45 208.6 587.6 0.084191 -0.86179 -0.500229 161 96 90
-44 208.6 587.6 0.234548 -0.852169 -0.467756 163 96 88
-41 209 590 0.581019 -0.747685 -0.321534 192 120 108
-41 209.6 590.6 0.596712 -0.735948 -0.319869 190 122 111
-39 210.6 593.6 0.746456 -0.634314 -0.201119 199 140 124
-38.8 211.2 595 0.785576 -0.596096 -0.165952 208 149 133
-37.8 212.8 598.8 0.84956 -0.515058 -0.113855 199 149 138
-36 214.8 604.8 0.874644 -0.473293 -0.104837 51 27 25
-60 211 593.2 0.16725 -0.71298 -0.680946 47 35 35
-59.8 211 593.8 0.136847 -0.702879 -0.698022 70 50 49
-59 211 594 0.024066 -0.695783 -0.717849 77 51 50
-58 211.6 594.6 -0.0731874 -0.666772 -0.741659 84 46 43
-57 211.8 594.8 -0.177493 -0.6545 -0.734932 85 41 40
-56 211.6 594.6 -0.310035 -0.606655 -0.732016 83 38 33
-56 211.4 594.4 -0.318891 -0.602266 -0.731836 86 38 34
-55 211 593.8 -0.536286 -0.5457 -0.643901 95 46 42
-54 211 593.2 -0.614825 -0.491204 -0.617017 100 51 47
-54 210.8 592.2 -0.65372 -0.491058 -0.575771 106 55 52
-53 210.4 591.6 -0.69543 -0.474446 -0.539702 110 59 56
-52 210.2 590.6 -0.664894 -0.524208 -0.532092 116 62 62
-51.8 210 590.2 -0.659991 -0.53525 -0.527181 117 63 63
-51 209.8 589.2 -0.620395 -0.579474 -0.528508 110 58 60
-50 209.8 589 -0.557278 -0.632649 -0.537771 93 41 43
-49.2 209.2 588.2 -0.453613 -0.692514 -0.560945 101 50 49
-49 209.2 588.2 -0.438322 -0.708056 -0.553652 96 45 44
-48 209 587.2 -0.341598 -0.75606 -0.558288 107 53 51
-47.2 209 587.2 -0.253759 -0.795391 -0.550417 122 66 65
-47 209 586.6 -0.229782 -0.786501 -0.573251 136 78 74
-46 209 586.8 -0.078659 -0.83247 -0.548458 160 97 92
-45 209 586.8 0.100118 -0.840857 -0.531917 160 95 91
-44 209 586.6 0.22273 -0.832691 -0.506968 161 94 86
-43 209 587.2 0.363205 -0.813921 -0.453449 174 106 95
-42 209 588 0.4585 -0.790467 -0.406127 189 117 103
-40 210 590.8 0.653247 -0.692903 -0.305211 193 125 114
-39 211 592.8 0.752648 -0.621361 -0.217789 203 141 126
-38.2 211.2 594 0.789081 -0.58844 -0.176325 209 147 132
-36 214 601.2 0.870892 -0.481563 -0.0982072 108 75 68
-58 212 594 -0.0543576 -0.682024 -0.729307 86 55 53
-57 212 594.6 -0.193698 -0.646853 -0.737606 89 48 46
-56 212 594.4 -0.335042 -0.607221 -0.720437 93 45 43
-55 211.8 593.2 -0.505762 -0.556258 -0.65938 100 51 47
-54 211.4 592.6 -0.633091 -0.496639 -0.593756 106 55 52
-54 211.2 591.6 -0.651905 -0.497208 -0.572542 112 58 58
-53 211 590.8 -0.707484 -0.473673 -0.5245 116 62 62
-52 210.8 590.2 -0.691054 -0.505874 -0.516272 119 64 67
-51.4 210.4 589.2 -0.639551 -0.566387 -0.519789 121 66 69
-50 210 588 -0.55567 -0.622129 -0.551531 100 45 48
-49.2 210 588 -0.479107 -0.673053 -0.563432 114 60 60
-46 209.4 586.6 -0.106803 -0.813091 -0.572256 153 89 87
-45 209.4 586.4 0.0840467 -0.826712 -0.556312 161 94 88
-44 209.4 586.4 0.228549 -0.817469 -0.528686 162 93 88
-42.2 210 587.2 0.448819 -0.771094 -0.451637 185 113 101
-41 210 588.6 0.584152 -0.723797 -0.367266 200 123 113
-41 210.6 589.4 0.615018 -0.713092 -0.336529 198 124 113
-40 210.8 590 0.681977 -0.664251 -0.306068 194 124 114
-39.8 211 591 0.691507 -0.660587 -0.292308 199 133 121
-39 211.2 592 0.731488 -0.637201 -0.242693 202 138 126
-38 211.8 593 0.792393 -0.578629 -0.193136 209 147 132
-58 212.8 593.8 -0.0446584 -0.702469 -0.710312 85 55 53
-57 212.8 594 -0.121282 -0.69133 -0.712288 90 50 48
-56 212.8 594 -0.304898 -0.636685 -0.708287 93 52 48
-56 212.4 593.6 -0.324142 -0.635745 -0.700542 96 52 49
-55 212.2 592.6 -0.483138 -0.597105 -0.640346 101 57 54
-54 212 591.4 -0.641468 -0.503885 -0.578463 110 62 60
-53 211.4 590.6 -0.706677 -0.473268 -0.525952 114 63 62
-51.2 210.6 588.8 -0.635549 -0.561109 -0.530315 124 70 68
-51 210.2 587.8 -0.626813 -0.560924 -0.540805 122 66 65
-50 210.2 587.8 -0.561419 -0.609061 -0.560226 98 42 41
-49 210 587 -0.483568 -0.654661 -0.581017 110 57 53
-47 209.2 585.2 -0.236729 -0.751075 -0.616316 144 85 79
-46 209.6 585.8 -0.112516 -0.780907 -0.614431 153 90 85
-45.6 209.6 585.8 -0.052707 -0.796081 -0.602891 159 96 91
-45 209.8 586 0.0673066 -0.79922 -0.597258 164 96 93
-44 209.6 585.6 0.186833 -0.784657 -0.591106 165 94 88
-44 209.8 586 0.218976 -0.792241 -0.569565 171 98 92
-43 209.8 586 0.356787 -0.772143 -0.525831 179 106 97
-42 210 586.8 0.452743 -0.753056 -0.47742 188 118 106
-41 210.8 587.8 0.579696 -0.708493 -0.402481 193 123 111
-40 211 589.4 0.67049 -0.669476 -0.319758 194 126 113
-39.2 211.2 590 0.699236 -0.648744 -0.300335 199 135 123
-39 211.8 591.2 0.728242 -0.628669 -0.272833 204 140 128
-38 212 592.2 0.792104 -0.571453 -0.214506 204 144 133
-37 213 595.6 0.855173 -0.503979 -0.121183 209 152 141
-36 214.4 599.4 0.871766 -0.479362 -0.101172 165 115 106
-35 216 603.4 0.88286 -0.460665 -0.0913531 66 52 51
-59 212 592 0.123985 -0.732433 -0.669455 64 46 44
-59 212.4 592.4 0.114611 -0.724139 -0.680065 78 54 52
-57 213 593.2 -0.172382 -0.663704 -0.727861 91 51 49
-56 213 593.2 -0.29544 -0.649051 -0.701034 97 53 50
-55 213 592.4 -0.446586 -0.612105 -0.652602 97 56 52
-54 212.6 591.6 -0.616866 -0.523676 -0.587571 103 59 56
-53.6 212.2 590.8 -0.668472 -0.489312 -0.560106 109 64 61
-53 211.6 589.8 -0.709055 -0.468237 -0.527253 114 64 63
-52 211.2 588.8 -0.700846 -0.486282 -0.521867 118 67 64
-51 211 587.8 -0.647896 -0.532019 -0.545149 122 67 64
-50 211 587.2 -0.579633 -0.581003 -0.571368 100 45 42
-49 210.8 587 -0.500209 -0.641958 -0.581103 110 55 50
-49 210.2 586.2 -0.472484 -0.654532 -0.590209 132 77 72
-48 210 586 -0.375731 -0.696302 -0.611547 142 85 78
-47 210 585.2 -0.266304 -0.724364 -0.635908 148 87 82
-46 210 585.2 -0.104447 -0.759594 -0.641956 152 87 83
-45.4 210 585.4 -0.00633457 -0.766754 -0.64191 157 92 86
-45 210 585.4 0.0440648 -0.766484 -0.64075 164 95 90
-44 210 585.4 0.195566 -0.756502 -0.624066 164 94 86
-43 210 585.8 0.362675 -0.760732 -0.538288 180 106 97
-42 210.2 586 0.449225 -0.728666 -0.516956 187 113 104
-42 210.8 586.8 0.493123 -0.726909 -0.477946 192 118 107
-40 211.6 588.6 0.665682 -0.65337 -0.36052 200 130 118
-38 212.6 591.6 0.804234 -0.553479 -0.216491 207 145 132
-37 213.6 594.6 0.856019 -0.498284 -0.137635 211 153 141
-36 215.4 600.4 0.877061 -0.470962 -0.0946514 100 63 57
-35 216.8 602.8 0.881832 -0.462031 -0.0943446 66 56 54
-58 213 592.4 -0.00763814 -0.723235 -0.69056 84 54 52
-57.8 213 592.8 -0.0171655 -0.714481 -0.699445 90 55 51
-57 213.2 593 -0.153481 -0.690885 -0.706485 93 53 51
-56 213.2 593.2 -0.300113 -0.654482 -0.693964 95 54 50
-55 213.2 591.8 -0.4327 -0.63925 -0.635712 97 56 52
-53.4 212.4 590.4 -0.693265 -0.46988 -0.546439 109 64 59
-53 212.2 589.8 -0.711745 -0.458354 -0.532289 114 65 61
-52 212 588.6 -0.715867 -0.452008 -0.532188 120 69 65
-51 211.6 587.6 -0.668869 -0.50468 -0.545814 125 72 68
-51 211.2 586.8 -0.659438 -0.510776 -0.551589 125 70 65
-50 211.2 586.8 -0.577957 -0.578678 -0.57541 107 52 47
-47 210.4 584.4 -0.25819 -0.691009 -0.675163 150 87 80
-46 210.4 584.4 -0.0814899 -0.716957 -0.692338 153 86 80
-45 210.4 584.4 0.0422105 -0.718838 -0.693895 156 89 81
-44 210.4 584.4 0.170686 -0.703887 -0.6895 170 97 90
-43.8 210.8 584.8 0.218127 -0.703855 -0.676024 175 100 94
-43 210.8 584.8 0.330844 -0.694553 -0.638857 181 107 98
-41 211 586.8 0.565596 -0.696791 -0.441117 197 120 110
-38 212.8 590.8 0.794588 -0.554812 -0.246603 212 146 134
-38 213.4 592.4 0.824889 -0.531206 -0.193335 207 143 131
-35 216.6 601.6 0.880448 -0.464547 -0.0949037 66 60 60
-59 213 590.6 0.221265 -0.743921 -0.630574 62 44 42
-59 213.2 591.2 0.233277 -0.735791 -0.635763 73 52 47
-58 213.8 591.8 0.0800889 -0.747162 -0.659799 82 54 51
-57.4 214 592.4 0.0105137 -0.733383 -0.679735 89 56 51
-56 214 592.2 -0.27896 -0.673095 -0.684926 96 55 51
-55 213.6 591.6 -0.414485 -0.628575 -0.6581 98 57 51
-54 213 590.6 -0.614403 -0.527524 -0.58671 104 61 55
-53.4 213 590.4 -0.673176 -0.481852 -0.56094 108 63 58
-52 212.6 588.6 -0.724039 -0.440308 -0.530939 121 70 66
-51 212 586.8 -0.680278 -0.469101 -0.563175 128 73 68
-49 211 585 -0.492269 -0.605169 -0.625653 128 71 64
-48 211 585 -0.377049 -0.653867 -0.655967 131 72 64
-47 211 584 -0.265794 -0.658641 -0.70395 151 88 79
-46 211 584 -0.0819846 -0.670791 -0.737101 156 89 81
-45 211 584 0.0488733 -0.679257 -0.732271 162 91 85
-44 211 584 0.187199 -0.669574 -0.718768 168 95 88
-43.4 211 584.4 0.241417 -0.681529 -0.690822 174 99 93
-43 211 584.8 0.327718 -0.690026 -0.645341 181 107 98
-42 211 584.8 0.429343 -0.665108 -0.610979 191 114 106
-42 211.4 585.4 0.448642 -0.675457 -0.585217 197 120 110
-41 212 586 0.559073 -0.659708 -0.502218 202 125 115
-39 212 588 0.703457 -0.609279 -0.36596 208 136 122
-38 213 590 0.792293 -0.548535 -0.267172 213 147 133
-59 213.8 590 0.254515 -0.739476 -0.623215 61 46 43
-58.8 214 590.8 0.257779 -0.743093 -0.617546 71 52 46
-58 214 591 0.134556 -0.754728 -0.64209 78 53 49
-57 214 591.8 -0.0478524 -0.742869 -0.667725 86 55 50
-57 214.4 592.2 -0.0124705 -0.740131 -0.672347 92 57 53
-56 214.2 592 -0.269107 -0.688251 -0.673715 96 57 50
-55.8 214.2 592 -0.293064 -0.684635 -0.667374 97 56 50
-55 214 591.2 -0.382622 -0.634991 -0.671108 96 55 49
-53 213.4 589.4 -0.69349 -0.454506 -0.559014 107 62 57
-53 213 588.6 -0.714966 -0.433465 -0.548573 116 67 63
-52 213 587.6 -0.72854 -0.414689 -0.545217 121 70 66
-51 212.8 587 -0.715269 -0.419852 -0.558672 127 72 69
-50.8 212.2 586 -0.677278 -0.453695 -0.579185 127 72 67
-50 212 585.6 -0.594398 -0.50714 -0.6241 113 55 51
-49 212 585 -0.534938 -0.539877 -0.649903 104 47 40
-48.2 212 584.2 -0.432622 -0.5552 -0.710346 118 59 53
-47 211.2 583.2 -0.249409 -0.604212 -0.756784 138 75 68
-46 211.2 583.2 -0.0973519 -0.626757 -0.773109 158 89 82
-45 211.2 583.2 0.0332435 -0.623794 -0.780881 160 89 83
-44 211.6 583.6 0.193597 -0.6344 -0.74837 171 96 90
-40 212 586 0.624115 -0.62555 -0.468154 206 130 117
-38 213.6 589.6 0.792848 -0.537739 -0.286755 213 147 133
-37 214 592 0.845631 -0.502204 -0.18083 213 151 140
-60 214 588.8 0.299435 -0.728279 -0.6164 46 36 34
-59 214.2 589.8 0.276591 -0.732662 -0.621855 62 47 42
-58.2 214.2 590 0.170848 -0.736057 -0.655004 72 53 47
-58 214.8 590.8 0.215442 -0.745145 -0.631144 78 53 48
-57 214.8 591.2 0.0544656 -0.755136 -0.653302 86 56 48
-56 215 591.4 -0.159212 -0.713963 -0.681842 95 56 49
-55.2 214.8 591 -0.298053 -0.666955 -0.682888 96 55 49
-55 214.8 590.8 -0.305195 -0.650347 -0.695632 99 56 50
-54 214 590 -0.559749 -0.530387 -0.636687 103 58 53
-52 213.6 587.6 -0.732962 -0.388241 -0.558602 125 72 68
-51 213 586.6 -0.716336 -0.41116 -0.563746 127 72 69
-50.8 212.8 586 -0.690461 -0.418135 -0.590277 132 74 70
-50 212.2 585.2 -0.599336 -0.486591 -0.63563 118 60 56
-49 212.8 584.8 -0.554099 -0.474685 -0.683848 109 50 44
-48 212 584 -0.412122 -0.563633 -0.715873 126 67 61
-44 212 583.2 0.151871 -0.594558 -0.78958 168 93 87
-43 212 583.2 0.255268 -0.604216 -0.754826 172 97 91
-42 212 584 0.423406 -0.614363 -0.665797 181 104 96
-42 212.6 584.6 0.432924 -0.609078 -0.664531 185 108 98
-39 213 587 0.710624 -0.582834 -0.394105 199 130 115
-36 215 593 0.866372 -0.475176 -0.153647 212 152 142
-35 217.8 598.8 0.888255 -0.448701 -0.0983395 73 59 56
-60 214.2 588.2 0.333297 -0.720147 -0.608524 46 36 34
-59 214.6 588.8 0.274385 -0.732664 -0.622829 63 48 43
-58.2 215 589.8 0.267077 -0.735673 -0.622458 72 53 47
-58 215 590.2 0.232553 -0.739823 -0.631332 79 54 49
-57 215 590.8 0.101911 -0.747745 -0.656118 86 56 48
-57 215.2 591 0.0845291 -0.751923 -0.65381 91 56 50
-56 215.2 591 -0.15132 -0.704461 -0.693424 95 56 49
-55 215 590.2 -0.325911 -0.6409 -0.695003 101 56 50
-54 215 590 -0.493412 -0.562371 -0.663539 107 58 53
-53 214 588 -0.708313 -0.40656 -0.577063 122 69 63
-52 214 587 -0.732889 -0.362572 -0.575687 127 74 68
-51 213.4 586.4 -0.720301 -0.377257 -0.582103 132 74 70
-50.6 213 585.6 -0.681604 -0.397467 -0.614358 136 79 72
-50 213 584.6 -0.628294 -0.394485 -0.670543 126 67 61
-48 212.8 583.8 -0.441554 -0.470614 -0.763906 132 73 65
-47 212 583 -0.26104 -0.558094 -0.787648 144 84 74
-46 212 582.8 -0.0894796 -0.571086 -0.815999 152 85 76
-45 212 582.8 0.0231338 -0.57434 -0.81829 164 91 84
-44 212.2 583 0.149518 -0.585103 -0.797056 170 93 85
-43 212.2 583.2 0.25401 -0.598799 -0.759552 174 97 87
-42 212.8 583.8 0.394202 -0.578987 -0.713707 178 101 91
-41.8 212.8 583.8 0.427701 -0.580952 -0.692507 185 109 96
-40 213 585 0.612762 -0.580549 -0.536176 200 127 112
-39 214 586.2 0.714021 -0.539171 -0.446619 204 135 120
-38 214 588 0.764825 -0.540453 -0.350647 212 146 132
-37.2 215 589.2 0.827238 -0.493507 -0.268569 211 149 136
-36 216.2 594.2 0.876911 -0.46007 -0.13915 216 159 148
-35 217 596 0.88669 -0.447499 -0.116296 158 113 107
-59.4 214.4 587.6 0.306109 -0.723313 -0.618963 47 37 35
-59 215.2 588.6 0.29979 -0.726131 -0.618757 63 48 43
-58 215.2 589.2 0.25728 -0.732656 -0.630097 73 52 47
-58 215.8 589.8 0.27828 -0.727488 -0.627153 80 52 48
-57 215.8 590 0.184564 -0.734867 -0.652615 86 56 48
-56 216 590.2 -0.0390904 -0.728685 -0.683732 98 57 51
-54 215.2 589.2 -0.508454 -0.531841 -0.677214 105 56 49
-51 214 586 -0.712219 -0.347578 -0.609863 134 77 70
-50.2 214 585.2 -0.676978 -0.338204 -0.653696 139 80 72
-50 213.6 584.6 -0.641947 -0.353683 -0.680304 129 70 62
-49 213 584 -0.54723 -0.416475 -0.726008 107 49 38
-48 213 583 -0.428791 -0.442563 -0.787576 145 87 76
-47 213 583 -0.286299 -0.474296 -0.832512 155 93 82
-46 213 582.8 -0.119402 -0.507231 -0.853499 159 92 83
-45 213 582.8 0.029098 -0.52992 -0.847548 162 94 85
-44 213 583 0.153658 -0.548599 -0.821845 174 96 86
-43 213 583.2 0.256336 -0.556143 -0.790567 178 101 91
-42 213 583.2 0.396207 -0.558063 -0.729099 184 107 97
-41.8 213 583.8 0.417664 -0.573369 -0.704844 190 116 103
-41 213 584 0.507678 -0.560339 -0.654434 198 124 111
-40 213.8 584.8 0.616091 -0.547947 -0.56585 205 132 117
-39 214.6 586.6 0.736729 -0.523944 -0.42745 214 145 130
-37 215 588.6 0.816411 -0.496774 -0.294431 212 150 137
-36 216 591.2 0.87354 -0.44985 -0.18591 215 157 145
-35 217.2 595.2 0.885795 -0.44616 -0.127708 182 139 130
-34 219 599.4 0.895294 -0.434979 -0.0961359 69 63 63
-59.4 215 587.4 0.318027 -0.727008 -0.608537 48 34 31
-59 215.4 588 0.308014 -0.720757 -0.620997 66 48 46
-58 215.6 588.6 0.271396 -0.724122 -0.634028 74 53 48
-57 216 589.8 0.247707 -0.734273 -0.632047 84 53 48
-56.8 216.2 590 0.203182 -0.746506 -0.633597 93 55 52
-56 216.2 590 -0.00389263 -0.715387 -0.698718 98 54 51
-55 216.2 590 -0.215218 -0.657828 -0.721764 103 55 51
-55 216 589.6 -0.248508 -0.646457 -0.721344 101 54 48
-53 215.4 588.4 -0.649887 -0.426538 -0.629057 111 62 55
-53 215 587.4 -0.681055 -0.382736 -0.624241 119 69 62
-52 215 586.8 -0.718278 -0.327342 -0.613942 125 75 68
-51 214.8 585.8 -0.705863 -0.306354 -0.638674 133 78 73
-50.2 214.2 585.2 -0.673892 -0.32868 -0.661693 134 80 70
-50 214 584 -0.628599 -0.316448 -0.710439 134 75 67
-47 213.8 582.8 -0.318966 -0.387915 -0.864744 154 90 81
-46.4 213.4 582.4 -0.213546 -0.442728 -0.870856 163 96 87
-46 213.4 582.4 -0.13047 -0.473558 -0.871046 162 94 85
-45 213.4 582.4 0.0179886 -0.490511 -0.87125 166 98 87
-44 213.2 582.4 0.121858 -0.519769 -0.845572 173 100 91
-43 213.8 583 0.26047 -0.504631 -0.823106 177 103 94
-41.4 214 583.4 0.455069 -0.51654 -0.725327 191 115 101
-41 214 583.8 0.510498 -0.526392 -0.679929 197 121 107
-40 214 584.2 0.576881 -0.527551 -0.623617 201 127 114
-39 214.2 585.2 0.674968 -0.529299 -0.514062 208 139 124
-38 215 587.2 0.770887 -0.511601 -0.379471 212 146 132
-35 218.4 596.4 0.897569 -0.425074 -0.116972 110 70 62
-59.4 215.4 586.8 0.334036 -0.730991 -0.59504 48 34 33
-58 216 588 0.242706 -0.742296 -0.624572 74 53 48
-58 216.2 589 0.269172 -0.727891 -0.630652 82 54 51
-57 216.2 589 0.206696 -0.738794 -0.641451 85 54 49
-56.4 216.4 589.2 0.142611 -0.739888 -0.657441 93 55 52
-56 216.4 589.2 0.0538608 -0.726264 -0.685303 97 53 50
-55 216.4 589.2 -0.242991 -0.657029 -0.71363 102 54 50
-54.8 216.4 589.2 -0.285213 -0.647566 -0.70662 104 55 50
-54 216 588.6 -0.467796 -0.549904 -0.691934 105 55 48
-53 216 587.4 -0.618232 -0.409518 -0.670883 121 68 62
-52 215.4 586.2 -0.716048 -0.309858 -0.62551 126 73 65
-51 215 585.2 -0.693731 -0.291872 -0.658444 135 78 71
-49 214 583 -0.547151 -0.314023 -0.775896 111 51 40
-48 214 582.6 -0.441295 -0.327167 -0.835596 154 90 80
-47 214 582.6 -0.311543 -0.379982 -0.87095 155 88 79
-44 214 582.2 0.106575 -0.461606 -0.88066 170 97 88
-43 214 582.2 0.210854 -0.487044 -0.847543 176 102 93
-42 214 582.8 0.368555 -0.492011 -0.788729 183 109 96
-41.2 214.2 583.2 0.479214 -0.497806 -0.722871 191 115 102
-41 214.4 583.4 0.494664 -0.497574 -0.71255 195 119 106
-39 215 585 0.698737 -0.491382 -0.519914 208 139 124
-38.6 215 585.6 0.724823 -0.494977 -0.479197 212 143 128
-38 215.6 586.6 0.765861 -0.487713 -0.419038 212 146 132
-37 216.2 589.2 0.841709 -0.470817 -0.264307 215 153 140
-35 218 593.4 0.891931 -0.425072 -0.154187 204 151 143
-34 219.4 597.4 0.90621 -0.40792 -0.11129 85 64 59
-59 216 586.4 0.333044 -0.72408 -0.603979 46 32 31
-59 216.4 587.2 0.351465 -0.719355 -0.599166 65 47 45
-58 216.8 588 0.28465 -0.717393 -0.635863 72 51 46
-57 217 588.6 0.190026 -0.733689 -0.652373 86 55 50
-56.2 217 588.8 0.115029 -0.735203 -0.668016 93 55 52
-56 217 589 0.0958013 -0.743042 -0.662353 94 53 49
-55 217 589 -0.212408 -0.679271 -0.702477 100 55 50
-54.6 217 588.8 -0.332488 -0.625912 -0.705468 105 55 48
-54 216.8 588 -0.435049 -0.546533 -0.715566 107 54 46
-53 216.4 587.4 -0.611868 -0.415346 -0.673131 113 60 52
-52 216 585.8 -0.698934 -0.297223 -0.6505 127 72 65
-51 215.8 585 -0.686768 -0.255007 -0.680677 135 78 71
-50 215.2 584.2 -0.640784 -0.254693 -0.724243 140 82 71
-50 215 583.8 -0.619998 -0.262905 -0.739246 140 80 70
-48 214.6 582.6 -0.461345 -0.290817 -0.838204 153 89 77
-47 214.6 582.6 -0.344777 -0.332017 -0.878005 156 90 78
-46 214 582 -0.169909 -0.411323 -0.895514 162 94 83
-45 214 582 0.00568154 -0.439631 -0.898161 165 95 83
-45 214.2 582.2 -0.00622047 -0.433852 -0.900963 167 95 83
-40 215 583.6 0.573798 -0.481831 -0.662265 194 120 107
-37 216 587 0.798792 -0.469761 -0.37584 214 147 138
-36 217 589.6 0.868967 -0.438294 -0.229774 216 153 144
-35 218.6 592.6 0.896625 -0.409871 -0.16754 211 158 150
-34 220 596.6 0.910443 -0.397832 -0.113242 88 65 59
-59 217 587 0.363657 -0.716034 -0.59586 62 47 44
-58 217 587.4 0.272093 -0.721443 -0.636777 71 50 45
-58 217.2 587.8 0.30142 -0.710186 -0.636225 81 53 50
-57 217.2 587.8 0.216255 -0.716061 -0.663694 86 55 50
-56 217.6 588.4 0.123767 -0.715819 -0.687229 93 55 52
-55 217.6 588.4 -0.228539 -0.659995 -0.715665 101 56 51
-54.2 217.2 587.8 -0.383159 -0.578232 -0.720303 105 55 48
-54 217.2 587.8 -0.397092 -0.568655 -0.720381 108 55 47
-53 217 586.8 -0.596658 -0.401567 -0.694797 115 60 53
-52 216.6 585.6 -0.668502 -0.29905 -0.680937 130 73 64
-51 216.2 585 -0.685475 -0.246858 -0.684972 135 76 68
-50 215.8 583.8 -0.62506 -0.243914 -0.74149 142 79 70
-49 215 582.8 -0.546181 -0.259396 -0.796492 127 65 54
-48 215 582 -0.45825 -0.267165 -0.84772 151 85 73
-47 215 582 -0.334358 -0.300008 -0.89342 158 92 80
-46 215 581.6 -0.205431 -0.335877 -0.91923 162 94 81
-45 215 581.2 -0.0389312 -0.372091 -0.92738 162 92 80
-44.8 215 581.8 -0.028207 -0.384622 -0.922643 167 95 83
-44 215 582 0.0740683 -0.40059 -0.913259 169 95 84
-43 215 582 0.19461 -0.420207 -0.886314 175 98 88
-42 215 582 0.315593 -0.430822 -0.845455 179 103 90
-41 215 582.6 0.450122 -0.457639 -0.766784 184 108 94
-38 216 584.8 0.733776 -0.444712 -0.513619 211 139 127
-38 216.8 585.8 0.749399 -0.43797 -0.496572 211 143 130
-36 217.8 588.8 0.867876 -0.414798 -0.273373 215 152 143
-34 220.4 596 0.91893 -0.377081 -0.115664 88 63 56
-59 217.2 586 0.362224 -0.720482 -0.591354 45 34 32
-58 217.8 587 0.303604 -0.722237 -0.621449 70 49 44
-57 218 587.6 0.217846 -0.733958 -0.64331 85 54 49
-56 218 587.6 0.112078 -0.71699 -0.688015 91 56 52
-55 218 588 -0.188689 -0.663627 -0.723875 100 55 50
-54.2 218 587.8 -0.308304 -0.606818 -0.732612 105 56 51
-54 218 587.2 -0.375988 -0.555483 -0.741668 112 59 53
-53 217.6 586.6 -0.548774 -0.433354 -0.714878 117 62 55
-52 217 585.6 -0.662065 -0.305888 -0.68418 130 73 64
-51 216.8 585 -0.678799 -0.257391 -0.687737 134 75 67
-50 216.2 584 -0.63545 -0.239217 -0.734152 136 78 67
-50 216 583.6 -0.622039 -0.240799 -0.745039 142 79 70
-49 216 582.8 -0.54551 -0.238769 -0.803373 138 76 65
-48 216 582 -0.458494 -0.236405 -0.856677 150 84 72
-47 216 582 -0.355334 -0.23507 -0.904699 158 90 79
-46 215.8 581.8 -0.236177 -0.27928 -0.930711 153 85 72
-46 215.6 581.6 -0.232045 -0.282394 -0.930811 156 86 74
-45 215.2 581.2 -0.071145 -0.334685 -0.93964 156 86 74
-44.2 215.2 581.2 0.0495194 -0.374756 -0.9258 160 88 76
-44 215.2 581.2 0.0545323 -0.380824 -0.923038 163 89 76
-43 215.4 581.4 0.178965 -0.397517 -0.899973 175 97 84
-42 215.8 581.8 0.293007 -0.39009 -0.872913 178 100 87
-41 215.8 581.8 0.417387 -0.398892 -0.816501 182 104 91
-40 216 582.8 0.530568 -0.410965 -0.741354 189 113 97
-39 216 583.8 0.653094 -0.432876 -0.621359 202 129 114
-38 216.6 584.6 0.736328 -0.411971 -0.536751 207 135 121
-37 217 585.8 0.779589 -0.422358 -0.462444 211 143 132
-37 217.8 586.8 0.809182 -0.410308 -0.420562 214 150 138
-36 218 587.8 0.856466 -0.407463 -0.316922 215 151 141
-35 219 591.6 0.898828 -0.39681 -0.186144 214 157 148
-34.8 219.8 592.8 0.908206 -0.3825 -0.169871 168 124 113
-59 217.8 586 0.393791 -0.709199 -0.584778 62 47 44
-58 218 586.8 0.313109 -0.727771 -0.610174 70 49 44
-57 218.2 587.2 0.228943 -0.717227 -0.658157 84 53 48
-56 218.2 587.2 0.0890975 -0.711003 -0.697521 90 55 51
-55 218.2 587.4 -0.153118 -0.656636 -0.738501 99 54 49
-54 218.2 587 -0.361445 -0.557317 -0.747499 114 61 55
-53 217.8 586 -0.544429 -0.432475 -0.718723 120 65 58
-52 217.8 586 -0.607525 -0.359568 -0.708254 126 69 62
-52 217.2 585 -0.645437 -0.307654 -0.699114 131 74 65
-51 217.2 585 -0.66767 -0.256509 -0.698871 133 74 66
-50 217 583.6 -0.613763 -0.219101 -0.758478 141 78 69
-49 216.6 582.6 -0.548094 -0.217355 -0.807681 144 82 71
-48 216.6 582.6 -0.479845 -0.221981 -0.848807 147 80 71
-46 216 581.8 -0.25186 -0.262908 -0.931368 147 77 65
-45 216 581.2 -0.112951 -0.277577 -0.95404 153 81 69
-44.2 216 581.2 0.00250394 -0.320636 -0.947199 152 78 67
-44 216 581.2 0.0397136 -0.334249 -0.941648 159 83 70
-43 216 581.2 0.149031 -0.353227 -0.923591 168 90 78
-42 216 581.2 0.258867 -0.358216 -0.897034 177 99 86
-41 216 581.8 0.402926 -0.390454 -0.827766 182 105 89
-40 216.6 582.6 0.53362 -0.385392 -0.75281 193 116 100
-38 217 583.8 0.693185 -0.368493 -0.619442 202 130 116
-37 217.4 585.4 0.765475 -0.402499 -0.502039 208 140 127
-36 218.6 587.6 0.857278 -0.388839 -0.337459 213 149 137
-36 219 588.8 0.877825 -0.392679 -0.274275 212 152 141
-35 219.6 590.6 0.899113 -0.384716 -0.208782 209 152 141
-34.6 220 592.6 0.908964 -0.376807 -0.178328 184 138 125
-34 220.8 594.4 0.921884 -0.36291 -0.13574 95 68 59
-59 218 585.4 0.394184 -0.713531 -0.579217 62 47 42
-58 218.2 586.2 0.297978 -0.726764 -0.618889 70 51 45
-57.8 218.8 586.8 0.283147 -0.725985 -0.626717 77 52 47
-54 219 587.2 -0.310567 -0.578163 -0.754504 106 56 49
-54 218.4 586.6 -0.339969 -0.565601 -0.751344 115 60 53
-53 218.2 586 -0.532319 -0.438765 -0.723963 123 66 57
-52 218.2 585.6 -0.589913 -0.363566 -0.720987 126 69 60
-52 218 585 -0.60612 -0.341902 -0.718137 132 73 65
-51 218 584.8 -0.64455 -0.263123 -0.717859 134 74 66
-50 217.8 584 -0.623377 -0.214396 -0.751955 135 75 65
-50 217.6 583.6 -0.614051 -0.206932 -0.761657 140 76 67
-49 217 582.6 -0.557401 -0.202489 -0.805172 143 79 69
-48 217 582 -0.456914 -0.187886 -0.869441 153 85 72
-47 217 581.8 -0.363009 -0.192725 -0.911637 155 85 73
-46 217 581 -0.230618 -0.197214 -0.952849 156 84 72
-45 217 581 -0.136271 -0.221956 -0.965487 156 82 71
-44.2 216.8 581 -0.050686 -0.245465 -0.968079 158 81 71
-41 217 581.6 0.383519 -0.279197 -0.880319 177 99 86
-40 217 582 0.486588 -0.325295 -0.810811 184 107 91
-39 217 582.8 0.60107 -0.350401 -0.718285 191 118 101
-38 217.8 583.8 0.69143 -0.347729 -0.633253 198 125 110
-37 218 585 0.758416 -0.374884 -0.533167 206 138 125
-36 218.8 587 0.847477 -0.378159 -0.372529 211 147 135
-35 220 589.6 0.902028 -0.368071 -0.225543 208 150 139
-34 220.6 591.6 0.912303 -0.362982 -0.189597 195 149 136
-58.8 218.8 585 0.370456 -0.72219 -0.584127 61 46 43
-57 219 586 0.253568 -0.716383 -0.649999 76 51 46
-56 219 586.6 0.102217 -0.728654 -0.677211 90 55 51
-56 219.2 586.8 0.102217 -0.728654 -0.677211 93 54 49
-55 219.2 586.8 -0.042624 -0.690392 -0.722179 101 56 51
-54 219.2 586.4 -0.305552 -0.578306 -0.756439 115 60 53
-53 219 585.6 -0.466894 -0.452321 -0.759879 122 65 56
-52 219 585.6 -0.551087 -0.374564 -0.745657 126 67 59
-52 218.4 584.6 -0.583722 -0.342093 -0.73637 130 72 61
-51 218.4 584.6 -0.62412 -0.271781 -0.732536 133 73 63
-50 218.2 583.8 -0.607581 -0.203372 -0.76778 137 74 65
-50 218 583.2 -0.605866 -0.19823 -0.770475 140 76 67
-49 218 582.6 -0.546914 -0.170315 -0.819682 140 76 66
-47 217.8 581.8 -0.371017 -0.153706 -0.915817 160 88 76
-46 217.8 581.8 -0.271773 -0.15365 -0.950016 163 89 76
-44 217 580.6 -0.00157334 -0.234691 -0.972069 169 93 80
-43 217 580.8 0.124353 -0.25309 -0.959417 169 91 79
-42 217 580.6 0.2307 -0.256036 -0.938735 168 90 78
-41 217.4 581.4 0.372139 -0.232982 -0.898461 180 101 88
-40 217.8 582 0.483857 -0.234819 -0.843055 184 107 91
-39.8 217.8 582 0.513489 -0.24813 -0.821438 188 111 95
-39 218 582.8 0.587678 -0.256577 -0.767335 189 116 101
-38 218 582.8 0.642286 -0.281278 -0.712988 194 120 107
-37 218.2 584.2 0.731145 -0.349123 -0.586123 205 137 124
-36 219.2 586.6 0.834766 -0.367725 -0.409809 210 146 134
-35.4 219.4 587.6 0.869006 -0.370824 -0.327594 216 154 143
-34 221 590.8 0.914281 -0.343968 -0.213952 202 156 141
-34 221.6 592.8 0.925464 -0.332697 -0.18119 115 88 79
-58.2 218.8 584 0.356659 -0.726773 -0.587023 63 45 43
-57 219.4 585.4 0.270207 -0.731492 -0.626026 79 49 47
-55 220 586.6 -0.039762 -0.683906 -0.728486 101 53 49
-54 220 586.4 -0.25132 -0.600821 -0.758849 106 56 47
-53 219.4 585.6 -0.421284 -0.492408 -0.761613 119 65 55
-52 219.2 584.6 -0.535877 -0.356042 -0.765552 129 71 60
-51 219 583.8 -0.583781 -0.266192 -0.767034 134 71 62
-50 219 583.8 -0.575741 -0.224724 -0.786144 139 72 63
-50 218.8 583 -0.575965 -0.210199 -0.789988 142 72 64
-49 218.6 582.6 -0.534671 -0.183072 -0.824992 144 74 64
-48 218.4 582.4 -0.463664 -0.150052 -0.873212 150 77 68
-48 218 582 -0.451387 -0.155094 -0.878747 151 79 67
-44 217.6 580.6 -0.00723663 -0.181463 -0.983371 160 86 73
-44 217.8 580.8 -0.0144577 -0.169508 -0.985423 164 88 74
-43 217.8 580.8 0.115329 -0.180315 -0.976824 166 88 75
-42 217.6 580.6 0.256484 -0.19152 -0.947384 168 90 77
-41 218 581.2 0.369811 -0.176192 -0.912248 174 96 84
-40 218 581.8 0.466513 -0.184065 -0.865151 183 105 93
-39.8 218.2 582 0.490705 -0.17673 -0.853214 191 113 101
-39 218.6 582.6 0.565986 -0.192066 -0.80173 192 115 105
-38 218.8 582.8 0.618512 -0.211288 -0.756836 197 120 110
-37 219 584.2 0.731771 -0.304858 -0.609568 209 137 125
-37 219.2 584.8 0.735271 -0.311721 -0.601836 209 141 128
-36 219.4 585.6 0.803696 -0.347079 -0.483331 213 145 132
-35.2 220 587 0.866015 -0.34435 -0.362547 215 149 135
-35 220.2 588.2 0.891838 -0.348438 -0.288472 207 147 136
-33 222.6 593.8 0.941478 -0.290746 -0.170548 78 77 72
-58 219 583.4 0.384608 -0.733082 -0.560953 60 45 42
-57 219.8 584.8 0.246348 -0.747966 -0.616327 80 50 48
-55.6 220 585.6 0.110924 -0.730124 -0.674251 95 54 52
-55 220.2 585.8 -0.0171294 -0.69879 -0.715122 98 53 50
-53 220.2 585.4 -0.368889 -0.515664 -0.773312 117 62 55
-52 220 584.4 -0.466147 -0.404027 -0.787064 128 69 61
-51 219.6 583.8 -0.545103 -0.281364 -0.789745 133 70 63
-50 219.4 583.4 -0.560944 -0.226502 -0.796266 138 71 63
-50 219.2 582.8 -0.560478 -0.219337 -0.798596 141 70 64
-49 219 582.4 -0.51675 -0.170834 -0.838919 143 73 65
-48 218.8 581.8 -0.427636 -0.131361 -0.894356 150 76 67
-47 218 581 -0.352571 -0.134929 -0.926006 153 79 70
-46 218 580.8 -0.240911 -0.13391 -0.961265 155 81 70
-45 218 580.8 -0.153426 -0.15098 -0.976558 157 81 68
-44 218 580.4 -0.00725746 -0.155433 -0.98782 158 82 69
-43 218 580.8 0.11587 -0.163784 -0.979668 167 87 76
-42 218 580.6 0.244932 -0.144575 -0.9587 170 90 79
-41 218.2 581.2 0.369087 -0.147591 -0.917601 176 96 85
-40 218.6 581.6 0.445337 -0.133971 -0.885284 186 106 97
-39.6 218.6 581.6 0.492235 -0.148871 -0.857637 194 114 105
-39 219 582.6 0.561409 -0.171209 -0.809634 196 118 108
-38 219 582.6 0.598994 -0.199963 -0.775384 202 124 114
-37 219.6 583.8 0.69191 -0.244972 -0.679153 212 138 129
-36 220.2 585.4 0.798268 -0.30957 -0.516657 215 145 135
-35.2 220.2 586.4 0.841911 -0.325826 -0.430143 216 149 140
-34 221.2 589 0.901748 -0.32468 -0.285365 206 156 149
-33 223 593 0.942414 -0.281423 -0.18071 82 77 73
-58 219.8 582.8 0.370258 -0.745394 -0.554344 58 43 40
-57 220 584 0.283908 -0.759526 -0.585248 80 52 49
-56 220 585 0.162703 -0.743172 -0.649017 94 56 53
-55.6 220.6 585.6 0.133676 -0.727507 -0.672952 96 55 51
-55 220.6 585.6 0.0136401 -0.698318 -0.715658 99 54 49
-54 220.6 585.8 -0.193685 -0.632093 -0.750296 103 52 48
-54 220.2 585.4 -0.219633 -0.620262 -0.753018 108 55 49
-52 220.2 584.4 -0.463542 -0.407075 -0.787031 122 64 60
-50 219.8 582.8 -0.546602 -0.235339 -0.803643 140 69 65
-49 219.4 582.4 -0.503082 -0.174951 -0.846346 141 71 63
-48 219 581.8 -0.423262 -0.129647 -0.896683 144 71 64
-47 219 581 -0.343809 -0.0936383 -0.934359 151 77 68
-46 219 581 -0.245407 -0.0672072 -0.967088 155 78 68
-45 219 580.8 -0.155045 -0.0695428 -0.985457 156 79 69
-44 219 580.4 -0.0146905 -0.0659549 -0.997714 156 78 68
-43 219 580.8 0.152185 -0.0622158 -0.986392 164 82 70
-42.8 219 580.8 0.178386 -0.0627172 -0.98196 167 85 74
-42 219 580.6 0.263792 -0.0621252 -0.962577 172 90 79
-41 219 581.2 0.349423 -0.0700799 -0.934341 178 93 86
-40 219 581.6 0.43944 -0.0925939 -0.893487 189 106 98
-39.6 219 581.6 0.475799 -0.103581 -0.873434 197 114 106
-39 219.6 582.6 0.537545 -0.128385 -0.833404 201 121 114
-38 219.6 582.6 0.586415 -0.176951 -0.790446 205 126 119
-38 219.8 583 0.613762 -0.191101 -0.766014 209 132 126
-37 220 583.6 0.676902 -0.237536 -0.696692 212 137 131
-36 220.6 584.8 0.764223 -0.286365 -0.577891 212 141 135
-35 221 585.6 0.82106 -0.285195 -0.494495 214 147 139
-35 221.2 586.8 0.865258 -0.295645 -0.404873 210 147 140
-34 222 588.4 0.905103 -0.29936 -0.301946 207 152 147
-58 220 582.2 0.369322 -0.75332 -0.54416 54 40 37
-57 220.6 583.6 0.300518 -0.757462 -0.579604 80 52 49
-55 221 584.6 0.126713 -0.738768 -0.661941 98 57 53
-54 221 584.8 -0.106804 -0.669351 -0.735229 104 53 49
-53.8 221 585 -0.199602 -0.635119 -0.746179 108 53 50
-53 221 584.8 -0.277167 -0.562238 -0.779145 113 58 53
-51 220.2 583.4 -0.516568 -0.309524 -0.798344 130 65 61
-50 220.2 583.2 -0.531247 -0.245262 -0.81094 134 67 61
-50 220 582.4 -0.512924 -0.229074 -0.827305 139 68 64
-49 220 582.2 -0.455287 -0.172222 -0.873529 143 70 64
-48 220 581.6 -0.388988 -0.118466 -0.913594 149 72 64
-46 219.8 580.8 -0.227957 -0.035989 -0.973006 156 79 69
-45 219.8 580.8 -0.139438 -0.00831332 -0.990196 157 80 70
-44 219.6 580.6 -0.0209233 -0.005272 -0.999767 157 79 69
-43 219.6 580.6 0.145071 -0.00323695 -0.989416 166 82 72
-42.6 219.6 580.6 0.182561 -0.00272651 -0.983191 170 86 76
-42 219.6 580.6 0.24898 -0.0108905 -0.968447 175 91 81
-41 220 581 0.348542 0.00539399 -0.937277 180 95 88
-40 220 581.6 0.426584 -0.0114888 -0.904375 190 105 100
-39.8 220 582 0.464086 -0.0473602 -0.884523 199 114 109
-39 220 582.2 0.496136 -0.0791971 -0.864625 202 121 117
-38 220 582.6 0.55763 -0.127517 -0.820237 210 132 128
-37 220.2 583 0.649843 -0.200193 -0.733231 212 137 132
-36.6 220.6 583.8 0.693339 -0.234937 -0.681238 210 139 135
-35 221.4 585.6 0.81961 -0.287032 -0.495834 212 144 141
-35 222 586.6 0.866718 -0.262079 -0.424399 209 144 140
-34 222.2 587.8 0.902902 -0.289819 -0.317446 209 148 145
-34 222.8 589.2 0.911845 -0.278521 -0.301602 164 119 116
-33 223.2 591.2 0.939695 -0.272069 -0.207248 94 75 71
-57 221 582.8 0.335356 -0.760801 -0.555623 81 53 50
-56.6 221 583.6 0.28984 -0.759192 -0.582769 87 56 51
-56 221 583.8 0.263987 -0.756619 -0.598196 94 56 53
-55 221.2 584.2 0.164979 -0.740783 -0.65117 98 57 53
-55 221.6 584.6 0.148725 -0.725942 -0.671482 100 55 52
-54 221.6 584.6 -0.0928888 -0.674509 -0.7324 104 53 49
-53.4 221.4 584.6 -0.21357 -0.608234 -0.764486 108 53 50
-53 221.6 584.8 -0.223952 -0.596799 -0.770504 113 58 55
-52 221.2 584.2 -0.393354 -0.457653 -0.797387 123 63 62
-52 221 584 -0.39556 -0.463363 -0.792986 127 66 63
-51 221 583.2 -0.423697 -0.38293 -0.820881 130 65 63
-50 221 582.4 -0.447554 -0.282269 -0.84854 138 67 63
-49 221 582.4 -0.405459 -0.217223 -0.887929 145 72 66
-48 220.6 581.6 -0.36131 -0.131909 -0.923068 149 72 66
-47 220 581 -0.297737 -0.0689675 -0.952154 150 73 67
-46 220 580.8 -0.227055 -0.0308098 -0.973394 157 78 71
-45 220 580.8 -0.129827 -0.000571378 -0.991536 159 81 71
-44 220 580.6 -0.0227127 0.015324 -0.999625 161 81 72
-43 220 580.6 0.151242 0.0170629 -0.98835 169 87 76
-42.6 220 580.6 0.188633 0.0269343 -0.981678 174 89 82
-42 220 580.6 0.253199 0.0261221 -0.967061 180 95 88
-41 220.2 581 0.337314 0.024493 -0.941074 186 101 96
-41 220.6 581.6 0.356633 0.036146 -0.933545 187 102 97
-40 220.6 581.6 0.414633 -0.00267965 -0.909985 190 107 103
-39.8 220.8 582 0.42829 -0.00408862 -0.903632 198 115 111
-39 220.8 582 0.464135 -0.034873 -0.885077 201 122 118
-38 221 582.6 0.534927 -0.0935611 -0.839702 210 135 132
-37 221 583 0.611406 -0.147274 -0.777491 214 140 137
-36.4 221.2 583.6 0.686992 -0.211462 -0.695216 214 143 141
-36 221.2 584.4 0.713489 -0.235195 -0.660013 214 144 142
-35 221.8 585 0.806547 -0.248782 -0.536274 213 145 142
-34 223 587.4 0.895189 -0.246146 -0.371549 214 151 146
-33 224 590.6 0.935999 -0.245048 -0.252699 101 77 73
-58 220.8 581 0.403909 -0.7513 -0.521926 48 33 30
-58 221 581.8 0.376713 -0.751834 -0.54114 66 47 41
-56 221.8 582.8 0.314284 -0.75612 -0.574028 86 55 50
-55 222 583.8 0.233558 -0.73567 -0.635799 96 55 51
-54 222 584 0.00667101 -0.704783 -0.709391 105 54 50
-53.2 222 584.2 -0.137056 -0.640065 -0.755997 108 53 50
-53 222 584.2 -0.186325 -0.618273 -0.763559 115 57 55
-52 222 583.4 -0.297664 -0.526703 -0.796229 124 63 62
-51.4 222 583.4 -0.339867 -0.478071 -0.8099 129 65 63
-50 221.4 582.4 -0.403243 -0.320793 -0.857022 141 70 68
-49 221.4 582.4 -0.385037 -0.230483 -0.893658 148 75 69
-48 221 581.6 -0.336656 -0.147225 -0.930047 150 73 67
-47 221 581 -0.25811 -0.0847098 -0.962395 151 74 68
-46 221 581 -0.198385 -0.0306595 -0.979645 155 76 69
-45 220.6 580.6 -0.110599 0.0204203 -0.993655 161 84 76
-44 220.6 580.6 -0.023429 0.0379291 -0.999006 165 86 79
-43 220.6 580.6 0.132018 0.0432522 -0.990303 171 91 84
-42.6 220.6 580.6 0.194245 0.0346278 -0.980342 175 95 88
-42 220.6 580.8 0.250878 0.0388438 -0.967239 181 101 94
-41 220.8 581 0.355517 0.0247626 -0.934342 189 106 102
-40 221.2 582 0.40727 0.00288842 -0.913303 191 110 107
-39.8 221.2 582 0.405768 0.00327887 -0.91397 198 117 114
-39 221.2 582 0.467433 -0.0444208 -0.882912 201 121 120
-38 221.6 582.6 0.521508 -0.0865195 -0.848849 208 130 128
-38 221.8 582.8 0.531972 -0.0929297 -0.841647 211 136 133
-37 221.8 583 0.585252 -0.152963 -0.796293 213 139 136
-36.2 222 583.4 0.667501 -0.181278 -0.722205 213 143 141
-36 222.2 584.4 0.720202 -0.217577 -0.658764 214 144 142
-35 222.2 585 0.800397 -0.243357 -0.547852 212 147 145
-35 222.8 586 0.846261 -0.223445 -0.483647 212 147 145
-34 223.2 587.2 0.891565 -0.231374 -0.389329 216 151 147
-33 224.2 590 0.934873 -0.233714 -0.267188 105 80 76
-57.8 221.4 581.2 0.404702 -0.747634 -0.526554 63 44 40
-57 221.6 581.6 0.358626 -0.751383 -0.553905 81 53 52
-55 222.2 583.2 0.295302 -0.743553 -0.599938 101 56 53
-53 222.8 583.8 -0.090951 -0.670667 -0.736162 116 58 56
-52 222.4 583.4 -0.237226 -0.569452 -0.78705 123 62 61
-51.4 222.4 583.4 -0.321666 -0.49664 -0.806151 129 65 63
-51 222 583 -0.346437 -0.459997 -0.817548 134 66 65
-50 222 582.4 -0.353105 -0.360493 -0.863343 148 74 73
-49 222 582 -0.329241 -0.263273 -0.906801 150 76 73
-48 221.8 581.8 -0.309571 -0.154482 -0.938244 153 75 73
-48 221.4 581.4 -0.305681 -0.154901 -0.939449 153 75 71
-45 221 580.8 -0.0965452 0.00664696 -0.995306 166 89 83
-44 221 580.6 -0.0139479 0.00476391 -0.999891 169 92 86
-43 221 580.6 0.143647 0.0110067 -0.989568 176 97 92
-42.6 221 580.6 0.169079 0.0168373 -0.985459 181 102 98
-42 221.2 580.8 0.248867 -0.017018 -0.968388 186 107 103
-41 221.2 581.2 0.347034 0.0131787 -0.93776 193 112 109
-41 221.6 581.8 0.345889 -0.0167269 -0.938126 194 113 110
-40 221.6 581.8 0.409075 -0.0277295 -0.912079 197 116 115
-39.8 221.8 582 0.41194 -0.0358047 -0.910507 203 122 121
-39 222 582.4 0.452789 -0.0731111 -0.888615 202 124 122
-38 222 582.6 0.53105 -0.131509 -0.837073 211 137 136
-37 222.2 583 0.579466 -0.159596 -0.799217 211 137 136
-36.2 222.2 583.2 0.664984 -0.182443 -0.724231 209 139 137
-36 223 584.2 0.715496 -0.191179 -0.67195 211 141 139
-35 223 584.8 0.798078 -0.200431 -0.568242 213 145 144
-34 223.6 586.6 0.875574 -0.211384 -0.434381 213 148 144
-34 224.2 588 0.909179 -0.217213 -0.355264 191 137 135
-33 225 589.8 0.934103 -0.207492 -0.290516 112 84 81
-57.6 221.8 580.4 0.418354 -0.729955 -0.540506 59 41 39
-57 222 580.8 0.403752 -0.734108 -0.545958 79 53 54
-56 222 581.8 0.333338 -0.75238 -0.568164 85 55 53
-56 222.2 582.2 0.333813 -0.74805 -0.573577 89 53 53
-55 222.6 582.6 0.309538 -0.746303 -0.589252 96 56 54
-52 222.8 582.8 -0.161878 -0.580163 -0.798252 124 63 62
-51 222.8 582.8 -0.263349 -0.474482 -0.839949 135 67 68
-50 222.2 582.2 -0.334362 -0.366346 -0.868327 141 71 71
-48 222 581.4 -0.281719 -0.191094 -0.940275 155 77 75
-47 222 581.4 -0.229657 -0.137568 -0.9635 157 77 76
-46 222 581 -0.16311 -0.0797937 -0.983376 166 87 83
-45 222 580.8 -0.0749054 -0.024322 -0.996894 172 94 90
-44 222 580.6 -0.0257702 -0.0293244 -0.999238 178 100 98
-43 222 580.6 0.106024 -0.0585901 -0.992636 183 105 103
-42.6 222 580.6 0.17945 -0.0395063 -0.982974 189 109 108
-42 222 580.8 0.207977 -0.0295619 -0.977687 195 115 114
-41 222 581.2 0.327948 -0.0364729 -0.943992 200 120 119
-41 222.2 581.8 0.331982 -0.0408232 -0.942402 201 121 120
-40 222.2 581.8 0.394887 -0.0448761 -0.917633 203 123 122
-39.8 222.2 582 0.40292 -0.0532119 -0.913687 207 127 126
-39 222.4 582.4 0.429182 -0.0991084 -0.897764 205 127 127
-38 222.6 582.6 0.508608 -0.148854 -0.848033 215 141 140
-37 222.8 583 0.578192 -0.190283 -0.793401 212 138 137
-36.2 223 583.2 0.658082 -0.188656 -0.728929 207 137 137
-35 223.8 584.8 0.796383 -0.194515 -0.572658 212 144 143
-34 224 586.6 0.875623 -0.190941 -0.443651 212 147 143
-33 225.6 589.4 0.932479 -0.191975 -0.305988 117 89 86
-57.2 222.2 580 0.42931 -0.728703 -0.533559 58 43 40
-57 222.4 580.2 0.42148 -0.731417 -0.536082 78 54 52
-56 222.8 581 0.369398 -0.738039 -0.564662 87 53 51
-55 223 582.4 0.30864 -0.744754 -0.591678 98 52 52
-54 223 582.8 0.183015 -0.74375 -0.642916 111 58 54
-53 223 582.6 2.58166e-05 -0.668734 -0.743502 116 58 54
-52 223 582.6 -0.15407 -0.582011 -0.798452 125 64 61
-51 223 582.8 -0.254812 -0.488848 -0.834325 138 70 69
-50 223 582.2 -0.230316 -0.41994 -0.877841 144 74 74
-49 223 581.8 -0.216515 -0.333094 -0.917698 152 78 79
-48 223 581.4 -0.214115 -0.249441 -0.944423 160 81 84
-47 223 581.4 -0.189214 -0.201896 -0.960956 163 84 87
-46 223 581.2 -0.138117 -0.146116 -0.979578 169 90 93
-45 222.8 581 -0.0859548 -0.0972137 -0.991545 180 102 102
-44.2 222.8 581 -0.056247 -0.105194 -0.99286 180 101 104
-44 222.8 581 -0.0163268 -0.0970095 -0.99515 180 106 107
-43 222.8 581.2 0.12919 -0.0771685 -0.988613 185 109 113
-42.8 222.8 581.2 0.160187 -0.0846111 -0.983454 186 110 112
-42 222.8 581.2 0.208748 -0.125829 -0.969841 192 113 116
-41 223 581.4 0.299082 -0.142425 -0.943538 194 115 118
-40 223 582.2 0.373722 -0.127457 -0.918742 201 122 125
-39 223 582.4 0.41738 -0.140714 -0.897771 200 124 126
-38 223.2 583.2 0.529509 -0.181468 -0.828667 213 139 138
-37 223.2 583.2 0.596111 -0.189394 -0.780244 218 144 143
-36 223.2 583.2 0.663888 -0.198019 -0.721139 206 136 134
-36 223.8 583.8 0.717684 -0.186448 -0.670945 210 140 138
-35 224 584.6 0.799561 -0.189126 -0.570029 208 143 139
-34 224.8 586.4 0.877605 -0.161221 -0.45146 215 145 145
-33.8 225 587.4 0.894944 -0.165742 -0.414253 198 138 138
-33 225.8 588.8 0.923644 -0.171616 -0.342679 121 89 90
-32 226.6 590.6 0.938045 -0.190316 -0.289572 88 78 79
-57 222.6 579.4 0.418509 -0.722392 -0.550455 56 41 38
-57 222.8 580 0.421574 -0.72934 -0.538831 78 54 52
-56 223 580.4 0.386867 -0.729923 -0.563513 88 54 52
-56 223.2 581.2 0.367171 -0.737672 -0.566591 96 54 55
-55 223.4 581.4 0.340591 -0.725841 -0.597623 99 53 53
-51 223.8 582 -0.14282 -0.553124 -0.820766 142 74 75
-50 223.8 581.8 -0.160042 -0.475711 -0.864919 147 79 80
-49.4 223.4 581.4 -0.184525 -0.412063 -0.892275 154 82 85
-49 223.4 581.4 -0.164186 -0.390325 -0.905919 156 84 87
-48 223.6 581.6 -0.190292 -0.324137 -0.926674 157 82 86
-47 223.4 581.4 -0.171725 -0.243848 -0.954489 166 90 92
-46 223.2 581.2 -0.13753 -0.16889 -0.975993 169 93 95
-45 223.2 581.2 -0.0839085 -0.143675 -0.986061 182 106 108
-44.2 223.2 581 -0.0593296 -0.157096 -0.9858 187 111 113
-44 223.2 581 -0.0305341 -0.152652 -0.987808 184 112 115
-43 223.4 581.2 0.110349 -0.219939 -0.969252 192 117 121
-42.8 223.4 581.2 0.128605 -0.217243 -0.967608 196 121 125
-42 223.4 581.2 0.193885 -0.248605 -0.949002 200 124 128
-41 223.4 581.4 0.299406 -0.290814 -0.908726 199 120 125
-39.2 224 582.2 0.410201 -0.270734 -0.870884 206 127 132
-38 224 583 0.525536 -0.234038 -0.817947 205 129 131
-37 224 583.2 0.618176 -0.213181 -0.75658 211 135 137
-36 224 583.4 0.701294 -0.210092 -0.68121 204 133 131
-35 224.2 584.2 0.790173 -0.188278 -0.583247 207 139 138
-34 225.2 586 0.874514 -0.154108 -0.459866 215 143 144
-33.8 225.8 587 0.890007 -0.13676 -0.434953 202 142 142
-33 226 588.6 0.921409 -0.164798 -0.35192 126 92 93
-32 226.8 590.4 0.933598 -0.18409 -0.307418 89 79 80
-57 223 579 0.429067 -0.72007 -0.545344 52 37 34
-56 223.4 580.2 0.3865 -0.728672 -0.56538 88 54 53
-53 224 582 0.117575 -0.708229 -0.696123 116 58 56
-53 224.2 582 0.120041 -0.709394 -0.694515 122 62 61
-52 224 581.8 0.0244298 -0.651736 -0.758053 129 68 67
-51 224 581.6 -0.0800709 -0.576949 -0.812846 143 75 76
-50 224 581.4 -0.110375 -0.484094 -0.868027 148 80 81
-49 224 581.4 -0.150293 -0.422405 -0.89386 153 83 85
-48 224 581.4 -0.167007 -0.371711 -0.913203 158 86 89
-47 224 581.4 -0.13732 -0.30961 -0.940896 171 96 101
-46 224 581.2 -0.132812 -0.280933 -0.950493 171 99 103
-45 224 581 -0.105738 -0.287736 -0.951855 173 101 105
-44 224 581 -0.0580974 -0.257705 -0.964475 178 107 113
-43 224 580.8 0.0703779 -0.30052 -0.951176 183 112 118
-42.6 224 580.6 0.115993 -0.311047 -0.94329 191 119 123
-42 224 581 0.171838 -0.307791 -0.935808 195 123 127
-41 224 581.2 0.297006 -0.324925 -0.897892 194 119 124
-40 224 582 0.363543 -0.274435 -0.890237 204 127 133
-39 224 582 0.414925 -0.289983 -0.862408 214 137 143
-36 225 583.6 0.747445 -0.245833 -0.617165 205 131 132
-35 225 584.4 0.800446 -0.185982 -0.569822 215 143 144
-34 226 586 0.879029 -0.135395 -0.457139 214 142 143
-33.8 226.2 587 0.896135 -0.125391 -0.425698 206 144 145
-33 227 588.6 0.921392 -0.156611 -0.355682 127 93 94
-32 227.2 590 0.931272 -0.179605 -0.316977 87 77 78
-57 223.2 578.2 0.435165 -0.717802 -0.543499 48 34 33
-57 223.8 578.8 0.438129 -0.714656 -0.545261 72 51 50
-55 224 580.4 0.362605 -0.728927 -0.580674 100 56 57
-54 224 581 0.302708 -0.723554 -0.620353 108 58 59
-54 224.2 581.2 0.298216 -0.723227 -0.622904 113 57 58
-53 224.4 581.4 0.14482 -0.703085 -0.696203 116 58 57
-52 224.4 581.2 0.100417 -0.658643 -0.745725 130 68 69
-51 224.2 581 -0.0301871 -0.588604 -0.807858 137 75 76
-44 224.8 580.8 -0.120964 -0.428756 -0.895285 174 108 112
-42.6 224.6 580.6 0.0484835 -0.47927 -0.876328 186 117 122
-42 224.6 580.6 0.119397 -0.475697 -0.871468 191 120 126
-41 224.6 580.6 0.286138 -0.467475 -0.836416 188 117 121
-38 225 582.4 0.551276 -0.339744 -0.762017 200 124 128
-37 225 582.8 0.622861 -0.303471 -0.721075 194 118 122
-36 225.4 583.2 0.753172 -0.271579 -0.599146 208 134 135
-35 225.8 584.2 0.814261 -0.205596 -0.542871 208 136 137
-35 226.2 584.6 0.841141 -0.189007 -0.506713 215 143 144
-34 227 586.4 0.897104 -0.129173 -0.422516 215 141 142
-33 227.4 588.4 0.914452 -0.144278 -0.378103 125 91 92
-32 228 590 0.927215 -0.169328 -0.334068 84 73 77
-57 224 578.2 0.439788 -0.718466 -0.538881 68 46 48
-56 224 579 0.420698 -0.715446 -0.557809 84 54 54
-55.4 224.4 579.4 0.404736 -0.712836 -0.57276 92 53 56
-53 225 581 0.212052 -0.693067 -0.68898 117 59 58
-52.8 225 580.8 0.196701 -0.695835 -0.69074 122 62 62
-52 225 580.8 0.140784 -0.644202 -0.751787 130 68 69
-51 225 580.6 0.0579927 -0.619319 -0.782994 141 77 78
-50 225 580.6 -0.00354649 -0.545687 -0.837982 142 76 78
-49 225 580.6 -0.0629775 -0.503148 -0.861902 142 76 78
-48 225 580.8 -0.102747 -0.454705 -0.884696 144 75 80
-47.8 225 580.8 -0.111572 -0.447892 -0.887099 155 86 91
-47 225 580.8 -0.128285 -0.448466 -0.884546 162 93 98
-46 225 580.6 -0.137169 -0.450646 -0.882102 162 96 100
-43 224.8 579.8 -0.0330173 -0.535336 -0.843994 179 114 118
-42 224.8 579.8 0.0864403 -0.566664 -0.819402 188 123 127
-39 225 581 0.444668 -0.442199 -0.778929 188 113 118
-37 226 582.4 0.66737 -0.339659 -0.662759 184 108 112
-36 226 583.2 0.759114 -0.264397 -0.594845 206 131 135
-35 226.4 584.2 0.827442 -0.215255 -0.518658 213 139 140
-34 227.4 586.4 0.897627 -0.135679 -0.419353 211 139 140
-33 228 588.4 0.911574 -0.148929 -0.383215 122 90 91
-32 229 590 0.92167 -0.164784 -0.35124 83 74 77
-57 225 578 0.460839 -0.713244 -0.528119 63 41 43
-55.4 225 579.4 0.413196 -0.707824 -0.572935 92 51 55
-55 225 579.4 0.409496 -0.703174 -0.581257 100 55 58
-54 225 579.8 0.379513 -0.69396 -0.611874 110 60 63
-53 225.4 580.4 0.251292 -0.684744 -0.684089 118 59 61
-52.4 225.4 580.4 0.196226 -0.671655 -0.714405 121 61 63
-52 225.4 580.4 0.173929 -0.658247 -0.732434 126 66 68
-51 225.6 580.4 0.103266 -0.604231 -0.790089 131 69 72
-50 225.6 580.6 0.0367405 -0.567213 -0.822752 136 71 75
-49 225.6 580.6 -0.0384231 -0.510643 -0.858934 137 71 75
-48 225.8 580.8 -0.0927124 -0.511318 -0.854376 142 76 80
-47.8 225.8 580.8 -0.0872231 -0.505119 -0.858631 149 84 88
-47 225.6 580.6 -0.1277 -0.518976 -0.845196 155 90 94
-46 225.6 580.6 -0.14514 -0.515913 -0.844256 158 96 99
-46 225.2 580.2 -0.151576 -0.501916 -0.851531 164 102 105
-45 225 580 -0.147748 -0.493395 -0.857165 168 108 110
-44 225 579.8 -0.168152 -0.513202 -0.841634 177 115 118
-43 225 579.8 -0.0502731 -0.541534 -0.839175 180 118 121
-42 225 579.4 0.0975463 -0.601626 -0.792799 191 126 132
-41 225 580 0.283389 -0.566433 -0.77385 202 136 140
-40 225 580 0.352518 -0.576943 -0.736795 199 128 132
-39 225.8 580.8 0.46996 -0.550397 -0.690073 190 115 120
-37 226.4 582.4 0.701648 -0.353628 -0.618577 183 108 113
-36 226.8 583.2 0.794026 -0.275049 -0.542098 197 122 127
-35 227 584.2 0.855253 -0.203976 -0.476378 211 136 140
-35 227.2 584.6 0.877665 -0.179695 -0.444312 218 143 147
-34 228 586.2 0.897249 -0.14886 -0.415673 213 141 142
-34 228.4 587.4 0.899612 -0.153985 -0.40864 204 145 147
-33 229 588.8 0.915124 -0.161267 -0.369515 121 89 90
-55 225.4 578.4 0.425623 -0.702513 -0.570369 89 50 53
-53 226 579.4 0.339493 -0.673706 -0.656403 116 60 63
-52 226 579.8 0.228005 -0.642333 -0.731725 117 58 62
-51 226 580.4 0.111474 -0.604524 -0.788748 122 61 66
-50.8 226 580.4 0.0958265 -0.596019 -0.797232 126 64 69
-50 226 580.4 0.0530759 -0.57856 -0.813911 132 67 73
-49 226 580 -0.0209862 -0.548925 -0.835608 140 75 81
-48 226 580 -0.0939489 -0.540441 -0.836121 145 80 86
-47.2 226 580.2 -0.150874 -0.53576 -0.830782 147 85 90
-47 226 580.2 -0.168776 -0.54527 -0.821094 153 91 96
-46 226 580 -0.172731 -0.573249 -0.800968 163 102 107
-43 225.8 578.8 -0.0959765 -0.689308 -0.718083 183 122 127
-42 225.8 578.8 0.114681 -0.715902 -0.688718 189 127 132
-40 226 579.6 0.385804 -0.674729 -0.629202 197 126 132
-39 226 580 0.487043 -0.621605 -0.613511 186 113 120
-38 226 581 0.589562 -0.498835 -0.63528 172 97 104
-38 226.8 581.8 0.623864 -0.475185 -0.620478 192 117 124
-37 226.8 581.8 0.698112 -0.399639 -0.594077 193 118 125
-36 227.4 583.2 0.800405 -0.307067 -0.514841 194 121 128
-35 227.8 584.2 0.873137 -0.2106 -0.439635 209 137 141
-35 228 584.6 0.883917 -0.198936 -0.42322 216 144 148
-34 228.2 586.2 0.89791 -0.167666 -0.406997 215 143 144
-33 229.8 588.8 0.913961 -0.17061 -0.368196 117 85 86
-32 230 590 0.92405 -0.1719 -0.34144 85 76 79
-56 225 576.6 0.4858 -0.70829 -0.512175 53 37 37
-56 225.6 577.6 0.472975 -0.702074 -0.532342 74 48 47
-53.8 226 578.8 0.390617 -0.685345 -0.61459 117 65 69
-53 226.4 579.2 0.36221 -0.670777 -0.647195 117 60 66
-52 226.4 579.2 0.272572 -0.643057 -0.71567 117 58 64
-50.8 226.8 580.4 0.122965 -0.611624 -0.781534 119 56 64
-48 226.8 580 -0.100462 -0.569092 -0.816114 145 80 88
-47.2 226.8 580 -0.171934 -0.583386 -0.793788 146 84 89
-45 226 579 -0.212024 -0.645166 -0.734035 167 108 112
-39 226.6 579.6 0.470726 -0.692834 -0.546259 182 109 118
-37.8 227 580.8 0.630713 -0.546047 -0.551392 182 106 116
-37 227 581.8 0.701809 -0.406417 -0.585055 182 106 116
-36 227 581.8 0.790589 -0.351595 -0.501348 183 110 119
-36 227.8 582.8 0.795217 -0.350684 -0.494622 194 121 130
-34 229 586.2 0.901668 -0.175491 -0.395218 216 141 145
-33 230 588.4 0.909897 -0.168459 -0.37909 114 82 83
-32 231 590 0.925731 -0.17592 -0.334774 84 75 78
-56 226 576.6 0.485533 -0.709979 -0.510085 53 34 38
-55 226 577.6 0.457416 -0.699109 -0.549561 87 50 57
-54 226 578 0.426906 -0.691204 -0.583085 106 60 63
-53.4 226.4 578.4 0.405449 -0.680387 -0.610478 115 65 68
-53 226.6 578.6 0.379902 -0.672879 -0.634751 115 60 63
-52 226.8 578.8 0.310165 -0.667183 -0.677248 113 58 61
-51 226.8 579.4 0.179989 -0.624516 -0.759989 108 49 53
-50.6 226.8 579.4 0.14775 -0.609757 -0.778695 110 51 55
-50 226.8 579.4 0.112552 -0.60606 -0.787415 117 58 64
-49 226.8 579 0.00552165 -0.597788 -0.801635 121 62 68
-48 227 579.6 -0.114644 -0.593962 -0.796283 135 78 84
-47 227 579.2 -0.234124 -0.634187 -0.73688 156 97 101
-44 226 578 -0.211669 -0.720483 -0.660379 178 112 116
-43 226 578 -0.133055 -0.734316 -0.66564 184 115 120
-42 226 578 0.0672794 -0.760063 -0.646357 190 119 127
-41 226 578 0.247693 -0.755586 -0.606414 193 122 130
-40.4 226.4 578.4 0.27932 -0.782183 -0.556928 187 116 124
-40 226.4 578.4 0.345498 -0.77251 -0.532784 183 114 117
-38 227 579.8 0.593717 -0.629364 -0.501399 190 119 123
-37.2 227.2 580 0.673414 -0.558191 -0.484701 186 115 119
-36 228 581.8 0.803093 -0.375155 -0.462925 179 108 112
-35 228.4 583.2 0.853281 -0.28298 -0.437988 211 141 143
-35 228.6 584 0.886846 -0.229876 -0.400825 214 144 146
-34 229.4 585.4 0.897898 -0.20862 -0.387629 214 144 142
-33 230.4 588.4 0.913684 -0.178635 -0.365062 110 80 80
-56 226.4 576.4 0.486966 -0.712043 -0.505825 68 43 47
-55 226.8 577.2 0.486101 -0.708321 -0.511847 85 50 56
-53 227 578 0.412486 -0.667836 -0.619556 114 62 66
-52 227 578.4 0.33481 -0.657788 -0.674698 111 55 58
-51 227 578.8 0.225297 -0.618016 -0.753192 107 48 52
-50.6 227.6 579.4 0.165978 -0.618887 -0.767744 108 49 53
-50 227.4 579.2 0.104107 -0.617064 -0.779996 111 54 60
-49 227 578.8 -0.00229661 -0.619519 -0.784978 114 57 63
-48 227.6 579.6 -0.119079 -0.622641 -0.773394 129 70 76
-47 227.4 579.4 -0.229236 -0.641403 -0.732156 138 77 82
-47 227.2 579.2 -0.232636 -0.641782 -0.730751 144 83 88
-46 227 579 -0.250358 -0.660503 -0.707854 149 88 95
-45 227 578.2 -0.277236 -0.718872 -0.637466 162 101 108
-44 227 578 -0.230557 -0.744417 -0.626648 172 107 113
-40 227 577.8 0.33226 -0.788199 -0.518021 185 115 123
-39 227 578.4 0.438981 -0.746647 -0.499814 188 119 122
-38 227.4 579.4 0.595658 -0.654887 -0.465096 188 119 122
-37 227.8 579.8 0.704909 -0.55457 -0.442216 189 118 122
-36 228.2 581 0.799543 -0.423866 -0.425522 183 111 114
-36 228.8 581.8 0.816235 -0.393104 -0.423356 195 123 126
-35 229 582.8 0.865884 -0.303875 -0.397373 209 139 141
-34 230 585.4 0.902665 -0.209066 -0.376147 214 144 142
-33 231 588.4 0.913308 -0.182577 -0.364052 110 80 82
-54 227 577 0.480472 -0.704899 -0.52179 107 61 64
-53 227.6 577.6 0.438422 -0.677377 -0.590718 112 62 63
-51 228 578.8 0.225123 -0.646355 -0.729071 106 50 53
-50 228 578.8 0.121309 -0.630518 -0.766637 109 52 58
-49 228 578.6 0.00546581 -0.653643 -0.756783 119 60 66
-48 228 578.6 -0.140667 -0.665391 -0.733121 124 63 70
-47 228 578.4 -0.272509 -0.663848 -0.696451 139 76 84
-44 227.2 577.2 -0.241381 -0.766396 -0.595292 160 95 103
-43.2 227.2 577.2 -0.162086 -0.782889 -0.600676 164 99 105
-43 227 577 -0.152714 -0.786457 -0.598468 168 101 108
-42 227 576.8 -0.00773038 -0.801587 -0.597828 174 107 114
-41 227 576.8 0.172356 -0.80909 -0.561842 182 112 120
-40 227.2 577.2 0.297742 -0.793265 -0.531113 185 115 123
-37 228 579.2 0.706991 -0.570906 -0.417408 198 126 130
-37 228.2 579.8 0.738129 -0.525924 -0.422575 179 107 111
-36 228.6 580.6 0.798258 -0.442711 -0.408401 178 106 109
-35 229.4 582.4 0.871426 -0.311833 -0.378652 212 140 141
-34 230.4 585.4 0.902881 -0.216792 -0.371223 214 144 144
-34 231.2 587.2 0.908555 -0.19957 -0.367014 176 120 121
-33 232 588.2 0.91936 -0.18063 -0.349501 103 79 79
-56 227 575.4 0.526833 -0.71306 -0.462594 62 44 44
-55 227 576 0.505936 -0.708506 -0.491983 82 53 55
-54 227.6 576.6 0.487413 -0.708731 -0.510029 104 59 62
-53 227.8 576.8 0.478629 -0.700938 -0.528773 111 61 62
-52 228 577.8 0.373084 -0.66619 -0.645755 108 53 56
-52 228.2 578.2 0.368069 -0.6661 -0.648718 106 51 54
-51 228.6 578.6 0.224009 -0.664829 -0.712616 106 51 54
-50 228.8 578.8 0.0900766 -0.66889 -0.737883 107 52 55
-49 228.6 578.6 -0.0119268 -0.669974 -0.742289 116 57 61
-48 228.4 578.4 -0.156203 -0.679359 -0.716988 125 62 70
-46 228 577.8 -0.326755 -0.689875 -0.645991 147 82 90
-43 227.8 576.8 -0.165354 -0.783439 -0.599067 167 100 109
-42 227.4 576.4 -0.0217919 -0.802373 -0.596424 173 106 115
-41 227.4 576.4 0.154473 -0.796425 -0.584676 185 115 123
-40 227.8 576.8 0.336904 -0.767292 -0.545672 189 119 127
-38 228 578 0.585102 -0.669606 -0.457475 198 127 131
-36 229 580 0.797596 -0.451147 -0.400383 183 108 112
-36 229.2 580.8 0.812716 -0.430144 -0.393025 203 128 132
-35 229.8 582.2 0.872497 -0.329915 -0.360422 215 140 144
-35 230.4 583.4 0.898243 -0.279471 -0.339199 220 148 151
-34 231 585 0.903755 -0.22942 -0.361376 214 144 146
-33.6 231.6 586.6 0.908767 -0.204847 -0.363566 161 109 111
-33 232.2 588.2 0.918444 -0.182785 -0.350785 92 76 77
-56 227.4 574.4 0.542876 -0.711136 -0.446735 54 38 38
-54.8 228 575.8 0.525126 -0.710918 -0.467802 87 56 54
-54 228 576 0.498541 -0.720041 -0.482698 100 60 61
-53 228 576.6 0.482495 -0.702708 -0.522878 109 59 60
-52 228.6 577.6 0.386059 -0.690418 -0.611786 102 50 52
-50 229 578.6 0.0664144 -0.670538 -0.738896 112 56 59
-49 229 578.2 -0.0228316 -0.691282 -0.722225 122 61 68
-48 229 578.2 -0.164055 -0.702607 -0.692408 127 64 72
-47 228.4 577.4 -0.305893 -0.687747 -0.658357 135 70 78
-47 228.2 577.2 -0.305893 -0.687747 -0.658357 141 76 84
-46 228.2 577.2 -0.339944 -0.695238 -0.633311 148 81 90
-45 228 576.6 -0.328773 -0.726571 -0.603326 156 89 98
-44 228 576.2 -0.261385 -0.757993 -0.597599 160 93 102
-43 228 575.8 -0.171448 -0.766439 -0.619013 172 102 112
-42 228 575.8 -0.0352912 -0.780895 -0.623665 178 108 118
-41.4 228 575.4 0.0457182 -0.765256 -0.6421 184 114 124
-41 228 575.4 0.131532 -0.756553 -0.640568 189 118 126
-40 228 576 0.290589 -0.7622 -0.578454 199 126 133
-39 228 576.6 0.447526 -0.721673 -0.528117 200 127 134
-38.8 228 576.8 0.478796 -0.710548 -0.515632 203 131 135
-38 228.4 577.4 0.580787 -0.656014 -0.482008 207 135 139
-37 228.4 577.4 0.677812 -0.581194 -0.450316 204 129 134
-35 230 581.6 0.887787 -0.312661 -0.337754 215 139 143
-34.8 230.8 583 0.904376 -0.271389 -0.32932 220 145 149
-34 231.6 584.6 0.913798 -0.228704 -0.335661 212 143 146
-33.4 232 586.4 0.910396 -0.205311 -0.359201 150 101 104
-55.8 227.8 573.8 0.547224 -0.718983 -0.428497 45 31 31
-54.2 228.2 575.2 0.518423 -0.723019 -0.456598 86 56 56
-54 228.6 575.6 0.509207 -0.72723 -0.460265 98 59 60
-52 229 576.8 0.431593 -0.718712 -0.545142 102 50 52
-51 229 577.6 0.280207 -0.721438 -0.633254 106 51 54
-50 229.6 578.6 0.095659 -0.701252 -0.706467 112 56 59
-50 229.2 578.2 0.0987758 -0.706366 -0.700921 115 59 62
-49 229.2 578.2 -0.0415244 -0.698029 -0.714864 119 58 63
-48.8 229.2 578 -0.0753752 -0.708034 -0.702144 124 63 68
-48 229.2 578 -0.176799 -0.70532 -0.686489 131 66 72
-47 229 577.2 -0.307355 -0.701322 -0.64318 137 72 80
-46 229 576.6 -0.358284 -0.70734 -0.609347 151 81 91
-45 228.8 575.8 -0.340645 -0.714591 -0.610999 163 91 102
-42 228.4 575.4 -0.0483227 -0.75873 -0.64961 181 110 118
-41.4 228.4 575.4 0.0783767 -0.744644 -0.662844 187 116 124
-40 228.4 575.4 0.285274 -0.710648 -0.643116 197 126 132
-39 228.8 575.8 0.452531 -0.670115 -0.588356 202 129 136
-38.2 229 576.2 0.563646 -0.62049 -0.545247 208 133 138
-37 229 577.2 0.698185 -0.554803 -0.452472 211 136 140
-36 229.8 578.8 0.826602 -0.414729 -0.380431 189 113 115
-35 230.8 581.2 0.896332 -0.294694 -0.331278 215 139 141
-34.6 231.2 582.8 0.911234 -0.264632 -0.315629 215 143 146
-33 233 586 0.923087 -0.181535 -0.339051 137 95 97
-55 228 573.4 0.546579 -0.733912 -0.403268 60 40 41
-54 228.2 574.2 0.521817 -0.734804 -0.433325 80 54 53
-52 229.4 576.4 0.423675 -0.733296 -0.531768 102 52 53
-51.6 229.6 576.6 0.363447 -0.753539 -0.5478 101 49 51
-50 230 577.6 0.127729 -0.754346 -0.643932 118 62 65
-49 230 577.2 -0.0292357 -0.764984 -0.643385 122 61 66
-48.2 230 577.2 -0.183093 -0.734786 -0.65312 126 65 70
-47 229.6 576.6 -0.310074 -0.714159 -0.62756 141 76 84
-46.2 229.2 576.2 -0.361134 -0.705367 -0.60995 150 80 90
-46 229.2 576.2 -0.363436 -0.70206 -0.612394 155 85 95
-45 229 575.6 -0.340477 -0.707924 -0.618804 168 95 106
-44 228.8 574.8 -0.238459 -0.704055 -0.668912 173 100 111
-43 228.8 574.8 -0.159101 -0.716353 -0.679357 175 102 109
-43 228.6 574.6 -0.159101 -0.716353 -0.679357 178 105 112
-42 228.6 574.6 -0.0373341 -0.724101 -0.688682 184 113 117
-41 228.4 574.4 0.109189 -0.698907 -0.706828 189 118 122
-40 228.8 574.8 0.288126 -0.670697 -0.683483 203 128 132
-38 229 575.6 0.578501 -0.587004 -0.566359 207 132 136
-37 229.2 576.2 0.672582 -0.53127 -0.515156 202 128 129
-36 230 578.4 0.829171 -0.401424 -0.389017 196 122 121
-35 231 580.8 0.898229 -0.288664 -0.331448 216 140 142
-34.2 232 582.2 0.918819 -0.238784 -0.314252 221 149 152
-55 228.4 572.4 0.534854 -0.76053 -0.368138 54 36 36
-53 229 575 0.491178 -0.744175 -0.452711 99 57 58
-53 229.2 575.2 0.488368 -0.745663 -0.453303 104 56 56
-51.4 230 576.4 0.347697 -0.76707 -0.539175 100 48 52
-50 230.4 577.4 0.119054 -0.764718 -0.633271 113 56 62
-50 230.2 577.2 0.106923 -0.771441 -0.627253 119 60 64
-49 230.2 577.2 -0.0186985 -0.771621 -0.635808 124 63 68
-47 229.8 575.8 -0.316677 -0.736085 -0.598243 143 78 86
-46 229.8 575.8 -0.359446 -0.710914 -0.604484 152 82 92
-46 229.6 575.6 -0.357421 -0.708469 -0.608541 156 86 96
-45 229.6 575.6 -0.342385 -0.701488 -0.62505 164 91 102
-44.6 229 574.6 -0.293186 -0.692418 -0.659242 170 97 108
-44 229 574.6 -0.231779 -0.703657 -0.671674 175 99 109
-43 229 574.4 -0.152845 -0.699689 -0.697907 181 109 112
-42 229 574.2 -0.00417229 -0.693253 -0.720682 188 116 119
-41 229 574.2 0.117053 -0.659322 -0.742693 193 121 124
-40 229 574.4 0.299534 -0.629231 -0.71718 196 124 125
-39 229 574.8 0.43247 -0.602619 -0.670686 199 127 128
-38 229.2 575.2 0.595479 -0.541022 -0.593886 202 128 129
-37 230 576.2 0.728241 -0.43998 -0.525435 195 124 122
-36 230.6 577.8 0.838542 -0.34359 -0.422839 199 128 124
-35.8 231 579 0.877898 -0.292327 -0.379262 210 139 135
-35 231.4 580.4 0.901797 -0.268932 -0.338285 217 143 142
-34 232 581.4 0.914556 -0.233511 -0.330243 216 146 146
-33 233.2 585.2 0.923973 -0.18675 -0.333763 113 77 79
-54 229 572.6 0.504138 -0.781425 -0.367722 66 45 44
-54 229.4 573.4 0.50633 -0.774437 -0.379312 86 54 55
-52.8 230 574.8 0.469846 -0.768477 -0.434381 99 58 54
-51 230 576 0.315699 -0.787321 -0.529584 106 52 52
-50 230.6 576.6 0.122495 -0.803444 -0.582642 114 55 57
-50 230.8 576.8 0.100581 -0.796778 -0.595843 122 60 63
-49 230.6 576.6 -0.0339671 -0.797563 -0.602278 128 63 67
-48 230.2 576.2 -0.210486 -0.759243 -0.615829 133 67 71
-48 230 575.8 -0.192841 -0.773831 -0.603322 137 71 75
-47 230 575.8 -0.318643 -0.734395 -0.599275 144 78 82
-46 230 574.8 -0.335978 -0.709426 -0.619543 156 87 92
-45 230 574.6 -0.299118 -0.675324 -0.674141 164 91 98
-44.6 230 574.6 -0.286674 -0.669322 -0.685439 172 97 104
-44 229.8 573.8 -0.213586 -0.647149 -0.731833 178 98 107
-43 229.8 573.8 -0.132125 -0.640277 -0.756695 181 102 108
-43 229.6 573.6 -0.124986 -0.638221 -0.75964 188 107 114
-42 229.4 573.4 0.00107513 -0.621942 -0.783062 185 108 114
-41 229.8 573.8 0.158669 -0.598285 -0.785417 189 112 118
-41 229.6 573.6 0.158669 -0.598285 -0.785417 197 121 123
-40 229.8 573.8 0.297518 -0.555451 -0.776503 202 126 128
-39.8 229.8 573.8 0.342732 -0.535421 -0.771919 205 127 127
-38 230 574.8 0.608985 -0.458881 -0.646967 198 120 120
-37 230.2 575.8 0.729207 -0.398047 -0.556611 195 123 124
-37 230.6 576.6 0.775019 -0.377351 -0.506905 193 125 126
-36 231 577.6 0.852355 -0.280518 -0.441363 198 132 133
-35.6 231.6 578.8 0.89286 -0.228455 -0.388084 202 138 139
-35 232.2 580 0.909235 -0.216875 -0.355325 209 145 146
-34 233 581.4 0.923881 -0.182228 -0.336506 209 147 148
-33 234 585 0.92898 -0.173065 -0.327177 107 71 71
-54 229.2 572.2 0.502201 -0.788789 -0.35441 57 39 37
-54 229.8 572.8 0.496002 -0.790315 -0.3597 79 51 50
-52 230 573.8 0.423719 -0.817826 -0.389388 99 58 54
-50 231 576.2 0.134037 -0.824821 -0.549276 121 59 62
-49 231 576.4 -0.0393473 -0.811374 -0.583202 127 62 66
-46 230.4 574.4 -0.330228 -0.68327 -0.651223 158 87 93
-45 230.4 574.4 -0.289882 -0.666228 -0.687101 165 90 97
-41 230 573.4 0.15563 -0.556856 -0.815899 188 112 116
-40 230 573.6 0.324449 -0.512893 -0.794779 198 122 124
-39.8 230 573.8 0.357889 -0.498445 -0.7896 198 120 118
-39 230 573.8 0.401181 -0.491805 -0.772775 194 116 114
-38 230.8 574.8 0.6351 -0.352619 -0.687247 188 113 110
-37 231 575.6 0.752093 -0.273289 -0.599724 198 127 125
-36 231.8 577 0.858193 -0.161653 -0.48721 200 134 135
-35.4 232 578.4 0.890555 -0.195489 -0.410727 206 140 141
-35 232.6 579.8 0.911615 -0.175157 -0.371857 214 150 150
-34 233.2 581.2 0.930631 -0.15301 -0.332435 205 143 144
-33 235 585 0.932023 -0.155148 -0.32751 101 69 72
-54 230 571.6 0.49558 -0.796955 -0.345346 47 32 29
-53 230 572.8 0.455282 -0.815106 -0.358218 87 54 49
-52 230.2 573.2 0.423785 -0.829032 -0.364845 99 58 54
-52 230.8 573.8 0.417047 -0.831616 -0.366725 99 53 53
-50 231.2 575.2 0.169511 -0.853429 -0.492875 116 56 58
-49.4 231.4 575.4 0.068578 -0.855439 -0.513343 121 59 62
-49 231.4 575.4 -0.0182415 -0.838029 -0.545321 126 61 65
-48 231.4 575.4 -0.1639 -0.805442 -0.569561 132 66 68
-48 231 574.8 -0.169238 -0.799717 -0.576031 135 69 71
-47 231 574.8 -0.27849 -0.755835 -0.592585 145 76 79
-46 231 574.4 -0.307593 -0.680636 -0.664921 153 82 86
-45 230.8 574 -0.272213 -0.634058 -0.723789 160 85 90
-44 230.4 573.4 -0.204092 -0.607681 -0.767509 166 90 94
-44 230 573 -0.197917 -0.611116 -0.766398 170 91 96
-43 230 573 -0.101888 -0.579184 -0.808804 174 98 102
-42 230 572.8 0.00854281 -0.547464 -0.836785 180 104 108
-41 230.2 573.2 0.169199 -0.500848 -0.848836 185 109 113
-40 230.2 573.2 0.317462 -0.472428 -0.82221 195 117 117
-39.4 230.4 573.4 0.393955 -0.454098 -0.799121 192 114 112
-39 230.8 573.8 0.459091 -0.371449 -0.807007 189 111 109
-38 231 574.4 0.622456 -0.320259 -0.71413 191 116 111
-37 231.4 575.4 0.746173 -0.226204 -0.626145 206 135 131
-36 232.2 577 0.8612 -0.139423 -0.488769 205 140 138
-35.4 233 578.4 0.899378 -0.112002 -0.42258 207 142 140
-35 233.2 580.2 0.918855 -0.130929 -0.372241 217 152 150
-34 234 581.2 0.930944 -0.121678 -0.344293 193 133 133
-53.2 230.2 571.2 0.45468 -0.817435 -0.353648 62 41 38
-51 231 574 0.342598 -0.853006 -0.393709 100 50 51
-51 231.4 574.4 0.32496 -0.854207 -0.405871 108 52 53
-48 231.6 574.6 -0.119276 -0.808523 -0.57625 128 62 64
-47 231.2 574.2 -0.249606 -0.75288 -0.60899 140 70 72
-46 231.2 574 -0.269071 -0.690503 -0.671421 149 77 78
-45 231 573.4 -0.252331 -0.625135 -0.738604 157 81 83
-44 231 573 -0.185532 -0.5891 -0.786473 167 88 91
-43 231 573 -0.0649574 -0.53833 -0.840227 170 96 97
-42.8 231 572.8 -0.0383021 -0.518109 -0.854457 172 98 99
-42 231 572.8 0.0544339 -0.478005 -0.876669 180 104 104
-41 231 572.8 0.190955 -0.433364 -0.880757 185 107 107
-40 231 573.2 0.344616 -0.398481 -0.849972 192 112 111
-39.4 231 573.4 0.430149 -0.344251 -0.834544 192 114 110
-39 231 573.4 0.450029 -0.336297 -0.827272 194 116 112
-38 231.4 574.4 0.621747 -0.264436 -0.737227 200 125 120
-38 231.6 574.6 0.649481 -0.227843 -0.725439 205 132 126
-37 232 575.4 0.767398 -0.142913 -0.625041 210 139 135
-37 232.2 576 0.808813 -0.121519 -0.575373 212 143 138
-36 232.8 577 0.858067 -0.0635929 -0.509585 212 144 141
-35.4 233.4 578.4 0.896377 -0.0686081 -0.437952 211 143 140
-35 234 580 0.914175 -0.0711339 -0.399029 216 151 149
-34 234.4 581.4 0.936236 -0.098664 -0.337236 178 122 123
-33 236 585 0.934386 -0.129477 -0.331903 88 76 80
-52 231 571.6 0.417106 -0.832383 -0.364913 93 53 51
-52 231.4 572.4 0.427165 -0.832621 -0.352523 97 53 52
-50 232 574 0.228267 -0.8748 -0.42734 114 54 56
-49 232 574 0.0944987 -0.858349 -0.504289 123 57 59
-48 232 574 -0.0680526 -0.824062 -0.562398 124 58 59
-47.6 232 573.6 -0.128029 -0.796303 -0.591194 132 62 64
-47 232 573.6 -0.188863 -0.763532 -0.617535 138 68 68
-46 232 573.4 -0.173239 -0.707899 -0.684739 152 78 77
-45 231.8 573 -0.168006 -0.633704 -0.755112 159 81 81
-44 231.4 572.6 -0.146204 -0.54971 -0.822462 163 83 84
-44 231.6 572.6 -0.132727 -0.54312 -0.829099 167 87 88
-43 231.4 572.4 -0.0307983 -0.483225 -0.874954 171 93 93
-42.4 231.4 572.4 0.0253825 -0.461964 -0.886535 173 97 97
-42 231.4 572.4 0.0932058 -0.412867 -0.90601 183 105 103
-41 231.6 572.6 0.262179 -0.310679 -0.913641 185 107 105
-41 231.8 572.8 0.291251 -0.285925 -0.912918 188 109 105
-39.2 232 573.2 0.493563 -0.199722 -0.846467 198 120 116
-39 232 573.4 0.530087 -0.17643 -0.829386 205 127 123
-38 232 574 0.632884 -0.139496 -0.761576 208 135 129
-38 232.4 574.4 0.661764 -0.112099 -0.741284 209 136 130
-36 233.2 577.2 0.861269 -0.0267807 -0.507443 211 146 142
-35.4 234 578.4 0.885221 -0.0151581 -0.464923 214 149 147
-35 234.8 580 0.9122 -0.0514368 -0.406505 210 146 146
-34 235 581.4 0.934068 -0.0833223 -0.347238 156 106 107
-53 231 570.4 0.446046 -0.820542 -0.357427 73 43 41
-52 231.2 571.2 0.409711 -0.834701 -0.367984 89 51 50
-52 231.6 571.6 0.409418 -0.836484 -0.364241 98 54 53
-51 232.2 573.2 0.344301 -0.857593 -0.382088 108 54 54
-47.6 232.6 573.6 -0.0819376 -0.810298 -0.580261 132 62 62
-47 232.4 573.4 -0.14552 -0.760593 -0.632711 141 70 68
-46 232.4 573.4 -0.142438 -0.707041 -0.692679 157 79 77
-45 232.2 572.6 -0.131598 -0.617601 -0.775404 161 80 79
-43 232 572.4 0.00824332 -0.465498 -0.88501 171 91 90
-42.4 232 572.4 0.0637378 -0.414321 -0.907896 176 98 96
-42 232 572.4 0.142427 -0.370315 -0.917922 184 105 101
-41 232 572.4 0.297851 -0.266297 -0.916718 187 108 104
-40 232 572.8 0.385064 -0.222746 -0.895606 201 122 118
-39.2 232.2 573.2 0.513705 -0.137831 -0.846823 209 131 127
-39 232.2 573.2 0.524567 -0.150975 -0.837876 214 139 134
-38 233 574 0.657973 -0.0509404 -0.751317 216 142 139
-37 233 575 0.762755 -0.0273982 -0.646107 217 149 146
-36 234 577.2 0.855937 0.0362462 -0.515809 212 148 146
-35.4 234.4 578.4 0.883775 -0.00743284 -0.467853 217 155 156
-35 235 579.8 0.910795 -0.0311275 -0.411684 195 137 136
-34 236 581.4 0.929755 -0.0538274 -0.364224 134 92 96
-51.6 232 570.6 0.402761 -0.835856 -0.372999 99 58 56
-50.2 232.2 572.2 0.310047 -0.864905 -0.394728 111 60 59
-50 232.2 572.2 0.298874 -0.859332 -0.414997 118 59 61
-49 232.4 572.4 0.187632 -0.867324 -0.461024 124 62 63
-48 232.6 572.6 0.0669349 -0.832698 -0.549667 129 61 60
-47 232.6 572.6 -0.0490679 -0.772252 -0.633419 146 72 69
-46 232.6 572.6 -0.0868585 -0.705999 -0.702866 153 75 73
-45 232.4 572.4 -0.0876433 -0.613578 -0.784755 163 80 76
-44 232 572 -0.0829039 -0.523352 -0.848074 166 83 79
-43 232.2 572.2 0.0238554 -0.452792 -0.891297 174 93 90
-42.2 232.2 572.2 0.121756 -0.349322 -0.929059 181 101 100
-42 232.2 572.2 0.161882 -0.344117 -0.924866 188 107 104
-41 232.4 572.4 0.315346 -0.232742 -0.919993 192 111 108
-41 232.8 572.8 0.345092 -0.191691 -0.918785 197 118 113
-40 232.8 572.8 0.449333 -0.132407 -0.883498 207 130 124
-39.2 233 573.2 0.516006 -0.0896529 -0.851881 217 142 137
-38 233.6 574.6 0.715734 0.0161821 -0.698186 214 146 145
-37 234 575.4 0.796258 0.0423603 -0.603473 216 151 149
-37 234.2 576.2 0.817909 0.0553325 -0.572681 211 149 150
-36 235 577.2 0.848917 0.0529768 -0.525864 213 153 153
-35.8 235 578.8 0.881259 0.00211104 -0.472629 210 154 157
-34 236.4 581.4 0.930064 -0.0451159 -0.364616 118 86 91
-53 231.6 568.8 0.421845 -0.826194 -0.37343 51 27 25
-50 232.8 571 0.327794 -0.843381 -0.425746 112 61 60
-48 233 572.2 0.157886 -0.8369 -0.524089 138 70 69
-47 233 572.2 -0.00661522 -0.778979 -0.627015 143 72 70
-46 233 572.4 -0.0273586 -0.717135 -0.696397 154 76 72
-45 233 572 -0.019413 -0.635339 -0.771989 167 82 79
-44 233 572 0.0195947 -0.550879 -0.834355 171 86 83
-43 233 572 0.129562 -0.430293 -0.893343 175 94 91
-42.2 233 572.2 0.207263 -0.305477 -0.929368 184 105 101
-42 233 572.2 0.237268 -0.279189 -0.930461 193 112 108
-41 233 572.2 0.366999 -0.188568 -0.910908 199 118 114
-40 233 573 0.467506 -0.115416 -0.876423 211 136 131
-39 233 573 0.516006 -0.0896529 -0.851881 222 149 143
-39 233.8 573.8 0.597917 -0.0227004 -0.801237 220 149 147
-38 234 574 0.69085 0.00564053 -0.722976 214 146 143
-37 234.6 575.6 0.809888 0.0575196 -0.583757 214 150 150
-36 236 578 0.853883 0.0488285 -0.518169 210 154 155
-35 236 580 0.902998 -0.00204856 -0.429639 140 91 95
-34 237 581.4 0.92781 -0.0273758 -0.372046 106 76 84
-52 232 568.4 0.397241 -0.827106 -0.397611 68 44 42
-51 232 568.4 0.37506 -0.830513 -0.411798 89 58 55
-51 232.4 569.4 0.363459 -0.83516 -0.412801 103 62 60
-49 233 570.6 0.287764 -0.84771 -0.445622 131 67 65
-48.2 233.2 571.2 0.227314 -0.842092 -0.489091 139 69 69
-48 233.2 571.2 0.218794 -0.844994 -0.487971 140 71 66
-47 233.8 571.8 0.111587 -0.784066 -0.610564 152 79 73
-46 233.8 571.8 0.0568969 -0.710048 -0.701851 155 80 75
-45.8 233.8 571.8 0.0477156 -0.707614 -0.704987 161 83 79
-45 233.8 571.8 0.100796 -0.630319 -0.769765 168 87 84
-44 233.8 571.8 0.111581 -0.51481 -0.850012 181 93 92
-43 233.8 571.8 0.22789 -0.429192 -0.873991 182 99 95
-41 234 572.2 0.437523 -0.161462 -0.884593 203 126 120
-40 234 573 0.523802 -0.081601 -0.847923 213 135 133
-39.2 234 573.2 0.580055 -0.0300862 -0.814022 220 145 142
-39 234.8 573.8 0.656795 0.0073544 -0.754034 220 146 145
-38 235 574.6 0.744462 0.0586048 -0.665088 213 145 142
-37 235 575.6 0.804973 0.0659209 -0.589638 218 150 147
-37 235.8 576.8 0.830417 0.0726075 -0.552391 216 148 149
-36 236.2 578.2 0.853883 0.0488285 -0.518169 209 147 150
-35 237 580.2 0.900119 0.00624423 -0.435599 98 78 80
-50 233 569.4 0.345929 -0.835936 -0.42608 110 62 60
-49 233.2 570.2 0.309332 -0.833157 -0.458436 131 70 67
-48 233.6 570.6 0.272416 -0.822489 -0.499301 136 68 67
-45.6 234 571.6 0.074628 -0.69044 -0.71953 166 85 81
-43 234 571.2 0.268784 -0.469764 -0.840879 185 100 95
-42 234 571.4 0.368113 -0.301073 -0.879686 201 121 114
-41 234.2 572.2 0.47835 -0.183582 -0.858766 205 126 122
-40 235 573 0.579443 -0.0748642 -0.811567 209 133 133
-39.2 235 573.2 0.635226 -0.027475 -0.771838 214 138 140
-39 235 574 0.6724 0.0155095 -0.740025 216 142 143
-38 235.6 574.6 0.748085 0.0710928 -0.659784 217 149 148
-37 236 576.2 0.813029 0.07581 -0.577267 210 146 144
-37 236.2 577.2 0.833929 0.0762737 -0.546575 207 145 146
-36 237 578 0.844407 0.0635618 -0.531918 176 121 126
-35 238 580.2 0.891241 0.0252563 -0.452827 89 77 81
-52 233 567.4 0.392417 -0.82303 -0.410646 45 34 30
-51 233 568 0.379529 -0.821903 -0.424775 71 50 45
-51 233.2 568.2 0.366491 -0.824405 -0.431325 94 60 58
-50 233.6 568.6 0.352645 -0.828703 -0.434617 107 61 61
-48 234 570.2 0.300151 -0.821227 -0.485279 134 70 68
-47 234 570.8 0.213059 -0.794693 -0.568391 157 82 76
-46 234 570.8 0.185428 -0.730629 -0.657113 164 85 80
-45 234 570.8 0.168974 -0.659654 -0.732328 180 92 90
-44 234 570.8 0.187578 -0.577933 -0.794234 183 95 94
-44 234.2 571 0.196502 -0.568299 -0.799014 187 97 97
-43 234.2 571 0.285767 -0.484648 -0.826712 187 102 97
-42 234.6 571.6 0.407212 -0.329922 -0.851663 200 119 115
-41 235 572.2 0.530487 -0.159266 -0.832597 207 133 132
-40 235.2 573.2 0.620065 -0.0518771 -0.782834 204 132 133
-39.2 235.2 573.2 0.636581 -0.0192985 -0.770969 206 131 135
-39 236 574.2 0.728243 0.0322951 -0.684557 206 134 137
-38 236 574.6 0.751723 0.0654331 -0.656225 211 143 142
-38 236.6 575.6 0.786423 0.0853395 -0.611765 209 145 145
-37 237 576.2 0.804785 0.0954164 -0.585847 212 152 151
-36 237.2 578.2 0.844407 0.0635618 -0.531918 131 89 93
-51 233.4 567.4 0.373667 -0.82453 -0.42488 60 41 37
-49.6 234 568.6 0.349867 -0.827632 -0.438882 120 66 66
-48 234.2 569.2 0.326905 -0.815207 -0.478091 137 72 70
-44 235 570.8 0.317967 -0.587999 -0.743743 182 99 95
-43 235 571 0.400995 -0.452918 -0.796284 187 107 100
-42 235 571.4 0.459878 -0.358041 -0.8126 190 111 106
-41 235.2 572.2 0.555818 -0.18813 -0.809737 200 126 123
-41 235.4 572.4 0.57682 -0.169904 -0.799007 202 131 127
-40 236 573.2 0.642762 -0.0624647 -0.763515 203 132 130
-39.4 236 573.4 0.66731 -0.0215836 -0.744467 206 135 133
-39 236.4 574.4 0.73388 0.0342505 -0.678416 209 138 136
-38 237 575 0.759488 0.0695135 -0.646797 209 140 135
-37 237.8 576.8 0.815406 0.0891874 -0.571978 189 133 132
-36 238 578 0.840913 0.0690039 -0.536753 98 67 73
-51 234 567.2 0.378813 -0.826176 -0.417053 77 47 47
-50 234 567.8 0.358774 -0.827172 -0.432513 106 61 64
-49 234 567.8 0.34861 -0.816626 -0.459993 122 67 70
-48 234.6 568.6 0.358151 -0.788246 -0.500396 135 67 66
-48 234.8 568.8 0.353999 -0.792659 -0.496363 148 74 73
-46.6 235 569.6 0.341613 -0.772718 -0.534983 160 83 77
-45 235 569.8 0.317908 -0.685567 -0.654929 173 94 87
-44 235.2 570.2 0.335874 -0.594214 -0.73082 181 104 96
-44 235.6 570.6 0.342675 -0.601227 -0.721872 184 107 101
-43 235.6 570.8 0.456135 -0.479647 -0.749586 185 110 104
-42 236 571.4 0.549476 -0.329102 -0.767963 189 114 109
-41 236 572.4 0.608856 -0.171417 -0.774539 192 118 115
-40 236.4 573.4 0.673118 -0.0365432 -0.738632 199 128 124
-39.4 236.4 573.4 0.686299 -0.0178137 -0.727101 208 135 128
-39 237 574.4 0.73508 0.0482524 -0.676261 211 138 132
-38 237.2 575.2 0.780473 0.0813768 -0.61987 207 140 132
-38 237.8 575.8 0.790275 0.0814553 -0.607314 181 122 118
-37 238 576.8 0.815406 0.0891874 -0.571978 139 91 87
-37 238.6 577.6 0.820233 0.0879065 -0.565234 108 72 74
-36 239 578.6 0.850147 0.074196 -0.521291 92 71 76
-50.8 234.8 566.8 0.368842 -0.827944 -0.42245 56 32 32
-47 235 568.8 0.358149 -0.775456 -0.519997 154 79 76
-46 235 569 0.34188 -0.74049 -0.578613 158 83 77
-46 235.2 569.2 0.335708 -0.747994 -0.572543 164 87 81
-45 235.2 569.2 0.358193 -0.691957 -0.626812 173 96 88
-45 235.8 569.8 0.381368 -0.685664 -0.620019 180 103 95
-43 236.2 570.8 0.468468 -0.488943 -0.735848 178 105 99
-42 236.4 571 0.565528 -0.358106 -0.742926 187 112 109
-41 236.6 571.8 0.631567 -0.21164 -0.745877 194 118 118
-41 237 572.4 0.637683 -0.191589 -0.746093 192 121 117
-40 237.2 573.2 0.700689 -0.0432821 -0.712153 195 126 121
-39.6 237.6 573.6 0.713799 0.000904875 -0.70035 196 129 121
-38 238 574.8 0.772408 0.0707751 -0.631171 165 108 101
-37 238.2 576 0.807686 0.0894349 -0.582791 100 69 67
-37 239 577 0.817972 0.0846816 -0.56899 86 67 69
-50 235 566.4 0.379213 -0.813803 -0.440366 56 36 35
-48 235 567 0.359933 -0.783528 -0.50649 126 72 70
-47 235.8 567.8 0.377014 -0.754666 -0.536973 147 79 76
-45 236 568.8 0.397814 -0.696903 -0.596716 166 96 88
-44 236 569.4 0.398013 -0.613135 -0.682386 176 102 93
-43.6 236.2 569.8 0.449186 -0.57058 -0.68751 179 102 96
-43 236.4 570 0.47985 -0.507494 -0.715677 182 107 104
-42 236.6 570.8 0.570413 -0.378079 -0.729167 181 105 105
-40 237.6 572.8 0.704301 -0.0825887 -0.705081 190 129 126
-39 238 573.4 0.737594 -0.00238668 -0.67524 168 113 110
-39 238.2 574.2 0.742316 0.0276751 -0.669478 143 95 93
-38 238.6 574.8 0.77212 0.0720856 -0.631375 113 78 76
-49 235 566 0.358816 -0.801635 -0.478155 49 33 33
-49 235.2 566.2 0.358816 -0.801635 -0.478155 81 51 49
-48 235.8 566.8 0.383636 -0.773983 -0.50376 104 63 61
-48 236 567 0.384741 -0.777165 -0.497985 117 68 64
-46 236 567.8 0.389304 -0.733962 -0.556545 144 83 78
-45 236.2 568.2 0.401259 -0.692167 -0.599913 159 92 86
-45 236.4 568.4 0.400187 -0.704759 -0.585803 168 97 93
-42 237 570 0.569615 -0.415435 -0.709192 181 105 107
-42 237.2 570.8 0.568369 -0.388897 -0.725063 184 105 108
-41 237.2 570.8 0.644338 -0.250181 -0.72266 180 105 109
-41 237.6 571.8 0.649876 -0.234301 -0.723024 168 106 107
-40 237.8 572.2 0.687231 -0.0977984 -0.719825 151 97 97
-39 238.4 573.2 0.747549 0.000971389 -0.664206 121 80 78
-39 238.6 573.6 0.741627 -0.00118986 -0.670812 98 68 68
-38 239 574.4 0.774193 0.0638481 -0.629721 85 69 70
-47.4 236 566.4 0.379612 -0.772918 -0.508422 75 69 71
-47 236 566.4 0.374808 -0.751579 -0.542815 94 74 76
-46 236.2 567.2 0.391682 -0.731107 -0.55863 110 79 77
-45 236.8 567.8 0.398294 -0.704351 -0.587581 143 85 81
-43 237 568.6 0.496247 -0.540161 -0.67968 170 92 88
-43 237.4 569 0.500018 -0.548176 -0.670437 169 96 90
-41 238 570.8 0.648627 -0.256833 -0.716463 119 94 90
-40.6 238 570.8 0.654226 -0.251636 -0.713209 89 84 80
-46 237 566.6 0.405983 -0.734581 -0.543662 84 74 75
-45 237 567 0.40684 -0.701654 -0.584947 93 79 78
-44.2 237 567.2 0.422755 -0.667138 -0.613355 100 80 81
-44 237 568 0.439986 -0.639572 -0.630365 101 80 77
-43 237.2 568.2 0.50476 -0.541679 -0.672162 104 78 77
-43 237.6 568.8 0.508839 -0.551248 -0.661217 101 75 74
-42 237.6 568.8 0.574053 -0.43934 -0.690973 97 76 75
-42 238 569.6 0.581058 -0.43079 -0.6905 84 74 72
