ply
format ascii 1.0
comment Created by Open3D
element vertex 3718
property double x
property double y
property double z
property double nx
property double ny
property double nz
property uchar red
property uchar green
property uchar blue
end_header
-50.5 171.25 639 0.581381 -0.420053 -0.696815 174 97 89
-49.5 171.75 641 0.612554 -0.411568 -0.674825 177 100 92
-47.75 172.25 643.25 0.638533 -0.45779 -0.61863 177 100 90
-47.75 172.75 644.25 0.632261 -0.477566 -0.610063 179 102 92
-51.25 171.75 638.5 0.508709 -0.425043 -0.748701 173 96 86
-50.75 171.75 639.25 0.581381 -0.420053 -0.696815 174 97 87
-49.75 172 640 0.617523 -0.412433 -0.669749 174 97 87
-49.5 172 641 0.612554 -0.411568 -0.674825 175 98 88
-48.75 172.75 642 0.641066 -0.419709 -0.642557 174 100 87
-47.75 173 643 0.64026 -0.466362 -0.610388 175 101 88
-47.75 173.25 644 0.635792 -0.479709 -0.604688 177 103 90
-51.75 172.5 638.5 0.434325 -0.427496 -0.792849 170 93 83
-51.25 172.5 639 0.532601 -0.412458 -0.739063 174 98 85
-50.75 173 639.75 0.592086 -0.424728 -0.684865 174 98 85
-49.75 173 640.25 0.621385 -0.414312 -0.665001 174 98 85
-49.75 173.25 641.25 0.644021 -0.413107 -0.643879 175 99 86
-48.75 173.25 642 0.641356 -0.437669 -0.630166 173 101 87
-48 173.5 643.25 0.64026 -0.466362 -0.610388 173 101 87
-47.75 173.75 644 0.630092 -0.491731 -0.600986 174 102 88
-55 172.5 637.25 0.17543 -0.552229 -0.815026 163 91 79
-54.75 173 637.75 0.196015 -0.536821 -0.820611 164 92 80
-53.75 173 637.75 0.268071 -0.520545 -0.810661 165 91 80
-53 173 637.75 0.314989 -0.506464 -0.802668 167 93 82
-52.75 173 637.75 0.33628 -0.498995 -0.798699 167 93 80
-51.75 173 638.75 0.445963 -0.438213 -0.78044 168 94 81
-51 173.25 639 0.548266 -0.408991 -0.729473 173 97 84
-50.75 173.25 639.75 0.602235 -0.41391 -0.682636 174 98 85
-49.75 173.5 640.5 0.629295 -0.419711 -0.654087 172 98 85
-49.25 173.75 641.25 0.65053 -0.418738 -0.633616 173 99 86
-48.75 174.25 642 0.643969 -0.45576 -0.614481 173 101 86
-48 174.5 643 0.632212 -0.496185 -0.595071 174 102 87
-47.75 174.5 643.75 0.631368 -0.507565 -0.586304 175 103 88
-70.75 174.25 640.25 -0.385592 -0.145221 -0.911169 84 56 52
-69.75 174.25 640 -0.412131 -0.143763 -0.899711 87 58 54
-63.75 173.75 637.75 -0.285451 -0.602523 -0.745308 122 72 61
-60 173.5 637.5 -0.0428329 -0.667134 -0.743705 143 81 70
-59.25 173.5 637.5 -0.00214987 -0.657595 -0.753369 148 82 70
-58.75 173.5 637.25 0.0163306 -0.657378 -0.753384 153 83 73
-58 173.5 637.5 0.0602378 -0.65342 -0.754595 157 84 75
-57.25 173.5 637.75 0.103525 -0.619764 -0.77793 158 85 76
-56.75 173.5 637.75 0.114186 -0.592044 -0.797775 159 86 77
-56 173.25 637.75 0.151789 -0.581704 -0.799112 159 86 77
-55 173.25 637.75 0.176081 -0.552983 -0.814374 160 88 76
-54.75 173.5 638 0.20508 -0.542255 -0.814801 162 90 78
-53.75 173.5 637.75 0.266556 -0.532471 -0.803382 165 93 81
-53 173.5 638.5 0.346918 -0.488547 -0.800606 166 94 82
-52.75 173.5 638.5 0.378395 -0.472101 -0.796202 169 95 82
-51.75 173.5 638.75 0.463537 -0.439683 -0.769293 170 96 83
-51 173.5 639 0.542694 -0.416696 -0.729279 171 97 84
-50.75 173.75 639.5 0.572544 -0.407294 -0.711551 171 97 84
-50 174.25 640.25 0.640711 -0.411063 -0.648473 172 98 85
-49 174.5 641.25 0.645586 -0.446104 -0.619847 172 98 85
-48.75 174.75 641.75 0.645798 -0.450439 -0.616482 174 100 87
-48 174.75 642.75 0.636319 -0.495993 -0.590837 177 103 90
-47.25 174.75 643.5 0.628593 -0.527415 -0.571581 177 103 90
-73.5 174.75 640.5 -0.341866 -0.219021 -0.913869 69 59 50
-73 174.75 640.75 -0.346649 -0.20843 -0.914544 68 58 49
-72.25 174.75 640.5 -0.359609 -0.184615 -0.914658 70 57 49
-71.5 175 640.25 -0.366118 -0.176409 -0.913694 73 58 51
-70.75 175.25 640.25 -0.372507 -0.161518 -0.913865 72 58 47
-69.75 174.5 640 -0.412131 -0.143763 -0.899711 79 61 51
-69 174.75 639.5 -0.419481 -0.157445 -0.894006 83 63 52
-68.75 174.75 639.75 -0.423559 -0.163541 -0.890984 90 66 56
-68 174.5 639 -0.459493 -0.228599 -0.858259 91 67 55
-67 174.5 639 -0.474227 -0.304771 -0.825968 93 65 54
-66 174 638.25 -0.431509 -0.409803 -0.803655 98 68 57
-65.75 174 638 -0.427362 -0.444087 -0.787495 101 67 57
-65 174 637.5 -0.381179 -0.503934 -0.775083 106 68 55
-64 174 637.25 -0.310683 -0.55767 -0.769727 111 69 57
-63.5 174 637.25 -0.260427 -0.594389 -0.760841 119 71 57
-63 174 637 -0.227889 -0.592729 -0.772489 126 74 61
-62 174 637 -0.164034 -0.63887 -0.751624 129 76 62
-61 174 636.5 -0.091884 -0.656467 -0.748738 132 76 63
-60 174 637 -0.0386098 -0.661208 -0.749208 140 80 69
-59 174 637.25 0.00484095 -0.651049 -0.759021 149 83 71
-58 174 637.5 0.0626514 -0.653197 -0.754591 152 84 73
-57 174 637.5 0.112695 -0.6186 -0.777582 153 85 74
-56.75 173.75 637.25 0.119282 -0.616975 -0.777891 153 85 74
-56 173.75 637.5 0.149077 -0.576392 -0.80346 157 87 77
-55 173.75 637.5 0.180793 -0.564841 -0.805151 158 88 76
-54.75 173.75 637.5 0.196834 -0.540883 -0.817742 160 88 76
-54 174.25 637.5 0.247652 -0.534494 -0.808074 161 89 75
-53 174.25 638 0.339802 -0.511713 -0.789104 167 95 81
-52.75 174.5 638.5 0.376344 -0.48186 -0.791313 170 98 84
-52 174.5 638.5 0.452338 -0.469992 -0.757956 169 97 83
-51 174.5 638.75 0.531504 -0.440759 -0.723349 170 97 82
-50.75 174.75 639.25 0.548084 -0.429539 -0.717705 172 99 84
-50 174.75 640.25 0.648155 -0.408327 -0.642778 174 98 84
-49 174.75 640.75 0.651257 -0.44361 -0.61569 175 99 85
-48.75 175.25 641.5 0.64737 -0.463811 -0.604807 175 101 88
-47 175.75 643.25 0.619301 -0.560181 -0.550149 176 104 90
-74 175.25 640 -0.332728 -0.234957 -0.913284 67 57 48
-73.25 175.5 640.25 -0.339114 -0.22559 -0.913297 68 58 49
-73 175.5 640.75 -0.341898 -0.221691 -0.913213 71 58 50
-72.5 175.75 640.5 -0.341898 -0.221691 -0.913213 70 57 49
-71.5 175.25 640.5 -0.359609 -0.184615 -0.914658 72 57 50
-70.75 175.5 640.75 -0.368839 -0.166641 -0.914433 72 58 47
-70 175.5 640.25 -0.388019 -0.152883 -0.908883 78 60 50
-69 175.5 639.75 -0.421177 -0.158877 -0.892954 81 63 51
-68.75 175.5 640 -0.426475 -0.155994 -0.890946 87 65 54
-68 175 639 -0.465638 -0.227602 -0.855207 90 66 54
-67 175 638.25 -0.486698 -0.342296 -0.803716 94 66 55
-66 175 638.25 -0.464697 -0.381286 -0.799173 97 67 56
-65.75 174.75 637.5 -0.46591 -0.408615 -0.784832 100 66 56
-65 174.75 637.5 -0.403898 -0.475626 -0.781439 106 68 57
-64 174.75 637.25 -0.324073 -0.536942 -0.77889 111 68 59
-63.5 174.75 637.25 -0.292298 -0.556286 -0.777886 117 71 58
-63 174.75 637 -0.235037 -0.582189 -0.77834 122 72 61
-62 174.75 637 -0.171961 -0.629211 -0.757973 126 74 61
-61 174.5 636.5 -0.0888483 -0.656367 -0.749191 129 75 63
-60 174.75 637 -0.0387929 -0.655482 -0.754214 137 79 68
-59 174.75 637 0.00781162 -0.669235 -0.74301 149 82 73
-58 174.75 637.25 0.0697473 -0.651639 -0.755316 150 83 74
-57 174.75 637.25 0.119401 -0.625294 -0.771201 151 84 75
-56.75 174.75 637.5 0.123695 -0.620448 -0.774431 152 84 73
-56 174.75 637.25 0.145296 -0.608541 -0.780107 153 85 74
-55 174.75 637.25 0.190781 -0.59078 -0.783952 156 86 76
-54.75 174.75 637.75 0.201516 -0.567225 -0.798528 157 87 77
-54 174.75 637.75 0.269092 -0.561119 -0.782774 162 90 78
-53 174.75 637.75 0.326644 -0.513145 -0.793717 167 95 83
-52.75 174.75 638 0.336257 -0.52097 -0.784552 169 97 83
-52 174.75 638.5 0.475299 -0.469452 -0.744113 169 97 83
-51 175 638.75 0.531319 -0.447883 -0.719097 171 97 84
-50.75 175 639.25 0.554836 -0.439033 -0.706687 172 98 85
-50 175.5 640 0.637206 -0.430162 -0.639476 174 98 84
-49 175.75 641 0.643567 -0.472522 -0.602116 173 97 83
-48 175.75 642 0.630115 -0.511524 -0.584207 176 102 89
-47 176 642.5 0.616754 -0.559897 -0.55329 175 103 89
-73.25 176.25 640.25 -0.331483 -0.240574 -0.912274 67 57 47
-72.75 176.5 640.75 -0.336757 -0.232674 -0.912391 70 57 48
-72.5 176 641 -0.341898 -0.221691 -0.913213 71 57 48
-71.5 176.25 640.75 -0.342741 -0.218329 -0.913708 72 58 49
-70.75 176.5 640.25 -0.357306 -0.19179 -0.914083 74 57 49
-70 175.75 639.75 -0.384672 -0.155489 -0.909863 76 59 51
-69 175.75 639.75 -0.429899 -0.169323 -0.886858 80 62 52
-68.5 176 639.25 -0.466201 -0.194397 -0.863057 83 63 54
-68 175.75 638.75 -0.494845 -0.25629 -0.830327 87 65 54
-67 175.75 638.25 -0.508269 -0.322513 -0.798529 93 66 57
-66 175.75 638 -0.498681 -0.366317 -0.785576 95 67 56
-65.75 175.5 637.25 -0.473355 -0.402255 -0.783662 99 66 57
-65 175.25 637 -0.412982 -0.469133 -0.780615 104 68 56
-64 175 636.75 -0.331233 -0.535426 -0.776919 109 69 59
-63 175 636.5 -0.247242 -0.575542 -0.779502 120 72 60
-62 175 636.5 -0.187699 -0.604224 -0.774392 124 75 61
-61 175 636.25 -0.0933329 -0.645047 -0.758422 131 77 65
-60 175 636 -0.0590466 -0.675624 -0.734878 134 77 66
-59 175 636 -0.0088979 -0.686073 -0.727478 141 78 69
-58.75 175 636 0.00779914 -0.686936 -0.726676 146 82 73
-58 175 636.5 0.0564599 -0.693237 -0.718494 149 85 76
-57 175 636.5 0.0886298 -0.686805 -0.721418 150 86 77
-56.5 175.25 636.75 0.129709 -0.661341 -0.738785 153 86 77
-56 175.25 636.75 0.140455 -0.660405 -0.737657 153 86 77
-55 175.25 636.75 0.188979 -0.630909 -0.752489 154 86 75
-54.75 175.25 637 0.204696 -0.620175 -0.757286 156 88 77
-54 175.5 637.25 0.26459 -0.586592 -0.765443 161 91 79
-53 175.5 637.25 0.323569 -0.567941 -0.7568 164 94 82
-52.5 175.5 637.25 0.335492 -0.546969 -0.766988 168 96 82
-52 175.75 638 0.455139 -0.517977 -0.724257 169 97 83
-51 175.75 638.25 0.510057 -0.496107 -0.702652 170 98 84
-50.75 176 638.75 0.538661 -0.483432 -0.690027 171 99 85
-50 176 639.25 0.615648 -0.459541 -0.640156 171 98 83
-49 176 640 0.627363 -0.504528 -0.593184 170 97 82
-48.75 176.25 640.75 0.628845 -0.515844 -0.581772 175 103 89
-48 176.25 641 0.614496 -0.549114 -0.566453 175 103 89
-47 176.75 642 0.600895 -0.591008 -0.538178 175 103 89
-73.25 176.75 640.25 -0.321072 -0.251179 -0.913138 69 56 48
-72.75 177 640.75 -0.321072 -0.251179 -0.913138 70 57 49
-72.25 177 641 -0.3326 -0.236602 -0.912906 71 57 48
-71.75 177 640.25 -0.338661 -0.225834 -0.913404 73 59 50
-70.75 176.75 640.25 -0.352919 -0.206506 -0.912581 75 58 50
-70 176.75 639.75 -0.367808 -0.191092 -0.910055 76 59 51
-69 176.75 639.75 -0.434547 -0.192539 -0.879828 81 62 55
-68.25 176.25 639 -0.494874 -0.22654 -0.838916 81 61 54
-68 176.25 639 -0.507591 -0.24977 -0.824601 85 63 52
-67 176 638 -0.517944 -0.329776 -0.789292 92 65 56
-66 176 638 -0.498681 -0.366317 -0.785576 93 65 54
-65.75 176 637 -0.483726 -0.408548 -0.774014 98 65 56
-65 176 637 -0.453894 -0.432901 -0.77883 104 68 56
-64 176 636.75 -0.372225 -0.492213 -0.786877 109 69 59
-60 175.75 636 -0.0652447 -0.687263 -0.723473 131 78 64
-59 175.75 636 -0.0136913 -0.698137 -0.715833 139 79 69
-58.75 175.75 636 0.00629757 -0.695598 -0.718404 145 82 73
-58 175.75 636 0.0465667 -0.697221 -0.715343 149 85 76
-56.5 176 636.5 0.137943 -0.683172 -0.71711 152 88 78
-54.5 176 636.5 0.213975 -0.646197 -0.73256 156 88 77
-53 176 637 0.329993 -0.586132 -0.739969 163 93 81
-52.25 176 637 0.36402 -0.572038 -0.735025 168 96 82
-52 176 637.5 0.426116 -0.541978 -0.724352 170 98 84
-51 176 637.5 0.501547 -0.535921 -0.679147 170 98 84
-50.5 176.5 638.5 0.551508 -0.501055 -0.66692 171 99 85
-50 176.5 638.5 0.581141 -0.498713 -0.643087 172 99 84
-48.75 177 640 0.597063 -0.572172 -0.562258 174 102 88
-48 177 640.75 0.601947 -0.571019 -0.558209 175 103 89
-47 177 641.25 0.582685 -0.611723 -0.535045 175 103 89
-47 177.25 642 0.587511 -0.605635 -0.53669 175 103 89
-46 177.75 642.75 0.555818 -0.64821 -0.52047 176 104 90
-73.25 177.25 640.25 -0.307532 -0.270227 -0.91236 69 56 48
-72.5 177.75 640.5 -0.307532 -0.270227 -0.91236 71 56 49
-72 177.75 640.75 -0.316648 -0.258071 -0.912761 71 56 49
-71.75 177.5 640.5 -0.33404 -0.239475 -0.91163 73 58 51
-70.75 177.5 640.25 -0.35144 -0.22022 -0.909941 73 59 50
-70 177.25 639.75 -0.374575 -0.196796 -0.906071 76 59 51
-69 177 639.5 -0.438606 -0.196463 -0.876942 79 62 54
-68.25 177 639 -0.519429 -0.262637 -0.813151 80 60 53
-68 177 638.75 -0.531738 -0.274496 -0.801191 81 61 50
-67 177 638 -0.536988 -0.337009 -0.773349 88 64 54
-66 177 637.75 -0.514878 -0.372378 -0.772163 92 64 53
-65.75 176.75 637 -0.505588 -0.393207 -0.767964 98 65 56
-65 176.75 636.5 -0.452051 -0.425234 -0.784108 104 68 56
-64 176.25 636 -0.377609 -0.489307 -0.786123 109 69 59
-63 176 635.75 -0.274697 -0.553549 -0.786209 119 73 60
-62 176 635.75 -0.202779 -0.611518 -0.764805 121 75 60
-61 176 635.5 -0.141439 -0.653593 -0.743512 126 77 63
-60 176 635.5 -0.0791253 -0.681635 -0.727402 133 80 66
-59 176 635.5 -0.0252492 -0.713637 -0.70006 140 80 70
-58.25 176 635.25 0.0118073 -0.726341 -0.687233 143 80 71
-58 176 635.25 0.0437007 -0.734408 -0.6773 147 83 74
-57 176 635.5 0.0918603 -0.70254 -0.705691 149 85 76
-56 176 635.5 0.152997 -0.700146 -0.697415 150 86 76
-55 176 636 0.183676 -0.666517 -0.722509 156 90 78
-54 176 636 0.266948 -0.643098 -0.717749 157 91 79
-54 176.25 636.25 0.280576 -0.648452 -0.707664 159 91 78
-53 176.25 636.25 0.332719 -0.609889 -0.719258 162 92 80
-52 176.5 636.5 0.389368 -0.60512 -0.694422 166 97 82
-52 176.75 636.75 0.405136 -0.605996 -0.684568 170 98 84
-50 177 637.75 0.51908 -0.600225 -0.608511 170 98 84
-49 177 638.5 0.564589 -0.611602 -0.554241 174 101 86
-48.25 177.25 639.25 0.56958 -0.624273 -0.534661 173 101 87
-48 177.5 639.75 0.570763 -0.630036 -0.526578 174 102 88
-46.75 178 641 0.539834 -0.658394 -0.524496 177 105 91
-46 178 642 0.54382 -0.654358 -0.525429 176 104 90
-73.25 178 640.25 -0.287316 -0.282564 -0.915209 69 56 48
-72.5 178.25 640.5 -0.287316 -0.282564 -0.915209 71 56 49
-71.75 178.25 640.5 -0.314994 -0.274527 -0.908523 72 55 48
-70.75 178 640.25 -0.335876 -0.239213 -0.911024 73 59 50
-70 178 639.75 -0.399027 -0.255104 -0.880738 73 59 50
-69 178 639.5 -0.452998 -0.271677 -0.849108 76 59 51
-67 177.75 637.75 -0.559954 -0.338159 -0.756373 87 63 53
-66 177.75 637.75 -0.537671 -0.365958 -0.759595 91 65 52
-65.75 177 636.5 -0.510588 -0.40251 -0.759793 96 66 55
-65 177 636.25 -0.463156 -0.431823 -0.773961 101 67 55
-64 177 635.75 -0.391688 -0.489797 -0.778896 107 69 58
-63 177 635.5 -0.308188 -0.551199 -0.775371 117 73 62
-62 176.75 635 -0.247945 -0.598153 -0.762061 121 75 60
-61 176.75 635 -0.202357 -0.651502 -0.731161 125 76 62
-60.75 176.75 635 -0.180377 -0.661487 -0.727941 127 78 63
-60 176.75 635 -0.124788 -0.693407 -0.709658 132 79 65
-59 176.75 635 -0.0614033 -0.716615 -0.694761 140 80 70
-58.25 176.75 635 0.00646466 -0.729858 -0.683569 143 80 71
-53 177 636 0.355522 -0.654772 -0.666992 160 92 79
-52 177 636.25 0.396127 -0.633544 -0.664609 164 94 82
-51 177 636.75 0.464341 -0.612959 -0.639272 169 97 83
-50 177.5 637.5 0.503966 -0.626132 -0.594959 170 98 84
-50 177.75 637.75 0.507565 -0.634988 -0.582381 172 100 86
-48 178 638.5 0.529802 -0.682323 -0.503731 173 104 89
-47 178 639.75 0.537905 -0.670678 -0.510735 176 104 90
-46.5 178 640.5 0.517958 -0.67771 -0.521947 177 105 91
-46 178.25 641 0.513038 -0.682566 -0.520476 175 106 91
-45 178.75 641 0.471808 -0.709618 -0.523296 176 107 92
-73.5 178.5 640 -0.277947 -0.312222 -0.90844 69 54 47
-72.5 178.75 640.25 -0.290032 -0.298121 -0.909398 74 57 50
-71.75 178.5 640.25 -0.306636 -0.287203 -0.907463 72 55 47
-70.75 178.75 640 -0.362278 -0.283305 -0.887971 71 58 49
-70 178.75 639.5 -0.411423 -0.310645 -0.856872 72 59 50
-69 178.75 638.75 -0.51773 -0.337908 -0.785986 74 60 51
-68 178.75 638.75 -0.549206 -0.336917 -0.764761 78 61 53
-68 178 638 -0.556213 -0.32142 -0.766365 79 62 52
-67 178 637.75 -0.569206 -0.335544 -0.75061 82 62 53
-65.25 177.75 636 -0.492436 -0.427546 -0.758097 95 65 55
-65 177.75 635.5 -0.483404 -0.442195 -0.755503 100 66 54
-64 177.5 635.25 -0.399097 -0.508532 -0.762966 106 68 57
-63 177.5 635.25 -0.344264 -0.546302 -0.763568 111 71 59
-62.75 177.5 635 -0.329199 -0.562018 -0.758791 117 73 62
-62 177 634.25 -0.283783 -0.607986 -0.741498 118 74 61
-61 177 634.25 -0.227001 -0.658217 -0.717789 123 75 63
-60.25 177 634 -0.163775 -0.692167 -0.70291 126 77 63
-60 177 634 -0.17114 -0.699638 -0.693698 130 76 64
-59 177 634 -0.0968085 -0.732998 -0.673307 139 81 70
-58 177 634 0.0129409 -0.757732 -0.652437 142 82 72
-57 177 634.5 0.0877918 -0.752209 -0.65305 149 86 77
-56 177 634.5 0.157075 -0.761027 -0.629417 151 87 77
-55 177 634.75 0.220717 -0.748984 -0.624745 153 89 79
-54 177 634.75 0.27825 -0.731857 -0.622063 155 91 81
-54 177.25 635.25 0.295122 -0.715265 -0.633482 159 93 81
-53 177.25 635.25 0.346108 -0.690177 -0.635503 158 92 80
-52 177.75 635.75 0.387255 -0.691332 -0.609994 161 93 80
-49 178 637.75 0.514255 -0.679833 -0.522847 173 104 89
-48 178.5 638.5 0.510598 -0.695105 -0.506082 174 107 91
-45 179 640.5 0.464986 -0.724614 -0.508648 177 108 93
-73.5 179.5 639.75 -0.265587 -0.370555 -0.890029 68 53 46
-72.5 179.25 639.75 -0.288576 -0.340897 -0.894714 74 57 50
-71.75 179.25 640.25 -0.297541 -0.32173 -0.898865 73 56 48
-71.25 179.5 639.75 -0.342044 -0.358239 -0.868718 70 56 47
-70.75 179.25 639.75 -0.364172 -0.342995 -0.865871 71 58 49
-70 179 639 -0.422463 -0.348887 -0.836542 71 61 51
-69 179 638.75 -0.513736 -0.356434 -0.780404 74 61 52
-67 178.75 636.75 -0.560103 -0.39204 -0.729787 80 60 51
-66 178 635.75 -0.538846 -0.412438 -0.734534 88 64 52
-65 178.25 636 -0.493947 -0.439213 -0.750405 93 65 54
-65 178 635 -0.488847 -0.462508 -0.739672 100 68 57
-64 178 635 -0.422505 -0.516074 -0.745089 105 68 59
-63 178 634.25 -0.366704 -0.566825 -0.737725 109 71 60
-62.5 178 634.25 -0.347355 -0.59796 -0.722349 115 72 63
-62 178 634.25 -0.31614 -0.617661 -0.720104 117 73 62
-61 178 634.25 -0.282627 -0.653893 -0.701816 122 74 64
-60 178 633.5 -0.223041 -0.69525 -0.683286 129 77 66
-55 178 634 0.219883 -0.781199 -0.584277 150 86 76
-54 178 634 0.281852 -0.764683 -0.579499 152 88 78
-53 178 635 0.33819 -0.733128 -0.590043 157 91 79
-52 178 635.25 0.364633 -0.720332 -0.590055 164 96 85
-51 178 635.5 0.411244 -0.711327 -0.569993 164 96 83
-50 178 636 0.437677 -0.701551 -0.562375 165 97 84
-50 178.75 636.75 0.45858 -0.704293 -0.541919 170 102 89
-47 179 638.5 0.477368 -0.731282 -0.487183 176 109 93
-46 179 638.75 0.468435 -0.734305 -0.491289 175 108 92
-46 179.5 639.5 0.458361 -0.738576 -0.494379 175 108 92
-45 179.75 639.75 0.433146 -0.748764 -0.501733 175 108 92
-44 179.75 640 0.426079 -0.752614 -0.502025 176 110 94
-73.5 180 639.75 -0.241494 -0.405722 -0.881516 67 54 45
-72.75 180 639.75 -0.278583 -0.3849 -0.879911 70 56 47
-71.75 180 639.75 -0.318119 -0.385923 -0.865947 72 55 45
-71.25 180 639.75 -0.351806 -0.374895 -0.857722 74 57 47
-70.75 180 639.5 -0.38852 -0.3989 -0.830621 76 57 50
-70 180 639 -0.4357 -0.424251 -0.793837 74 55 48
-69 180 638.75 -0.476494 -0.424514 -0.769897 75 58 50
-68 179.75 637.75 -0.565839 -0.419157 -0.710023 79 62 54
-68 179 637 -0.570224 -0.394847 -0.720375 81 63 53
-67 179 636.75 -0.565718 -0.401881 -0.720038 81 61 52
-66 179 635.75 -0.538225 -0.442437 -0.717331 85 63 50
-65 179 635.75 -0.512111 -0.455137 -0.728418 93 66 55
-65 178.75 635 -0.505613 -0.473921 -0.72094 97 68 54
-64 178.75 634.75 -0.454857 -0.511006 -0.729368 103 69 57
-63 178.5 634.25 -0.389102 -0.562512 -0.729506 109 73 59
-62.5 178.75 634.25 -0.380868 -0.586181 -0.715074 112 72 60
-62 178.75 634.25 -0.357249 -0.605419 -0.711225 115 71 58
-61 178.5 633.5 -0.298032 -0.661795 -0.687898 120 72 60
-60 178.5 633.5 -0.240243 -0.690025 -0.682751 125 76 62
-60 178.25 633 -0.227331 -0.697785 -0.679277 132 78 66
-59 178 632.5 -0.150167 -0.73435 -0.661952 134 80 68
-58 178 632.5 -0.0706549 -0.763292 -0.642179 136 79 68
-57.75 178 632.75 -0.0436657 -0.768988 -0.637771 138 80 68
-57 178 632.75 0.0355139 -0.785783 -0.617482 142 82 71
-56 178 632.75 0.116958 -0.798541 -0.590469 142 82 71
-55.75 178.25 633 0.133213 -0.800741 -0.58401 145 81 71
-55 178.25 633.25 0.229181 -0.790955 -0.567332 151 85 73
-54 178.5 633.75 0.282576 -0.774924 -0.56537 158 90 79
-53.75 178.75 634 0.292147 -0.771399 -0.565327 160 90 80
-52 179 634.75 0.358618 -0.749168 -0.556903 163 93 81
-51 179 635.25 0.396022 -0.735135 -0.550222 166 96 84
-50 179 635.25 0.419045 -0.737894 -0.529069 167 97 85
-49 179 636 0.44843 -0.731583 -0.513514 174 105 90
-48 179 636.75 0.464517 -0.736156 -0.492239 172 105 88
-47 179.75 637.75 0.452658 -0.753386 -0.476981 175 108 92
-46 179.75 637.75 0.435534 -0.761599 -0.479872 174 107 91
-44 180 639.5 0.424991 -0.753101 -0.502216 177 110 93
-72.75 180.5 639.5 -0.301377 -0.429862 -0.851111 70 56 47
-71.75 180.5 639.75 -0.347221 -0.415858 -0.840536 72 55 45
-71 180.75 639.25 -0.380455 -0.466138 -0.79873 73 56 46
-70.5 180.5 639.25 -0.410536 -0.446153 -0.795241 76 57 50
-70 180.5 638.75 -0.443127 -0.469536 -0.763659 75 56 49
-69 180.25 638 -0.494655 -0.463339 -0.735278 76 57 50
-68 180 637.75 -0.5652 -0.433657 -0.701777 79 60 53
-67.75 180 636.75 -0.570429 -0.45528 -0.683616 81 61 52
-66 179.75 635.75 -0.54114 -0.47087 -0.696742 84 62 49
-65 179.75 635.75 -0.521901 -0.48287 -0.703176 92 65 54
-64.75 179.25 635 -0.508504 -0.480736 -0.714364 97 68 54
-64 179 634.75 -0.457554 -0.511923 -0.727034 102 68 56
-63 179 633.75 -0.411157 -0.572038 -0.709734 107 71 57
-62 179 633.25 -0.379356 -0.599977 -0.704355 114 70 57
-61 179 632.5 -0.344395 -0.657152 -0.67048 120 72 60
-60 179 632.25 -0.266011 -0.695633 -0.667332 132 80 67
-59 178.75 632 -0.175917 -0.729357 -0.661129 133 81 68
-58 178.5 631.5 -0.0861734 -0.770457 -0.63164 136 82 70
-57 178.75 631.75 -0.0101587 -0.780033 -0.625656 136 78 66
-56 178.75 632 0.0929611 -0.794884 -0.599598 140 80 69
-55.25 178.75 632 0.146448 -0.802798 -0.577986 148 84 74
-55 179 632.75 0.18462 -0.798233 -0.573358 154 88 76
-54 179 632.75 0.259415 -0.786043 -0.561106 159 91 80
-53.25 179 633 0.297754 -0.780355 -0.549899 161 91 81
-53 179 633.25 0.30198 -0.779365 -0.548997 162 92 82
-52 179.25 634.25 0.356031 -0.753809 -0.55228 164 94 82
-51.25 179.25 634.25 0.366372 -0.756162 -0.54221 165 95 83
-51 179.25 634.25 0.37355 -0.753033 -0.541665 165 97 84
-46 180 637 0.430215 -0.756468 -0.492616 174 107 91
-45 180 637.75 0.419499 -0.759982 -0.496435 178 111 95
-44 180.75 638.5 0.426957 -0.742058 -0.516777 178 111 94
-43.75 180.75 638.5 0.423531 -0.739705 -0.522932 177 110 93
-43 180.75 638.75 0.413534 -0.742209 -0.527366 179 112 95
-72.75 181.25 639 -0.328507 -0.492625 -0.805856 72 55 47
-71.75 181.5 639.25 -0.348848 -0.502459 -0.7911 73 55 45
-71 181.25 638.5 -0.401456 -0.503715 -0.764921 74 56 46
-70 181 638.25 -0.432511 -0.503138 -0.748189 75 56 49
-67.5 180.5 636.5 -0.56368 -0.489503 -0.66532 81 61 50
-67 180 636 -0.56583 -0.472749 -0.675534 82 60 49
-66 180 635.75 -0.541166 -0.479587 -0.69075 85 63 50
-65 180 634.75 -0.513263 -0.512178 -0.688647 91 64 53
-64.75 180 634.75 -0.517385 -0.510791 -0.686589 96 68 54
-64 180 633.75 -0.472154 -0.533289 -0.701907 100 68 55
-63 179.75 633.25 -0.427922 -0.56038 -0.709124 106 70 56
-62 179.75 633.25 -0.401987 -0.59396 -0.696863 110 70 58
-62 179.5 632.5 -0.408099 -0.613843 -0.67576 113 71 57
-61 179.5 632.5 -0.352882 -0.657512 -0.665697 120 74 61
-60 179.25 632.25 -0.278124 -0.692506 -0.665645 127 79 65
-59.75 179.25 632 -0.232804 -0.715929 -0.658216 132 80 67
-59 179 631.5 -0.176955 -0.746767 -0.641113 133 81 68
-58 179 631.5 -0.0910542 -0.775891 -0.624261 137 83 71
-57 179 631.5 -0.00919045 -0.781661 -0.623636 136 80 67
-56 179 631.5 0.0824848 -0.806144 -0.585942 137 79 67
-55.25 179.25 631.75 0.133728 -0.815992 -0.562383 148 86 75
-55 179.25 632 0.167754 -0.804515 -0.56975 154 90 78
-54 179.25 632 0.242997 -0.801613 -0.546232 159 93 81
-53 179.25 632.25 0.28042 -0.794566 -0.538544 161 93 82
-53 179.5 632.5 0.287652 -0.795808 -0.532865 162 94 83
-50 180 634.25 0.403297 -0.758483 -0.511912 167 99 86
-49.5 180 634.5 0.428697 -0.746162 -0.509374 169 102 86
-49 180 635 0.436373 -0.744853 -0.504749 171 104 88
-48 180 635 0.448789 -0.736438 -0.506209 171 103 90
-47.5 180 635.5 0.457678 -0.740618 -0.491951 174 106 93
-47 180 636 0.440822 -0.7495 -0.493889 174 106 93
-46 180.75 636.75 0.426536 -0.747347 -0.509451 175 107 94
-43.75 181 637.75 0.42076 -0.743606 -0.519625 179 112 96
-42 181 638 0.410727 -0.739827 -0.532878 179 114 96
-73 181.5 638.25 -0.336451 -0.511826 -0.790465 65 52 43
-72.75 181.75 638.75 -0.336451 -0.511826 -0.790465 71 54 46
-71.75 181.75 638.75 -0.363463 -0.517277 -0.774802 72 55 47
-71 181.75 638.5 -0.414664 -0.522435 -0.74506 75 56 49
-70.5 181.5 638 -0.427934 -0.528968 -0.732848 75 57 47
-70 181.5 637.5 -0.457397 -0.550192 -0.698625 75 57 47
-69 181 636.75 -0.50273 -0.55164 -0.665549 77 59 49
-68 181 636.75 -0.545629 -0.521261 -0.656183 79 61 51
-67 181 635.75 -0.555948 -0.511115 -0.655502 81 61 50
-64 180.75 633.75 -0.4878 -0.541399 -0.684791 96 68 54
-64 180.25 633 -0.47256 -0.553491 -0.68581 100 68 55
-63 180 632.75 -0.44184 -0.582154 -0.68255 106 70 56
-62 180 632.25 -0.422287 -0.614379 -0.666492 110 70 58
-61.75 180 632.25 -0.40716 -0.621347 -0.669439 114 72 58
-61 180 631.5 -0.371278 -0.659131 -0.653987 120 74 61
-60 180 631.5 -0.304982 -0.687071 -0.659485 125 79 66
-59.25 180 631.25 -0.217544 -0.733435 -0.644009 129 79 68
-58 179.5 630.5 -0.122277 -0.772781 -0.622783 137 83 71
-57 179.75 630.75 -0.0249229 -0.803979 -0.594135 133 75 63
-56 179.75 631 0.0679137 -0.810673 -0.581547 137 79 67
-55 179.5 630.75 0.15251 -0.815735 -0.557958 147 85 74
-55 179.75 631 0.15251 -0.815735 -0.557958 153 89 77
-54 179.75 631 0.214226 -0.816272 -0.536476 159 93 81
-53 180 631.5 0.274292 -0.811128 -0.516561 159 91 80
-52 180 632.25 0.314802 -0.804885 -0.503051 164 96 83
-51 180 632.25 0.3507 -0.80057 -0.485899 166 98 85
-51 180.25 633.25 0.36345 -0.778178 -0.512194 167 99 86
-50 180.25 633.25 0.395006 -0.776476 -0.490973 168 100 87
-47 181 634.75 0.463219 -0.728197 -0.505131 172 104 91
-46 181 635.75 0.424449 -0.730724 -0.534682 176 108 95
-45.75 181 636.75 0.42376 -0.745265 -0.514789 179 112 96
-45 181 636.75 0.432859 -0.734738 -0.522296 181 114 98
-44 181 636.75 0.42314 -0.734606 -0.530383 182 115 99
-43 181 636.75 0.417785 -0.729887 -0.541036 182 115 99
-43 181.5 637.25 0.417785 -0.729887 -0.541036 181 114 97
-42 181.5 637.5 0.407208 -0.735642 -0.541306 181 114 97
-72.75 182.5 638 -0.356714 -0.538517 -0.763384 69 55 46
-71.75 182.25 638.25 -0.386304 -0.540556 -0.747374 70 56 47
-71 182.5 638 -0.431731 -0.55336 -0.712321 73 56 48
-70.25 182.25 637.5 -0.453854 -0.558196 -0.694575 75 57 47
-69.5 182 637 -0.487781 -0.561727 -0.668231 76 58 48
-68 181.75 636.25 -0.517621 -0.560164 -0.64675 80 60 51
-67 181.75 635.75 -0.548795 -0.531837 -0.64496 81 61 50
-67 181.25 635.25 -0.553375 -0.523126 -0.648163 84 62 51
-66 181 634.25 -0.526509 -0.523352 -0.669993 87 65 52
-65 181 634 -0.502848 -0.531164 -0.681916 93 66 55
-64 181 632.75 -0.497347 -0.573478 -0.650975 101 69 56
-63 181 632.25 -0.461183 -0.60994 -0.644425 106 70 56
-62 180.75 632 -0.441848 -0.621582 -0.646844 110 70 58
-61.5 180.5 631.5 -0.409037 -0.644405 -0.646089 115 73 59
-61 180.5 631.5 -0.390352 -0.65113 -0.650888 120 74 61
-60 180.25 631.25 -0.318421 -0.696013 -0.643563 122 76 63
-59.25 180.25 631.25 -0.234624 -0.724088 -0.648574 127 77 66
-59 180 630.5 -0.218936 -0.744549 -0.630646 133 81 68
-58 180 630.5 -0.117727 -0.777286 -0.618034 135 81 69
-57 180 630.5 -0.0277701 -0.800981 -0.598045 136 80 67
-56 180 630.25 0.0590345 -0.814913 -0.576569 142 82 71
-55 180 630.25 0.129434 -0.817933 -0.560565 148 84 74
-54 180.25 631 0.235544 -0.811067 -0.535434 158 92 80
-53 180.25 631 0.260794 -0.818823 -0.511385 158 90 79
-53 180.5 631.5 0.272644 -0.810169 -0.518933 161 93 82
-52 180.5 631.5 0.305222 -0.814657 -0.493127 166 96 84
-49 181 633 0.431228 -0.773242 -0.464909 169 102 86
-48 181 634 0.461102 -0.744852 -0.482266 170 100 88
-47 181.25 634.25 0.471904 -0.730547 -0.493566 172 102 90
-47 181.75 634.75 0.472746 -0.723896 -0.50248 176 107 92
-45 182 635.75 0.446808 -0.703248 -0.552997 178 111 95
-44 182 636.25 0.432154 -0.712044 -0.553387 185 118 102
-43 182 636.25 0.41672 -0.720377 -0.554437 185 118 102
-42 182 636.5 0.393568 -0.724542 -0.565812 183 116 99
-41 182 636.25 0.396537 -0.72095 -0.568322 182 115 98
-72.25 182.75 637.25 -0.413148 -0.552109 -0.724213 68 55 46
-71.75 183 637.5 -0.425861 -0.552706 -0.716351 68 55 46
-71 182.75 637.5 -0.441904 -0.563271 -0.698174 73 56 48
-70 182.5 636.75 -0.478201 -0.564683 -0.672649 74 57 49
-69.5 182.5 636.5 -0.487466 -0.574706 -0.657336 76 57 50
-69 182 635.5 -0.501798 -0.576237 -0.645097 78 60 50
-68 182 635.5 -0.516235 -0.560617 -0.647464 79 61 51
-67 182 634.5 -0.539184 -0.53625 -0.649397 84 62 51
-66 182 634.25 -0.531637 -0.536341 -0.655515 86 64 51
-65 182 633.25 -0.522492 -0.565184 -0.638412 92 65 54
-64 181.75 633 -0.513792 -0.578659 -0.633381 95 67 53
-63.75 181.25 632 -0.501291 -0.590728 -0.632255 101 69 56
-63 181.25 632 -0.475128 -0.618317 -0.626048 106 70 56
-62 181 631.25 -0.442359 -0.645055 -0.623075 110 70 58
-61.25 181 631.25 -0.4038 -0.66112 -0.632349 117 73 60
-61 181 630.5 -0.405554 -0.670098 -0.621688 120 74 61
-60 181 630.5 -0.341845 -0.70261 -0.624084 121 73 59
-58 180.5 629.5 -0.136645 -0.773535 -0.618847 132 78 66
-57 180.75 629.75 -0.0425668 -0.794465 -0.605816 139 81 69
-56 180.25 629.25 0.0316578 -0.811441 -0.583577 146 86 75
-55 180.25 629.25 0.128758 -0.814328 -0.565943 149 87 76
-54.75 180.75 630 0.166326 -0.814219 -0.556223 151 87 75
-54 180.75 630 0.207923 -0.817342 -0.537326 158 92 80
-53 181 630.5 0.254483 -0.821013 -0.511054 162 94 83
-52 181 631.25 0.303894 -0.819304 -0.486199 167 97 85
-51 181 631.25 0.35765 -0.809503 -0.465609 169 99 87
-50 181 631.5 0.384136 -0.797329 -0.465518 168 100 87
-49 181.25 632.25 0.434185 -0.776007 -0.457489 169 102 86
-47 182 633.25 0.495762 -0.717367 -0.489495 173 104 89
-46 182 634.25 0.46516 -0.703874 -0.536831 180 111 96
-45 182.25 635 0.457751 -0.696285 -0.552858 179 110 94
-41 182.75 636 0.389732 -0.721513 -0.572301 184 117 98
-41 182.5 635.5 0.390568 -0.720736 -0.572709 183 116 97
-72.25 183.5 637 -0.42693 -0.566394 -0.704932 67 54 45
-71.75 183.25 636.75 -0.44924 -0.56301 -0.693688 68 55 46
-71 183.25 636.5 -0.46597 -0.565395 -0.680588 71 57 48
-70 183 636.25 -0.490197 -0.563859 -0.664658 74 57 49
-69.25 183 636 -0.497352 -0.56937 -0.654567 75 58 50
-66.75 182.75 634 -0.530445 -0.565016 -0.631969 84 62 51
-66 182.25 633.25 -0.524282 -0.564245 -0.637773 87 65 52
-65 182.25 633.25 -0.521913 -0.568394 -0.636031 92 65 54
-64 182 632.25 -0.518946 -0.590769 -0.617808 95 67 53
-63.75 182 632 -0.516052 -0.595725 -0.61547 100 68 55
-63 182 631.25 -0.494211 -0.618647 -0.610762 105 69 53
-61 181.5 630.5 -0.419304 -0.666244 -0.616687 118 75 59
-60 181.25 630.25 -0.348005 -0.701504 -0.62192 122 74 60
-59 181 629.25 -0.237649 -0.747229 -0.620623 123 74 60
-58 181 629.25 -0.144084 -0.771105 -0.620191 130 76 64
-57 181 629 -0.0508262 -0.794389 -0.605279 137 79 67
-56 181 629.25 0.0248081 -0.801747 -0.597149 145 87 75
-55 181 629.25 0.119129 -0.812089 -0.571244 149 87 76
-54.25 181 629.25 0.179936 -0.810951 -0.556759 149 87 74
-54 181 629.75 0.193455 -0.810424 -0.552981 154 90 78
-53 181.25 630 0.245671 -0.817204 -0.521367 159 93 81
-52.75 181.25 630 0.255799 -0.819267 -0.513195 161 95 83
-52 181.25 630.25 0.28852 -0.819951 -0.494406 165 97 84
-51 181.5 630.5 0.34981 -0.814299 -0.463195 167 99 86
-50.75 181.75 630.75 0.369147 -0.811422 -0.453128 167 99 86
-50 181.75 630.75 0.385163 -0.810419 -0.441441 168 100 87
-48 182 632.25 0.477152 -0.749112 -0.459518 166 99 83
-47 182.25 633 0.507806 -0.716284 -0.478613 174 105 90
-45 183 634.25 0.468866 -0.678538 -0.565465 181 112 96
-44 183 635.25 0.423469 -0.705684 -0.568052 184 117 101
-43 183 635.5 0.411287 -0.713078 -0.56777 185 118 102
-42 183 635.75 0.401175 -0.719442 -0.566977 184 117 101
-41 183 635 0.395569 -0.714232 -0.577406 185 118 101
-72.25 184 636.5 -0.448914 -0.568712 -0.689233 67 54 45
-71.75 183.75 636.25 -0.451209 -0.569166 -0.687358 67 54 45
-71 183.75 636 -0.476735 -0.573183 -0.666472 70 56 47
-70 183.5 635.5 -0.49717 -0.565182 -0.658325 74 57 49
-69 183 634.75 -0.509036 -0.561772 -0.652146 76 58 48
-68 183 634 -0.507224 -0.574504 -0.642394 79 61 51
-67 183 633.75 -0.527936 -0.566409 -0.632822 81 61 50
-66.25 183 633 -0.533324 -0.566106 -0.628562 85 63 52
-66 183 633 -0.536027 -0.568021 -0.624521 87 65 52
-65 183 632.25 -0.533764 -0.582059 -0.613436 93 66 55
-63.25 182.25 631.25 -0.506402 -0.611164 -0.608305 99 67 54
-63 182.25 631.25 -0.498923 -0.617708 -0.607876 106 69 53
-62 182 630.25 -0.467186 -0.638619 -0.611476 113 71 57
-61 182 629.5 -0.421639 -0.665592 -0.615799 123 75 61
-58.25 182 628.25 -0.223664 -0.753238 -0.618552 126 77 63
-56.25 182 628.25 -0.0325235 -0.80592 -0.591131 133 77 64
-52.25 182 629 0.246032 -0.838887 -0.485527 162 96 84
-51 182 629.5 0.330934 -0.821969 -0.463518 166 98 85
-50.25 182 630 0.373378 -0.819649 -0.434471 166 100 86
-50 182 630 0.378325 -0.820163 -0.429189 167 101 87
-49 182 630.75 0.436831 -0.800666 -0.410015 165 102 85
-48.75 182.25 631 0.445822 -0.791226 -0.418574 167 101 85
-48 182.75 632 0.484422 -0.75989 -0.433478 165 99 83
-47 182.75 632 0.533267 -0.728394 -0.430195 174 107 91
-46 183 633.25 0.50462 -0.687359 -0.522395 182 115 99
-45 183.25 634.25 0.46211 -0.68357 -0.564965 181 114 98
-45 183.5 634.5 0.46211 -0.68357 -0.564965 184 117 101
-41 183.5 634.5 0.397592 -0.715005 -0.575055 186 119 102
-72 184.25 635.75 -0.465138 -0.574321 -0.673649 65 52 46
-71.75 184.25 635.75 -0.465806 -0.575359 -0.6723 68 55 49
-71 184.25 635.5 -0.481506 -0.574882 -0.661561 72 57 52
-70 184 635 -0.501136 -0.560834 -0.659035 74 57 49
-69 184 634.5 -0.513874 -0.560024 -0.649851 75 58 50
-68.75 184 633.75 -0.513694 -0.559411 -0.650521 77 58 51
-68 184 633.75 -0.522874 -0.558666 -0.643813 77 58 51
-67 183.75 633.25 -0.532798 -0.56735 -0.627885 79 59 48
-66.25 183.5 632.75 -0.541471 -0.561542 -0.625683 85 63 52
-66 183.25 632 -0.538697 -0.571177 -0.619324 88 66 53
-65 183.25 632 -0.53887 -0.583071 -0.607986 91 64 53
-64 183 631.25 -0.526941 -0.592049 -0.609763 94 66 52
-63.25 183 631.25 -0.521674 -0.599654 -0.606854 98 66 53
-62 182.25 629.25 -0.46859 -0.647098 -0.601405 110 71 56
-61 182.25 629.25 -0.425902 -0.672754 -0.604988 114 72 56
-60.75 182 628.75 -0.392131 -0.684193 -0.614909 119 73 58
-60 182 628.25 -0.374519 -0.701843 -0.60593 123 77 61
-59 182 628.25 -0.277163 -0.739971 -0.612881 127 80 64
-58 182 627.5 -0.207325 -0.769308 -0.604303 127 75 62
-57 182 627.25 -0.104598 -0.806268 -0.58223 131 79 65
-56 182 627.5 -0.01917 -0.813137 -0.581756 145 89 76
-55 182 627.25 0.0660064 -0.831726 -0.551249 145 89 76
-54 182 627.75 0.153496 -0.832069 -0.533011 147 89 75
-53 182 628 0.183437 -0.841104 -0.508818 154 95 81
-52 182 628.25 0.251367 -0.842889 -0.475765 157 93 81
-52 182.5 628.5 0.258164 -0.843025 -0.471868 159 93 79
-51 182.5 628.5 0.307841 -0.847741 -0.431937 165 97 84
-50 182.75 629 0.367855 -0.83632 -0.406513 167 97 85
-48.25 183 630 0.471622 -0.79532 -0.380839 172 100 88
-47 183 631.75 0.534166 -0.732566 -0.421917 177 108 93
-46.75 183.25 632 0.541786 -0.719289 -0.434846 180 111 96
-46 183.75 632.75 0.530203 -0.699031 -0.479834 187 118 103
-44 184 634.5 0.432137 -0.697218 -0.571966 184 117 101
-43 184 635 0.407021 -0.7056 -0.580054 184 117 101
-42 184 635 0.399929 -0.707731 -0.582387 185 118 102
-41 184 634.5 0.396816 -0.71095 -0.580592 187 120 104
-72 184.75 635.25 -0.485966 -0.567521 -0.664648 62 51 45
-71.75 185 635.75 -0.481049 -0.569535 -0.6665 67 54 48
-71 185 635 -0.490432 -0.564087 -0.664291 71 56 51
-70 185 635 -0.505252 -0.558532 -0.657847 73 58 51
-69 184.75 634 -0.51489 -0.553611 -0.654525 77 60 53
-68.75 184.75 633.75 -0.516816 -0.552837 -0.653661 76 59 51
-68 184.5 633.25 -0.530904 -0.552553 -0.642516 75 58 50
-67 184.25 633 -0.533551 -0.55832 -0.635296 76 58 48
-66 184 632 -0.550247 -0.562764 -0.616867 81 61 52
-65 183.75 631.25 -0.541262 -0.571647 -0.616648 91 67 55
-64 183.5 630.75 -0.539925 -0.582826 -0.607284 94 68 53
-63 183.25 630.25 -0.522129 -0.605508 -0.600618 96 67 53
-63 183 629.25 -0.519338 -0.613326 -0.59508 102 69 54
-62 183 629.25 -0.489097 -0.638133 -0.594617 109 71 58
-61 183 628.5 -0.432317 -0.677054 -0.595567 112 73 56
-60.5 183 628.5 -0.410396 -0.692687 -0.593093 117 74 58
-60 183 627.5 -0.383212 -0.711403 -0.589114 120 77 61
-58 182.75 627 -0.226387 -0.787158 -0.5737 127 75 61
-56 182.75 627 -0.0499331 -0.834715 -0.548413 145 89 74
-55 182.75 627 0.0316817 -0.843614 -0.536015 147 91 76
-54 182.75 627 0.112827 -0.861498 -0.495067 149 90 76
-51 183 628 0.301489 -0.86276 -0.405893 166 98 85
-50 183 628.5 0.355949 -0.848278 -0.392077 170 100 88
-49 183 629 0.4122 -0.830886 -0.373791 170 98 84
-48 183 629 0.47328 -0.808531 -0.34969 171 99 85
-48 183.25 630 0.479909 -0.792851 -0.3756 168 99 84
-47 183.75 630.75 0.542724 -0.752998 -0.372081 177 108 93
-46.75 184 631.75 0.558342 -0.724177 -0.404749 183 114 99
-45 184 632.75 0.488339 -0.702238 -0.518061 184 117 101
-45 184.25 633.25 0.475818 -0.700457 -0.531937 183 116 100
-44 185 634.25 0.430986 -0.709482 -0.557571 183 116 100
-43 185 634.25 0.423059 -0.71234 -0.559994 184 117 101
-42 185 635 0.398068 -0.711983 -0.578465 184 117 101
-41 185 634 0.411972 -0.71959 -0.55899 187 120 104
-71.5 185.5 635.25 -0.492171 -0.562039 -0.664741 68 55 49
-71 185.5 634.75 -0.502247 -0.555184 -0.662961 70 57 51
-70 185.5 634.5 -0.511431 -0.551868 -0.658696 73 58 51
-69 185 633.5 -0.517156 -0.546047 -0.659077 75 60 53
-68.25 185 633 -0.534615 -0.53942 -0.650548 76 59 51
-68 185 632.75 -0.541232 -0.53902 -0.645388 75 58 50
-67 184.75 632.25 -0.541681 -0.55394 -0.632243 76 59 49
-66 184.75 632 -0.546589 -0.558559 -0.623901 79 61 51
-65.75 184.25 631 -0.551424 -0.561304 -0.617145 83 65 51
-65 184 630.25 -0.560246 -0.568417 -0.602517 90 68 55
-64 184 630.25 -0.54583 -0.588129 -0.596803 93 70 54
-63 184 629 -0.542794 -0.605168 -0.582363 101 69 54
-62 183.5 628.5 -0.508633 -0.635531 -0.580855 109 73 59
-60 183.5 627.5 -0.38672 -0.711187 -0.587079 119 77 61
-59 183 626.75 -0.307664 -0.750998 -0.584247 125 79 64
-58 183 626.25 -0.245684 -0.794097 -0.555922 123 74 57
-57 183 626.25 -0.153283 -0.832373 -0.532597 130 79 62
-56 183 626 -0.0812948 -0.851277 -0.51838 138 85 69
-55 183 626.25 0.0121872 -0.853244 -0.52137 147 91 76
-54 183 626 0.075171 -0.886849 -0.455905 150 92 78
-53 183 626.75 0.141584 -0.876769 -0.459597 150 91 75
-52 183 626.75 0.199945 -0.879882 -0.43108 156 93 78
-51.75 183.25 627 0.212955 -0.882743 -0.418825 159 93 79
-51 183.25 627.25 0.263588 -0.879777 -0.395619 164 96 83
-50 183.5 627.5 0.34898 -0.865632 -0.359019 168 98 86
-49 183.75 628 0.418663 -0.84212 -0.339934 172 100 88
-47 184 629.75 0.528459 -0.774569 -0.347525 175 106 91
-46 184 630.75 0.558962 -0.741209 -0.371713 183 116 100
-46 184.75 631.75 0.538883 -0.733367 -0.41446 184 117 101
-45 184.75 632 0.501709 -0.742017 -0.444633 184 117 101
-44.75 185 633 0.471273 -0.715472 -0.515753 183 116 100
-44 185.25 633.5 0.448473 -0.71537 -0.535834 185 118 102
-43 185.25 634.25 0.424669 -0.716115 -0.553928 188 121 105
-43 185.5 634.5 0.421788 -0.712721 -0.560468 186 119 103
-42 185.75 634.75 0.402371 -0.718323 -0.567548 184 117 101
-41 185.75 634.75 0.398855 -0.720634 -0.5671 183 116 100
-40.25 185 633.25 0.416432 -0.729685 -0.542351 186 119 103
-71.25 186 634.75 -0.503327 -0.549046 -0.667241 66 55 49
-71 186 634.25 -0.51862 -0.539529 -0.663281 70 57 51
-70 186 634.25 -0.522112 -0.536394 -0.663084 73 59 50
-69 185.5 632.75 -0.53756 -0.519917 -0.663864 75 58 50
-68.25 185.5 632.75 -0.535929 -0.529479 -0.657596 75 58 50
-68 185.5 632.25 -0.550306 -0.52186 -0.651786 75 58 50
-67 185.25 632 -0.549528 -0.542787 -0.635138 77 61 48
-66 185 631.25 -0.550201 -0.55335 -0.625366 80 62 50
-65.5 185 630.5 -0.559214 -0.552395 -0.618174 83 65 51
-65 184.75 630.25 -0.564611 -0.564199 -0.602407 90 68 55
-64 184.5 629.5 -0.563678 -0.580385 -0.587725 93 70 54
-63 184.25 629.25 -0.549025 -0.601691 -0.580121 94 66 52
-62.5 184 628.5 -0.532455 -0.614045 -0.582616 100 69 51
-62 184 628.25 -0.525007 -0.62307 -0.579785 108 72 56
-61 184 627.25 -0.469487 -0.670979 -0.573907 111 74 56
-55 183.75 625.75 -0.0221868 -0.871941 -0.489108 137 81 66
-54 183.75 625.75 0.0388186 -0.897053 -0.440214 138 82 67
-53.75 183.75 625.75 0.0653469 -0.902447 -0.425817 141 82 68
-51.25 184 626.25 0.228636 -0.899989 -0.37114 145 82 67
-49.75 184 626.75 0.338027 -0.877097 -0.341231 163 95 82
-48 184 627.5 0.464722 -0.828893 -0.3114 174 104 92
-47 184.75 628.75 0.52711 -0.788781 -0.316195 170 103 87
-45 185.25 631.75 0.506674 -0.745174 -0.433587 186 119 103
-44.25 185.25 632.25 0.481365 -0.732525 -0.481347 186 119 103
-43 186 633.75 0.433306 -0.713208 -0.550981 192 125 109
-42 186 634.25 0.421317 -0.720528 -0.550755 185 118 102
-41 186 634 0.407286 -0.724673 -0.555848 182 115 99
-40.25 186 633.25 0.430966 -0.728346 -0.532711 185 118 102
-40 185.5 632.5 0.444673 -0.729564 -0.519617 186 119 103
-71 186.75 634.25 -0.520393 -0.530315 -0.669296 63 54 47
-70.5 186.5 633.75 -0.532925 -0.523037 -0.665149 66 55 49
-70 186.5 633.5 -0.534665 -0.513313 -0.671299 72 58 49
-69 186 632.75 -0.543892 -0.510571 -0.665957 74 57 49
-68 186 631.75 -0.561176 -0.512848 -0.649668 76 59 49
-67 185.75 631 -0.566106 -0.526652 -0.634162 78 60 48
-66 185.75 630.75 -0.562951 -0.539852 -0.625816 81 61 50
-65.25 185.25 630.25 -0.56812 -0.552804 -0.609629 85 66 51
-65 185 629.75 -0.571022 -0.559022 -0.601189 91 68 54
-64 185 629 -0.573065 -0.563168 -0.595348 96 70 53
-63 185 628.5 -0.562909 -0.583388 -0.585484 97 68 52
-62.25 185 628.25 -0.543707 -0.60641 -0.580215 100 69 51
-60 184.25 626.25 -0.417107 -0.71748 -0.557892 115 72 55
-60 184 626 -0.414942 -0.720598 -0.555483 120 77 60
-59 184 625.25 -0.360121 -0.768215 -0.529299 128 82 66
-58 184 625 -0.323748 -0.793713 -0.514982 129 82 66
-57 184 625 -0.228574 -0.831397 -0.50649 118 71 53
-56 184 625 -0.111424 -0.868559 -0.482898 122 73 56
-50 184 625.5 0.281845 -0.898765 -0.335836 162 96 82
-49 184 625.5 0.349905 -0.880311 -0.320342 168 102 88
-49 184.25 626 0.362374 -0.876614 -0.316595 171 103 90
-48 184.5 626.5 0.426867 -0.850051 -0.308542 173 105 92
-46 185 628.75 0.544077 -0.780848 -0.307011 180 113 97
-44.25 186 631.5 0.512712 -0.751517 -0.41515 189 122 106
-43 186.25 632.75 0.457723 -0.727272 -0.511434 195 128 112
-42.5 186.5 633 0.446491 -0.733977 -0.511785 190 123 107
-42 186.5 633.5 0.434831 -0.730341 -0.526805 187 120 104
-41 186.5 633.5 0.430966 -0.728346 -0.532711 181 114 98
-40 186 632 0.456519 -0.736513 -0.499138 183 116 100
-71 187.5 634.25 -0.524477 -0.524371 -0.67079 62 55 47
-70.5 187 633.5 -0.534183 -0.512021 -0.672668 65 56 47
-70 187 632.75 -0.535397 -0.504273 -0.677539 71 57 48
-68 186.5 631.5 -0.573532 -0.503104 -0.646488 78 61 51
-67 186 630.5 -0.572967 -0.513689 -0.638618 79 61 47
-66 186 630.5 -0.569947 -0.52622 -0.631073 82 63 49
-64 185.5 628.5 -0.583673 -0.548905 -0.598356 96 70 53
-63 185.5 628.25 -0.576056 -0.559449 -0.595967 98 69 53
-62 185.5 627.5 -0.569786 -0.581081 -0.581109 100 69 49
-62 185 627 -0.545422 -0.616118 -0.568255 106 71 52
-61 185 626.5 -0.500093 -0.651483 -0.570506 111 73 54
-60 185 625.5 -0.447702 -0.711949 -0.541009 116 73 56
-59.25 185 625.25 -0.40128 -0.746903 -0.530199 121 78 59
-59 184.5 624.5 -0.386699 -0.765408 -0.514407 130 85 66
-58 184.5 624.5 -0.34534 -0.798908 -0.492429 129 83 67
-57 184.5 624.5 -0.25636 -0.845526 -0.468364 118 72 56
-56 184.25 624.25 -0.132201 -0.889984 -0.436407 119 72 56
-55 184.25 624.25 -0.0611778 -0.904414 -0.422248 120 73 57
-55 184 623.75 -0.0693862 -0.911914 -0.404472 119 67 53
-54 184 623.75 0.000513526 -0.921517 -0.388337 120 69 52
-53 184 623.75 0.0664049 -0.93178 -0.356897 130 74 59
-52 184 624 0.139045 -0.926202 -0.350453 148 89 75
-51 184 624 0.198041 -0.922395 -0.331614 154 95 81
-50 184.5 624.5 0.274064 -0.908903 -0.314299 161 98 83
-49 184.5 624.5 0.342763 -0.891889 -0.295039 166 103 88
-47.25 185 626.25 0.478935 -0.835382 -0.269737 176 109 93
-47 185 626.75 0.500877 -0.819941 -0.277163 170 103 87
-46 185.75 627.75 0.530725 -0.804323 -0.267199 178 111 95
-45 186 629.5 0.51995 -0.791684 -0.320761 187 120 104
-44 186 630.25 0.520931 -0.771677 -0.364891 189 122 106
-44 186.5 631.25 0.510795 -0.763745 -0.394693 195 128 112
-43 186.5 632 0.467792 -0.742678 -0.479166 196 129 113
-42.5 187 632.5 0.465512 -0.747389 -0.474033 192 125 109
-40 186.5 631.5 0.479915 -0.739453 -0.472113 180 113 97
-70 187.75 632.75 -0.541607 -0.498051 -0.677206 64 57 49
-70 187.5 632.5 -0.541607 -0.498051 -0.677206 66 56 46
-69 187 631.75 -0.5614 -0.498668 -0.660424 71 57 46
-68 187 631.25 -0.574849 -0.498513 -0.648871 74 60 49
-67.5 187 630.5 -0.588154 -0.485963 -0.646464 77 63 52
-67 187 630.5 -0.578365 -0.490364 -0.651948 80 64 49
-66 186.5 629.75 -0.586753 -0.498484 -0.638149 82 64 50
-65 186.5 629.5 -0.595295 -0.49516 -0.632804 85 68 52
-65 186 628.5 -0.597826 -0.511452 -0.617269 89 67 53
-64 186 628 -0.601629 -0.527789 -0.599568 93 70 52
-63 186 627 -0.608955 -0.528382 -0.591597 97 70 53
-61 185.5 625.5 -0.544541 -0.627695 -0.556304 110 73 54
-60 185.25 625.25 -0.471814 -0.700143 -0.535902 117 76 58
-59 185 624 -0.418726 -0.770172 -0.481148 128 85 66
-54 184.75 622.75 -0.0284323 -0.919906 -0.391107 127 76 59
-53 184.75 622.75 0.023751 -0.927223 -0.373755 134 78 63
-53 184.5 622.5 0.0184063 -0.927038 -0.374515 140 84 69
-52 184.5 622.5 0.110466 -0.928685 -0.354035 146 88 74
-51 184.75 622.75 0.181218 -0.925422 -0.332797 153 94 78
-50.5 184.5 622.5 0.203401 -0.920635 -0.333256 161 99 84
-50 184.75 623.25 0.265273 -0.914225 -0.306305 161 99 84
-48 185 624.25 0.404696 -0.874972 -0.265793 176 110 96
-47 185.25 625.25 0.462079 -0.847622 -0.260806 180 113 97
-47 185.5 625.75 0.4847 -0.836413 -0.255888 173 106 90
-46 186 626.5 0.512749 -0.820062 -0.254138 175 108 92
-45.5 186 627.5 0.527738 -0.810083 -0.255457 187 120 104
-45 186.5 628.5 0.532036 -0.798771 -0.280896 188 121 105
-44 186.75 629 0.532374 -0.78858 -0.307765 191 124 108
-43 187 631.25 0.491474 -0.756865 -0.430822 197 130 114
-42 187 631.5 0.486403 -0.744528 -0.457264 194 127 111
-41 187 632 0.471886 -0.741098 -0.477595 185 118 102
-40 187.25 632.25 0.458384 -0.736909 -0.496839 177 110 94
-40 187 631.25 0.484551 -0.741046 -0.464824 176 110 94
-70 188 632 -0.551537 -0.48399 -0.679382 65 55 46
-68 187.5 630.5 -0.587774 -0.469933 -0.658547 72 60 48
-67.5 187.5 630.5 -0.592897 -0.47041 -0.653596 74 62 50
-67 187.25 629.75 -0.586999 -0.472299 -0.657545 78 64 51
-66 187.25 629.75 -0.587967 -0.477419 -0.652967 83 67 54
-65 187 628.5 -0.61017 -0.480106 -0.63023 89 70 55
-64 186.75 627 -0.629771 -0.475996 -0.613854 92 71 52
-63 186.25 626.25 -0.638042 -0.511696 -0.575387 96 70 53
-62 186.25 626.25 -0.620887 -0.53694 -0.571135 99 70 52
-62 186 625.25 -0.617954 -0.557617 -0.554253 104 71 54
-59 185.25 623.25 -0.45948 -0.753725 -0.469868 127 84 67
-58 185 623 -0.387685 -0.805288 -0.448566 129 83 67
-57 185 622 -0.308933 -0.839653 -0.446702 124 78 62
-54.5 185 621.5 -0.0953482 -0.918326 -0.384169 132 81 64
-51 185 622.25 0.164611 -0.930028 -0.328558 151 92 76
-50.25 185 622.25 0.219718 -0.921818 -0.319336 159 97 82
-50 185 622.5 0.248551 -0.918075 -0.308804 160 99 81
-49 185 622.5 0.305092 -0.904814 -0.297037 166 103 86
-48.75 185.25 623 0.334472 -0.896921 -0.289244 172 106 90
-48 185.5 623.5 0.389211 -0.882409 -0.264326 176 110 94
-46 186.25 625.75 0.493949 -0.837636 -0.233196 172 105 89
-45.25 186.5 626.75 0.527768 -0.816287 -0.234812 187 120 104
-44 187 628 0.545586 -0.790398 -0.278579 193 126 110
-43 187.75 629.75 0.533731 -0.766077 -0.35813 196 129 113
-40 188 631.25 0.490856 -0.74783 -0.447002 177 111 95
-70 188.75 631.75 -0.550936 -0.477975 -0.684112 60 55 49
-69 188 631 -0.579734 -0.470521 -0.665221 67 58 49
-68 188 630.5 -0.582614 -0.460326 -0.669822 70 62 49
-67.25 188 630.25 -0.585547 -0.454836 -0.671013 75 63 51
-67 188 629.5 -0.590368 -0.450924 -0.669427 78 65 49
-65 187.5 628.5 -0.625745 -0.443966 -0.641356 86 69 51
-64.75 187 627.75 -0.628346 -0.450252 -0.634393 88 71 51
-64 187 626.75 -0.639052 -0.468095 -0.610327 93 75 51
-63 187 626 -0.660098 -0.487732 -0.571304 92 72 48
-62 187 625.25 -0.660898 -0.521685 -0.539498 93 71 47
-61 186 624 -0.603215 -0.616768 -0.505697 108 77 56
-60 186 623.5 -0.567438 -0.666659 -0.483301 117 82 62
-59 186 622.5 -0.51122 -0.718663 -0.471357 126 83 66
-58 185.5 621.5 -0.437687 -0.780706 -0.446014 130 84 68
-57 185.5 621.5 -0.343191 -0.831709 -0.436442 134 87 71
-56 185 621 -0.245061 -0.878883 -0.409279 122 76 60
-55 185 620.5 -0.165653 -0.901013 -0.400918 128 81 63
-54 185 620.5 -0.0724792 -0.921271 -0.382109 137 86 69
-53 185 620.25 -0.017736 -0.926578 -0.375685 140 84 69
-52 185 620.5 0.0504154 -0.932308 -0.358135 153 91 76
-51 185.25 621.25 0.150577 -0.927578 -0.341945 157 96 78
-50 185.25 621.25 0.232618 -0.916453 -0.32558 158 95 78
-50 185.5 621.5 0.232618 -0.916453 -0.32558 165 99 83
-49 185.5 621.5 0.286599 -0.908465 -0.304223 170 104 88
-48.25 185.75 622 0.358912 -0.890204 -0.280568 174 107 91
-47 186 623.25 0.427854 -0.867242 -0.254623 180 114 98
-46 186.5 624.5 0.489057 -0.840668 -0.232595 165 100 82
-44 187.25 627 0.557833 -0.791381 -0.250076 196 131 113
-43.75 187.75 627.75 0.55947 -0.783422 -0.270637 193 127 111
-42 188 629.5 0.541589 -0.76572 -0.34692 197 131 117
-41 188 630.5 0.506367 -0.75267 -0.420809 196 130 114
-40 188.25 631.25 0.499436 -0.744363 -0.44327 181 115 99
-40 188.5 630.5 0.527633 -0.745052 -0.408046 171 105 89
-70 189 631.25 -0.556519 -0.479289 -0.678652 64 55 48
-69 189 631 -0.572545 -0.466213 -0.674417 68 58 49
-68 189 630 -0.587943 -0.441929 -0.677512 70 60 50
-67 188.25 629.25 -0.591055 -0.437673 -0.677567 77 63 50
-66 188 628.25 -0.611128 -0.4303 -0.664353 82 66 50
-65 188 628 -0.627856 -0.419347 -0.655702 86 71 52
-63 187.5 625.5 -0.678955 -0.469459 -0.564471 91 73 49
-62 187.25 625.25 -0.670883 -0.510028 -0.538319 94 74 49
-61.25 187 624.25 -0.656957 -0.554203 -0.511142 100 76 52
-60 186.5 622.5 -0.584614 -0.657415 -0.475428 117 82 62
-59 186.5 622.5 -0.518098 -0.714838 -0.469661 123 84 67
-58.5 186 621.5 -0.484112 -0.749622 -0.451335 128 85 69
-47 186.25 622.25 0.412929 -0.873745 -0.25702 187 120 104
-46.75 186.75 622.75 0.443199 -0.861038 -0.249376 180 113 97
-45 187.25 625.25 0.54139 -0.809718 -0.226392 192 125 108
-44 187.75 626 0.57418 -0.783981 -0.235988 197 130 113
-42 188.5 628.5 0.577998 -0.7539 -0.312335 194 128 112
-40 189 630.25 0.568452 -0.718947 -0.399972 183 117 101
-69 189.75 630.75 -0.567492 -0.463175 -0.680751 67 56 50
-67 189 629 -0.591724 -0.431266 -0.681082 78 64 51
-66 189 628 -0.607106 -0.414898 -0.677703 83 67 51
-65 189 627.5 -0.637323 -0.4116 -0.651464 86 71 52
-64 188 626 -0.689952 -0.426167 -0.585105 91 75 50
-63 188 625.5 -0.693312 -0.450323 -0.562608 92 74 50
-62 188 624.5 -0.704256 -0.476839 -0.525974 93 75 51
-61 187 623 -0.679204 -0.556001 -0.479109 107 79 58
-60 187 622.25 -0.634207 -0.610458 -0.474471 116 83 64
-58 186.5 620.5 -0.494541 -0.746315 -0.445469 127 88 71
-58 186 620 -0.47152 -0.762654 -0.44275 130 87 70
-57 186 619.75 -0.4097 -0.803624 -0.431664 132 86 70
-56 186 619.25 -0.307178 -0.851334 -0.425291 124 77 61
-55.75 186 618.75 -0.307254 -0.849565 -0.42876 104 55 40
-55 186 618.75 -0.222692 -0.879841 -0.419867 109 60 45
-54 186 618.75 -0.123735 -0.901323 -0.415098 114 61 47
-53.75 186 618.75 -0.0821709 -0.905688 -0.415906 125 72 56
-53 186 618.75 -0.0340717 -0.912121 -0.408503 142 84 70
-52 186 618.75 0.0224839 -0.91482 -0.403235 151 94 77
-51 186 619 0.1068 -0.919188 -0.379062 159 97 82
-50 186 619.25 0.172101 -0.914396 -0.366416 165 99 85
-49 186 619.75 0.251352 -0.902989 -0.348472 171 102 87
-48 186 620 0.314742 -0.894689 -0.316968 172 103 88
-45 187 622.75 0.526408 -0.81973 -0.225693 185 118 102
-43 188 625.5 0.604991 -0.75266 -0.259788 196 129 113
-40 189.75 629.75 0.589417 -0.714072 -0.377743 188 122 106
-39 189.5 629.5 0.604922 -0.700225 -0.379149 166 100 84
-70 190 630.25 -0.564473 -0.46386 -0.682791 59 52 46
-69 190 630 -0.557576 -0.460748 -0.690522 66 56 47
-67 189.75 628.75 -0.590646 -0.431782 -0.68169 79 65 52
-64 189 626 -0.702615 -0.401633 -0.587387 90 76 50
-62 188.25 624.25 -0.713389 -0.474352 -0.515816 92 76 50
-61 188 622.75 -0.704275 -0.524461 -0.478475 106 82 58
-59 187 620.25 -0.582637 -0.664545 -0.467883 120 87 68
-58 187 619 -0.535822 -0.699539 -0.472799 130 89 71
-55.25 187 618.25 -0.302964 -0.8391 -0.4518 98 49 34
-55 186.75 617.75 -0.25429 -0.849907 -0.461513 109 60 45
-54 186.75 617.75 -0.156666 -0.881448 -0.445539 125 72 58
-53 186.5 617.5 -0.0740202 -0.897243 -0.435289 145 87 73
-49.5 187 618.5 0.207667 -0.905679 -0.369621 168 102 86
-48 187 619.25 0.313354 -0.89088 -0.32885 171 102 87
-47 187 620 0.392032 -0.871521 -0.294555 184 117 101
-46 187 620.25 0.459809 -0.845395 -0.271815 178 111 95
-45 187.75 621.75 0.532186 -0.811475 -0.241426 187 120 104
-44.75 188 622.75 0.55301 -0.802265 -0.224833 193 126 110
-43 188.5 624.5 0.629783 -0.737924 -0.242573 199 132 116
-41 189 627 0.645009 -0.700254 -0.305954 198 131 115
-39 190 629 0.637704 -0.685353 -0.351603 165 99 83
-69 190.75 629.75 -0.552599 -0.468186 -0.689519 61 54 46
-68 190 629 -0.582224 -0.437542 -0.685253 68 60 47
-67 190 628.25 -0.593368 -0.419269 -0.687115 77 65 49
-66 190 627.75 -0.615855 -0.412822 -0.671044 80 69 51
-65 190 627.25 -0.648255 -0.400326 -0.647692 83 71 49
-64 189.25 625.25 -0.721805 -0.402288 -0.563171 87 75 49
-63 189 624.25 -0.731094 -0.435809 -0.52495 90 76 50
-62 189 623.25 -0.739595 -0.460437 -0.490914 92 78 51
-61 188.25 622.25 -0.720596 -0.50878 -0.471045 97 80 54
-60.75 188 621.75 -0.691591 -0.54719 -0.471471 106 82 58
-60 188 621 -0.683455 -0.567224 -0.459507 112 84 62
-58 187.25 619.25 -0.538419 -0.698492 -0.471395 123 88 68
-57.75 187 618.75 -0.502938 -0.720593 -0.477283 126 84 68
-57 187 618 -0.466377 -0.741133 -0.482924 130 87 71
-56 187 617.75 -0.395604 -0.780555 -0.483975 129 83 67
-55 187 617 -0.286864 -0.823386 -0.489637 112 63 48
-54 187 616.5 -0.172751 -0.854205 -0.4904 132 79 65
-53 187 616.75 -0.105333 -0.875869 -0.470911 139 86 70
-52 187 617.25 -0.015726 -0.898768 -0.438142 149 92 75
-51 187 617.25 0.0723666 -0.905951 -0.417151 154 95 79
-50 187 617.25 0.13066 -0.903419 -0.408365 163 97 83
-49 187 617.5 0.218541 -0.900026 -0.377086 166 100 84
-48 187.25 618.25 0.291006 -0.89059 -0.349521 174 105 90
-47.25 187.25 618.25 0.33944 -0.877722 -0.338207 178 109 94
-44 188 621.25 0.574099 -0.7824 -0.241373 190 123 107
-43 188.75 623 0.651616 -0.725861 -0.22028 199 132 116
-42.75 189 623.75 0.655734 -0.72046 -0.225721 196 129 113
-40 190 628 0.674915 -0.669636 -0.309962 195 129 113
-39 190.5 628.5 0.678543 -0.65402 -0.334419 185 119 103
-70 191 629.5 -0.551594 -0.470527 -0.68873 54 49 43
-69 191 629 -0.569489 -0.45628 -0.683733 62 56 44
-68 191 628.75 -0.575319 -0.446824 -0.685095 68 62 48
-67 191 628 -0.582439 -0.440308 -0.683297 74 65 50
-66.75 191 627.75 -0.592787 -0.449647 -0.668148 75 66 49
-66 190.75 627.25 -0.621865 -0.426977 -0.656487 79 68 48
-65 190.75 627 -0.645609 -0.416573 -0.640044 82 71 49
-64 190.25 626.25 -0.697867 -0.399709 -0.594319 84 74 49
-64 190 625.25 -0.72143 -0.397857 -0.566788 85 74 46
-62 189.25 623.25 -0.747761 -0.45143 -0.486893 92 78 51
-61 189 622 -0.737964 -0.48927 -0.464784 96 79 53
-60 188.75 620.75 -0.710247 -0.526209 -0.467603 104 80 56
-60 188.25 620.25 -0.695543 -0.544773 -0.468447 110 82 60
-59 188 619.25 -0.612497 -0.63009 -0.47732 116 85 64
-58 188 618.75 -0.557469 -0.674651 -0.483812 123 88 68
-56 187.75 616.75 -0.416865 -0.764943 -0.491006 127 81 65
-55 187.5 616.5 -0.304887 -0.806854 -0.505994 110 63 47
-55 187.25 616 -0.290953 -0.814572 -0.501816 114 65 50
-54 187.25 616 -0.170964 -0.853391 -0.492437 133 81 67
-53 187.25 615.5 -0.104623 -0.868804 -0.483977 141 85 70
-52 187.25 616 -0.0378402 -0.887753 -0.458762 146 90 75
-51 187.25 616 0.0510746 -0.896047 -0.441011 153 94 80
-50 187.25 616.25 0.125442 -0.899859 -0.417753 162 96 82
-49 187.5 616.5 0.189207 -0.898166 -0.396862 170 103 87
-46 188 618 0.459499 -0.824784 -0.329533 180 113 96
-45 188 619.25 0.521364 -0.805246 -0.282414 180 113 97
-44 188.25 620.25 0.576977 -0.775391 -0.256643 191 124 108
-44 188.75 621 0.599205 -0.763762 -0.240042 195 128 112
-42 189 622.75 0.680098 -0.696903 -0.227581 193 126 109
-39 191 628 0.721586 -0.618465 -0.311151 187 121 105
-69 191.75 628.75 -0.547191 -0.484035 -0.682855 58 54 43
-68 191.75 628.75 -0.548962 -0.484548 -0.681069 64 61 46
-66 191 627.25 -0.616628 -0.437768 -0.654316 78 70 49
-65 191 626.5 -0.649951 -0.428577 -0.627603 80 72 49
-64 191 625.75 -0.69412 -0.421076 -0.583859 81 74 48
-63.5 190.5 624.75 -0.74105 -0.399922 -0.539358 84 74 47
-63 190 623.25 -0.761613 -0.42048 -0.493094 87 75 49
-62 190 622.25 -0.764545 -0.444645 -0.46665 91 77 50
-61 189.25 621.25 -0.748796 -0.479447 -0.457641 95 78 52
-60 189 619.75 -0.705155 -0.539176 -0.460484 109 81 59
-59 188.75 619 -0.642402 -0.603341 -0.472546 117 85 64
-58 188.25 618 -0.560435 -0.669474 -0.487563 125 88 69
-57 188 616.25 -0.465656 -0.72835 -0.502664 132 86 71
-56 188 616.25 -0.394589 -0.762687 -0.512453 133 85 71
-55 188 615.5 -0.306806 -0.797303 -0.519787 109 60 45
-54 188 615.5 -0.211752 -0.834858 -0.508107 131 79 65
-53 187.75 615 -0.116497 -0.863718 -0.490326 138 87 70
-52.5 187.5 615 -0.0958295 -0.872505 -0.479115 145 89 74
-52 188 615.25 -0.052645 -0.88069 -0.470759 149 91 77
-48 188 616.25 0.270668 -0.883703 -0.381848 173 106 90
-47 188 616.25 0.354327 -0.853581 -0.381905 178 111 95
-46 188.25 617.25 0.448128 -0.822259 -0.350814 185 118 101
-44 189 619.25 0.596468 -0.750683 -0.284078 194 127 110
-43 189 621 0.64628 -0.725775 -0.235739 197 130 113
-41 190 624 0.721739 -0.644716 -0.251862 200 133 116
-40 191 626.75 0.731307 -0.618887 -0.286653 197 130 114
-39 191.5 627.5 0.749495 -0.590473 -0.29933 189 122 106
-39 191.75 627.75 0.750754 -0.586028 -0.30486 163 96 80
-69 192 628.25 -0.5494 -0.49206 -0.675305 57 55 43
-68 192 628.25 -0.550545 -0.485612 -0.67903 61 59 44
-67 192 627.75 -0.579937 -0.472844 -0.663394 68 62 48
-66.5 192 627.5 -0.598764 -0.469681 -0.648753 73 68 49
-66 192 627 -0.608367 -0.474917 -0.635881 77 70 51
-65 191.75 626 -0.647647 -0.468474 -0.600903 79 71 50
-64 191.25 625.5 -0.700493 -0.431612 -0.568349 81 73 50
-63.25 191.25 624.5 -0.739463 -0.428387 -0.519306 84 74 47
-63 191 623.25 -0.76637 -0.425848 -0.480967 87 75 49
-62 190.25 621.75 -0.766214 -0.445871 -0.462725 90 76 49
-61 190 620.75 -0.762409 -0.464862 -0.45015 93 76 50
-60 189.75 619.75 -0.728013 -0.510317 -0.457791 102 78 54
-59.75 189.25 619 -0.697977 -0.547321 -0.461809 109 81 59
-59 189 618 -0.639669 -0.597179 -0.483943 118 86 65
-57 188.75 616.25 -0.485844 -0.704617 -0.517176 132 89 73
-56.75 188.5 615.75 -0.458917 -0.726684 -0.5112 134 86 72
-56 188.5 615.25 -0.384529 -0.760749 -0.522875 135 86 72
-55 188.25 614.75 -0.301646 -0.796932 -0.523363 118 69 55
-54.5 188.25 614.75 -0.25358 -0.808877 -0.530487 105 53 39
-54 188.25 614.5 -0.225313 -0.82119 -0.524292 130 78 64
-53 188.25 614.5 -0.160836 -0.843584 -0.512345 138 85 69
-52.25 188.25 614 -0.104444 -0.861637 -0.496662 137 81 66
-51 188 614.25 0.00858633 -0.880909 -0.473208 144 82 69
-50.5 188 614.5 0.0457653 -0.888657 -0.456284 145 82 67
-50 188 614.5 0.0792096 -0.889482 -0.450053 148 82 68
-49 188 614.5 0.177114 -0.87743 -0.445812 152 84 71
-48.5 188 614.5 0.210518 -0.873959 -0.438039 155 87 74
-48 188.25 615.25 0.264041 -0.866714 -0.423188 160 93 77
-47 188.25 615.25 0.348617 -0.841411 -0.412909 168 101 85
-45 189 617.25 0.546173 -0.763315 -0.34503 168 101 84
-44 189.5 618.5 0.608618 -0.730513 -0.309733 191 124 107
-40 191.75 625.75 0.768563 -0.579591 -0.270896 197 130 114
-69 192.75 628 -0.538005 -0.505435 -0.674601 55 48 38
-66.25 192.75 627 -0.596189 -0.507099 -0.622422 69 66 49
-66 192.25 626 -0.61631 -0.496776 -0.611045 71 68 51
-65 192.25 625.75 -0.64675 -0.492123 -0.582692 77 72 52
-64 192 624.75 -0.700056 -0.485673 -0.523492 81 74 55
-63.25 191.5 623.75 -0.741784 -0.458154 -0.489746 82 74 51
-63 191.25 622.75 -0.765271 -0.441347 -0.468587 83 71 47
-61 190.25 620.25 -0.762224 -0.469492 -0.445637 97 77 52
-60 190 619.75 -0.730006 -0.506494 -0.458863 105 79 54
-59.25 189.75 618 -0.687975 -0.550268 -0.473175 113 83 59
-59 189.5 617.5 -0.648559 -0.588783 -0.482396 119 87 62
-58 189 616.5 -0.56735 -0.655218 -0.498803 126 90 68
-57 189 615.5 -0.509335 -0.693929 -0.508959 131 90 70
-56.75 189 615.25 -0.491019 -0.701081 -0.517094 132 89 72
-56 189 614.75 -0.408328 -0.738589 -0.536427 136 90 74
-55 189 614.75 -0.354646 -0.766596 -0.53531 125 79 63
-54.25 188.75 614 -0.262387 -0.79774 -0.542922 96 48 34
-54 188.75 614 -0.250772 -0.806257 -0.535782 116 67 53
-53 188.75 614 -0.179121 -0.83294 -0.523572 121 69 58
-52.25 188.5 613.75 -0.106837 -0.857737 -0.502865 118 61 52
-52 188.25 613.5 -0.08844 -0.856577 -0.508384 112 55 44
-51 188.5 613.75 -0.00449304 -0.876255 -0.481827 108 48 37
-50.25 188.75 614 0.0521743 -0.88311 -0.466255 115 53 40
-50 188.75 614 0.0629319 -0.880914 -0.469073 133 67 53
-48.25 189 614.25 0.244197 -0.856152 -0.455381 145 78 61
-46 189 615.5 0.449981 -0.797402 -0.402079 170 101 86
-45 189.25 616.25 0.543404 -0.756456 -0.363986 165 98 82
-45 189.75 616.75 0.557839 -0.748082 -0.35943 167 100 84
-42 190 620 0.721903 -0.644435 -0.25211 202 135 119
-41 191 622.25 0.760694 -0.599544 -0.248781 203 136 119
-39 192 625.75 0.798081 -0.536585 -0.274124 193 130 113
-39 192.75 626.75 0.801554 -0.531682 -0.273543 176 113 96
-69 193 627.5 -0.54256 -0.521228 -0.658749 54 47 37
-68.25 193 627.25 -0.552038 -0.521058 -0.650963 58 52 40
-68 193 627 -0.552264 -0.524327 -0.64814 60 57 42
-67 193 627 -0.58657 -0.514061 -0.625841 65 62 47
-66 193 626 -0.611826 -0.514203 -0.601053 71 68 51
-65 192.75 625 -0.659829 -0.507598 -0.554049 76 71 51
-64 192.5 624.75 -0.690229 -0.499608 -0.523427 80 73 54
-63 192.25 623 -0.738048 -0.482356 -0.471824 80 74 50
-62.75 191.75 622 -0.76394 -0.464321 -0.448109 83 72 50
-62 191 620.75 -0.771981 -0.454118 -0.444771 90 74 49
-61 191 620 -0.772826 -0.463574 -0.433404 98 78 54
-60 190.75 618.75 -0.745558 -0.486654 -0.455315 106 80 55
-56.5 189.5 614.25 -0.47117 -0.695447 -0.542543 136 93 76
-56 189.5 614.25 -0.427973 -0.722424 -0.543086 137 91 75
-55 189.25 613.75 -0.341089 -0.751513 -0.564701 123 77 61
-54.25 189.25 613.75 -0.277012 -0.787868 -0.550025 92 44 30
-54 189 613 -0.272285 -0.784396 -0.557301 109 60 46
-53 189 613 -0.213527 -0.809989 -0.54619 113 61 50
-52 189 613 -0.117779 -0.837652 -0.533355 121 63 52
-51 189 612.75 -0.0350235 -0.853886 -0.51928 135 73 62
-50 189 613 0.0582877 -0.863403 -0.501136 155 89 75
-49 189 613.25 0.164194 -0.859471 -0.484096 158 92 76
-48 189 613.25 0.266876 -0.841613 -0.469536 167 100 84
-47 189 613.75 0.339259 -0.827077 -0.448159 184 115 99
-46.5 189.5 614.5 0.417893 -0.800181 -0.430204 186 117 102
-46 189.5 614.5 0.446842 -0.78835 -0.42289 187 118 103
-44 190 616.5 0.608574 -0.711013 -0.352275 189 122 106
-43 190 617 0.647074 -0.683102 -0.338626 199 132 116
-42 191 619 0.746406 -0.603457 -0.280566 204 137 121
-41 191.5 621.5 0.77878 -0.570824 -0.260117 203 136 119
-40 192 623 0.808232 -0.525539 -0.26565 201 135 119
-69 194 626.5 -0.546376 -0.559367 -0.623364 52 45 35
-67 193.75 626 -0.589825 -0.545515 -0.595416 63 60 45
-66 193.5 625.75 -0.61988 -0.517586 -0.589791 68 67 49
-65.75 193.25 625 -0.635583 -0.534215 -0.557358 69 68 50
-65 193.25 624.75 -0.654087 -0.536951 -0.532779 73 71 50
-64 193 623.75 -0.702004 -0.514611 -0.492307 79 74 54
-63 192.5 622.5 -0.736423 -0.491779 -0.46458 80 74 50
-62.25 192.25 621.5 -0.758822 -0.475798 -0.444753 83 72 50
-62 192 620.25 -0.77169 -0.469723 -0.428782 91 75 50
-61 191.25 619.25 -0.766054 -0.463015 -0.445845 98 78 54
-60 191 618 -0.744492 -0.480203 -0.463829 105 79 56
-59 190.75 616.75 -0.692439 -0.540178 -0.478263 112 81 60
-59 190 615.75 -0.638945 -0.586719 -0.497504 119 87 64
-58 190 615.25 -0.59084 -0.623701 -0.511766 128 92 70
-57 190 614.5 -0.535577 -0.653545 -0.534823 133 92 74
-56.25 190 614 -0.476777 -0.672173 -0.566451 137 94 77
-56 190 613.75 -0.468511 -0.67697 -0.567635 141 95 79
-55 190 613.5 -0.377448 -0.727672 -0.572737 134 87 71
-54 189.5 612.75 -0.29381 -0.767884 -0.569236 105 57 43
-54 189.25 612.5 -0.291678 -0.766756 -0.571847 115 63 50
-53 189.25 612.25 -0.227856 -0.798533 -0.557159 111 59 46
-52 189.25 612.25 -0.134391 -0.829265 -0.542457 104 47 36
-51 189.25 612.5 -0.0399012 -0.849271 -0.526448 144 81 72
-50 189.25 612.25 0.0577717 -0.849502 -0.524412 155 93 80
-49 189.5 612.5 0.159278 -0.839359 -0.519718 165 99 83
-48 189.5 612.5 0.255833 -0.831908 -0.492421 174 107 91
-45 190 614.5 0.549176 -0.730829 -0.405333 183 115 102
-44 190.5 615.5 0.606838 -0.697321 -0.381434 186 119 103
-40 192.25 622.25 0.819141 -0.509097 -0.264251 200 135 117
-39 193 624.75 0.82858 -0.493438 -0.264525 204 141 123
-68 194 625.5 -0.582093 -0.559466 -0.590055 54 51 36
-67 194.25 625.75 -0.584942 -0.562217 -0.584598 62 59 44
-66 194 625 -0.626363 -0.556226 -0.546152 67 66 48
-65.75 194 625 -0.626363 -0.556226 -0.546152 68 67 49
-65 193.5 623.75 -0.658357 -0.560559 -0.502334 72 70 49
-64 193.25 622.75 -0.701294 -0.535286 -0.470803 79 74 54
-63 193 621.5 -0.73163 -0.518543 -0.442527 81 75 51
-62.25 192.75 621 -0.753262 -0.496763 -0.431072 85 74 52
-62 192.25 619.75 -0.762986 -0.486131 -0.426062 92 76 51
-61 192 618.5 -0.76331 -0.470563 -0.442638 98 78 54
-60 191.25 617.5 -0.746524 -0.478858 -0.46195 105 79 56
-59 191 616.25 -0.696739 -0.521096 -0.492965 111 80 59
-58.75 191 615.75 -0.681301 -0.533517 -0.501187 119 87 64
-57 190.75 614 -0.566622 -0.614381 -0.549068 134 93 75
-56 190.25 613 -0.473889 -0.668801 -0.57283 137 94 77
-55 190.25 612.5 -0.387742 -0.712799 -0.584442 137 90 74
-54 190.25 612.5 -0.316687 -0.753641 -0.575964 110 62 48
-54 190 611.5 -0.330541 -0.746092 -0.578004 115 63 50
-53 190 611.5 -0.262729 -0.779644 -0.568444 109 57 44
-52 189.75 611.25 -0.166404 -0.80775 -0.565552 99 42 31
-52 190 611.5 -0.16986 -0.807703 -0.564591 119 61 50
-51 190 611.5 -0.0494888 -0.817189 -0.574241 147 84 75
-47 190 612.25 0.374373 -0.78674 -0.4908 182 113 98
-46 190 612.75 0.449189 -0.761019 -0.46806 186 117 102
-43 191 616 0.683545 -0.63724 -0.355939 198 131 115
-41 192 620 0.814205 -0.509262 -0.278788 204 137 120
-39 193.75 623.75 0.84946 -0.450938 -0.273994 206 141 123
-38.75 194 625 0.849685 -0.458202 -0.260934 195 130 112
-38 194 625.75 0.842502 -0.46385 -0.273922 152 87 67
-68 194.75 624.75 -0.577283 -0.595824 -0.558335 46 42 30
-67.5 194.5 624.75 -0.588298 -0.579394 -0.5641 50 48 33
-67 194.5 624.75 -0.589009 -0.587812 -0.554569 60 58 43
-66 194.25 624.5 -0.627509 -0.565074 -0.535652 68 67 49
-65.25 194.25 624 -0.642941 -0.577564 -0.503037 69 68 50
-65 194 623.25 -0.656268 -0.577267 -0.485877 72 70 49
-63 193.5 621.5 -0.709246 -0.555065 -0.434594 82 76 52
-61 192.25 618 -0.753007 -0.481137 -0.448874 98 78 54
-60 192 617 -0.749635 -0.470493 -0.465492 104 78 55
-58 191 614 -0.623678 -0.566634 -0.538472 128 92 70
-57 191 613.5 -0.574858 -0.601402 -0.554847 135 94 76
-56 191 612.25 -0.495463 -0.641311 -0.585865 139 93 77
-54 190.5 611.75 -0.336459 -0.73787 -0.585102 115 67 53
-53.75 190.25 611.25 -0.325269 -0.743212 -0.584667 126 74 61
-53 190.25 611 -0.275091 -0.767077 -0.579584 135 83 70
-52 190.25 611 -0.191136 -0.790763 -0.581516 133 76 65
-51.75 190.25 611 -0.130291 -0.80427 -0.579806 142 84 72
-51 190.25 611 -0.0647904 -0.810678 -0.581896 156 94 83
-50 190 611 0.0371241 -0.821732 -0.568663 169 103 91
-49 190 611 0.151006 -0.816491 -0.557261 173 107 91
-48 190 611 0.254052 -0.799242 -0.544674 178 111 95
-48 190.5 611.5 0.263982 -0.800447 -0.538143 184 116 97
-45 191 613 0.557098 -0.709593 -0.431416 189 120 105
-44 191 614 0.61702 -0.675736 -0.403319 189 120 105
-44 191.25 614.25 0.625888 -0.669296 -0.400383 192 125 109
-42 192 617 0.779327 -0.540839 -0.316452 204 137 121
-41.25 192.25 618.25 0.80546 -0.515385 -0.292596 204 137 120
-40 193 621 0.839809 -0.462558 -0.284185 208 143 125
-39 194 623.75 0.857597 -0.430902 -0.280805 207 142 122
-38.75 194.75 624.5 0.865009 -0.423503 -0.269081 202 137 117
-38 194.75 625.25 0.871001 -0.420319 -0.254341 165 100 80
-68 195 623.25 -0.546819 -0.674332 -0.496251 43 39 27
-67.25 195 623.75 -0.575181 -0.638738 -0.511058 48 45 30
-67 195 623.75 -0.575181 -0.638738 -0.511058 58 55 40
-66 195 623.75 -0.610032 -0.622277 -0.490543 68 67 49
-65 195 623.25 -0.636436 -0.6071 -0.475793 69 68 50
-65 194.25 622.25 -0.660913 -0.598152 -0.45322 72 70 49
-64 194 621.5 -0.690489 -0.574485 -0.439536 79 74 54
-62 193.75 619.75 -0.728976 -0.542061 -0.418048 86 75 53
-62 193 619 -0.741445 -0.514834 -0.430356 93 77 52
-60 192.75 616.75 -0.753534 -0.452524 -0.476873 103 77 54
-59 192 615 -0.718066 -0.48072 -0.503279 109 78 57
-57 191.75 612.75 -0.588599 -0.574118 -0.569156 134 93 75
-56 191.5 612.25 -0.516335 -0.617143 -0.593745 136 93 76
-55.75 191.25 612 -0.504911 -0.630969 -0.589018 141 95 80
-55 191 611.25 -0.447733 -0.670011 -0.592132 139 91 77
-54 191 611 -0.382491 -0.707065 -0.594777 116 68 54
-53.5 191 610.75 -0.346059 -0.725329 -0.595097 125 73 60
-53 190.75 610 -0.296518 -0.739745 -0.604032 143 91 78
-52 190.75 610 -0.202235 -0.774375 -0.599536 148 91 80
-51.25 190.75 610 -0.0951411 -0.787231 -0.609275 153 95 83
-51 190.75 610 -0.0550547 -0.789623 -0.611117 158 96 85
-48 191 610 0.253024 -0.77729 -0.576019 179 112 96
-46 191 611.25 0.433952 -0.751552 -0.496845 187 118 102
-45 191.75 612.75 0.584163 -0.684826 -0.435623 186 117 102
-43 192 615 0.711059 -0.593733 -0.376665 201 132 117
-43 192.75 615.75 0.746492 -0.559297 -0.360468 203 136 120
-41 193 617.5 0.823322 -0.477045 -0.307519 206 139 122
-41 193.25 619.25 0.832763 -0.473064 -0.287604 208 141 124
-39 194.75 623 0.874852 -0.391054 -0.28585 209 144 124
-38.25 195 624 0.881595 -0.386606 -0.270788 205 140 120
-38 195.5 625.25 0.886664 -0.382636 -0.259646 180 115 97
-67 195.25 622.5 -0.582043 -0.664823 -0.468227 44 40 28
-66 195.25 622.75 -0.600264 -0.653205 -0.461527 65 64 46
-65 195.25 622.75 -0.624775 -0.637618 -0.450665 68 67 49
-64.5 195 621.75 -0.66249 -0.616136 -0.42601 71 69 48
-64 194.5 620.75 -0.672897 -0.60749 -0.422097 76 71 51
-63 194 619.75 -0.709383 -0.5634 -0.423504 79 73 49
-62 194 619 -0.719963 -0.539865 -0.436118 85 74 52
-61 193 617 -0.735539 -0.488605 -0.469306 98 78 54
-58 192 613 -0.649781 -0.516519 -0.557667 124 89 67
-56 192 611.75 -0.540893 -0.597914 -0.591552 136 93 76
-55.25 192 611.25 -0.487155 -0.629443 -0.605377 142 96 80
-55 191.75 610.75 -0.46981 -0.641848 -0.60606 144 96 82
-54 191.5 610.5 -0.401158 -0.685921 -0.607112 122 74 60
-53 191.25 610 -0.334199 -0.715148 -0.613901 141 89 76
-52 191 609.75 -0.230031 -0.752144 -0.617548 145 88 77
-51 191 609.75 -0.07402 -0.784212 -0.616063 155 93 82
-50 191 609.75 0.0234438 -0.788177 -0.615002 161 97 85
-49 191 609.25 0.147062 -0.778492 -0.610183 171 104 88
-47 191 610 0.349177 -0.752181 -0.558837 187 119 100
-47 191.75 610.75 0.392764 -0.749458 -0.532962 187 118 102
-46 191.75 610.75 0.46406 -0.725593 -0.508097 186 117 101
-45 192 612 0.588926 -0.673498 -0.446728 188 119 103
-44 192 612.75 0.647099 -0.635121 -0.421763 184 115 99
-44 192.25 613.25 0.667659 -0.626737 -0.401787 191 122 106
-42 193 616 0.796661 -0.509776 -0.324744 205 138 122
-41 193.5 617.5 0.832518 -0.45965 -0.309249 207 140 123
-40 194 620 0.859108 -0.418641 -0.294403 210 143 126
-39 195 622.25 0.880924 -0.377026 -0.286049 210 145 125
-38 195.75 623.75 0.891962 -0.356382 -0.2782 205 140 120
-66.5 195.5 621.75 -0.607643 -0.65411 -0.450455 53 49 37
-66 195.75 622 -0.607643 -0.65411 -0.450455 64 62 47
-65 195.5 621.75 -0.635165 -0.637832 -0.435586 67 66 48
-64.25 195.25 621.25 -0.658471 -0.614326 -0.434763 68 65 46
-64 195 620.25 -0.667017 -0.608551 -0.429831 72 67 47
-63 195 619.5 -0.678323 -0.590933 -0.436665 77 71 47
-62 194.5 618.5 -0.707775 -0.554811 -0.437309 83 72 50
-60 193 615 -0.746368 -0.434121 -0.504453 101 77 53
-59 193 614 -0.727106 -0.446048 -0.521879 104 76 54
-58 192.25 612.25 -0.653983 -0.506083 -0.562305 123 88 66
-57 192 611.5 -0.59906 -0.554459 -0.57767 134 93 73
-56 192.5 611.5 -0.558546 -0.585619 -0.587432 137 94 77
-55 192 610.5 -0.488239 -0.62384 -0.610283 146 98 84
-54 192 609.75 -0.421335 -0.649609 -0.632839 128 80 66
-46 192 610.75 0.480942 -0.720499 -0.499575 185 116 100
-45 192.75 611.75 0.620198 -0.6454 -0.445885 188 119 103
-43 193 613.5 0.741401 -0.554355 -0.378173 201 132 116
-43 193.25 614.25 0.753697 -0.539246 -0.375705 204 137 121
-41 194 616.5 0.839238 -0.444609 -0.313053 208 141 124
-41 194.5 618.5 0.860652 -0.415839 -0.293865 210 143 126
-39 195.75 622 0.891303 -0.352523 -0.285144 213 146 129
-38 196 623 0.891645 -0.354727 -0.281316 208 141 124
-38 196.5 624.25 0.891935 -0.354577 -0.280585 211 146 128
-67 195.5 619.75 -0.60376 -0.67546 -0.423353 39 39 27
-64 195.5 619.5 -0.656201 -0.626382 -0.420769 73 64 47
-63 195.25 618.75 -0.68414 -0.589491 -0.429479 79 68 48
-62 195 618 -0.681832 -0.571513 -0.456593 83 70 51
-61 194 616 -0.695323 -0.509023 -0.507367 94 76 54
-58 193 613 -0.682507 -0.480104 -0.551075 111 79 56
-57.75 193 611.75 -0.667463 -0.48029 -0.569048 120 84 62
-57 193 611.25 -0.629385 -0.512648 -0.584009 125 88 69
-56 193 610.75 -0.589547 -0.541721 -0.599143 135 94 76
-55 192.5 609.5 -0.502127 -0.600969 -0.621856 145 98 82
-54 192.5 609.5 -0.43822 -0.63336 -0.637824 134 85 70
-53 192 608.5 -0.358665 -0.664632 -0.655457 138 82 67
-52 192 608.25 -0.249756 -0.687362 -0.682023 135 76 62
-51 192 608.25 -0.107201 -0.728321 -0.676798 155 89 77
-50 192 608.25 0.030187 -0.74723 -0.66388 160 94 80
-49 192 608.5 0.125946 -0.748882 -0.650625 166 98 85
-48 192 609 0.242508 -0.744611 -0.621888 181 111 99
-47 192 609 0.349002 -0.727098 -0.591208 184 116 103
-47 192.75 609.75 0.365838 -0.72939 -0.578059 189 121 108
-45 193 611 0.603386 -0.645722 -0.467941 191 122 107
-44 193 611.75 0.675407 -0.597254 -0.432566 190 121 106
-42.75 194 613.75 0.773919 -0.512508 -0.372001 205 138 121
-42 194 615 0.807316 -0.480303 -0.342856 208 141 124
-41 194.25 616.25 0.844298 -0.434414 -0.31376 205 138 119
-40 195 619 0.878048 -0.370473 -0.302953 211 144 125
-39 196 621.75 0.89577 -0.339549 -0.286885 213 147 125
-38 196.75 622.75 0.905486 -0.316821 -0.282346 211 145 123
-65 196 619.5 -0.625277 -0.65302 -0.427308 69 61 50
-64 196 619.5 -0.648409 -0.630484 -0.42668 74 65 50
-63.5 196 618.75 -0.646002 -0.615666 -0.451261 76 67 50
-63 196 618.5 -0.64842 -0.617133 -0.445755 79 68 50
-62 195.25 617.25 -0.668191 -0.559654 -0.490212 83 70 51
-61 195 616 -0.674989 -0.532741 -0.510468 88 73 50
-60 194 614 -0.72214 -0.447166 -0.527785 99 74 52
-59 194 613.5 -0.72633 -0.431143 -0.535314 102 74 53
-58 194 612.5 -0.705784 -0.43934 -0.555742 109 77 56
-57.75 193.75 611.75 -0.691045 -0.453659 -0.562717 118 81 62
-57 193.25 611 -0.639401 -0.501303 -0.582976 120 83 65
-56 193.25 610.75 -0.597028 -0.536933 -0.596037 131 89 73
-55 193 609.5 -0.519555 -0.580605 -0.626866 144 97 81
-54 193 608.75 -0.448458 -0.610744 -0.652593 134 85 70
-53 193 608.75 -0.375749 -0.64691 -0.663566 132 79 65
-52.75 192.75 608 -0.323066 -0.652953 -0.685041 141 85 70
-52 192.75 608 -0.258301 -0.673398 -0.692687 145 86 72
-51 192.75 607.75 -0.142179 -0.695754 -0.704068 151 89 76
-46 193 609.75 0.478981 -0.686606 -0.546945 189 122 106
-43 194 612.5 0.758146 -0.516927 -0.397492 201 134 117
-42.5 194 613.5 0.780027 -0.502896 -0.372363 205 140 122
-42 194.5 614.5 0.81352 -0.470921 -0.341202 206 141 123
-41 195 615.25 0.854203 -0.416437 -0.311314 209 144 124
-40 196 618 0.89124 -0.345494 -0.293811 213 146 127
-38 197 622.5 0.905332 -0.314272 -0.285671 212 147 125
-38 197.75 624 0.906915 -0.31533 -0.279415 222 157 135
-36 197.75 624.25 0.910664 -0.307251 -0.276202 154 86 67
-66 196 617.5 -0.599302 -0.666648 -0.443191 48 41 33
-65.25 196.25 618 -0.614854 -0.6541 -0.440576 58 52 40
-65 196.5 618.25 -0.607616 -0.662217 -0.438488 68 60 49
-64 196.5 618.25 -0.618257 -0.649682 -0.442347 74 65 50
-63.25 196.25 618.25 -0.640979 -0.62895 -0.439964 75 66 51
-63 196.25 617.5 -0.632215 -0.612501 -0.474497 79 68 50
-62 196 617 -0.639012 -0.589846 -0.493707 83 70 53
-60 195 614 -0.699026 -0.465606 -0.542747 96 71 51
-59 195 613 -0.726771 -0.421155 -0.542617 100 71 53
-58 194.25 612.25 -0.708951 -0.435191 -0.554976 107 74 55
-57.25 194 611.25 -0.680386 -0.459419 -0.570973 114 77 59
-57 194 610.5 -0.662488 -0.46979 -0.583444 117 80 62
-56 193.5 609.75 -0.59601 -0.519695 -0.612119 128 86 70
-55 193.75 608.75 -0.546173 -0.532326 -0.64678 143 95 81
-54 193.5 608.5 -0.461348 -0.586764 -0.665482 135 86 71
-53 193.25 608 -0.379277 -0.62974 -0.677921 134 81 67
-52.75 193 607.75 -0.316908 -0.641806 -0.698323 144 88 73
-52 193 607.5 -0.268379 -0.649374 -0.711538 156 97 83
-51 193 606.75 -0.135562 -0.674005 -0.726182 159 97 84
-50 193 607.25 0.0101502 -0.704351 -0.709779 166 100 86
-49 193 607.75 0.124618 -0.71643 -0.686439 170 102 89
-48 193 607.75 0.233635 -0.715857 -0.658 179 112 96
-47 193 608 0.31829 -0.711961 -0.625941 182 115 99
-46 193.75 608.75 0.465884 -0.671142 -0.576646 184 119 101
-45.25 194 609.25 0.557681 -0.641652 -0.526569 187 122 104
-44 194 610.5 0.684391 -0.569209 -0.455642 192 127 109
-42 195 612.5 0.798492 -0.472665 -0.372824 205 140 120
-41 195.25 615 0.856166 -0.409763 -0.31476 209 144 124
-39 197 620.5 0.903356 -0.314455 -0.291661 215 150 130
-37 198.5 624.5 0.911481 -0.302199 -0.279067 198 132 110
-36.5 198.5 624.5 0.911481 -0.302199 -0.279067 115 48 29
-66 196.5 616.5 -0.579388 -0.663867 -0.472854 43 36 28
-65 196.75 617 -0.584029 -0.661606 -0.470306 56 49 39
-64 196.75 617.5 -0.622065 -0.631655 -0.462653 74 64 52
-62 196.25 616.25 -0.619965 -0.590171 -0.51705 82 69 53
-61 196 615.25 -0.641544 -0.550168 -0.534543 86 71 52
-60 195.5 613.5 -0.664099 -0.491775 -0.563143 93 70 52
-58 195 612 -0.712189 -0.409785 -0.569968 105 74 56
-57.25 195 611.25 -0.704744 -0.414727 -0.57562 111 75 59
-57 194.25 610.25 -0.663726 -0.454358 -0.59416 117 80 62
-56 194.25 609.75 -0.624331 -0.477829 -0.617973 126 84 68
-55 194 608.75 -0.549626 -0.53066 -0.645222 139 93 78
-52.5 194 607.5 -0.306393 -0.615573 -0.726081 144 88 75
-52 193.75 606.75 -0.267067 -0.617254 -0.740049 158 98 87
-51 193.75 606.75 -0.160045 -0.644343 -0.747802 162 100 87
-50.75 193.75 606.75 -0.138421 -0.654159 -0.743583 164 100 88
-46 194 608 0.434946 -0.679867 -0.590426 183 118 100
-45 194 608.5 0.548661 -0.636419 -0.542164 188 123 105
-45 194.5 609.5 0.600671 -0.613705 -0.512406 192 127 109
-44 194.5 609.5 0.67752 -0.570026 -0.464798 195 130 112
-43 195 611 0.75665 -0.508676 -0.410766 205 140 122
-42 195.5 613.5 0.829439 -0.439428 -0.344868 206 141 123
-41 196 614.25 0.863398 -0.394891 -0.314015 206 141 123
-40 197 617.25 0.899659 -0.32597 -0.290444 216 151 131
-38 198 621.5 0.911907 -0.293679 -0.286668 217 152 132
-37 199 624.5 0.911885 -0.300365 -0.279726 203 136 117
-36.5 199 624.5 0.911885 -0.300365 -0.279726 123 56 37
-64.75 197 616 -0.563801 -0.670665 -0.482013 68 59 50
-64 197 616.5 -0.598439 -0.628737 -0.496549 75 65 53
-63 197 616.25 -0.592046 -0.623531 -0.51058 75 65 53
-62 197 615.75 -0.590868 -0.597782 -0.541786 81 68 52
-60 196.25 614.25 -0.671695 -0.500762 -0.545952 88 69 52
-60 196 613.25 -0.659233 -0.480868 -0.578081 93 70 52
-59 196 612.5 -0.697536 -0.445761 -0.561017 100 73 56
-58 195.5 611.5 -0.717303 -0.405434 -0.566657 105 74 56
-57 195 609.75 -0.669304 -0.431947 -0.604528 117 80 62
-56 194.75 609 -0.628285 -0.462953 -0.625246 123 81 65
-55 194.5 608.5 -0.558696 -0.506619 -0.656655 131 89 73
-54.75 194 607.75 -0.494994 -0.543519 -0.677915 136 90 75
-54 194 607.75 -0.462428 -0.564824 -0.683472 132 84 70
-53 194 607 -0.353534 -0.586614 -0.728627 131 79 66
-52 194 606.75 -0.272884 -0.61071 -0.743349 154 94 83
-51 194 606.25 -0.157458 -0.647713 -0.745436 159 97 84
-50.25 194 606.25 -0.056392 -0.66137 -0.747937 164 100 88
-50 194 606.25 -0.0190965 -0.680446 -0.732549 166 100 86
-49 194 606.5 0.111575 -0.695259 -0.710047 168 102 88
-48.5 194 606.5 0.139567 -0.692912 -0.707386 174 107 91
-48 194 606.75 0.205527 -0.700672 -0.68324 177 110 94
-47 194 606.75 0.315703 -0.693156 -0.647971 180 113 97
-47 194.25 607.25 0.321562 -0.697563 -0.640315 186 119 103
-46 194.5 607.5 0.397891 -0.674134 -0.622275 186 120 104
-43.75 195 609.75 0.706081 -0.544433 -0.452815 204 138 122
-42 195.75 611.75 0.795423 -0.47468 -0.376804 210 145 127
-41 196.25 614 0.862948 -0.39919 -0.309788 207 142 124
-40 197.25 617.25 0.901719 -0.322401 -0.288028 217 152 134
-39.5 198 618.5 0.905326 -0.305627 -0.29492 217 152 134
-39 198 619.75 0.909004 -0.295938 -0.293483 217 152 134
-37 199.5 623.5 0.912075 -0.294293 -0.285502 207 142 124
-36.5 200 624.5 0.911124 -0.297308 -0.285415 136 69 50
-65 197 614.75 -0.536253 -0.674148 -0.507895 47 40 32
-64.25 197.25 615 -0.527139 -0.674568 -0.516801 65 56 49
-63 197.75 615.75 -0.553807 -0.642668 -0.529411 75 65 55
-62.75 197.75 615.75 -0.556456 -0.639305 -0.530704 77 65 51
-62 197.75 615.75 -0.574232 -0.615951 -0.539317 79 65 52
-61 197 614.75 -0.617926 -0.565161 -0.54659 83 67 51
-59 196.5 612.5 -0.691949 -0.443765 -0.569455 100 71 55
-58 196 611.5 -0.719953 -0.398795 -0.568005 106 73 56
-57 195.25 609.25 -0.670462 -0.427698 -0.606263 115 78 60
-56 195.25 608.75 -0.633054 -0.443397 -0.634541 124 82 66
-55 195 608 -0.561856 -0.49503 -0.66277 130 88 72
-54.75 195 607.75 -0.535615 -0.503655 -0.677826 135 89 74
-53 194.75 606.75 -0.363013 -0.572329 -0.735296 130 78 65
-52 194.75 606.75 -0.288262 -0.604988 -0.742223 139 83 70
-52 194.25 606.25 -0.262486 -0.611389 -0.746528 152 92 81
-51 194.25 606.25 -0.149725 -0.638549 -0.754876 157 95 82
-50.25 194.25 606.25 -0.0542429 -0.655065 -0.753623 163 99 87
-48.5 195 606.5 0.144482 -0.695978 -0.703378 176 108 95
-45 195 607.5 0.52988 -0.637976 -0.558761 191 125 111
-44 195 608.75 0.655869 -0.581649 -0.481165 199 133 117
-43.75 195.75 609.75 0.714191 -0.543292 -0.441321 204 138 122
-42 196 611.75 0.804195 -0.464197 -0.371203 211 145 129
-41 197 613.75 0.872601 -0.386971 -0.298028 211 145 129
-41 197.25 615 0.882519 -0.370914 -0.289107 212 146 130
-40 198 616.5 0.903855 -0.321675 -0.282083 216 151 133
-39 198.5 618.5 0.910471 -0.291837 -0.293043 219 154 136
-38 199 620.75 0.916562 -0.276634 -0.288771 218 153 135
-37 200 623.5 0.91187 -0.291786 -0.288711 214 149 131
-36.25 200.25 624 0.911933 -0.291337 -0.288964 150 83 64
-65 197.75 613.75 -0.498569 -0.674466 -0.544541 42 35 29
-64 197.75 613.75 -0.500812 -0.672121 -0.545381 61 52 47
-60 197.5 613.5 -0.62885 -0.522159 -0.576106 86 67 52
-60 197 613 -0.635101 -0.502688 -0.586473 94 68 53
-59 197 612 -0.683577 -0.435437 -0.585761 100 71 57
-58 196.5 610.5 -0.718539 -0.397675 -0.570575 105 72 57
-57 196 609.5 -0.690127 -0.406316 -0.598859 109 71 58
-56.75 196 608.75 -0.670702 -0.419091 -0.611982 114 77 59
-55 195.75 607.75 -0.577802 -0.472041 -0.665825 127 85 69
-54 195 606.75 -0.47034 -0.529907 -0.705676 132 86 71
-53 195 606.75 -0.373818 -0.570327 -0.731428 131 79 65
-52 195 605.75 -0.269939 -0.586516 -0.763631 148 88 77
-51 195 605.5 -0.136437 -0.620483 -0.77226 154 92 79
-50 195 605.5 -0.0494712 -0.635866 -0.770212 161 95 83
-49 195 606 0.0940127 -0.664106 -0.741704 163 97 85
-48 195 605.75 0.192734 -0.66537 -0.721205 169 103 89
-47 195 605.75 0.282521 -0.671099 -0.685426 175 107 94
-46 195 606.75 0.391964 -0.673161 -0.627071 186 120 106
-45 195.5 607.5 0.568759 -0.613205 -0.548172 190 124 110
-43 196 609 0.728263 -0.532774 -0.431027 200 137 120
-42 196.75 610.75 0.804048 -0.467574 -0.367262 210 144 128
-41 197.5 613.25 0.873526 -0.386028 -0.296537 213 148 130
-40 198.5 616.25 0.907548 -0.314866 -0.277877 215 152 134
-39 199 617.75 0.912172 -0.287669 -0.29187 216 153 135
-39 199.5 619.5 0.914947 -0.281497 -0.289191 219 156 138
-38 200 620.75 0.918606 -0.272715 -0.285989 217 154 136
-37 201 623 0.916335 -0.281073 -0.28518 216 151 131
-65 198 612.5 -0.469074 -0.696291 -0.543276 34 29 23
-63 198 613.75 -0.526869 -0.651818 -0.545475 71 61 52
-62 198 614 -0.528879 -0.641317 -0.555877 76 64 52
-61 198 613.5 -0.561814 -0.607399 -0.561633 80 64 49
-60 198 613.5 -0.614794 -0.539636 -0.575171 85 66 52
-59.5 198 612.5 -0.61667 -0.512887 -0.597214 93 67 52
-59 197.5 611.5 -0.663895 -0.477913 -0.575189 99 70 56
-58 197 610 -0.710748 -0.413579 -0.569025 105 72 57
-57 197 609 -0.702328 -0.40137 -0.587909 108 70 57
-56.5 196.5 608.5 -0.663909 -0.425507 -0.614954 112 75 57
-56 196 607.75 -0.626926 -0.443927 -0.640229 123 81 65
-55 196 607.5 -0.566073 -0.47503 -0.673727 122 80 64
-54 196 606.5 -0.489602 -0.506443 -0.709793 131 84 68
-53 195.75 605.75 -0.382502 -0.548503 -0.74353 130 78 64
-52 195.75 605.75 -0.277685 -0.584486 -0.762409 136 80 67
-52 195.5 605.5 -0.272332 -0.583103 -0.765393 143 83 72
-51 195.5 605.5 -0.158694 -0.605795 -0.779633 149 87 74
-50 195.5 605.5 -0.0628367 -0.628572 -0.775209 150 86 74
-49 195.25 605.25 0.0676705 -0.647014 -0.759469 151 85 73
-48 195.75 605.75 0.181377 -0.654619 -0.733877 156 90 76
-47 195.75 605.75 0.314445 -0.65257 -0.689403 168 100 87
-46.75 195.75 605.75 0.329416 -0.653265 -0.681711 175 107 94
-45 196 606.75 0.52233 -0.623113 -0.582153 189 123 109
-44 196 608 0.646194 -0.576409 -0.500185 196 133 118
-42 197 610.25 0.800323 -0.474236 -0.366855 207 144 127
-41 198 612.75 0.871971 -0.388689 -0.297636 213 150 132
-40.5 198.5 614.25 0.900861 -0.339642 -0.270356 212 149 131
-40 198.75 615.5 0.905388 -0.326606 -0.271295 218 157 138
-39 199.75 617.75 0.914036 -0.286036 -0.287615 213 152 133
-38 200.5 620.5 0.919422 -0.272795 -0.283276 220 159 138
-64 198 612 -0.468063 -0.676707 -0.568317 48 39 34
-63.75 198.75 612.75 -0.453986 -0.689238 -0.564667 66 53 45
-60 198.5 612.5 -0.569943 -0.562786 -0.598696 86 64 51
-59 198 611 -0.641978 -0.47995 -0.597923 100 68 55
-55 196.75 606.75 -0.575478 -0.453012 -0.680886 124 78 62
-54 196.5 606.5 -0.491053 -0.503274 -0.711043 125 78 62
-54 196.25 606 -0.477956 -0.509022 -0.71586 131 84 68
-53 196 605.5 -0.388759 -0.543064 -0.744276 129 80 65
-52 196 605.25 -0.277037 -0.574267 -0.770369 131 78 64
-51 196 605 -0.161222 -0.598826 -0.784484 136 83 67
-50 196 605 -0.0659272 -0.62979 -0.773962 139 80 64
-49 196 604.75 0.0667805 -0.636895 -0.768053 150 87 72
-48 196 604.75 0.156103 -0.634985 -0.756588 171 105 91
-47 196 604.75 0.255978 -0.630972 -0.732359 172 106 92
-46.75 196 605.75 0.332255 -0.649141 -0.684268 179 113 99
-46 196 605.75 0.385988 -0.646028 -0.65853 186 119 102
-45 196.25 606.25 0.503334 -0.614251 -0.607742 191 124 107
-45 196.5 606.5 0.535572 -0.605288 -0.588888 193 130 112
-43 197 608 0.721197 -0.530584 -0.445372 199 138 119
-42 197.75 609.5 0.790831 -0.481744 -0.377504 207 146 128
-41 198.5 612.25 0.869175 -0.401471 -0.288714 208 147 129
-40 199 613.5 0.901928 -0.341803 -0.264 214 153 135
-39 200 616.75 0.916101 -0.294665 -0.271903 218 155 137
-39 200.5 618.5 0.917375 -0.277438 -0.285397 224 158 142
-38 201 620.25 0.919944 -0.272183 -0.282169 223 156 140
-37 202 622.75 0.91687 -0.280062 -0.284455 211 142 127
-62 199 612.75 -0.499801 -0.643618 -0.579616 78 61 53
-61.75 199 612.75 -0.507562 -0.631025 -0.586675 78 60 50
-61 199 612.5 -0.515148 -0.611945 -0.600121 79 61 47
-60 199 611.5 -0.556166 -0.562885 -0.611424 85 63 50
-59 198.25 610.25 -0.618454 -0.507066 -0.600331 97 68 54
-58 198 609.5 -0.690079 -0.448116 -0.568316 103 70 55
-57 198 608.5 -0.683842 -0.426369 -0.592089 109 71 58
-56 197 607 -0.632673 -0.431274 -0.643217 118 75 59
-55 197 606.75 -0.585229 -0.447645 -0.676107 123 77 61
-54 197 606 -0.511731 -0.485317 -0.708942 125 78 62
-53 196.75 605.25 -0.396506 -0.534137 -0.746646 129 80 65
-52 196.75 604.75 -0.298847 -0.567993 -0.76686 135 82 68
-51 196.75 604.75 -0.195765 -0.596831 -0.778118 138 82 69
-50 196.75 604.75 -0.0553778 -0.626575 -0.777391 135 75 64
-50 196.5 604.5 -0.0447268 -0.625576 -0.77888 137 78 62
-49 196.5 604.5 0.048793 -0.629011 -0.775864 153 90 75
-48 196.75 604.75 0.158388 -0.625309 -0.764135 163 100 85
-47 196.75 604.75 0.276741 -0.626772 -0.728403 177 111 97
-46 196.75 604.75 0.373044 -0.607715 -0.701086 182 116 102
-45 197 605.25 0.493187 -0.599587 -0.630287 191 124 108
-44 197 606.75 0.634061 -0.569844 -0.522728 194 131 114
-43 197.75 607.75 0.719525 -0.529905 -0.44887 198 137 119
-42 198 609.5 0.799961 -0.472062 -0.370432 208 147 129
-41.75 198.75 610.5 0.849537 -0.415955 -0.32445 209 148 130
-41 199 611.75 0.874883 -0.386733 -0.291578 208 147 129
-40 199.25 613.25 0.900348 -0.348054 -0.261214 212 151 133
-39 200.25 616.25 0.916722 -0.299955 -0.263908 220 157 140
-38 201.75 619.75 0.922032 -0.270884 -0.276549 225 158 142
-37 202.75 622.75 0.916131 -0.281786 -0.285133 209 140 125
-63 199 611 -0.388119 -0.724334 -0.569827 53 42 38
-61.5 200 612.5 -0.462018 -0.672619 -0.578034 77 59 49
-61 199.5 611.5 -0.4852 -0.642719 -0.592868 78 60 48
-60 199.5 611.5 -0.524349 -0.598526 -0.605661 85 63 50
-59 199 610.25 -0.588073 -0.553921 -0.589357 96 67 53
-57 198.5 608.5 -0.677321 -0.440377 -0.589325 109 73 59
-56 198 607 -0.640199 -0.420893 -0.642646 118 74 61
-54 197.75 605.75 -0.539667 -0.472393 -0.696853 125 77 63
-53.75 197.25 605 -0.466016 -0.501316 -0.729048 128 80 66
-53 197.25 605 -0.407 -0.524357 -0.747931 128 79 65
-52 197 604.25 -0.303979 -0.561635 -0.769521 129 77 63
-51.75 197 604 -0.283743 -0.574149 -0.768012 136 83 69
-51 197 604 -0.193622 -0.602328 -0.774411 137 81 68
-50 197 604 -0.057738 -0.622709 -0.780321 137 78 64
-49 197 603.75 0.0464508 -0.632492 -0.773173 155 91 79
-48 197 603.75 0.14853 -0.629944 -0.762305 164 100 88
-47 197 604 0.249389 -0.619648 -0.744205 181 115 103
-46 197 604.75 0.373211 -0.608815 -0.700041 185 117 104
-45 197.25 605.25 0.506829 -0.591063 -0.62751 191 123 110
-44.5 197.5 605.5 0.538202 -0.586853 -0.604932 192 129 112
-43 198 607 0.710542 -0.535342 -0.45666 198 137 119
-42 198.75 608.75 0.793555 -0.473773 -0.381851 209 147 132
-41.75 199 610 0.837314 -0.430933 -0.336455 211 149 134
-41 199.5 611.5 0.872919 -0.386568 -0.297621 210 148 133
-40 200 612.5 0.895973 -0.360222 -0.259756 212 150 135
-39 201 616 0.918445 -0.302887 -0.254396 220 157 140
-39 201.75 617.75 0.921192 -0.280215 -0.269971 224 158 142
-38 202 619.25 0.921825 -0.271553 -0.276581 225 159 143
-37 203 622 0.9187 -0.278893 -0.279659 205 138 122
-64 199 609 -0.333502 -0.761749 -0.555441 22 17 14
-62 200 611.5 -0.417332 -0.700773 -0.578577 74 60 51
-61 200 611.5 -0.449274 -0.685743 -0.572634 77 59 47
-60 200 610.5 -0.480641 -0.650225 -0.58838 85 63 50
-59 199.25 609.25 -0.572778 -0.584166 -0.575044 94 66 52
-58 199 609 -0.647354 -0.513138 -0.56358 101 69 54
-57 199 608 -0.658074 -0.454192 -0.60054 110 74 60
-56 198.5 606.5 -0.637191 -0.426919 -0.64166 119 75 62
-55 198 606 -0.581362 -0.451454 -0.676911 123 77 64
-54 198 605.5 -0.532878 -0.478074 -0.698202 125 79 66
-53.75 198 604.75 -0.476379 -0.500507 -0.72288 130 82 68
-53 198 604.75 -0.422567 -0.531527 -0.734109 128 79 65
-52 197.75 603.75 -0.307842 -0.579838 -0.754335 125 76 62
-51.75 197.75 603.75 -0.283343 -0.580563 -0.763324 132 78 66
-51 197.5 603.5 -0.208109 -0.61798 -0.75815 137 84 70
-50 197.5 603.5 -0.05684 -0.643713 -0.763153 145 87 75
-49 197.5 603.5 0.0504129 -0.661182 -0.74853 159 97 86
-48 197.25 603.25 0.141637 -0.659879 -0.737901 170 106 94
-47 197.75 604 0.262475 -0.634002 -0.727426 179 113 101
-46 197.75 604 0.356681 -0.615432 -0.702866 182 116 104
-46 198 604.5 0.365515 -0.61446 -0.699169 184 118 104
-45 198 604.5 0.479458 -0.590888 -0.648823 189 123 109
-44.5 198 605.5 0.538358 -0.582018 -0.609447 192 129 114
-44 198 605.75 0.621122 -0.561786 -0.546446 195 132 117
-43 198.75 606.75 0.714844 -0.52949 -0.45677 199 137 122
-42 199 608.5 0.791684 -0.482989 -0.374111 206 147 131
-41.5 199.5 609.5 0.834445 -0.43906 -0.33306 208 149 133
-41 200 611.25 0.878266 -0.384566 -0.284179 213 151 136
-40 200.25 612.25 0.896068 -0.36031 -0.259305 212 150 135
-39 201.5 615.5 0.918489 -0.315618 -0.238249 219 156 139
-64 200 609 -0.266721 -0.791456 -0.549962 26 16 14
-63 200 609.75 -0.334918 -0.757149 -0.560853 44 33 29
-63 200.25 610.25 -0.322334 -0.767673 -0.553876 67 54 48
-62 200.75 610.75 -0.334619 -0.75773 -0.560246 73 59 50
-61 200.75 610.75 -0.363471 -0.737571 -0.569103 74 57 47
-61 200.5 610.5 -0.382351 -0.725625 -0.572081 78 60 48
-60 200.5 610.5 -0.431593 -0.687272 -0.584281 86 64 51
-59 200 609.25 -0.533988 -0.627787 -0.566339 94 66 52
-57 199.75 607.75 -0.6305 -0.49369 -0.59895 108 75 60
-56 199 606.5 -0.632793 -0.433951 -0.641295 120 78 64
-54 198.75 604.75 -0.538251 -0.488449 -0.686806 124 80 67
-53.75 198.75 604.75 -0.51592 -0.494134 -0.699756 131 85 72
-53 198.25 604 -0.439086 -0.540581 -0.717618 128 80 68
-52 198 603.75 -0.315035 -0.586697 -0.746016 123 75 61
-51.75 198 603.75 -0.287282 -0.59204 -0.752966 133 81 68
-51 198 603.5 -0.222754 -0.614598 -0.756736 142 88 76
-50 198 603.25 -0.0898274 -0.646916 -0.757252 156 98 86
-49 198 603.5 0.0331641 -0.651371 -0.758034 161 101 90
-48 198 603.25 0.157628 -0.647679 -0.74543 170 108 97
-47 198 603.5 0.250254 -0.639633 -0.726803 178 114 104
-46 198.25 604.25 0.377811 -0.61493 -0.692185 181 117 107
-45 198.5 604.5 0.485288 -0.598563 -0.637352 189 123 109
-44 198.75 604.75 0.587519 -0.589173 -0.554704 192 129 114
-43 199 605.75 0.66519 -0.570525 -0.481688 199 137 122
-42 199.5 607.5 0.778654 -0.487872 -0.394562 207 148 130
-41.5 200 609.5 0.837185 -0.437708 -0.327923 208 149 131
-41 200.25 610.25 0.862187 -0.41143 -0.295564 210 151 133
-40 201 612 0.894981 -0.368472 -0.25147 213 152 134
-39 202 615.25 0.918445 -0.31877 -0.234187 219 156 139
-38 203 618.5 0.920855 -0.282228 -0.269023 221 155 139
-37 204 621 0.920171 -0.288178 -0.265024 195 128 112
-36 204.5 622.5 0.918107 -0.291561 -0.26846 145 76 60
-62.75 201 609.75 -0.288835 -0.776132 -0.56053 62 49 43
-61 201 609.75 -0.370675 -0.734342 -0.568632 74 57 47
-60.75 201 609.75 -0.395661 -0.715386 -0.575912 79 61 49
-60 201 609.5 -0.415187 -0.714927 -0.562582 87 65 52
-58.5 200.5 608.5 -0.542078 -0.628766 -0.557499 94 66 52
-58 200 608 -0.597226 -0.561907 -0.572348 99 70 54
-57 200 607 -0.603171 -0.520003 -0.604799 106 73 58
-56 199.75 605.75 -0.606064 -0.476061 -0.637222 117 77 65
-55 199 604.75 -0.582245 -0.470092 -0.663328 120 78 66
-54 199 604.75 -0.544719 -0.485625 -0.683703 121 79 67
-53 199 603.75 -0.459625 -0.545419 -0.700901 127 80 70
-52 198.75 603 -0.330392 -0.6127 -0.717941 126 78 66
-51.25 198.75 603 -0.271144 -0.636122 -0.722378 138 86 75
-51 198.75 603 -0.237282 -0.650978 -0.721058 148 96 83
-50 198.75 603 -0.0946101 -0.669898 -0.7364 156 99 88
-49.75 198.75 602.75 -0.0505066 -0.662831 -0.747064 158 101 90
-49 198.75 602.75 0.0416092 -0.689378 -0.723206 157 99 88
-48 198.75 602.75 0.128006 -0.683573 -0.718569 164 104 94
-47.75 198.75 602.75 0.176816 -0.683647 -0.708069 168 105 96
-46 199 603.5 0.376318 -0.640501 -0.669434 180 116 106
-45 199 603.75 0.46223 -0.641347 -0.612386 188 122 108
-44 199 604.5 0.579625 -0.599622 -0.551805 192 129 114
-44 199.5 605 0.601543 -0.602759 -0.52424 197 134 119
-43 199.5 605.5 0.668862 -0.570244 -0.476912 200 138 123
-42 200 607.5 0.779647 -0.489352 -0.390751 207 148 130
-41 200.5 608.5 0.82474 -0.457785 -0.332019 208 149 131
-40 201.25 611.25 0.889626 -0.376371 -0.25867 213 152 134
-39 202.5 614.5 0.915811 -0.334114 -0.22284 220 157 142
-36 205 622 0.917698 -0.296066 -0.264906 136 67 51
-62 201 609 -0.275169 -0.784316 -0.555995 56 45 39
-61 201.5 609.5 -0.334274 -0.758821 -0.558974 73 59 50
-60.25 201.25 609.25 -0.387342 -0.739745 -0.550221 79 61 49
-60 201.25 609 -0.382266 -0.741386 -0.551561 86 64 53
-59 201 608.5 -0.448125 -0.687265 -0.571709 93 67 54
-58.5 201 608.5 -0.496436 -0.662231 -0.561251 97 67 56
-57 200.75 606.75 -0.573624 -0.562611 -0.595336 103 69 57
-56 200 605.75 -0.604917 -0.488891 -0.628538 111 71 59
-55.75 200 605 -0.606901 -0.485986 -0.628879 117 75 63
-55 200 604.75 -0.598024 -0.480995 -0.641101 118 76 64
-54 199.75 604 -0.544651 -0.507015 -0.66805 120 78 66
-53 199.75 603.75 -0.473435 -0.543985 -0.692776 125 81 70
-53 199.5 603.25 -0.475196 -0.571195 -0.669272 126 79 69
-52 199.25 603 -0.352901 -0.620583 -0.700241 126 78 66
-51 199 602.5 -0.233626 -0.660112 -0.713912 146 94 81
-50 199 602.5 -0.105624 -0.690839 -0.715252 150 93 82
-49.5 199 602.5 -0.0448071 -0.69059 -0.721857 155 98 87
-49 199 602.5 0.0280449 -0.704737 -0.708914 155 97 86
-48 199 602.75 0.140671 -0.702058 -0.698087 161 101 91
-47.75 199 602.75 0.191051 -0.689694 -0.698442 165 102 93
-47 199 602.75 0.24353 -0.67598 -0.695517 171 109 98
-46 199.5 603.5 0.377958 -0.653647 -0.655663 176 112 102
-45 199.75 603.75 0.47184 -0.647233 -0.598712 187 121 107
-44 199.75 603.75 0.548358 -0.638266 -0.540296 190 127 112
-43 200 605 0.647868 -0.594272 -0.476558 199 137 122
-42.5 200 605.5 0.687072 -0.569866 -0.45076 204 142 127
-42 200.75 606.75 0.758153 -0.528813 -0.381524 205 146 130
-41 201 608.25 0.81634 -0.476923 -0.32578 206 147 131
-40 202.25 612.25 0.906075 -0.352647 -0.233813 217 155 140
-39 203 614.25 0.915201 -0.339766 -0.216716 222 159 144
-38 204 617.5 0.921317 -0.303101 -0.243525 214 148 134
-37.25 205 619.25 0.91892 -0.301927 -0.253823 200 134 120
-36 205.75 621.75 0.918572 -0.29764 -0.260068 131 62 47
-60 201.5 608 -0.348276 -0.768854 -0.536253 78 60 50
-60 201.75 608.25 -0.348276 -0.768854 -0.536253 85 62 54
-59 201.75 608 -0.399114 -0.72645 -0.559445 94 67 56
-58 201.75 607.75 -0.478992 -0.672603 -0.564067 99 69 59
-58 201 606.75 -0.504871 -0.644617 -0.574086 99 69 58
-57 201 606.5 -0.566351 -0.584229 -0.581311 103 69 59
-56 201 605.5 -0.574136 -0.535109 -0.619698 109 69 57
-55.75 200.75 605 -0.583719 -0.524375 -0.619922 114 72 60
-55 200.25 604 -0.585908 -0.498853 -0.638638 118 75 66
-54 200.25 604 -0.548663 -0.515041 -0.65856 122 78 69
-53 200 603 -0.485947 -0.574747 -0.658424 127 79 69
-52 199.75 602.25 -0.359682 -0.639304 -0.679646 122 74 62
-51 199.75 602.25 -0.272576 -0.672122 -0.688444 128 76 65
-51 199.5 601.75 -0.263245 -0.683045 -0.681287 130 78 67
-50 199.5 601.75 -0.0974041 -0.71145 -0.695954 134 77 68
-49 199.75 601.75 0.00177676 -0.724527 -0.689244 158 99 91
-47.25 200 602.25 0.243752 -0.737159 -0.630223 168 105 96
-46 200 602.5 0.375258 -0.710205 -0.595642 181 117 107
-45 200 603 0.437069 -0.68704 -0.580471 187 121 107
-44 200 603.5 0.534734 -0.654809 -0.53412 188 125 110
-44 200.5 604 0.573014 -0.645475 -0.504992 191 128 113
-43 200.5 604.5 0.64131 -0.61554 -0.458074 195 133 120
-42.5 201 605.5 0.70234 -0.572815 -0.422613 200 138 125
-41 201.5 607.5 0.805288 -0.491356 -0.331785 205 146 130
-40 202 609.75 0.870155 -0.41444 -0.266589 214 152 137
-39 203.25 613.25 0.911246 -0.350043 -0.217026 224 160 148
-37 205 619 0.919362 -0.302282 -0.251793 196 130 118
-36 206 621.25 0.919391 -0.298897 -0.255697 129 62 46
-36 206.25 622.25 0.917748 -0.298272 -0.262243 142 73 58
-63 201 605.5 -0.238337 -0.82452 -0.513189 21 16 13
-63 201.25 606.25 -0.190449 -0.834228 -0.517487 30 22 19
-60 202 607.5 -0.318949 -0.782966 -0.534075 78 58 47
-57 201.75 605.75 -0.497989 -0.648449 -0.575779 106 68 57
-56 201.5 605.25 -0.558411 -0.556501 -0.615211 108 68 58
-55.5 201 604.25 -0.582189 -0.521171 -0.624049 112 69 60
-55 201 604 -0.59085 -0.510513 -0.624718 116 72 61
-54 200.75 603.25 -0.558324 -0.532921 -0.635822 120 76 65
-53 200.75 603 -0.503674 -0.562379 -0.655776 124 80 69
-53 200.5 602.25 -0.504434 -0.573921 -0.645105 123 79 68
-52 200.5 602.25 -0.422334 -0.613374 -0.667388 114 70 59
-51 200 601.5 -0.280976 -0.684916 -0.672267 95 49 36
-50 200 601.5 -0.124705 -0.719154 -0.683568 115 65 54
-49 200 601.25 -0.0269212 -0.757275 -0.652541 163 106 95
-48 200 601.25 0.138336 -0.77757 -0.61339 164 106 95
-47 200 601.5 0.236804 -0.745063 -0.623542 169 109 99
-47 200.25 602.25 0.26638 -0.744185 -0.61256 181 118 109
-46 200.25 602.25 0.360813 -0.72361 -0.58839 185 121 112
-46 200.5 602.5 0.383314 -0.715138 -0.584507 185 121 109
-45 200.75 602.75 0.449917 -0.717862 -0.531271 187 121 109
-44 200.75 603 0.53038 -0.68854 -0.49458 188 122 110
-43 201 604 0.627406 -0.638622 -0.445559 193 130 115
-42 201 604.5 0.688617 -0.594733 -0.414849 198 135 120
-42 201.5 605.5 0.734277 -0.563431 -0.378658 204 141 123
-41 202 606.75 0.801907 -0.500556 -0.326174 209 146 128
-38.75 204.75 614.75 0.920572 -0.334015 -0.20244 223 161 148
-61.5 202 606.5 -0.25726 -0.822093 -0.507918 66 56 47
-61 202 606.5 -0.269896 -0.813286 -0.515482 73 59 50
-60 202.25 606.75 -0.315497 -0.794085 -0.51951 76 58 46
-59 202 606.5 -0.366758 -0.777637 -0.510656 92 66 53
-58 202 606 -0.418611 -0.739072 -0.527767 99 67 54
-56 202 604.75 -0.529461 -0.592482 -0.607155 110 67 58
-55.5 201.75 604.25 -0.554355 -0.561248 -0.614565 113 69 60
-55 201.5 603.25 -0.57035 -0.537861 -0.620811 116 72 63
-54 201.25 603 -0.562294 -0.536229 -0.629511 120 76 67
-53 201 602 -0.510243 -0.584359 -0.631012 123 79 68
-52 200.75 601.25 -0.451538 -0.623684 -0.638069 118 74 63
-51 200.75 601.25 -0.318529 -0.695313 -0.644266 112 65 55
-51 200.5 600.5 -0.292244 -0.707513 -0.643443 93 47 34
-50 200.5 600.5 -0.166612 -0.742368 -0.648945 118 68 57
-49 200.5 600.5 -0.0494927 -0.779801 -0.624068 128 76 65
-49 200.25 600.25 -0.0344279 -0.781528 -0.62292 146 89 80
-48 200.5 600.5 0.107759 -0.797726 -0.593313 164 105 97
-47 200.5 600.5 0.232207 -0.797294 -0.557137 167 107 99
-46 201 601.25 0.327774 -0.792961 -0.513593 182 118 109
-45.75 201 602 0.37106 -0.769685 -0.519519 180 116 106
-45 201 602 0.427387 -0.74668 -0.509715 184 118 106
-44 201 602.5 0.518276 -0.706054 -0.482574 187 121 109
-44 201.25 602.75 0.537427 -0.698296 -0.472815 193 127 115
-43 201.5 603.5 0.606525 -0.66695 -0.432788 195 132 117
-42 201.75 604 0.672544 -0.627128 -0.392931 197 134 119
-41 202.25 606.25 0.794462 -0.512357 -0.32607 209 146 128
-40 203 608.25 0.853325 -0.449442 -0.264271 215 152 135
-39 204 612 0.905728 -0.371937 -0.203273 218 156 141
-38 205 614 0.91794 -0.348067 -0.190355 218 156 143
-37 206 617.75 0.919448 -0.324465 -0.222122 179 117 106
-36 207 620.5 0.9192 -0.309813 -0.243078 118 52 38
-36 207.25 621.25 0.918809 -0.308419 -0.246306 137 69 56
-62 202 605 -0.22295 -0.828812 -0.513189 47 38 33
-61 202.5 605.25 -0.232546 -0.825706 -0.513938 63 54 47
-60 202.5 606 -0.306626 -0.802297 -0.512152 75 58 48
-60 203 606.5 -0.29423 -0.813739 -0.501256 83 63 52
-57.75 202.75 605.75 -0.402873 -0.74402 -0.533036 97 65 52
-57 202 604.75 -0.454759 -0.653488 -0.605101 105 69 57
-55 201.75 603.25 -0.568577 -0.53721 -0.622998 114 70 61
-54 201.5 602.25 -0.566566 -0.54465 -0.618352 118 74 65
-53 201.5 602.25 -0.527838 -0.568592 -0.630944 123 79 70
-52.75 201 601.25 -0.507289 -0.591505 -0.626722 125 81 72
-52 201 601 -0.461558 -0.620363 -0.634124 123 79 68
-45.25 201.25 601.25 0.375507 -0.792784 -0.480092 171 107 97
-43.75 201.75 602 0.529428 -0.732402 -0.428127 191 127 115
-43 202 602.75 0.579023 -0.699464 -0.418905 194 131 116
-42 202 603.25 0.666875 -0.646531 -0.370507 198 135 120
-42 202.25 604.25 0.716577 -0.60112 -0.353798 202 139 121
-41 203 605.25 0.773488 -0.544461 -0.324467 206 143 125
-39.25 204 609.25 0.881308 -0.420971 -0.214662 219 156 139
-38 205.75 613.75 0.917872 -0.351618 -0.184053 216 152 140
-61 202.75 604.5 -0.249604 -0.821968 -0.511924 61 52 45
-61 203 605 -0.225437 -0.828549 -0.512527 71 58 50
-60 203.25 605.5 -0.297596 -0.812248 -0.501688 76 59 49
-59.5 203.25 605.75 -0.296078 -0.813721 -0.500196 84 64 55
-59 203 605.5 -0.316745 -0.790881 -0.523623 88 64 52
-58 203 605.5 -0.34729 -0.763919 -0.543891 92 64 53
-55 202.75 603.75 -0.555798 -0.560072 -0.614335 114 70 61
-55 202 602.75 -0.563545 -0.545205 -0.620619 115 71 62
-54 202 602.25 -0.572142 -0.536756 -0.620118 120 76 67
-52.5 201.5 600.75 -0.492531 -0.598567 -0.631768 124 81 72
-52 201.25 600.25 -0.481476 -0.613833 -0.625611 119 75 64
-51 201 599.75 -0.341425 -0.701753 -0.625277 102 58 47
-50.75 201 599.75 -0.318211 -0.70922 -0.629086 110 63 53
-50 201 599.5 -0.229601 -0.753059 -0.616592 124 76 66
-49 201 599 -0.092898 -0.794991 -0.599465 135 80 73
-48 201 599.25 0.0261746 -0.815379 -0.578335 143 88 81
-47 201 599.25 0.181037 -0.831037 -0.52593 148 89 83
-47 201.25 599.75 0.190856 -0.827159 -0.528566 154 95 89
-46 201.25 599.75 0.267385 -0.824865 -0.498099 156 93 86
-45 201.25 600.25 0.352175 -0.81012 -0.468697 167 104 95
-44 201.75 601 0.446152 -0.782597 -0.434154 189 125 113
-43.25 202 601.25 0.531222 -0.74178 -0.409348 188 124 112
-40 204 607.25 0.844504 -0.473231 -0.250731 215 152 134
-39 204.75 608.75 0.88209 -0.424581 -0.204081 221 158 141
-37 207 616.75 0.921159 -0.331667 -0.203626 142 80 67
-36 208 619.75 0.919694 -0.318536 -0.229558 118 52 40
-62 203 602.75 -0.171774 -0.840775 -0.513411 22 18 15
-61 203.25 603.75 -0.22541 -0.831613 -0.507552 59 50 43
-60 203.5 604.75 -0.261387 -0.805608 -0.53167 74 60 51
-59.25 203.75 605 -0.271782 -0.80152 -0.532635 83 65 55
-59 203.75 605 -0.278767 -0.79811 -0.534143 87 63 51
-57 203 604 -0.378911 -0.716559 -0.585636 103 66 57
-56 203 604 -0.471226 -0.623163 -0.62419 107 67 57
-54 202.75 601.75 -0.568784 -0.538822 -0.621415 119 76 67
-53 202 600.75 -0.541042 -0.577538 -0.611329 122 79 70
-52.5 202 600.5 -0.517054 -0.590632 -0.619523 122 79 70
-52 202 599.75 -0.500182 -0.60402 -0.620466 115 73 61
-50.5 202 599.5 -0.363436 -0.685631 -0.630733 108 64 53
-45 202 599.75 0.347693 -0.81461 -0.464242 173 110 101
-44 202.25 600.5 0.448036 -0.785343 -0.4272 184 122 109
-43.25 202.25 601 0.520389 -0.747972 -0.411986 186 124 111
-43 202.25 601.25 0.530492 -0.743719 -0.406769 190 128 113
-42 202.75 602 0.640031 -0.680055 -0.357611 198 136 121
-41 203.25 604.25 0.744268 -0.57899 -0.332922 203 142 124
-38 206 611.75 0.907636 -0.383638 -0.170346 220 158 143
-37 207.75 615.75 0.91925 -0.350383 -0.179477 130 68 55
-62 203.5 602.5 -0.127931 -0.841574 -0.524773 36 28 25
-61 203.5 602.75 -0.152698 -0.82591 -0.54273 56 47 42
-60 204 604 -0.206922 -0.814052 -0.542681 72 58 49
-59 204 604 -0.241825 -0.78123 -0.5755 81 63 53
-58 204 604 -0.288456 -0.767446 -0.572555 91 64 53
-55 203 602 -0.551907 -0.557615 -0.620051 111 71 61
-54 203 600.75 -0.56574 -0.547722 -0.616392 113 73 63
-52 202.5 599.5 -0.515697 -0.582428 -0.628359 117 75 63
-51 202 598.75 -0.416034 -0.653714 -0.632119 105 61 50
-50 202 598.5 -0.303066 -0.712721 -0.632598 110 62 52
-49 202 598.5 -0.165215 -0.770627 -0.615498 105 57 47
-48 202 598 -0.0311893 -0.817539 -0.575029 134 81 73
-47 202 598 0.102146 -0.834801 -0.540993 138 79 73
-46.25 202 598.25 0.192095 -0.842534 -0.503226 152 93 85
-46 202 598.25 0.220286 -0.835369 -0.503619 165 105 97
-45 202.25 599.25 0.341048 -0.819508 -0.460535 167 105 94
-44 202.75 600 0.456443 -0.779748 -0.428547 174 112 99
-43 202.75 600 0.515516 -0.762328 -0.391279 186 124 111
-42 203 601 0.634957 -0.685527 -0.356206 196 135 117
-40.25 204 604.25 0.780112 -0.563231 -0.272389 205 144 126
-40 204.75 606 0.826896 -0.506291 -0.244771 210 149 131
-39 205 607.25 0.862311 -0.461756 -0.20785 213 152 134
-36 209 618.75 0.921248 -0.329777 -0.206276 121 54 45
-61 204 602 -0.0707079 -0.822078 -0.564968 50 43 37
-60.5 204.25 602.75 -0.106857 -0.815891 -0.568245 62 51 45
-60 204.25 603 -0.160083 -0.797359 -0.581886 69 56 47
-59 204.5 603.5 -0.206143 -0.773928 -0.598783 85 63 52
-58 204.5 603.5 -0.255046 -0.749147 -0.611335 91 64 55
-57 204 603 -0.308494 -0.710511 -0.63246 101 67 58
-56 204 602.25 -0.408331 -0.649798 -0.641115 108 70 61
-55 204 602 -0.508405 -0.587603 -0.629482 109 69 61
-54.25 204 601.25 -0.55825 -0.549115 -0.621956 111 71 63
-54 203.75 600.75 -0.571691 -0.537545 -0.619851 112 72 64
-53 203 600 -0.564209 -0.550025 -0.615744 112 72 62
-52 203 598.75 -0.556805 -0.55699 -0.616223 117 74 65
-49 202.5 597.5 -0.197818 -0.753486 -0.626998 107 59 49
-48 202.5 597.5 -0.100328 -0.785004 -0.611312 136 83 75
-47 202.5 597.5 0.0608761 -0.822737 -0.565152 143 86 79
-46 202.5 597.5 0.178873 -0.826567 -0.533659 148 89 83
-45 203 598.25 0.317244 -0.815261 -0.484465 164 101 92
-44 203 598.75 0.39658 -0.792801 -0.462808 172 109 94
-43 203 599 0.508715 -0.757136 -0.409822 186 123 108
-42 203.25 600 0.604741 -0.705197 -0.370115 198 135 118
-41 204 602.25 0.720345 -0.624734 -0.301347 203 142 124
-40 204.25 603.25 0.771606 -0.575034 -0.271956 206 145 127
-39 205.75 606.75 0.861684 -0.465567 -0.201862 213 152 134
-38 206.75 609.75 0.894694 -0.417694 -0.158283 219 160 144
-37 208 613.75 0.913869 -0.3711 -0.164705 136 76 65
-35.75 210 619.75 0.913691 -0.346504 -0.212377 128 61 52
-61 204.25 601 -0.0353041 -0.821626 -0.568932 46 39 33
-60.25 204.5 601.75 -0.0759019 -0.810685 -0.580541 61 50 44
-58.75 205 602.75 -0.1678 -0.784371 -0.597164 82 62 51
-55 204.25 601.25 -0.467864 -0.598421 -0.650381 105 64 58
-54.25 204.25 601.25 -0.54547 -0.544973 -0.636763 109 71 62
-54 204 600.25 -0.570642 -0.526837 -0.629929 112 74 65
-53 204 599.75 -0.573588 -0.52563 -0.62826 112 74 65
-52 203.75 598.75 -0.567068 -0.534309 -0.626855 118 78 70
-52 203.5 598.5 -0.564958 -0.539139 -0.624622 116 76 68
-51 203 597.75 -0.458945 -0.620728 -0.635662 109 64 58
-50 203 597.5 -0.347561 -0.680146 -0.645448 119 70 63
-49 203 597.5 -0.231934 -0.729423 -0.643544 117 69 59
-48 203 596.5 -0.148449 -0.753552 -0.640408 136 83 75
-47 203 596.5 0.0213878 -0.791 -0.611442 153 96 89
-46 203 596.75 0.144555 -0.813038 -0.56398 168 105 98
-45 203.25 597.5 0.286982 -0.805812 -0.517986 175 111 102
-44.25 203.25 597.5 0.347299 -0.792967 -0.500586 180 113 104
-44 203.25 597.75 0.36858 -0.796734 -0.478919 182 119 104
-43 203.25 598 0.485144 -0.7552 -0.440805 185 122 107
-43 203.75 599 0.52956 -0.747465 -0.401075 191 128 111
-41.5 204 600.5 0.666531 -0.667365 -0.332207 201 138 121
-40 205 603 0.787487 -0.562747 -0.251358 207 146 128
-39 206.25 607.25 0.871864 -0.454284 -0.182972 216 154 139
-38 207 609 0.891945 -0.424298 -0.156224 216 157 141
-38 207.75 611.25 0.906559 -0.398221 -0.139893 216 156 145
-37 208.5 613.25 0.910348 -0.386646 -0.147551 145 85 74
-35.5 210.75 619.25 0.912657 -0.358647 -0.196035 127 60 52
-60 205 601.25 -0.0948823 -0.811781 -0.576202 65 56 49
-59 205 601.75 -0.123191 -0.798156 -0.589721 76 62 53
-58 205 601.75 -0.17276 -0.760552 -0.625871 91 64 55
-57 205 601.5 -0.250985 -0.723524 -0.643056 96 64 53
-56.5 205 601.5 -0.282335 -0.702357 -0.653438 102 68 58
-56 205 601.25 -0.359663 -0.647423 -0.671928 104 70 61
-55 205 601.25 -0.438049 -0.600333 -0.669113 106 69 61
-53 204.25 599.25 -0.576669 -0.515457 -0.633843 111 71 63
-52 204 597.75 -0.574339 -0.516332 -0.635245 118 75 66
-51 204 597.75 -0.522304 -0.559014 -0.643973 112 69 60
-49 203.5 596.5 -0.263408 -0.711841 -0.651075 116 74 60
-48 203.5 596.5 -0.157838 -0.747774 -0.64492 135 83 70
-47 203.5 596.5 0.00311043 -0.787193 -0.616698 153 96 85
-46 203.5 596.5 0.126761 -0.804353 -0.580472 173 109 99
-45 203.5 596.75 0.295043 -0.792784 -0.533332 181 115 103
-44.25 204 597.25 0.34455 -0.787976 -0.510273 186 118 105
-42 204 598.5 0.585043 -0.710868 -0.390373 199 136 119
-41 204.5 599.5 0.678409 -0.652527 -0.337595 203 140 122
-40 205.25 602.25 0.770365 -0.581611 -0.261277 206 145 126
-39 206 605 0.832852 -0.512589 -0.208832 209 152 133
-38 207.5 608.5 0.886904 -0.437488 -0.148343 215 159 144
-37 208.75 612.25 0.905653 -0.399882 -0.141019 154 96 84
-36.75 209.75 614.5 0.908165 -0.389755 -0.15273 108 50 39
-35 211 618.75 0.908874 -0.372251 -0.188088 121 62 54
-60 205.25 600.25 -0.0214098 -0.810753 -0.584996 48 43 39
-60 205.5 600.75 -0.0284204 -0.811694 -0.58339 64 53 47
-56.25 206 601.25 -0.250343 -0.684701 -0.68448 102 69 60
-55 205.75 600.75 -0.403488 -0.59377 -0.696157 104 67 58
-54 205.25 600.25 -0.530023 -0.537677 -0.655728 106 69 60
-54 205 599.75 -0.542588 -0.528393 -0.652992 110 70 62
-53 205 599 -0.583411 -0.496537 -0.642715 111 71 61
-52 204.75 597.75 -0.582438 -0.507734 -0.634801 121 77 68
-51 204.25 597.25 -0.51386 -0.550722 -0.657764 115 71 62
-50 204 596.25 -0.40553 -0.620279 -0.671416 120 73 63
-49 204 595.75 -0.260816 -0.687977 -0.677246 125 79 66
-48 204 595.5 -0.193173 -0.729589 -0.656037 140 86 74
-45 204 596.25 0.272067 -0.784567 -0.557166 180 114 102
-44 204 596.25 0.348243 -0.769734 -0.535011 183 115 102
-43 204 596.75 0.46245 -0.736326 -0.493927 187 121 107
-43 204.5 597.5 0.510362 -0.724185 -0.463774 194 128 112
-41 205 598.75 0.680537 -0.645985 -0.345793 203 140 122
-37.75 208.5 609.25 0.891468 -0.432148 -0.136137 217 161 148
-36 209.75 613.5 0.903913 -0.403161 -0.142839 109 52 43
-59 206 600.5 -0.0308091 -0.791805 -0.609996 77 60 53
-58 206 600.75 -0.0878845 -0.770587 -0.631247 80 60 51
-57 206 600.5 -0.118652 -0.732773 -0.670049 95 65 55
-56 206 600.25 -0.300826 -0.662885 -0.685629 104 70 60
-55 206 600.25 -0.387595 -0.60717 -0.693624 105 68 59
-53 205.75 598.75 -0.583193 -0.491853 -0.646503 113 73 63
-52 205.25 598.25 -0.589934 -0.499341 -0.634536 119 76 67
-52 205 597.25 -0.58899 -0.494648 -0.639073 125 81 70
-51 205 597.25 -0.544892 -0.519252 -0.658384 120 76 65
-49.5 204.5 595.5 -0.383972 -0.63609 -0.669294 124 76 64
-49 204.25 595.25 -0.272371 -0.688125 -0.672531 133 84 70
-48 204.25 595.25 -0.191752 -0.717356 -0.6698 141 87 75
-47.75 204.25 595 -0.149421 -0.718789 -0.678981 148 90 78
-47 204 594.75 -0.039251 -0.7475 -0.663101 159 97 86
-46 204 594.75 0.0901082 -0.758165 -0.645806 171 104 95
-46 204.5 595.5 0.083803 -0.767141 -0.635981 176 108 99
-45 204.5 595.5 0.234914 -0.77166 -0.591063 180 110 98
-44 204.75 595.75 0.356348 -0.762703 -0.539722 182 112 100
-42.75 205 596.75 0.518351 -0.708898 -0.478305 190 124 108
-42 205 597.75 0.58903 -0.691517 -0.418149 199 133 117
-41 205.75 598.75 0.687579 -0.638134 -0.346439 202 139 121
-40 206 600.75 0.765845 -0.584445 -0.268153 206 145 127
-39 207 603.75 0.827675 -0.526166 -0.1952 208 151 134
-38.75 207.75 604.75 0.849468 -0.499524 -0.169942 211 153 139
-38 208 606.5 0.869939 -0.472479 -0.141312 211 155 142
-37 209.5 610.5 0.897436 -0.42566 -0.115853 186 129 118
-36 210 612.75 0.901105 -0.412453 -0.133761 115 58 49
-35 211.75 617 0.906421 -0.394287 -0.151454 108 55 49
-59.25 206 599.25 0.0389653 -0.793304 -0.607578 61 50 46
-55 206.75 599.75 -0.363912 -0.585412 -0.724473 104 67 58
-54 206 598.75 -0.510495 -0.529614 -0.677425 110 72 61
-51.5 205.5 596.75 -0.573808 -0.496199 -0.65156 119 77 65
-51 205.5 596.5 -0.55623 -0.508048 -0.657644 117 73 62
-50 205 595.5 -0.461501 -0.576227 -0.674522 117 71 58
-49.5 205 595.5 -0.416778 -0.599001 -0.683736 128 80 68
-47.75 204.75 594.75 -0.178215 -0.708001 -0.683355 156 96 85
-47 204.75 594.75 -0.0540327 -0.747119 -0.662491 163 99 89
-46 204.75 594.75 0.074997 -0.747543 -0.659966 170 103 94
-43 205 595.75 0.446571 -0.735643 -0.509317 186 116 104
-42.75 205.75 596.75 0.528462 -0.707251 -0.469599 189 122 106
-41 206 597.75 0.665489 -0.647951 -0.370518 199 136 118
-39 207.75 602.75 0.818056 -0.536596 -0.206999 209 150 134
-38.25 208 604.25 0.849858 -0.500936 -0.163717 212 152 141
-37 209 607.5 0.883338 -0.45425 -0.115631 218 160 149
-36 210.75 611.75 0.897797 -0.422544 -0.124167 121 66 59
-36 211.25 614 0.899695 -0.413448 -0.140031 109 56 48
-35 212 616.25 0.902967 -0.403251 -0.148454 101 51 44
-61 206 597.75 0.164015 -0.798399 -0.57936 21 17 18
-60 206 598 0.123669 -0.796223 -0.592228 36 28 26
-59 206.75 598.75 0.0835694 -0.780071 -0.620085 59 48 46
-58 207 599 0.0407485 -0.764506 -0.643328 83 63 56
-57 207 599.5 -0.03544 -0.722313 -0.690658 94 66 55
-56 207 599.25 -0.190123 -0.672415 -0.71534 101 69 58
-54 206.75 598.75 -0.507605 -0.529597 -0.679606 108 71 62
-53 206 597.75 -0.584579 -0.479854 -0.654223 110 70 60
-52 206 596.75 -0.592821 -0.468409 -0.6551 111 71 61
-51.5 206 596.5 -0.587381 -0.473205 -0.656552 116 74 62
-51 205.75 595.75 -0.559307 -0.502402 -0.659369 115 71 60
-50 205.5 595.5 -0.474115 -0.557336 -0.681609 116 72 59
-49 205 595 -0.35009 -0.63168 -0.691677 131 83 71
-48 205 594.25 -0.233255 -0.679773 -0.695342 147 93 81
-47.25 205 594.25 -0.108973 -0.71847 -0.686969 156 98 87
-47 205 594 -0.0566606 -0.720928 -0.69069 160 97 88
-46 205 594 0.0676257 -0.736901 -0.67261 162 98 88
-45 205 594.5 0.210439 -0.758265 -0.617049 177 109 96
-44 205 595 0.329701 -0.758435 -0.562205 182 112 100
-43 205.5 595.5 0.447405 -0.736453 -0.507412 186 116 104
-42 205.75 595.75 0.534044 -0.708267 -0.461688 188 121 105
-41 206.5 597.5 0.657229 -0.655977 -0.371138 199 133 117
-40 207 599.75 0.757797 -0.589367 -0.279982 201 140 122
-40 207.75 600.75 0.782707 -0.570507 -0.24878 206 144 129
-38 208.25 603.25 0.839333 -0.515176 -0.173532 211 151 140
-37 209.75 606.75 0.880657 -0.459675 -0.114642 217 159 148
-35 212.25 615 0.899569 -0.413311 -0.141247 96 47 42
-60.75 206.75 597 0.212909 -0.781485 -0.586473 21 17 18
-59 207 598 0.125165 -0.778845 -0.614601 57 46 44
-57 207.5 599.5 -0.0197425 -0.726867 -0.686495 96 66 58
-56 207.5 599.5 -0.166096 -0.677362 -0.716654 97 62 56
-56 207.25 599.25 -0.166096 -0.677362 -0.716654 100 66 56
-55 207 599 -0.342017 -0.617107 -0.708663 106 69 60
-54 207 598.5 -0.505452 -0.535794 -0.676345 112 72 64
-53 207 597.5 -0.57122 -0.488116 -0.659887 111 71 61
-52 206.75 596.75 -0.600392 -0.459423 -0.654568 114 71 62
-51 206 595.5 -0.560807 -0.497297 -0.66196 114 70 59
-50 206 595 -0.510044 -0.538641 -0.670613 114 68 55
-47 205.75 593.75 -0.106314 -0.697849 -0.70831 159 97 86
-43 206 595 0.446562 -0.730552 -0.516601 187 117 105
-42 206 595.5 0.537445 -0.703888 -0.464429 188 121 105
-41 206.75 596.75 0.64644 -0.662769 -0.377957 199 133 117
-40 207.5 598.5 0.738849 -0.609042 -0.288391 202 140 125
-36 211 609.75 0.889787 -0.44402 -0.105474 142 85 78
-35 212.75 614 0.897079 -0.420884 -0.134555 94 45 41
-60 207 596.5 0.236765 -0.763196 -0.601227 29 20 21
-59 207.5 597.5 0.164317 -0.757862 -0.631383 52 40 40
-59 207.75 597.75 0.164317 -0.757862 -0.631383 74 56 54
-57.75 208 598.75 0.0928097 -0.744539 -0.661096 89 61 57
-56 208 599 -0.114808 -0.67272 -0.730936 96 59 51
-55.75 208 598.75 -0.141868 -0.664451 -0.733742 93 56 47
-53.5 207.5 597.5 -0.507831 -0.531694 -0.677797 110 66 57
-53 207.5 597.5 -0.55881 -0.488907 -0.669852 111 67 56
-52 207 596 -0.603909 -0.454634 -0.654676 115 68 58
-51 206.75 594.75 -0.588293 -0.470496 -0.657682 114 68 55
-50 206.75 594.75 -0.529972 -0.509511 -0.677885 106 60 45
-49 206 594 -0.41817 -0.591512 -0.689382 109 61 47
-48 206 593.75 -0.282237 -0.64365 -0.711377 123 71 58
-47 206 593 -0.143713 -0.676733 -0.722065 165 103 92
-46 206 593 0.0220001 -0.717143 -0.696579 166 99 90
-45.25 206 593.25 0.107963 -0.740673 -0.663135 164 96 87
-45 206 593.5 0.153485 -0.743988 -0.650327 175 105 95
-44 206 593.75 0.268986 -0.75158 -0.602307 179 109 99
-43 206.25 594.25 0.403167 -0.746435 -0.529425 186 116 104
-42 206.5 594.5 0.515299 -0.717359 -0.468896 187 120 104
-41 207 596.5 0.636626 -0.671555 -0.379107 199 133 117
-39 208 599 0.770372 -0.586049 -0.251145 205 143 128
-37 210 604.75 0.864767 -0.486741 -0.123541 214 154 144
-34.75 213.75 614.75 0.8962 -0.422396 -0.135671 72 25 19
-59 208 596.5 0.221062 -0.747651 -0.626218 47 37 36
-58 208 597.75 0.14083 -0.7514 -0.644644 84 63 60
-57 208 598 0.1009 -0.716389 -0.690366 90 61 57
-57 208.5 598.5 0.109847 -0.726361 -0.678479 96 63 58
-56 208.5 598.5 -0.0692457 -0.689963 -0.720525 94 55 48
-55.5 208.5 598.25 -0.162589 -0.676471 -0.718298 88 50 41
-55 208 597.75 -0.253243 -0.640773 -0.72476 97 54 45
-54 208 597.75 -0.447378 -0.574789 -0.685179 103 60 51
-53.5 208 597.5 -0.487886 -0.539642 -0.686116 111 64 56
-53 208 596.5 -0.533191 -0.50273 -0.680419 112 65 55
-52 207.75 595.75 -0.592793 -0.458864 -0.661846 116 68 58
-51 207 594.75 -0.589429 -0.476342 -0.652435 116 68 56
-50 207 594 -0.538029 -0.510455 -0.670791 102 54 40
-49 207 593.75 -0.468826 -0.549136 -0.691847 125 76 61
-47 206.75 592.75 -0.177088 -0.667382 -0.723354 161 99 86
-43 207 593.75 0.378938 -0.738339 -0.557908 185 115 103
-42 207 594.25 0.501279 -0.727302 -0.468777 186 119 103
-41 207.5 595.5 0.625884 -0.678177 -0.385156 199 133 117
-40 208 597.5 0.713448 -0.628513 -0.309779 201 138 123
-39 208.25 598.25 0.765393 -0.593062 -0.249904 206 143 128
-38 209 600.5 0.810732 -0.553218 -0.191477 213 151 138
-37 210.75 603.75 0.861326 -0.490741 -0.131496 214 151 142
-36 211.75 607.25 0.881219 -0.462081 -0.099672 175 120 113
-35.75 212.75 609.5 0.888739 -0.447672 -0.098653 80 31 26
-60 208 595.5 0.287062 -0.739188 -0.609259 25 16 19
-59 208.25 596.25 0.227339 -0.745615 -0.626399 42 30 32
-58.75 208.75 596.75 0.21201 -0.740548 -0.637684 72 52 53
-56 209 597.75 -0.0571158 -0.693461 -0.718227 89 55 45
-55 209 597.75 -0.204593 -0.65089 -0.731084 82 50 37
-55 208.75 597.25 -0.192157 -0.648799 -0.736299 89 56 41
-54 208.75 597.25 -0.430563 -0.565758 -0.70323 101 63 50
-53 208.75 596.75 -0.507093 -0.52567 -0.683028 107 65 53
-53 208.25 596.25 -0.517422 -0.514426 -0.683843 112 66 53
-52 208 595.25 -0.593065 -0.451045 -0.666958 118 68 57
-49 207.25 593.25 -0.463569 -0.551011 -0.693895 138 81 70
-48 207 592.75 -0.30375 -0.608696 -0.732957 144 86 75
-47 207 592 -0.217066 -0.647906 -0.730137 163 101 90
-46 207 592 -0.0568474 -0.706887 -0.705038 163 99 89
-45 207 592.25 0.0589741 -0.744636 -0.664861 168 101 92
-44 207 592.75 0.213558 -0.76814 -0.603617 176 108 99
-43.75 207 592.75 0.210852 -0.770303 -0.60181 179 109 97
-43 207.25 593.25 0.354331 -0.767842 -0.53373 185 115 103
-42 207.5 593.5 0.460166 -0.760949 -0.457388 189 120 105
-41 208 595 0.627269 -0.685392 -0.369827 201 132 117
-40.75 208 595.75 0.644692 -0.668503 -0.370777 206 137 122
-40 208.75 596.75 0.715957 -0.624869 -0.311359 202 136 122
-38 209.75 599.75 0.802844 -0.563248 -0.195432 212 150 137
-37 210.5 602.5 0.850852 -0.506096 -0.141128 210 152 140
-36.75 211.5 604.25 0.866147 -0.485605 -0.118225 217 163 151
-35.5 212.75 608.25 0.883116 -0.459138 -0.0964239 76 26 17
-34 214 612.5 0.891353 -0.436686 -0.121631 60 13 5
-58 209 596 0.22493 -0.728694 -0.646847 64 46 46
-57 209 597 0.161944 -0.71921 -0.675657 88 59 53
-57 209.5 597.5 0.164745 -0.717966 -0.676301 96 63 54
-56 209.5 597.5 -0.0428631 -0.68758 -0.724842 92 55 46
-55 209.5 597.25 -0.144016 -0.658323 -0.73883 94 54 42
-54 209.25 597 -0.392546 -0.58411 -0.710439 101 61 49
-53 209 596 -0.4896 -0.516778 -0.702306 110 64 51
-52 209 595.25 -0.565342 -0.474551 -0.674678 116 66 55
-51 208.75 594.75 -0.607725 -0.441967 -0.659799 121 71 60
-51 208 594 -0.602815 -0.455056 -0.655391 124 72 61
-50 208 594 -0.577118 -0.475478 -0.663969 104 52 39
-49 208 593.25 -0.508192 -0.529533 -0.679216 143 89 77
-48 208 592.75 -0.379029 -0.58923 -0.713544 149 92 81
-43.5 208 592.5 0.211865 -0.784286 -0.583102 174 104 94
-43 208 592.75 0.297764 -0.774148 -0.558597 177 107 97
-42 208 593.25 0.433 -0.76313 -0.479733 183 114 99
-41 208.5 594.5 0.605764 -0.708087 -0.362855 200 131 116
-39 209 596.75 0.736333 -0.620812 -0.269084 209 143 129
-39 209.75 597.75 0.759763 -0.602652 -0.24407 205 142 127
-38 210 599.25 0.794882 -0.569677 -0.208878 208 146 133
-36.5 211.5 603.25 0.8605 -0.494602 -0.122098 215 158 147
-60 209 594.25 0.360879 -0.71056 -0.604045 25 19 21
-59 209 595 0.273422 -0.727279 -0.629528 28 18 19
-58 209.75 595.75 0.245384 -0.728943 -0.639084 59 41 41
-56 210 597 0.0447882 -0.716083 -0.696577 86 49 40
-55 210 596.5 -0.138266 -0.672375 -0.727182 91 47 36
-54 210 596.5 -0.364677 -0.588004 -0.721985 96 52 41
-53 209.75 596 -0.474912 -0.520415 -0.709667 103 56 46
-52 209.25 595 -0.566312 -0.469142 -0.67764 115 67 55
-45 208 591.25 -0.016715 -0.75651 -0.653768 151 84 76
-44 208 591.5 0.0974517 -0.783855 -0.613249 159 91 82
-43.25 208.25 591.75 0.195544 -0.792199 -0.578086 166 96 86
-42 208.25 592.25 0.372717 -0.790733 -0.485616 174 105 90
-40 209.25 595.25 0.675726 -0.664851 -0.318382 203 136 120
-38 210.25 598.25 0.783116 -0.587592 -0.203631 205 141 129
-35 213.5 606.25 0.878599 -0.469199 -0.0889722 99 52 44
-34 214.75 610.5 0.889211 -0.446444 -0.0999593 46 5 0
-60 209.25 594.25 0.36952 -0.704881 -0.605473 25 19 21
-59 209.25 594.25 0.314991 -0.722342 -0.615632 25 15 14
-57 210 596 0.184195 -0.732038 -0.655891 85 58 49
-57 210.5 596.5 0.192668 -0.72201 -0.664516 84 52 41
-55 210.5 596.5 -0.133556 -0.672195 -0.728229 82 40 28
-54 210.25 596.25 -0.34787 -0.599522 -0.720805 91 45 32
-53 210 595.25 -0.467284 -0.520383 -0.714736 112 64 52
-52 209.75 595 -0.556766 -0.475712 -0.680962 117 67 56
-51 209.25 594.25 -0.618677 -0.447973 -0.645414 119 69 58
-51 209 593.5 -0.623624 -0.451709 -0.638007 120 70 59
-50 209 593 -0.595734 -0.481934 -0.642527 110 62 50
-48 208.5 591.5 -0.373792 -0.63314 -0.677801 132 80 69
-47 208.5 591.5 -0.287834 -0.678189 -0.676174 132 78 66
-47 208 591 -0.257337 -0.691699 -0.674782 141 83 72
-46 208 591 -0.125609 -0.731603 -0.670059 143 83 73
-45 208.25 591.25 -0.0426121 -0.761447 -0.646825 151 84 75
-44 208.25 591.25 0.0828229 -0.795071 -0.600835 153 85 76
-43 208.25 591.25 0.171951 -0.812816 -0.556564 160 90 80
-42 208.75 591.75 0.34177 -0.800613 -0.49215 162 92 80
-40 209 593 0.595973 -0.725795 -0.343567 185 116 101
-37.25 211 598.25 0.797825 -0.574614 -0.182466 203 144 130
-37 211.5 599.5 0.822613 -0.545494 -0.160451 210 150 139
-36 212 601.5 0.850262 -0.51146 -0.124351 211 153 142
-35 213 604.75 0.872314 -0.479392 -0.0961867 135 86 81
-59.5 210 593.5 0.341831 -0.700622 -0.626323 25 19 19
-58 210 594.5 0.26522 -0.718873 -0.642557 51 33 31
-57 210.25 595.25 0.178166 -0.737899 -0.650969 84 55 47
-56.5 210.5 595.5 0.147257 -0.725559 -0.67222 84 52 41
-56 210.5 595.75 0.101722 -0.725556 -0.680604 86 48 37
-55 210.75 595.75 -0.0834762 -0.69059 -0.718413 88 41 31
-54 210.75 595.75 -0.306534 -0.611723 -0.729268 94 47 37
-53 210.25 595.25 -0.455469 -0.53058 -0.714865 116 64 53
-52 210 594.25 -0.563409 -0.477538 -0.674186 118 64 54
-51 210 593.25 -0.617351 -0.466666 -0.633324 118 64 54
-50 209.25 592.25 -0.607172 -0.484876 -0.629474 113 61 50
-49 209 591.75 -0.523963 -0.561657 -0.640316 94 42 31
-48.5 209 591.5 -0.492918 -0.593941 -0.635819 121 69 58
-48 209 591.5 -0.396612 -0.636419 -0.661567 128 76 65
-47 209 590.5 -0.349262 -0.690279 -0.633664 128 74 64
-46.5 209 590.5 -0.253431 -0.730956 -0.633621 133 76 67
-41.75 209 591.75 0.349988 -0.806056 -0.477265 154 82 70
-41 209 592 0.452655 -0.778179 -0.435362 164 92 78
-38.75 210.75 594.75 0.711924 -0.658066 -0.24518 203 137 123
-37 211 597 0.784669 -0.591232 -0.186387 204 142 131
-36 212.5 600.25 0.844552 -0.522704 -0.116244 208 150 139
-35 213.75 603.75 0.868269 -0.485727 -0.100889 167 118 113
-59 210 593 0.34516 -0.697375 -0.628118 23 19 18
-59 210.5 593.5 0.348098 -0.692313 -0.632085 25 15 14
-57 211 595 0.20857 -0.722092 -0.659607 82 55 46
-56.25 211 595.25 0.145011 -0.73262 -0.665011 85 53 42
-56 211 595.5 0.128772 -0.722175 -0.679619 90 54 42
-55 211.25 595.75 -0.0887685 -0.691833 -0.716581 93 51 39
-55 211 595.5 -0.0887685 -0.691833 -0.716581 97 50 40
-54 211 595.25 -0.277949 -0.631479 -0.723864 103 55 45
-53 211 594.25 -0.452073 -0.548212 -0.703628 114 59 52
-52 211 594.25 -0.561583 -0.494013 -0.663759 116 59 52
-51 210.25 593.25 -0.621608 -0.464874 -0.630472 120 61 53
-50.25 210 592.25 -0.621872 -0.487946 -0.612523 123 64 56
-50 210 592 -0.622659 -0.491265 -0.60906 120 63 54
-49 210 591.5 -0.591112 -0.533998 -0.604511 92 35 26
-48.5 210 591.5 -0.533702 -0.580169 -0.615277 106 52 42
-48 209.5 590.5 -0.451954 -0.620036 -0.641322 112 58 48
-47 209.5 590.5 -0.369989 -0.689998 -0.622102 111 57 45
-46 209 590 -0.229983 -0.745593 -0.625459 107 50 39
-45 209 590 -0.101356 -0.789952 -0.604734 136 69 60
-44 209 590 0.00404265 -0.806899 -0.590676 148 78 70
-43 209 589.75 0.119689 -0.813846 -0.568621 159 86 77
-42 209 589.75 0.265387 -0.812589 -0.518911 167 95 83
-41 209.75 590.75 0.401689 -0.79895 -0.447576 179 107 95
-39 210 593 0.635241 -0.70779 -0.309035 198 128 116
-38 210.75 593.75 0.706403 -0.663972 -0.245225 202 136 122
-36 212.75 598.75 0.832729 -0.537653 -0.132254 209 149 139
-34 215 606.75 0.877093 -0.472088 -0.0885466 45 7 4
-33.75 216.25 609 0.883183 -0.461268 -0.0849704 43 10 5
-59 211 592 0.369587 -0.66797 -0.645926 22 18 17
-58 211 593.25 0.325877 -0.682708 -0.653999 40 25 22
-57 211.5 594.5 0.244917 -0.714417 -0.655457 83 56 49
-56 211.5 594.5 0.157588 -0.696357 -0.700181 79 49 39
-55 211.75 595.25 -0.0601505 -0.678674 -0.731972 94 52 40
-54.75 211.75 595.25 -0.164267 -0.660416 -0.732712 100 52 42
-53 211.25 594.25 -0.444872 -0.55435 -0.703409 111 56 49
-52 211.25 594 -0.562124 -0.48713 -0.668372 117 60 53
-51 211 593 -0.625733 -0.467019 -0.62478 121 64 57
-50.25 211 592.25 -0.639586 -0.4821 -0.598756 124 67 60
-50 210.25 591.25 -0.62803 -0.504204 -0.592753 121 69 58
-49 210.25 591 -0.593062 -0.541757 -0.595632 90 38 27
-48 210 590.5 -0.480581 -0.609389 -0.630624 97 45 34
-47 210 589.5 -0.37728 -0.685577 -0.622611 116 62 50
-42 209.75 588.75 0.195301 -0.812967 -0.548582 178 104 93
-40 210 591 0.528855 -0.755876 -0.385958 193 119 106
-40 210.25 591.25 0.533621 -0.755157 -0.380771 195 126 111
-38 211 592.75 0.697226 -0.671333 -0.251372 201 135 121
-33.5 216.5 608.25 0.882087 -0.463372 -0.08491 40 11 7
-59 211.25 592.25 0.369587 -0.66797 -0.645926 26 18 16
-57 212 594 0.26607 -0.685488 -0.677726 81 56 49
-56 212 594.5 0.184456 -0.689814 -0.700095 84 47 38
-55 212 594.75 -0.0342715 -0.681445 -0.731067 88 45 36
-54.75 212 594.75 -0.137409 -0.665104 -0.734 93 44 37
-54 212 594.75 -0.251302 -0.641687 -0.724627 93 44 37
-53 212 594.25 -0.400766 -0.583557 -0.706292 111 58 50
-52 212 593.25 -0.560911 -0.511652 -0.650839 118 65 57
-51 211.5 592.5 -0.627239 -0.484278 -0.609956 117 67 58
-50 211 591 -0.644468 -0.497394 -0.58074 115 67 55
-49 211 590.5 -0.618047 -0.527214 -0.583149 93 45 33
-48 210.5 589.5 -0.512341 -0.609749 -0.604742 102 50 39
-47 210.5 589.5 -0.412756 -0.669878 -0.617168 115 63 50
-46 210 588.75 -0.292305 -0.732036 -0.61537 116 59 48
-45 210 588.5 -0.176737 -0.775514 -0.606087 150 86 77
-44 210 588.5 -0.0245507 -0.79944 -0.600244 160 92 81
-43 210 588.75 0.0800275 -0.81652 -0.571744 174 100 91
-42 210 588.75 0.195674 -0.812053 -0.549801 179 105 94
-41 210 588.75 0.321423 -0.790196 -0.521802 184 110 99
-41 210.5 589.5 0.366227 -0.795499 -0.482762 194 120 107
-39.75 211 590.75 0.556012 -0.743862 -0.370837 196 127 112
-38 211.25 592.25 0.686914 -0.676907 -0.264471 200 134 120
-37 212 594.5 0.761772 -0.615711 -0.201502 207 145 134
-37 212.5 595.5 0.786246 -0.59291 -0.173996 209 147 136
-36 213 597 0.818622 -0.556585 -0.141675 210 152 141
-36 213.75 598.75 0.835075 -0.535313 -0.126843 203 148 141
-34.75 215 602.75 0.863636 -0.494892 -0.0959996 119 79 79
-33 216.75 607 0.878305 -0.470403 -0.0854467 36 8 5
-33 217.5 609.5 0.885578 -0.456601 -0.085247 31 12 8
-58 212 592.5 0.319682 -0.673173 -0.666815 29 18 16
-57 212.5 593.5 0.248744 -0.686565 -0.683195 81 58 52
-54.5 213 594.5 -0.129447 -0.673813 -0.727475 79 35 26
-52.25 212.25 593.25 -0.527779 -0.532288 -0.661905 111 61 52
-52 212.25 593.25 -0.559053 -0.510832 -0.653077 116 63 55
-51 212 592 -0.640608 -0.470928 -0.606505 118 65 57
-50 211.25 590 -0.640767 -0.507914 -0.575709 119 69 58
-49 211.25 590 -0.601485 -0.535617 -0.592732 92 42 31
-46 210.75 587.75 -0.328877 -0.700247 -0.633636 141 83 72
-45 210.75 587.75 -0.214459 -0.735308 -0.642908 149 89 79
-44 210.5 587.5 -0.0800523 -0.766355 -0.63741 157 90 82
-44 210.75 587.75 -0.0741419 -0.771952 -0.631342 161 92 85
-43 210.75 587.75 0.0693905 -0.79342 -0.604706 165 95 87
-42.75 210.75 587.75 0.107545 -0.793684 -0.598748 172 99 92
-42 210.75 587.75 0.179316 -0.790305 -0.585888 179 107 95
-40 211 589.5 0.495574 -0.764041 -0.413097 202 124 112
-39 211 589.75 0.557845 -0.742145 -0.371523 202 126 113
-39 211.75 590.75 0.607773 -0.717273 -0.340781 200 126 113
-37 212.75 593.75 0.767277 -0.609507 -0.199466 211 145 133
-36 213.5 596.5 0.821425 -0.553692 -0.136698 209 149 138
-35.75 214 597.75 0.832654 -0.539274 -0.125976 208 148 138
-35 214.75 599.75 0.852161 -0.513237 -0.102023 207 150 139
-34 216.25 604 0.870096 -0.48484 -0.0886806 59 22 14
-33 217 606 0.87438 -0.477821 -0.0845428 45 17 13
-32 218.5 610.5 0.885835 -0.455668 -0.087539 23 9 9
-59 212 591.5 0.374192 -0.66061 -0.650826 20 14 14
-57.5 213 592.5 0.288246 -0.664636 -0.689328 55 40 35
-55 213 593.75 0.0313419 -0.70351 -0.709994 88 50 39
-54 213 593.75 -0.184387 -0.654179 -0.73352 90 46 37
-53 213 593.5 -0.378027 -0.586649 -0.716197 106 56 47
-52.25 213 593.25 -0.507352 -0.536087 -0.674689 110 60 49
-52 213 592.5 -0.554799 -0.509844 -0.657462 114 62 51
-51 212.5 591.5 -0.651864 -0.468356 -0.596419 118 65 57
-50 212 590.75 -0.660513 -0.483957 -0.574028 122 69 61
-50 211.75 590 -0.649826 -0.495283 -0.57656 121 71 60
-49 211.75 589.75 -0.623373 -0.518031 -0.585705 100 50 39
-48 211.5 589.5 -0.544149 -0.57989 -0.606324 105 53 40
-48 211 588.5 -0.536631 -0.584841 -0.608266 124 70 58
-47 211 588.5 -0.441178 -0.646305 -0.622617 135 81 69
-46 211 587.75 -0.346763 -0.685849 -0.639818 142 85 74
-41 211 587.75 0.284409 -0.767382 -0.574662 187 110 100
-40 211.5 588.5 0.462701 -0.739678 -0.488656 198 120 108
-35 214 597 0.832561 -0.539564 -0.125351 211 151 141
-34 215.75 600.75 0.860312 -0.501376 -0.0921178 182 132 123
-34 216.75 603 0.862685 -0.497284 -0.0921065 82 45 37
-33 217.25 605.25 0.8734 -0.479694 -0.0840607 54 29 24
-59 213 591.25 0.38314 -0.64642 -0.659807 21 15 17
-58 213 591.25 0.30336 -0.657963 -0.689245 27 15 15
-57 213 592 0.267119 -0.664882 -0.697552 52 37 34
-56 213 593 0.209725 -0.678406 -0.704117 82 55 48
-52.25 213.5 592.75 -0.526664 -0.518424 -0.673693 110 60 49
-52 213.25 592.25 -0.566966 -0.498266 -0.655958 113 61 50
-51 212.75 591 -0.667679 -0.455069 -0.589166 118 66 55
-50 212.25 590 -0.660195 -0.485622 -0.572986 123 71 60
-49.75 212 589.25 -0.644428 -0.49542 -0.58247 120 70 59
-49 212 589 -0.619833 -0.521193 -0.586655 106 56 45
-48 212 588.5 -0.561098 -0.562578 -0.607186 126 72 60
-47 211.5 587.5 -0.454561 -0.631179 -0.62848 138 84 72
-46 211.5 587.5 -0.352949 -0.674887 -0.64804 145 87 76
-46 211.25 587 -0.326803 -0.677414 -0.659023 146 88 77
-45 211 586.5 -0.202057 -0.704347 -0.680491 154 91 82
-44 211 586.5 -0.101537 -0.728531 -0.677446 168 100 91
-43 211 586.5 0.0407293 -0.739232 -0.672218 169 99 89
-42 211 586.5 0.174904 -0.750749 -0.637013 171 98 89
-41 211.25 587.25 0.269209 -0.75701 -0.595367 192 116 103
-38 212 590 0.641329 -0.690775 -0.333956 206 134 120
-37 213 592 0.747433 -0.623562 -0.22916 211 145 131
-36.75 214 593.75 0.78919 -0.586907 -0.180882 212 148 136
-33 218.5 606.5 0.874767 -0.477271 -0.0836421 35 20 15
-32 219 609 0.883116 -0.46215 -0.08077 20 10 9
-58.25 213 590.25 0.331191 -0.662027 -0.672333 20 16 17
-58 213.25 591.25 0.328249 -0.653156 -0.682378 26 16 17
-57 213.5 591.5 0.264889 -0.656456 -0.706328 50 36 33
-55 214 593.25 0.0857293 -0.672515 -0.735102 98 60 47
-54 214 593 -0.109216 -0.646058 -0.755434 101 57 44
-53 214 592.5 -0.378739 -0.587391 -0.715212 105 57 45
-52 213.5 591.75 -0.571239 -0.504295 -0.647589 114 62 51
-51 213.25 591 -0.664555 -0.45688 -0.591293 118 66 55
-50 213 590 -0.684364 -0.452794 -0.57151 123 71 60
-49.75 212.75 589.25 -0.659957 -0.471169 -0.585198 125 73 62
-49 212.5 588.25 -0.62809 -0.500584 -0.59575 115 63 52
-48 212.5 588.25 -0.584314 -0.538269 -0.607325 98 46 33
-47.75 212 587.75 -0.534732 -0.569352 -0.62442 127 73 61
-47 212 587.25 -0.472334 -0.593311 -0.65183 142 85 74
-46 212 587 -0.36499 -0.640219 -0.675945 147 87 77
-45.75 212 586.75 -0.339331 -0.643611 -0.686017 150 90 80
-41 212 586.5 0.287271 -0.719549 -0.632238 187 111 98
-40 212 587.25 0.376564 -0.719518 -0.583518 198 120 107
-39 212 588 0.526981 -0.70706 -0.471548 203 125 112
-39 212.5 588.5 0.556546 -0.705132 -0.43937 205 129 115
-37 213.25 591.25 0.733607 -0.625107 -0.266576 211 143 130
-35 215 595.5 0.836945 -0.529057 -0.14008 207 147 136
-34 216 599 0.856705 -0.505753 -0.101347 208 158 147
-58.25 214 590.25 0.343731 -0.662811 -0.66523 21 17 18
-57 214 591.25 0.274108 -0.653265 -0.705769 49 35 32
-56 214 592 0.223552 -0.658467 -0.718642 80 57 49
-56 214.75 592.75 0.234741 -0.655677 -0.717624 88 60 49
-53 214.5 592.5 -0.345013 -0.595554 -0.725453 105 57 45
-52 214 591 -0.561206 -0.505389 -0.655461 114 62 51
-51 213.75 590.25 -0.666696 -0.452626 -0.592154 120 68 57
-50 213.75 589.5 -0.694252 -0.434231 -0.573984 125 71 61
-49.75 213.25 588.75 -0.675164 -0.448366 -0.585765 125 73 62
-49 213 588.25 -0.643083 -0.482268 -0.594862 120 68 57
-48 212.75 587.75 -0.582956 -0.519182 -0.62499 101 47 35
-47.25 212.75 587 -0.524749 -0.527035 -0.668486 124 67 56
-47 212.75 586.75 -0.50098 -0.541767 -0.674913 135 77 66
-46 212.25 586 -0.34677 -0.607017 -0.715039 141 78 69
-45.25 212.25 586 -0.275819 -0.637162 -0.719686 149 86 77
-45 212 585.75 -0.212368 -0.659165 -0.721389 156 89 81
-44 212 585.75 -0.103969 -0.670233 -0.734832 162 92 84
-43 212 585.75 0.0268084 -0.690874 -0.722478 166 96 86
-42 212 585.75 0.16384 -0.690635 -0.7044 173 99 90
-41 212.25 586.25 0.291464 -0.710028 -0.641022 186 110 97
-40.25 212.25 586.25 0.332875 -0.700796 -0.630935 192 114 101
-38 213 588.5 0.618632 -0.668384 -0.412985 206 132 119
-37.5 213.5 589.5 0.697586 -0.637248 -0.32755 207 138 123
-36 214 591.75 0.784433 -0.579393 -0.221289 213 147 133
-35 215.5 594.5 0.834482 -0.531018 -0.147174 211 149 136
-34 217.25 600.25 0.865638 -0.492241 -0.0914845 140 97 88
-33 218 602.25 0.871699 -0.481518 -0.0910041 86 56 48
-58 214 589.5 0.315929 -0.660386 -0.681234 22 18 19
-58 214.5 590.5 0.334875 -0.666052 -0.666509 27 17 16
-57 214.75 590.75 0.278508 -0.669468 -0.688655 48 34 31
-56 215 592 0.194062 -0.667029 -0.719313 89 61 50
-55 215 592.25 0.0813096 -0.649433 -0.756059 95 59 45
-54 215 592.25 -0.0603451 -0.65396 -0.754118 100 58 44
-53 215 592 -0.327036 -0.600581 -0.729623 106 60 47
-52 214.75 590.75 -0.567189 -0.507587 -0.648577 114 62 51
-51 214.5 590.25 -0.656708 -0.452661 -0.603186 120 68 57
-50 214 589.25 -0.695912 -0.420288 -0.582293 126 72 62
-49.75 213.75 588.75 -0.690858 -0.425261 -0.584695 126 72 60
-49 213.75 587.75 -0.658362 -0.43279 -0.615835 124 70 58
-48 213.25 587 -0.585168 -0.479751 -0.653772 106 49 38
-47.25 213.25 587 -0.534422 -0.516751 -0.668851 112 54 43
-47 213 586 -0.467188 -0.532019 -0.70618 124 64 54
-44 213 585.25 -0.112211 -0.622268 -0.774721 163 93 83
-43 213 585.25 0.0161763 -0.627478 -0.778466 164 94 82
-42 213 585.25 0.14513 -0.642943 -0.752038 183 107 94
-41 213 585.25 0.235415 -0.629134 -0.74079 187 109 97
-40.25 213 586.25 0.343171 -0.675376 -0.652764 191 112 99
-40 213 586.25 0.343171 -0.675376 -0.652764 195 116 103
-39 213 586.75 0.479365 -0.671186 -0.565437 197 120 104
-39 213.25 587.25 0.49626 -0.677362 -0.543053 201 124 108
-37 214 588.75 0.699816 -0.615137 -0.363131 208 136 122
-36 214.75 590.75 0.777608 -0.575919 -0.252276 211 145 131
-35 215.75 593.75 0.831016 -0.533034 -0.159022 213 151 138
-34 217 597.5 0.859802 -0.498869 -0.108949 218 161 150
-58 215 589.75 0.329105 -0.665299 -0.670124 28 18 17
-57 215 590.5 0.287017 -0.662395 -0.691993 46 32 29
-56 215.25 591.25 0.192078 -0.654035 -0.731672 80 57 49
-55.75 215.75 591.75 0.17234 -0.673149 -0.719145 89 61 50
-55 215.75 591.75 0.097149 -0.663908 -0.741477 93 60 45
-52 215 590.75 -0.561989 -0.500362 -0.65864 111 61 50
-51 215 589.75 -0.64481 -0.453752 -0.615085 120 68 55
-50 214.75 589 -0.697282 -0.393618 -0.599052 127 73 61
-49.25 214.25 588.25 -0.677827 -0.409126 -0.610873 130 76 64
-49 214 587.25 -0.656848 -0.418732 -0.627068 130 73 62
-48 213.75 587 -0.598264 -0.460434 -0.655806 114 57 46
-47 213.25 586 -0.476465 -0.520315 -0.708699 109 49 39
-46 213 585.25 -0.368352 -0.553443 -0.747006 135 68 60
-45 213 585.25 -0.248154 -0.603173 -0.758025 149 81 72
-45 213.25 585.25 -0.246919 -0.584161 -0.773167 158 88 80
-44 213.25 585.25 -0.118952 -0.609838 -0.783548 160 90 80
-43.75 213.25 585 -0.0753661 -0.607808 -0.790499 162 89 80
-43 213.25 585 0.00796031 -0.611617 -0.791114 162 90 78
-42 213.25 585.25 0.148006 -0.623336 -0.767819 168 91 81
-41 213.25 585.25 0.237452 -0.610744 -0.755386 177 99 86
-40 213.25 585.25 0.329405 -0.621928 -0.710421 180 101 86
-38 214 587.25 0.580494 -0.635754 -0.508767 204 131 116
-37 214.25 588.25 0.692289 -0.611195 -0.383636 209 137 122
-36 215 590 0.777526 -0.569627 -0.266419 211 145 129
-36 215.5 591.5 0.802626 -0.552734 -0.224223 213 150 135
-35 216.5 594.5 0.840732 -0.522007 -0.143798 216 154 141
-32 220.25 605.25 0.880108 -0.467246 -0.0842086 61 56 50
-57 215.75 589.75 0.260736 -0.670813 -0.694282 43 29 26
-56 216 591.25 0.180465 -0.676872 -0.713636 80 57 51
-55 216 591.25 0.0957589 -0.65362 -0.750741 88 59 51
-54 216 591.25 -0.0472773 -0.635297 -0.770819 97 59 46
-53.25 216 591.25 -0.252691 -0.604051 -0.755823 97 57 45
-53 216 591.25 -0.31854 -0.595117 -0.737813 100 56 45
-52 216 590 -0.530753 -0.511678 -0.675638 110 60 51
-50 215 588.75 -0.693992 -0.387676 -0.606698 129 75 63
-49.25 214.75 587.75 -0.690223 -0.374852 -0.618933 132 75 64
-49 214.25 587.25 -0.663946 -0.407936 -0.626709 130 73 62
-48 214.25 586.75 -0.61803 -0.433327 -0.655947 120 62 51
-47 214 586 -0.499425 -0.479125 -0.721814 112 52 42
-47 213.75 585.25 -0.472113 -0.485862 -0.735559 144 81 72
-46 213.75 585 -0.382767 -0.518856 -0.764381 147 80 72
-45 213.5 584.5 -0.250414 -0.540804 -0.803009 154 84 76
-44 213.75 584.75 -0.101186 -0.567917 -0.816842 159 89 79
-43.75 213.75 584.75 -0.0778299 -0.577928 -0.812368 166 93 84
-43 213.5 584.5 0.00518156 -0.580823 -0.814014 166 94 82
-42 213.5 584.5 0.117954 -0.572649 -0.811271 168 91 81
-41 214 585 0.226859 -0.585497 -0.778285 177 99 86
-39 214 585.75 0.440802 -0.609181 -0.659236 200 123 107
-38.75 214 585.75 0.461251 -0.611052 -0.643322 204 127 111
-36 215.25 589.25 0.766401 -0.566851 -0.302176 214 148 132
-35 216 592 0.823724 -0.533219 -0.19276 217 155 140
-34 217.5 595.5 0.861968 -0.490769 -0.127109 219 161 149
-33.25 218.25 597.25 0.872829 -0.476308 -0.106298 200 150 141
-58 215.75 588.75 0.369468 -0.691517 -0.620723 26 18 16
-56.75 216 589.75 0.247361 -0.674542 -0.695561 63 48 45
-56 216.25 590.25 0.190525 -0.674878 -0.712909 75 58 51
-53.25 217 591.25 -0.212556 -0.629507 -0.747356 95 58 49
-52 216.75 590.75 -0.42936 -0.5459 -0.719474 104 57 49
-51.5 216 589.5 -0.573667 -0.470121 -0.67074 109 59 52
-51 215.75 589 -0.655331 -0.418331 -0.62892 120 68 57
-50 215.25 588 -0.691993 -0.371123 -0.619204 130 73 64
-49.25 215.25 587.75 -0.698489 -0.362544 -0.616988 133 77 64
-49 214.75 586.75 -0.671286 -0.379247 -0.636826 139 81 69
-48 214.75 586 -0.609382 -0.405706 -0.681217 121 61 50
-47 214.5 585.25 -0.492044 -0.459848 -0.739211 111 49 38
-47 214.25 585 -0.492044 -0.459848 -0.739211 150 86 74
-46 214.25 585 -0.389963 -0.492503 -0.778055 152 84 73
-45 214 584.5 -0.25124 -0.505454 -0.825467 158 91 75
-44 214 584.5 -0.120652 -0.525901 -0.841945 165 93 81
-43.75 214 584.75 -0.0959519 -0.542875 -0.834314 169 97 85
-43 214 584.5 0.00254514 -0.54094 -0.841057 172 100 86
-42 214 584.5 0.123122 -0.54755 -0.827665 172 99 82
-40 214 585 0.30901 -0.593457 -0.743183 190 114 98
-40 214.25 585.25 0.326387 -0.590533 -0.738067 192 116 100
-39 214.25 585.25 0.410372 -0.591557 -0.694013 200 124 108
-38.75 214.75 585.75 0.468381 -0.585169 -0.661964 206 130 114
-38 214.75 585.75 0.498249 -0.583885 -0.640957 206 134 119
-37 215 586.75 0.645969 -0.583076 -0.492693 213 141 126
-34.5 217 592.5 0.843514 -0.508203 -0.17382 217 157 147
-33 218.25 596.25 0.874913 -0.470117 -0.116262 214 160 150
-33 219.5 598.5 0.88289 -0.459725 -0.0956997 135 95 87
-32 220 600.5 0.890016 -0.447769 -0.0858705 79 61 57
-58 216 588.75 0.369573 -0.690548 -0.621739 27 19 17
-57 216 588.75 0.292513 -0.699534 -0.651988 38 27 25
-56.75 216.75 589.75 0.280434 -0.695981 -0.661035 62 47 44
-55 217 590.25 0.12555 -0.665078 -0.736144 80 60 53
-54 217 590.5 -0.0171757 -0.660684 -0.750467 90 57 48
-51.5 216.5 589.5 -0.553052 -0.49606 -0.669371 110 57 51
-51 216 588.5 -0.623015 -0.425659 -0.656252 119 64 57
-50 215.75 587.75 -0.687324 -0.35994 -0.630895 129 72 65
-49 215.75 586.75 -0.689812 -0.338063 -0.640213 137 79 68
-48 215.25 585.75 -0.615181 -0.38026 -0.690619 129 69 58
-47 215 584.5 -0.487429 -0.41755 -0.766854 140 76 64
-46 215 584.5 -0.401454 -0.427068 -0.810215 153 85 74
-45 215 584.25 -0.253451 -0.458518 -0.851777 156 88 75
-43.25 215 584.25 -0.049989 -0.484102 -0.873582 167 95 83
-39 215 585 0.427286 -0.558576 -0.710929 199 123 107
-38 215 585 0.4756 -0.55699 -0.680857 205 129 113
-37 215.25 586 0.600197 -0.557998 -0.573063 214 140 127
-37 215.75 587 0.66743 -0.562131 -0.488412 212 143 128
-36 216 588.25 0.754376 -0.54872 -0.360309 216 146 134
-58 216.75 587.75 0.43635 -0.704747 -0.559402 26 17 18
-56 217 588.75 0.249641 -0.719372 -0.648216 60 45 42
-55 217.25 590.25 0.142686 -0.687496 -0.712032 80 60 53
-54 217.25 590.25 -0.00397438 -0.673291 -0.739367 92 58 49
-53 217.25 590.25 -0.242975 -0.627285 -0.739917 97 58 51
-53 217 590 -0.261519 -0.608206 -0.749462 103 60 54
-52 217 589.75 -0.448732 -0.547985 -0.705941 108 59 54
-51 217 588.5 -0.586527 -0.425312 -0.689272 116 61 54
-50 216.5 587.25 -0.670223 -0.353301 -0.652671 127 68 62
-49 216.25 586.75 -0.690238 -0.324961 -0.646508 134 76 65
-49 216 586.25 -0.685768 -0.31761 -0.654864 141 81 71
-48 215.75 585.75 -0.6481 -0.337282 -0.682794 139 77 66
-47 215.75 585 -0.535282 -0.37904 -0.754852 110 46 36
-46.75 215.5 584.25 -0.474623 -0.382861 -0.79256 133 69 57
-46 215.5 584.25 -0.40888 -0.398227 -0.821117 157 89 78
-45 215.25 584 -0.257923 -0.431758 -0.864327 163 91 79
-44 215 584 -0.120354 -0.456599 -0.881494 167 95 83
-43 215 584 -0.00938048 -0.486449 -0.873659 168 94 83
-42 215 583.75 0.0977118 -0.500338 -0.860299 175 101 90
-41 215 584 0.181194 -0.517315 -0.836393 181 105 91
-40 215 584 0.263536 -0.53453 -0.803011 189 112 96
-40 215.25 584.25 0.265464 -0.532029 -0.804036 192 115 99
-39 215.5 584.5 0.378459 -0.518053 -0.767066 197 119 106
-38 215.75 584.75 0.465501 -0.52067 -0.71569 203 125 112
-37 216 585.75 0.612211 -0.526364 -0.590032 214 140 127
-36 216.25 587.25 0.732515 -0.527886 -0.429834 217 145 133
-35 217 589.5 0.811021 -0.512704 -0.281745 218 150 141
-33 219 594.25 0.879609 -0.454863 -0.139238 217 160 151
-32 220.5 598.5 0.89881 -0.428559 -0.0920704 90 72 68
-58 217 587.75 0.43635 -0.704747 -0.559402 24 18 18
-57 217 587.75 0.375762 -0.715481 -0.588973 33 21 21
-56 217.75 588.75 0.252675 -0.730297 -0.634682 56 40 40
-55 218 589.25 0.171008 -0.714322 -0.678601 87 58 50
-54 218 589.5 0.00483299 -0.69942 -0.714694 93 59 50
-52 218 589 -0.404659 -0.556819 -0.725399 109 60 55
-51 217.75 588.75 -0.518774 -0.477141 -0.709373 111 58 54
-51 217.25 588 -0.582939 -0.433331 -0.687318 115 60 53
-50 217 587.25 -0.644514 -0.364049 -0.672361 125 66 60
-49 216.75 586.25 -0.681201 -0.300863 -0.667418 133 74 66
-48 216.5 585.25 -0.627158 -0.302737 -0.717651 143 81 70
-47 216.25 585 -0.550279 -0.334326 -0.765127 119 55 45
-46.75 215.75 584 -0.461368 -0.367173 -0.807665 133 69 57
-46 215.75 584 -0.407613 -0.387474 -0.826871 157 89 78
-45 215.5 583.5 -0.237877 -0.403993 -0.883292 159 91 78
-44 215.25 583.25 -0.118171 -0.435546 -0.892376 166 94 82
-43 215.25 583.25 1.23682e-05 -0.453446 -0.891284 175 98 88
-42 215.25 583.25 0.0984969 -0.486039 -0.868369 176 99 89
-41.5 215.5 583.5 0.132653 -0.481185 -0.866524 176 98 85
-41 215.5 583.5 0.149979 -0.48832 -0.85968 180 102 89
-38 216 584.25 0.451726 -0.49164 -0.744469 200 122 109
-37 216.25 585.25 0.588745 -0.513337 -0.624392 211 137 124
-36 217 586.75 0.713492 -0.496906 -0.493977 215 143 131
-35.75 217 587.75 0.771019 -0.497584 -0.397416 215 145 135
-34 218 590.25 0.844711 -0.476052 -0.244619 216 149 140
-34 218.75 592 0.860971 -0.473247 -0.186457 215 153 142
-33 219.25 593.25 0.878115 -0.453726 -0.151812 213 155 144
-57.75 217.75 586.75 0.457166 -0.708903 -0.53708 25 19 21
-55 218.25 589.25 0.157623 -0.717579 -0.678407 89 60 52
-54 218.25 589.25 0.051355 -0.717749 -0.694405 93 59 50
-53 218.25 589.25 -0.159977 -0.644831 -0.747395 98 60 51
-53 218 589 -0.176077 -0.634023 -0.753002 103 60 53
-51 218 587.75 -0.51756 -0.488258 -0.702663 117 62 55
-50 217.75 587 -0.603123 -0.38558 -0.698263 126 69 62
-49 217.5 586.25 -0.66902 -0.293476 -0.68285 133 75 64
-49 217 585.75 -0.669034 -0.295136 -0.68212 135 75 65
-48 216.75 585.25 -0.634286 -0.287243 -0.717755 138 78 67
-47 216.75 584.75 -0.56088 -0.306309 -0.769148 130 66 56
-46.75 216.25 584 -0.467254 -0.338944 -0.816573 136 72 60
-46 216 583.75 -0.404569 -0.35784 -0.841591 152 84 73
-45 216 583.5 -0.243659 -0.390273 -0.887872 158 90 77
-44 216 583.25 -0.123668 -0.409183 -0.904033 165 93 81
-43 216 583.25 -0.0142407 -0.431264 -0.902113 165 91 80
-42 216 583.25 0.069913 -0.433986 -0.898203 171 97 84
-41.5 216 583.5 0.118691 -0.46141 -0.879212 171 95 81
-41 216 583.5 0.147656 -0.466862 -0.871916 173 97 83
-40 216 583.5 0.234037 -0.459965 -0.856539 178 101 85
-39 216 583.5 0.353684 -0.475528 -0.805469 190 113 97
-38 216.25 584.25 0.444089 -0.487127 -0.751993 196 119 103
-36 217.25 586.25 0.693109 -0.477641 -0.539869 211 139 127
-34 218.25 589.25 0.833784 -0.4718 -0.286723 215 149 137
-33 219.75 592.75 0.878598 -0.446441 -0.169575 212 152 141
-32 221 596.25 0.903642 -0.414867 -0.106377 113 94 90
-56 218 587 0.303987 -0.744865 -0.593943 51 37 36
-56 218.75 587.75 0.287809 -0.752061 -0.592934 66 51 48
-54.25 219 588.25 0.122557 -0.729991 -0.672378 88 59 51
-53 219 588.5 -0.123169 -0.675302 -0.727184 103 60 53
-51 218.25 587.25 -0.499744 -0.47322 -0.725478 119 64 57
-50 218 586.75 -0.59172 -0.375664 -0.713263 128 71 64
-49 217.75 585.75 -0.655897 -0.289889 -0.696967 131 72 64
-48 217 584.75 -0.616022 -0.273945 -0.73856 136 76 65
-47 217 584.75 -0.569363 -0.285987 -0.770738 140 76 66
-46.75 217 583.75 -0.486019 -0.284322 -0.826405 142 78 66
-44 216.75 583 -0.154168 -0.349213 -0.924274 158 86 74
-43 216.75 583 -0.039083 -0.378698 -0.924695 162 88 75
-42 216.75 583 0.0660818 -0.399235 -0.914464 167 91 78
-41.5 217 583.5 0.111054 -0.398233 -0.910537 168 92 78
-41 217 583.5 0.152548 -0.396844 -0.905121 173 95 82
-40 217 583.5 0.239623 -0.406651 -0.881598 180 103 87
-39 217 583.5 0.343372 -0.411006 -0.844494 185 108 92
-38 217 583.5 0.399327 -0.41035 -0.819848 191 114 98
-37 217 584.25 0.521388 -0.427084 -0.738752 198 124 111
-37 217.25 585.25 0.577732 -0.4699 -0.667398 200 128 114
-36 217.75 585.75 0.682944 -0.441782 -0.581735 207 135 123
-35 218.75 587.75 0.802831 -0.428605 -0.414439 213 143 133
-34 219 588.75 0.835788 -0.429089 -0.342551 213 145 134
-33 220 592 0.880199 -0.4324 -0.195654 216 152 142
-57 218 585.5 0.410647 -0.737678 -0.535911 25 19 21
-56 218.25 586.25 0.320123 -0.748417 -0.580855 49 35 34
-55 219 587.75 0.239893 -0.735401 -0.633748 80 60 53
-54 219.25 588.25 0.105725 -0.73161 -0.673475 93 58 52
-53 219.25 588.25 -0.115879 -0.6972 -0.707449 102 59 52
-52 219 588 -0.306045 -0.605969 -0.73426 105 56 49
-50 218.75 586.75 -0.537101 -0.412859 -0.735575 128 69 65
-49 218 585.75 -0.644684 -0.281472 -0.710743 131 72 64
-48 218 584.75 -0.617227 -0.263351 -0.741403 141 79 68
-46.75 217.75 583.75 -0.499153 -0.236579 -0.833592 147 81 69
-46 217 583 -0.391542 -0.294564 -0.871738 151 81 71
-45 217 582.75 -0.253661 -0.309739 -0.916361 154 81 72
-44 217 582.75 -0.153215 -0.326092 -0.932839 153 79 70
-43 217.25 583 -0.0616447 -0.330792 -0.941688 159 82 72
-42 217.25 583 0.0649403 -0.349593 -0.934648 165 88 78
-41.25 217.25 583 0.109269 -0.340156 -0.933999 170 92 79
-41 217.5 583.5 0.154378 -0.345128 -0.925772 174 96 83
-40 217.5 583.5 0.224906 -0.358014 -0.906225 180 101 88
-39 217.5 583.5 0.327298 -0.377999 -0.866021 181 103 90
-38 217.5 583.5 0.412845 -0.389838 -0.823156 189 113 100
-36 218 585.25 0.648865 -0.408489 -0.641959 203 131 119
-35 218 585.75 0.720778 -0.421553 -0.550248 206 136 126
-34 219.25 588 0.814504 -0.414253 -0.406174 212 142 132
-33 220.25 591 0.876868 -0.422596 -0.229162 217 151 139
-32 221.25 594.25 0.906967 -0.398757 -0.13566 155 130 125
-56 219 586.25 0.332921 -0.753521 -0.566895 48 34 33
-55 219.25 587.25 0.265437 -0.751365 -0.604146 79 59 52
-54 219 587 0.150066 -0.725384 -0.671788 90 61 55
-54 219.5 587.5 0.13776 -0.741542 -0.65661 95 60 54
-53 219.5 587.5 -0.0897665 -0.724141 -0.683785 98 59 52
-52.75 219.75 587.75 -0.147717 -0.697131 -0.701561 100 57 51
-52 219.5 587.5 -0.267374 -0.632659 -0.726811 106 57 52
-51 219.5 587.5 -0.415229 -0.540133 -0.732012 112 59 55
-51 219 586.75 -0.436928 -0.508386 -0.74205 120 62 58
-50 219 586.75 -0.53207 -0.418437 -0.736079 127 68 64
-49 219 585.75 -0.58817 -0.310444 -0.74678 131 71 63
-48.75 218.75 585.5 -0.622662 -0.283893 -0.729175 140 77 70
-48 218.75 584.75 -0.607331 -0.228996 -0.76073 143 81 70
-47 218 583.75 -0.520138 -0.23202 -0.821963 146 79 70
-46.75 218 583.75 -0.496595 -0.230883 -0.836711 146 80 68
-46 218 583 -0.411631 -0.228171 -0.882325 155 85 75
-45 218 582.75 -0.276069 -0.248416 -0.92848 160 86 77
-44 218 582.75 -0.162655 -0.265776 -0.950214 160 86 77
-43 218 582.25 -0.0689756 -0.246294 -0.966738 163 86 78
-42 217.75 582.25 0.0592665 -0.268246 -0.961526 169 91 81
-41 218 582.5 0.115833 -0.25093 -0.96105 172 92 81
-40 218 582.5 0.196486 -0.253642 -0.947132 174 95 82
-39 218 582.75 0.294545 -0.282473 -0.912936 180 101 88
-38 218 582.75 0.36878 -0.301691 -0.879195 183 104 91
-37 218 583.25 0.462172 -0.334882 -0.821128 195 118 108
-37 218.25 584.25 0.520115 -0.336559 -0.784989 195 121 110
-36 218.75 584.75 0.61335 -0.317624 -0.72313 203 129 120
-34 219.5 587.5 0.813278 -0.388767 -0.432942 213 143 133
-33 220.75 590 0.868079 -0.401997 -0.291269 216 150 138
-57 219 584.5 0.433798 -0.747429 -0.503159 25 19 19
-56 219.25 585.25 0.370429 -0.75299 -0.543865 50 34 35
-55 220 586.75 0.265056 -0.765288 -0.586584 80 56 56
-54 220 587 0.203623 -0.757861 -0.619827 90 60 52
-53 220 587.25 -0.0216823 -0.723138 -0.690363 97 60 52
-52.25 220 587.25 -0.152995 -0.681428 -0.715716 103 60 54
-52 220 587.5 -0.23831 -0.63639 -0.733632 106 59 53
-51 220 587.25 -0.371415 -0.565463 -0.736412 111 58 54
-50.75 220 586.75 -0.36692 -0.549312 -0.750751 117 62 55
-50 219.75 585.75 -0.477424 -0.444219 -0.758113 125 66 60
-49 219.75 585.75 -0.547665 -0.336875 -0.765884 127 69 58
-48.75 219 584.75 -0.598793 -0.265781 -0.755518 133 70 61
-48 219 584.75 -0.606724 -0.227569 -0.761641 136 72 62
-47 219 583.75 -0.52128 -0.205162 -0.828357 142 74 65
-46.75 219 583.75 -0.491947 -0.20023 -0.847287 147 77 67
-45 218.75 582.75 -0.287372 -0.191976 -0.938383 157 83 72
-44 218.75 582.75 -0.16807 -0.206292 -0.963948 159 86 71
-43 218.25 582.25 -0.0625154 -0.229653 -0.971263 161 88 73
-42 218.5 582.25 0.0520547 -0.214143 -0.975414 164 88 74
-41 218.5 582.5 0.11113 -0.211918 -0.970948 168 90 77
-40 218.5 582.5 0.191759 -0.216855 -0.957185 172 92 81
-39 218.75 582.75 0.29195 -0.213057 -0.932401 179 99 90
-38 218.75 582.75 0.373609 -0.220329 -0.901039 181 101 92
-37 219 583.25 0.453227 -0.202862 -0.868005 195 117 107
-36.75 219 583.75 0.506498 -0.245582 -0.826528 196 119 109
-36 219 584.75 0.612595 -0.30656 -0.728525 207 130 120
-35 219 585 0.691693 -0.298962 -0.657406 212 138 129
-35 219.75 585.75 0.72167 -0.286727 -0.630063 207 137 127
-34 220 586.5 0.774872 -0.312562 -0.549435 208 144 134
-32.75 221.75 590.75 0.881231 -0.380829 -0.280004 208 145 138
-57 219.25 584 0.455204 -0.742763 -0.491011 25 19 21
-56 219.75 585 0.384263 -0.753957 -0.532814 49 33 34
-54 220.25 586.25 0.22035 -0.7373 -0.638619 86 57 51
-54 220.5 586.5 0.23037 -0.743637 -0.627642 92 59 52
-53 220.5 586.75 0.0339577 -0.72072 -0.692394 98 61 55
-52 220.75 586.75 -0.140742 -0.662633 -0.735602 106 59 53
-51 220.5 586.5 -0.323823 -0.580495 -0.747104 111 58 54
-50.5 220.5 586.5 -0.355843 -0.554401 -0.75234 117 62 57
-50 220 585.75 -0.453615 -0.459365 -0.763687 127 68 64
-49 220 585.25 -0.536775 -0.346393 -0.76934 131 72 64
-48.75 220 584.75 -0.535214 -0.315939 -0.783408 137 74 67
-48 220 584.5 -0.544933 -0.260147 -0.797102 142 78 68
-47 219.5 583.5 -0.481356 -0.196074 -0.854313 148 80 71
-46.5 219.5 583.5 -0.453797 -0.178549 -0.873034 151 81 71
-46 219 583 -0.425877 -0.183307 -0.886018 154 80 71
-45 219 582.25 -0.274644 -0.16776 -0.946798 159 82 72
-44 219 582.25 -0.148678 -0.155117 -0.976644 157 83 70
-43 219 582.25 -0.0478589 -0.156555 -0.986509 161 85 72
-42 218.75 582 0.0549882 -0.177062 -0.982662 162 86 73
-41 219 582.5 0.109976 -0.163784 -0.980347 166 88 76
-40 219 582.5 0.186725 -0.172215 -0.9672 174 94 85
-39 219 582.75 0.289127 -0.180722 -0.940077 179 99 92
-38 219 582.75 0.362043 -0.183687 -0.913884 185 105 98
-38 219.25 583.25 0.383458 -0.190119 -0.903778 192 113 106
-37 219.25 583.25 0.445089 -0.183382 -0.876508 200 121 114
-36.75 219.75 583.75 0.501464 -0.162029 -0.849871 201 124 116
-36 219.75 583.75 0.550435 -0.170617 -0.817258 209 132 124
-34 220.25 586.25 0.762542 -0.303118 -0.571532 211 147 137
-33 221 588.5 0.85074 -0.347393 -0.39441 216 152 143
-32 221.75 589.75 0.877144 -0.335909 -0.343195 211 148 141
-31 223 593.75 0.929803 -0.327773 -0.167424 138 100 99
-56.75 220 584 0.462604 -0.74005 -0.488185 30 20 19
-56 220 584.25 0.425687 -0.750353 -0.505729 47 33 33
-55.25 220.25 585 0.38312 -0.748458 -0.541321 66 48 48
-55 220.25 585.5 0.323638 -0.758144 -0.566106 78 54 54
-54 220.75 586 0.267564 -0.761656 -0.590161 84 56 52
-53 221 586.5 0.0305615 -0.730369 -0.682368 98 61 55
-52 221 586.5 -0.116949 -0.669103 -0.73391 105 61 58
-50.5 221 586.5 -0.334658 -0.559684 -0.758128 117 62 57
-49 220.75 585 -0.470052 -0.402145 -0.785704 130 70 62
-48.75 220.75 584.75 -0.471251 -0.372886 -0.799299 135 70 64
-48 220.25 584.25 -0.529358 -0.260435 -0.807436 139 75 65
-47 220 583.5 -0.467376 -0.204701 -0.860033 146 78 69
-46.5 220 583.5 -0.434083 -0.184944 -0.881684 147 77 67
-45 219.25 582.25 -0.278821 -0.1452 -0.949303 154 77 67
-44 219.25 582.25 -0.152963 -0.141071 -0.978111 157 80 70
-43 219.25 582.25 -0.048127 -0.150133 -0.987494 159 82 72
-42 219.25 582 0.0651 -0.157684 -0.985341 160 82 72
-41 219.25 582 0.10749 -0.154775 -0.982085 163 83 74
-41 219.5 582.5 0.119143 -0.128519 -0.984524 168 88 79
-40 219.5 582.5 0.184831 -0.128023 -0.974396 174 91 85
-39 219.75 582.75 0.292645 -0.109245 -0.94996 182 99 95
-38 219.75 582.75 0.359114 -0.116486 -0.925996 191 108 104
-37 220 583.25 0.43252 -0.115631 -0.894179 201 122 117
-36.5 220 583.5 0.487415 -0.144453 -0.861139 205 128 122
-36 220 583.75 0.536436 -0.14857 -0.830761 210 133 127
-35 220 584 0.635927 -0.186828 -0.748794 209 134 129
-34 221 585.5 0.7149 -0.213849 -0.665723 210 146 137
-33.5 221 586.5 0.771377 -0.284459 -0.569262 210 146 137
-33 221.75 587.75 0.816934 -0.303465 -0.490437 215 151 142
-32 222 589 0.86934 -0.31775 -0.378527 213 150 143
-56.25 220.25 583 0.476723 -0.738708 -0.476493 29 21 19
-56 220.75 584 0.461502 -0.742912 -0.484869 44 30 30
-54 221 585 0.330555 -0.74744 -0.576253 84 56 52
-54 221.25 585.75 0.302189 -0.752248 -0.585495 89 56 51
-53 221.25 585.75 0.146029 -0.741116 -0.655303 97 59 56
-52 221.25 586 -0.0816296 -0.686962 -0.722094 105 61 60
-51 221 585.75 -0.278026 -0.598138 -0.75162 111 57 55
-50 221 584.5 -0.361484 -0.526834 -0.769269 125 64 61
-49 221 584.5 -0.437611 -0.439246 -0.784576 129 69 61
-48 220.75 583.75 -0.476381 -0.308307 -0.823412 136 72 62
-47 220.25 583.25 -0.435334 -0.203342 -0.877004 143 75 66
-46.25 220.25 583.25 -0.41097 -0.164158 -0.896747 145 75 65
-46 220 582.75 -0.392057 -0.144943 -0.908451 147 73 64
-45 220 582.25 -0.249319 -0.104031 -0.962817 153 76 66
-44 220 582.25 -0.150969 -0.0930148 -0.984153 157 80 70
-43 220 582.25 -0.0618339 -0.0835049 -0.994587 161 84 74
-42 220 582 0.0567118 -0.104298 -0.992928 159 81 71
-41 220 582 0.11588 -0.0983457 -0.988382 162 82 75
-40 220 582.75 0.209158 -0.089292 -0.973797 180 97 91
-39 220 582.75 0.280311 -0.0868777 -0.95597 184 101 97
-38 220 583 0.373103 -0.0936161 -0.923055 194 111 107
-37 220.5 583.5 0.443122 -0.0825015 -0.892657 201 120 116
-36.5 220.5 583.5 0.481013 -0.0898858 -0.872093 207 129 125
-36 221 584.25 0.554847 -0.104672 -0.825341 212 134 130
-35 221 584.25 0.625089 -0.143666 -0.767218 208 133 128
-34 221.25 585.25 0.709518 -0.215633 -0.670884 211 142 135
-33.25 222 586.25 0.763827 -0.220532 -0.606576 213 146 138
-32 222.75 588.75 0.871674 -0.287723 -0.396737 212 148 139
-31 223.75 592 0.92678 -0.288659 -0.240321 171 124 118
-56.25 221 583 0.484253 -0.733906 -0.47632 29 21 19
-56 221 583 0.482707 -0.735121 -0.476016 38 26 26
-55 221 583.75 0.426357 -0.755062 -0.498098 59 43 43
-55 221.25 584 0.412596 -0.756649 -0.507195 74 53 52
-54 221.75 584.75 0.331902 -0.753318 -0.567761 84 56 52
-53.75 221.75 585 0.320136 -0.752178 -0.57597 89 56 51
-53 221.75 585.25 0.193851 -0.763793 -0.615663 96 59 53
-52 222 585.5 -0.0313384 -0.723857 -0.689238 103 59 56
-51 222 585.5 -0.180332 -0.656204 -0.732719 110 56 54
-50 221.5 584.5 -0.300451 -0.566223 -0.767542 125 64 61
-49 221.5 584.5 -0.381237 -0.46181 -0.800869 128 68 60
-48 221 583.75 -0.463777 -0.312131 -0.829147 132 67 61
-47 221 583.25 -0.398338 -0.232792 -0.887206 142 74 65
-46.25 221 583.25 -0.3689 -0.159396 -0.915699 144 74 62
-46 221 582.75 -0.341314 -0.140734 -0.929354 147 73 62
-45 221 582.25 -0.231542 -0.0665172 -0.970548 152 75 65
-44 221 582.25 -0.147288 -0.0360988 -0.988435 156 79 69
-43 221 582.25 -0.0685374 -0.0149349 -0.997537 164 86 76
-42 220.75 582 0.0485446 -0.0504021 -0.997549 162 82 73
-41 220.75 582 0.118898 -0.0539325 -0.991441 165 85 78
-40 220.75 582.5 0.224072 -0.0408243 -0.973717 178 95 89
-40 221 582.75 0.213475 -0.0265276 -0.976588 183 100 94
-39 221 582.75 0.291296 -0.0230213 -0.956356 186 103 99
-38 221 583 0.345963 -0.0247596 -0.937921 194 111 107
-37 221 583.5 0.436684 -0.0578918 -0.89775 202 121 117
-36.5 221 583.5 0.48088 -0.0626935 -0.874542 209 130 126
-36 221.25 584.25 0.547194 -0.095634 -0.831524 215 136 132
-35 221.25 584.25 0.606575 -0.11888 -0.786088 213 135 131
-35 221.75 584.75 0.603327 -0.132404 -0.786426 214 139 134
-33 222 586 0.763827 -0.220532 -0.606576 217 148 141
-33 222.75 586.75 0.790207 -0.225576 -0.569814 217 150 142
-32 223 587.75 0.837902 -0.263982 -0.477739 211 148 139
-32 223.5 589.5 0.876657 -0.276271 -0.393886 211 151 141
-31 224 591.25 0.919507 -0.26947 -0.286169 187 137 128
-31 224.75 593 0.943714 -0.264674 -0.198373 112 75 69
-56 221.25 582 0.503084 -0.720744 -0.4769 27 19 17
-55 221.75 583 0.448108 -0.742561 -0.497797 56 40 40
-54 222 583.75 0.38487 -0.757179 -0.527783 83 55 51
-53.5 222 584.25 0.313458 -0.758592 -0.571211 89 56 51
-53 222 584.5 0.248521 -0.757774 -0.603337 96 59 53
-52 222.25 585 0.0157841 -0.735765 -0.677053 102 58 55
-51 222.25 584.75 -0.134879 -0.682875 -0.717976 109 55 53
-50 222.25 584.75 -0.241415 -0.607522 -0.756727 117 59 55
-50 222 584.25 -0.253602 -0.59138 -0.765477 125 64 61
-49 222 584.25 -0.339686 -0.49758 -0.79814 128 68 60
-48 222 583.75 -0.330646 -0.384994 -0.861657 136 72 62
-47 222 583.25 -0.298166 -0.271045 -0.915222 141 73 64
-46.25 222 583.25 -0.298755 -0.20319 -0.932448 142 72 62
-46 221.75 582.75 -0.280756 -0.165933 -0.945327 146 72 63
-45 221.25 582.25 -0.220788 -0.0706679 -0.972758 153 75 65
-44 221.25 582.25 -0.139651 -0.0262886 -0.989852 154 77 67
-43 221.25 582 -0.0605807 -0.00607958 -0.998145 164 85 78
-42 221.25 582 0.0342614 -0.0195135 -0.999222 162 83 76
-41 221.25 582 0.117679 -0.0231748 -0.992781 168 88 81
-41 221.5 582.5 0.116324 -0.00049308 -0.993211 174 94 87
-40 221.5 582.5 0.204614 -0.00678927 -0.978819 186 103 97
-39 221.75 582.75 0.289541 0.0105944 -0.957107 188 105 101
-38 221.75 583 0.348518 0.00167975 -0.937301 193 110 106
-38 222 583.25 0.355747 -0.0055905 -0.934566 195 114 111
-37 222 583.75 0.413115 -0.0183362 -0.910494 201 120 117
-36.75 222 583.75 0.455622 -0.0236111 -0.88986 205 127 123
-36 222 584.25 0.50828 -0.0580719 -0.859231 213 135 131
-35 222 584.25 0.594525 -0.108808 -0.796681 212 137 132
-34 222 585 0.675775 -0.158405 -0.719886 213 138 133
-32 223.75 587.75 0.840453 -0.23546 -0.488054 213 149 140
-31 224.5 590.5 0.91489 -0.246122 -0.32 202 148 138
-56 221.75 581.75 0.509289 -0.71847 -0.473736 25 17 15
-53 222.75 583.75 0.301242 -0.765787 -0.568175 90 55 51
-52 222.75 584.25 0.0652407 -0.750388 -0.65777 102 58 55
-51 223 584.75 -0.102681 -0.704369 -0.702368 109 55 53
-48 222.25 583.25 -0.289901 -0.411697 -0.863981 141 77 68
-47 222.25 583.25 -0.286539 -0.285442 -0.914559 144 75 68
-46.25 222.25 583 -0.251693 -0.214023 -0.943846 146 76 66
-46 222 582.75 -0.258885 -0.174002 -0.950106 152 78 69
-45 222 582.25 -0.171295 -0.104897 -0.97962 157 78 71
-44 222 582.25 -0.123139 -0.0409115 -0.991546 154 80 71
-43 222 582.25 -0.0526249 -0.00827195 -0.99858 162 88 79
-42 221.75 582 0.0259952 -0.004215 -0.999653 165 88 82
-41 221.75 582 0.115487 -0.0161931 -0.993177 171 92 87
-41 222 582.5 0.121892 -0.0152764 -0.992426 177 98 93
-40 222 582.5 0.198643 -0.0198382 -0.979871 183 102 98
-39 222 582.75 0.298125 -0.0064253 -0.954505 190 109 106
-38 222.25 583 0.346395 -0.0261721 -0.937724 193 112 109
-37 222.75 583.75 0.404431 -0.0584651 -0.912698 202 122 121
-36 223 584.25 0.484251 -0.0549644 -0.873201 211 136 133
-35 223 584.25 0.559592 -0.098768 -0.822862 212 138 135
-34 223 585 0.652387 -0.147832 -0.743328 209 134 129
-33 223 586 0.751289 -0.199253 -0.629176 213 140 134
-33 223.5 586.5 0.785693 -0.224712 -0.57636 213 146 140
-32 224 587 0.811317 -0.231977 -0.53661 212 149 142
-32 224.5 588.5 0.866303 -0.22612 -0.445408 212 152 142
-31 225 590 0.905281 -0.224423 -0.360694 211 154 145
-30 226 593.5 0.948136 -0.249146 -0.197393 93 69 65
-57 222 580.75 0.516881 -0.713208 -0.473465 23 18 22
-56 222 580.75 0.517801 -0.712975 -0.472809 26 17 18
-55 222 581.75 0.466804 -0.736784 -0.489125 50 34 35
-54.75 222.5 582.25 0.450592 -0.742114 -0.496219 71 49 51
-54 222.75 582.75 0.412938 -0.74655 -0.521675 83 54 50
-52 223 583.75 0.119463 -0.751101 -0.649289 101 57 54
-51.75 223.25 584 0.0672468 -0.738556 -0.67083 105 57 53
-51 223.25 583.75 -0.0198055 -0.703138 -0.710777 111 57 55
-50 223 583.75 -0.125798 -0.628758 -0.767358 128 64 64
-49 223 583.75 -0.227166 -0.528281 -0.818116 132 69 64
-48 223 583.75 -0.229674 -0.410227 -0.882589 138 73 69
-48 222.75 583 -0.222304 -0.403159 -0.887718 144 77 69
-47 222.75 583 -0.221511 -0.313236 -0.92348 147 78 71
-46.25 222.5 582.75 -0.232018 -0.230555 -0.944993 150 80 72
-46 222.5 582.75 -0.214138 -0.198064 -0.956512 157 82 76
-45 222.5 582.5 -0.14457 -0.102495 -0.984172 160 83 75
-44 222.25 582.25 -0.107369 -0.0503281 -0.992945 158 83 77
-43 222.25 582.25 -0.0496802 -0.0255288 -0.998439 166 93 86
-42 222.25 582 0.0302522 -0.0241506 -0.99925 172 97 92
-41 222.25 582 0.0964875 -0.0614727 -0.993434 177 99 95
-41 222.5 582.5 0.0956388 -0.0588534 -0.993675 182 104 100
-40 222.5 582.5 0.2064 -0.0808382 -0.975123 188 109 105
-39 222.75 582.75 0.305152 -0.0832715 -0.948656 195 116 112
-38 222.75 583 0.363501 -0.0602135 -0.929646 197 117 116
-38 223 583.5 0.348518 -0.0579363 -0.93551 199 121 119
-37 223 583.75 0.401179 -0.0591515 -0.914088 205 127 127
-36 223.25 584.25 0.488697 -0.0777873 -0.868979 213 139 138
-35 223.25 584.25 0.557361 -0.10968 -0.822994 211 140 138
-34 224 585 0.657407 -0.191505 -0.728795 208 133 128
-33 224 586 0.763322 -0.223176 -0.606245 212 139 133
-31 225.5 589.5 0.906264 -0.208408 -0.367767 213 156 147
-54.75 223 581.75 0.461429 -0.734227 -0.497991 71 47 47
-54 223 582.25 0.427519 -0.741792 -0.516692 86 58 54
-53 223 582.5 0.355582 -0.751932 -0.555121 90 57 52
-53 223.5 583.5 0.316135 -0.760833 -0.566738 94 55 50
-52 223.5 583.5 0.168058 -0.756882 -0.631574 102 57 52
-51.5 223.5 583.5 0.110201 -0.730862 -0.67357 108 59 54
-51 223.5 583.5 0.037565 -0.695972 -0.717086 114 56 52
-50 223.5 583.5 -0.103419 -0.609773 -0.7858 119 59 51
-50 223.25 583.25 -0.0930591 -0.612093 -0.785291 131 66 60
-49 223.25 583.25 -0.172516 -0.521186 -0.835825 137 70 62
-48 223.25 583 -0.189385 -0.412722 -0.890951 146 78 69
-47 223.25 583 -0.188802 -0.337326 -0.922261 149 81 72
-46.25 223.25 582.75 -0.148639 -0.272119 -0.950714 153 82 76
-46 223.25 582.75 -0.132563 -0.247717 -0.95972 157 84 78
-45 223.25 582.75 -0.111896 -0.156295 -0.981352 157 84 78
-44 223 582.5 -0.0995493 -0.0766439 -0.992076 161 86 81
-43 223 582.5 -0.0529069 -0.0600313 -0.996793 168 93 88
-42 223 582.5 0.0384965 -0.0601611 -0.997446 173 99 96
-41 223 582.5 0.0913432 -0.0807059 -0.992544 181 110 106
-40 223 582.5 0.195034 -0.107967 -0.974836 194 123 119
-39 223 582.75 0.299652 -0.109757 -0.947714 195 124 120
-38 223.25 583.25 0.35894 -0.0892516 -0.929084 189 118 114
-38 223.5 583.5 0.359083 -0.119318 -0.925647 195 121 120
-37 224 584 0.435495 -0.123263 -0.891712 205 129 129
-36.25 224 584.25 0.481947 -0.13022 -0.86647 210 134 134
-35 224 585 0.59041 -0.152018 -0.792658 208 130 130
-32 225 586.5 0.794153 -0.226679 -0.563859 214 142 143
-31 226.5 590.5 0.915539 -0.210215 -0.342926 154 99 92
-30 227 592.5 0.934405 -0.22558 -0.275684 103 72 67
-56 222.75 579.75 0.520979 -0.70447 -0.481979 21 17 18
-55.75 222.75 580.25 0.519299 -0.706335 -0.48106 24 14 15
-55 223 580.75 0.48221 -0.72168 -0.49664 40 24 24
-54.25 223.25 581 0.464986 -0.724113 -0.509361 68 47 46
-53 224 582.5 0.380762 -0.737317 -0.558019 88 54 52
-52 224 583 0.223146 -0.735489 -0.639736 103 59 56
-51.25 224 583 0.127535 -0.704353 -0.698299 110 61 56
-51 224 583 0.101486 -0.677785 -0.728223 114 59 56
-50 224 582.75 -0.0151536 -0.606852 -0.79467 129 64 60
-49 224 582.75 -0.0843892 -0.525261 -0.846746 132 68 59
-48 224 583 -0.107085 -0.454181 -0.88445 150 83 75
-47 224 582.5 -0.0788012 -0.344567 -0.935449 152 85 77
-46.25 224 582.5 -0.0761863 -0.26498 -0.961239 155 86 79
-46 224 582.5 -0.0629444 -0.242556 -0.968093 156 85 79
-45 224 582.5 -0.0722031 -0.181711 -0.980698 159 88 84
-44 224 582.75 -0.0893906 -0.155705 -0.983751 168 94 91
-43 224 582.5 -0.0478252 -0.150908 -0.98739 182 111 107
-42 224 582.5 0.0149897 -0.18095 -0.983378 186 115 111
-41 224 582.5 0.0830002 -0.241332 -0.966887 189 118 114
-40 224 582.5 0.188738 -0.252105 -0.949116 192 122 120
-39.5 224 582.5 0.273912 -0.247015 -0.929492 196 126 124
-39 224 582.5 0.288447 -0.26205 -0.920939 192 121 119
-38 224 583.25 0.37181 -0.13912 -0.917825 196 125 123
-36 224 584 0.480368 -0.148794 -0.864353 199 123 123
-36 224.5 584.5 0.494311 -0.139242 -0.858061 211 133 133
-34 225 585 0.665739 -0.24226 -0.705763 201 130 128
-33 225 585 0.698529 -0.23661 -0.675332 204 134 132
-32 225.5 586.5 0.813106 -0.223782 -0.537382 214 142 143
-31 226 588.75 0.890303 -0.178431 -0.418955 223 156 150
-56 223 579 0.536102 -0.696343 -0.477181 22 18 19
-55.5 223 579.25 0.522022 -0.700469 -0.486658 24 14 15
-55 223.5 580.25 0.493126 -0.709003 -0.504125 33 22 20
-54 223.5 580.25 0.467531 -0.711661 -0.52436 63 45 43
-54 223.75 581 0.461862 -0.720491 -0.517278 81 56 52
-52 224.25 582.25 0.27348 -0.725402 -0.631665 105 61 60
-51 224.25 582.25 0.20347 -0.676925 -0.70737 111 62 58
-50 224.25 582.25 0.0265685 -0.605983 -0.795034 120 61 57
-49.25 224.25 582.25 -0.0241541 -0.539144 -0.841867 128 65 60
-49 224.25 582.25 -0.054947 -0.513877 -0.856102 135 72 65
-48 224.5 582.25 -0.025787 -0.420325 -0.907007 142 77 71
-48 224.25 582.25 -0.0360942 -0.422519 -0.905635 147 82 76
-47 224.25 582.25 -0.0267043 -0.325134 -0.945291 154 89 83
-46 224.25 582.25 -0.0203022 -0.256809 -0.966249 159 92 86
-45 224.5 582.5 -0.0700159 -0.214738 -0.974159 162 92 90
-44.5 224.5 582.5 -0.0937738 -0.218175 -0.971394 168 97 95
-44 224.5 582.5 -0.0738389 -0.202907 -0.97641 172 101 99
-43 224.5 582.5 -0.0545051 -0.212962 -0.975539 180 110 108
-42 224.5 582.5 -0.0224933 -0.278541 -0.960161 184 114 112
-41 224.5 582.5 0.0694409 -0.308533 -0.948676 186 116 114
-40 224.5 582.5 0.170483 -0.376989 -0.910392 191 123 122
-39.5 224.5 582.5 0.237656 -0.409027 -0.881032 193 125 124
-39 224.5 582.5 0.252586 -0.400709 -0.8807 190 120 120
-37 225 583.5 0.461359 -0.353192 -0.813882 207 131 133
-36 225 584 0.499965 -0.246085 -0.830348 200 124 126
-35 225 584.75 0.568704 -0.212408 -0.794644 199 120 123
-34 226 585.25 0.699834 -0.297894 -0.649224 200 129 127
-33 226 585.25 0.760669 -0.273126 -0.588884 204 134 132
-32 226 586.5 0.828104 -0.218659 -0.516171 212 140 141
-32 226.75 587.75 0.874399 -0.186296 -0.448018 212 141 137
-31 227 588.75 0.89984 -0.177201 -0.398608 221 153 150
-31 227.25 590.25 0.913932 -0.19486 -0.35603 168 113 106
-30 228 591.75 0.928282 -0.205897 -0.309675 101 70 67
-55.5 223.75 579.25 0.526316 -0.694589 -0.490446 23 14 15
-54 224 579.75 0.50556 -0.6952 -0.510986 58 43 40
-53 224.25 581.25 0.431214 -0.724937 -0.537141 87 56 54
-53 224.5 581.75 0.421542 -0.726576 -0.542576 96 58 55
-52 224.5 581.75 0.330202 -0.715269 -0.615919 105 61 60
-51 224.75 582 0.236726 -0.674785 -0.699018 111 62 58
-49 225 581.75 0.0689664 -0.497816 -0.864536 138 75 70
-48 225 582 0.0303939 -0.400524 -0.915782 149 84 78
-47 225 582 0.0342166 -0.338601 -0.940308 159 94 88
-46 225 581.75 0.0155638 -0.290649 -0.956703 159 91 88
-45 225 582.25 -0.0403525 -0.239959 -0.969944 161 91 89
-44.25 225 582.25 -0.0890694 -0.243401 -0.965827 172 102 100
-44 225 582.25 -0.0714826 -0.246391 -0.966531 170 100 100
-43 225 582.25 -0.065557 -0.285858 -0.956027 168 100 99
-42 225 582 -0.0808896 -0.329482 -0.94069 173 105 104
-41 225 581.5 -0.0555879 -0.420415 -0.905627 172 104 103
-40 225 582 0.0731531 -0.427765 -0.900925 187 122 120
-39.25 225 582.25 0.217989 -0.472788 -0.853787 188 123 121
-39 225 582.5 0.243394 -0.468425 -0.849316 186 118 117
-38 225 582.5 0.37598 -0.447162 -0.811594 183 113 113
-37 225.25 583.25 0.461217 -0.364306 -0.809049 203 128 132
-36 226 584 0.550764 -0.37877 -0.743769 204 129 133
-35 226 584.75 0.59524 -0.306603 -0.742754 191 115 119
-34 226.25 585.25 0.699834 -0.297894 -0.649224 201 130 128
-33 226.25 585.25 0.759543 -0.278248 -0.587939 205 134 132
-32 227 586.5 0.851148 -0.218202 -0.477425 213 139 140
-31 228 589 0.907974 -0.179904 -0.378442 218 151 145
-30 228.75 591.75 0.925936 -0.206529 -0.31621 100 69 64
-55 224 578.5 0.521498 -0.690448 -0.50132 24 18 18
-55 224.5 579.25 0.521344 -0.689592 -0.502656 27 22 19
-54 224.5 579.5 0.518414 -0.682768 -0.514854 53 39 38
-54 224.75 580 0.518339 -0.681832 -0.516168 76 52 50
-53 225 580.5 0.461869 -0.688965 -0.558573 87 56 54
-52 225 581.5 0.374188 -0.702864 -0.604951 105 61 60
-51 225 581.25 0.30989 -0.672437 -0.672158 115 61 59
-50 225 581.25 0.176727 -0.604028 -0.777121 123 64 60
-49 225.5 581.25 0.177614 -0.489226 -0.85388 133 72 69
-48 225.5 581.25 0.110064 -0.40916 -0.9058 146 83 78
-47 225.5 581.5 0.0909655 -0.337671 -0.936858 158 93 89
-46 225.5 581.5 0.0330539 -0.310894 -0.94987 150 82 79
-42 225.5 581.5 -0.130295 -0.40913 -0.903126 172 107 105
-41 225.5 581.5 -0.0670947 -0.460613 -0.885062 180 115 113
-40 225.75 581.75 0.0221046 -0.530325 -0.847506 188 124 124
-39 225.75 581.75 0.173281 -0.536579 -0.825867 191 127 127
-37 226 583 0.477099 -0.470933 -0.742023 182 110 113
-35 226.75 584.75 0.618744 -0.346951 -0.704827 188 114 115
-33 227 585.25 0.797324 -0.276084 -0.536705 203 132 128
-32 227.25 586.25 0.853389 -0.221255 -0.471989 215 141 140
-30 229 591.25 0.922914 -0.192848 -0.333226 103 72 67
-55 224.75 578.25 0.546012 -0.681719 -0.48696 25 21 20
-54 225 579 0.523407 -0.678146 -0.51591 47 33 32
-53.75 225 579.25 0.502591 -0.684043 -0.528666 70 49 48
-53 225.5 580.25 0.486094 -0.672405 -0.558198 84 54 54
-52.5 225.5 580.5 0.458977 -0.673592 -0.579322 94 59 57
-52 225.5 580.75 0.419916 -0.681264 -0.599625 101 59 60
-51 225.75 581.25 0.357856 -0.635657 -0.684017 111 63 61
-50 225.75 581.25 0.230668 -0.567418 -0.790462 125 67 65
-49 225.75 581.25 0.180766 -0.499955 -0.846976 136 75 74
-49 226 581.75 0.181978 -0.496386 -0.848814 137 76 71
-48 226 581.75 0.116248 -0.415401 -0.90218 146 83 78
-47 226 581.5 0.10229 -0.354562 -0.929421 144 79 75
-46 226 582 0.0297109 -0.328417 -0.944065 144 76 73
-45 226 582 -0.0308164 -0.322331 -0.946125 160 90 90
-44 226 582 -0.101124 -0.347153 -0.932341 167 97 97
-43 226.25 582.25 -0.113804 -0.407206 -0.906219 163 97 98
-43 226 582 -0.116908 -0.387361 -0.914486 172 106 107
-37 226.5 582.5 0.480429 -0.502467 -0.718829 179 108 112
-35 227 584 0.613483 -0.409033 -0.675523 204 129 134
-34 227 585 0.715786 -0.331478 -0.614633 190 120 120
-33 227.25 585.25 0.796558 -0.289511 -0.530733 199 128 126
-32 228 586.25 0.878477 -0.231005 -0.418229 216 140 140
-31 229 588.75 0.911398 -0.189447 -0.365327 215 148 142
-30 230 591.25 0.923724 -0.187571 -0.333992 110 79 74
-54 225.5 578.25 0.546766 -0.679888 -0.488671 39 27 27
-53.75 225.75 579 0.515873 -0.674376 -0.528291 67 46 45
-53 225.75 579.25 0.507459 -0.671408 -0.540089 83 53 55
-52.25 226 580 0.46929 -0.659833 -0.586845 92 58 57
-52 226 580.25 0.460974 -0.656046 -0.597584 100 58 60
-51 226.25 581 0.393285 -0.612997 -0.685246 108 62 62
-50 226.25 581 0.277892 -0.571945 -0.771787 122 66 65
-49 226.25 581 0.229455 -0.486781 -0.842849 133 73 72
-49 226.75 581.75 0.212493 -0.476925 -0.852871 136 77 73
-48 226.75 581.75 0.158219 -0.428955 -0.889362 135 74 71
-47 226.5 581.5 0.124199 -0.379623 -0.916767 134 69 67
-45 227 582 -0.0370517 -0.394766 -0.918034 158 90 91
-44 227 582 -0.118783 -0.425632 -0.897066 162 96 97
-42 226 581 -0.170091 -0.482579 -0.859178 175 111 112
-41 226 580.5 -0.145366 -0.548634 -0.823328 184 122 123
-40 226 580.5 -0.0509855 -0.60322 -0.795943 193 131 132
-39 226 580.5 0.0636937 -0.632671 -0.771797 201 139 140
-38 226 581 0.286404 -0.620062 -0.730408 203 139 140
-38 226.5 581.5 0.275303 -0.644881 -0.712978 189 123 127
-37 226.75 581.75 0.423449 -0.605004 -0.674286 190 121 126
-35 227.5 583.5 0.636607 -0.47462 -0.607838 200 127 134
-33 228 584.75 0.806365 -0.296903 -0.511493 199 125 124
-32 228.25 586.25 0.883032 -0.231171 -0.408429 215 139 141
-31 229.75 588.75 0.912162 -0.197415 -0.359148 217 148 143
-30 230.25 591.25 0.923126 -0.189471 -0.334573 117 84 79
-55 225.5 577.25 0.565723 -0.672408 -0.47731 24 19 16
-54 225.75 577.75 0.549084 -0.675654 -0.491934 37 25 25
-53.25 225.75 578 0.531339 -0.676958 -0.509319 64 44 43
-53 226.25 579 0.529143 -0.657214 -0.536728 81 52 54
-52 226.5 579.5 0.490602 -0.629789 -0.602225 91 59 60
-51 227 580.25 0.454423 -0.593317 -0.664435 108 62 64
-50 227 581 0.333372 -0.553148 -0.763472 119 63 62
-49 227 581 0.273185 -0.488971 -0.828419 125 67 66
-48 227 581.75 0.179112 -0.407152 -0.895626 124 63 62
-47 227 581.5 0.130976 -0.39027 -0.911337 137 73 71
-46 227 581.5 0.0293502 -0.397005 -0.917347 144 78 79
-43 227 581.25 -0.171491 -0.496034 -0.8512 174 110 111
-42 227 580.75 -0.207115 -0.573446 -0.79263 176 112 113
-40 226.75 580 -0.145215 -0.694479 -0.704707 194 132 135
-37.5 227 580.5 0.250879 -0.73237 -0.633004 184 119 123
-36 227 581.75 0.500234 -0.587158 -0.636405 182 113 118
-35 227.75 582.75 0.623845 -0.517455 -0.585712 182 111 119
-32 229 586.25 0.894539 -0.231004 -0.38267 215 139 141
-32 229.25 587.25 0.89915 -0.212591 -0.382537 216 141 138
-31 230 588.75 0.915111 -0.19373 -0.353611 219 149 147
-30.75 230.75 589.75 0.918687 -0.193554 -0.344314 175 116 110
-30 231 591.25 0.92808 -0.181559 -0.325123 117 83 81
-55 226 577.25 0.568784 -0.67759 -0.466215 28 19 20
-54 226 577.25 0.557507 -0.677547 -0.479703 38 22 25
-53.25 226.25 578 0.541141 -0.67006 -0.508121 63 38 41
-53 226.5 578.25 0.541587 -0.668781 -0.509329 79 47 52
-52 226.75 579 0.511348 -0.651443 -0.560486 92 58 59
-50 227.5 580.5 0.405289 -0.54842 -0.731421 110 59 58
-49 227.5 580.5 0.331109 -0.502846 -0.798444 115 59 60
-49 227.75 581 0.312557 -0.490775 -0.813294 117 57 57
-48 227.75 581 0.232972 -0.463911 -0.854699 123 59 60
-48 228 581.25 0.214443 -0.479655 -0.85085 133 67 68
-47 228 581.25 0.116712 -0.446141 -0.88732 142 74 75
-46 228 581.5 0.0145708 -0.434911 -0.900355 147 81 82
-45 228 581.75 -0.0674034 -0.448415 -0.891281 151 89 90
-44 228 581.5 -0.189189 -0.487718 -0.852255 156 92 93
-43 228 581.25 -0.249433 -0.543533 -0.801471 168 102 106
-42.75 227.75 581 -0.262872 -0.549445 -0.7931 176 110 114
-42 227.25 580.25 -0.243927 -0.621764 -0.744251 180 114 118
-41 227.25 580.25 -0.223911 -0.667156 -0.71047 184 118 122
-41 227 579.5 -0.261311 -0.695702 -0.669115 188 122 126
-40 227 579.5 -0.195709 -0.74174 -0.641498 189 123 127
-38 227 579.75 0.177548 -0.784244 -0.594507 190 121 126
-37 227 579.75 0.28435 -0.764716 -0.578235 186 117 120
-34.25 228 582.25 0.673957 -0.509513 -0.534956 170 99 103
-34 228 583 0.687266 -0.459597 -0.562526 180 108 109
-33 228.5 583.5 0.806409 -0.367146 -0.463582 195 125 125
-32 229.5 585.5 0.891219 -0.255341 -0.374873 210 142 139
-31 230.75 588.75 0.914674 -0.204475 -0.348657 217 145 148
-30.75 231 589.75 0.917849 -0.20029 -0.342692 169 107 112
-30 231.75 591 0.929424 -0.181204 -0.32146 110 73 80
-54.75 226.75 576.5 0.572551 -0.67968 -0.458499 26 20 22
-54 226.75 577 0.574366 -0.670414 -0.469733 33 21 23
-53 227 577.5 0.560585 -0.66694 -0.490851 55 33 36
-52 227 578.25 0.534754 -0.657157 -0.531209 91 57 58
-52 227.25 579.25 0.523467 -0.643188 -0.558831 100 60 61
-51 227.25 579.25 0.508949 -0.627047 -0.589731 107 63 64
-48 228.25 581 0.229923 -0.493649 -0.838717 112 52 52
-47.75 228.25 581 0.205257 -0.491339 -0.846437 118 58 57
-47 228.25 581.25 0.132797 -0.476212 -0.869245 127 66 65
-46 228.25 581.25 0.0157091 -0.478688 -0.877845 134 72 73
-46 228.5 581.5 0.0157091 -0.478688 -0.877845 141 79 80
-45 228.25 581.25 -0.102408 -0.494117 -0.863343 151 86 90
-44 228.25 581.25 -0.20096 -0.516796 -0.832188 161 96 100
-42.25 228 580.25 -0.317763 -0.608128 -0.727467 174 109 113
-42 227.75 580 -0.299786 -0.636191 -0.710907 175 110 114
-41 227.75 579.75 -0.292534 -0.701067 -0.65033 177 111 115
-41 227.5 579.5 -0.284678 -0.701859 -0.652956 178 112 116
-40 227.25 579.25 -0.231964 -0.747265 -0.622726 178 112 114
-39 227.25 579 -0.0949612 -0.790933 -0.604489 182 116 118
-39 227 579 -0.0844407 -0.790321 -0.606847 191 122 125
-38 227.25 579.25 0.105763 -0.822753 -0.558472 188 119 122
-37 227.5 579.5 0.292119 -0.793349 -0.534102 187 118 121
-37 227.75 579.75 0.302193 -0.796802 -0.523246 189 120 123
-35 228 581 0.608311 -0.616048 -0.500443 191 121 123
-33 229 583.5 0.815569 -0.375444 -0.440329 193 123 123
-32 230.5 586.5 0.909709 -0.234102 -0.342966 215 144 142
-31 231 588.25 0.912869 -0.207034 -0.351863 218 146 149
-30.75 231.75 589.75 0.926671 -0.185926 -0.326668 162 101 106
-30 232.25 591 0.928143 -0.185007 -0.322992 106 71 77
-53 227.25 577 0.568423 -0.672797 -0.473539 45 27 27
-52 227.75 578 0.553875 -0.653341 -0.516108 86 54 55
-51 228 579.25 0.510213 -0.625028 -0.590781 109 60 63
-50.25 228 579.25 0.488319 -0.621903 -0.612194 113 58 61
-50 228 579.75 0.439456 -0.587247 -0.67972 112 58 58
-49 228 579.75 0.375051 -0.564652 -0.73519 110 54 55
-49 228.5 580.5 0.3505 -0.547838 -0.75962 112 56 55
-48 228.75 580.75 0.221111 -0.555658 -0.80147 109 53 52
-47.75 228.75 580.75 0.215511 -0.55156 -0.805814 109 55 53
-47 228.5 580.5 0.154488 -0.546581 -0.823033 116 60 59
-44 228.5 580.5 -0.238549 -0.55889 -0.794189 143 78 82
-43 228.25 580.25 -0.300589 -0.58714 -0.751607 157 92 96
-42.25 228.25 580.25 -0.338013 -0.616766 -0.710878 164 99 103
-42 228 579.25 -0.387009 -0.655034 -0.648964 166 101 105
-41 228 579.25 -0.311959 -0.726258 -0.612561 168 104 105
-40.75 228 578.75 -0.310966 -0.739259 -0.597325 168 104 105
-36 228 579.75 0.492256 -0.729242 -0.47528 193 125 126
-35 228.75 580.75 0.641302 -0.602274 -0.475392 193 123 125
-33 229.5 582.5 0.815429 -0.396673 -0.421576 192 121 119
-32 230 584.5 0.886569 -0.288026 -0.36199 213 146 140
-31 231.75 588.25 0.916254 -0.20372 -0.34493 214 146 147
-30.5 232 589.5 0.926169 -0.185318 -0.328433 154 95 99
-30 232.5 590.75 0.932935 -0.167168 -0.318884 103 71 76
-54.5 227 575.5 0.598442 -0.678198 -0.426516 27 22 26
-54 227 575.5 0.598442 -0.678198 -0.426516 30 19 23
-53 227.5 576.5 0.572765 -0.677454 -0.461516 36 20 20
-53 227.75 577.25 0.571333 -0.671012 -0.472569 62 38 38
-52 228 577.5 0.562101 -0.666757 -0.489365 83 53 53
-50.25 229 579.25 0.490464 -0.629467 -0.602674 109 57 61
-49 229 579.75 0.381434 -0.604259 -0.699556 112 58 56
-48 229 580.75 0.221111 -0.555658 -0.80147 110 56 54
-47.75 229 580.75 0.20868 -0.556236 -0.804397 110 56 54
-47 229 580.5 0.147058 -0.570072 -0.808327 115 59 58
-46 229 580.5 0.0120834 -0.583092 -0.812317 118 62 63
-45 229 580.75 -0.119832 -0.563077 -0.81767 131 69 72
-44 229 580.5 -0.236751 -0.595329 -0.76781 139 74 78
-43 229 580.25 -0.331047 -0.618419 -0.712717 145 83 86
-41 228.75 578.75 -0.354447 -0.729895 -0.584483 163 98 102
-40.75 228.75 578.75 -0.339024 -0.736723 -0.585065 166 101 105
-40 228 578 -0.283432 -0.760678 -0.583982 170 104 106
-37 228.5 578.5 0.276159 -0.810478 -0.516586 195 127 128
-34 229 580.75 0.738489 -0.510417 -0.440577 180 108 109
-34 229.5 581.5 0.763106 -0.481258 -0.431347 179 108 106
-33 230.5 583.5 0.848071 -0.339664 -0.406698 207 138 131
-31 232 587.5 0.917032 -0.205485 -0.341802 209 145 145
-30.5 232.75 589.25 0.926425 -0.183098 -0.328955 147 95 97
-30 233.25 590.75 0.931869 -0.170046 -0.320474 101 75 78
-53 228 575.75 0.589194 -0.685272 -0.42808 34 18 18
-52 228.25 577.25 0.566303 -0.672429 -0.476593 80 52 51
-52 228.5 577.5 0.564387 -0.677419 -0.471773 96 60 62
-50 229 579 0.491835 -0.626394 -0.604755 107 56 55
-49 229.25 579.25 0.404744 -0.648858 -0.644333 107 53 53
-44 229.75 579.75 -0.264728 -0.669499 -0.694039 143 78 84
-44 229.5 579.5 -0.275433 -0.669416 -0.689941 144 79 83
-43 229.5 579.5 -0.354019 -0.670126 -0.652382 148 83 87
-42 229.25 579.25 -0.411116 -0.674918 -0.612755 156 91 95
-42 229 578.5 -0.426808 -0.680044 -0.596133 161 96 100
-40 228.75 577.75 -0.289704 -0.763149 -0.577646 175 109 111
-39 228 577 -0.153854 -0.771898 -0.616849 187 118 121
-38 228 577 0.0386046 -0.798933 -0.600179 196 127 130
-37 228 577 0.189338 -0.781483 -0.594505 204 134 136
-36 229 578 0.480958 -0.711839 -0.511825 203 133 135
-33 230 582 0.81827 -0.399726 -0.413102 196 122 121
-33 230.75 582.75 0.8566 -0.347143 -0.381744 208 137 131
-32 231 584 0.902716 -0.267596 -0.336892 212 143 138
-31 232.5 587.5 0.923871 -0.192944 -0.330507 204 143 142
-30 233 588.75 0.930034 -0.167082 -0.327291 140 94 94
-54 228 574.5 0.604005 -0.694729 -0.39055 28 22 24
-53 228.25 575.25 0.587052 -0.701991 -0.40321 34 20 20
-53 228.75 575.75 0.582249 -0.703733 -0.407118 54 34 35
-51 229 578 0.546742 -0.67612 -0.493898 96 60 60
-48 230 580 0.237893 -0.649882 -0.721845 113 55 54
-47 230 580 0.148903 -0.666505 -0.730478 119 59 61
-46 230 580 -0.000967852 -0.68729 -0.726382 128 66 69
-46 230.25 580.25 -0.000967852 -0.68729 -0.726382 130 68 71
-45 230 579.75 -0.127023 -0.700982 -0.701776 138 73 79
-42 229.5 578.5 -0.436054 -0.688297 -0.579745 165 99 103
-41 229 577.5 -0.378907 -0.722161 -0.578717 169 100 103
-40 229 576.75 -0.253773 -0.743543 -0.618662 182 113 116
-38.5 229 576.5 -0.0390472 -0.755816 -0.653619 191 121 123
-35 229 578 0.597016 -0.643481 -0.479066 210 138 141
-34 230 579 0.763585 -0.489169 -0.421487 194 119 123
-33 231 581 0.864841 -0.341316 -0.368175 198 122 122
-32 231.75 583.75 0.91063 -0.23967 -0.336616 211 142 137
-32 232.5 585.5 0.92159 -0.214448 -0.32355 213 148 144
-31 233 586.5 0.935719 -0.156109 -0.316324 197 139 137
-30 233.5 588.5 0.932991 -0.153516 -0.325516 130 89 87
-30 234.5 590.5 0.936062 -0.147383 -0.319477 90 72 72
-53 228.5 574.5 0.584521 -0.713713 -0.385939 31 21 20
-52 229 575.5 0.571413 -0.71859 -0.396379 66 46 45
-51.5 229.5 576.5 0.558494 -0.719302 -0.413145 83 57 58
-50 230 578 0.497743 -0.715874 -0.489669 99 55 54
-49 230 578.25 0.436846 -0.723692 -0.534262 102 52 53
-48 230.25 579.25 0.299493 -0.723775 -0.621654 113 55 54
-47 230.25 579.25 0.148298 -0.746933 -0.648151 119 60 62
-47 230.5 579.5 0.145147 -0.740945 -0.655692 124 64 66
-46 230.75 579.75 0.00320556 -0.734191 -0.678935 129 67 70
-45.5 230.5 579.5 -0.0722936 -0.726227 -0.683643 134 69 73
-45 230.25 579.25 -0.148714 -0.734814 -0.661765 141 76 80
-44 230 578.75 -0.271245 -0.727306 -0.630438 151 82 85
-43 230 578.5 -0.368913 -0.717116 -0.591311 156 85 89
-42 230 577.5 -0.439047 -0.694998 -0.569399 170 99 103
-40 229.5 576.5 -0.260838 -0.732689 -0.628594 187 115 118
-39 229 575.75 -0.109363 -0.743462 -0.659776 191 119 122
-38 229 575.75 0.0470159 -0.74192 -0.668838 194 122 125
-37 229 576 0.212477 -0.720175 -0.660456 200 128 131
-33 231.75 582 0.894833 -0.270362 -0.355216 204 133 129
-32 232 583.25 0.915818 -0.230036 -0.329182 211 141 139
-31.75 232.75 585 0.921233 -0.205129 -0.330532 215 154 149
-31 233.5 586.5 0.937781 -0.152354 -0.312017 182 131 127
-30 234 588.5 0.93576 -0.146609 -0.320717 118 80 77
-53 229 574 0.578987 -0.732251 -0.358584 26 21 18
-52.25 229 574.25 0.567774 -0.740428 -0.359722 35 24 22
-52 229.25 575.25 0.564917 -0.727948 -0.388536 58 42 42
-51 229.5 575.5 0.550046 -0.740957 -0.385268 77 56 55
-49 230.75 577.75 0.42437 -0.767326 -0.480751 101 51 52
-48.25 231 578.25 0.347216 -0.775664 -0.527055 105 51 49
-46 231 579 -0.00513955 -0.769517 -0.638605 129 67 70
-45.5 231 579.25 -0.0810553 -0.759375 -0.645585 136 70 74
-45 231 578.75 -0.146112 -0.768635 -0.622778 143 77 81
-43 230.75 578 -0.365212 -0.73868 -0.566544 162 90 93
-42 230.5 577.25 -0.431259 -0.69673 -0.573222 169 97 100
-42 230.25 577 -0.431935 -0.691802 -0.578656 173 101 104
-40 229.75 575.75 -0.220388 -0.710986 -0.667778 187 115 118
-39 229.75 575.75 -0.097965 -0.714637 -0.692601 191 119 122
-38 229.25 575.25 0.0601161 -0.710663 -0.70096 198 123 127
-35 230 577 0.649523 -0.540141 -0.535132 199 125 126
-33 231.25 580.25 0.865159 -0.320279 -0.385903 205 129 131
-33 232 581.75 0.898547 -0.251397 -0.359739 203 132 128
-32 232.75 583 0.924869 -0.188441 -0.330315 209 141 138
-31.25 233.5 584.75 0.927907 -0.172798 -0.330348 217 156 151
-30 234.75 588.25 0.939756 -0.135966 -0.313644 109 74 70
-51 230 575.25 0.542967 -0.752181 -0.373377 70 49 48
-50 230.25 576.25 0.512803 -0.761064 -0.397259 94 55 56
-50 230.75 576.75 0.493116 -0.765098 -0.41408 97 53 52
-47 231 578 0.211861 -0.80267 -0.557526 121 60 59
-47 231.25 578.25 0.187859 -0.801439 -0.567807 129 63 64
-46 231.5 578.5 -0.00352246 -0.802667 -0.596417 137 69 70
-45 231.25 578.25 -0.152081 -0.787637 -0.597076 147 76 80
-44 231 578 -0.281199 -0.765965 -0.578121 152 81 85
-43.75 231 577.75 -0.303254 -0.766241 -0.566492 157 87 87
-43 231 577.25 -0.355959 -0.741133 -0.569223 163 93 93
-42 230.75 576.75 -0.416851 -0.697105 -0.583335 169 99 99
-41.75 230.5 576.25 -0.413171 -0.687606 -0.597066 173 101 102
-41 230 575.75 -0.357576 -0.679193 -0.640965 176 104 105
-40 230 575.75 -0.227024 -0.697624 -0.679545 185 109 111
-39 230 574.75 -0.0595346 -0.674038 -0.736294 189 110 113
-38 230 574.75 0.0898571 -0.618365 -0.780737 193 114 117
-37 230 575 0.317854 -0.578153 -0.751471 202 128 129
-36 230 576 0.482893 -0.580991 -0.655182 189 117 118
-34 231 578 0.801509 -0.380548 -0.461266 190 120 120
-33 232.25 580.25 0.891559 -0.231919 -0.38902 202 131 127
-32 233 582.75 0.925968 -0.170597 -0.336869 209 146 139
-31 234 584.5 0.937841 -0.131627 -0.321136 214 156 152
-30 235.25 587.75 0.942888 -0.129207 -0.30703 103 82 87
-51 230.25 574.25 0.541527 -0.766197 -0.345962 63 42 41
-49 231 576.5 0.450573 -0.793997 -0.408109 101 53 53
-48 231 577 0.333173 -0.820653 -0.464247 103 52 49
-48 231.5 577.5 0.317201 -0.813039 -0.488213 111 55 54
-47 231.5 577.5 0.186786 -0.831032 -0.523924 121 61 60
-47 231.75 577.75 0.190666 -0.829219 -0.525397 130 66 66
-46 231.75 577.75 -0.0117419 -0.831697 -0.555105 136 70 71
-45 231.75 577.75 -0.174301 -0.802379 -0.570796 148 77 81
-44 231.75 577.75 -0.265414 -0.782226 -0.56363 152 81 85
-43.25 231.25 577.25 -0.337354 -0.755824 -0.56118 158 88 88
-43 231.25 577 -0.345931 -0.75211 -0.560947 164 94 94
-42 231 576 -0.383513 -0.698598 -0.604052 169 97 98
-41.75 231 576 -0.392348 -0.682986 -0.616111 173 101 102
-41 231 575.5 -0.32728 -0.678809 -0.657348 177 103 104
-40 230.75 574.75 -0.160642 -0.634842 -0.755757 177 101 103
-39 230.75 574.75 -0.00570806 -0.576834 -0.816841 183 104 107
-38 230.75 574.75 0.14908 -0.559372 -0.815401 193 114 117
-37 230.75 574.75 0.362444 -0.499253 -0.787007 197 123 124
-36 231 576 0.560195 -0.455398 -0.69195 183 111 112
-35 231 576 0.661752 -0.404798 -0.631049 187 115 116
-34 232 577.25 0.811036 -0.248327 -0.529674 199 127 128
-33 232.5 579.5 0.892271 -0.193173 -0.408089 206 139 133
-33 233.25 581.25 0.921121 -0.148998 -0.359633 208 145 136
-32 234 582.5 0.927262 -0.13457 -0.349395 205 146 140
-31 234.5 584.5 0.937059 -0.124744 -0.326129 209 154 151
-52 230 573 0.548845 -0.766457 -0.333637 24 18 20
-52 230.25 573.25 0.549509 -0.767137 -0.33097 30 18 18
-49.5 231.5 575.5 0.464575 -0.809815 -0.358287 93 53 53
-47 232 576.75 0.193635 -0.864728 -0.463411 121 61 60
-46.75 232 576.75 0.129752 -0.872206 -0.471615 130 66 66
-46 232 577 0.0156029 -0.860132 -0.509833 136 70 71
-45 232 577.25 -0.143203 -0.828472 -0.541411 142 74 75
-44 232 576.75 -0.263307 -0.793805 -0.548219 151 80 84
-42 231.75 576 -0.345923 -0.710866 -0.612378 162 90 91
-41.25 231.25 575.25 -0.341131 -0.66906 -0.660294 167 93 94
-41 231.25 575 -0.308938 -0.646307 -0.697742 172 98 99
-40 231 574.5 -0.142872 -0.613356 -0.776777 172 96 98
-39 231 574.25 -0.00764585 -0.554655 -0.832045 182 103 106
-38 231 574.25 0.168547 -0.504132 -0.84702 188 109 112
-37 231 574.75 0.406858 -0.456479 -0.791261 194 118 118
-36.75 231 574.75 0.419231 -0.443493 -0.792187 192 116 116
-36 231.5 575.5 0.568819 -0.351544 -0.743547 188 114 113
-34 232.25 577.25 0.815169 -0.226233 -0.533215 204 133 131
-33 233 579.5 0.899543 -0.13772 -0.414555 212 144 141
-32 234.5 582.5 0.928798 -0.0962949 -0.357857 206 148 146
-31 235 584.5 0.940192 -0.108772 -0.322811 201 147 147
-51 231 573 0.512573 -0.794563 -0.325483 43 27 28
-50 231 574 0.505104 -0.797497 -0.329951 89 55 56
-46.25 232.25 576.25 0.0475005 -0.882384 -0.468126 127 63 63
-45 232.75 576.75 -0.109659 -0.844869 -0.523614 143 73 75
-43 232 575.75 -0.306663 -0.746737 -0.590205 154 82 83
-41 231.75 574.75 -0.277299 -0.619682 -0.734234 162 88 89
-40 231.5 574.5 -0.132738 -0.57805 -0.805133 171 95 97
-39 231.25 574.25 0.01284 -0.527998 -0.849149 181 103 103
-38 231.25 574.25 0.171383 -0.488101 -0.855795 188 110 110
-37 231.75 574.75 0.427007 -0.366778 -0.826522 192 116 116
-36.75 232 574.75 0.47243 -0.337485 -0.814195 196 120 120
-36 232 575.5 0.595611 -0.293904 -0.747575 197 123 122
-35 232 575.75 0.689004 -0.251968 -0.679548 202 128 127
-35 232.5 576.5 0.751232 -0.193234 -0.631119 205 134 132
-34 233 577.25 0.836627 -0.110915 -0.536425 208 137 135
-34 233.25 578 0.869069 -0.100944 -0.484283 213 143 141
-33 234 579.5 0.906115 -0.0330693 -0.421737 214 149 147
-32.75 234.25 581 0.920368 -0.0679351 -0.385106 211 152 148
-32 235 582.5 0.928108 -0.0864906 -0.362126 208 152 153
-31 236 584.5 0.94186 -0.0851092 -0.325047 183 131 135
-31 236.25 586 0.942632 -0.0936279 -0.320436 110 75 82
-52 231 571.25 0.521328 -0.786608 -0.330856 28 23 29
-51 231.25 572.25 0.509655 -0.796406 -0.325561 34 19 22
-49 232 574 0.435261 -0.833716 -0.339802 94 55 56
-48 232 575 0.344944 -0.862327 -0.370683 112 54 53
-47 232.25 575.25 0.228265 -0.89044 -0.393716 119 58 57
-46 232.5 575.5 0.0598602 -0.884661 -0.462376 125 59 60
-46 232.75 575.75 0.0679689 -0.886029 -0.458621 127 62 60
-44 232.75 575.75 -0.177494 -0.806533 -0.563915 144 70 71
-43 232.25 575 -0.279126 -0.731699 -0.621856 154 78 78
-42 232 574.5 -0.2901 -0.673725 -0.679659 160 84 84
-41 232 574.25 -0.230269 -0.590636 -0.773386 170 92 92
-40 232 573.75 -0.077141 -0.505104 -0.859604 177 97 98
-39.5 232 573.5 -0.0042815 -0.459471 -0.888182 180 100 101
-39 232 573.75 0.066346 -0.456285 -0.887357 182 102 103
-38 232 573.75 0.247832 -0.38265 -0.890033 187 107 108
-38 232.25 574 0.262307 -0.379124 -0.88739 191 111 112
-37 232.5 574.25 0.453543 -0.263972 -0.851244 194 119 116
-36.75 232.75 574.75 0.533653 -0.189541 -0.82419 201 126 123
-36 232.75 575.25 0.604252 -0.160294 -0.780503 207 133 130
-35 233 575.5 0.707816 -0.118623 -0.696366 211 137 134
-34 233.5 577.5 0.849085 -0.0382077 -0.526873 215 144 142
-33 234.75 579.75 0.906548 -0.00439207 -0.422081 217 151 152
-32.75 235 580.75 0.916531 -0.0294554 -0.398878 212 154 152
-32 235.5 582.5 0.932701 -0.0526508 -0.356788 205 155 156
-31 236.5 584.5 0.943153 -0.073016 -0.32424 157 112 117
-52 231.25 571.25 0.514714 -0.792189 -0.327881 24 19 23
-50.25 232 572.25 0.474423 -0.814023 -0.335096 47 31 32
-46 233 574.5 0.105938 -0.886554 -0.450333 125 57 56
-45 233 575.5 -0.0565705 -0.853135 -0.518614 132 62 60
-44 233 575.5 -0.171308 -0.813009 -0.556479 144 70 69
-43 233 575.25 -0.243105 -0.739346 -0.627908 147 71 71
-43 232.75 574.25 -0.17918 -0.753502 -0.632558 156 78 78
-42 232.75 574.25 -0.198368 -0.653298 -0.730651 163 83 84
-41 232.75 574.25 -0.208479 -0.567571 -0.796492 165 85 86
-40 232.5 573.5 -0.0377784 -0.464279 -0.884883 177 95 97
-39.5 232.5 573.25 0.0188692 -0.438618 -0.898475 184 103 102
-39 232.5 573.25 0.107426 -0.39336 -0.913087 186 105 104
-36.5 232.75 574.25 0.534152 -0.173879 -0.827314 208 133 130
-36 233 574.75 0.602579 -0.136258 -0.786341 213 142 138
-35 233.5 575.5 0.707618 -0.0183425 -0.706357 217 146 142
-34 234 577 0.824148 0.0100939 -0.566284 220 150 148
-34 234.5 578.5 0.877567 0.0262072 -0.478738 220 152 149
-33 235 579.5 0.903874 0.0138554 -0.427574 217 153 153
-32.75 235.75 580.75 0.910761 0.00684685 -0.412878 216 157 159
-32 236 582.75 0.932331 -0.0488661 -0.358288 192 146 149
-31 237 584.5 0.942246 -0.0642063 -0.328709 130 99 105
-50 232 571.25 0.463747 -0.819128 -0.337592 35 23 25
-49 232.25 572.25 0.42505 -0.836608 -0.345572 86 54 55
-49 232.5 572.5 0.42505 -0.836608 -0.345572 101 57 58
-47.25 233 573.25 0.325142 -0.879821 -0.346695 115 53 54
-46 233.5 574.5 0.118294 -0.892538 -0.435181 130 59 57
-44.75 233.75 574.75 0.0138291 -0.854399 -0.519433 141 71 69
-43 233.5 574.25 -0.134295 -0.74248 -0.656269 162 81 80
-42 233 573.75 -0.169065 -0.645223 -0.745053 165 81 81
-41 233 573.5 -0.10232 -0.545326 -0.831956 171 87 87
-40 233 573.5 -0.00546595 -0.440302 -0.897833 177 93 93
-39.25 232.75 573 0.113946 -0.358231 -0.926654 182 101 100
-39 232.75 573.25 0.130789 -0.350661 -0.927325 189 108 107
-38 232.75 573.5 0.285492 -0.289559 -0.913592 204 124 123
-37 232.75 573.5 0.433721 -0.19582 -0.879511 211 136 133
-36.5 233.5 574.25 0.566515 -0.0922768 -0.818868 217 142 139
-36 233.75 575 0.648367 -0.0259238 -0.760886 219 148 144
-35 234 575.75 0.720711 0.00142926 -0.693235 220 151 146
-34 235 577.5 0.848846 0.0578292 -0.525467 218 153 149
-33 235.75 579.75 0.899641 0.0398472 -0.434808 213 149 150
-32 237 582.75 0.926702 -0.0207902 -0.37522 165 120 127
-51 232 570 0.481308 -0.808551 -0.338507 25 20 26
-48 233 572.5 0.363191 -0.855789 -0.368398 111 57 57
-47 233 572.5 0.320741 -0.86394 -0.388244 118 56 57
-46 233.25 573.25 0.213276 -0.887167 -0.409204 131 61 63
-46 233.75 574 0.185497 -0.887238 -0.422373 134 62 63
-45 233.75 573.75 0.109602 -0.863929 -0.491542 138 66 67
-44.5 233.75 574.25 0.0322271 -0.841972 -0.538558 144 74 72
-44 233.75 574 -0.0135504 -0.81486 -0.5795 151 77 76
-43 233.75 573.75 -0.0777256 -0.736919 -0.671498 164 80 80
-42 233.75 573.75 -0.064592 -0.623613 -0.77906 166 80 81
-41 233.5 573.5 -0.0533719 -0.482837 -0.874082 178 92 93
-40 233.25 573 0.060308 -0.39805 -0.915379 181 95 96
-39.25 233.25 573 0.146091 -0.319801 -0.936154 186 102 102
-39 233.5 573.25 0.225183 -0.275959 -0.934419 197 113 113
-38 233.75 573.5 0.379202 -0.159792 -0.911413 197 117 116
-37 233.75 573.5 0.481295 -0.111106 -0.869489 216 141 138
-36 234 574.5 0.622036 -0.0131664 -0.782878 220 146 143
-36 234.25 575 0.657251 0.00742958 -0.753635 220 149 145
-35 234.5 575.75 0.747535 0.0369768 -0.663192 221 152 147
-35 235 576.5 0.782909 0.0606846 -0.61917 218 153 147
-34 235.75 577.75 0.855775 0.0843524 -0.510426 218 153 149
-33 236.75 580.75 0.908334 0.0365669 -0.416643 210 145 149
-32 238 583.25 0.930774 -0.0030493 -0.365583 136 93 102
-50 232.75 569.75 0.432947 -0.824586 -0.364163 25 19 21
-48.25 233.25 571.25 0.376227 -0.840834 -0.389168 93 59 58
-48 233.5 571.5 0.37057 -0.845315 -0.384864 112 60 64
-47 233.75 571.75 0.335151 -0.843102 -0.420539 121 60 65
-45 234 573.25 0.146557 -0.857477 -0.493208 146 72 69
-44 234 573.25 0.041872 -0.812951 -0.580824 149 70 66
-43 234 573.5 -0.0190183 -0.714015 -0.699873 158 79 75
-42.75 234 573.25 -0.0181197 -0.700665 -0.71326 161 81 80
-42 234 572.75 0.0558838 -0.645176 -0.761987 168 87 86
-41 234 572.75 0.0673894 -0.496387 -0.865482 180 96 96
-40 234 572.75 0.125489 -0.370444 -0.920339 185 99 100
-39 234 572.75 0.252699 -0.260298 -0.931873 194 106 104
-39 234.25 573 0.309121 -0.225967 -0.923787 201 113 111
-38 234.25 573 0.408846 -0.143939 -0.90118 204 119 114
-37 234.75 574 0.55907 -0.00478848 -0.829107 214 135 131
-36 235 574.75 0.674805 0.0374381 -0.737046 219 143 143
-35 235.25 575.75 0.752221 0.0613651 -0.656048 211 147 145
-35 235.5 576.5 0.791925 0.0854013 -0.604617 207 147 146
-34 236 578 0.854599 0.0889492 -0.511614 208 150 148
-33 237 580.75 0.905632 0.0403693 -0.422139 208 157 156
-33 237.75 582 0.913218 0.0398328 -0.40552 160 121 126
-32 238.5 583.5 0.928458 0.00673565 -0.371377 111 88 96
-50 233 569.25 0.417143 -0.823016 -0.385533 26 21 25
-49 233 569.75 0.396968 -0.828659 -0.394641 54 39 36
-48 233.25 570.25 0.362148 -0.83417 -0.415944 89 59 57
-46 234 571.75 0.296845 -0.844763 -0.445262 138 70 71
-46 234.25 572.25 0.289309 -0.851458 -0.4374 140 70 70
-42.75 234.75 572.75 0.108625 -0.671572 -0.732934 165 84 80
-42 234.75 572.75 0.10699 -0.605809 -0.788384 171 90 87
-41 234.75 572.75 0.160727 -0.46942 -0.868223 178 94 92
-39 234.5 572.5 0.315186 -0.225298 -0.921899 196 108 104
-39 234.75 573 0.328452 -0.217418 -0.919157 203 115 111
-38 234.75 573 0.446128 -0.116168 -0.887398 203 120 114
-38 235 573.75 0.506985 -0.0710315 -0.859023 211 130 126
-37 235 573.75 0.589437 0.0100638 -0.807752 215 137 133
-36.25 235.75 575 0.688248 0.0534347 -0.723505 213 139 138
-36 236 575.75 0.723501 0.0767112 -0.686048 210 142 141
-35 236 576.25 0.788648 0.0902973 -0.608178 207 143 143
-35 236.25 577.25 0.818003 0.101924 -0.566112 205 145 144
-34 237 578 0.846485 0.119401 -0.518851 203 147 146
-34 237.5 579.5 0.877846 0.0963304 -0.469156 210 156 156
-33 238 580.75 0.898544 0.071807 -0.43297 181 136 139
-33 238.5 582.25 0.908646 0.0446886 -0.415169 126 97 102
-49 233.75 569 0.396133 -0.823221 -0.406676 40 32 30
-48 234 569.75 0.377735 -0.826287 -0.417812 84 60 60
-47 234 570.5 0.343713 -0.824586 -0.449354 124 62 67
-46 234.5 571.5 0.311391 -0.830139 -0.462499 142 72 74
-45.5 234.5 571.5 0.321239 -0.81822 -0.476783 142 72 72
-45 234.75 572 0.280971 -0.824627 -0.490963 154 78 78
-44 234.75 572 0.259024 -0.781073 -0.568182 160 81 77
-43 234.75 572.25 0.147553 -0.726829 -0.670781 163 84 79
-42.5 235 572.5 0.119174 -0.66064 -0.741184 170 89 85
-41 235 572.75 0.214036 -0.48432 -0.848306 181 98 94
-40 235 573 0.221418 -0.309181 -0.924868 190 105 100
-39 235 572.75 0.362691 -0.210456 -0.907834 193 113 106
-39 235.25 573.25 0.374773 -0.178372 -0.909796 200 120 113
-38 235.25 573.25 0.491223 -0.062471 -0.868791 205 128 122
-38 235.75 574 0.55463 -0.0158484 -0.831946 208 130 126
-37 235.75 574 0.598191 0.0222476 -0.801045 205 131 128
-36.25 236.25 575 0.696395 0.0676583 -0.714462 207 135 136
-36 236.5 575.75 0.720569 0.0877095 -0.687813 208 140 139
-35 237 576.75 0.794883 0.112152 -0.596308 206 142 142
-34 237.25 578.25 0.851943 0.112825 -0.511336 206 150 153
-33 239 581.25 0.90001 0.0709193 -0.430061 129 96 103
-49 234 568.5 0.394214 -0.821042 -0.412899 26 27 22
-48 234.25 569 0.37479 -0.820985 -0.430715 68 50 48
-44 235 571.5 0.307832 -0.766647 -0.563464 158 80 78
-43 235.25 572 0.211215 -0.740252 -0.63829 162 87 82
-42.5 235.5 572.25 0.2218 -0.669748 -0.708691 168 93 88
-42 235 572 0.197231 -0.604946 -0.771454 177 100 94
-41 235.25 572.25 0.263431 -0.48625 -0.833166 181 102 97
-41 235.75 572.75 0.284987 -0.465659 -0.837821 184 104 97
-39 235.75 572.75 0.426164 -0.189248 -0.88463 192 115 107
-38 236 573.75 0.566261 -0.0327286 -0.823576 200 127 120
-38 236.25 574 0.587011 -0.0154747 -0.809431 204 130 127
-37 236.75 574.5 0.659682 0.0520806 -0.749738 203 132 130
-36.25 236.75 575 0.700447 0.0806579 -0.709132 205 135 135
-36 237.25 576 0.741786 0.104825 -0.662393 205 137 138
-35 237.5 576.5 0.784539 0.120973 -0.608164 203 139 139
-34 238 578.75 0.855341 0.12404 -0.502996 185 135 136
-34 238.75 579.75 0.870459 0.117654 -0.477974 136 104 109
-48 234.5 568.5 0.37833 -0.815733 -0.437545 87 51 51
-46 235 569 0.351725 -0.798869 -0.487952 126 66 66
-45 235 570 0.35638 -0.781536 -0.51205 139 69 67
-44 235.5 570.5 0.329543 -0.75738 -0.563717 156 78 76
-42 236 571.5 0.312532 -0.620209 -0.719489 168 94 93
-41 236 572.25 0.36287 -0.457194 -0.811972 183 104 100
-40 236 573 0.399635 -0.33768 -0.852211 188 109 104
-39 236 572.75 0.486692 -0.170617 -0.85675 190 115 109
-39 236.75 573.75 0.547018 -0.107569 -0.830181 194 119 113
-38 236.75 573.75 0.620292 -0.0405089 -0.783324 196 121 116
-38 237 574.75 0.621578 0.0301356 -0.782772 201 126 123
-37 237 574.75 0.663852 0.0554282 -0.745807 204 129 126
-36.75 237.75 575.75 0.716425 0.0977519 -0.690782 206 132 131
-36 238 576.25 0.759444 0.10751 -0.641629 205 137 136
-35 238 577 0.801254 0.137624 -0.582281 206 142 140
-35 238.75 577.75 0.828823 0.146337 -0.540036 187 132 129
-34 239 578.75 0.849661 0.133813 -0.510068 145 103 104
-48 235 568 0.38698 -0.815929 -0.429542 34 26 24
-47 235 568.5 0.36734 -0.808619 -0.459561 92 53 54
-45 235.5 569.5 0.37135 -0.761135 -0.531764 135 70 68
-42 236.25 571.25 0.33928 -0.622544 -0.705215 168 93 90
-41 236.5 571.5 0.414716 -0.484241 -0.770403 183 104 99
-40 237 572.5 0.505011 -0.321516 -0.800994 188 109 102
-39 237 572.75 0.553799 -0.181424 -0.812645 190 115 109
-37 238 574.75 0.684137 0.0779341 -0.725178 197 123 122
-36.5 238 575.5 0.716425 0.0977519 -0.690782 200 130 130
-36 238.25 576.25 0.765217 0.118161 -0.632835 190 129 126
-35 239 577 0.803541 0.135593 -0.5796 170 119 116
-34 239.75 578.75 0.842949 0.147843 -0.51728 106 82 80
-48 236 568 0.382934 -0.811151 -0.442037 36 24 24
-45 236 569 0.37135 -0.761135 -0.531764 128 69 71
-44 236 569.5 0.360457 -0.750876 -0.553403 149 81 82
-43.75 236 569.75 0.361067 -0.743036 -0.563496 153 83 83
-43 236 569.75 0.345236 -0.695029 -0.630672 159 88 82
-42 236.5 570.5 0.364388 -0.621951 -0.693108 167 92 86
-40 237.25 572.25 0.516663 -0.333723 -0.788472 184 107 101
-39 237.25 572.25 0.577188 -0.20543 -0.790349 186 113 107
-39 237.75 573 0.576173 -0.16289 -0.800932 186 115 113
-38 237.75 573.5 0.634624 -0.0452056 -0.771498 188 117 115
-38 238 573.75 0.634224 -0.0291685 -0.772599 195 123 124
-37 238.75 574.75 0.70691 0.064819 -0.704327 199 131 132
-36.5 239 575.5 0.72353 0.0986402 -0.683209 191 129 130
-47 236 568 0.388164 -0.794979 -0.466194 39 31 29
-46 236 568 0.381885 -0.77752 -0.499627 92 58 57
-45 236.5 568.5 0.387166 -0.763425 -0.516996 116 66 69
-45 236.75 568.75 0.387166 -0.763425 -0.516996 133 72 77
-42 237 569.75 0.410303 -0.590912 -0.694604 168 91 81
-41 237 570.75 0.435334 -0.479644 -0.761857 179 100 93
-41 237.25 571.25 0.445759 -0.494728 -0.746018 178 104 95
-40 237.75 571.75 0.559789 -0.319517 -0.764556 178 105 99
-38 238.75 573.5 0.645068 -0.0517072 -0.762374 187 119 120
-37 239 574.75 0.70691 0.064819 -0.704327 165 103 106
-36 239 574.75 0.722218 0.0883146 -0.686005 131 79 83
-36 239.5 575.5 0.757219 0.11018 -0.643801 107 72 76
-35 240 576.75 0.792662 0.153634 -0.589986 86 70 71
-45 237 568 0.389019 -0.766474 -0.51106 95 69 70
-44 237 568.5 0.386431 -0.728213 -0.566018 114 75 78
-42 237.5 569.5 0.411096 -0.599131 -0.687053 160 86 87
-40.5 238 570.5 0.513143 -0.408505 -0.754856 177 100 94
-40 238 571.5 0.564532 -0.324691 -0.758867 180 101 96
-39 238 571.75 0.62031 -0.21368 -0.754689 175 100 95
-39 238.75 572.75 0.625077 -0.197923 -0.755053 168 97 93
-37 239.25 574.25 0.69375 0.0256808 -0.719758 108 77 72
-36 239.75 574.75 0.723381 0.0939181 -0.684032 86 71 68
-43 237 568 0.383504 -0.686329 -0.617962 89 73 76
-43 237.75 568.75 0.408141 -0.665785 -0.624621 96 76 78
-42 237.75 568.75 0.422964 -0.575039 -0.700309 106 84 86
-42 238 569.5 0.412478 -0.59636 -0.688634 113 89 89
-41 238 569.75 0.467577 -0.490369 -0.735466 116 90 91
-40.5 238.5 570.5 0.519084 -0.415768 -0.746786 116 90 89
-40 238.75 570.75 0.571028 -0.33718 -0.748489 116 88 87
-39 239 571.25 0.614252 -0.235227 -0.753235 110 82 81
-38 239 573 0.658391 -0.0694851 -0.749462 97 77 76
