ply
format ascii 1.0
comment Created by Open3D
element vertex 3797
property double x
property double y
property double z
property double nx
property double ny
property double nz
property uchar red
property uchar green
property uchar blue
end_header
-43 179 649.714 0.339397 -0.842165 -0.419008 182 108 95
-42 179 650.143 0.34199 -0.840581 -0.420078 183 110 95
-41 179 650.857 0.338421 -0.844691 -0.414692 183 110 95
-40 179 651.143 0.336886 -0.846026 -0.413217 183 110 95
-44 179 647.857 0.341904 -0.839958 -0.421392 180 106 93
-43 179.143 648.714 0.342255 -0.841296 -0.418428 182 108 95
-42 179.571 649.429 0.339011 -0.841909 -0.419835 183 110 95
-41.8571 179.571 649.429 0.339011 -0.841909 -0.419835 183 110 95
-41 179.714 650.143 0.336393 -0.846351 -0.412952 183 110 95
-40 179.714 650.143 0.336886 -0.846026 -0.413217 183 110 95
-67 179 645.857 -0.43685 -0.567122 -0.698237 97 66 63
-66 179 645.286 -0.42972 -0.571691 -0.698935 108 70 67
-65 179 644.714 -0.424381 -0.572234 -0.701747 111 70 68
-64 179 644.429 -0.414554 -0.578829 -0.702212 113 69 66
-63.1429 179 644.143 -0.404041 -0.587115 -0.701461 117 69 67
-47 179 645.286 0.326638 -0.829892 -0.452313 174 102 88
-46 179 645.714 0.336592 -0.835726 -0.433898 176 104 90
-45 179 646.571 0.345246 -0.836779 -0.424977 179 106 91
-44 179.143 647.143 0.341904 -0.839958 -0.421392 179 106 91
-43.4286 179.429 647.429 0.34242 -0.839191 -0.422501 179 106 91
-43 179.571 647.571 0.339693 -0.841479 -0.420146 181 108 93
-42 179.857 648.429 0.337978 -0.842601 -0.419279 183 110 95
-41.5714 179.857 648.429 0.336173 -0.845722 -0.414418 182 109 94
-40 180 649.429 0.334783 -0.845012 -0.416983 183 110 95
-66 179.429 644.571 -0.434216 -0.569432 -0.698 102 66 66
-65 179.143 644 -0.427166 -0.571411 -0.700727 112 71 69
-64 179.143 644 -0.414554 -0.578829 -0.702212 112 71 67
-63 179 642.857 -0.404041 -0.587115 -0.701461 121 73 69
-62 179 642.714 -0.384569 -0.608063 -0.694526 126 77 73
-61 179 642.143 -0.338341 -0.641461 -0.688516 130 79 75
-60.1429 179 642.143 -0.29086 -0.671847 -0.681192 136 83 77
-51.2857 179 642.286 0.228782 -0.804367 -0.548318 169 97 83
-50 179 643.143 0.267242 -0.812262 -0.518472 169 97 83
-49.1429 179 643.143 0.282789 -0.811299 -0.511687 169 97 83
-49 179 643.571 0.299673 -0.811941 -0.500948 172 100 86
-48 179 643.714 0.310332 -0.812634 -0.493275 173 101 87
-47.2857 179.286 644.286 0.31866 -0.818006 -0.478876 173 101 87
-47 179.286 644.286 0.321702 -0.820612 -0.472338 174 102 88
-45.1429 180 645.143 0.343247 -0.832422 -0.435035 177 105 91
-44 180 646.143 0.341904 -0.839958 -0.421392 178 105 90
-43 180 646.429 0.339716 -0.840317 -0.422445 178 105 90
-42 180 647.286 0.338395 -0.841245 -0.421659 183 110 95
-41 180 647.429 0.335106 -0.844255 -0.418255 182 109 94
-41 180.429 648.286 0.334255 -0.845133 -0.417161 182 109 94
-40 180.571 648.571 0.334009 -0.845663 -0.416283 182 109 94
-67 180 645.143 -0.44481 -0.563786 -0.695909 94 64 62
-66 180 644.429 -0.435587 -0.569513 -0.697079 100 66 65
-65.8571 180 644.143 -0.439651 -0.566093 -0.697314 107 69 66
-65 179.857 643.714 -0.434216 -0.569432 -0.698 111 70 68
-64 179.857 643.286 -0.427166 -0.571411 -0.700727 113 72 68
-63 179.714 642.857 -0.413657 -0.581785 -0.700296 117 72 69
-63 179.571 642.571 -0.411474 -0.584668 -0.69918 119 74 69
-62 179.143 642.143 -0.391501 -0.602685 -0.69534 124 75 71
-61 179.143 642 -0.35365 -0.629033 -0.692279 128 79 72
-60 179 641.429 -0.289534 -0.662532 -0.690812 140 83 74
-59 179 641.286 -0.223906 -0.706827 -0.671015 141 83 72
-58 179 641 -0.175061 -0.727117 -0.663818 149 87 76
-57 179 641 -0.105993 -0.76108 -0.63994 153 89 79
-56 179 640.714 -0.0342911 -0.778576 -0.626613 159 91 82
-55.7143 179 640.857 -0.0102043 -0.78862 -0.614796 160 92 83
-55 179 641 0.0214794 -0.79696 -0.60365 164 91 84
-54 179 641 0.0818647 -0.800192 -0.594131 165 92 83
-53.1429 179 641.143 0.126294 -0.801638 -0.584318 169 95 86
-53 179 641.143 0.141633 -0.806503 -0.574015 168 96 84
-52 179 641.571 0.192669 -0.807036 -0.558186 167 95 83
-51 179 641.714 0.226965 -0.804384 -0.549047 169 97 83
-51 179.143 642.143 0.234102 -0.807095 -0.542027 171 99 85
-50 179.143 642.143 0.26204 -0.807577 -0.528351 170 98 84
-49.1429 179.714 642.857 0.279708 -0.808853 -0.517224 170 98 84
-49 179.714 642.857 0.290144 -0.807903 -0.512941 172 100 86
-47 180 643.571 0.312497 -0.814841 -0.488242 174 102 88
-46 180 644.143 0.324735 -0.820454 -0.470534 175 103 89
-45 180 644.571 0.338541 -0.82972 -0.443796 177 105 91
-44 180.143 645 0.343171 -0.836437 -0.427326 179 106 91
-43 180.857 646 0.339895 -0.840294 -0.422348 179 106 91
-41 181 646.857 0.332695 -0.845227 -0.418216 182 110 95
-40 181 647.571 0.336595 -0.843207 -0.419173 181 110 92
-67 181 645 -0.447273 -0.564883 -0.693437 94 64 62
-66 180.714 644 -0.444965 -0.565313 -0.69457 99 65 64
-65.7143 180.714 643.571 -0.444965 -0.565313 -0.69457 104 69 65
-65 180.286 643.143 -0.439381 -0.565361 -0.698077 109 69 67
-64 180 642.286 -0.431355 -0.569176 -0.69998 114 73 69
-63 180 642.286 -0.422768 -0.576129 -0.69953 119 74 71
-62.5714 180 641.714 -0.415772 -0.58409 -0.697117 119 74 69
-62 180 641.571 -0.387792 -0.600621 -0.699193 123 74 70
-61 180 641 -0.344 -0.632158 -0.694291 127 78 71
-57 179.857 640 -0.110939 -0.759348 -0.641158 152 90 79
-56 179.714 639.857 -0.0330133 -0.781458 -0.623084 157 90 81
-55.2857 179.857 640.143 0.014248 -0.787916 -0.615617 160 92 83
-55 179.857 640.143 0.015705 -0.792384 -0.60982 165 92 85
-54 180 640.286 0.0839049 -0.798056 -0.596713 165 92 83
-53 180 640.286 0.125482 -0.799397 -0.587553 168 94 85
-52 180 640.714 0.182566 -0.807798 -0.560476 167 95 81
-51 180 641.286 0.226853 -0.80551 -0.547442 168 96 82
-50 180 642.143 0.261582 -0.810308 -0.524381 172 100 86
-49 180 642.143 0.284321 -0.810736 -0.511731 172 100 86
-48 180 642.286 0.299461 -0.808724 -0.506249 173 101 87
-47 180.143 643 0.309068 -0.814619 -0.490788 174 102 88
-46 180.571 643.571 0.323869 -0.815376 -0.479865 176 104 90
-45 180.571 643.571 0.33376 -0.818308 -0.46795 178 106 92
-45 180.857 644 0.335549 -0.821993 -0.460147 180 107 92
-44 180.857 644 0.336434 -0.830069 -0.444744 180 107 92
-43 181 645 0.337797 -0.840484 -0.42365 180 107 92
-42 181 645.571 0.330459 -0.845383 -0.419673 182 110 95
-41 181.143 645.857 0.329127 -0.845086 -0.421313 182 110 95
-41 181.286 646.286 0.335147 -0.842526 -0.421696 181 110 92
-40 181.571 646.571 0.332561 -0.843558 -0.421679 181 110 92
-66 181 643.714 -0.447018 -0.564804 -0.693665 100 66 65
-65.2857 181 643.143 -0.443591 -0.567752 -0.693459 104 69 65
-65 181 642.714 -0.443023 -0.567061 -0.694386 108 68 66
-64 180.857 642.286 -0.435123 -0.56908 -0.697721 111 71 69
-63 180.571 641.714 -0.424543 -0.576463 -0.698179 116 72 71
-62.5714 180.571 641.714 -0.416395 -0.577125 -0.702525 118 74 71
-62 180.571 641.429 -0.396276 -0.59542 -0.698885 123 75 73
-61 180.143 641 -0.344 -0.632158 -0.694291 126 78 74
-60 180 640.571 -0.278564 -0.670722 -0.687412 136 78 74
-59 180 640.286 -0.226517 -0.695775 -0.681606 136 77 71
-58 180 640.143 -0.163913 -0.738186 -0.654381 140 80 70
-57.8571 180 639.857 -0.16333 -0.741618 -0.650636 148 85 76
-57 180 639.714 -0.114863 -0.758661 -0.64128 151 89 76
-56 180 639.714 -0.0417799 -0.779399 -0.625133 156 90 78
-55 180 639.571 0.00697564 -0.787089 -0.616799 160 90 78
-55 180.286 640.143 0.0158693 -0.788985 -0.614207 165 93 81
-54 180.286 640.143 0.0765112 -0.796243 -0.60012 168 94 81
-53 180.286 640.286 0.127257 -0.798315 -0.588642 167 93 80
-53 180.143 640.143 0.12074 -0.799169 -0.588855 166 92 79
-52 180.429 640.429 0.17536 -0.80076 -0.572742 167 93 80
-51 180.571 640.571 0.217227 -0.806185 -0.550344 170 96 85
-51 180.857 641.143 0.219979 -0.80525 -0.550619 173 99 88
-47 181 642.286 0.307513 -0.807603 -0.503203 175 101 88
-46 181 642.857 0.317597 -0.814487 -0.485535 177 103 90
-45 181 643 0.327336 -0.816965 -0.474784 179 105 92
-44 181 643.286 0.330528 -0.820484 -0.46643 178 104 91
-43 181.143 644 0.326191 -0.837599 -0.43821 179 107 92
-42 181.714 644.714 0.329153 -0.842395 -0.426649 182 111 93
-41 181.714 644.857 0.33018 -0.843824 -0.423016 181 110 92
-40 182 645.571 0.332342 -0.843935 -0.421097 181 110 92
-66 181.714 643.286 -0.451022 -0.562231 -0.693163 100 66 65
-65 181.571 642.571 -0.45 -0.562092 -0.69394 102 67 63
-65 181.429 642.429 -0.45 -0.562092 -0.69394 106 66 64
-64 181.143 641.714 -0.438526 -0.567935 -0.696523 109 69 67
-63 181.143 641.714 -0.43353 -0.573709 -0.694917 115 71 70
-62.1429 181 640.857 -0.410219 -0.585105 -0.699552 117 73 70
-62 181 640.857 -0.410312 -0.5854 -0.69925 124 76 74
-61 181 640.429 -0.373163 -0.619207 -0.690892 127 79 75
-60 181 640.429 -0.301191 -0.656441 -0.691642 130 79 75
-59.7143 181 639.714 -0.280367 -0.679942 -0.67755 134 79 74
-59 181 639.571 -0.257604 -0.694024 -0.672288 135 78 71
-57 180.857 638.857 -0.111056 -0.754275 -0.647098 150 88 77
-56 180.857 638.857 -0.0488853 -0.761943 -0.645796 154 87 78
-55 180.857 639 0.00210907 -0.777896 -0.62839 159 91 78
-54 181 639.286 0.0725475 -0.787648 -0.611839 167 95 81
-52 181 639.429 0.159631 -0.798891 -0.579905 168 94 81
-51 181 639.857 0.19982 -0.802247 -0.562558 171 97 84
-50 181 640.429 0.247425 -0.809636 -0.532232 173 99 88
-49 181 640.286 0.279679 -0.804968 -0.523265 172 98 87
-48 181 640.714 0.294999 -0.808403 -0.509372 174 100 87
-47 181.714 641.714 0.301125 -0.806744 -0.508416 176 102 89
-46 181.857 642 0.312199 -0.802407 -0.508602 176 104 89
-45 181.857 642 0.325146 -0.800633 -0.503256 177 105 90
-44.8571 181.857 642.286 0.323153 -0.803954 -0.499228 178 106 91
-44 181.857 642.286 0.314997 -0.810219 -0.49429 178 106 91
-42.8571 182 643 0.312351 -0.825221 -0.470582 182 110 95
-41 182 643.857 0.311458 -0.84377 -0.437089 181 110 92
-40.4286 182.143 644.571 0.318423 -0.846122 -0.427417 177 109 90
-40 182.143 644.714 0.318466 -0.846872 -0.425896 178 110 91
-39 182.571 645.571 0.325905 -0.844468 -0.425041 180 112 93
-66 182 642.714 -0.454743 -0.564913 -0.688536 100 65 63
-65 182 642 -0.451022 -0.562231 -0.693163 104 64 62
-64 182 641.571 -0.447741 -0.56562 -0.692533 107 68 63
-63 182 641.286 -0.437666 -0.570428 -0.695026 114 70 67
-62 182 640.714 -0.417742 -0.584533 -0.695566 117 73 70
-62 181.714 640.286 -0.414878 -0.595994 -0.687508 124 76 74
-61 181.714 639.857 -0.38324 -0.61889 -0.68564 126 78 74
-60 181.714 639.857 -0.338067 -0.654297 -0.676466 129 78 75
-59.5714 181.571 639.571 -0.289156 -0.684727 -0.668982 133 78 73
-59 181.286 639.286 -0.259576 -0.698952 -0.666399 135 77 73
-58 181 639 -0.201199 -0.726209 -0.657373 140 81 75
-57 181 638.857 -0.119726 -0.752839 -0.647224 146 86 78
-56 181 638.857 -0.0652923 -0.762132 -0.644121 153 86 77
-55 181 638.857 0.0100728 -0.776213 -0.63039 159 91 78
-55 181.143 639 0.0100728 -0.776213 -0.63039 164 94 82
-54 181.143 638.714 0.0567182 -0.7838 -0.618418 168 96 82
-53 181.143 638.857 0.102589 -0.786384 -0.60916 167 95 81
-53 181 638.714 0.102589 -0.786384 -0.60916 167 95 80
-52 181.143 639.143 0.14916 -0.796816 -0.585522 168 96 81
-51 181.143 639.143 0.188063 -0.803706 -0.564525 170 98 84
-51 181.714 639.714 0.202001 -0.799801 -0.565256 171 99 85
-50 181.714 639.714 0.235945 -0.805821 -0.543123 171 99 85
-49 181.857 640 0.279309 -0.800986 -0.529535 171 99 85
-47 182 640.714 0.312547 -0.795696 -0.518828 174 102 87
-46.7143 182 640.857 0.302236 -0.798391 -0.520793 175 103 88
-46 182 641.571 0.30693 -0.802351 -0.511885 175 103 88
-45 182 641.571 0.315861 -0.802702 -0.505866 177 105 90
-44.8571 182 641.857 0.317682 -0.803247 -0.503858 179 107 92
-44 182 641.857 0.31012 -0.807092 -0.502422 179 107 92
-43 182 642 0.30236 -0.822447 -0.481829 180 111 95
-42.2857 182 642.286 0.295708 -0.824875 -0.481808 180 111 95
-42 182 642.714 0.295414 -0.83237 -0.468925 181 113 94
-41 182.857 643 0.299265 -0.832842 -0.465633 181 113 94
-40.1429 183 643.571 0.297639 -0.836819 -0.459505 179 111 92
-65 183 641.429 -0.464425 -0.564861 -0.682086 104 64 62
-64 182.714 640.857 -0.453406 -0.567218 -0.687522 106 66 64
-63 182.714 640.714 -0.440871 -0.568844 -0.694298 112 68 67
-62 182.429 640.286 -0.423729 -0.590573 -0.686788 116 72 69
-61.8571 182 639.571 -0.41669 -0.607067 -0.676638 121 76 73
-61 182 639.286 -0.382439 -0.641032 -0.665446 125 77 73
-60 182 639 -0.3354 -0.671916 -0.66033 126 77 73
-59.2857 182 639 -0.286847 -0.694858 -0.659462 131 76 73
-59 182 638.714 -0.270657 -0.713669 -0.646081 135 75 74
-58 182 638.714 -0.215889 -0.735281 -0.642459 139 80 74
-56 181.857 638 -0.0864686 -0.766839 -0.635988 154 87 79
-55 181.857 638 -0.0134396 -0.779602 -0.626131 159 93 81
-54.8571 181.857 638 -0.00139251 -0.778123 -0.62811 165 95 85
-53 181.714 637.857 0.100947 -0.79277 -0.601104 168 96 82
-50.7143 182 638.714 0.19951 -0.80718 -0.555569 169 97 83
-49 182 639 0.274444 -0.801462 -0.531356 172 100 86
-48.2857 182 639.286 0.295682 -0.802218 -0.518669 172 100 86
-48 182 639.571 0.30059 -0.798468 -0.521627 172 100 86
-47 182.143 639.857 0.309026 -0.795632 -0.52103 173 101 87
-46.1429 182.143 639.857 0.307455 -0.792204 -0.527148 175 103 89
-46 182.571 640.571 0.312669 -0.786915 -0.531981 176 104 89
-45 182.571 640.571 0.312341 -0.788301 -0.530118 177 105 90
-44.1429 183 641.143 0.299665 -0.792499 -0.531174 179 107 92
-42 183 641.571 0.27857 -0.813219 -0.510953 180 111 95
-41 183 642.286 0.28764 -0.827777 -0.481714 183 115 96
-40 183 642.714 0.291642 -0.829007 -0.477172 182 114 95
-39 183 643.429 0.299643 -0.83605 -0.459601 182 114 95
-66 183 641.857 -0.464246 -0.565075 -0.682031 97 63 62
-64.8571 183 640.857 -0.459742 -0.567812 -0.682808 103 65 64
-64 183 640.429 -0.456654 -0.574949 -0.678897 106 66 64
-63 183 640.143 -0.446668 -0.580565 -0.680759 112 68 67
-62 182.857 639.571 -0.435941 -0.603639 -0.667515 115 71 68
-61.8571 182.857 639.429 -0.441529 -0.606531 -0.66119 120 75 72
-61 182.714 638.857 -0.403526 -0.64475 -0.649203 121 76 73
-60 182.714 638.571 -0.357061 -0.681508 -0.638792 125 75 74
-59 182.429 638.286 -0.284545 -0.715115 -0.638471 129 76 72
-58 182.143 638 -0.229792 -0.739755 -0.632423 139 80 76
-57 182.143 638 -0.150426 -0.753006 -0.640589 146 83 78
-57 182 637.571 -0.142562 -0.75716 -0.637484 149 86 79
-56 182 637.714 -0.0830797 -0.766261 -0.637136 154 87 79
-55 182 637.714 -0.00908223 -0.779495 -0.626343 158 92 80
-54.8571 182 637.857 -0.00703831 -0.779504 -0.626358 166 96 86
-54 182 637.714 0.0472315 -0.785001 -0.617691 167 98 83
-53 182 637.714 0.0955581 -0.794403 -0.599827 168 96 82
-52.2857 182 637.286 0.105756 -0.800737 -0.589606 167 95 81
-52 182 637.714 0.114528 -0.796772 -0.593327 167 95 81
-51 182 637.714 0.153653 -0.806783 -0.57052 167 95 81
-50 182 637.857 0.209084 -0.807811 -0.551113 170 98 84
-49 182.286 638.286 0.263444 -0.807091 -0.528395 172 100 86
-48 182.286 638.286 0.292576 -0.810025 -0.508191 172 98 85
-48 182.714 638.714 0.299186 -0.806612 -0.50977 173 99 86
-47 182.714 638.857 0.314968 -0.796196 -0.516592 173 101 87
-46.1429 183 639.429 0.323051 -0.785397 -0.528006 176 104 90
-46 183 639.429 0.324653 -0.784329 -0.528611 178 106 92
-45 183 640 0.315922 -0.782648 -0.536334 179 107 93
-44 183 640.143 0.285849 -0.785001 -0.549603 180 108 93
-43 183 640.571 0.26919 -0.796782 -0.540994 182 110 95
-42 183.143 640.857 0.274291 -0.805713 -0.524967 182 110 95
-42 183.286 641.286 0.275772 -0.809485 -0.518347 181 112 96
-41 183.429 641.429 0.274126 -0.815653 -0.509475 183 114 98
-40 183.571 641.714 0.26121 -0.823675 -0.503317 184 116 97
-66 184 641.857 -0.474731 -0.565057 -0.67479 96 65 63
-65 184 641 -0.470223 -0.569181 -0.67448 98 64 62
-64.2857 184 640.286 -0.458192 -0.585503 -0.668764 102 64 63
-64 183.857 640.143 -0.455438 -0.582834 -0.672965 105 65 63
-63 183.571 639.429 -0.463337 -0.599504 -0.652621 111 67 66
-62 183.571 639.429 -0.451824 -0.613343 -0.647815 115 71 68
-61.7143 183 638.571 -0.442986 -0.625517 -0.642255 119 74 71
-61 183 638.571 -0.401325 -0.650958 -0.644354 121 76 73
-60 182.857 638 -0.35406 -0.691243 -0.629941 125 75 74
-59 182.857 637.429 -0.291225 -0.726442 -0.62247 136 76 75
-58 182.857 637.286 -0.240332 -0.742451 -0.625306 140 81 77
-57 182.857 637 -0.162906 -0.760286 -0.62883 146 83 78
-56.8571 182.857 637 -0.14845 -0.766641 -0.624679 149 86 79
-56 182.714 636.857 -0.0958285 -0.774835 -0.624858 153 86 78
-55 182.714 636.857 -0.0355743 -0.78736 -0.615466 155 89 77
-54.1429 182.857 637 0.01716 -0.798412 -0.601867 163 93 83
-54 182.714 636.857 0.01716 -0.798412 -0.601867 165 95 83
-53 182.857 637 0.068826 -0.805485 -0.588606 166 94 82
-52.1429 183 637 0.101842 -0.813424 -0.572686 166 92 79
-47 183 638.571 0.323225 -0.795753 -0.512155 174 102 88
-46 183.143 638.857 0.324139 -0.78569 -0.526902 176 104 90
-46 183.286 639.286 0.329512 -0.780047 -0.531929 179 107 93
-45 183.286 639.429 0.322436 -0.775462 -0.542858 180 108 94
-44 183.714 639.857 0.292214 -0.776495 -0.558271 182 110 95
-41 184 640.857 0.257546 -0.80523 -0.534111 186 114 99
-40 184 641 0.245425 -0.818358 -0.51967 183 114 98
-39 184 641.429 0.249909 -0.820495 -0.514133 183 115 96
-65 184.429 640.429 -0.471902 -0.578455 -0.665355 97 63 61
-64 184 639.429 -0.465061 -0.596449 -0.654192 105 66 61
-63 184 639 -0.473064 -0.605575 -0.639913 111 67 64
-62 183.857 638.429 -0.46134 -0.630336 -0.624373 114 71 65
-61.4286 183.857 638.286 -0.460505 -0.637251 -0.617937 118 73 68
-61 183.714 637.571 -0.425959 -0.66397 -0.614575 122 74 70
-60 183.571 637.429 -0.380904 -0.687221 -0.618578 125 76 72
-59 183 636.857 -0.302149 -0.721139 -0.62343 129 76 70
-58.8571 183 636.714 -0.294393 -0.72469 -0.623023 135 77 73
-58 183 636.286 -0.234027 -0.747003 -0.622269 139 82 75
-57 183 636 -0.165497 -0.764956 -0.622458 145 84 79
-56.1429 183 636.143 -0.102003 -0.778736 -0.619004 148 88 78
-56 183 635.857 -0.105878 -0.779369 -0.617555 151 87 78
-55 183 636 -0.0531263 -0.793062 -0.606819 151 87 75
-54 183 636 -0.00684883 -0.807616 -0.589668 158 90 77
-53 183 636 0.0449491 -0.814992 -0.577726 161 91 79
-52 183 636 0.0845386 -0.823862 -0.56045 164 92 80
-51 183 636.286 0.130125 -0.825743 -0.548831 165 93 81
-50 183 636.714 0.189701 -0.823561 -0.534566 168 96 84
-49 183 636.857 0.242336 -0.820323 -0.518018 169 99 89
-48 183 636.857 0.300587 -0.810313 -0.503031 172 100 86
-48 183.571 637.571 0.30394 -0.806252 -0.507521 173 101 87
-47 183.571 637.571 0.328662 -0.800742 -0.500793 174 102 88
-45 184 638.857 0.339511 -0.774829 -0.533265 180 108 94
-44 184 638.857 0.304036 -0.769681 -0.561384 181 109 94
-43 184 639.429 0.268632 -0.776781 -0.569603 180 111 95
-42 184 639.714 0.243961 -0.785261 -0.569076 183 114 98
-41 184.143 640 0.241521 -0.796352 -0.554519 183 114 98
-40 184.143 640 0.232381 -0.804052 -0.547266 183 115 96
-39.8571 184.429 640.286 0.228366 -0.803093 -0.550355 182 114 95
-39 184.429 640.429 0.234237 -0.804608 -0.545654 183 115 96
-65 185 640.429 -0.475659 -0.57854 -0.662601 97 63 61
-64 185 639.429 -0.474664 -0.598137 -0.645698 102 64 63
-64 184.714 639 -0.478178 -0.59663 -0.644498 106 65 61
-63 184.571 638.429 -0.481069 -0.615444 -0.624341 111 66 63
-62 184.429 638.286 -0.464281 -0.636152 -0.616241 115 70 65
-61 184 637.286 -0.424439 -0.66314 -0.61652 121 73 69
-59 184 636 -0.327565 -0.703518 -0.630685 127 77 70
-58.8571 184 636 -0.308869 -0.713565 -0.628828 132 77 72
-58 184 635.857 -0.24792 -0.739256 -0.626128 136 81 74
-57 184 635.714 -0.187284 -0.756035 -0.627164 144 85 79
-56.1429 184 635.286 -0.130619 -0.776387 -0.616573 149 89 79
-56 184 635.429 -0.122969 -0.777485 -0.616762 152 88 79
-55 184 635.429 -0.0811091 -0.793137 -0.603618 150 86 74
-54 184 635.429 -0.0208915 -0.810574 -0.585263 153 85 72
-53 184 635.429 0.0173652 -0.822193 -0.568944 158 88 76
-52 184 635.429 0.0648338 -0.834041 -0.54788 164 92 80
-51 184 635.714 0.118905 -0.83313 -0.540144 165 92 83
-50 184 636.143 0.184226 -0.828872 -0.528235 167 94 85
-49 184 636.286 0.237409 -0.823754 -0.514846 170 100 90
-48 184 636.429 0.302221 -0.81182 -0.49961 173 101 87
-47 184 637 0.326848 -0.802345 -0.499413 174 102 88
-46 184 637.571 0.355004 -0.787023 -0.504546 175 103 89
-46 184.143 638 0.346669 -0.784467 -0.514229 174 105 90
-45 184.286 638.286 0.340635 -0.7736 -0.534333 177 108 93
-44 184.714 638.714 0.309879 -0.770949 -0.556428 178 109 93
-43 184.857 639.143 0.270106 -0.776776 -0.568913 183 115 96
-42 184.857 639.143 0.235136 -0.781469 -0.577942 184 116 97
-42 185 639.429 0.235136 -0.781469 -0.577942 183 115 96
-41 184.857 639.286 0.225639 -0.782442 -0.580407 182 114 95
-40 184.857 639.429 0.21416 -0.784959 -0.581356 182 114 95
-39.5714 184.857 639.429 0.210632 -0.786938 -0.579968 183 115 96
-65 185.571 639.571 -0.483816 -0.584032 -0.651789 98 63 59
-64 185.286 639.143 -0.478767 -0.600059 -0.640867 99 64 60
-63.8571 185 638.286 -0.488921 -0.601194 -0.632077 103 66 60
-63 185 637.857 -0.490625 -0.611065 -0.621198 108 69 64
-62 184.857 637.286 -0.48122 -0.627619 -0.611982 111 70 64
-61 184.714 636.714 -0.448596 -0.639866 -0.623965 121 73 69
-60 184 635.714 -0.38205 -0.683527 -0.621955 127 76 72
-59 184.714 635.714 -0.342285 -0.703213 -0.623164 130 80 73
-58.1429 184.143 635.143 -0.264844 -0.737393 -0.621377 133 78 71
-58 184.143 635 -0.26365 -0.735851 -0.623708 136 82 72
-57 184.143 634.857 -0.202791 -0.760487 -0.616875 144 87 78
-56 184.143 634.571 -0.139831 -0.783123 -0.605941 149 91 80
-55 184.143 634.571 -0.0868473 -0.799368 -0.594532 153 93 82
-54 184.143 634.714 -0.0403011 -0.811463 -0.583013 140 78 67
-53 184.143 634.429 0.0109524 -0.828911 -0.559274 155 89 77
-52 184.143 634.429 0.0514216 -0.839901 -0.540298 163 95 82
-51.5714 184.143 634.714 0.0915983 -0.843155 -0.52981 166 96 84
-51 184.143 634.714 0.0952292 -0.845007 -0.526207 168 96 84
-50 184.143 635.143 0.165425 -0.843296 -0.511357 169 97 85
-49 184.429 635.429 0.220137 -0.840209 -0.495568 174 102 88
-48 184.429 635.429 0.292721 -0.829059 -0.47642 174 102 88
-47.8571 184.857 636 0.315183 -0.816218 -0.484197 175 103 89
-47 184.857 636 0.340493 -0.811252 -0.475325 177 105 91
-46 185 637 0.371842 -0.782229 -0.499851 175 103 89
-45.8571 185 637 0.370545 -0.780776 -0.503076 176 104 90
-45 185 637.857 0.348998 -0.773088 -0.529656 178 106 92
-44 185 638 0.31385 -0.77306 -0.55125 180 108 94
-43.8571 185 638.286 0.305624 -0.768588 -0.56202 184 112 98
-43 185 638.286 0.276192 -0.768171 -0.577608 187 115 101
-42 185.143 638.714 0.229164 -0.777632 -0.585467 185 113 99
-41.5714 185.143 638.714 0.234734 -0.773089 -0.589265 187 115 100
-41 185 638.571 0.224812 -0.774205 -0.591664 185 113 98
-40 185 638.429 0.209382 -0.770173 -0.602489 185 113 98
-39 185 638.571 0.192038 -0.769812 -0.608696 187 115 100
-65 186 639.429 -0.495472 -0.582147 -0.64468 96 61 59
-64 185.857 638.286 -0.505317 -0.589569 -0.630129 97 62 60
-63.8571 185.857 638.143 -0.50575 -0.592869 -0.626677 103 66 60
-63 185.286 637.143 -0.502701 -0.599894 -0.62243 108 69 64
-62 185 636.429 -0.488675 -0.613111 -0.620718 111 70 64
-61 185 636.429 -0.451764 -0.640107 -0.621427 116 71 66
-60.7143 185 635.714 -0.445884 -0.641788 -0.623936 122 74 70
-60 185 635.714 -0.413951 -0.668582 -0.617773 127 76 72
-59 185 635 -0.353697 -0.688622 -0.633007 127 77 70
-55 185 634.143 -0.103029 -0.809752 -0.577656 150 90 80
-54 185 634.429 -0.0538192 -0.816956 -0.574183 144 81 72
-53.8571 184.857 634.143 -0.041792 -0.827144 -0.560434 145 83 70
-53 184.857 634.143 0.00812795 -0.835192 -0.549899 155 89 77
-51.2857 185 634.286 0.0892306 -0.844163 -0.528609 168 98 86
-49.5714 185 634.571 0.189771 -0.845898 -0.498442 171 99 85
-48 185 634.857 0.292368 -0.830607 -0.473934 174 102 88
-47.1429 185 635 0.331486 -0.817931 -0.470218 175 103 89
-47 185.143 635.714 0.340959 -0.809981 -0.477156 178 106 92
-46 185.143 636 0.37615 -0.794606 -0.476564 175 103 89
-45.2857 185.286 636.286 0.376533 -0.788975 -0.485532 175 103 89
-45 185.857 637 0.373931 -0.780255 -0.501376 178 106 92
-44 186 637.429 0.334177 -0.77402 -0.53779 179 107 93
-43.8571 186 637.857 0.310232 -0.770236 -0.557218 183 111 97
-42 186 638.286 0.234443 -0.769584 -0.593951 184 115 100
-41.5714 186 638.429 0.232083 -0.768589 -0.596161 185 116 100
-41 186 638.286 0.22582 -0.764015 -0.60439 185 116 100
-40 186 638.286 0.203931 -0.760982 -0.615888 186 117 101
-39 186 638.143 0.188772 -0.762511 -0.618823 186 117 101
-38 186 638 0.182586 -0.758433 -0.625652 186 117 101
-65 186.571 638.714 -0.508359 -0.586518 -0.63053 95 61 59
-64 186.286 638 -0.504263 -0.595669 -0.625218 96 61 59
-63 186 636.429 -0.508021 -0.602424 -0.61563 108 69 64
-62 186 636.143 -0.499185 -0.609396 -0.615996 110 69 63
-61 185.857 635.429 -0.48175 -0.622702 -0.61657 116 71 66
-60.5714 185.857 635.429 -0.45598 -0.636714 -0.621834 123 75 71
-60 185.714 634.714 -0.440995 -0.652191 -0.61658 128 77 73
-59 185.714 634.714 -0.378745 -0.680235 -0.627561 131 78 72
-58 185.143 634.143 -0.292443 -0.720852 -0.62837 135 80 73
-58 185 634 -0.286964 -0.723375 -0.627997 136 79 72
-57 185 633.714 -0.244236 -0.752966 -0.611057 136 79 72
-56 185 633.429 -0.170617 -0.783767 -0.597159 141 82 74
-55.2857 185 633.286 -0.134477 -0.803052 -0.580537 145 86 78
-55 185.143 633.429 -0.119931 -0.808849 -0.575655 147 87 77
-54 185.143 633.429 -0.0585941 -0.826858 -0.55935 150 87 78
-53.2857 185.143 633.429 -0.0361436 -0.832365 -0.553048 152 90 77
-53 185 633.286 -0.027669 -0.840521 -0.541072 159 93 81
-52 185 633.286 0.0522283 -0.858844 -0.509568 162 96 82
-51 185 633.143 0.093922 -0.869107 -0.485625 168 99 84
-50 185 633.571 0.134514 -0.869697 -0.474904 169 100 85
-49 185 633.571 0.18564 -0.871013 -0.454835 170 101 86
-48 185.286 634 0.260911 -0.852391 -0.45316 175 103 89
-47 185.571 634.571 0.328868 -0.833576 -0.443842 176 104 90
-44 186.143 636.571 0.356904 -0.783096 -0.509293 181 109 95
-43.1429 186.143 637 0.306498 -0.771705 -0.557252 184 112 98
-43 186 636.857 0.308652 -0.768876 -0.559967 183 114 99
-42 186.714 637.571 0.251308 -0.76783 -0.589305 184 115 100
-41 186.714 637.571 0.232441 -0.755486 -0.612546 185 116 101
-41 186.571 637.429 0.232441 -0.755486 -0.612546 185 116 101
-40 186.571 637.429 0.211205 -0.760025 -0.614617 187 118 103
-39 186.429 637.286 0.200781 -0.750311 -0.629858 186 117 102
-38 186.286 637.143 0.187819 -0.747176 -0.637536 188 119 104
-65 187 637.571 -0.523578 -0.589831 -0.614789 97 63 61
-64 187 637.286 -0.517429 -0.593492 -0.616469 98 63 61
-63 186.857 636.429 -0.514416 -0.603065 -0.609663 106 67 62
-62 186.571 635.429 -0.508239 -0.606198 -0.611733 109 68 62
-61 186.571 635.429 -0.483621 -0.61514 -0.622667 116 71 66
-60 186 634.714 -0.450845 -0.642391 -0.619736 128 77 74
-59 186 634.143 -0.390578 -0.676826 -0.623983 128 78 71
-55.1429 186 633.143 -0.174425 -0.787317 -0.591362 143 84 76
-54 185.857 633 -0.078339 -0.818721 -0.568823 155 95 85
-53.1429 185.429 632.571 -0.0612694 -0.836499 -0.544532 159 97 84
-53 185.429 632.429 -0.0477191 -0.837958 -0.543644 160 96 84
-52 185.429 632.429 0.00905707 -0.862298 -0.506319 159 96 81
-51 185.429 632.429 0.0707305 -0.870763 -0.486589 165 98 82
-50 185.857 632.857 0.119098 -0.873028 -0.472903 168 101 85
-49 185.857 632.857 0.177662 -0.875142 -0.45007 172 103 88
-47 186 633.857 0.328363 -0.846712 -0.418637 176 104 90
-46 186 634.429 0.366447 -0.827126 -0.426121 173 101 87
-45 186 634.714 0.40919 -0.802282 -0.434635 170 98 84
-45 186.286 635.286 0.400597 -0.796789 -0.452382 178 106 92
-42 187 636.857 0.269539 -0.760233 -0.591097 184 115 100
-41 187 636.857 0.244776 -0.752571 -0.611328 185 116 101
-40 187 636.857 0.216201 -0.752699 -0.621854 186 117 102
-39 187 636.857 0.210658 -0.747892 -0.629509 186 117 102
-38 187 636.857 0.200922 -0.74012 -0.641757 188 119 104
-65 187.429 637.429 -0.525607 -0.588378 -0.61445 98 64 62
-64 187.143 636.714 -0.514771 -0.595272 -0.616978 98 64 62
-63 187 635.714 -0.520647 -0.598988 -0.608392 105 67 64
-62 187 635.429 -0.510112 -0.601462 -0.614841 111 70 66
-61 186.857 634.571 -0.496871 -0.611793 -0.61549 117 72 69
-60 186.857 633.857 -0.468814 -0.630224 -0.618895 126 77 73
-59 186.571 633.571 -0.416019 -0.660181 -0.625371 128 78 71
-58 186 633 -0.327288 -0.711992 -0.621249 134 81 73
-57 186 632.714 -0.273197 -0.739219 -0.615563 134 79 72
-56 186 632.286 -0.233143 -0.76452 -0.600961 136 82 72
-55 186 632 -0.158417 -0.795214 -0.585268 140 82 71
-54 186 632 -0.120522 -0.817106 -0.563749 149 89 79
-53 186 631.571 -0.0933292 -0.838599 -0.536695 154 94 83
-52 186 631.429 -0.0223528 -0.864067 -0.50288 159 96 81
-51 186 631.429 0.0352252 -0.877913 -0.477523 164 98 82
-50 186 632 0.107193 -0.884623 -0.453819 167 101 85
-49 186 632 0.180929 -0.881616 -0.435911 171 104 88
-48 186 632.286 0.234622 -0.870677 -0.43229 172 103 88
-47 186.143 632.857 0.318393 -0.851168 -0.4173 176 104 90
-47 186.286 633.143 0.319046 -0.850089 -0.418996 178 106 92
-46 186.571 633.571 0.380169 -0.828714 -0.410736 174 102 88
-45 186.714 633.714 0.407643 -0.815835 -0.410172 171 99 85
-44 187 635.143 0.403145 -0.792845 -0.457024 184 115 100
-43 187 635.857 0.349945 -0.783006 -0.514238 184 115 100
-42 187.429 636.429 0.284502 -0.762657 -0.580873 183 114 99
-41 187.429 636.429 0.257827 -0.755781 -0.60193 185 116 101
-40 187.429 636.429 0.225427 -0.74921 -0.62279 186 117 102
-39 187.429 636.429 0.223747 -0.741255 -0.632833 187 118 103
-39 187.286 636.143 0.222193 -0.740161 -0.634658 186 119 103
-38 187.143 636 0.223408 -0.734836 -0.640394 187 120 104
-64 188 636.429 -0.525246 -0.59153 -0.611726 98 64 62
-63 188 635.571 -0.52158 -0.592977 -0.61346 104 66 63
-62 187.714 634.714 -0.51149 -0.593591 -0.621311 111 72 67
-61 187.714 634.571 -0.500916 -0.603198 -0.620674 116 72 69
-60 187 633.714 -0.475805 -0.624202 -0.619662 125 76 72
-57.5714 187 632.571 -0.323914 -0.718686 -0.61528 134 81 73
-57 186.857 631.857 -0.309407 -0.730275 -0.609069 134 81 73
-56 186.857 631.857 -0.264172 -0.757557 -0.596925 134 80 70
-55 186.714 631.714 -0.197789 -0.796433 -0.571467 133 76 67
-54 186.429 631.429 -0.140047 -0.816032 -0.560784 142 82 72
-53 186.429 631.429 -0.106643 -0.835905 -0.538414 148 88 77
-52.8571 186.286 631.143 -0.105637 -0.839045 -0.533708 152 90 79
-52 186.286 631.143 -0.0304171 -0.857301 -0.513915 159 95 83
-51 186.143 631 0.0218839 -0.869176 -0.494018 162 98 86
-50.8571 186.143 631 0.0419575 -0.873058 -0.485808 164 98 84
-50 186.286 631.286 0.0938547 -0.877328 -0.470624 165 99 85
-49 186.286 631.286 0.170262 -0.87936 -0.444677 170 103 87
-48.5714 186.571 631.571 0.215237 -0.872771 -0.438113 173 104 89
-48 186.571 631.571 0.24575 -0.869262 -0.428941 172 103 88
-47 186.857 632 0.321766 -0.854777 -0.407214 176 104 90
-46.8571 186.857 632.286 0.333967 -0.851598 -0.404038 176 104 90
-45 187 632.857 0.417517 -0.822727 -0.385745 169 100 85
-44 187.143 634 0.431029 -0.797431 -0.422277 186 117 102
-43 187.714 634.714 0.396357 -0.786754 -0.4732 186 117 102
-41 188 635.571 0.306719 -0.76159 -0.57088 186 117 102
-40 188 636.143 0.235003 -0.741719 -0.628193 186 117 102
-39 188 635.571 0.267511 -0.740593 -0.616409 189 120 105
-38 188 635.571 0.267663 -0.726036 -0.633426 189 120 105
-64 188.571 635.571 -0.525884 -0.587716 -0.614846 96 62 60
-63 188.571 635.429 -0.529923 -0.586388 -0.612642 96 63 58
-62.7143 188 634.714 -0.522742 -0.585644 -0.619485 104 66 63
-62 188 634.429 -0.513794 -0.589026 -0.62375 111 72 67
-61 187.857 633.714 -0.506113 -0.594551 -0.624787 115 71 68
-60 187.857 633.571 -0.487795 -0.611224 -0.623266 118 73 68
-59.8571 187.857 632.857 -0.483075 -0.614585 -0.623638 124 75 70
-59 187 631.857 -0.432584 -0.653347 -0.621296 128 79 72
-58 187 631.857 -0.377553 -0.692793 -0.614403 131 81 72
-57 187 631.571 -0.306156 -0.730983 -0.609863 131 81 72
-56 187 630.857 -0.298773 -0.754551 -0.584284 134 82 71
-52.4286 187 630.429 -0.108019 -0.842074 -0.528434 152 92 81
-50.1429 187 630 0.0624156 -0.87732 -0.475831 160 97 82
-47 187 631.143 0.310417 -0.85576 -0.413903 175 105 93
-46.4286 187 631.286 0.353003 -0.845237 -0.401202 174 104 92
-46 187 631.857 0.374263 -0.839518 -0.393874 175 105 93
-45 187.143 632 0.423633 -0.818068 -0.388973 170 100 88
-44.8571 187.857 632.857 0.44593 -0.807271 -0.3866 171 101 89
-44 187.857 633.143 0.439427 -0.801027 -0.406521 188 119 104
-43 188 634 0.420519 -0.790374 -0.445502 187 118 103
-42 188 634.857 0.351223 -0.766321 -0.537955 188 119 104
-41 188.286 635.286 0.31418 -0.752106 -0.579334 188 119 104
-41 188.429 635.429 0.31418 -0.752106 -0.579334 188 119 104
-40 188.571 635.714 0.280171 -0.741142 -0.610092 187 118 103
-39 188.857 636 0.273022 -0.731869 -0.624361 188 119 104
-39 188.571 635.571 0.275818 -0.731225 -0.623887 188 119 104
-38 188.571 635.571 0.292103 -0.718247 -0.631504 189 120 105
-64 189 635.429 -0.528381 -0.581302 -0.618791 94 60 58
-63 189 634.571 -0.52992 -0.579166 -0.619476 96 63 58
-62 188.857 634.429 -0.521042 -0.585913 -0.620662 106 68 65
-62 188.714 633.571 -0.52116 -0.586275 -0.620221 112 73 68
-61 188 632.714 -0.509791 -0.597384 -0.619069 115 71 68
-60 188 632.714 -0.485963 -0.61597 -0.620017 116 71 66
-59 188 631.857 -0.448416 -0.64634 -0.617387 125 76 69
-58 187.857 630.857 -0.40115 -0.680127 -0.613601 129 81 71
-57 187.857 630.857 -0.342775 -0.722387 -0.600552 131 83 73
-57 187.571 630.571 -0.344048 -0.726023 -0.595417 136 86 77
-56 187.571 630.571 -0.310787 -0.754125 -0.578538 133 83 72
-55 187 629.857 -0.25447 -0.789732 -0.558183 133 79 69
-54.8571 187 629.857 -0.25447 -0.789732 -0.558183 140 86 74
-54 187 629.714 -0.199573 -0.810905 -0.550094 147 89 78
-53 187 629.714 -0.143859 -0.824903 -0.546663 152 94 82
-52 187 629.143 -0.0922316 -0.847321 -0.523011 160 98 85
-51 187 629 -0.00546789 -0.864683 -0.502288 162 98 86
-50 187 629 0.0569764 -0.868341 -0.492685 161 98 83
-49 187 629.143 0.136163 -0.870316 -0.473297 167 99 86
-48 187 629.429 0.223892 -0.865808 -0.447493 171 103 90
-48 187.714 629.571 0.230856 -0.864101 -0.447253 171 101 89
-47 187.857 630.286 0.300173 -0.854494 -0.423954 176 106 94
-46 187.857 630.286 0.369673 -0.836042 -0.405433 174 104 92
-44.1429 188 632 0.456965 -0.797949 -0.393014 170 100 88
-44 188 632.286 0.453593 -0.799288 -0.394198 188 119 104
-43 188.286 633.143 0.439212 -0.787645 -0.432098 187 118 103
-42.4286 188.429 633.429 0.426461 -0.773542 -0.46879 190 121 106
-41 189 634.286 0.383322 -0.748469 -0.541164 190 121 106
-40 189 635.143 0.329156 -0.736777 -0.590606 189 120 105
-39 189 635.286 0.309769 -0.722524 -0.618064 185 116 101
-38 189 635.286 0.301379 -0.711295 -0.635004 186 117 102
-37 189 634.571 0.324508 -0.702975 -0.632866 188 121 105
-64 189.714 634.714 -0.534662 -0.576758 -0.617646 93 62 59
-63 189.143 633.857 -0.532553 -0.57944 -0.616957 96 65 60
-62 189.143 633.857 -0.524671 -0.583947 -0.619456 104 69 65
-61.8571 188.857 632.857 -0.52441 -0.586062 -0.617677 109 72 66
-61 188.857 632.714 -0.515601 -0.597156 -0.614459 112 71 67
-60 188.857 632 -0.496112 -0.613774 -0.614129 113 72 66
-59 188.857 631.857 -0.470032 -0.63202 -0.616134 118 73 67
-59 188.143 631 -0.453634 -0.644582 -0.615411 126 76 67
-58 188 630.857 -0.41349 -0.668621 -0.618038 130 78 67
-57 188 630.286 -0.363443 -0.707673 -0.605894 134 84 75
-56 188 630 -0.344623 -0.736611 -0.581927 132 84 74
-55 188 629.857 -0.285286 -0.769827 -0.570944 129 79 70
-54.7143 188 629.714 -0.276146 -0.773455 -0.570535 132 83 69
-54 188 629.571 -0.224883 -0.796363 -0.561456 144 90 78
-53 188 629 -0.178515 -0.817263 -0.547918 149 96 80
-49 188 628.857 0.128276 -0.875047 -0.466731 166 98 85
-48 188 628.714 0.215756 -0.870875 -0.441617 166 98 85
-47 188 629.286 0.286474 -0.85548 -0.431377 177 108 93
-46 188 629.714 0.370179 -0.834741 -0.407647 175 108 91
-45 188 630.286 0.410171 -0.826355 -0.385873 173 106 90
-44 188.143 631 0.454492 -0.803633 -0.384201 168 101 85
-44 188.571 631.571 0.460918 -0.800677 -0.382715 187 118 103
-42.1429 189 633 0.454956 -0.761522 -0.461626 193 123 111
-42 189 633.429 0.420276 -0.758614 -0.497868 192 122 110
-41 189.143 634.143 0.38822 -0.74038 -0.548747 190 121 106
-41 189.286 634.286 0.38822 -0.74038 -0.548747 189 120 105
-40 189.571 634.714 0.353413 -0.720948 -0.596098 190 121 106
-39 189.571 634.714 0.341855 -0.718903 -0.605238 188 119 104
-38.8571 189.857 634.857 0.34493 -0.710143 -0.613776 184 114 102
-38 189.857 634.857 0.34295 -0.703339 -0.622655 183 113 101
-37 189.429 634.429 0.317995 -0.69939 -0.640103 187 118 102
-64 190 633.714 -0.542232 -0.56834 -0.618849 94 63 60
-62 189.714 632.857 -0.531774 -0.58139 -0.615794 103 68 64
-61.8571 189.714 632.571 -0.530103 -0.584574 -0.614218 107 70 64
-61 189 631.714 -0.519825 -0.596953 -0.611089 111 70 66
-60 189 631.714 -0.49851 -0.612401 -0.613557 113 72 68
-59 189 631 -0.469551 -0.633326 -0.615159 125 76 69
-58 188.857 630 -0.437751 -0.660687 -0.609809 127 77 68
-57 188.857 630 -0.394505 -0.701518 -0.593496 129 81 71
-56.4286 189 629.429 -0.368478 -0.717104 -0.591596 131 83 73
-55 188.857 629 -0.325581 -0.755024 -0.569153 128 80 70
-54 188.714 628.714 -0.256365 -0.782667 -0.567194 143 91 78
-53 188.143 628 -0.182674 -0.816023 -0.548394 145 93 79
-52 188.143 628.143 -0.11698 -0.834049 -0.539146 149 93 80
-52 188 627.857 -0.116927 -0.839265 -0.531002 148 92 77
-51 188 627.857 -0.030985 -0.856872 -0.514597 149 90 76
-50 188 627.429 0.0380366 -0.866385 -0.497926 146 87 73
-50 188.143 627.857 0.0326746 -0.869013 -0.49371 148 84 72
-49 188.143 627.857 0.100517 -0.870455 -0.481875 152 89 74
-48 188.286 628 0.201786 -0.865058 -0.4593 159 91 78
-47 188.571 628.571 0.275456 -0.854539 -0.440326 175 106 91
-46 188.714 628.714 0.352124 -0.838584 -0.415675 174 107 90
-45 188.857 629.571 0.407449 -0.826113 -0.389259 173 106 90
-44 189 630.143 0.463098 -0.805796 -0.369099 168 101 85
-43 189 631.571 0.486697 -0.778447 -0.396417 193 124 109
-42 189.143 632.143 0.490157 -0.753701 -0.437814 193 124 109
-42 189.857 632.857 0.463522 -0.74542 -0.479058 194 125 110
-40.5714 190 633.571 0.417646 -0.726086 -0.546233 194 125 110
-40 190 634 0.398922 -0.715169 -0.573929 194 125 110
-39 190 634.571 0.356818 -0.708567 -0.60878 190 121 106
-38.5714 190 634.571 0.353661 -0.707841 -0.611462 185 113 101
-38 190 634.286 0.361393 -0.697668 -0.618591 179 107 95
-37 190 634.143 0.368453 -0.690295 -0.622684 183 114 98
-64 190.714 633.714 -0.547296 -0.562238 -0.619964 89 61 58
-64 190.429 633.429 -0.547296 -0.562238 -0.619964 93 63 61
-63 190 632.857 -0.539068 -0.573401 -0.616942 97 68 62
-62 190 632.571 -0.534659 -0.577567 -0.616892 101 68 63
-61.8571 190 632 -0.532857 -0.581722 -0.614542 105 68 62
-61 189.857 631.571 -0.527043 -0.591156 -0.610541 109 68 64
-60 189.857 631 -0.512267 -0.594749 -0.619561 112 71 67
-59 189.857 631 -0.487958 -0.61823 -0.616189 117 72 67
-59 189.143 630.143 -0.47107 -0.632151 -0.615206 123 76 70
-58 189.143 630 -0.441659 -0.655787 -0.612275 125 76 69
-57 189 629.429 -0.406891 -0.695203 -0.592564 128 79 72
-56.2857 189 629 -0.379557 -0.720933 -0.579821 131 82 75
-56 189 628.714 -0.373682 -0.721543 -0.58287 130 82 72
-55 189 628 -0.338471 -0.752353 -0.565157 128 80 70
-54 189 627.857 -0.273218 -0.787219 -0.552845 133 85 73
-50 188.857 627 0.0215299 -0.871969 -0.489088 141 83 71
-49.8571 188.857 627 0.0346681 -0.875618 -0.481758 147 85 74
-49 188.857 627.286 0.0952234 -0.875618 -0.473525 152 90 77
-48 188.857 627.429 0.194677 -0.871498 -0.450102 161 95 83
-47.4286 188.857 627.286 0.233885 -0.869082 -0.435883 167 101 85
-47 188.857 627.714 0.249983 -0.866277 -0.432518 173 106 90
-46 188.857 627.857 0.326997 -0.853693 -0.405316 174 107 90
-45.8571 189.143 628.571 0.353748 -0.840583 -0.410223 181 114 97
-45 189.143 628.714 0.392309 -0.830655 -0.395102 176 109 93
-44 189.571 629.429 0.464659 -0.802629 -0.374004 169 102 86
-44 189.714 629.714 0.476692 -0.799284 -0.365937 182 113 98
-42 190 631.286 0.515704 -0.754882 -0.405219 194 125 110
-41 190 632.429 0.462121 -0.735104 -0.49605 196 127 112
-40.1429 190.143 633.143 0.436005 -0.710469 -0.55239 197 128 113
-40 190.143 633.286 0.435552 -0.706237 -0.558143 197 128 113
-39 190.714 633.857 0.400222 -0.699949 -0.591518 192 123 108
-38.1429 191 634.143 0.389381 -0.693189 -0.606524 187 115 101
-37 190.714 633.714 0.399447 -0.680373 -0.614439 180 111 95
-64 191 633.571 -0.548675 -0.561531 -0.619386 89 61 58
-63 191 632.571 -0.549067 -0.560506 -0.619967 97 68 62
-62 190.714 631.714 -0.548072 -0.564045 -0.617632 101 68 63
-61.5714 190.571 631.571 -0.543126 -0.567321 -0.618999 105 68 62
-61 190 630.714 -0.526744 -0.580894 -0.620566 108 67 63
-60 190 630.714 -0.513334 -0.594756 -0.618671 113 69 66
-59 190 630 -0.487166 -0.619962 -0.615075 120 73 67
-58 190 629.143 -0.465285 -0.643199 -0.608115 123 74 69
-57 190 628.429 -0.451522 -0.672057 -0.586913 128 79 72
-56 189.714 627.714 -0.414506 -0.715461 -0.562405 133 85 75
-55 189.714 627.714 -0.370441 -0.74251 -0.55808 131 83 73
-54 189.143 627 -0.282284 -0.791815 -0.541612 127 79 69
-53.8571 189.143 627 -0.275873 -0.798047 -0.535738 124 76 66
-53 189 626.571 -0.209378 -0.829232 -0.518204 124 76 66
-52 189 626.571 -0.138085 -0.845228 -0.516258 121 71 62
-51.2857 189 626.286 -0.097466 -0.864982 -0.492246 122 72 61
-51 189 626.286 -0.0845273 -0.864914 -0.494752 130 76 66
-50 189 626 0.00164623 -0.879876 -0.475201 141 84 73
-49.4286 189 626.429 0.0619621 -0.884102 -0.463167 151 91 81
-49 189 626.286 0.0935697 -0.885723 -0.454686 155 95 84
-48 189 626.429 0.176288 -0.880892 -0.439262 163 99 87
-47 189 626.429 0.234255 -0.874094 -0.42554 166 103 88
-47 189.143 626.857 0.247445 -0.869785 -0.426903 174 108 92
-46 189.143 627 0.296977 -0.863034 -0.408628 176 109 92
-45.5714 189.571 627.571 0.367216 -0.843679 -0.39161 183 116 99
-45 189.857 628 0.379594 -0.842024 -0.383281 181 114 98
-44 189.857 628.429 0.4584 -0.809863 -0.366047 171 104 88
-43 190 629.714 0.502872 -0.784767 -0.362298 194 127 111
-42 190.286 630.143 0.539536 -0.756843 -0.368903 193 124 109
-42 190.857 631.143 0.532609 -0.748393 -0.395267 198 129 114
-38.1429 191.143 633.429 0.422074 -0.691052 -0.586771 191 119 105
-38 191 633.571 0.405792 -0.688954 -0.600562 182 110 96
-37 191 633.571 0.411891 -0.676921 -0.61002 177 110 93
-63 191.143 632.143 -0.554641 -0.556693 -0.618438 98 67 62
-62 191 631.714 -0.547515 -0.562029 -0.61996 102 67 63
-61.1429 191 631 -0.540908 -0.567228 -0.621024 105 68 62
-61 191 630.571 -0.540157 -0.568789 -0.62025 109 68 64
-60 190.857 630.143 -0.531891 -0.578993 -0.617947 113 69 66
-59 190.429 629.571 -0.501598 -0.6111 -0.612337 117 69 67
-58.2857 190.286 629.143 -0.485481 -0.624696 -0.611606 118 70 66
-58 190.286 628.286 -0.478072 -0.642333 -0.599046 123 74 70
-57 190.286 628.286 -0.462035 -0.663575 -0.58838 127 78 73
-56 190 627.571 -0.421107 -0.709973 -0.564452 131 82 77
-55 190 626.857 -0.38312 -0.74696 -0.543388 134 86 76
-53.2857 190 626.286 -0.27503 -0.815788 -0.508772 121 73 63
-52 189.857 625.857 -0.1504 -0.85503 -0.496289 115 65 56
-51 189.857 625.857 -0.0830302 -0.867201 -0.490987 120 70 61
-51 189.571 625.571 -0.0817937 -0.864154 -0.496535 130 75 68
-50 189.571 625.571 0.00553294 -0.878505 -0.477702 141 84 73
-49 189.429 625.429 0.0666993 -0.875106 -0.479313 152 92 82
-49 189.571 625.571 0.0762924 -0.87493 -0.478202 156 96 86
-48 189.857 625.857 0.156466 -0.879972 -0.448518 163 99 89
-47 189.857 625.857 0.216908 -0.88005 -0.422448 167 104 87
-46 189.857 626.286 0.290716 -0.872492 -0.392737 177 110 93
-45.1429 190 626.857 0.368555 -0.854694 -0.365602 182 115 98
-45 190 627 0.372849 -0.850536 -0.370907 184 117 101
-44 190 627.714 0.438069 -0.821711 -0.364538 175 108 92
-43.8571 190.286 628.143 0.467355 -0.809761 -0.354777 169 102 86
-43 190.714 629 0.502527 -0.79113 -0.348682 193 126 110
-41 191 630.429 0.544462 -0.736734 -0.400979 197 128 113
-40 191 631.286 0.509857 -0.717911 -0.473972 199 130 115
-40 191.143 632 0.495419 -0.709984 -0.500482 199 130 115
-39 191.143 632.286 0.48594 -0.695467 -0.529328 196 127 112
-38 191.857 633 0.475425 -0.6848 -0.552287 195 123 109
-38 192 633.143 0.475425 -0.6848 -0.552287 183 114 99
-37 191.857 633 0.484083 -0.675391 -0.556336 173 106 89
-63 192 632.143 -0.559755 -0.548676 -0.62099 97 66 61
-62 192 631.143 -0.566348 -0.547807 -0.615758 101 68 63
-61 191.857 630.857 -0.555242 -0.551775 -0.622295 104 69 63
-61 191.143 630 -0.545563 -0.564548 -0.619393 109 70 65
-60 191 629.571 -0.541667 -0.571622 -0.616316 113 69 66
-59 191 629.286 -0.520462 -0.596978 -0.610522 116 68 66
-58 191 628.143 -0.501245 -0.643361 -0.578654 124 75 71
-56 190.571 626.571 -0.431567 -0.727244 -0.533728 134 85 78
-55 190.429 626.429 -0.406409 -0.748532 -0.523957 135 86 79
-54 190 625.714 -0.322357 -0.800959 -0.50453 130 82 72
-53 190 625.143 -0.247461 -0.839185 -0.484285 120 70 61
-52 190 625.143 -0.155698 -0.861577 -0.48316 126 73 65
-49 190 624.571 0.0497313 -0.899324 -0.434447 159 96 87
-48 190 624.857 0.141573 -0.893917 -0.425288 164 100 90
-47 190 624.857 0.182608 -0.895362 -0.406179 164 101 84
-46 190 625.286 0.260338 -0.883408 -0.389635 176 109 92
-45 190.143 625.857 0.34967 -0.861484 -0.368206 180 113 96
-44 190.857 626.857 0.429927 -0.838298 -0.335291 181 114 98
-43.2857 190.857 627.143 0.474396 -0.818375 -0.324363 168 101 84
-42 191 628.286 0.537123 -0.779111 -0.323242 195 128 111
-42 191.286 629.286 0.556571 -0.758574 -0.338814 198 131 114
-41 191.571 629.571 0.568448 -0.744179 -0.350807 199 130 115
-39 192 632 0.517242 -0.697382 -0.496104 200 131 116
-38 192.143 632.143 0.527642 -0.685705 -0.501401 195 126 111
-37 192.143 632.714 0.498269 -0.676974 -0.541696 169 104 86
-63 192.286 631.286 -0.567528 -0.543134 -0.618804 95 66 62
-62 192.143 630.429 -0.568405 -0.541395 -0.619522 99 68 65
-61 192 629.286 -0.572382 -0.541713 -0.61557 108 70 67
-59 191.857 628.286 -0.551772 -0.58774 -0.5917 114 70 67
-58 191.714 627.714 -0.532185 -0.625629 -0.570409 119 72 66
-58 191.286 627.286 -0.51882 -0.638333 -0.568645 124 75 70
-57 191 626.857 -0.497537 -0.681755 -0.536345 129 80 75
-56 191 626.286 -0.447263 -0.72977 -0.517099 132 83 78
-55.8571 191 625.857 -0.439262 -0.740868 -0.508098 133 86 78
-54 190.857 624.857 -0.354788 -0.801487 -0.481398 129 82 72
-53 190.714 624.714 -0.270638 -0.839098 -0.471878 126 78 66
-52 190.429 624.429 -0.163766 -0.865993 -0.472479 137 85 74
-51 190 624 -0.0950906 -0.880322 -0.464748 148 88 78
-50 190 624 -0.0173041 -0.886584 -0.462244 150 90 79
-49 190.143 624.143 0.0333278 -0.895711 -0.443386 155 93 82
-48 190.286 624.286 0.100585 -0.897792 -0.428779 163 99 87
-47 190.429 624.286 0.195923 -0.893187 -0.40476 165 99 83
-47 190.857 624.714 0.196039 -0.891888 -0.40756 168 103 85
-46 190.857 624.714 0.272864 -0.88167 -0.384971 176 109 92
-45 190.857 625 0.35378 -0.866929 -0.351103 183 116 100
-43 191 626.143 0.47676 -0.825748 -0.301397 169 102 85
-42 191.429 627.429 0.540716 -0.786158 -0.299304 197 130 113
-41.1429 192 628.143 0.578187 -0.757272 -0.303709 199 132 115
-40 192 629.571 0.571302 -0.727248 -0.380426 202 133 118
-40 192.571 630.571 0.55803 -0.716087 -0.419312 203 134 119
-39 192.857 631 0.558809 -0.689981 -0.460065 203 134 119
-38 192.857 631.714 0.556433 -0.680626 -0.476582 197 130 114
-38 193 631.857 0.556433 -0.680626 -0.476582 189 122 106
-37 193 631.857 0.561931 -0.670056 -0.485035 174 107 90
-36 193 631.857 0.566184 -0.663522 -0.489054 172 105 86
-63 193 630.571 -0.588578 -0.514664 -0.623456 94 66 62
-62 193 630.286 -0.59166 -0.515429 -0.619896 97 68 64
-61 192.286 629.286 -0.573137 -0.543738 -0.613077 105 70 66
-60 192 628.286 -0.567584 -0.566023 -0.597885 109 72 66
-59 192.143 627.857 -0.567228 -0.591182 -0.573372 113 72 68
-58 192 626.571 -0.552556 -0.635434 -0.539356 123 76 70
-57 191.857 625.857 -0.537848 -0.666385 -0.516382 130 83 75
-56 191.857 625.857 -0.500028 -0.708214 -0.498403 133 86 78
-55 191 624.571 -0.42138 -0.762669 -0.490688 134 87 79
-54 191 623.857 -0.383633 -0.794272 -0.471124 126 79 71
-53 191 623.714 -0.286859 -0.834665 -0.470156 116 67 60
-46.8571 190.857 623.714 0.1971 -0.893502 -0.403492 168 101 84
-45 191 624 0.342563 -0.867101 -0.361644 179 112 95
-44 191 624.857 0.400504 -0.851841 -0.337584 187 120 104
-43 191.286 625.286 0.468438 -0.827673 -0.309068 170 103 86
-43 191.857 626 0.482542 -0.825695 -0.292201 182 115 98
-41 192 627.286 0.579189 -0.765086 -0.281396 200 133 116
-41 192.143 628 0.578083 -0.758585 -0.300615 202 133 118
-40 192.857 629 0.587901 -0.735053 -0.337742 201 132 117
-39.7143 193 629.714 0.584839 -0.718939 -0.375619 201 132 117
-39 193 630.714 0.576734 -0.696127 -0.427533 204 135 120
-38 193.143 630.857 0.582131 -0.677009 -0.450314 201 134 117
-38 193.714 631.714 0.584109 -0.671111 -0.456539 197 130 113
-37 193.714 631.857 0.573578 -0.666268 -0.476544 180 113 94
-36 193.714 631.857 0.590149 -0.648525 -0.480769 167 100 81
-63 193.429 630.429 -0.597604 -0.512194 -0.616869 95 64 59
-62 193.143 629.571 -0.592145 -0.515217 -0.61961 99 64 60
-61 193 629.286 -0.60398 -0.517041 -0.606528 104 67 61
-60.4286 193 628.429 -0.603066 -0.524973 -0.600595 108 69 64
-60 193 628 -0.6057 -0.539054 -0.585276 110 71 64
-59 192.857 627 -0.598669 -0.571945 -0.56078 118 75 68
-58 192.571 626.571 -0.583207 -0.61229 -0.533826 120 71 64
-58 192.143 626.143 -0.57886 -0.621725 -0.527616 128 75 67
-57 192 625.857 -0.544075 -0.665166 -0.511406 131 81 72
-56 192 624.857 -0.507581 -0.703794 -0.497026 135 85 76
-55 191.857 624.286 -0.442197 -0.7582 -0.479161 135 85 76
-55 191.571 623.571 -0.444589 -0.763136 -0.469003 135 85 76
-54 191.286 623.286 -0.383037 -0.796222 -0.468309 130 80 69
-53 191.286 623.286 -0.299985 -0.835601 -0.460196 119 69 58
-52.7143 191 622.714 -0.29187 -0.84381 -0.450329 117 67 56
-52 191 622.714 -0.194063 -0.871274 -0.450801 113 61 50
-51 191 622.714 -0.127167 -0.887563 -0.442788 123 71 58
-50.5714 191 622.571 -0.113424 -0.889287 -0.443063 138 81 70
-50 191 622.571 -0.0629608 -0.90177 -0.427606 146 89 78
-49 191 622.571 0.0289581 -0.903565 -0.427472 157 99 88
-48.5714 191 622.571 0.0462895 -0.903045 -0.427043 159 99 89
-48 191 622.714 0.0748832 -0.902432 -0.424275 163 101 90
-47 191 622.714 0.165375 -0.896771 -0.410429 170 104 92
-46.8571 191 622.857 0.169039 -0.895661 -0.411361 172 104 91
-46 191 622.857 0.242836 -0.884003 -0.399462 174 107 91
-45 191.571 623.571 0.336314 -0.869418 -0.361945 181 114 98
-44.2857 191.286 623.286 0.378123 -0.857873 -0.347961 184 117 100
-44 191.857 623.857 0.39156 -0.855237 -0.339486 188 121 104
-42 192 625.429 0.519639 -0.808167 -0.277203 198 131 112
-41 192.286 626.286 0.578549 -0.771266 -0.265387 200 133 114
-41 192.857 627.143 0.589549 -0.760665 -0.2717 202 135 118
-40 193 628 0.599685 -0.737947 -0.309536 201 134 117
-39.1429 193.143 628.857 0.615757 -0.703752 -0.354367 201 134 118
-38 193.857 630.286 0.617114 -0.66538 -0.420048 202 134 121
-37.8571 193.857 630.714 0.612206 -0.659222 -0.436613 200 133 117
-37 194 631.429 0.599759 -0.653215 -0.462168 185 118 101
-36 194 631.571 0.607601 -0.642214 -0.467315 155 88 69
-63 194 629.857 -0.608509 -0.50502 -0.612105 94 63 58
-62 194 629.571 -0.612848 -0.504953 -0.607816 98 63 59
-60.1429 194 628.143 -0.621582 -0.525323 -0.581095 107 68 63
-60 193.143 627.143 -0.622248 -0.538874 -0.567822 110 71 64
-59 193.143 626.714 -0.613491 -0.567136 -0.549532 117 74 68
-58 193 625.714 -0.611597 -0.595961 -0.520365 121 74 66
-57.5714 193 625.714 -0.589239 -0.623722 -0.513584 127 77 70
-57 192.857 625 -0.576519 -0.646087 -0.500197 130 81 74
-56 192.143 624 -0.519146 -0.701736 -0.487908 133 84 77
-55 192 623.429 -0.453577 -0.755533 -0.472693 133 85 75
-54.5714 192 622.571 -0.443919 -0.7661 -0.464787 134 86 76
-52.2857 192 622.286 -0.294829 -0.843183 -0.449576 98 48 37
-52 191.714 621.714 -0.248514 -0.855281 -0.45468 107 55 44
-51 191.714 621.714 -0.146836 -0.886391 -0.439032 123 71 60
-50 191.571 621.571 -0.0993398 -0.898066 -0.428496 142 85 76
-49 191.571 621.571 0.0160622 -0.906941 -0.420952 153 95 84
-48 191.571 621.571 0.0746176 -0.906359 -0.415868 158 98 88
-48 191.714 621.714 0.0717645 -0.906175 -0.41677 167 105 94
-47 191.714 621.714 0.15425 -0.897216 -0.413776 173 105 94
-43 192 623.286 0.446823 -0.834966 -0.321218 174 106 87
-42 192.286 624.429 0.507945 -0.810479 -0.291745 198 130 111
-41 193 625.429 0.585474 -0.767974 -0.259684 202 134 115
-40 193.286 627.143 0.620538 -0.732152 -0.280866 202 133 117
-39 193.714 627.857 0.631661 -0.70537 -0.321649 203 134 119
-38 194 629.286 0.650927 -0.657682 -0.379142 204 134 122
-37.8571 194.429 630.286 0.639319 -0.656883 -0.399719 202 133 118
-37 194.571 630.571 0.638191 -0.642398 -0.424307 189 122 105
-62 194.286 628.714 -0.63027 -0.491155 -0.601271 96 61 57
-61 194 628.286 -0.628192 -0.507844 -0.589465 101 66 60
-60 194 627.143 -0.632516 -0.52039 -0.573687 109 70 65
-58 193.571 625.714 -0.622456 -0.581006 -0.524386 122 75 69
-57.1429 193.143 624.714 -0.595229 -0.632904 -0.495112 126 77 72
-57 193 624 -0.591805 -0.639226 -0.491078 128 81 75
-55 192.571 622.571 -0.478753 -0.741878 -0.469481 131 84 76
-54.4286 192.429 622.429 -0.457907 -0.753632 -0.47155 134 87 79
-54 192 621.571 -0.414797 -0.777555 -0.472601 133 86 76
-53 192 621.571 -0.335277 -0.822839 -0.458831 123 75 65
-52 192 621 -0.260821 -0.84608 -0.464888 125 72 64
-51 192 620.714 -0.176189 -0.872789 -0.455189 136 84 73
-50 192 620.571 -0.0844636 -0.892205 -0.443663 146 89 78
-47 192 620.714 0.131932 -0.895129 -0.425837 167 99 88
-46 192 621 0.210633 -0.888047 -0.408665 176 107 92
-45 192 621.571 0.308317 -0.871751 -0.380776 182 113 98
-44 192 621.714 0.369798 -0.854662 -0.364421 182 113 97
-44 192.143 622.143 0.367041 -0.857998 -0.359332 184 115 99
-43 192.286 622.286 0.430404 -0.838488 -0.334202 174 106 87
-42.2857 193 623.286 0.493665 -0.812793 -0.309292 173 105 86
-41 193.143 624.429 0.581504 -0.766072 -0.273838 202 134 113
-41 193.286 625.143 0.587384 -0.76573 -0.261987 202 134 115
-40 193.857 626.143 0.637313 -0.721678 -0.270208 202 134 115
-39 194 627 0.656353 -0.689714 -0.305769 204 135 119
-38 194.714 628.857 0.679148 -0.641556 -0.356601 204 135 120
-37.4286 194.857 629.286 0.680373 -0.629948 -0.374511 203 134 119
-37 195 630.286 0.670469 -0.624152 -0.40113 194 126 107
-36 195 630.571 0.684898 -0.59884 -0.415097 168 100 81
-35.8571 195.143 631 0.68794 -0.588291 -0.425032 147 79 60
-62.7143 195.143 629.286 -0.630466 -0.487083 -0.60437 90 61 57
-62 195 628.571 -0.640893 -0.490141 -0.590778 95 61 59
-61 195 627.429 -0.660221 -0.482146 -0.575886 99 66 61
-60 194.286 626.286 -0.653134 -0.506883 -0.56257 107 70 64
-59 194 625.286 -0.652798 -0.53472 -0.53659 111 72 67
-58 194 624.714 -0.647209 -0.561534 -0.515558 118 73 67
-57 193.714 623.714 -0.616748 -0.605791 -0.502632 126 79 73
-56 193 622.714 -0.550709 -0.676857 -0.48845 128 81 75
-55 193 622.571 -0.507309 -0.717596 -0.477173 128 84 75
-53 192.571 620.571 -0.362427 -0.79528 -0.48598 125 78 68
-52 192.571 620.571 -0.281043 -0.831316 -0.479509 103 55 45
-52 192.143 620.143 -0.28925 -0.827635 -0.480994 129 79 70
-51 192.143 620 -0.183599 -0.863769 -0.46925 140 88 77
-50 192.143 619.857 -0.101267 -0.87715 -0.469418 145 88 79
-49 192 620 -0.0298573 -0.891782 -0.451479 150 90 80
-48 192 620 0.0632551 -0.898265 -0.434878 154 94 84
-48 192.143 620.143 0.0643497 -0.898293 -0.43466 162 98 89
-47 192.143 620.143 0.123414 -0.894017 -0.430699 167 99 88
-46 192.286 620.286 0.207169 -0.883069 -0.421034 178 108 96
-42 193 622.286 0.495248 -0.808106 -0.318895 172 104 85
-42 193.143 622.714 0.501177 -0.806391 -0.313934 193 125 106
-41 193.571 623.714 0.58254 -0.759209 -0.290256 202 134 115
-40.8571 193.857 624.143 0.597366 -0.752059 -0.278498 202 134 115
-40 194 625.143 0.645413 -0.717022 -0.26329 203 134 118
-39 194.143 626 0.667733 -0.690446 -0.27824 204 135 119
-38 195 628 0.697801 -0.630199 -0.340474 204 135 120
-37.2857 195.286 629.143 0.697397 -0.611399 -0.373937 203 134 119
-37 195.429 629.429 0.711982 -0.594375 -0.373898 198 130 111
-35.4286 196 630.429 0.727987 -0.561448 -0.39346 144 76 57
-62 195.571 627.857 -0.656099 -0.47673 -0.585032 94 63 60
-61 195.286 627.286 -0.657195 -0.486078 -0.576041 98 67 62
-60 195 626.429 -0.663821 -0.492262 -0.563046 102 67 63
-59.4286 195 625.429 -0.677212 -0.498977 -0.540746 103 68 64
-59 194.429 624.571 -0.670034 -0.5214 -0.52839 110 71 66
-58 194.143 623.714 -0.664451 -0.54749 -0.508684 116 71 66
-57 194 623.143 -0.636698 -0.585315 -0.502018 121 74 68
-56.7143 194 622.714 -0.630509 -0.592714 -0.501146 123 76 70
-56 193.857 621.857 -0.604178 -0.624063 -0.495494 125 78 72
-55 193.571 621.571 -0.533345 -0.68833 -0.491676 127 83 74
-54 193 620.571 -0.475162 -0.719798 -0.506075 134 87 77
-51 192.857 619 -0.219881 -0.829815 -0.512894 136 84 73
-50 192.714 618.857 -0.127016 -0.856586 -0.500128 139 82 73
-49.7143 192.714 618.857 -0.111414 -0.862155 -0.494242 147 90 79
-45 193 620 0.277899 -0.862631 -0.422658 176 108 95
-44 193 620 0.360955 -0.839593 -0.40595 178 111 95
-43 193 620.571 0.417227 -0.825829 -0.379378 179 112 95
-42 193.286 621.286 0.490285 -0.800871 -0.34384 171 104 87
-42 193.857 622 0.509338 -0.796307 -0.326298 189 122 103
-41 194 622.714 0.581572 -0.754923 -0.303094 201 134 115
-40.4286 194 623.429 0.622582 -0.727312 -0.288805 203 136 119
-40 194.286 624.286 0.643387 -0.713101 -0.278461 203 136 119
-39 194.857 625.143 0.699257 -0.660868 -0.27257 202 135 119
-38 195.143 627 0.704529 -0.632705 -0.32144 203 135 122
-37 195.857 628.143 0.737927 -0.583864 -0.338477 202 135 119
-36 196 629.429 0.737411 -0.567392 -0.366458 194 126 107
-35.4286 196.429 630.429 0.742787 -0.55391 -0.3761 146 78 59
-35 196.714 630.714 0.762013 -0.530007 -0.37206 136 68 49
-62.4286 196 628.429 -0.653591 -0.477656 -0.58708 89 61 58
-62 196 627.429 -0.665433 -0.475032 -0.575798 94 63 61
-61 196 626.571 -0.681238 -0.467733 -0.563153 97 66 63
-60 195.571 625.571 -0.685815 -0.479779 -0.547239 100 66 64
-59.1429 195.143 625.143 -0.68448 -0.501197 -0.529422 102 67 63
-59 195 624.143 -0.68811 -0.501545 -0.524363 108 69 64
-57 194.429 622.429 -0.665915 -0.554089 -0.499543 120 73 67
-56.2857 194.286 622.143 -0.625062 -0.601589 -0.497381 122 75 69
-56 194 621.143 -0.614136 -0.600158 -0.512492 124 77 71
-54 193.857 619.857 -0.508295 -0.670525 -0.5404 131 87 78
-54 193.714 619.714 -0.507708 -0.670556 -0.540913 133 86 76
-53 193 619 -0.40971 -0.740478 -0.532757 127 80 70
-52 193 618.714 -0.340678 -0.77292 -0.535289 108 60 50
-51.7143 193.143 618.857 -0.295143 -0.795555 -0.529134 123 73 64
-51 193 618.143 -0.246203 -0.809923 -0.532362 139 89 78
-50 193 618.143 -0.157011 -0.841582 -0.516806 137 83 73
-49.1429 193 618 -0.059395 -0.851859 -0.520393 140 83 72
-49 193 618.286 -0.0453264 -0.858367 -0.511031 140 82 71
-48 193 618.286 0.0512039 -0.868433 -0.493155 144 84 74
-47.4286 193 618.429 0.109802 -0.873192 -0.474847 150 87 78
-47 193 618.429 0.12292 -0.866668 -0.483504 149 83 71
-46 193 618.714 0.199892 -0.862663 -0.464603 153 85 74
-45.7143 193 618.714 0.223522 -0.859555 -0.459569 160 92 79
-45 193.286 619.286 0.292521 -0.848269 -0.441441 162 94 81
-44 193.286 619.286 0.352761 -0.833141 -0.425952 165 98 82
-44 193.857 619.857 0.36392 -0.833734 -0.41527 173 106 90
-43 193.857 619.857 0.423073 -0.810071 -0.405948 174 107 90
-41 194.143 622 0.571444 -0.755579 -0.320237 201 134 117
-40 194.429 622.429 0.641087 -0.707195 -0.298131 206 139 122
-39 195 624.286 0.702712 -0.657096 -0.2728 203 136 120
-39 195.286 625.286 0.706933 -0.651084 -0.276289 202 134 121
-37 196 627.429 0.748024 -0.581861 -0.319215 203 136 120
-35 197 629.714 0.783474 -0.512843 -0.350942 155 88 69
-62.1429 197 627.857 -0.671201 -0.468375 -0.574556 88 60 56
-61 196.286 626.286 -0.688437 -0.459683 -0.561022 97 66 61
-60 196 625.429 -0.695412 -0.466385 -0.546705 101 66 62
-59 195.714 623.714 -0.705337 -0.476361 -0.524957 108 69 64
-58 195 622.714 -0.690499 -0.507323 -0.515592 115 70 65
-57 195 622.286 -0.684008 -0.523964 -0.507538 119 72 66
-56 194.857 620.857 -0.647428 -0.5447 -0.533047 124 77 71
-55 194 619.857 -0.560974 -0.626989 -0.540549 126 82 73
-54 194 619.714 -0.524069 -0.655059 -0.544288 131 87 78
-53.8571 194 619 -0.513181 -0.655288 -0.554295 132 88 79
-53 194 618.286 -0.46317 -0.683837 -0.563773 127 83 74
-51.1429 193.714 617.857 -0.289021 -0.774949 -0.562068 107 59 49
-51 193.714 617.857 -0.289021 -0.774949 -0.562068 129 81 71
-50 193.429 617.286 -0.195277 -0.807225 -0.557005 130 77 69
-49 193.429 617.286 -0.0572519 -0.834514 -0.548004 121 69 58
-49 193.286 617.286 -0.0550533 -0.838171 -0.542622 112 55 46
-48 193.286 617.286 0.0575854 -0.85106 -0.521902 107 50 41
-47 193.429 617.429 0.120799 -0.853085 -0.507596 113 53 43
-47 193.571 617.571 0.120799 -0.853085 -0.507596 133 66 57
-46 193.857 617.857 0.195619 -0.844553 -0.498461 141 73 62
-43.8571 194 618.857 0.37229 -0.813438 -0.446899 178 111 95
-43 194 619.143 0.41402 -0.807965 -0.419261 180 113 96
-42 194 619.571 0.478588 -0.781888 -0.399506 177 110 93
-42 194.286 620.286 0.503934 -0.775059 -0.381227 183 116 97
-41 194.857 621 0.579248 -0.739323 -0.343326 200 133 114
-39 195.143 623.143 0.699083 -0.659241 -0.276919 205 138 122
-38.1429 196 624.143 0.747544 -0.603329 -0.277799 205 137 124
-37 196.286 626.286 0.763605 -0.564617 -0.313233 205 137 124
-36 197 628.571 0.771064 -0.538445 -0.339909 208 141 122
-35 197.286 629.286 0.813976 -0.488929 -0.313674 173 106 87
-62 197.714 627.714 -0.67856 -0.462661 -0.570527 87 59 55
-62 197 626.714 -0.68681 -0.456539 -0.565565 92 61 58
-61 197 625.714 -0.701243 -0.451682 -0.551582 97 66 61
-60 196.714 624.714 -0.710624 -0.453112 -0.53824 101 66 62
-59 196.429 624.429 -0.711792 -0.459216 -0.531481 102 67 61
-59 196 623.286 -0.709938 -0.462402 -0.531199 109 70 65
-57 195.429 621.429 -0.698738 -0.482337 -0.528314 118 71 65
-56 195.143 621 -0.662927 -0.52408 -0.534666 120 73 67
-56 195 620 -0.653014 -0.506962 -0.562639 124 77 71
-55 194.857 619.143 -0.607475 -0.557397 -0.565935 125 80 74
-54 194.857 619 -0.558728 -0.601859 -0.570604 130 85 79
-53.2857 194.286 618.143 -0.481907 -0.66536 -0.570142 133 89 80
-53 194.286 618 -0.478206 -0.658555 -0.581055 128 84 75
-52 194 617.429 -0.395516 -0.707897 -0.585191 117 70 62
-51 194 617.143 -0.296091 -0.758141 -0.580993 109 61 51
-50 194 617.143 -0.191451 -0.791025 -0.581056 103 53 44
-49 194 616.857 -0.0748774 -0.80587 -0.587339 116 61 54
-48 194 616.714 0.023405 -0.8219 -0.569151 127 72 65
-47 194 616.857 0.111948 -0.82917 -0.547672 143 83 75
-46 194 617.429 0.207352 -0.835721 -0.508503 159 91 78
-45 194 617.429 0.27198 -0.822617 -0.499328 179 112 96
-44 194 617.857 0.346113 -0.812369 -0.469321 186 119 102
-43.4286 194.429 618.286 0.385256 -0.801211 -0.457864 190 123 106
-43 194.429 618.429 0.413762 -0.793075 -0.447027 186 119 100
-41 195 620.286 0.554623 -0.750445 -0.35948 198 131 112
-40 195 620.714 0.634108 -0.700791 -0.326803 208 141 124
-40 195.571 621.571 0.664199 -0.680579 -0.309275 206 139 123
-38 196 623.143 0.753752 -0.597016 -0.274647 208 140 127
-38 196.714 624.714 0.771134 -0.567975 -0.287674 206 138 127
-37 197 625.714 0.79054 -0.530464 -0.306031 208 140 127
-35 198 629 0.835439 -0.45534 -0.307745 189 122 103
-62 198 627.429 -0.685605 -0.456186 -0.56731 85 57 53
-61 197.143 625.143 -0.708559 -0.445981 -0.54685 95 64 59
-60 197 624.714 -0.710875 -0.448489 -0.54177 100 65 61
-59 197 623 -0.721972 -0.427539 -0.544028 109 72 64
-58 196 621.857 -0.710275 -0.450302 -0.541052 111 72 65
-57 196 621.286 -0.709063 -0.446975 -0.545383 111 70 64
-56 195.429 619.429 -0.665228 -0.480563 -0.571428 121 78 72
-55 195 618.857 -0.617666 -0.530737 -0.580351 124 79 73
-54 195 618.143 -0.570327 -0.574994 -0.586608 129 84 78
-53 194.857 617.143 -0.502197 -0.617572 -0.605313 131 87 78
-52 194.714 616.857 -0.421099 -0.674164 -0.606777 124 80 69
-51 194.429 616.429 -0.311359 -0.729757 -0.608695 101 54 44
-50 194.286 616.143 -0.205479 -0.757635 -0.619489 105 55 46
-49 194.286 616.143 -0.0823051 -0.793671 -0.602753 101 47 37
-49 194.143 615.857 -0.0907168 -0.790737 -0.605397 120 61 53
-48 194.286 616 0.0100897 -0.807096 -0.590334 146 83 74
-47 194.143 616 0.0966244 -0.816551 -0.569129 157 93 83
-47 194.286 616.286 0.1066 -0.819887 -0.562514 161 95 81
-46 194.429 616.429 0.204178 -0.820611 -0.533769 166 100 84
-45 194.714 616.714 0.275419 -0.810649 -0.516713 176 108 95
-45 194.857 616.857 0.271932 -0.811034 -0.517954 180 112 99
-43 195 617.429 0.413622 -0.783556 -0.463634 194 124 114
-42 195 618.143 0.468064 -0.767146 -0.438638 193 121 109
-41.8571 195.143 619 0.499067 -0.761106 -0.414307 187 115 100
-41 195.286 619.286 0.53646 -0.743632 -0.399027 200 128 113
-39 196 622 0.723166 -0.62247 -0.299268 208 141 125
-37 197.143 625 0.795148 -0.522079 -0.308503 206 140 124
-37 197.857 626 0.803303 -0.509578 -0.308276 211 144 127
-36 198 627.429 0.82854 -0.468217 -0.307072 207 140 123
-35 198.571 628.571 0.846272 -0.43789 -0.303439 202 135 118
-61 198 625.143 -0.709881 -0.438963 -0.5508 94 63 58
-60 198 624.143 -0.716257 -0.430758 -0.54902 98 63 59
-59 197.857 623.857 -0.722785 -0.421407 -0.547721 102 67 61
-57 196.857 620.857 -0.71921 -0.40187 -0.566778 111 72 67
-56 196 619.857 -0.691394 -0.443138 -0.570616 113 74 67
-55.8571 196 619 -0.682774 -0.446897 -0.578017 117 76 70
-55 195.857 618 -0.650867 -0.461361 -0.602925 123 80 74
-54 195.857 617.857 -0.611406 -0.50651 -0.607972 128 85 79
-53 195 616.857 -0.502872 -0.606308 -0.616044 133 88 82
-52 195 616.286 -0.442763 -0.640719 -0.627248 124 80 71
-51 195 616 -0.333816 -0.702403 -0.628648 112 65 55
-50 195 616 -0.214623 -0.750533 -0.62501 106 56 47
-49 195 615.714 -0.109351 -0.772818 -0.625136 124 65 57
-47 195 615.714 0.0903437 -0.805397 -0.58581 163 100 85
-46 195 616.286 0.201864 -0.813354 -0.545625 169 103 87
-45 195 616.286 0.270744 -0.806835 -0.525086 177 109 96
-44 195 616.571 0.329347 -0.800604 -0.500563 187 117 105
-43 195.286 617.286 0.416476 -0.782363 -0.463093 193 123 111
-42 195.714 617.857 0.480378 -0.760677 -0.436586 194 122 108
-41.1429 195.857 618 0.52775 -0.734969 -0.425793 188 116 101
-40 196 619.143 0.644339 -0.671137 -0.366608 205 136 120
-40 196.143 620.143 0.671415 -0.65896 -0.339076 207 138 122
-38 197 622.143 0.790933 -0.541348 -0.285249 210 145 127
-36 198.714 626.857 0.861037 -0.416533 -0.291745 210 143 124
-35 199 627.857 0.871771 -0.389395 -0.297299 207 140 123
-61.5714 199 625.571 -0.714786 -0.431788 -0.550128 90 60 58
-61 198.429 624.429 -0.71662 -0.429089 -0.549854 93 62 59
-60 198.143 624 -0.717338 -0.428306 -0.549528 96 62 60
-59 198 622.857 -0.723569 -0.411092 -0.554483 101 66 62
-58 197.857 621.857 -0.726568 -0.392247 -0.564129 104 69 65
-58 197 621 -0.721552 -0.394154 -0.569215 108 71 65
-57 197 620.286 -0.718448 -0.39376 -0.573397 110 73 67
-56 197 619.857 -0.710197 -0.39331 -0.583889 112 73 66
-55.5714 196.571 618.571 -0.701541 -0.402742 -0.587911 116 75 69
-55 196.143 618 -0.653131 -0.456581 -0.604114 121 80 74
-54 196 617.714 -0.61603 -0.496734 -0.611361 127 84 78
-53 196 616.857 -0.552319 -0.537062 -0.63758 130 87 80
-53 195.857 616.143 -0.532056 -0.550194 -0.643586 133 90 83
-52 195.857 616 -0.476108 -0.597079 -0.645614 124 81 72
-51 195.429 615.571 -0.357355 -0.682028 -0.638071 106 62 53
-51 195.286 615.286 -0.359113 -0.683384 -0.635629 119 75 64
-50 195.143 615.143 -0.221265 -0.740088 -0.635068 124 76 66
-49 195.143 614.857 -0.105059 -0.769179 -0.630338 127 73 63
-48.7143 195.143 614.857 -0.0678335 -0.772687 -0.631153 142 83 75
-48 195 614.571 -0.0123843 -0.780951 -0.624469 155 95 87
-47 195.143 614.714 0.0586329 -0.787124 -0.614001 167 103 94
-46.7143 195.286 615 0.0883999 -0.794667 -0.600575 166 103 88
-46 195.286 615.286 0.179433 -0.797609 -0.575868 173 107 91
-45 195.429 615.429 0.258025 -0.795339 -0.548506 181 114 98
-45 195.571 615.571 0.263322 -0.795664 -0.54551 188 121 105
-44 195.714 615.714 0.33845 -0.782048 -0.523309 191 122 107
-42 196 616.857 0.462839 -0.748934 -0.474214 196 124 109
-41 196 617.429 0.525887 -0.728955 -0.438256 186 117 101
-41 196.143 618 0.543531 -0.725079 -0.422888 196 127 111
-40 196.571 618.571 0.661276 -0.647398 -0.378934 205 138 121
-39 197 620.286 0.739494 -0.594318 -0.316124 208 143 123
-38 197.286 621.286 0.787562 -0.541498 -0.294153 212 147 127
-37 198 623.571 0.821664 -0.488335 -0.293933 211 146 126
-36.7143 198.714 624.714 0.856388 -0.420552 -0.29956 212 147 127
-36 199 626 0.870672 -0.395339 -0.292637 213 146 127
-35 199.571 627.429 0.888445 -0.359426 -0.285446 213 146 127
-61.1429 199.143 625 -0.722568 -0.422015 -0.547538 87 59 56
-61 199 624.143 -0.720797 -0.426109 -0.546702 90 61 57
-59 198.143 622.143 -0.723025 -0.407222 -0.558037 99 66 61
-58 198 620.571 -0.721177 -0.391091 -0.571797 105 71 62
-56 197.286 619.286 -0.714942 -0.379207 -0.587418 112 75 67
-55.5714 197 618.571 -0.701356 -0.395995 -0.592695 117 76 70
-55 197 617.714 -0.683407 -0.396592 -0.612919 120 80 72
-54 197 617.714 -0.65408 -0.439056 -0.615962 126 83 76
-53 196.714 616.714 -0.593892 -0.498056 -0.631849 129 86 77
-53 196.286 616.143 -0.559004 -0.521483 -0.644647 132 89 80
-52 196.143 615.571 -0.497569 -0.581874 -0.64331 129 87 75
-51 196.143 615.571 -0.395431 -0.651871 -0.647069 108 64 53
-50.8571 196 615 -0.377345 -0.659769 -0.649859 125 79 66
-50 196 614.571 -0.265175 -0.701079 -0.661944 142 92 81
-49 196 614.571 -0.152064 -0.741732 -0.65323 147 93 83
-48.2857 196 614.286 -0.0715595 -0.757635 -0.648744 152 93 85
-46.2857 196 614.286 0.13417 -0.77687 -0.6152 167 101 89
-46 196 614.857 0.168457 -0.784485 -0.596829 175 109 95
-45 196 614.857 0.247554 -0.782819 -0.570887 184 117 101
-44 196 615.429 0.339393 -0.777921 -0.528821 193 124 108
-43 196 615.714 0.398919 -0.768678 -0.499998 189 120 104
-42 196.429 616.429 0.465662 -0.742765 -0.481102 194 125 109
-41 196.429 616.429 0.537035 -0.709286 -0.456626 186 117 101
-40 197 617.571 0.644309 -0.648892 -0.404729 206 139 122
-39.5714 197 618.571 0.708158 -0.604595 -0.364661 207 140 123
-39 197.286 619.286 0.746141 -0.576575 -0.332918 205 143 122
-38 198 620.286 0.811607 -0.50135 -0.299904 210 148 127
-37 198.857 622.857 0.845068 -0.450342 -0.288189 211 149 126
-36.5714 199 624.429 0.865379 -0.409423 -0.288951 213 148 128
-36 199.571 625.429 0.88605 -0.363744 -0.287412 214 147 128
-35 200 626.857 0.895996 -0.346872 -0.277255 216 149 130
-34 200.429 628.429 0.894571 -0.347265 -0.281336 128 61 42
-61.1429 199.857 624.143 -0.717607 -0.430718 -0.547286 83 58 54
-61 199.429 623.429 -0.717463 -0.42937 -0.548533 87 59 55
-60 199 622.571 -0.714171 -0.429075 -0.553042 92 63 59
-59 199 622 -0.718893 -0.40558 -0.564533 95 64 59
-58 198.571 620.571 -0.719883 -0.392901 -0.572186 104 70 61
-57 198 619.714 -0.714485 -0.381167 -0.586705 108 71 63
-56 198 618.857 -0.715402 -0.363948 -0.596442 113 75 66
-55.1429 197.714 617.857 -0.703644 -0.371205 -0.605881 116 76 68
-55 197.571 617.571 -0.694177 -0.381077 -0.610654 119 79 71
-54 197.143 617 -0.653182 -0.427649 -0.624876 124 81 74
-53 197 616.429 -0.604421 -0.467555 -0.645033 129 86 77
-52.8571 196.857 615.429 -0.565463 -0.501213 -0.655009 132 89 80
-52 196.571 614.714 -0.507941 -0.556015 -0.657908 137 93 82
-51 196.429 614.571 -0.427134 -0.622021 -0.656236 116 69 59
-50.1429 196.143 614 -0.293713 -0.674462 -0.677373 124 78 65
-50 196.143 614 -0.293713 -0.674462 -0.677373 143 93 82
-49 196.143 613.857 -0.145325 -0.737761 -0.659234 147 93 81
-48.1429 196.143 613.571 -0.0627448 -0.750131 -0.658306 152 94 83
-48 196 613.429 -0.0511779 -0.751381 -0.657881 156 93 84
-47 196 613.429 0.0556921 -0.766744 -0.639533 165 101 91
-46.1429 196.143 614 0.13681 -0.771161 -0.621767 166 100 88
-46 196.286 614.143 0.147818 -0.771155 -0.619249 173 107 93
-45 196.286 614.286 0.237628 -0.772513 -0.588861 181 114 98
-44.4286 196.429 614.429 0.270041 -0.768081 -0.580628 190 123 107
-44 196.571 614.571 0.330843 -0.756944 -0.563541 192 123 107
-43 196.714 614.714 0.397128 -0.740937 -0.541574 188 119 103
-42 197 615.429 0.463666 -0.725364 -0.508783 195 123 108
-41 197 616.286 0.555955 -0.690713 -0.462417 189 120 104
-40 197.286 617.286 0.65168 -0.637721 -0.41064 206 139 122
-39.2857 198 618.286 0.732535 -0.569254 -0.373287 206 139 122
-38 198.143 620.143 0.812197 -0.495364 -0.308141 210 148 127
-37 199 622.714 0.855221 -0.42821 -0.291946 212 150 127
-36 199.857 623.857 0.892391 -0.345843 -0.289879 216 151 129
-35 200.857 626.857 0.906802 -0.31995 -0.274485 216 149 130
-34 201 628.429 0.907421 -0.322663 -0.269212 148 81 62
-61 200.143 623.714 -0.717848 -0.422513 -0.553332 82 57 53
-60.5714 200 622.714 -0.709265 -0.431712 -0.557286 84 59 54
-60 199.857 622.286 -0.708512 -0.429979 -0.559579 90 61 57
-59 199.429 621.286 -0.709935 -0.419047 -0.566031 92 63 57
-58 199.143 620.857 -0.708919 -0.40972 -0.574075 97 64 57
-58 199 619.857 -0.704659 -0.405714 -0.58211 102 68 59
-57 198.857 619.571 -0.705958 -0.387783 -0.592661 107 69 60
-56 198.714 618.571 -0.706787 -0.358222 -0.610023 112 74 65
-55.1429 198.143 617.857 -0.710313 -0.356853 -0.606722 116 76 68
-55 198 616.857 -0.697992 -0.360002 -0.619036 120 77 68
-54 198 616.571 -0.678852 -0.385588 -0.624885 123 80 71
-53 197.571 615.571 -0.613536 -0.441376 -0.654798 128 86 74
-52.5714 197 614.571 -0.568808 -0.483534 -0.665321 132 90 78
-52 197 614.571 -0.526442 -0.526288 -0.667743 138 94 81
-51 197 613.857 -0.454287 -0.573599 -0.681622 125 79 66
-50.1429 197 613.857 -0.35192 -0.635532 -0.687206 128 82 67
-50 197 613.857 -0.336259 -0.644825 -0.68639 140 91 77
-49 197 613.857 -0.198252 -0.699599 -0.686482 142 88 76
-46 197 613.286 0.116901 -0.75287 -0.647705 168 102 88
-45 197 613.857 0.229304 -0.756186 -0.612865 178 112 96
-44 197 614 0.318087 -0.746279 -0.584713 192 125 108
-43 197 614.286 0.376611 -0.738548 -0.559206 193 124 108
-42.2857 197 614.286 0.4288 -0.723139 -0.54148 193 124 108
-42 197.286 615.286 0.482725 -0.707202 -0.516568 194 125 109
-41 197.286 615.286 0.540412 -0.684923 -0.488708 192 123 107
-40 198 616.286 0.673998 -0.598326 -0.433281 204 137 118
-39 198 617.286 0.728705 -0.569343 -0.380575 206 139 120
-39 198.286 618.286 0.759348 -0.545756 -0.354316 208 143 123
-36 200 623.714 0.896924 -0.335678 -0.287832 217 152 132
-35 201 626 0.90937 -0.31004 -0.277347 218 151 132
-35 201.429 627.429 0.9044 -0.32139 -0.280657 218 151 132
-61 200.571 622.714 -0.705624 -0.437228 -0.557608 80 56 52
-60.5714 200.571 622.571 -0.703382 -0.437698 -0.560066 84 59 54
-60 200.286 622 -0.701129 -0.433668 -0.565994 88 60 56
-59 200 621.286 -0.702234 -0.42488 -0.571266 91 62 58
-58 199.857 620.429 -0.699979 -0.41437 -0.581659 94 63 58
-58 199.714 619.714 -0.700454 -0.412446 -0.582454 99 65 56
-57 199.571 619.429 -0.688994 -0.402545 -0.602698 106 68 59
-56 199 618.571 -0.704366 -0.361617 -0.61082 110 72 63
-55 198.857 617.571 -0.715708 -0.342222 -0.608807 115 75 67
-55 198.714 616.714 -0.708123 -0.348313 -0.614199 119 76 67
-54 198.143 615.857 -0.666082 -0.386499 -0.637929 122 79 70
-53 198 615 -0.617703 -0.424448 -0.662033 126 84 72
-52 197.857 614 -0.561502 -0.484648 -0.670695 136 94 80
-51 197.571 613.714 -0.493796 -0.532641 -0.687357 127 83 70
-50 197.143 612.857 -0.34938 -0.601786 -0.718183 137 89 75
-49 197.143 612.857 -0.194981 -0.672854 -0.713618 139 87 74
-48 197.143 612.714 -0.0880904 -0.698903 -0.70977 148 91 80
-48 197 612.286 -0.086795 -0.691661 -0.716988 155 95 84
-47 197 612.286 0.0191277 -0.714361 -0.699516 160 98 85
-46 197.143 612.857 0.108844 -0.741139 -0.662469 169 106 89
-45 197.143 613.143 0.209395 -0.741956 -0.636911 178 113 95
-44 197.143 613.143 0.285836 -0.737178 -0.612263 183 118 100
-44 197.429 613.429 0.304621 -0.735308 -0.605416 190 123 106
-43 197.571 613.571 0.371459 -0.716382 -0.590605 194 127 110
-42.1429 198 614.143 0.463934 -0.691641 -0.553533 195 126 110
-40 198.143 616 0.676092 -0.591227 -0.439716 206 140 118
-38 199 619 0.825613 -0.469104 -0.313536 209 147 124
-37 200 621.571 0.877904 -0.382925 -0.287494 212 150 129
-36 200.857 622.857 0.905381 -0.314636 -0.285115 217 152 132
-35 201.857 625.857 0.918554 -0.287156 -0.271662 220 153 134
-34 202 628 0.910897 -0.308285 -0.274275 194 127 108
-60 201 621.571 -0.686733 -0.445556 -0.57435 83 60 54
-59 200.714 620.857 -0.68454 -0.446203 -0.576462 91 63 59
-58 200.571 620.429 -0.690622 -0.431646 -0.580278 94 63 58
-57.8571 200 619.429 -0.687021 -0.417854 -0.594475 99 64 58
-57 200 618.714 -0.684413 -0.400941 -0.608955 105 68 60
-56 199.857 618.429 -0.685365 -0.395603 -0.61137 109 71 62
-55 199.571 617.286 -0.71272 -0.349313 -0.608285 112 72 64
-55 199 616.571 -0.708102 -0.35089 -0.612754 115 75 65
-54 199 615.429 -0.680798 -0.369422 -0.632488 119 76 67
-53 198.857 614.857 -0.650143 -0.395795 -0.648583 124 81 72
-52 198 613.857 -0.561402 -0.480677 -0.67363 138 96 84
-51 198 613 -0.501721 -0.504454 -0.702711 127 83 72
-50 198 613 -0.389561 -0.568765 -0.724395 120 76 63
-50 197.857 612 -0.37493 -0.542267 -0.751914 135 87 75
-49 197.857 612 -0.267703 -0.586183 -0.764673 141 89 76
-48 197.714 611.857 -0.0938847 -0.657948 -0.747188 159 101 90
-47 197.714 611.857 0.00602769 -0.686794 -0.726827 167 107 96
-46 197.714 611.857 0.0912735 -0.694693 -0.713492 169 108 89
-45 198 612.429 0.201142 -0.708646 -0.676286 176 114 93
-44 198 612.429 0.276136 -0.70403 -0.654287 177 115 94
-43 198 613.143 0.377372 -0.699587 -0.606769 189 124 104
-42 198 613.143 0.449342 -0.677489 -0.582323 192 125 108
-41 198 613.714 0.521326 -0.661905 -0.53861 199 133 111
-40.7143 198.714 614.714 0.604379 -0.623307 -0.4962 206 140 118
-40 198.857 615 0.66421 -0.584478 -0.466059 208 144 119
-39 199 616.143 0.74187 -0.538269 -0.39987 208 144 119
-37.4286 200 619.429 0.856517 -0.417298 -0.303711 212 151 130
-37 200.714 620.714 0.893748 -0.346416 -0.284976 214 152 131
-36 201 622.429 0.909353 -0.304453 -0.283524 216 154 133
-35 202 625.571 0.921458 -0.274127 -0.275261 220 155 135
-34 203 627.714 0.914973 -0.295122 -0.275187 208 143 123
-60 201.143 620.857 -0.676846 -0.453601 -0.579764 89 60 56
-59 201.143 620.571 -0.675327 -0.452984 -0.582012 94 60 58
-58 200.857 619.571 -0.677747 -0.43731 -0.591117 95 60 56
-57.8571 200.857 619.429 -0.674306 -0.428746 -0.601239 100 66 57
-57 200.714 618.571 -0.670812 -0.42617 -0.606952 102 68 58
-56 200 617.429 -0.690112 -0.384297 -0.613239 106 69 60
-55 200 616.714 -0.708415 -0.360199 -0.606964 109 71 62
-54.7143 199.714 615.714 -0.702245 -0.35458 -0.617353 110 72 63
-54 199.429 615.429 -0.68738 -0.362294 -0.629485 115 72 65
-53 199 614.857 -0.655833 -0.3954 -0.643072 123 81 69
-52 199 613.571 -0.606669 -0.425402 -0.671555 139 91 79
-51 198.857 613 -0.522606 -0.466955 -0.713327 135 83 72
-50 198.429 612.571 -0.410194 -0.517398 -0.751026 126 74 61
-50 198.143 612 -0.388825 -0.527397 -0.755425 141 84 73
-49 198.143 611.857 -0.279086 -0.574252 -0.76964 151 95 82
-48 198.143 611.714 -0.113997 -0.631031 -0.767336 163 104 90
-47 198 611.429 -0.0183343 -0.663651 -0.747817 166 104 89
-46 198.143 611.857 0.0768461 -0.685842 -0.723682 170 107 90
-46 198 611.714 0.081758 -0.687706 -0.721371 173 108 90
-45 198.143 612.143 0.190163 -0.694392 -0.694015 176 111 93
-44 198.286 612.286 0.278621 -0.695719 -0.662077 181 116 98
-44 198.429 612.429 0.278621 -0.695719 -0.662077 184 119 99
-43 198.429 612.429 0.36074 -0.677929 -0.64053 187 122 102
-41 199 613.714 0.546898 -0.631619 -0.549509 199 134 114
-40.1429 199 614 0.630297 -0.594653 -0.499112 205 140 120
-40 199 614.857 0.661822 -0.584587 -0.469307 212 147 125
-39 199.857 615.857 0.763895 -0.50545 -0.40123 212 147 125
-38 200 618 0.833824 -0.447622 -0.323066 207 142 120
-37.1429 201 619.143 0.876804 -0.375794 -0.299989 211 149 126
-37 201 620.429 0.896189 -0.343133 -0.281256 217 155 132
-36 201.857 622 0.919304 -0.286813 -0.269477 214 153 132
-36 202 623.714 0.921395 -0.278934 -0.270604 216 154 133
-34 203.714 627.857 0.916225 -0.29129 -0.275102 213 146 127
-59 201.714 619.857 -0.66492 -0.462463 -0.586523 91 60 57
-58 201.571 619.571 -0.665365 -0.43947 -0.603453 96 63 58
-57.1429 201.143 618.714 -0.671163 -0.428846 -0.604675 100 67 60
-57 200.857 617.571 -0.66108 -0.421467 -0.620756 100 67 58
-56 200.857 617.429 -0.662309 -0.418717 -0.621307 102 68 59
-55 200.286 616.143 -0.703964 -0.361551 -0.611323 105 68 60
-54.7143 200 615.714 -0.70346 -0.35877 -0.613537 106 69 60
-54 200 614.714 -0.684627 -0.365032 -0.630902 109 69 61
-52 199.571 613.571 -0.628983 -0.400724 -0.666183 129 85 74
-51 199 612.571 -0.506275 -0.467388 -0.72473 132 82 71
-50 199 611.571 -0.400439 -0.491531 -0.773334 138 84 72
-49 199 611.286 -0.308197 -0.516293 -0.799034 151 98 84
-48 198.857 611 -0.153078 -0.565323 -0.810541 155 99 86
-47.5714 198.571 610.714 -0.123783 -0.579139 -0.805776 164 106 92
-47 198.857 611.143 -0.0250831 -0.605293 -0.795607 166 107 91
-46 198.857 611.143 0.0576763 -0.637868 -0.767983 170 107 90
-46 199 611.429 0.0651493 -0.636189 -0.768778 174 109 91
-45 199 611.286 0.173889 -0.662455 -0.72864 178 113 95
-44 199 611.571 0.24852 -0.663724 -0.705484 183 118 100
-43 199 612.143 0.369831 -0.655203 -0.658737 189 124 106
-42 199 612.143 0.441931 -0.649236 -0.619022 193 128 108
-42 199.143 613 0.477739 -0.652294 -0.588454 196 131 111
-41 199.143 613 0.536445 -0.623846 -0.568368 200 135 115
-40.1429 199.857 614 0.648117 -0.571407 -0.503427 204 139 119
-40 199.857 614 0.648117 -0.571407 -0.503427 211 146 124
-39 200 615.143 0.751294 -0.504229 -0.425804 213 148 126
-39 200.143 616.143 0.767003 -0.50503 -0.395791 210 148 125
-38 201 618 0.859557 -0.402697 -0.314638 210 148 125
-37.1429 201.143 619.143 0.880753 -0.368268 -0.297747 212 150 127
-36 202.143 622 0.919048 -0.287786 -0.269314 215 154 133
-36 202.857 623 0.926463 -0.265432 -0.266856 217 155 134
-35 203 624.714 0.925815 -0.264933 -0.269587 218 156 135
-34 204.143 627.571 0.922261 -0.276758 -0.269889 216 149 130
-60 202 619.286 -0.660706 -0.465851 -0.588601 80 56 54
-59.2857 202.143 619.429 -0.657011 -0.460423 -0.596948 86 58 57
-59 202 619 -0.654142 -0.453961 -0.604994 91 61 59
-58 201.857 618.714 -0.655773 -0.438972 -0.614219 96 65 62
-57 201.857 618.143 -0.663735 -0.426709 -0.614309 100 67 62
-57 201.714 617.571 -0.66038 -0.430768 -0.615092 100 67 60
-56 201 616.714 -0.662771 -0.415705 -0.622836 103 68 62
-55 201 616.143 -0.686424 -0.386901 -0.615735 104 69 63
-54.4286 201 615.429 -0.689743 -0.3721 -0.621125 106 69 61
-54 200.714 614.714 -0.694112 -0.356385 -0.625458 108 69 62
-53 200 613.857 -0.666908 -0.36795 -0.647955 114 74 64
-52 200 613.143 -0.624155 -0.388676 -0.677762 129 85 74
-51 200 612.429 -0.536906 -0.412146 -0.736117 131 83 73
-50 199.429 611.571 -0.412012 -0.459239 -0.786985 122 74 62
-49 199.143 611 -0.311344 -0.506404 -0.804127 147 95 82
-48 199.143 610.714 -0.173037 -0.547375 -0.818803 152 98 86
-47.5714 199.143 610.714 -0.121628 -0.565849 -0.815489 161 105 92
-47 199.143 610.714 -0.0459022 -0.569782 -0.820513 163 104 90
-46 199.286 611 0.0567064 -0.619306 -0.783099 169 106 89
-45.7143 199.143 610.857 0.118702 -0.629301 -0.768043 176 109 92
-45 199.286 611.143 0.144463 -0.640493 -0.754254 180 113 96
-44 199.286 611.143 0.235674 -0.653772 -0.719055 185 118 101
-44 199.571 611.429 0.235674 -0.653772 -0.719055 188 123 105
-43 199.571 611.571 0.349578 -0.648536 -0.676163 190 125 107
-42 199.857 612 0.44441 -0.631311 -0.635568 192 127 109
-41 200 612.857 0.547691 -0.610941 -0.571651 199 134 114
-40 200 613.143 0.635267 -0.570637 -0.520392 203 138 118
-40 200.143 614 0.673201 -0.548138 -0.496331 207 145 124
-39 200.857 615 0.7688 -0.485169 -0.416602 212 150 129
-38 201.286 617.286 0.851898 -0.406857 -0.329752 214 152 129
-37 202 618.286 0.891287 -0.347059 -0.291816 214 152 129
-37 202.143 620.143 0.905033 -0.323086 -0.276643 213 151 128
-36 203 621.286 0.923463 -0.282429 -0.259711 216 155 134
-36 203.143 623 0.928627 -0.264133 -0.260549 218 156 135
-35 204 624.714 0.927922 -0.266407 -0.260747 221 159 138
-34.8571 204.286 626.143 0.925636 -0.269361 -0.265787 227 162 142
-34 204.857 627.571 0.924325 -0.272495 -0.26715 219 152 133
-60 202.286 618.429 -0.64902 -0.461676 -0.604672 77 56 53
-59.1429 202.286 618.429 -0.653289 -0.454251 -0.605697 84 58 57
-59 202.286 618.429 -0.653289 -0.454251 -0.605697 89 59 57
-58 202.143 618 -0.659779 -0.439561 -0.60949 93 62 59
-57 202.143 618 -0.654959 -0.434736 -0.618088 95 64 59
-57 202 617.143 -0.653073 -0.439563 -0.616669 97 67 59
-56 202 616.714 -0.65417 -0.432951 -0.620174 102 69 62
-55 201.714 615.714 -0.666729 -0.405547 -0.625303 105 70 64
-54.4286 201.429 615.429 -0.679239 -0.387559 -0.623244 106 72 63
-54 201 614.429 -0.684387 -0.360918 -0.633524 109 70 63
-53 201 613.714 -0.669139 -0.350627 -0.65522 112 74 63
-52 200.857 612.857 -0.633123 -0.365987 -0.682062 121 78 69
-52 200.571 612.571 -0.615909 -0.371429 -0.694764 126 82 71
-51 200.286 612.143 -0.538831 -0.40478 -0.738793 130 82 72
-50 200 611.143 -0.443127 -0.443825 -0.778882 123 75 61
-49.7143 200 611 -0.397432 -0.463641 -0.791887 134 82 69
-49 200 610.714 -0.331824 -0.472972 -0.816205 146 94 80
-48 200 610.714 -0.20546 -0.511211 -0.834536 152 99 85
-47.2857 199.714 610 -0.0968604 -0.536738 -0.838171 161 105 92
-47 199.857 610.286 -0.0761156 -0.542408 -0.83666 162 103 89
-46 199.857 610.286 0.00570723 -0.588382 -0.808563 167 104 87
-45.4286 199.857 610.286 0.0994705 -0.613548 -0.783367 174 107 90
-45 199.857 610.143 0.119217 -0.621678 -0.774147 176 111 93
-44 199.857 610.571 0.228028 -0.637667 -0.735788 180 115 97
-43.8571 199.857 610.571 0.234334 -0.635073 -0.73605 185 120 102
-43 200 611 0.342619 -0.649565 -0.678732 190 125 107
-42 200 611 0.398382 -0.63909 -0.657918 195 130 110
-42 200.143 611.857 0.445026 -0.635913 -0.630529 199 134 114
-41 200.143 611.857 0.530187 -0.608005 -0.590959 196 134 113
-40 200.714 612.857 0.633201 -0.566419 -0.527471 200 138 117
-39 201 614.429 0.755545 -0.490372 -0.434381 211 149 128
-39 201.286 615.286 0.774458 -0.483441 -0.408043 213 153 129
-38 202 616.714 0.858374 -0.392832 -0.329966 215 155 131
-37 202.286 618 0.892507 -0.341439 -0.294703 216 156 132
-36 203.286 621.286 0.925089 -0.277756 -0.258965 217 156 135
-35 204.571 624.571 0.928822 -0.267936 -0.255928 224 162 141
-34.8571 205 626.143 0.927809 -0.267779 -0.259741 229 164 144
-34 205.286 627.143 0.925182 -0.272252 -0.264417 220 155 137
-60 203 618.143 -0.642392 -0.467484 -0.607282 74 55 51
-59 203 617.857 -0.642697 -0.457756 -0.614329 85 57 56
-58 203 617.857 -0.645538 -0.454287 -0.613925 87 57 55
-57 202.857 617 -0.643778 -0.444688 -0.622738 93 63 55
-56 202.286 616.286 -0.651617 -0.426471 -0.627309 99 66 59
-55 202 615.714 -0.661776 -0.403292 -0.631987 104 69 63
-53 201.143 613.143 -0.660979 -0.348072 -0.664795 111 73 62
-52 201 612.857 -0.63791 -0.361839 -0.679811 118 75 66
-51.8571 201 612.143 -0.595344 -0.377523 -0.709254 122 80 68
-51 201 611.714 -0.554009 -0.3931 -0.733857 129 82 72
-50 200.714 611 -0.45318 -0.426477 -0.78278 126 78 64
-49.7143 200.714 610.857 -0.42671 -0.442818 -0.788562 132 83 69
-49 200.571 610.714 -0.355326 -0.4568 -0.815523 144 92 78
-48 200.429 610.429 -0.229959 -0.488476 -0.84173 148 96 82
-47.2857 200.286 610.143 -0.149063 -0.513131 -0.845268 153 100 86
-47 200.286 610.143 -0.0808149 -0.532078 -0.84283 153 95 81
-46 200.429 610.286 -0.00697371 -0.572775 -0.819683 159 98 80
-45.2857 200.286 610.143 0.0786039 -0.606401 -0.791264 165 100 82
-45 200.286 610.143 0.110252 -0.629562 -0.769088 169 104 86
-44 200.286 610.143 0.198007 -0.648024 -0.73543 171 106 88
-43.8571 200.714 610.571 0.229458 -0.648286 -0.725998 173 111 90
-43 200.714 610.571 0.311859 -0.659897 -0.683578 180 118 97
-42 200.857 611 0.419416 -0.650182 -0.633524 188 126 105
-41 201 611.857 0.538633 -0.597911 -0.593613 197 136 115
-40 201 612.143 0.624363 -0.572436 -0.531495 201 140 119
-40 201.286 613.143 0.667992 -0.547513 -0.504 206 146 122
-39 201.857 614 0.762689 -0.478011 -0.435673 209 149 125
-38 202.286 616.286 0.857757 -0.391581 -0.333042 215 155 131
-37 203 617.286 0.890413 -0.359341 -0.279354 216 158 134
-36 204 620.571 0.927023 -0.285587 -0.243039 217 159 137
-36 204.429 622.429 0.930452 -0.266366 -0.251612 221 160 139
-35 205 624.429 0.93097 -0.268361 -0.247542 223 162 141
-34.7143 205.714 625.714 0.93068 -0.266984 -0.250108 225 163 142
-34 206 627 0.928661 -0.267271 -0.257205 218 153 135
-59 203.143 617.143 -0.635983 -0.466283 -0.614903 77 56 55
-58 203.143 616.857 -0.643368 -0.455976 -0.61495 86 58 55
-57 203.143 616.857 -0.637361 -0.451954 -0.624105 89 60 54
-57 203 616.143 -0.636436 -0.45119 -0.625601 91 62 54
-56 203 615.857 -0.641496 -0.437943 -0.629833 97 67 57
-55 203 615 -0.649245 -0.418936 -0.634802 103 70 61
-54 202.429 614.429 -0.659684 -0.391904 -0.641271 104 72 61
-54 202 613.571 -0.665642 -0.382026 -0.641075 107 70 61
-53 202 613 -0.657564 -0.358506 -0.662633 109 73 61
-52 202 612.571 -0.640393 -0.355552 -0.680793 113 73 63
-51.5714 201.571 611.429 -0.579813 -0.370885 -0.725438 120 78 66
-51 201.571 611.429 -0.55432 -0.386343 -0.737203 127 80 70
-50 201 610.714 -0.462697 -0.423382 -0.778883 126 80 65
-49.7143 201 610.714 -0.436254 -0.442396 -0.783561 128 79 65
-49 201 610.286 -0.351479 -0.459678 -0.815572 133 84 69
-48 201 610.286 -0.235294 -0.484956 -0.842291 139 87 73
-47 201 609.571 -0.124141 -0.558461 -0.820189 140 84 69
-46 201 609.571 -0.0548071 -0.592986 -0.803345 144 83 65
-45.1429 201 609.714 0.0655482 -0.636776 -0.768258 152 89 71
-45 201 609.571 0.0726769 -0.636102 -0.768175 161 98 80
-44 201 610 0.177235 -0.654755 -0.734768 169 106 88
-43.7143 201 609.857 0.208872 -0.655666 -0.725585 175 113 92
-43 201 610 0.298204 -0.66473 -0.684988 183 121 100
-42 201 610 0.387393 -0.654651 -0.649121 190 129 108
-42 201.143 611 0.419416 -0.650182 -0.633524 194 133 112
-41 201.143 611.143 0.525723 -0.601603 -0.601406 200 140 116
-40 201.857 612 0.634385 -0.573552 -0.51826 203 143 119
-39 202 613.429 0.746651 -0.493571 -0.445983 209 149 125
-38.2857 202.286 614.286 0.806897 -0.44216 -0.391679 210 152 128
-38 203 616 0.860592 -0.392335 -0.324737 213 155 131
-37 203.286 617 0.888079 -0.362918 -0.282145 216 158 134
-36 204.571 620.571 0.928266 -0.285639 -0.238187 221 160 139
-35 205.571 623.714 0.930726 -0.268824 -0.247956 224 163 144
-34.5714 206 625.571 0.931397 -0.269171 -0.245045 223 160 142
-34 206.714 626.857 0.928119 -0.273575 -0.252491 213 150 132
-59 204 616.429 -0.616683 -0.479608 -0.624242 74 54 55
-58 204 616.857 -0.625017 -0.472762 -0.621168 85 59 58
-57 204 616.143 -0.621362 -0.465702 -0.630103 92 63 57
-56 203.143 615.143 -0.631789 -0.441649 -0.637015 97 67 59
-54 203 613.857 -0.651347 -0.399629 -0.645015 105 72 63
-54 202.857 613.143 -0.644363 -0.40015 -0.651672 106 72 63
-53 202.714 612.714 -0.644246 -0.373895 -0.667195 109 72 63
-52 202.429 612 -0.622045 -0.362076 -0.694234 112 72 64
-51.5714 202 611.429 -0.588005 -0.366621 -0.720999 114 74 64
-51 202 611.143 -0.557535 -0.381304 -0.737402 121 77 68
-50 202 610.714 -0.487967 -0.412449 -0.769268 123 79 66
-49.5714 202 610.571 -0.466488 -0.425325 -0.775556 121 73 61
-48 201.714 609.857 -0.283132 -0.508554 -0.813148 130 81 67
-47 201.571 609.571 -0.142483 -0.570104 -0.809123 134 78 65
-46 201.571 609.571 -0.0830858 -0.615852 -0.783468 150 91 73
-45 201.571 609.571 0.0677043 -0.64963 -0.75723 161 98 80
-45 201.429 609.429 0.0700773 -0.653024 -0.754088 172 109 91
-44 201.429 609.429 0.152201 -0.676736 -0.720322 179 116 98
-43.7143 201.714 609.714 0.215419 -0.675137 -0.705539 182 121 102
-43 201.714 609.857 0.276775 -0.68289 -0.67606 185 124 105
-42 201.857 610 0.394016 -0.662441 -0.637122 189 128 107
-41 202 611.143 0.533073 -0.615037 -0.581002 199 138 117
-40 202 611.143 0.583078 -0.591616 -0.556786 202 141 120
-40 202.143 612 0.650004 -0.559227 -0.514549 206 146 122
-38.1429 203 614.143 0.821515 -0.431626 -0.372575 214 154 130
-37 204 616.714 0.886661 -0.363533 -0.28579 217 157 133
-36 205 619.571 0.925129 -0.303158 -0.228541 222 161 140
-36 205.429 621.429 0.930087 -0.277411 -0.240792 223 162 141
-35 206 623.429 0.930726 -0.268824 -0.247956 226 163 145
-34.1429 206.857 625 0.929484 -0.274745 -0.246119 222 159 141
-58 204.143 616 -0.622194 -0.468993 -0.626834 82 58 58
-57 204.143 616 -0.625689 -0.458333 -0.631224 88 63 58
-56.5714 204 615.571 -0.626079 -0.446076 -0.639563 90 63 56
-56 204 615 -0.622339 -0.441385 -0.646431 94 65 57
-55 204 614.429 -0.637131 -0.421257 -0.645451 99 69 61
-54 203.429 613.429 -0.643089 -0.404052 -0.650522 101 71 61
-54 203.286 613.143 -0.644592 -0.400482 -0.651242 106 72 63
-53 203 612.286 -0.633755 -0.388391 -0.668959 107 73 63
-52 203 612 -0.625874 -0.363663 -0.68995 111 73 64
-51.4286 202.429 610.857 -0.588024 -0.371553 -0.718454 114 76 65
-51 202.429 610.714 -0.555965 -0.385442 -0.736435 122 79 70
-50 202.286 610.143 -0.479927 -0.418295 -0.771167 126 82 69
-49 202.286 610.143 -0.397844 -0.47691 -0.783758 121 73 61
-49 202 609.571 -0.381027 -0.476344 -0.792411 123 75 63
-48 202 609.571 -0.277715 -0.51998 -0.807772 127 77 66
-47 202 608.714 -0.172697 -0.580505 -0.795732 127 73 61
-46 202 608.714 -0.0739008 -0.631306 -0.772004 152 93 75
-45 202 608.571 0.0315828 -0.666772 -0.744592 163 100 82
-44 202 608.857 0.145158 -0.674814 -0.723571 177 116 97
-43 202 608.857 0.258846 -0.697114 -0.668604 180 119 100
-42 202 609 0.35753 -0.688245 -0.631262 188 127 106
-41.8571 202.143 610 0.402502 -0.665484 -0.628588 193 132 111
-41 202.143 610.143 0.515426 -0.628833 -0.582156 195 134 113
-39 203 612.286 0.732816 -0.509219 -0.451305 211 150 129
-38 203.286 613.286 0.798593 -0.461386 -0.386486 215 155 131
-37 204.143 615.857 0.875788 -0.390755 -0.283384 215 155 131
-36 205.286 619.286 0.923768 -0.307868 -0.227749 224 162 141
-35 206.429 622.429 0.927941 -0.284972 -0.240242 227 164 146
-34 207 624.429 0.926924 -0.286103 -0.242809 224 159 141
-34 207.714 625.857 0.927328 -0.286312 -0.241015 213 148 130
-57 204.857 615 -0.604029 -0.469082 -0.644292 85 62 56
-56 204.714 614.714 -0.614169 -0.453163 -0.646096 91 64 57
-56 204.571 614.571 -0.615253 -0.452216 -0.645728 94 67 60
-55 204.143 614 -0.639319 -0.428191 -0.638688 98 67 62
-54 204 612.571 -0.632619 -0.428616 -0.645044 110 70 62
-53 203.714 612.143 -0.62156 -0.41132 -0.666693 115 72 63
-52 203.429 611.429 -0.608404 -0.373533 -0.700227 118 74 63
-51.4286 203.429 610.857 -0.591077 -0.38773 -0.707314 117 73 60
-51 203 610.429 -0.569123 -0.381137 -0.728583 121 77 64
-50 203 610.143 -0.497156 -0.424817 -0.756549 123 79 66
-49 203 609.571 -0.41897 -0.463377 -0.780862 118 74 61
-48 202.714 608.857 -0.336323 -0.533269 -0.776216 126 78 68
-47 202.714 608.714 -0.239284 -0.593278 -0.768612 132 78 68
-46 202.714 608.714 -0.136948 -0.649339 -0.748067 146 93 79
-45 202.429 608.429 0.00644999 -0.675619 -0.737223 169 112 95
-44 202.571 608.571 0.116213 -0.705384 -0.699234 174 115 99
-43 202.857 608.857 0.271386 -0.701971 -0.658473 183 122 103
-42 202.857 609 0.34892 -0.699724 -0.623411 189 127 106
-41.1429 203 609.143 0.456763 -0.662994 -0.593133 192 130 109
-41 203 610.143 0.52887 -0.640489 -0.55684 196 131 109
-40 203 610.143 0.565013 -0.62689 -0.536442 205 140 118
-40 203.143 611.143 0.623398 -0.596428 -0.505618 207 145 120
-38 204 613.286 0.80453 -0.477585 -0.353049 214 154 128
-37 205 615.714 0.880073 -0.393054 -0.266422 212 154 130
-36 206 618.286 0.917498 -0.331555 -0.219701 221 163 143
-35 207 622.286 0.924634 -0.299595 -0.23515 221 160 141
-34 207.857 623.857 0.924696 -0.300267 -0.234043 227 162 144
-55 205 614 -0.623182 -0.443323 -0.644289 97 66 61
-54 204.714 612.714 -0.628002 -0.431089 -0.647901 103 69 60
-54 204.429 612.429 -0.629488 -0.42561 -0.650078 109 71 62
-53 204 611.571 -0.601237 -0.410512 -0.685561 113 73 63
-52 204 611.143 -0.613333 -0.390027 -0.686806 117 75 63
-51 203.571 610 -0.571095 -0.399173 -0.717294 119 75 62
-50 203.571 609.571 -0.513251 -0.438583 -0.737712 121 77 64
-49 203.286 609.286 -0.425192 -0.481108 -0.766646 122 76 63
-49 203.143 609.143 -0.424116 -0.474789 -0.771169 123 76 66
-48 203 608.571 -0.333144 -0.534179 -0.776961 129 79 70
-47 203 608.143 -0.259548 -0.618123 -0.741996 145 91 81
-46 203 608.143 -0.156392 -0.663145 -0.73197 152 98 86
-45 203 607.571 -0.0406416 -0.696784 -0.716129 164 108 95
-42 203 608.143 0.337978 -0.71544 -0.611487 189 127 106
-41.1429 203.143 609.143 0.457362 -0.673819 -0.580334 190 128 107
-41 203.143 609.143 0.486068 -0.662145 -0.570353 196 131 109
-39 204 611.429 0.724321 -0.54781 -0.418645 210 148 125
-38 204.429 612.429 0.787436 -0.504087 -0.354741 212 152 128
-37 205.143 614.857 0.862625 -0.429713 -0.26688 212 154 132
-36 206.286 618.143 0.917498 -0.331555 -0.219701 219 161 141
-35.8571 207 619.857 0.92295 -0.320843 -0.212656 224 163 145
-35 207.286 621.286 0.924374 -0.313392 -0.217529 224 163 144
-34 208 623.286 0.925681 -0.301387 -0.228649 226 161 143
-34 208.857 625 0.924296 -0.299097 -0.237105 205 139 123
-57 205 613.714 -0.591668 -0.477439 -0.649601 80 62 58
-56 205 613.429 -0.604818 -0.466656 -0.645313 89 64 59
-55 205.143 613.143 -0.61625 -0.452794 -0.64437 94 65 61
-54 205 612.714 -0.62449 -0.441069 -0.64457 100 67 60
-52 204.571 610.571 -0.593669 -0.407568 -0.693863 117 74 65
-51 204 609.429 -0.580236 -0.406879 -0.705533 115 73 61
-50 204 609.429 -0.524628 -0.439361 -0.729196 119 75 64
-46 203.571 607.571 -0.202748 -0.654679 -0.728209 158 101 90
-45 203.571 607.571 -0.0718946 -0.701116 -0.709413 163 105 94
-45 203.286 607.286 -0.0593381 -0.702742 -0.708966 170 111 97
-44 203 607 0.064544 -0.72138 -0.689526 175 116 102
-43 203 607 0.207962 -0.721473 -0.660476 181 120 102
-43 203.143 607.143 0.209985 -0.722516 -0.658693 184 123 105
-40 204 609.286 0.561497 -0.650587 -0.51133 203 141 120
-38 205 612 0.766415 -0.529973 -0.362956 209 151 129
-37 206.143 616 0.888598 -0.393381 -0.235891 217 159 139
-35.2857 207.286 619.143 0.917913 -0.3435 -0.198603 226 163 146
-34 208.429 622.429 0.920795 -0.321709 -0.220545 223 158 140
-55 205.857 613 -0.60613 -0.464977 -0.645293 93 65 61
-54 205.571 612.571 -0.615824 -0.449811 -0.646862 99 66 61
-53.8571 205 611.857 -0.608252 -0.437961 -0.661981 105 68 62
-53 205 611.571 -0.598753 -0.435227 -0.672363 110 72 63
-52 205 610.571 -0.586377 -0.427581 -0.687995 114 74 66
-51 204.429 609.429 -0.583251 -0.418476 -0.696201 117 75 63
-50 204.143 609.143 -0.53183 -0.439238 -0.724035 121 77 66
-49 204 608.286 -0.467501 -0.490089 -0.735701 121 74 64
-49 204.286 608.286 -0.468669 -0.493933 -0.732379 127 80 70
-48 204 607.857 -0.394997 -0.553096 -0.733528 140 90 81
-42 204 607 0.263515 -0.737746 -0.621523 187 125 104
-41 204 608 0.457223 -0.69847 -0.550533 192 130 109
-39.2857 205 609.286 0.649211 -0.627654 -0.429622 205 144 123
-39 205 610 0.681752 -0.602475 -0.415016 209 148 127
-38 205.143 611.143 0.760357 -0.543898 -0.35501 210 152 130
-37 206 613.714 0.83985 -0.469751 -0.272003 212 155 135
-36 207 616.857 0.905509 -0.373899 -0.200631 220 159 141
-35 208.286 620.286 0.917042 -0.348028 -0.194705 227 162 144
-34 209.429 623.429 0.920927 -0.321046 -0.220959 192 125 109
-56 206 612.286 -0.584875 -0.500747 -0.638102 80 62 58
-55.2857 206 612.286 -0.605034 -0.485812 -0.63081 86 66 59
-55 206 612.143 -0.602967 -0.483953 -0.634209 91 66 61
-54 206 612 -0.592763 -0.470047 -0.653978 97 67 59
-53.4286 206 611.429 -0.578686 -0.479419 -0.659757 102 67 61
-52 205.571 610.571 -0.576127 -0.442486 -0.687228 110 72 63
-51 205.143 610.143 -0.582695 -0.417242 -0.697407 114 74 62
-51 205 609.143 -0.585986 -0.425728 -0.689475 118 78 66
-50 205 608.857 -0.540352 -0.450857 -0.710456 123 81 69
-49 205 608 -0.497298 -0.5031 -0.706813 123 79 68
-48 204.286 607.286 -0.423767 -0.563554 -0.709104 131 83 73
-47 204 607 -0.326675 -0.620654 -0.712792 134 86 76
-46.8571 204 606.857 -0.304488 -0.635527 -0.709502 145 93 82
-46 204 606.571 -0.244356 -0.674807 -0.696366 155 101 89
-45 204 606.429 -0.114451 -0.714642 -0.690063 168 110 96
-44 204 606.286 0.0289626 -0.730664 -0.682123 175 116 102
-43 204 606.143 0.164434 -0.738993 -0.653338 180 121 103
-42 204.714 606.714 0.267699 -0.736009 -0.621794 188 126 105
-39.1429 205.143 609.143 0.659494 -0.621778 -0.422444 203 142 121
-36.4286 207 614.429 0.866362 -0.447743 -0.221233 218 160 140
-36 207.857 615.857 0.887864 -0.421234 -0.185094 220 159 140
-35 208 617.857 0.908661 -0.37739 -0.17864 225 162 144
-34 209 621 0.91335 -0.356729 -0.196307 222 157 139
-56 206.714 611.714 -0.563273 -0.523318 -0.639423 79 61 57
-55.1429 206.857 612 -0.570909 -0.514093 -0.640134 85 65 58
-55 206.857 612 -0.570909 -0.514093 -0.640134 92 67 62
-54 206.714 611.714 -0.569807 -0.493866 -0.656823 98 68 60
-53.2857 206.286 611.286 -0.572957 -0.479058 -0.665 103 68 62
-53 206 610.714 -0.568657 -0.47261 -0.673253 104 70 60
-52 206 610.571 -0.572062 -0.449093 -0.686339 107 70 61
-51 206 609.143 -0.562415 -0.454479 -0.690752 115 77 66
-50 205.857 608.857 -0.568266 -0.449849 -0.688992 120 80 68
-48 205 607 -0.4571 -0.544625 -0.703167 113 66 56
-46.5714 205 606.571 -0.330105 -0.636901 -0.696698 132 82 73
-40 205 607.714 0.509375 -0.692391 -0.51101 198 136 113
-39 205.143 608.143 0.611775 -0.652032 -0.447867 201 140 119
-38 206 610 0.727254 -0.59528 -0.341678 206 148 126
-38 206.714 610.714 0.762427 -0.566474 -0.312749 208 150 128
-37 207 612.429 0.808331 -0.521352 -0.273482 212 155 135
-36 207.714 613.714 0.860102 -0.466088 -0.20733 218 160 140
-35 208.714 616.714 0.897383 -0.407447 -0.169382 224 161 143
-55 207 611 -0.540109 -0.529355 -0.654267 85 64 59
-54 207 611 -0.544863 -0.521838 -0.656361 98 67 62
-52 206.714 609.714 -0.548619 -0.485883 -0.680393 106 69 61
-51 206.143 609 -0.558924 -0.464096 -0.687182 112 74 63
-50 206 608 -0.562078 -0.454908 -0.690744 117 79 66
-47 205 606 -0.403895 -0.592915 -0.69665 103 58 52
-46 205 605.571 -0.302319 -0.643893 -0.702855 145 93 82
-45 205 605.571 -0.196804 -0.689968 -0.696572 158 104 92
-44.2857 205 605.286 -0.0768033 -0.714934 -0.69496 171 115 102
-44 205 605.286 -0.0768033 -0.714934 -0.69496 177 119 107
-43 205 605 0.0979404 -0.741885 -0.663336 177 120 103
-42.1429 205 605.143 0.171778 -0.751241 -0.637283 180 121 105
-42 205 605.714 0.218132 -0.753819 -0.619818 186 125 106
-41 205 605.714 0.336047 -0.73819 -0.584935 181 120 101
-41 205.714 606.714 0.407539 -0.728106 -0.551157 188 127 106
-40 205.714 606.714 0.495029 -0.709651 -0.50134 195 134 113
-38 206.571 609.571 0.728548 -0.597644 -0.334723 205 147 127
-35 209.429 617.429 0.899202 -0.406538 -0.161751 224 161 143
-34 210 619.429 0.907891 -0.384764 -0.166404 227 162 144
-34 210.857 621.571 0.912808 -0.366574 -0.180014 168 102 86
-33 211 622.857 0.914656 -0.355237 -0.192902 121 52 37
-55 207.429 610.429 -0.522916 -0.546807 -0.653881 87 63 59
-55 207.571 610.571 -0.517981 -0.547205 -0.657467 94 66 63
-54 207.714 610.714 -0.516833 -0.546436 -0.659008 98 67 62
-53 207 610 -0.538934 -0.51419 -0.667203 101 66 62
-52 207 609.143 -0.532729 -0.508395 -0.676561 106 69 61
-51 207 608.143 -0.53942 -0.50064 -0.677042 113 76 67
-50 206.857 608 -0.558673 -0.476792 -0.678641 117 79 68
-49 206 607 -0.537984 -0.499242 -0.679213 116 76 66
-48 206 606.286 -0.487684 -0.538965 -0.68679 105 62 55
-47 206 606 -0.442339 -0.572927 -0.689993 107 62 57
-45 205.857 604.857 -0.245608 -0.669917 -0.700634 140 86 76
-44 205.857 604.857 -0.0978445 -0.71797 -0.689163 158 101 90
-43 205.857 604.857 0.0604253 -0.748099 -0.66083 157 99 85
-40 206 606.714 0.508237 -0.708929 -0.488994 196 135 114
-39 206 606.857 0.583722 -0.68003 -0.443654 199 138 119
-39 206.714 607.714 0.603306 -0.671429 -0.430355 202 141 122
-37 207.571 610.571 0.78162 -0.558962 -0.276823 212 155 135
-36 208.143 613.143 0.850289 -0.481805 -0.211832 220 162 142
-34 210.714 618.571 0.899089 -0.409104 -0.1558 228 163 145
-33.8571 211 620.571 0.911176 -0.375386 -0.169837 165 99 83
-33 211.857 621.857 0.907292 -0.38126 -0.177374 121 52 37
-55 208 609.857 -0.491409 -0.579778 -0.649904 85 64 61
-54 208 609.857 -0.490673 -0.566671 -0.661909 93 65 61
-53 208 609.143 -0.492013 -0.570621 -0.657506 102 65 59
-51 207.143 608.143 -0.537595 -0.504377 -0.675718 110 67 60
-50.8571 207.143 608 -0.535903 -0.506851 -0.675212 116 71 65
-50 207 607 -0.558589 -0.489861 -0.669339 122 75 67
-49 207 606.714 -0.552712 -0.490374 -0.673827 120 73 65
-48 206.857 605.857 -0.521264 -0.531913 -0.667347 107 63 54
-47 206.286 605.286 -0.442592 -0.583474 -0.680933 121 76 70
-46 206.286 605.286 -0.346918 -0.625092 -0.69922 119 72 66
-46 206 604.571 -0.334214 -0.629988 -0.701011 109 59 50
-45 206 604.571 -0.248421 -0.674157 -0.695557 139 86 78
-44 206 604 -0.147451 -0.712477 -0.686029 150 96 86
-43 206 604.143 0.0268396 -0.755655 -0.65442 143 87 74
-42 206 604.143 0.162847 -0.762988 -0.625563 151 92 78
-41 206 604.714 0.290772 -0.769336 -0.568835 185 122 105
-40 206.714 605.714 0.436321 -0.740785 -0.510747 194 129 111
-38 207 607.857 0.667098 -0.645066 -0.372653 207 144 126
-37.5714 207.571 608.571 0.719748 -0.616819 -0.318587 211 148 130
-36 208 610.857 0.801228 -0.544643 -0.247785 219 156 138
-35 209 613.857 0.871596 -0.459813 -0.169979 225 163 140
-33.7143 211.714 619.571 0.902769 -0.402525 -0.151598 183 116 97
-55 208.571 609.571 -0.463474 -0.593022 -0.65842 83 64 60
-54 208.714 609.714 -0.476137 -0.584521 -0.656985 89 64 59
-53 208.143 609.143 -0.491658 -0.573307 -0.655432 95 66 60
-52 208 608.571 -0.499362 -0.561651 -0.659686 106 67 60
-51 208 608.143 -0.509461 -0.54231 -0.668094 113 73 65
-50.4286 208 607.429 -0.530823 -0.529381 -0.661802 112 69 62
-50 207.857 606.857 -0.537024 -0.518619 -0.665311 116 73 64
-49 207.143 606.143 -0.559685 -0.497893 -0.662462 122 79 70
-48 207 605.286 -0.526923 -0.531445 -0.663264 94 51 44
-47 207 605.286 -0.462493 -0.573925 -0.675803 111 71 63
-46 207 604.857 -0.361486 -0.622163 -0.694436 123 78 72
-46 206.857 604.143 -0.359589 -0.621518 -0.695997 128 79 72
-45 206.857 604.143 -0.306747 -0.654866 -0.690693 140 87 81
-44 206.857 603.857 -0.185923 -0.719396 -0.669255 126 72 62
-43 206.714 603.857 -0.00933373 -0.765047 -0.643907 158 102 89
-42 206.857 603.857 0.131088 -0.784653 -0.605917 174 115 99
-40.2857 207 604.286 0.359024 -0.770353 -0.526932 186 123 105
-39 207 605.429 0.546991 -0.709408 -0.444456 197 135 114
-39 207.429 606.429 0.570332 -0.700786 -0.428509 202 140 119
-37 208 607.857 0.723156 -0.617313 -0.309791 209 147 126
-37 208.143 608.857 0.740744 -0.602171 -0.297807 213 150 132
-36 208.857 609.857 0.789529 -0.564854 -0.239968 215 152 134
-33 212.714 620.714 0.902123 -0.403323 -0.153312 127 56 38
-54.5714 209 608.571 -0.430583 -0.620324 -0.655588 82 63 59
-53 209 608.857 -0.460205 -0.600737 -0.653702 94 65 59
-52.1429 209 608.143 -0.462757 -0.593292 -0.65868 101 68 61
-51 208.571 607.571 -0.488108 -0.568512 -0.662227 108 70 61
-50.2857 208.286 607.286 -0.51991 -0.538859 -0.662816 109 69 61
-50 208 606.286 -0.53325 -0.530259 -0.659143 113 70 63
-49 208 606.143 -0.565104 -0.50347 -0.653586 118 75 68
-48 208 605.143 -0.547542 -0.519156 -0.656258 112 72 64
-48 207.857 605 -0.538729 -0.524623 -0.659198 102 62 54
-47 207.286 604.286 -0.459085 -0.566897 -0.684009 114 75 68
-46 207.143 603.857 -0.378789 -0.612626 -0.693692 122 75 67
-45 207 603.286 -0.302346 -0.658638 -0.689045 144 94 87
-44 207 603 -0.215517 -0.706635 -0.673958 139 85 75
-43 207 603 -0.0563808 -0.746021 -0.663531 157 104 90
-42 207 603.143 0.0805753 -0.781585 -0.618573 167 109 95
-41 207 603.286 0.225593 -0.780943 -0.582439 178 117 99
-40 207 603.857 0.35609 -0.769374 -0.530342 184 122 101
-38 208 606.286 0.642025 -0.671332 -0.370294 204 143 122
-37 208.286 607.286 0.716685 -0.625333 -0.308741 207 146 125
-36 209 609.286 0.779515 -0.575228 -0.247928 213 152 131
-55 209 607.571 -0.407895 -0.637811 -0.653314 78 60 56
-54 209 607.571 -0.428415 -0.622483 -0.654962 82 61 58
-54 209.286 608.286 -0.432456 -0.616745 -0.657729 89 64 59
-53 209.286 608.143 -0.441852 -0.613293 -0.654706 94 65 61
-52 209 607.714 -0.457249 -0.591418 -0.66419 103 64 59
-51 209 607.429 -0.472903 -0.584178 -0.65962 107 67 59
-50 208.857 606.143 -0.524748 -0.540661 -0.657514 113 70 63
-49 208.429 605.571 -0.562704 -0.517754 -0.644433 113 70 63
-48 208.143 604.571 -0.548699 -0.521403 -0.653505 112 71 65
-47 208 604 -0.481921 -0.554097 -0.67877 117 76 70
-46 208 604 -0.395555 -0.616906 -0.680413 104 61 55
-45.8571 207.857 603.143 -0.38838 -0.614237 -0.686931 107 60 52
-45 207.857 603.143 -0.346609 -0.63986 -0.685887 127 77 70
-44 207.857 602.857 -0.220524 -0.693525 -0.685852 127 77 66
-43 207.857 603 -0.0770821 -0.734714 -0.673984 148 95 81
-42 207.714 602.857 0.0550567 -0.774669 -0.629966 163 106 89
-39 208 604 0.452212 -0.745809 -0.489155 196 134 113
-38 208.286 605.286 0.597916 -0.694756 -0.399762 205 143 122
-36 209.714 608.714 0.772244 -0.584031 -0.250093 213 152 131
-35 210 611 0.831654 -0.522055 -0.189236 220 162 142
-33 212 617 0.883488 -0.445725 -0.144149 215 152 134
-55 209.571 606.571 -0.388344 -0.644326 -0.658811 77 59 55
-53 210 607.286 -0.402844 -0.628431 -0.665426 95 64 61
-52 209.857 607.286 -0.437953 -0.598209 -0.671076 104 65 60
-51 209.714 606.714 -0.455249 -0.582087 -0.673739 109 68 62
-50 209.571 606.429 -0.500291 -0.548806 -0.669717 112 69 63
-50 209 605.571 -0.500549 -0.542914 -0.67431 112 69 62
-49 209 604.857 -0.567168 -0.50284 -0.652282 115 72 65
-48 209 604.571 -0.563676 -0.500726 -0.656919 114 71 65
-48 208.714 603.857 -0.545276 -0.511501 -0.664109 108 65 59
-47 208.571 603.571 -0.500296 -0.541143 -0.67592 110 69 63
-46 208.143 603 -0.401032 -0.606824 -0.686249 110 67 61
-45.8571 208.143 603 -0.405086 -0.612773 -0.678539 117 70 62
-45 208 602.143 -0.341605 -0.653849 -0.675121 129 79 72
-44 208 602.286 -0.204112 -0.687416 -0.696992 138 88 77
-43.8571 208 602 -0.195235 -0.700461 -0.686467 156 102 92
-43 208 602 -0.0992766 -0.717837 -0.689096 159 106 92
-42 208 602 0.0111734 -0.747818 -0.66381 171 113 99
-41 208 602.143 0.184716 -0.770987 -0.609475 175 114 96
-40 208 602.857 0.319433 -0.774956 -0.545349 181 120 99
-40 208.143 603 0.314111 -0.775008 -0.548359 188 126 105
-39 208.429 603.429 0.42766 -0.761984 -0.4863 196 134 111
-37 209 605.286 0.648356 -0.673694 -0.354641 206 144 121
-37 209.286 606.286 0.698806 -0.641333 -0.3168 208 147 126
-34 211 612 0.851038 -0.503671 -0.148491 223 162 143
-32 214.429 620.429 0.891455 -0.427508 -0.15015 107 40 23
-54 210 606.571 -0.396308 -0.629168 -0.668646 80 61 57
-53 210.143 606.857 -0.399194 -0.62018 -0.675293 94 65 61
-52 210.143 606.714 -0.413871 -0.605952 -0.679362 103 66 60
-51 210 606.571 -0.451199 -0.569412 -0.687161 106 67 60
-50 210 605.857 -0.499637 -0.540478 -0.676939 107 66 60
-50 209.857 605 -0.509518 -0.529334 -0.678378 110 67 61
-49 209.571 604.714 -0.56552 -0.493076 -0.661108 115 72 66
-48 209.143 603.714 -0.564064 -0.491201 -0.663742 106 65 59
-47 209 603 -0.508172 -0.528758 -0.679835 105 66 59
-46 209 603 -0.441068 -0.578906 -0.685804 109 66 60
-45.4286 209 602.429 -0.408055 -0.602796 -0.685659 122 75 67
-45 208.857 602.143 -0.357342 -0.634969 -0.684924 133 80 74
-44 208.714 601.714 -0.23362 -0.682328 -0.692712 141 89 78
-43.7143 208.714 601.857 -0.216508 -0.689223 -0.691445 160 103 92
-43 208.429 601.571 -0.111206 -0.720832 -0.684131 165 109 96
-42 208.714 601.857 -0.00608672 -0.752448 -0.658624 177 118 100
-39 209 602.857 0.433701 -0.755064 -0.491714 200 135 113
-38 209 603.429 0.527173 -0.731769 -0.431975 204 139 117
-37 209.429 604.429 0.629428 -0.683616 -0.369445 209 144 124
-36 210 606.857 0.740991 -0.617984 -0.262734 210 149 128
-33 213.571 616.571 0.874948 -0.465228 -0.134273 165 100 82
-32 214 618.857 0.887616 -0.436689 -0.146429 109 42 25
-54 210.857 606 -0.329159 -0.663606 -0.671775 88 64 60
-53 210.857 606 -0.355737 -0.625429 -0.694471 94 66 62
-52 210.714 605.857 -0.412657 -0.591064 -0.693078 96 65 60
-51 210.571 605.714 -0.428517 -0.575677 -0.696397 106 69 61
-50 210.286 605 -0.492222 -0.534212 -0.687267 108 67 61
-50 210.143 604.857 -0.491646 -0.539453 -0.683575 110 69 63
-49 209.714 603.857 -0.559651 -0.482807 -0.673564 114 71 65
-48 210 603.714 -0.574652 -0.465451 -0.67315 113 72 66
-47.7143 209.714 602.857 -0.556167 -0.487608 -0.672991 114 73 67
-47 209.714 602.857 -0.536997 -0.501341 -0.678448 106 67 60
-46 209.143 602 -0.438171 -0.590661 -0.677588 106 63 56
-45.1429 209.143 602 -0.371761 -0.618473 -0.692304 118 69 62
-45 209 601.429 -0.349202 -0.630735 -0.692987 122 67 60
-44 209 601.429 -0.25344 -0.659158 -0.70801 130 76 66
-43.1429 208.714 600.857 -0.14361 -0.699892 -0.699662 160 102 91
-43 208.857 601 -0.120555 -0.70504 -0.698846 170 112 100
-42 208.571 600.714 -0.0122783 -0.741591 -0.67074 175 113 100
-41.8571 208.857 601 -0.00229458 -0.744126 -0.668035 175 114 96
-41 208.857 601 0.114358 -0.75897 -0.641004 184 121 104
-40 208.857 601.429 0.237862 -0.784009 -0.573369 195 130 110
-39 209.143 602 0.366461 -0.781569 -0.504832 201 134 115
-38 209.429 602.429 0.476526 -0.752708 -0.454263 206 139 120
-37 210 603.429 0.605596 -0.700635 -0.377312 209 144 124
-36 210.857 605.857 0.727075 -0.626741 -0.280282 211 150 129
-35 211 606.857 0.775092 -0.593584 -0.216543 213 155 135
-35 211.571 608.571 0.796529 -0.571812 -0.196399 217 159 139
-34 212 609.571 0.827756 -0.542228 -0.144252 222 164 144
-34 212.286 611.286 0.843815 -0.519187 -0.135725 222 159 141
-33 213 613.286 0.861219 -0.492702 -0.12469 227 164 146
-32 214.571 617.571 0.875416 -0.465123 -0.131557 111 44 28
-54 211 605.143 -0.309115 -0.659549 -0.685159 77 57 56
-53 211 605.714 -0.347733 -0.630909 -0.693567 94 66 63
-52 211 605.429 -0.372444 -0.613986 -0.695921 101 63 60
-51 210.857 605.286 -0.425639 -0.567964 -0.704449 106 67 60
-50 210.714 605 -0.492208 -0.529967 -0.690555 105 64 58
-49.8571 210.429 604.286 -0.498646 -0.51971 -0.693724 113 70 64
-49 210.143 603.857 -0.551872 -0.477808 -0.683474 116 73 67
-48 210.143 603.429 -0.569072 -0.462421 -0.679944 114 71 65
-47.7143 210 602.857 -0.56122 -0.478982 -0.674988 116 73 67
-47 209.857 602.286 -0.534721 -0.504741 -0.677724 111 72 65
-46 209.857 602 -0.47376 -0.553021 -0.68536 119 76 69
-45 209.571 601.571 -0.377282 -0.606097 -0.700218 130 80 73
-45 209.429 601.429 -0.377282 -0.606097 -0.700218 140 83 76
-44 209.143 600.714 -0.2594 -0.657919 -0.707004 148 91 80
-43.1429 209.143 600.714 -0.159335 -0.693031 -0.703079 166 106 96
-43 209.143 600.571 -0.139725 -0.698209 -0.702126 166 107 93
-42 209.143 600.714 -0.0295024 -0.738532 -0.673573 175 111 99
-41.5714 209.143 600.714 0.0156742 -0.753663 -0.657074 179 116 99
-41 209.143 601 0.109076 -0.760219 -0.640444 182 116 100
-40 209.143 601 0.232157 -0.784652 -0.574825 188 121 102
-40 209.286 601.143 0.232157 -0.784652 -0.574825 193 126 107
-39 209.571 601.571 0.352618 -0.785661 -0.508328 199 132 113
-37 210.429 603.286 0.606043 -0.702308 -0.373465 209 142 123
-35 211.143 606.143 0.761629 -0.609428 -0.22027 211 153 133
-34 212.143 609.143 0.82463 -0.543918 -0.155364 223 165 145
-33 213.286 612.286 0.855322 -0.503906 -0.120429 229 166 149
-53 211.143 605 -0.319058 -0.658891 -0.681222 91 65 64
-52 211.143 605 -0.363152 -0.615037 -0.699893 92 63 59
-51.7143 211.286 605 -0.380133 -0.601655 -0.702502 97 64 59
-51 211.286 605 -0.407151 -0.578813 -0.706543 100 63 57
-50 211 604.286 -0.470882 -0.523208 -0.710298 108 67 61
-49.8571 211 604.286 -0.477861 -0.523788 -0.705192 115 75 65
-49 210.857 603.429 -0.527634 -0.476245 -0.703416 112 69 60
-48 210.857 603.143 -0.569636 -0.450014 -0.687752 119 76 67
-47.1429 210.143 602 -0.553999 -0.471692 -0.685997 116 73 64
-47 210.143 602 -0.541037 -0.4858 -0.686496 115 72 65
-46 210 601.429 -0.470351 -0.537281 -0.700071 126 82 73
-45 210 600.571 -0.382404 -0.587417 -0.713238 148 94 82
-44 210 600.571 -0.270877 -0.647403 -0.712386 153 100 86
-43 209.571 599.857 -0.163068 -0.692122 -0.703119 162 104 92
-43 209.714 600 -0.171501 -0.685453 -0.707631 166 107 93
-42 209.571 599.857 -0.0623549 -0.736145 -0.673945 172 110 97
-41.2857 210 600.286 0.0205976 -0.762293 -0.646905 179 116 101
-41 210 600.286 0.0518097 -0.766947 -0.639615 182 116 102
-40 210 600.286 0.232989 -0.768225 -0.596277 187 122 104
-39 210 601.143 0.348128 -0.777708 -0.523429 196 128 109
-38 210 601.286 0.45205 -0.771497 -0.447709 201 133 114
-37 210.571 602.429 0.585677 -0.725602 -0.361225 210 142 121
-36.8571 211 603.857 0.640898 -0.688121 -0.340205 214 148 124
-36 211.714 604.714 0.70604 -0.652743 -0.274652 214 150 125
-35 212.143 607 0.777666 -0.595207 -0.202394 218 158 134
-32 215.143 616.143 0.862117 -0.492033 -0.121071 134 71 54
-53 212 604.286 -0.265827 -0.673941 -0.689303 86 62 58
-52 212 604.571 -0.314666 -0.640648 -0.700397 91 62 58
-51.4286 212 604.571 -0.359071 -0.60533 -0.710383 97 64 59
-51 212 604.571 -0.382978 -0.588924 -0.711686 100 66 57
-50 211.857 604.143 -0.447041 -0.536167 -0.716017 107 68 61
-49.7143 211.714 603.857 -0.457474 -0.523759 -0.718606 113 73 63
-49 211.429 603.286 -0.516537 -0.483526 -0.706677 110 67 58
-48 211.143 602.857 -0.57255 -0.433761 -0.695728 110 67 58
-47 211 601.714 -0.578231 -0.451648 -0.679458 109 69 61
-46 210.857 601.429 -0.523195 -0.501889 -0.688749 125 81 72
-45 210.571 600.571 -0.41252 -0.568364 -0.711892 149 95 83
-44 210.429 600.429 -0.299491 -0.634692 -0.71237 154 101 87
-43 210.286 599.857 -0.193269 -0.68645 -0.701023 162 104 90
-42 210.286 599.857 -0.081629 -0.726617 -0.682176 171 109 96
-41.2857 210.286 599.857 -0.0123442 -0.759865 -0.649964 177 115 100
-41 210.143 600.143 0.0479632 -0.76543 -0.641729 182 116 102
-40 210.143 600.143 0.221989 -0.775485 -0.591053 184 119 101
-39 210.286 600.286 0.316457 -0.770022 -0.554004 193 125 106
-36 211 602.857 0.635859 -0.698596 -0.328096 213 147 125
-36 211.857 603.857 0.680034 -0.67053 -0.296552 214 149 127
-35 212 605 0.73782 -0.630682 -0.240545 216 156 132
-34 213 607.143 0.797585 -0.579348 -0.167971 217 156 135
-33.8571 213.857 609 0.822036 -0.554466 -0.129707 219 158 137
-32 215.714 614.857 0.853122 -0.509025 -0.114353 154 93 75
-31 216.143 617 0.865534 -0.487172 -0.116255 93 32 14
-53 212.286 604 -0.248635 -0.669792 -0.699685 83 62 59
-52 212.286 604 -0.295652 -0.639353 -0.709801 92 64 60
-51.4286 212.429 604.429 -0.321048 -0.63086 -0.706359 96 65 62
-51 212.429 604.571 -0.367382 -0.598697 -0.711753 102 65 59
-50 212.143 603.857 -0.432302 -0.562057 -0.705129 106 65 61
-49.7143 212 603.714 -0.456097 -0.536933 -0.709703 110 70 62
-49 212 603 -0.500314 -0.482569 -0.718897 109 66 59
-48 212 602.714 -0.557557 -0.433644 -0.707873 105 65 57
-47 211.714 601.714 -0.59267 -0.432273 -0.679619 108 68 60
-46 211.143 600.857 -0.541635 -0.498225 -0.677054 119 76 69
-45 211.143 600.714 -0.444394 -0.555747 -0.702608 136 90 77
-45 211 599.714 -0.417327 -0.58149 -0.698361 145 93 80
-44 211 599.429 -0.330743 -0.620825 -0.710764 153 101 87
-41.1429 211 599.429 -0.0210953 -0.752367 -0.658407 174 112 97
-41 211 599.429 -0.0115805 -0.756042 -0.65442 180 114 100
-40 211 599.286 0.142248 -0.779467 -0.61008 184 118 102
-39.2857 211 599.286 0.225034 -0.791025 -0.568893 188 121 105
-38 211 600.143 0.389645 -0.79645 -0.462433 198 130 111
-37 211 601 0.512633 -0.763573 -0.392636 212 144 125
-35 212.286 604.286 0.728289 -0.642105 -0.239365 213 152 131
-34 213.286 606.286 0.78691 -0.591351 -0.176285 216 155 136
-33.1429 214 608 0.820172 -0.55945 -0.119723 218 157 138
-33 214.571 609.571 0.832953 -0.541561 -0.113582 219 158 140
-32 215 611.429 0.841722 -0.529357 -0.106236 228 167 149
-31 216.714 615.857 0.859313 -0.499634 -0.109304 97 36 18
-53 212.857 603.143 -0.200007 -0.678719 -0.706638 85 61 59
-52 213 603.571 -0.23737 -0.652594 -0.719567 90 62 59
-51.1429 213 603.714 -0.281536 -0.631256 -0.722671 94 60 58
-51 213 603.857 -0.28445 -0.631378 -0.721422 102 65 59
-50 213 603.714 -0.403545 -0.5702 -0.715558 104 63 59
-49.5714 212.857 603.429 -0.416846 -0.548451 -0.724873 107 66 60
-49 212.714 602.714 -0.459161 -0.517671 -0.721933 110 67 61
-48 212.143 602.143 -0.581369 -0.433392 -0.688609 106 65 59
-47 212 600.714 -0.605693 -0.440214 -0.662833 101 62 57
-46 212 600.429 -0.567163 -0.484763 -0.665831 107 64 58
-45 211.714 599.857 -0.482882 -0.551552 -0.680158 121 73 61
-45 211.286 599.286 -0.426099 -0.570628 -0.702014 133 81 68
-44 211.143 598.857 -0.366242 -0.626055 -0.68842 150 97 83
-43 211.143 598.857 -0.263334 -0.675095 -0.689131 159 103 90
-43 211 598.429 -0.281299 -0.668749 -0.688219 164 106 92
-42 211 598.571 -0.146787 -0.720731 -0.677495 171 109 96
-41 211.143 598.714 -0.0498532 -0.752374 -0.656847 175 112 97
-40 211.143 598.857 0.140669 -0.794231 -0.591109 186 119 103
-39 211 598.857 0.248601 -0.80362 -0.540733 188 121 105
-39 211.143 599.143 0.2517 -0.79467 -0.5524 192 123 107
-38 211.429 599.429 0.348063 -0.807555 -0.476137 197 128 112
-36 212 601 0.594394 -0.740731 -0.313071 214 146 127
-35 212.857 602.857 0.697868 -0.675777 -0.23729 213 150 132
-34 213.714 605.714 0.784767 -0.595049 -0.173373 219 158 139
-32 215.429 610.429 0.836674 -0.538591 -0.0994823 224 163 145
-31 217.857 617 0.860104 -0.497375 -0.113312 103 41 28
-53 213.143 602.857 -0.166405 -0.688212 -0.706168 83 59 57
-52 213.286 603.143 -0.200958 -0.669998 -0.714646 84 56 53
-51 213.571 603.571 -0.241011 -0.64428 -0.725821 98 59 54
-50 213.571 603.429 -0.379569 -0.580056 -0.720737 101 60 56
-49.5714 213.571 603.286 -0.391795 -0.575114 -0.718151 105 62 56
-49 213 602.571 -0.435493 -0.538432 -0.721413 108 65 59
-48 213 602 -0.544086 -0.468764 -0.695867 107 64 58
-47 212.429 600.429 -0.612391 -0.446743 -0.652225 100 61 54
-46 212.429 600.429 -0.586158 -0.469136 -0.660553 99 56 49
-45 212 599.286 -0.489135 -0.542722 -0.682789 132 78 66
-44 212 598.857 -0.421805 -0.598297 -0.681264 148 95 81
-43 212 598.286 -0.319343 -0.666448 -0.673697 164 104 93
-37 212 599.286 0.448854 -0.795248 -0.407566 209 138 120
-36 212.286 600.286 0.576821 -0.749385 -0.325114 214 143 125
-36 212.857 600.857 0.600726 -0.743845 -0.292955 215 147 128
-33 214 605.714 0.795972 -0.585233 -0.154697 220 159 140
-32 216.429 611.429 0.840291 -0.533289 -0.0975369 212 150 135
-54.1429 213.143 600.571 -0.0224448 -0.744554 -0.667185 33 24 25
-52.8571 213.857 602.143 -0.126366 -0.694633 -0.708178 83 57 56
-52 214 602.571 -0.148771 -0.678445 -0.71943 81 52 48
-51 214 602.714 -0.236801 -0.657596 -0.715187 94 55 48
-50 214 602.714 -0.332621 -0.6157 -0.714337 98 57 51
-49 213.857 602.429 -0.418199 -0.562522 -0.713218 106 63 57
-48 213.571 601.571 -0.528195 -0.500169 -0.686179 106 63 56
-47 213 600.286 -0.604022 -0.460419 -0.650516 106 66 58
-46 213 599.857 -0.603465 -0.470717 -0.643626 102 58 49
-45 213 599.286 -0.542422 -0.532815 -0.649527 128 78 67
-45 212.714 598.857 -0.534609 -0.544213 -0.646549 142 88 76
-44 212.286 598.286 -0.431487 -0.607347 -0.667045 155 98 87
-42 212 597.429 -0.260864 -0.726617 -0.635593 169 105 95
-41 212 597.571 -0.151784 -0.776506 -0.611556 172 106 94
-40 212 597.571 0.0248891 -0.814004 -0.580325 182 112 100
-39 212 597.429 0.140028 -0.846857 -0.513055 185 113 101
-38 212 598 0.244251 -0.83562 -0.492017 194 122 107
-37.2857 212.286 598.286 0.381174 -0.819939 -0.427091 200 129 111
-37 212.857 598.857 0.446392 -0.802925 -0.395026 207 136 118
-35 213 600.857 0.630348 -0.726244 -0.274283 217 152 134
-33 214.714 604.714 0.792727 -0.591085 -0.149003 219 156 138
-52.7143 214.143 601.857 -0.0804955 -0.720084 -0.689202 83 57 58
-52 214.286 602.143 -0.131636 -0.689647 -0.712081 81 51 49
-51 214.571 602.571 -0.220994 -0.675971 -0.703012 85 50 48
-50 214.571 602.571 -0.305144 -0.643089 -0.70237 97 58 53
-49 214.286 602.143 -0.385639 -0.597193 -0.703309 102 61 55
-48 214 601.143 -0.479014 -0.556967 -0.678479 106 63 57
-47 213.714 599.857 -0.597948 -0.491016 -0.633531 111 68 61
-46 213.714 599.857 -0.601526 -0.481287 -0.637597 100 53 45
-45 213.143 598.857 -0.552275 -0.530299 -0.643254 146 89 80
-44 212.857 598 -0.472502 -0.60223 -0.643476 156 98 87
-43 212.714 597.857 -0.361085 -0.685595 -0.632121 160 100 90
-43 212.143 597.143 -0.349056 -0.691452 -0.632499 161 101 90
-42 212.143 597.143 -0.269829 -0.737174 -0.619489 164 100 90
-41 212.143 597 -0.17686 -0.793896 -0.581764 171 101 91
-40 212.143 597.143 -0.0106297 -0.822253 -0.569023 176 106 94
-39 212.143 597.143 0.139837 -0.858799 -0.492858 180 108 96
-35 213.857 599.857 0.607325 -0.7458 -0.27375 218 151 134
-34 214 601.429 0.707824 -0.674545 -0.2097 217 152 134
-34 214.429 602.429 0.727566 -0.658682 -0.191795 218 155 137
-33 215.429 605.429 0.799435 -0.583959 -0.141054 218 157 139
-30.1429 218.143 613.143 0.849428 -0.519925 -0.090275 98 40 28
-52.2857 214.286 601.143 -0.048595 -0.745521 -0.664709 82 57 60
-50 215 601.714 -0.250529 -0.67746 -0.691581 93 53 51
-49 215 601.571 -0.355423 -0.636546 -0.684458 100 59 55
-48 214.857 601.143 -0.449479 -0.59249 -0.668524 106 65 61
-47 214.143 600 -0.577422 -0.504209 -0.64215 108 67 63
-47 214 599.714 -0.583968 -0.497084 -0.641786 113 70 64
-46 213.857 599 -0.613378 -0.49016 -0.619283 94 47 41
-45 213.571 598.714 -0.574332 -0.529822 -0.624044 124 71 63
-44.7143 213.143 597.857 -0.533037 -0.571693 -0.62373 142 85 76
-44 213.143 597.714 -0.48735 -0.591506 -0.642348 151 94 85
-43 213 597 -0.417156 -0.675405 -0.608119 155 96 88
-42.7143 213 596.857 -0.393296 -0.700072 -0.596001 153 93 83
-42 213 596.286 -0.322159 -0.767466 -0.554265 155 91 82
-41 213 596.429 -0.229373 -0.817844 -0.527749 160 94 82
-40.8571 212.857 596.143 -0.210682 -0.822447 -0.528389 161 93 82
-40 213 596.286 -0.0592991 -0.864873 -0.498477 170 100 88
-37 213 596.714 0.330165 -0.860272 -0.388488 192 124 105
-36 213 597.857 0.480387 -0.808755 -0.339327 207 139 120
-36 213.571 598.571 0.519442 -0.790132 -0.325378 212 144 125
-33 215 602.571 0.767701 -0.620682 -0.159339 216 153 135
-33 215.857 604 0.790382 -0.597323 -0.136021 217 156 138
-31.7143 217 607.714 0.827761 -0.55371 -0.0906469 223 164 148
-31 217.714 609.714 0.836774 -0.539789 -0.0918538 189 130 116
-30 218.857 612 0.851445 -0.517895 -0.0826147 101 45 32
-52.1429 215 600.857 -0.0636051 -0.757648 -0.649557 76 54 56
-52 215 601 -0.0636051 -0.757648 -0.649557 74 46 45
-51 215 601.429 -0.176033 -0.720537 -0.6707 83 49 48
-48 215 600.571 -0.442545 -0.603576 -0.663212 108 60 56
-47 214.857 600 -0.557934 -0.542201 -0.628273 116 68 64
-46.8571 214.143 599 -0.587387 -0.513159 -0.625815 115 67 63
-46 214.143 599 -0.615149 -0.496926 -0.612092 97 48 44
-45 214 598 -0.584051 -0.539978 -0.60606 117 68 61
-44.7143 214 597.857 -0.568023 -0.552018 -0.610431 136 83 77
-44 213.857 597 -0.521468 -0.616038 -0.590397 137 84 76
-43 213.857 597 -0.444746 -0.675017 -0.588688 145 88 81
-42.1429 213.143 596.143 -0.342542 -0.763533 -0.547433 148 89 81
-42 213.143 596.143 -0.324355 -0.773861 -0.543997 154 91 84
-41 213.143 595.714 -0.255443 -0.816695 -0.517454 160 96 86
-40.5714 213.143 595.714 -0.164533 -0.845449 -0.50808 165 97 88
-40 213.143 595.714 -0.0913173 -0.872274 -0.480416 166 98 85
-39 213 595.429 0.0463001 -0.895002 -0.443652 167 95 80
-38 213 595.429 0.150099 -0.900804 -0.407458 175 103 88
-37 213.286 596.143 0.312818 -0.87651 -0.365888 187 116 98
-36 213.857 597.143 0.461974 -0.831259 -0.309174 196 125 105
-35.7143 214 597.714 0.50097 -0.80915 -0.307093 202 134 113
-34 214.143 599.143 0.642835 -0.728416 -0.237008 211 146 124
-33 215.714 601.714 0.765554 -0.625908 -0.148886 217 155 134
-32.8571 216 603.143 0.786114 -0.602437 -0.138182 217 156 135
-32 216.714 604.714 0.8058 -0.58072 -0.115978 223 162 144
-31 217 606.429 0.823719 -0.557978 -0.100735 221 164 147
-30 218.571 610.571 0.844942 -0.528241 -0.0838733 133 80 66
-52 215.143 600.143 -0.0806103 -0.761327 -0.643337 75 54 53
-52 215.429 600.429 -0.0563067 -0.761245 -0.646015 73 47 46
-51 215.571 600.714 -0.106304 -0.755188 -0.646831 81 50 47
-50.5714 215.571 600.714 -0.144334 -0.739873 -0.657082 83 45 42
-50 215.714 600.714 -0.264943 -0.702074 -0.660982 86 45 41
-49 215.714 600.714 -0.31288 -0.683745 -0.659241 99 56 50
-49 215.571 600.571 -0.318827 -0.679756 -0.660516 104 59 54
-48 215.286 600.286 -0.426877 -0.625304 -0.653277 108 61 55
-47 215 599.286 -0.555511 -0.545984 -0.627144 113 66 60
-46.8571 215 599 -0.577105 -0.542728 -0.610243 113 66 60
-46 214.857 598 -0.615096 -0.533389 -0.580649 97 48 43
-45 214.429 597.571 -0.607676 -0.539889 -0.582452 109 60 53
-44.1429 214.143 596.857 -0.53953 -0.599644 -0.591045 136 83 77
-44 214.143 596.714 -0.530714 -0.609365 -0.589082 138 85 77
-43 214 596 -0.487247 -0.675097 -0.553927 141 84 77
-41 213.714 594.857 -0.288319 -0.804389 -0.519453 144 80 70
-40.1429 213.571 594.714 -0.184105 -0.85576 -0.483508 144 76 65
-40 213.571 594.714 -0.175301 -0.860707 -0.477967 138 70 57
-39 213.571 594.714 0.0276659 -0.897147 -0.440865 139 70 55
-38.4286 213.429 594.429 0.0647731 -0.90173 -0.427418 149 78 60
-38 213.429 594.429 0.112703 -0.900485 -0.420029 162 91 73
-37 213.857 595 0.280154 -0.882567 -0.37761 173 102 82
-36 214 596.143 0.407562 -0.84915 -0.335913 192 121 99
-35 214 596.714 0.505507 -0.814742 -0.284004 196 128 105
-35 214.571 597.571 0.532777 -0.795044 -0.289919 203 137 113
-33 215.571 600.571 0.74319 -0.647752 -0.16759 218 156 133
-32.1429 216.143 602 0.780084 -0.611091 -0.134301 218 160 138
-31 217.429 605.429 0.820523 -0.561991 -0.10444 218 163 143
-52 216 599.714 -0.0652937 -0.758254 -0.648681 77 56 55
-51 216 600.429 -0.100895 -0.749066 -0.654768 87 53 51
-50.4286 216 600.429 -0.140726 -0.746226 -0.650648 86 46 44
-50 216 600.429 -0.227057 -0.73397 -0.640104 92 48 45
-49 216 600.286 -0.31069 -0.69283 -0.650737 101 56 50
-48 216 599.571 -0.407041 -0.632453 -0.65903 109 60 55
-47 215.857 599.143 -0.54069 -0.577828 -0.611367 113 64 59
-46.1429 215.143 598 -0.593305 -0.549019 -0.5887 116 67 60
-46 215.143 598 -0.606067 -0.543591 -0.580682 102 53 46
-45 215 596.857 -0.612151 -0.557177 -0.561093 99 50 43
-44.1429 215 596.714 -0.577422 -0.59386 -0.560281 118 68 61
-44 214.857 596.143 -0.566459 -0.620573 -0.54223 119 69 60
-43 214.714 595.714 -0.513501 -0.669063 -0.537281 120 65 58
-42 214.143 595 -0.401603 -0.737415 -0.543079 116 59 48
-42 214 594.429 -0.405248 -0.743082 -0.532544 120 60 50
-41 214 594 -0.295017 -0.800751 -0.521309 119 57 44
-40 214 594 -0.217044 -0.837217 -0.501956 133 67 55
-39 214 593.857 -0.0467022 -0.872688 -0.486039 152 83 68
-38.1429 214 594 0.0986094 -0.893335 -0.438439 166 95 77
-38 214 594 0.140044 -0.893592 -0.426475 180 109 91
-37 214 594.286 0.237085 -0.883006 -0.405081 188 117 95
-36 214.429 595.429 0.384497 -0.857457 -0.341949 203 133 108
-35 214.857 595.857 0.483815 -0.825372 -0.291004 207 140 114
-34 215 597.571 0.603567 -0.754967 -0.256382 210 146 121
-34 215.714 598.714 0.66201 -0.717091 -0.218 212 150 125
-32 216 600.714 0.774529 -0.616613 -0.141042 216 158 134
-52 216.143 598.857 -0.0423056 -0.746141 -0.664443 76 51 54
-52 216.286 599.286 -0.0443932 -0.751096 -0.658699 80 50 50
-51 216.429 599.429 -0.0716054 -0.748091 -0.659721 86 51 49
-50 216.429 599.429 -0.198861 -0.726212 -0.65808 90 49 47
-49 216.429 599.429 -0.286031 -0.704102 -0.649943 102 55 49
-48.4286 216.429 599.429 -0.351535 -0.681724 -0.64162 105 56 51
-48 216.143 599.143 -0.394944 -0.657775 -0.641367 109 59 52
-47 216 598.286 -0.543659 -0.582567 -0.604195 113 63 56
-46.1429 216 598 -0.585531 -0.560652 -0.58551 119 69 62
-46 215.857 597 -0.620974 -0.560088 -0.548354 107 57 50
-45 215.571 596.571 -0.623524 -0.559933 -0.545613 87 38 31
-44 215.143 595.857 -0.575752 -0.610976 -0.54334 109 59 52
-44 215 595.714 -0.570344 -0.615623 -0.543798 114 64 55
-43 215 595 -0.539348 -0.647266 -0.538655 115 60 53
-41 214.286 593 -0.328017 -0.78184 -0.530218 147 83 73
-40 214.286 593 -0.238275 -0.811492 -0.533579 172 105 89
-39 214.286 593.143 -0.0850472 -0.851049 -0.518154 173 101 87
-38 214.143 593 0.0705255 -0.868011 -0.491512 176 105 87
-37 214.286 593.286 0.21521 -0.872381 -0.438903 193 121 99
-36.8571 214.857 593.857 0.273766 -0.865491 -0.419496 201 129 107
-34 215.429 596.429 0.600834 -0.756315 -0.258819 213 147 123
-33 216 598.714 0.717684 -0.668862 -0.193785 215 150 130
-32 216.857 599.857 0.772502 -0.61958 -0.139146 215 154 133
-31 218.714 604.714 0.825083 -0.556253 -0.0990984 216 163 147
-52 217 598.429 0.0184454 -0.750461 -0.660657 69 47 49
-51 217 599.286 -0.0702239 -0.731779 -0.677915 83 48 46
-50 217 599.286 -0.179109 -0.733239 -0.655958 86 46 44
-49 217 599.286 -0.283705 -0.693599 -0.662141 98 50 46
-48.1429 217 599.143 -0.347437 -0.671229 -0.654781 102 53 49
-48 217 598.429 -0.366108 -0.658087 -0.657941 107 56 52
-46 216.286 597.143 -0.601499 -0.567951 -0.561811 118 67 63
-46 216 596.571 -0.622194 -0.553741 -0.553394 108 57 53
-45 216 595.714 -0.633132 -0.555363 -0.539181 89 39 32
-44 215.714 594.857 -0.60448 -0.592949 -0.531992 105 52 44
-43 215.286 594.143 -0.545436 -0.646597 -0.533303 112 55 48
-42 214.857 593.143 -0.445543 -0.711498 -0.54338 131 68 61
-41 214.571 592.714 -0.33943 -0.763244 -0.549769 156 92 82
-40 214.429 592.429 -0.240117 -0.795627 -0.556167 174 104 92
-39 214.429 592.429 -0.114438 -0.823533 -0.555605 178 106 92
-38 214.429 592.429 0.0437163 -0.849056 -0.52649 182 109 92
-38 214.714 592.714 0.0417231 -0.85109 -0.523359 187 114 97
-37 214.714 592.714 0.191897 -0.85209 -0.486948 195 120 99
-33.5714 216 596.571 0.642116 -0.724255 -0.251281 218 152 130
-32 217.143 600.143 0.773013 -0.618253 -0.142179 217 158 140
-31 218.286 603.286 0.820123 -0.562278 -0.106026 215 162 148
-30 219.571 605.571 0.83531 -0.542549 -0.0888713 211 159 146
-29.7143 220 607.714 0.841362 -0.534497 -0.0801484 129 81 71
-53 216.571 596.714 0.0782161 -0.739684 -0.668393 27 18 21
-52 217.143 597.429 0.062686 -0.738521 -0.671311 66 46 47
-51 217.429 598.429 -0.0507337 -0.737867 -0.673037 78 47 45
-50 217.429 598.429 -0.174499 -0.711885 -0.680272 81 43 40
-50 217.286 598.429 -0.173554 -0.714015 -0.678279 85 44 42
-49 217.286 598.429 -0.217465 -0.701742 -0.67843 93 50 44
-48 217.286 598.286 -0.36691 -0.660796 -0.654771 106 59 53
-47 217 597.429 -0.545722 -0.590978 -0.594081 109 62 56
-46 217 597.143 -0.598622 -0.563296 -0.569516 114 67 61
-46 216.857 596.143 -0.625905 -0.53679 -0.565773 108 59 54
-45 216.286 595.143 -0.644549 -0.541195 -0.540059 97 47 40
-43.8571 215.857 594.143 -0.614321 -0.573727 -0.541708 107 52 45
-43 215.714 593.857 -0.574589 -0.617036 -0.537693 126 67 61
-42 215.143 592.571 -0.46364 -0.682443 -0.565074 144 84 76
-42 215 592.429 -0.46364 -0.682443 -0.565074 155 90 84
-41 215 592 -0.380011 -0.71347 -0.588687 159 92 83
-40 215 591.429 -0.25449 -0.743258 -0.618711 174 104 92
-39 215 591.429 -0.105806 -0.766394 -0.633597 177 103 90
-38 215 591.429 0.00740585 -0.781662 -0.623659 177 104 87
-37 215 591.857 0.149746 -0.806317 -0.572214 195 120 101
-36 215 592.714 0.329293 -0.820735 -0.466862 203 128 109
-35 215 593 0.412093 -0.798977 -0.437967 213 138 117
-33 216.571 595.571 0.665067 -0.698243 -0.264845 218 151 132
-32 217 597.857 0.754408 -0.634601 -0.167779 214 151 133
-31 218 600.286 0.796099 -0.591837 -0.126316 215 158 141
-30 219 604 0.829752 -0.549798 -0.0960917 214 162 149
-29 220 606 0.841941 -0.532771 -0.0853876 163 115 105
-53 217.143 596.857 0.0745412 -0.73007 -0.679294 34 24 23
-52 217.286 597.429 0.0404638 -0.740945 -0.670346 60 42 40
-51.4286 217.429 597.571 0.0141441 -0.727739 -0.685709 72 48 46
-49 217.857 598.143 -0.23853 -0.699296 -0.673861 93 52 46
-48 217.857 598.143 -0.354613 -0.660446 -0.661861 99 56 50
-47 217.857 597.286 -0.513487 -0.575426 -0.636566 108 63 57
-46 217.429 596.286 -0.626117 -0.530336 -0.571595 111 66 60
-45.8571 216.857 595.286 -0.63004 -0.527854 -0.569578 110 63 57
-45 216.714 594.857 -0.657068 -0.516493 -0.549087 96 46 37
-44 216.143 593.857 -0.628667 -0.553762 -0.546008 112 57 50
-43.7143 216.143 593.857 -0.618151 -0.565685 -0.545792 133 78 71
-43 216 593.143 -0.585334 -0.580672 -0.565866 140 81 75
-42 216 592.571 -0.507344 -0.607868 -0.610818 149 89 79
-41.1429 215.714 591.857 -0.418851 -0.656132 -0.627738 157 93 84
-41 215.714 591.714 -0.415885 -0.65401 -0.631911 160 94 82
-40 215.286 591.286 -0.263825 -0.726786 -0.634175 170 101 86
-39 215.286 591.286 -0.120635 -0.748204 -0.652409 175 103 89
-38 215.286 591.286 -0.0175449 -0.765803 -0.642836 181 108 91
-38 215.143 591.143 -0.0175449 -0.765803 -0.642836 187 114 97
-37 215.286 591.286 0.134417 -0.766965 -0.627452 196 121 100
-36 215.857 591.857 0.323338 -0.77268 -0.546277 200 125 104
-34 216 594 0.553595 -0.745501 -0.371162 213 142 122
-33 216.714 594.714 0.664369 -0.686368 -0.295825 215 148 129
-30.1429 219 601.143 0.820963 -0.560966 -0.106473 219 166 152
-30 219.857 603 0.83375 -0.54433 -0.0925494 213 164 150
-29 220.143 605 0.840337 -0.534997 -0.0872479 191 144 134
-28 222 609.571 0.85986 -0.505949 -0.0682455 45 7 0
-52 218 596.571 0.0667133 -0.723468 -0.687126 61 41 40
-51.4286 218 597.429 0.0357447 -0.728209 -0.684422 75 51 49
-51 218 597.429 0.0249273 -0.726348 -0.686875 81 52 48
-50 218 597.714 -0.14326 -0.699681 -0.699945 88 49 44
-49 218 597.714 -0.238453 -0.680381 -0.69298 93 52 46
-48 218 597 -0.390652 -0.600028 -0.69811 104 59 53
-47 218 596.571 -0.527352 -0.549021 -0.648441 107 62 56
-46 217.571 595.714 -0.631302 -0.510483 -0.583837 110 65 59
-45.8571 217.429 595.286 -0.63572 -0.508156 -0.581066 113 66 60
-45 217 594.429 -0.662664 -0.494586 -0.56237 103 53 44
-44 217 593.857 -0.657957 -0.487737 -0.573764 100 45 38
-43.2857 217 593.286 -0.636487 -0.495578 -0.591005 134 80 70
-43 216.571 592.714 -0.607797 -0.51478 -0.604636 145 86 78
-42 216.143 591.571 -0.504709 -0.560484 -0.656602 154 94 83
-41.1429 216.143 591.571 -0.447123 -0.610627 -0.653618 162 98 88
-41 216 590.714 -0.400977 -0.588198 -0.702311 161 95 83
-40 216 590.714 -0.28905 -0.617159 -0.731823 167 97 87
-39.2857 216 590.286 -0.189916 -0.628873 -0.753957 172 103 88
-39 216 590.286 -0.136526 -0.663786 -0.735356 175 103 89
-38 216 590.286 -0.0259952 -0.682013 -0.730878 180 107 90
-37 216 590.286 0.0825713 -0.685977 -0.722923 192 120 98
-36 216 591.143 0.264363 -0.734099 -0.625469 198 126 104
-35 216 592 0.430359 -0.746086 -0.508082 209 137 115
-34.1429 216.143 592.143 0.519167 -0.71901 -0.46205 211 140 118
-32 217.857 595.857 0.744853 -0.625796 -0.231458 217 154 137
-30 219.143 600.143 0.819178 -0.561324 -0.117736 213 160 146
-29 220.857 604 0.850175 -0.519793 -0.0837689 207 163 150
-29 221.286 606.143 0.852373 -0.517618 -0.0743706 88 46 34
-28 222.286 608.286 0.858829 -0.507606 -0.0689077 47 9 0
-51.1429 218.571 596.714 0.0630983 -0.712848 -0.698474 71 52 48
-50 219 597.286 -0.0273958 -0.687495 -0.725672 86 56 48
-49 219 597.429 -0.242531 -0.619798 -0.746344 93 53 43
-48 218.571 596.714 -0.396651 -0.570452 -0.719202 100 56 47
-48 218.429 596.571 -0.398974 -0.578272 -0.711632 107 60 50
-47 218.143 595.714 -0.570882 -0.517071 -0.637755 111 61 52
-46 218.143 595.286 -0.628507 -0.4809 -0.611321 113 63 54
-45.4286 218 594.571 -0.656251 -0.455494 -0.601548 123 70 62
-45 217.714 594 -0.668444 -0.448469 -0.593345 109 59 48
-44 217.286 593.286 -0.660777 -0.468945 -0.586058 99 47 36
-43.1429 217.143 592.857 -0.626605 -0.469284 -0.622205 127 75 64
-43 217 592.143 -0.607678 -0.475111 -0.636394 145 88 79
-42 217 591.571 -0.552794 -0.475452 -0.684371 155 97 85
-41 216.571 590.571 -0.425758 -0.526706 -0.735738 161 95 83
-40 216.429 590.429 -0.320919 -0.566601 -0.75893 169 99 89
-39.2857 216.286 590.286 -0.211371 -0.597718 -0.77334 168 99 84
-39 216.286 590.286 -0.149146 -0.615541 -0.773864 174 102 88
-38 216.286 590.286 -0.0444343 -0.644615 -0.763215 181 108 91
-38 216.143 590.143 -0.0360673 -0.651932 -0.757419 183 110 93
-37 216.286 590.286 0.081649 -0.671973 -0.736061 193 118 99
-36 216.286 590.286 0.22978 -0.667389 -0.708374 203 128 109
-33 217 593 0.631788 -0.679431 -0.373119 214 147 130
-52 219 595.714 0.0659188 -0.676259 -0.733709 55 41 38
-51 219 596.429 0.0642499 -0.688275 -0.722599 72 53 47
-50 219.143 596.714 -0.0382352 -0.668516 -0.742715 87 57 49
-49.4286 219.143 596.571 -0.11327 -0.656942 -0.745384 93 56 48
-49 219.143 596.571 -0.197458 -0.633186 -0.748389 95 55 45
-48 219.143 596.571 -0.341532 -0.580782 -0.738951 100 56 47
-47.5714 219 595.714 -0.467199 -0.530772 -0.707112 106 59 49
-47 219 595.571 -0.522898 -0.494755 -0.694115 110 60 51
-46 218.571 594.714 -0.637303 -0.440733 -0.632138 114 64 55
-45.2857 218.286 594.286 -0.672128 -0.427519 -0.604542 123 70 62
-45 218.143 593.429 -0.678298 -0.409293 -0.610238 116 64 53
-44 218 593.143 -0.66392 -0.421639 -0.617601 103 49 39
-43 218 592.286 -0.636781 -0.397768 -0.660523 125 71 59
-43 217.714 592 -0.621214 -0.411523 -0.66689 143 85 74
-42 217.286 591 -0.540452 -0.441528 -0.716216 151 91 80
-41 217.286 591 -0.478516 -0.476727 -0.737396 158 94 84
-41 216.857 590.286 -0.427604 -0.480132 -0.765917 160 94 82
-40 216.857 590.286 -0.338387 -0.536003 -0.77343 165 95 85
-39.1429 216.571 589.714 -0.190878 -0.572066 -0.797688 166 97 82
-39 216.571 589.714 -0.176747 -0.576541 -0.797723 171 97 84
-38 216.571 589.714 -0.04878 -0.600438 -0.798182 178 105 88
-37.5714 216.571 589.714 0.0106817 -0.606298 -0.795166 187 111 95
-37 216.429 589.429 0.0676391 -0.611041 -0.788704 195 120 101
-35 217 590.857 0.371814 -0.644963 -0.667665 210 137 118
-34 217 590.857 0.453804 -0.651994 -0.607426 212 141 121
-32 218 594 0.712335 -0.631825 -0.305575 220 157 139
-31.8571 219 595.857 0.779881 -0.585977 -0.220038 224 161 143
-29 221 601.571 0.851981 -0.513964 -0.0998477 219 170 156
-52 219.429 595.429 0.0848676 -0.670546 -0.736998 53 39 36
-51 219.714 595.857 0.0749937 -0.661402 -0.746273 72 53 47
-51 219.857 596.286 0.0749937 -0.661402 -0.746273 84 57 50
-50 219.857 596.143 -0.0134661 -0.6486 -0.76101 88 58 50
-49.4286 219.857 596.429 -0.0922742 -0.642986 -0.760299 93 56 48
-49 219.857 596.286 -0.137187 -0.611684 -0.779116 95 55 45
-48 219.714 595.857 -0.345539 -0.525425 -0.777516 100 56 47
-47.5714 219.571 595.714 -0.418432 -0.50798 -0.752909 105 58 48
-47 219.143 594.857 -0.578985 -0.454283 -0.677055 110 60 51
-46 219.143 594.714 -0.625822 -0.42369 -0.654853 115 65 56
-45.1429 218.857 593.714 -0.678069 -0.368943 -0.635692 124 71 63
-45 218.714 593.143 -0.678621 -0.362944 -0.638549 118 66 55
-44 218.429 592.571 -0.664304 -0.381037 -0.643048 105 51 41
-43 218.286 592.286 -0.638959 -0.381225 -0.66813 115 61 49
-43 218.143 591.571 -0.623918 -0.384394 -0.680417 129 71 60
-42 217.714 591 -0.557041 -0.420868 -0.715944 132 72 61
-41 217.429 590.286 -0.452312 -0.452933 -0.768287 164 98 84
-40 217.286 590.143 -0.354885 -0.480021 -0.80227 170 100 88
-39.1429 217.143 589.714 -0.196801 -0.527833 -0.826234 165 93 79
-39 217.143 589.714 -0.176476 -0.536743 -0.825084 167 93 80
-38 217.143 589.714 -0.0608562 -0.563189 -0.824084 178 102 86
-37.5714 217.143 589.714 0.0140686 -0.572125 -0.820046 187 111 95
-37 217 589.429 0.0639364 -0.577594 -0.813817 193 118 99
-36 217 589.429 0.1823 -0.579969 -0.793979 197 122 103
-36 217.143 590.143 0.210271 -0.610293 -0.76376 201 126 107
-35 217.143 590.143 0.332991 -0.618815 -0.711467 208 133 114
-34 217.857 590.857 0.515381 -0.617579 -0.59412 208 137 119
-31 219 594.857 0.783064 -0.565442 -0.259009 223 160 142
-30 220 597 0.830281 -0.529692 -0.173375 218 161 144
-29 221.571 600.571 0.857694 -0.503053 -0.106297 220 171 156
-51 220 595.571 0.0747037 -0.657357 -0.749868 71 52 46
-50 220.143 595.714 -0.0383047 -0.631057 -0.77479 88 58 50
-49.1429 220.143 595.714 -0.106649 -0.615458 -0.780921 93 56 48
-49 220.143 595.714 -0.101621 -0.616569 -0.780715 94 54 44
-48 220.143 595.714 -0.331874 -0.54349 -0.771024 98 54 45
-47.2857 220 595 -0.465911 -0.495628 -0.732994 104 57 49
-47 220 595 -0.518415 -0.464072 -0.71825 109 60 53
-46 219.714 594 -0.628872 -0.388216 -0.673653 115 65 56
-45.1429 219.429 593.429 -0.678749 -0.34619 -0.647652 124 71 63
-45 219 592.429 -0.682298 -0.341126 -0.646609 123 71 58
-44 219 592.429 -0.664952 -0.351182 -0.659174 113 59 47
-43 218.429 591.429 -0.623981 -0.371915 -0.68726 122 64 53
-42 218.143 590.571 -0.554611 -0.384288 -0.738058 121 61 50
-41 218.143 590.571 -0.477004 -0.414348 -0.775102 145 81 71
-41 218 589.714 -0.432796 -0.409506 -0.803114 161 95 81
-40 218 589.714 -0.375979 -0.432009 -0.819761 167 97 85
-39 217.857 589.143 -0.225983 -0.456942 -0.860311 168 99 84
-39 218 589.286 -0.24012 -0.452854 -0.858642 171 99 85
-38 217.857 589.143 -0.0762985 -0.493761 -0.866244 177 104 87
-37.2857 218 589.286 0.0194533 -0.50408 -0.863438 180 107 90
-37 217.857 589.143 0.0693639 -0.512301 -0.856 184 109 90
-36 218 589.286 0.165672 -0.524165 -0.835347 186 111 92
-35 218 589.857 0.310816 -0.561127 -0.767157 196 121 102
-34 218 589.857 0.424457 -0.574445 -0.699892 203 132 112
-33 218 591 0.585985 -0.606702 -0.537154 216 148 127
-31 219.857 593.857 0.788372 -0.531612 -0.309608 223 158 138
-30 220.857 596.857 0.837831 -0.514699 -0.182001 222 163 145
-29 221.857 599.857 0.858485 -0.499253 -0.117259 215 166 151
-29 222.571 601.571 0.861728 -0.497832 -0.0979217 212 169 153
-52 220 593.714 0.146778 -0.657974 -0.738597 22 17 14
-52 220.286 594.286 0.147548 -0.652243 -0.743511 44 33 29
-51 220.714 594.714 0.0760944 -0.630633 -0.772341 69 51 47
-50 220.857 595.429 -0.033855 -0.621952 -0.782323 87 58 52
-49.1429 220.857 595.429 -0.0778938 -0.592724 -0.80163 92 57 51
-49 220.857 595.286 -0.0980978 -0.584157 -0.805691 92 54 45
-48 220.857 595.286 -0.283192 -0.541042 -0.791881 95 52 45
-47.1429 220.714 594.857 -0.44914 -0.462322 -0.764547 101 57 48
-47 220.571 594.714 -0.478619 -0.448178 -0.755024 107 60 52
-46 220.286 594 -0.605508 -0.381783 -0.698285 114 65 58
-45 219.714 593.143 -0.676787 -0.3298 -0.658173 123 73 64
-45 219.429 592.429 -0.682394 -0.318288 -0.658051 125 75 64
-44 219.286 592 -0.665342 -0.334664 -0.667323 119 65 53
-43 219.143 591.571 -0.636098 -0.346923 -0.68922 114 60 48
-43 219 591.143 -0.625395 -0.354248 -0.695263 133 75 64
-42 219 590.571 -0.560704 -0.364099 -0.743668 135 75 64
-41 218.857 590.286 -0.485089 -0.376825 -0.789108 147 83 73
-41 218.429 589.714 -0.443292 -0.396614 -0.803859 154 88 74
-40 218.429 589.571 -0.364493 -0.401564 -0.840173 161 91 79
-39 218.286 589.143 -0.221087 -0.43292 -0.8739 170 98 84
-38 218.286 589.143 -0.111696 -0.460114 -0.880806 173 100 83
-37.2857 218.286 589 0.0299076 -0.486182 -0.873346 172 99 82
-37 218.286 589.143 0.0639711 -0.490108 -0.869311 178 105 86
-36 218.286 589.143 0.172135 -0.507919 -0.844031 185 112 93
-35 218.286 589.286 0.288141 -0.525625 -0.800433 198 125 106
-34 218.857 589.857 0.448357 -0.529306 -0.720286 205 134 114
-33 219 590.714 0.608734 -0.557356 -0.564621 222 151 131
-32 219 592 0.691148 -0.561819 -0.454614 223 156 137
-31 220.143 594.143 0.799158 -0.524924 -0.292918 223 160 142
-30 221 595.857 0.833669 -0.505685 -0.221987 222 163 145
-29 222 598.857 0.859467 -0.495589 -0.125332 217 165 151
-28.7143 222.714 600.714 0.866748 -0.487073 -0.107277 218 172 157
-27 224 605 0.876386 -0.474841 -0.0804601 40 2 0
-52 220.429 593.429 0.175617 -0.649923 -0.739432 40 29 27
-50 221.429 595.286 0.000156552 -0.625071 -0.780568 86 59 52
-49.1429 221.429 595.429 -0.0643603 -0.593299 -0.802405 91 58 51
-49 221.286 595.143 -0.049988 -0.597528 -0.800288 93 55 46
-48 221.286 595.143 -0.281025 -0.527434 -0.801772 96 53 46
-47.1429 221.143 594.714 -0.4393 -0.472336 -0.764143 101 57 48
-47 221.143 594.714 -0.455738 -0.454136 -0.765548 107 60 52
-46 220.571 593.714 -0.605673 -0.369799 -0.704563 114 65 58
-45 220.286 592.857 -0.669576 -0.324136 -0.668284 124 74 65
-45 220 591.857 -0.676506 -0.306551 -0.669601 125 75 64
-44 220 591.857 -0.663017 -0.307243 -0.68265 117 63 51
-43 219.857 591.143 -0.636712 -0.310311 -0.705907 106 52 40
-42 219.286 590.143 -0.553893 -0.341799 -0.759194 152 92 81
-41 219.286 590 -0.485233 -0.335826 -0.807323 154 90 80
-41 219 589.286 -0.448358 -0.346908 -0.82379 156 90 76
-40 219 588.714 -0.342734 -0.358481 -0.868346 165 95 83
-39 219 588.714 -0.244454 -0.383024 -0.890806 168 99 84
-38 219 588.714 -0.130572 -0.400966 -0.90674 176 103 86
-37 219 588.429 0.0407731 -0.425323 -0.904123 178 105 86
-36 219 588.429 0.144553 -0.445427 -0.883572 190 118 96
-35 219 589 0.272287 -0.494502 -0.825426 198 126 104
-34 219 589.143 0.407564 -0.488522 -0.771517 205 132 113
-34 219.143 589.857 0.445504 -0.510768 -0.735284 211 138 119
-33 219.143 590.143 0.581039 -0.529512 -0.618071 217 146 126
-32 220 591.286 0.695654 -0.503163 -0.51273 221 153 134
-31 220 592.286 0.746664 -0.500345 -0.438346 223 156 137
-31 220.286 593.286 0.782564 -0.506263 -0.362341 221 158 140
-29 222.143 598.143 0.860306 -0.486269 -0.153023 218 166 152
-28 223 600 0.872162 -0.474558 -0.11886 218 170 156
-27 225.429 606.429 0.885866 -0.458337 -0.0718959 45 11 2
-52 221 593.429 0.194358 -0.646136 -0.738061 38 27 25
-51 221 593.857 0.0660844 -0.651376 -0.755871 64 49 44
-51 221.571 594.571 0.108379 -0.65215 -0.750303 78 55 49
-50 221.714 594.714 0.00633048 -0.606375 -0.795153 88 61 52
-49 221.714 594.857 -0.016969 -0.600597 -0.799372 92 59 50
-48 221.714 594.857 -0.302859 -0.516682 -0.800822 97 54 45
-47.1429 221.571 594.714 -0.416409 -0.475132 -0.775147 102 58 47
-47 221.286 594.286 -0.448363 -0.457239 -0.768051 107 60 50
-46 221.143 593.714 -0.584497 -0.361846 -0.726244 114 66 56
-45 221 593 -0.665174 -0.313792 -0.677553 124 74 65
-45 220.571 592 -0.668376 -0.301451 -0.68 127 77 66
-44 220.571 591.857 -0.66166 -0.289782 -0.691543 122 68 58
-43 220.286 591.143 -0.638359 -0.282321 -0.716096 104 50 38
-43 220.143 590.286 -0.621583 -0.281009 -0.731211 132 74 63
-42 220 590 -0.552695 -0.29329 -0.78007 154 94 83
-41 220 589.429 -0.4793 -0.309665 -0.821206 157 93 83
-41 219.857 589.286 -0.479455 -0.312632 -0.81999 160 94 80
-40 219.571 588.714 -0.3672 -0.332058 -0.86885 169 99 87
-39 219.571 588.714 -0.260205 -0.355358 -0.897783 168 99 83
-38 219.571 588.571 -0.141191 -0.382316 -0.913181 176 103 86
-37 219.429 588.429 0.0350046 -0.410454 -0.911209 185 110 91
-36 219.429 588.429 0.123036 -0.420581 -0.898874 191 116 97
-35 219.429 588.429 0.239073 -0.437808 -0.8667 199 124 103
-34 219.857 589 0.376452 -0.432752 -0.819152 206 134 112
-33 220 589.857 0.550522 -0.469896 -0.690017 217 144 125
-32.1429 220 590.143 0.624342 -0.470354 -0.62367 221 148 129
-32 220.143 591.143 0.694966 -0.499544 -0.517183 220 152 131
-30 221.143 594.143 0.829652 -0.482223 -0.281314 218 157 138
-28 223.143 599 0.878559 -0.457968 -0.135645 215 168 152
-50.8571 222 593.857 0.10742 -0.651269 -0.751206 79 56 48
-50 222 594.571 0.0542156 -0.632117 -0.772974 90 63 54
-49 222 594.714 -0.00298323 -0.610676 -0.791875 93 59 50
-49 222.143 594.857 -0.00298323 -0.610676 -0.791875 93 55 44
-48 222.143 594.857 -0.258006 -0.543793 -0.798575 99 55 46
-47 222 594.286 -0.438261 -0.447701 -0.779417 108 61 51
-46 222 593.429 -0.559777 -0.375032 -0.738918 114 66 54
-45 221.571 593 -0.657517 -0.30044 -0.690947 122 72 61
-45 221.429 592 -0.662624 -0.277517 -0.695639 126 76 65
-44 221 591.143 -0.651147 -0.269519 -0.709483 131 77 67
-43 221 591 -0.637819 -0.264656 -0.723287 110 56 44
-43 220.714 590 -0.608752 -0.265495 -0.747618 128 70 59
-42 220.571 589.714 -0.539481 -0.277296 -0.795026 151 91 80
-41 220.429 589.143 -0.460516 -0.286554 -0.840126 158 94 84
-40 219.857 588.286 -0.339776 -0.317402 -0.885329 167 97 85
-39 219.857 588.286 -0.246509 -0.335777 -0.909113 170 98 83
-39 220 588.429 -0.248233 -0.334347 -0.909171 173 100 85
-38 220 588.429 -0.121854 -0.35669 -0.926242 177 101 85
-37 219.571 587.714 0.0382537 -0.383697 -0.922666 179 103 87
-36 220 588.143 0.114953 -0.394208 -0.911804 190 115 94
-35 220 588.429 0.254633 -0.420813 -0.870677 197 122 101
-34 220 588.429 0.352675 -0.424633 -0.833851 200 128 106
-34 220.143 589.143 0.391889 -0.434153 -0.811132 206 134 112
-33 220.143 589.143 0.487477 -0.43001 -0.759906 215 143 121
-32.1429 221 590.143 0.636431 -0.435296 -0.636768 221 149 127
-31 221 591.143 0.731627 -0.452616 -0.509765 221 155 133
-31 221.286 592.286 0.770654 -0.472602 -0.427481 222 157 135
-30 222 593.286 0.819983 -0.454559 -0.347855 218 157 138
-29.8571 222 594.857 0.84583 -0.466592 -0.258578 217 160 141
-28 223.857 598 0.882685 -0.440708 -0.163229 212 165 149
-27 225.857 604 0.893287 -0.439616 -0.0936789 42 5 0
-51 222 592.857 0.125914 -0.653708 -0.746198 56 42 39
-50.7143 222.714 593.714 0.161924 -0.663983 -0.730005 77 56 51
-50 222.714 593.714 0.118609 -0.651652 -0.749187 85 58 51
-49 222.857 594 0.0413082 -0.632257 -0.773657 91 58 51
-48 222.714 593.857 -0.201782 -0.589435 -0.782209 99 56 47
-47 222.714 593.857 -0.350819 -0.48985 -0.798106 106 58 48
-47 222.571 593.571 -0.364602 -0.486651 -0.793874 112 60 49
-46 222.429 593.429 -0.537243 -0.387075 -0.749362 118 65 51
-45 222 592 -0.643918 -0.285713 -0.709745 130 74 61
-44 221.571 591 -0.646361 -0.251081 -0.720538 135 79 66
-43 221.429 590.143 -0.619381 -0.239295 -0.747733 119 61 47
-42 221 589.571 -0.542814 -0.263246 -0.79753 144 85 69
-41 220.857 589.286 -0.484819 -0.268373 -0.832422 156 94 79
-41 220.714 588.857 -0.456573 -0.272519 -0.846921 155 94 76
-40 220.429 588.286 -0.35297 -0.302009 -0.885552 165 99 83
-39 220.429 588.286 -0.24298 -0.322185 -0.914963 167 102 84
-38 220.429 588.429 -0.135748 -0.332402 -0.933317 169 101 82
-37 220.143 587.714 0.0187441 -0.351386 -0.936043 178 105 88
-36 220.143 588 0.095971 -0.373443 -0.922675 191 116 97
-35 220.286 588.286 0.238708 -0.410273 -0.880168 194 119 100
-34 220.429 588.429 0.35962 -0.418395 -0.834037 201 126 105
-34 220.857 588.857 0.365976 -0.402582 -0.839041 207 132 113
-32 221 589.143 0.587184 -0.401242 -0.703008 213 145 126
-30 222.143 593.143 0.817968 -0.450167 -0.358158 220 155 137
-29.1429 223 594.143 0.847663 -0.440805 -0.295225 218 155 138
-28 224.857 599 0.890215 -0.433925 -0.138661 218 167 148
-27 225 601 0.893285 -0.432884 -0.121055 156 108 88
-50 223 592.714 0.167691 -0.661448 -0.731004 76 55 50
-49 223 593.714 0.0603274 -0.633367 -0.771496 90 57 50
-49 223.143 594 0.0723511 -0.643317 -0.762174 96 57 50
-48 223 593.714 -0.192138 -0.56968 -0.799092 100 57 50
-47 223 593.571 -0.340094 -0.497982 -0.797716 105 57 47
-46 223 592.857 -0.469522 -0.412714 -0.780523 117 63 51
-45 222.714 592.143 -0.615986 -0.295167 -0.730369 125 68 57
-45 222.571 591.571 -0.617315 -0.2731 -0.737793 131 73 61
-44 222 590.571 -0.637872 -0.223548 -0.736984 139 81 69
-43 222 590.571 -0.632399 -0.218717 -0.743124 130 72 60
-43 221.571 589.714 -0.60089 -0.230985 -0.76523 127 67 56
-42 221.429 589.571 -0.55503 -0.233488 -0.798389 142 83 69
-41 221.143 589 -0.480037 -0.251241 -0.840501 158 95 80
-40 221 588.143 -0.351204 -0.265502 -0.897867 165 97 84
-39 221 587.857 -0.25218 -0.282129 -0.92564 169 97 82
-38 221 587.857 -0.13763 -0.300805 -0.943703 171 100 82
-37 221 587.571 0.00201274 -0.309253 -0.950978 180 105 86
-36 221 587.857 0.0799884 -0.339414 -0.93723 184 109 90
-35.8571 221 587.857 0.10934 -0.344978 -0.932221 188 111 93
-35 221 588.143 0.194507 -0.372895 -0.907258 192 115 97
-34 221 588.143 0.351023 -0.391588 -0.850554 197 120 100
-33 221 588.857 0.482339 -0.401001 -0.778811 205 132 115
-32 221.143 589.143 0.590807 -0.396624 -0.702593 209 137 122
-31 222 591 0.731051 -0.427097 -0.532122 214 149 129
-29 223 593.429 0.837151 -0.43622 -0.329985 219 156 141
-28 224 596.286 0.876039 -0.43032 -0.217671 218 161 144
-27 226.143 602.143 0.902646 -0.41546 -0.112356 80 38 24
-51 223 591.571 0.270003 -0.689368 -0.672212 50 36 35
-50 223.714 592.714 0.209157 -0.673096 -0.709362 78 53 48
-48 224 593.429 -0.0569068 -0.619597 -0.782854 101 58 51
-47 223.571 592.571 -0.297661 -0.522751 -0.79883 107 57 48
-46 223.429 592.429 -0.46176 -0.382453 -0.800317 115 63 50
-45 223.286 592 -0.578396 -0.309184 -0.754893 124 67 56
-45 223 591.571 -0.602165 -0.281739 -0.747008 126 70 57
-44 222.571 590.714 -0.630536 -0.212977 -0.746368 137 79 67
-43 222.571 590.571 -0.625534 -0.20475 -0.752851 135 75 64
-43 222.143 589.714 -0.605617 -0.20665 -0.768456 132 70 59
-42 222.143 589.429 -0.557331 -0.211417 -0.802923 139 77 64
-41 222 588.714 -0.467712 -0.217922 -0.856595 153 87 75
-40 221.857 588.143 -0.367941 -0.228985 -0.901213 163 93 81
-39 221.857 588.143 -0.267367 -0.252334 -0.929969 167 98 83
-39 221.571 587.714 -0.258467 -0.256958 -0.931218 172 98 85
-38 221.571 587.571 -0.141231 -0.271978 -0.951883 170 97 82
-37 221.429 587.429 -0.00695957 -0.294689 -0.955568 171 95 81
-37 221.571 587.571 -0.00647792 -0.291383 -0.956584 177 100 84
-36 221.571 587.571 0.0629173 -0.313375 -0.947543 181 104 88
-35 221.571 587.571 0.189087 -0.332998 -0.923774 185 106 89
-34 221.857 587.857 0.317159 -0.330712 -0.888842 192 113 96
-32 222 588.714 0.54198 -0.368815 -0.755138 207 134 119
-31 222.143 590.143 0.701324 -0.411286 -0.582227 213 146 127
-30 223 592 0.792572 -0.412796 -0.448808 219 152 136
-28 224.429 595.429 0.872894 -0.422498 -0.24403 216 159 142
-26 227.571 603.571 0.920724 -0.377154 -0.100114 45 16 8
-51 223.571 591.571 0.286964 -0.697554 -0.656559 44 33 31
-50 223.571 591.571 0.213734 -0.69872 -0.682721 71 52 48
-49 224 592.571 0.0830537 -0.682275 -0.726363 88 57 52
-49 224.286 593.286 0.0745562 -0.673894 -0.735056 96 59 53
-48 224.286 593.286 -0.0394048 -0.631443 -0.77442 98 58 50
-47 224 592.429 -0.248043 -0.548984 -0.79818 106 56 47
-46 224 592.429 -0.398161 -0.428619 -0.81102 111 62 48
-45 223.571 591.571 -0.557316 -0.283784 -0.780298 130 72 60
-44 223.143 590.714 -0.622565 -0.212465 -0.753175 138 78 67
-43 223 589.714 -0.612812 -0.191334 -0.766716 140 78 67
-42 223 589.429 -0.565505 -0.178828 -0.805124 142 78 66
-41 222.571 588.714 -0.474921 -0.206993 -0.855338 160 94 80
-40 222.286 588.143 -0.379639 -0.215327 -0.899727 159 89 77
-39 222.286 588.143 -0.272304 -0.229231 -0.934507 160 91 76
-39 222.143 587.714 -0.272304 -0.229231 -0.934507 164 90 77
-38 222 587.571 -0.153274 -0.253177 -0.955201 163 90 73
-37 222 587.429 -0.00772423 -0.28477 -0.958565 175 98 82
-36 222 587.571 0.0544096 -0.298101 -0.952982 180 101 86
-35 222 587.571 0.182516 -0.324216 -0.928209 180 101 84
-34 222 587.571 0.312249 -0.320946 -0.894144 188 109 92
-33 222 587.857 0.424976 -0.351441 -0.834197 203 126 110
-32 222.714 588.714 0.543402 -0.342476 -0.766436 205 129 115
-32 222.857 588.857 0.550305 -0.336365 -0.764214 206 134 119
-31 223 589.857 0.685297 -0.364066 -0.630734 209 140 124
-30 223.143 591.143 0.776532 -0.390156 -0.494748 218 150 137
-29 224.429 593.429 0.841931 -0.410462 -0.350247 216 154 143
-28 225 594.857 0.871805 -0.40953 -0.268777 218 159 143
-51 224 590.571 0.364863 -0.705715 -0.607323 43 32 30
-50 224 591.571 0.255829 -0.695392 -0.671552 81 57 53
-49 224.429 592.429 0.0953423 -0.690804 -0.716728 89 58 53
-48.4286 224.429 592.429 0.0657492 -0.678412 -0.731734 94 60 51
-48 224.429 592.571 0.0236892 -0.662493 -0.748693 97 57 49
-47 224.429 592.429 -0.140983 -0.610797 -0.779135 106 56 47
-46 224.429 592.429 -0.361566 -0.451116 -0.815944 112 63 49
-45 224 591.286 -0.5436 -0.301278 -0.783409 128 70 58
-44 224 590.714 -0.597374 -0.227764 -0.768939 133 73 62
-43 224 590.429 -0.603312 -0.183831 -0.776029 140 78 65
-43 223.286 589.429 -0.589456 -0.17697 -0.788177 144 82 69
-42 223.143 589.286 -0.560034 -0.173418 -0.810116 145 81 69
-41 223.143 588.714 -0.477355 -0.169445 -0.862219 151 85 73
-41 223 588.571 -0.479661 -0.174745 -0.859878 156 90 74
-40 223 588.143 -0.383781 -0.180773 -0.905557 155 86 71
-39 223 587.571 -0.275996 -0.195118 -0.941146 150 77 62
-38 222.857 587.143 -0.154158 -0.2223 -0.962714 151 78 61
-37 222.857 587.143 -0.0298852 -0.256329 -0.966128 159 82 66
-37 223 587.429 -0.0288946 -0.251109 -0.967527 166 89 71
-36 223 587.429 0.0571161 -0.267403 -0.96189 176 97 80
-35 223 587.429 0.200046 -0.272565 -0.941111 183 102 85
-34 223 587.571 0.318146 -0.285569 -0.90401 187 106 89
-33 223 587.857 0.408479 -0.292696 -0.864566 198 119 104
-32 223 588.286 0.514076 -0.316517 -0.79721 200 122 109
-31 223.571 589.571 0.667877 -0.33537 -0.66443 206 134 119
-30.8571 223.857 589.857 0.687607 -0.319564 -0.651978 215 143 128
-30 224 590.857 0.772997 -0.347922 -0.530496 216 146 134
-29 224 591.714 0.807729 -0.378342 -0.452141 219 151 140
-28 225.286 594.286 0.860389 -0.401209 -0.314265 222 160 145
-27 226 597 0.898782 -0.391876 -0.196528 216 163 147
-26.1429 227.143 599.143 0.915073 -0.371046 -0.158005 174 128 115
-51 224.286 590.286 0.372499 -0.701471 -0.607604 42 32 30
-50 224.571 590.714 0.228189 -0.719885 -0.655512 69 51 49
-49 225 591.714 0.153956 -0.697967 -0.699385 87 58 52
-48.2857 225 592.286 0.0900143 -0.6796 -0.728039 93 59 50
-48 225 592.286 0.0573922 -0.675947 -0.734712 97 57 49
-47 225 592.429 -0.098822 -0.604879 -0.790162 108 58 49
-46 225 592.429 -0.285101 -0.4945 -0.821089 115 65 54
-45 225 591.286 -0.459747 -0.351303 -0.81561 130 70 59
-44 224.429 590.429 -0.571881 -0.227806 -0.788071 136 74 63
-43 224.143 589.286 -0.572426 -0.154058 -0.805354 148 84 72
-42 224 588.714 -0.540068 -0.136716 -0.830443 150 87 72
-39 223.571 587.571 -0.267185 -0.17697 -0.947256 160 88 73
-38 223.286 587.143 -0.156247 -0.209511 -0.965242 168 92 76
-37 223.286 587.143 -0.0346842 -0.232855 -0.971893 171 92 75
-36 223.429 587.429 0.0398486 -0.238331 -0.970366 173 94 77
-35 223.286 587.286 0.194118 -0.259315 -0.946083 179 98 81
-35 223.429 587.429 0.187094 -0.252091 -0.949445 179 98 81
-34 223.429 587.429 0.305648 -0.265787 -0.914296 187 104 90
-34 223.714 587.714 0.321536 -0.258653 -0.910886 192 109 95
-33 223.714 587.714 0.419421 -0.258694 -0.870152 197 115 103
-32 224 588.571 0.544081 -0.259483 -0.7979 200 127 112
-31 224 589 0.610013 -0.275909 -0.742805 206 134 119
-30.8571 224 589.857 0.688405 -0.31565 -0.653042 216 142 129
-30 224.143 590.143 0.738852 -0.322576 -0.591644 217 145 133
-29 225 591.286 0.78406 -0.34749 -0.514297 219 151 140
-28 225.429 593.429 0.851259 -0.394342 -0.346197 219 157 142
-26 227.429 598.429 0.915317 -0.364142 -0.172036 190 142 130
-50 225 590.286 0.297065 -0.712135 -0.636094 63 48 45
-49 225.286 591.286 0.169689 -0.707202 -0.686347 86 57 53
-48 225.571 591.571 0.104418 -0.681341 -0.72448 93 58 52
-47 225.429 591.571 0.00014747 -0.622773 -0.782403 103 56 48
-46.4286 225.429 591.571 -0.11761 -0.577248 -0.808055 110 60 51
-46 225.429 591.571 -0.241558 -0.497553 -0.833121 116 66 55
-45 225.429 591.429 -0.417037 -0.374391 -0.828198 123 69 59
-44.2857 225.143 590.429 -0.494078 -0.245122 -0.834148 131 71 60
-44 225 590.286 -0.548579 -0.2121 -0.808749 137 75 64
-43 225 589.143 -0.542283 -0.155342 -0.825711 147 80 71
-42 224.714 588.857 -0.530795 -0.129261 -0.837585 147 81 69
-41 224.571 588.571 -0.489439 -0.119774 -0.863773 152 82 72
-41 224 588 -0.452437 -0.144648 -0.879987 157 87 75
-40 224 588 -0.383925 -0.145931 -0.91176 160 86 75
-39 224 587.286 -0.275256 -0.153684 -0.949008 165 87 74
-38 223.857 587.143 -0.175235 -0.184576 -0.96707 168 91 75
-37 223.857 587 -0.0619834 -0.203282 -0.977156 170 89 72
-36 224 587.143 0.033271 -0.212449 -0.976605 172 91 74
-35 223.857 587.143 0.193378 -0.238524 -0.951689 182 99 83
-34 223.857 587.286 0.279872 -0.242504 -0.928904 187 104 90
-33.8571 223.857 587.571 0.325785 -0.247519 -0.912468 193 109 98
-33 223.857 587.571 0.40726 -0.246441 -0.879435 197 115 103
-32 223.857 587.714 0.48919 -0.246226 -0.8367 201 121 110
-32 224.429 588.286 0.513258 -0.238651 -0.824386 206 130 116
-31 224.571 588.571 0.596691 -0.24162 -0.765232 211 137 124
-30.5714 225 589.571 0.66354 -0.23207 -0.711237 218 144 131
-30 225 590 0.743759 -0.292037 -0.60128 219 146 137
-29 225.143 591 0.776937 -0.341671 -0.528799 219 149 141
-29 225.857 592 0.788579 -0.344093 -0.50965 223 154 147
-28 226 593.143 0.845429 -0.370231 -0.384941 217 153 141
-28 226.143 594.143 0.867542 -0.383345 -0.316887 218 156 145
-27 227 596 0.901491 -0.368177 -0.227507 219 159 148
-26 228 597.571 0.913787 -0.354916 -0.197555 203 153 144
-26 228.571 599.571 0.926919 -0.339422 -0.160047 120 85 81
-50 225.143 589.571 0.305632 -0.708608 -0.635974 59 43 43
-49.8571 225.857 590.143 0.342489 -0.706612 -0.619194 76 55 52
-49 226 590.714 0.270346 -0.709132 -0.651187 85 56 52
-48 226 591.429 0.162294 -0.692922 -0.70251 99 58 52
-47 226.143 591.571 0.0553275 -0.628647 -0.775721 104 57 49
-46.4286 226.143 591.571 -0.0544651 -0.600159 -0.798024 110 60 53
-46 226 591.429 -0.203196 -0.516437 -0.831868 116 66 57
-45 226 591.286 -0.350555 -0.35658 -0.866003 125 68 59
-44.2857 226 590.429 -0.428744 -0.307161 -0.849606 130 70 60
-44 226 590.286 -0.469437 -0.277937 -0.838081 139 75 65
-43 225.571 589.571 -0.524321 -0.178597 -0.832581 144 77 68
-42.8571 225.286 589.143 -0.53168 -0.163738 -0.830967 145 78 69
-42 225.143 588.857 -0.531562 -0.118994 -0.838619 146 78 67
-41 225 588 -0.471441 -0.113725 -0.874534 157 87 75
-39 224.429 587.429 -0.279331 -0.138944 -0.950089 159 85 72
-39 224.286 587.286 -0.27371 -0.148039 -0.950351 164 86 74
-38 224.286 587.143 -0.181866 -0.172625 -0.968052 165 87 74
-37 224.286 587.143 -0.0691772 -0.192073 -0.97894 169 87 75
-37 224.143 587 -0.0691772 -0.192073 -0.97894 170 88 74
-36 224.143 587 0.0342533 -0.209193 -0.977274 173 90 76
-35 224.143 587 0.18808 -0.221644 -0.956818 178 95 79
-35 224.286 587.143 0.18352 -0.214891 -0.95924 183 100 86
-34 224.286 587.143 0.280697 -0.214385 -0.935547 188 105 91
-33.8571 224.429 587.286 0.304997 -0.212532 -0.928336 194 110 99
-33 224.714 587.571 0.438403 -0.179292 -0.880714 198 116 105
-32 224.714 587.571 0.473122 -0.180338 -0.862342 202 122 111
-32 224.857 588.286 0.531459 -0.187343 -0.826108 207 131 117
-31 225 588.571 0.597946 -0.198718 -0.776512 211 137 124
-30.4286 225.429 589.286 0.651412 -0.207862 -0.729695 218 144 133
-29 226 590.286 0.749512 -0.274182 -0.602542 219 148 142
-28 226.286 592.286 0.807715 -0.336613 -0.484033 217 153 143
-25 229.571 600.571 0.939738 -0.310711 -0.142657 80 58 60
-50 225.857 589.143 0.376546 -0.70932 -0.595884 55 41 38
-49.4286 225.857 589.286 0.319637 -0.704811 -0.633305 71 50 45
-49 226.286 590.143 0.305238 -0.708676 -0.636088 87 56 51
-48 226.571 590.571 0.232684 -0.693557 -0.681789 94 59 53
-48 226.714 590.857 0.235192 -0.686909 -0.687634 100 59 53
-47 226.571 590.714 0.0976748 -0.657468 -0.747124 103 56 48
-46.1429 226.857 591 -0.0590175 -0.586022 -0.808143 112 59 53
-46 226.857 591 -0.0978821 -0.549844 -0.829512 124 61 54
-45 226.857 591 -0.249474 -0.452894 -0.855949 131 64 58
-44.2857 226.286 590.429 -0.415895 -0.317918 -0.852033 132 68 59
-44 226.286 590.286 -0.446361 -0.284379 -0.848464 135 71 62
-43 226 589.429 -0.506172 -0.171356 -0.845238 139 72 63
-42.8571 225.857 589.143 -0.50549 -0.174063 -0.845093 143 75 66
-42 225.286 588.286 -0.503391 -0.122924 -0.85527 149 81 68
-41 225.286 588.286 -0.480053 -0.11041 -0.870263 152 80 68
-40.7143 225 587.714 -0.423134 -0.112092 -0.899107 156 80 67
-40 225 587.714 -0.391377 -0.111119 -0.913497 164 84 73
-39 225 587 -0.289269 -0.109508 -0.950963 169 87 75
-38 225 586.857 -0.203398 -0.121165 -0.97157 168 84 74
-37 225 586.857 -0.0842996 -0.146406 -0.985626 168 84 74
-36 225 586.857 0.0300088 -0.142611 -0.989324 173 88 81
-35 225 586.857 0.173801 -0.150793 -0.973167 176 91 86
-34 225 587.143 0.283334 -0.161937 -0.945251 189 102 95
-33.8571 225 587.143 0.293895 -0.165036 -0.941482 194 109 102
-33 225 587.571 0.435176 -0.165812 -0.884945 198 120 108
-32 225 587.714 0.494086 -0.161889 -0.854208 200 126 113
-32 225.429 588.143 0.51066 -0.148885 -0.846794 206 132 121
-31 225.429 588.286 0.585272 -0.157098 -0.795473 214 140 131
-30.2857 225.857 589.143 0.645787 -0.190779 -0.739299 215 145 137
-30 225.857 589.143 0.660018 -0.198555 -0.724535 214 145 138
-29 226.286 590.143 0.737942 -0.257782 -0.62369 213 150 143
-29 226.714 590.857 0.741454 -0.280548 -0.60954 218 153 147
-28 227 591.857 0.812268 -0.30986 -0.494174 222 153 148
-27.1429 227.143 593 0.848068 -0.32441 -0.418974 227 156 152
-25 230 599.857 0.944932 -0.287861 -0.155687 85 65 54
-50 226 588.429 0.413612 -0.7028 -0.57879 48 37 33
-49.2857 226.286 589 0.383599 -0.70098 -0.60123 69 48 45
-49 226.571 589.571 0.355318 -0.700983 -0.618363 85 54 51
-46.1429 227.143 590.714 -0.0136089 -0.596749 -0.802312 113 60 54
-44.2857 227.143 590.429 -0.321226 -0.406622 -0.855261 131 67 58
-44 227 590.143 -0.366249 -0.344368 -0.864449 135 71 62
-43 226.429 589.429 -0.476956 -0.200655 -0.855716 138 71 62
-43 226.286 589.286 -0.486297 -0.189046 -0.853098 141 73 64
-42 226 588.429 -0.502152 -0.123954 -0.85585 147 77 65
-41 226 588 -0.466732 -0.0917722 -0.879624 154 78 65
-40 226 587.714 -0.384185 -0.0623932 -0.921145 162 82 71
-39 226 587 -0.289942 -0.0521698 -0.955621 170 86 75
-38 225.857 586.857 -0.202443 -0.0668096 -0.977012 170 86 76
-37 225.571 586.571 -0.0812214 -0.0900593 -0.992619 168 84 74
-37 225.429 586.429 -0.0842878 -0.112701 -0.990048 171 86 79
-36 225.429 586.429 0.0250095 -0.118562 -0.992632 173 88 81
-35 225.286 586.286 0.167511 -0.144363 -0.975243 178 90 86
-35 225.429 586.429 0.174923 -0.126081 -0.976476 184 96 92
-34 225.857 586.857 0.285727 -0.0980844 -0.953278 188 100 96
-33.8571 225.857 587 0.295422 -0.0982866 -0.950298 194 109 104
-33 225.857 587.286 0.414747 -0.124518 -0.901377 197 119 109
-32 225.857 587.429 0.485051 -0.12324 -0.865758 201 124 114
-32 226 588.143 0.516328 -0.127014 -0.84692 209 132 124
-31 226 588.286 0.585827 -0.143172 -0.797689 216 139 133
-30.1429 226.143 589 0.641923 -0.178195 -0.745776 215 142 135
-30 226.286 589.143 0.659997 -0.185392 -0.728034 214 143 137
-29 226.857 590 0.719355 -0.24155 -0.651292 217 152 146
-29 227 590.429 0.726569 -0.254997 -0.638024 219 154 148
-28 227.429 591.429 0.788794 -0.288882 -0.542542 221 150 146
-27 228 592.286 0.82931 -0.295844 -0.474048 225 151 148
-25 230.286 599.143 0.945476 -0.283549 -0.160234 96 72 62
-50 226.571 587.857 0.466108 -0.697889 -0.543778 41 31 29
-49 226.714 588 0.417565 -0.704462 -0.57391 67 48 44
-49 227 588.857 0.380442 -0.706991 -0.596177 83 54 50
-48 227 589.286 0.309154 -0.693946 -0.650279 91 56 52
-48 227.143 589.857 0.304586 -0.692189 -0.654295 98 57 51
-47 227.143 589.857 0.18897 -0.658941 -0.728071 101 56 50
-46 227.143 590 0.0240119 -0.596822 -0.802014 117 60 53
-45 227.143 590 -0.212585 -0.485206 -0.848164 124 61 56
-44.1429 227.143 589.714 -0.326459 -0.399352 -0.856705 128 65 56
-44 227.143 589.714 -0.340343 -0.372914 -0.863193 135 68 60
-43 227 589.286 -0.441429 -0.227121 -0.868077 137 70 61
-42 227 588.429 -0.448959 -0.122971 -0.88505 147 75 63
-41 227 588 -0.425879 -0.0461397 -0.903603 153 75 63
-40 227 588 -0.375089 -0.0147081 -0.926872 160 78 67
-39 226.143 587.143 -0.295296 -0.0484417 -0.954177 162 80 68
-38 226 586.857 -0.202884 -0.0602865 -0.977345 171 87 77
-37 226 586.429 -0.0776312 -0.0741338 -0.994222 171 86 79
-36 226 586.429 0.0219831 -0.0816216 -0.996421 174 89 82
-35 226 586.429 0.176197 -0.0888584 -0.980336 185 97 93
-34 226 586.857 0.273629 -0.0948319 -0.957149 188 103 98
-33.8571 226 586.857 0.289978 -0.0961515 -0.952191 196 113 109
-33 226.571 587.429 0.412139 -0.0753536 -0.908 196 117 110
-32 226.571 587.429 0.48175 -0.0876393 -0.871915 199 122 114
-32 226.857 588.143 0.505155 -0.0802442 -0.85929 209 130 125
-31 226.857 588.143 0.557018 -0.120266 -0.821746 215 136 131
-30.1429 227 589 0.624046 -0.167581 -0.763206 214 139 134
-30 227 589 0.628485 -0.170677 -0.758865 215 142 136
-29 227.143 590 0.715069 -0.235545 -0.658176 217 150 144
-29 227.429 590.429 0.720439 -0.246554 -0.648212 220 153 147
-28 228 591.429 0.772602 -0.268284 -0.575421 221 150 144
-27 228.286 592.143 0.827209 -0.287679 -0.482665 224 151 145
-27 228.857 593.143 0.869985 -0.272022 -0.411255 222 153 148
-26 229 594.571 0.910241 -0.285723 -0.299707 225 162 155
-25 230.857 598.286 0.94201 -0.263555 -0.20774 108 79 71
-50 226.714 587 0.49182 -0.693871 -0.525981 36 28 25
-49 227.429 588.429 0.414547 -0.705296 -0.575072 83 53 51
-47 228 589.857 0.259077 -0.663111 -0.702256 100 55 50
-46 228 589.857 0.0970114 -0.587035 -0.803728 108 57 53
-45 228 589.857 -0.0968664 -0.523378 -0.846577 122 61 58
-44.1429 228 589.857 -0.254318 -0.424466 -0.868995 128 63 57
-44 228 589.714 -0.294561 -0.403448 -0.866293 136 67 62
-43 228 589.429 -0.344833 -0.259234 -0.902157 139 70 63
-42.1429 228 589.143 -0.377258 -0.146452 -0.914455 144 71 65
-42 227.571 588.571 -0.408244 -0.133164 -0.903108 148 75 66
-41 227.286 588.286 -0.419024 -0.044996 -0.90686 152 75 67
-41 227.143 588.143 -0.42808 -0.0497134 -0.902373 154 76 64
-39 227 587.286 -0.294074 0.0145519 -0.955672 172 88 77
-38 226.857 586.857 -0.215128 -0.00374532 -0.976579 173 89 79
-37 226.429 586.429 -0.0856299 -0.0398454 -0.99553 170 86 76
-36 226.429 586.429 0.00920882 -0.0695629 -0.997535 178 94 84
-35 226.429 586.429 0.180393 -0.0824306 -0.980134 182 97 90
-35 227 586.429 0.166529 -0.0641371 -0.983948 186 101 96
-34 227 586.857 0.277925 -0.0579028 -0.958856 191 108 104
-33.8571 227 586.857 0.282619 -0.0578671 -0.957485 199 115 113
-33 227 587.429 0.415624 -0.0597515 -0.907572 197 118 114
-32 227 587.429 0.477765 -0.0780381 -0.875014 199 120 116
-32 227.286 588.143 0.503766 -0.06906 -0.861075 210 129 126
-31 227.571 588.429 0.539221 -0.113485 -0.834483 216 135 132
-30 227.857 588.857 0.61373 -0.172301 -0.770486 215 137 133
-29 228 589.714 0.68025 -0.207176 -0.703092 214 143 137
-28 228.143 591 0.751145 -0.270451 -0.602194 221 150 144
-27 228.571 591.571 0.800112 -0.264399 -0.538436 224 151 145
-26 230 594.286 0.909109 -0.260562 -0.325005 224 157 149
-25 231 597.571 0.941992 -0.256607 -0.216343 117 83 74
-50 227.286 586.714 0.497677 -0.692841 -0.521813 32 24 22
-49 227.286 587.286 0.454097 -0.698111 -0.553568 61 43 43
-49 227.571 587.714 0.44122 -0.702849 -0.557968 82 54 53
-48 228 588.286 0.397451 -0.701131 -0.591987 92 57 55
-47 228.286 589.286 0.312632 -0.668404 -0.674905 100 55 50
-46 228.571 589.571 0.172547 -0.611652 -0.772081 108 57 54
-45 228.571 589.571 -0.0413694 -0.537309 -0.84237 123 62 59
-44 228.429 589.286 -0.217523 -0.43101 -0.875736 138 69 64
-43 228.286 589.143 -0.315128 -0.282061 -0.906165 142 71 65
-42.2857 228.286 589.143 -0.344198 -0.174932 -0.922457 145 72 66
-42 228 588.286 -0.380413 -0.137152 -0.91459 149 76 67
-41 227.714 587.857 -0.37622 -0.0419648 -0.92558 154 77 69
-40.7143 227.714 587.857 -0.374815 -0.0190442 -0.926904 156 78 66
-40 227.429 587.429 -0.362648 0.00940956 -0.931879 159 79 68
-39 227.429 587.429 -0.284947 0.0331125 -0.957971 166 84 73
-39 227.143 586.857 -0.284883 0.025362 -0.958227 172 90 79
-38 227.143 587 -0.209647 0.0241272 -0.97748 173 91 80
-37 227 586.429 -0.113527 -0.0176101 -0.993379 175 92 84
-36 227.429 586.429 -0.0156101 -0.03696 -0.999195 182 99 91
-35 227.429 586.429 0.160758 -0.0635682 -0.984945 185 105 96
-35 227.286 586.286 0.163564 -0.0594702 -0.984739 188 108 101
-34 227.857 586.857 0.275323 -0.080462 -0.957979 192 111 108
-33.8571 227.857 586.857 0.288183 -0.0748948 -0.954642 197 116 115
-33 227.857 587.429 0.410644 -0.0828655 -0.908022 197 117 116
-32 227.857 587.429 0.470419 -0.101364 -0.876602 199 119 118
-32 228 588.143 0.490696 -0.091578 -0.866505 211 130 129
-31 228 588.286 0.530772 -0.120939 -0.838841 219 138 137
-30.1429 228.143 589 0.599558 -0.171294 -0.781785 218 139 135
-30 228.143 589 0.613981 -0.175375 -0.769591 217 139 135
-29 228.714 589.857 0.657426 -0.225392 -0.71902 213 140 134
-29 228.857 590 0.670386 -0.232961 -0.704494 212 141 135
-28 229 590.714 0.738803 -0.250475 -0.625646 221 148 142
-27 229 591.429 0.799667 -0.271332 -0.535641 223 150 144
-27 229.429 592.429 0.848498 -0.256803 -0.462714 221 152 145
-26 230.143 593.714 0.908345 -0.254019 -0.33224 223 156 148
-25 231.143 597.143 0.938416 -0.243481 -0.245137 127 88 81
-49 228 586.714 0.475925 -0.702684 -0.528896 55 39 39
-48 228.286 588.286 0.405921 -0.696841 -0.591305 89 55 54
-47.2857 228.286 588.286 0.397584 -0.683447 -0.612232 95 55 53
-46 229 589.286 0.210743 -0.631439 -0.746239 108 57 54
-45 229 589.571 0.016291 -0.552778 -0.833169 124 63 62
-44 228.857 589.143 -0.149971 -0.442742 -0.884018 140 70 68
-43 228.857 589.143 -0.233861 -0.297758 -0.925554 144 73 69
-42 228.286 588.286 -0.363225 -0.159219 -0.917996 152 79 72
-41 228.143 587.857 -0.349077 -0.0443415 -0.936044 157 80 74
-40.7143 228.143 587.857 -0.344358 -0.0248621 -0.938509 157 80 70
-40 228 587.571 -0.345267 0.0224171 -0.938237 160 82 72
-39 228 587.429 -0.28778 0.0451865 -0.95663 169 89 80
-38 228 587 -0.229824 0.0481129 -0.972042 172 92 83
-37 228 586.714 -0.154526 0.00931401 -0.987945 174 95 88
-36 228 586.714 -0.0353246 -0.0246384 -0.999072 181 102 95
-35 228 586.571 0.133063 -0.0512037 -0.989784 189 111 107
-34 228.286 587.286 0.292383 -0.0785346 -0.953071 194 116 112
-33 228.571 587.571 0.397107 -0.105695 -0.911666 197 117 118
-32 228.571 587.571 0.458528 -0.107168 -0.882194 199 119 120
-32 228.857 588.286 0.464594 -0.137031 -0.874857 208 126 128
-31 229 588.714 0.519333 -0.180652 -0.835259 219 137 139
-30 229 588.714 0.58453 -0.206473 -0.784661 219 141 137
-29 229 589.571 0.658474 -0.235471 -0.714818 212 139 133
-29 229.143 589.857 0.661776 -0.247321 -0.707732 211 138 132
-28 229.286 590.286 0.731606 -0.255503 -0.632037 215 144 138
-27 229.714 590.857 0.784119 -0.253121 -0.566645 217 146 140
-27 230 592.143 0.827607 -0.244308 -0.505351 219 152 144
-26 230.571 593.571 0.898929 -0.241423 -0.365569 221 157 148
-26 231.143 594.857 0.917604 -0.234903 -0.32066 225 163 152
-25 232 596.857 0.94699 -0.217337 -0.236591 140 97 90
-49 228.286 586.143 0.481802 -0.702571 -0.523699 49 35 35
-49 228.857 587 0.476213 -0.703793 -0.527159 74 50 50
-48 229 587.286 0.468816 -0.696579 -0.543129 85 54 52
-47.1429 229 588.143 0.410633 -0.676892 -0.6109 92 54 53
-47 229 588.143 0.406801 -0.670207 -0.620754 97 53 50
-46 229.143 588.857 0.256404 -0.631975 -0.731345 107 57 56
-45 229.143 588.857 0.0891043 -0.5557 -0.826594 124 63 62
-44 229.143 588.857 -0.126801 -0.459519 -0.87907 131 66 64
-44 229.286 589.143 -0.103528 -0.442731 -0.890658 140 70 70
-43 229.286 589 -0.172727 -0.342304 -0.923576 145 74 72
-42 229 588 -0.240133 -0.194322 -0.951092 155 82 76
-41 229 587.857 -0.282263 -0.0687286 -0.956872 157 82 77
-40.7143 229 587.857 -0.276009 -0.0324956 -0.960606 159 82 76
-40 229 587.571 -0.298005 -0.000320249 -0.954564 160 83 77
-39 229 587.429 -0.286547 0.0297227 -0.957605 168 91 83
-38 229 587.429 -0.251556 0.0354681 -0.967193 172 95 89
-37 228.714 586.714 -0.163799 0.0085457 -0.986457 174 97 91
-36 228.714 586.714 -0.0633191 -0.0231569 -0.997725 181 106 101
-35 228.714 586.714 0.116069 -0.0936308 -0.988818 185 112 106
-35 228.571 586.571 0.118897 -0.0865567 -0.989127 189 114 111
-33 229 587.571 0.391763 -0.155942 -0.906754 200 120 123
-32 229 587.571 0.45701 -0.170614 -0.872945 201 121 124
-31 229.714 588.714 0.506804 -0.235998 -0.829129 212 132 133
-30 229.714 588.714 0.556058 -0.243519 -0.794668 215 137 135
-29 230 589.286 0.633739 -0.27565 -0.722767 211 136 131
-28 230 590 0.717655 -0.263238 -0.644731 213 142 138
-27 230.143 590.857 0.791972 -0.234877 -0.563572 214 145 140
-27 230.714 591.857 0.825197 -0.225738 -0.517776 215 151 142
-26 231 593 0.889189 -0.221566 -0.400313 220 156 147
-26 231.571 594.714 0.919316 -0.222403 -0.324645 225 163 152
-25 232.571 596.571 0.939818 -0.189337 -0.284418 149 106 99
-49 229 585.429 0.513106 -0.70068 -0.495752 41 29 29
-48.8571 229 586.143 0.498174 -0.700187 -0.51143 69 48 47
-48 229.143 587 0.479268 -0.694657 -0.536428 83 53 53
-47 229.286 587.286 0.447545 -0.673522 -0.588278 89 54 52
-47 229.714 587.714 0.444145 -0.667628 -0.597501 95 54 52
-46 229.857 588 0.366443 -0.649354 -0.666378 106 58 56
-45.8571 229.857 588.571 0.302082 -0.634148 -0.71176 114 60 58
-45 230 588.714 0.168222 -0.555594 -0.814259 124 62 63
-44 230 588.714 0.0576547 -0.455634 -0.888298 139 69 71
-43 230 589 -0.0911291 -0.318597 -0.943499 145 73 74
-42 229.714 588 -0.123638 -0.217937 -0.9681 155 81 78
-41 229.714 587.857 -0.177233 -0.103761 -0.978684 158 83 80
-40.7143 229.714 587.857 -0.205023 -0.0797272 -0.975504 159 84 79
-40 229.714 587.714 -0.257567 -0.0426071 -0.965321 161 86 81
-39 229.571 587.571 -0.285931 -0.0092558 -0.958206 167 90 84
-38 229.429 587.429 -0.253617 0.010557 -0.967247 178 100 96
-37 229.143 587.143 -0.180895 0.00125688 -0.983502 181 103 99
-37 229 586.714 -0.170602 0.000901172 -0.98534 183 109 106
-36 229 586.714 -0.0639625 -0.0563066 -0.996363 186 112 109
-35 229 586.571 0.105922 -0.119981 -0.98711 191 117 116
-34 229 586.857 0.27342 -0.172168 -0.946361 197 123 122
-34 229.286 587.286 0.243208 -0.191232 -0.950937 197 121 121
-33 229.286 587.286 0.395142 -0.21624 -0.892806 204 125 128
-32 229.571 587.571 0.465158 -0.244092 -0.85091 203 124 127
-31 230 588.429 0.491176 -0.292079 -0.820632 205 126 129
-30 230 588.714 0.557217 -0.270801 -0.784969 196 121 118
-29 230.286 589 0.61265 -0.325653 -0.720146 206 131 126
-29 230.571 589.571 0.645546 -0.321242 -0.692874 207 134 128
-28 230.714 589.857 0.710393 -0.300688 -0.63634 214 143 139
-27 231 590.571 0.792487 -0.262312 -0.550597 214 147 141
-26 231.714 592.857 0.891426 -0.216415 -0.39815 217 154 145
-26 232.143 594.143 0.918347 -0.205564 -0.338205 221 159 148
-25 233 596 0.940708 -0.174369 -0.290971 153 110 103
-49 229.143 584.857 0.532322 -0.694968 -0.483377 40 28 28
-48.5714 229.571 585.714 0.520715 -0.694085 -0.497094 63 45 43
-48 229.857 586.143 0.50329 -0.687993 -0.522842 81 55 54
-47 230 586.714 0.480282 -0.68154 -0.552116 91 56 54
-46 230 587.571 0.401857 -0.652437 -0.642523 105 54 53
-45.7143 230 587.714 0.364799 -0.634749 -0.681187 114 60 58
-45 230.286 588 0.240328 -0.57208 -0.784198 121 63 61
-44 230.286 588 0.121536 -0.470273 -0.874113 127 66 61
-44 230.429 588.286 0.148136 -0.481989 -0.863564 137 72 66
-43 230.429 588.286 0.00284734 -0.341777 -0.939777 146 77 72
-42 230.429 588.143 -0.0710544 -0.233763 -0.969694 161 83 81
-41 230.429 588.143 -0.130926 -0.16062 -0.978294 161 81 80
-40.7143 230.429 588.143 -0.158429 -0.124685 -0.979466 162 82 81
-40 230.143 588 -0.254834 -0.0828232 -0.963431 167 87 86
-39 230.143 587.857 -0.292839 -0.0615913 -0.954176 173 98 95
-38 230.143 587.857 -0.271102 -0.0657827 -0.9603 175 104 100
-37 230 587.143 -0.20762 -0.0923682 -0.973839 184 113 109
-36 230 586.857 -0.130681 -0.200303 -0.97098 190 114 114
-35 230 586.286 0.0105659 -0.315838 -0.948754 199 120 123
-34 230 586.571 0.220534 -0.374121 -0.900776 197 121 123
-33.8571 230 587.143 0.22732 -0.334564 -0.914545 200 124 128
-33 230 587.143 0.354202 -0.350497 -0.867002 203 127 129
-32 230.143 587.429 0.447307 -0.378695 -0.810251 209 133 135
-31 230.429 588.429 0.502349 -0.34024 -0.79491 201 125 125
-30 230.429 588.429 0.530896 -0.322866 -0.783522 195 121 120
-30 230.714 588.714 0.539207 -0.350982 -0.76555 187 113 112
-29 230.714 588.714 0.596438 -0.342851 -0.725751 201 127 124
-28 231 589.714 0.716933 -0.307888 -0.62547 214 139 133
-27 231.714 590.714 0.80391 -0.251318 -0.539043 216 141 135
-26 232 592.143 0.879212 -0.19891 -0.432921 223 148 142
-26 232.857 594 0.917622 -0.183581 -0.352517 232 157 151
-25 233.714 595.857 0.942375 -0.168491 -0.289032 163 110 106
-49 229.429 584.571 0.537363 -0.693935 -0.479266 34 24 25
-48.1429 229.857 585 0.533128 -0.690005 -0.489559 55 39 39
-47 230.143 586 0.509223 -0.678734 -0.529162 89 55 54
-46 230.714 586.714 0.474435 -0.672049 -0.56856 104 54 55
-45.7143 230.857 587.571 0.434988 -0.640252 -0.633137 111 60 57
-45 230.857 587.571 0.339752 -0.604412 -0.720593 120 62 60
-44 231 588 0.206581 -0.498045 -0.842185 127 66 61
-43 231 588.286 0.0789515 -0.400996 -0.912671 145 75 73
-42 231 588.143 -0.0146645 -0.279756 -0.959959 160 84 84
-41 231 588 -0.113197 -0.213592 -0.970343 160 82 82
-40.7143 231 588.143 -0.117511 -0.198697 -0.972991 161 83 83
-40 231 588 -0.217308 -0.154958 -0.963725 168 90 90
-39 231 587.857 -0.299128 -0.126948 -0.945731 170 96 95
-38 231 587.714 -0.321617 -0.153687 -0.934314 168 98 96
-37 231 587 -0.265435 -0.243825 -0.932788 173 102 100
-36 230.714 586.714 -0.158451 -0.291924 -0.943225 176 105 103
-35 230.571 586.714 -0.0232676 -0.323963 -0.945784 185 111 112
-35 230.286 586.286 -0.0354379 -0.327865 -0.94406 190 115 119
-34 230.286 586.286 0.185512 -0.382072 -0.905321 204 134 136
-33.8571 230.857 587 0.226418 -0.424335 -0.876741 204 133 137
-33 230.857 587.143 0.322023 -0.450989 -0.832412 200 128 131
-32 230.857 587.143 0.426158 -0.466594 -0.775035 196 124 127
-31 231 588 0.493073 -0.412289 -0.766092 201 127 128
-30.1429 231.143 588.429 0.533755 -0.375722 -0.757587 199 125 124
-30 231 588.571 0.542271 -0.360226 -0.759065 187 113 112
-29 231 588.714 0.594236 -0.359258 -0.719595 197 122 119
-29 231.429 589.286 0.659795 -0.329334 -0.675434 205 130 127
-28 231.714 589.714 0.739405 -0.316183 -0.594397 213 138 133
-27 232 590.429 0.804773 -0.278084 -0.524414 215 140 135
-26 233 592.143 0.897787 -0.184763 -0.399801 222 147 141
-25 234 595.571 0.943636 -0.158291 -0.29068 166 115 111
-48.1429 230.143 584.571 0.548503 -0.684458 -0.480272 47 36 34
-48 230.143 585 0.539132 -0.686466 -0.487956 73 52 51
-47 230.714 585.714 0.525198 -0.68165 -0.509431 87 56 54
-47 230.857 585.857 0.527265 -0.681126 -0.507995 95 53 54
-45 231 586.714 0.443005 -0.643253 -0.624478 111 60 59
-45 231.429 587.143 0.439684 -0.627628 -0.642465 119 61 60
-44 231.429 587.143 0.321644 -0.56966 -0.756328 127 66 63
-44 231.571 587.714 0.264868 -0.542098 -0.79748 139 71 68
-43 231.571 587.857 0.150015 -0.438997 -0.885876 146 78 75
-42 231.714 588.143 0.0816689 -0.372672 -0.924362 157 86 84
-41 231.714 588 -0.0580055 -0.261757 -0.963389 155 81 80
-40.7143 231.714 588 -0.0926225 -0.26414 -0.960027 156 80 82
-40 231.857 587.857 -0.165282 -0.279361 -0.945854 166 90 92
-39 231.857 587.857 -0.278005 -0.241185 -0.929808 170 98 99
-38 231.714 587.714 -0.331061 -0.249656 -0.909984 169 101 100
-36 231 586.286 -0.236213 -0.360555 -0.902332 182 114 115
-35 231 586.143 -0.0886211 -0.439296 -0.893961 189 121 122
-35 230.857 586 -0.0858837 -0.419198 -0.903823 197 128 131
-34 231 586.286 0.145416 -0.483322 -0.863281 206 142 143
-33.2857 231.143 586.429 0.24226 -0.542563 -0.804323 213 147 151
-33 231.143 586.714 0.27938 -0.539436 -0.794327 210 144 146
-32 231.143 586.714 0.376982 -0.553243 -0.742837 196 125 129
-31 231.429 587.571 0.49397 -0.48225 -0.723483 188 113 117
-30 231.714 587.857 0.534517 -0.478698 -0.69652 198 122 124
-29 232 588.429 0.622398 -0.436326 -0.6498 196 118 118
-28 232 589.429 0.716106 -0.337668 -0.610878 213 135 131
-27 232.429 590.429 0.81251 -0.269123 -0.517108 216 138 134
-26 233.143 592 0.901147 -0.186764 -0.391221 220 147 140
-26 234 593.857 0.92269 -0.15466 -0.353161 229 159 151
-25 234.143 595.143 0.943903 -0.14836 -0.295018 172 123 118
-48 230.857 584.143 0.563439 -0.682336 -0.465783 41 31 29
-47 231 584.857 0.542955 -0.680391 -0.492207 83 53 53
-46 231 585.857 0.504378 -0.679847 -0.532364 106 56 59
-45 231.571 586.571 0.45967 -0.636608 -0.619221 112 58 58
-44 231.714 587.143 0.328317 -0.566265 -0.756011 126 65 64
-44 231.857 587.286 0.328288 -0.579627 -0.745828 137 72 70
-43 232.286 587.857 0.205158 -0.495586 -0.843981 145 80 78
-42 232.286 587.857 0.107461 -0.440607 -0.891245 150 80 80
-42 232.429 588.143 0.107461 -0.440607 -0.891245 149 79 79
-41 232.286 588 -0.00138107 -0.379728 -0.925097 146 74 75
-40.7143 232.286 588 -0.0591109 -0.367508 -0.92814 150 78 79
-40 232 587.714 -0.157073 -0.29753 -0.941703 161 89 90
-39 232 587.857 -0.286574 -0.264461 -0.920834 163 95 96
-38 232 587 -0.371145 -0.329735 -0.868059 168 104 104
-37 231.286 586.286 -0.301406 -0.329085 -0.894907 173 111 112
-36 231.286 586.286 -0.254706 -0.378727 -0.88977 181 119 120
-35 231.143 586 -0.100251 -0.443586 -0.890607 193 131 134
-34 231.143 586 0.107566 -0.516607 -0.849439 201 141 143
-33.2857 231.286 586.143 0.232635 -0.564923 -0.791671 215 153 158
-33 231.286 586.429 0.302021 -0.552031 -0.777203 222 157 161
-32 231.429 586.571 0.376761 -0.576491 -0.725058 205 136 141
-32 231.571 586.714 0.396445 -0.573074 -0.717229 184 112 116
-31 231.857 587 0.495856 -0.565192 -0.659306 177 100 106
-30 232 587.571 0.530379 -0.521287 -0.66855 201 120 126
-28 233 589.429 0.784762 -0.353876 -0.508842 210 131 127
-27 233 589.857 0.826563 -0.282978 -0.486535 214 136 132
-27 233.143 590.857 0.860887 -0.230247 -0.453717 220 145 139
-26 233.714 591.857 0.905899 -0.172287 -0.386865 220 147 140
-26 234.429 593.429 0.925691 -0.142389 -0.35046 225 157 148
-25 235 595 0.947532 -0.136426 -0.289087 171 124 118
-48 231 583.429 0.571269 -0.681757 -0.457011 35 27 24
-48 231.143 584.143 0.568918 -0.681704 -0.460013 59 44 41
-47 231.429 584.429 0.561916 -0.679457 -0.471793 80 52 51
-47 231.857 584.857 0.560794 -0.67992 -0.47246 92 52 52
-45 232 585.714 0.513328 -0.651594 -0.558498 112 58 58
-44 232 586.571 0.39691 -0.603227 -0.691795 124 64 63
-44 232.429 587 0.385488 -0.598406 -0.702359 134 70 68
-43 232.571 587.286 0.2269 -0.532363 -0.81554 138 74 72
-42 232.571 587.571 0.122018 -0.471923 -0.873155 140 72 71
-42 232.714 587.714 0.123376 -0.48554 -0.865465 139 71 72
-41 232.714 587.857 -0.00100951 -0.43823 -0.898862 142 72 74
-40.7143 232.714 587.857 -0.0289534 -0.421188 -0.906511 150 80 82
-40 232.714 587.857 -0.171905 -0.380906 -0.908493 158 88 90
-39 232.429 587.429 -0.285369 -0.350205 -0.892144 162 96 98
-37 232 586.143 -0.346461 -0.395266 -0.850723 175 115 115
-36 232 585.857 -0.297418 -0.466126 -0.833228 183 123 123
-35 232 585.429 -0.173853 -0.54328 -0.821353 194 134 136
-34 231.857 585.143 -0.008476 -0.59153 -0.806238 202 142 144
-33 231.857 585.143 0.155637 -0.638738 -0.753519 210 148 153
-33 232 585.714 0.179816 -0.635345 -0.751001 216 151 155
-32 232 585.714 0.315748 -0.642089 -0.698588 205 136 141
-31 232.143 586.429 0.437947 -0.610772 -0.659666 185 108 114
-30 232.143 586.857 0.519027 -0.566629 -0.639955 191 112 117
-30 232.429 587.286 0.528459 -0.564337 -0.634236 189 108 114
-29 232.429 587.429 0.590718 -0.509187 -0.625924 183 101 103
-28 233.143 588.857 0.738947 -0.382274 -0.554819 205 125 124
-27 234 590.714 0.875981 -0.23129 -0.423276 222 147 141
-26 234.143 591.857 0.917352 -0.167397 -0.36117 221 148 141
-25 235.714 594.857 0.944048 -0.122711 -0.306131 167 118 113
-48 231.286 583.286 0.579933 -0.679974 -0.448678 54 40 37
-47 231.571 583.571 0.570173 -0.681274 -0.459096 79 53 52
-46.4286 232 584.429 0.5618 -0.679624 -0.471691 96 56 56
-45 232.571 585.571 0.52779 -0.662364 -0.531707 115 59 60
-43 233 587.286 0.25458 -0.55954 -0.788736 128 67 66
-42 233 587.286 0.166815 -0.537482 -0.826611 132 66 67
-41 233 587.714 0.0285345 -0.465255 -0.884716 145 76 79
-40.7143 233 587.714 -0.026164 -0.452921 -0.891167 153 84 87
-40 233 587.714 -0.151228 -0.409284 -0.899787 158 89 92
-39 233 587.429 -0.269754 -0.415165 -0.868833 159 93 95
-38 233 586.571 -0.365432 -0.449783 -0.814957 169 107 110
-37 232.714 585.714 -0.379607 -0.494029 -0.782198 177 117 119
-36 232.714 585.714 -0.326147 -0.532819 -0.780853 184 124 126
-34 232.143 585 -0.0298488 -0.60371 -0.796645 205 140 146
-33 232.143 585 0.123431 -0.657525 -0.743254 209 142 149
-33 232.286 585.143 0.12274 -0.653799 -0.746647 206 140 144
-32 232.429 585.429 0.303985 -0.668453 -0.678796 198 127 133
-30 233 586.571 0.526594 -0.60871 -0.593439 198 122 126
-29 233 587.429 0.622062 -0.519147 -0.586111 178 98 99
-28.5714 233 587.571 0.645102 -0.490371 -0.585985 186 106 107
-28 233.571 588.571 0.744234 -0.409163 -0.527922 200 125 122
-27 233.714 589.143 0.829229 -0.309768 -0.465213 213 138 135
-27 234.714 590.714 0.894017 -0.225871 -0.386931 222 149 143
-26 235 591.714 0.92329 -0.156969 -0.350565 222 149 143
-26 235.429 593.286 0.934345 -0.135762 -0.329498 225 155 147
-25 236.143 594.857 0.945824 -0.108104 -0.306155 164 115 110
-48 232 583 0.588173 -0.679705 -0.438239 43 33 31
-47 232 583 0.586107 -0.680046 -0.440473 72 51 48
-46 232 583.429 0.576063 -0.676052 -0.459462 93 57 57
-46 232.286 584.286 0.567189 -0.674404 -0.472732 105 59 61
-45 232.714 584.714 0.552392 -0.662659 -0.505713 111 61 62
-44 233 585.857 0.47729 -0.64526 -0.596518 115 59 58
-43 233.714 586.714 0.32928 -0.620481 -0.711743 120 60 62
-42 233.714 587 0.209445 -0.607093 -0.766532 128 63 67
-42 233.857 587.143 0.208941 -0.608902 -0.765233 137 71 75
-40.4286 233.857 587.286 -0.0446288 -0.570575 -0.820032 153 84 89
-40 233.857 587.286 -0.136213 -0.554339 -0.821069 159 90 95
-39 233.714 586.857 -0.252879 -0.541349 -0.801869 159 94 98
-38.7143 233.714 586.714 -0.287601 -0.53205 -0.796372 165 100 104
-38 233.429 586.429 -0.364902 -0.506115 -0.781469 170 108 111
-37 233 585.429 -0.393633 -0.564303 -0.725683 180 118 121
-36 233 585.286 -0.3405 -0.601262 -0.722872 184 122 125
-35 232.714 584.714 -0.231992 -0.640134 -0.732399 193 128 134
-35 232.429 584.429 -0.218927 -0.634264 -0.741471 197 130 137
-34 232.429 584.429 -0.0707929 -0.652245 -0.754695 199 130 135
-33 232.429 584.429 0.0766778 -0.707659 -0.702382 204 133 139
-33 232.571 584.571 0.0766778 -0.707659 -0.702382 202 131 137
-32 232.571 584.571 0.255462 -0.711897 -0.654173 198 127 133
-31.8571 232.857 585 0.297879 -0.708911 -0.639307 197 124 131
-31 232.857 585 0.404009 -0.685062 -0.606191 202 129 136
-30 233.143 586 0.519879 -0.620784 -0.586816 202 127 131
-30 233.286 586.286 0.536927 -0.604631 -0.588329 192 117 121
-29 233.857 586.857 0.657508 -0.522801 -0.542552 178 104 105
-28.5714 233.857 587.429 0.680403 -0.49065 -0.544348 183 109 110
-27 234.143 588.857 0.836265 -0.324781 -0.44179 211 139 140
-26 235.714 591.714 0.933014 -0.13956 -0.331674 220 149 147
-25 236.714 594.857 0.950256 -0.0985462 -0.295468 158 109 105
-48 232.286 582.286 0.593238 -0.680064 -0.430792 32 24 21
-45 233 584.286 0.56508 -0.663766 -0.49 110 60 63
-44 233.571 585.571 0.490327 -0.653418 -0.576736 110 56 56
-43.8571 233.857 585.857 0.475373 -0.652663 -0.589959 109 53 54
-42 234 586.714 0.205006 -0.632002 -0.747359 123 61 64
-41 234 586.857 0.0734082 -0.628196 -0.774584 142 72 80
-40 234 586.571 -0.121793 -0.620326 -0.77483 158 88 96
-39 234 586.429 -0.243652 -0.60142 -0.760873 163 96 103
-38.4286 234 586.429 -0.306027 -0.581868 -0.75351 167 102 108
-38 233.857 585.857 -0.36577 -0.579149 -0.72856 169 107 112
-37 233.857 585.857 -0.403695 -0.572574 -0.713575 175 113 118
-37 233.286 585.286 -0.406574 -0.570987 -0.713212 181 116 122
-36 233.286 585.286 -0.343928 -0.599532 -0.722686 184 117 124
-35 233 584.429 -0.226101 -0.64374 -0.731079 187 120 127
-34 233 584.429 -0.0760141 -0.673855 -0.734943 188 117 123
-33 233 584.429 0.0798176 -0.706326 -0.703372 195 124 132
-32 233 584.571 0.247987 -0.719406 -0.648813 202 131 139
-31 233.571 584.571 0.406574 -0.691627 -0.59695 202 131 137
-31 233.714 584.857 0.419635 -0.685216 -0.595303 203 132 138
-29 234 586.571 0.657229 -0.524641 -0.541112 179 109 111
-28 234 586.857 0.689722 -0.484049 -0.538497 181 111 113
-28 234.571 587.571 0.780431 -0.409838 -0.472187 195 125 127
-27 234.857 588.429 0.856406 -0.311352 -0.41186 210 140 142
-27 235.714 590.286 0.910745 -0.207082 -0.357296 215 145 145
-26 236 591.571 0.934723 -0.138596 -0.327235 217 147 147
-26 236.857 593 0.949241 -0.0942334 -0.300101 225 154 152
-25 237.571 594.714 0.954345 -0.0732911 -0.289575 149 99 98
-46 233.143 583.143 0.599136 -0.670387 -0.437741 92 56 56
-45 233.286 583.286 0.589803 -0.669534 -0.451504 100 56 57
-44 234 584.857 0.521857 -0.67278 -0.524435 104 54 57
-43.7143 234 585.714 0.469963 -0.6574 -0.589034 102 49 55
-43 234 585.857 0.406242 -0.661015 -0.630894 108 53 58
-42 234.286 586.286 0.206809 -0.670672 -0.71234 116 57 63
-41 234.286 586.286 0.074388 -0.67724 -0.731992 132 67 73
-40 234.429 586.429 -0.110496 -0.661992 -0.741321 139 73 75
-39 234.429 586.429 -0.235944 -0.633761 -0.736667 154 90 91
-38.1429 234.143 586 -0.333072 -0.606638 -0.72184 160 96 97
-38 234 585.571 -0.350913 -0.612153 -0.708611 165 100 104
-37 234 585.143 -0.398023 -0.608412 -0.686595 169 104 108
-36.7143 234 584.714 -0.395375 -0.61549 -0.6818 174 107 114
-36 234 584.286 -0.357848 -0.622638 -0.695893 175 108 115
-35 233.714 583.714 -0.235569 -0.653454 -0.719378 178 108 116
-34 233.714 583.714 -0.118466 -0.68088 -0.72275 179 113 115
-33 233.714 583.714 0.0208396 -0.714676 -0.699145 190 121 126
-33 233.571 583.571 0.0208396 -0.714676 -0.699145 198 127 133
-32 233.571 583.571 0.204875 -0.714118 -0.669375 200 127 136
-31 233.857 584.143 0.402082 -0.680716 -0.612336 202 132 140
-30 234 584.714 0.531636 -0.638819 -0.556124 199 127 131
-28 234.857 586.429 0.747252 -0.447951 -0.490871 188 112 112
-27 235.571 588.429 0.881978 -0.275729 -0.382216 209 138 134
-26 236.714 590.857 0.936269 -0.129733 -0.32645 222 148 145
-26 237 592.714 0.947465 -0.0949184 -0.305452 222 149 143
-25 237.857 594.429 0.955477 -0.0704689 -0.286529 148 99 95
-47 233 581.714 0.604132 -0.677942 -0.418831 48 34 34
-46 233 582 0.601428 -0.675272 -0.426956 74 49 52
-46 233.714 582.714 0.60087 -0.674536 -0.428901 90 56 57
-44 234.143 584.143 0.537857 -0.678464 -0.500397 101 52 56
-43 234.714 584.714 0.44867 -0.705413 -0.548714 98 47 52
-42 235 585.429 0.255707 -0.731615 -0.631944 120 59 64
-41 235 585.429 0.083498 -0.742277 -0.664871 127 62 68
-40 235 585.714 -0.0920768 -0.714015 -0.69405 139 73 75
-39 235 585.429 -0.215813 -0.703605 -0.677027 144 80 81
-38 235 585.143 -0.327762 -0.674645 -0.661382 157 93 94
-37 234.857 585 -0.388679 -0.626835 -0.675283 161 97 98
-36.4286 234.429 584.429 -0.384456 -0.622699 -0.681498 166 100 104
-36 234.286 584.286 -0.36599 -0.627796 -0.686967 168 102 106
-35 234 583.714 -0.243647 -0.660847 -0.709872 172 102 110
-34 234 583.714 -0.115228 -0.681745 -0.722459 181 116 120
-33 234 583.571 -0.0150154 -0.717048 -0.696862 190 124 128
-32 234 583.571 0.182899 -0.706995 -0.683159 202 129 138
-31 234 583.571 0.390387 -0.667923 -0.633622 204 135 140
-31 234.286 584.143 0.416915 -0.667733 -0.616697 204 133 139
-30 234.286 584.143 0.544498 -0.608481 -0.577298 202 130 133
-30 234.857 585 0.590617 -0.58444 -0.556418 207 132 136
-29 234.857 585.429 0.665153 -0.525385 -0.530605 184 108 108
-28 235 585.857 0.758265 -0.432369 -0.487946 186 112 111
-27 236 587.571 0.884761 -0.254436 -0.390462 209 138 136
-26 237.143 590.857 0.942962 -0.103361 -0.316448 223 149 146
-25 238.429 594.143 0.958153 -0.0337036 -0.284267 145 97 93
-47 233.857 580.857 0.612508 -0.68985 -0.385929 40 28 30
-46 234 581.571 0.601598 -0.690889 -0.400938 64 44 45
-45 234 582.857 0.584688 -0.680871 -0.441083 92 53 54
-44 234.571 583.571 0.546349 -0.694829 -0.467671 98 53 56
-43 235 584.429 0.449903 -0.717247 -0.532114 97 48 52
-42 235.143 585 0.259941 -0.750866 -0.60715 114 57 63
-42 235.286 585.286 0.247904 -0.74576 -0.618374 118 58 60
-41 235.286 585.286 0.084531 -0.752312 -0.653362 124 59 63
-40 235.429 585.429 -0.091928 -0.736789 -0.669844 136 70 72
-39 235.429 585.429 -0.223042 -0.712347 -0.665443 142 78 79
-38 235.286 585.143 -0.320636 -0.680423 -0.658952 149 85 86
-38 235.143 584.857 -0.324565 -0.680171 -0.657286 152 88 89
-37 235 584 -0.362379 -0.667431 -0.650551 155 91 92
-36.1429 235 584 -0.365718 -0.663326 -0.652877 160 94 98
-36 235 583.286 -0.34296 -0.662563 -0.665874 164 95 100
-35 234.857 583 -0.256015 -0.675349 -0.691636 168 98 106
-34.8571 234.857 582.857 -0.248244 -0.672701 -0.697028 175 105 113
-33 234.857 582.857 0.00131328 -0.677347 -0.735663 191 124 131
-33 234.714 582.714 0.00131328 -0.677347 -0.735663 199 129 137
-32 234.714 582.714 0.176869 -0.654612 -0.734983 205 134 142
-31 234.857 582.857 0.413735 -0.615606 -0.670711 210 141 146
-29 235.143 585 0.681805 -0.493072 -0.54039 192 116 118
-28 235.714 585.571 0.791931 -0.375115 -0.481802 188 114 115
-28 235.857 586.429 0.819375 -0.354639 -0.450395 205 133 134
-27 236.571 587.429 0.896629 -0.211547 -0.388978 209 137 138
-26 237.714 590.714 0.946071 -0.0691806 -0.316488 222 151 149
-25.8571 238.286 592.143 0.95035 -0.0389535 -0.308735 210 143 135
-25 239 594 0.957759 -0.0132705 -0.287267 138 95 89
-46 234.143 580.857 0.600384 -0.702592 -0.381974 56 37 39
-45 234.857 582 0.57492 -0.711194 -0.404562 87 53 54
-44.8571 235 582.857 0.566421 -0.699545 -0.435666 96 55 59
-44 235.143 583.143 0.544908 -0.709372 -0.447064 97 52 55
-43 235.571 583.571 0.460567 -0.741956 -0.487216 96 47 51
-42 236 584.571 0.2774 -0.773971 -0.569226 115 58 64
-41.7143 236 584.714 0.229916 -0.775153 -0.588453 120 60 62
-41 236 584.714 0.113523 -0.790452 -0.601911 126 61 65
-40 236 584.571 -0.0818871 -0.783635 -0.6158 138 72 74
-39 236 584.429 -0.17992 -0.75118 -0.635104 143 77 78
-38 236 584.429 -0.285903 -0.719288 -0.633155 148 82 83
-38 235.857 584.143 -0.289128 -0.714273 -0.637353 152 86 88
-37 235.571 583.714 -0.361113 -0.6793 -0.638865 156 90 92
-36 235.143 583 -0.334173 -0.664985 -0.667925 168 97 103
-34.5714 235 582.571 -0.227265 -0.67709 -0.699929 180 109 117
-30 235 582.857 0.538809 -0.551544 -0.636777 217 141 143
-29 235.857 584.429 0.698893 -0.438976 -0.564667 195 121 122
-28 236 585.429 0.793611 -0.36517 -0.486655 192 118 119
-27 236.857 586.857 0.891228 -0.224517 -0.394086 211 137 138
-27 237.714 588.714 0.935175 -0.0944929 -0.341349 217 143 142
-26 238 590.571 0.947358 -0.0508037 -0.316119 222 151 149
-25.8571 238.857 592.143 0.951302 -0.0165623 -0.307816 202 142 132
-25 239.714 594 0.956874 0.0074275 -0.29041 127 90 82
-47 234 579.571 0.609615 -0.704714 -0.362971 32 23 24
-46 234.286 580.286 0.598015 -0.710323 -0.371239 48 32 33
-46 234.714 580.857 0.597306 -0.709001 -0.374889 72 46 49
-45 235 581.571 0.573782 -0.717412 -0.395089 84 52 53
-44.1429 235.143 582 0.549315 -0.730651 -0.405465 94 55 58
-44 235.571 582.571 0.527983 -0.731532 -0.431386 93 49 50
-42 236.286 584.143 0.288429 -0.78758 -0.544543 115 60 63
-41.4286 236.429 584.286 0.196786 -0.793769 -0.575505 122 62 62
-40 236.286 584.286 -0.0573141 -0.791031 -0.609085 140 74 75
-39 236.286 584.286 -0.172646 -0.751341 -0.636931 145 77 78
-38 236.143 583.429 -0.286211 -0.717645 -0.634877 156 88 89
-37 235.857 583.143 -0.344073 -0.683225 -0.644064 162 92 94
-36 235.714 582.857 -0.337903 -0.667483 -0.663542 169 98 102
-36 235.571 582.571 -0.337484 -0.668838 -0.66239 175 100 105
-35 235.143 582.143 -0.253507 -0.67038 -0.69737 180 105 112
-34.1429 235.143 582 -0.146239 -0.673544 -0.724536 185 110 117
-34 235 581.857 -0.118566 -0.678017 -0.725421 187 115 119
-33 235.143 582 -0.00140608 -0.66161 -0.749847 198 126 130
-33 235 582 0.00566221 -0.66274 -0.748828 203 131 134
-32 235 581.714 0.179472 -0.626912 -0.758137 209 134 138
-31 235 581.857 0.422741 -0.577763 -0.698197 210 136 137
-31 235.286 582.286 0.424567 -0.578296 -0.696647 211 135 137
-30 235.714 582.714 0.576712 -0.488368 -0.654905 214 135 138
-29 236 583.857 0.700928 -0.418333 -0.577666 196 120 122
-28 236.857 584.857 0.823424 -0.254511 -0.507147 198 124 125
-27 237 586.714 0.895929 -0.200059 -0.396595 214 140 141
-26 238.857 590.286 0.953179 -0.00936434 -0.302261 223 153 151
-25.8571 239.429 592.286 0.953678 0.00504813 -0.300788 195 141 131
-25 240.286 594 0.956626 0.0192986 -0.29068 112 82 74
-46 235 579.429 0.594251 -0.725443 -0.347273 40 28 28
-46 235.429 580.429 0.593023 -0.720878 -0.35869 64 42 44
-45 235.714 580.714 0.56622 -0.735525 -0.37202 80 51 53
-43 236 582.571 0.474506 -0.765405 -0.434741 93 47 49
-43 236.143 583.143 0.449433 -0.763162 -0.464322 104 54 55
-42 236.429 583.429 0.291689 -0.795061 -0.531786 115 60 63
-41 236.571 583.571 0.145703 -0.807371 -0.571772 122 62 62
-41 236.714 583.714 0.144399 -0.809812 -0.568641 129 65 66
-40 236.571 583.571 -0.0471576 -0.798579 -0.60004 141 75 76
-39 236.429 583.429 -0.136938 -0.773503 -0.618823 148 80 79
-38 236.286 583.143 -0.264349 -0.729097 -0.631299 160 90 92
-37 236 582.714 -0.328274 -0.691351 -0.643639 167 95 98
-36 236 582.143 -0.311793 -0.676272 -0.667414 179 102 108
-35 236 582.143 -0.244212 -0.665642 -0.705182 184 107 115
-34 236 581.714 -0.0963984 -0.647425 -0.756008 194 119 123
-31 236 581.714 0.468959 -0.492036 -0.733469 206 128 128
-30 236 582.429 0.581351 -0.458817 -0.671951 209 129 132
-29 236.857 583.857 0.737714 -0.31302 -0.59816 198 122 124
-28 237 584.857 0.824821 -0.238386 -0.512681 203 129 130
-28 237.571 585.571 0.876936 -0.15213 -0.455895 208 132 132
-27 238 586.714 0.919571 -0.088734 -0.382772 216 140 140
-26 239.429 590.429 0.952258 0.0265298 -0.304141 223 158 154
-25.7143 240 592 0.951215 0.0480672 -0.30476 181 137 128
-25 240.714 594.143 0.957937 0.0429121 -0.28375 100 80 73
-45.4286 235.429 579.429 0.577461 -0.73603 -0.353269 55 36 38
-44 236 580.714 0.529753 -0.7585 -0.379526 83 53 53
-44 236.571 581.571 0.513299 -0.763264 -0.392367 92 53 54
-42 237 583 0.311954 -0.80822 -0.499464 113 62 61
-41 237 583 0.15449 -0.821756 -0.548498 122 64 63
-40 237 583.429 -0.0175913 -0.806112 -0.591501 142 77 75
-39 237 583 -0.118212 -0.784363 -0.608934 149 81 80
-38 237 582.429 -0.227344 -0.75456 -0.615592 161 91 93
-37 236.857 582.143 -0.284195 -0.706186 -0.648486 167 95 98
-36 236.857 582 -0.29558 -0.672644 -0.678367 175 100 105
-36 236.714 581.857 -0.29558 -0.672644 -0.678367 183 104 110
-35 236.571 581.571 -0.214495 -0.649801 -0.729212 189 110 116
-34 236.143 581.143 -0.0710693 -0.624754 -0.77758 199 120 123
-33 236 580.857 0.0619106 -0.584424 -0.809084 199 121 121
-32 236 581 0.244688 -0.57041 -0.784066 203 125 125
-31 236.286 581.286 0.469884 -0.44907 -0.759964 203 125 125
-31 236.714 581.714 0.492301 -0.431237 -0.756091 202 122 123
-29 237 582.714 0.732768 -0.265213 -0.626669 202 122 125
-28 237.429 584.429 0.837563 -0.171521 -0.518718 207 133 134
-27 238.429 586.429 0.917443 -0.0292749 -0.396788 218 142 142
-27 239 588.429 0.938759 0.00561811 -0.344528 221 149 150
-26 240 590.429 0.948426 0.0767836 -0.307559 221 160 159
-26 241 592.286 0.950433 0.0782525 -0.300923 163 126 117
-45.1429 236 578.714 0.562659 -0.756625 -0.333066 47 32 35
-45 236 579.429 0.571065 -0.744383 -0.346091 64 46 46
-44 236.429 580.429 0.517596 -0.770663 -0.371716 81 52 54
-44 236.714 580.857 0.517596 -0.770663 -0.371716 88 53 51
-43 237 581.714 0.470448 -0.781349 -0.410088 90 46 45
-42.8571 237 581.857 0.437243 -0.796347 -0.417911 103 55 53
-42 237.143 582.143 0.354256 -0.816272 -0.456292 114 63 62
-41 237.429 582.429 0.180245 -0.836226 -0.517917 129 67 68
-40 237.429 582.429 0.0234678 -0.83747 -0.54598 136 72 70
-39.4286 237.429 582.429 -0.0552257 -0.82324 -0.565001 140 75 73
-39 237.429 582.429 -0.101021 -0.808736 -0.579431 152 84 83
-38 237.286 582.286 -0.209519 -0.765628 -0.608206 162 92 92
-37 237 581.857 -0.266281 -0.698997 -0.6637 166 94 97
-36 237 581.286 -0.259799 -0.638122 -0.724779 182 103 109
-33 236.857 580.857 0.0966283 -0.525404 -0.845348 192 112 113
-32.8571 236.857 580.857 0.109465 -0.521879 -0.845967 199 121 119
-30 237 581.857 0.62586 -0.326301 -0.708397 196 116 119
-29 237.714 582.714 0.736454 -0.206846 -0.644089 203 124 129
-28 238 584.143 0.845567 -0.0910629 -0.526046 210 135 139
-28 238.429 585.429 0.877982 -0.0397681 -0.477038 215 141 142
-27 239.143 586.571 0.919513 0.0401913 -0.391 220 146 147
-27 240 588.429 0.928918 0.106131 -0.354749 222 150 153
-26 240.286 590.286 0.947082 0.0826474 -0.31017 219 161 160
-26 241.286 592.286 0.948567 0.0901281 -0.303476 149 116 107
-45 236.429 578.571 0.557103 -0.762199 -0.32968 55 41 40
-43 237.143 580.857 0.467811 -0.796366 -0.383345 91 50 54
-42.1429 237.143 581 0.391882 -0.823678 -0.409857 99 54 57
-42 237.286 581.286 0.363657 -0.829729 -0.423442 111 59 63
-41 237.571 581.571 0.205051 -0.854013 -0.478138 124 65 69
-41 237.857 582.286 0.180042 -0.842744 -0.507315 132 68 69
-40 237.857 582.286 0.00341348 -0.844398 -0.535706 138 72 73
-39.4286 237.857 582.286 -0.0485758 -0.825964 -0.561626 144 74 74
-39 237.857 582.143 -0.0858366 -0.815494 -0.572365 152 83 78
-38 237.571 581.571 -0.166524 -0.765242 -0.621832 162 88 85
-37 237.429 581.429 -0.221442 -0.704497 -0.674275 168 93 88
-36 237.286 581.143 -0.244885 -0.637803 -0.730232 175 97 93
-35 237 580.714 -0.158213 -0.603591 -0.781439 179 101 97
-34 237 580.429 -0.00313759 -0.543528 -0.839385 185 107 97
-33 237 580.429 0.0967592 -0.492593 -0.864864 197 117 108
-32.4286 237 580.429 0.239437 -0.443033 -0.86394 200 121 116
-32 237 580.429 0.300586 -0.415957 -0.858271 196 118 114
-31 237 580.857 0.490123 -0.366661 -0.790784 192 118 115
-31 237.143 581.143 0.499054 -0.368447 -0.784341 192 117 114
-30 237.857 581.857 0.657315 -0.223231 -0.719795 202 117 120
-29 238 582.857 0.75494 -0.16477 -0.634757 213 127 130
-29 238.429 583.429 0.799635 -0.0605543 -0.597426 218 136 140
-28 239 584.571 0.8631 0.0228606 -0.504516 215 137 137
-27 239.571 586.714 0.917696 0.0728095 -0.390554 219 150 145
-26 241.143 590.571 0.940796 0.109628 -0.320758 205 149 150
-44 237.429 579.429 0.509978 -0.787247 -0.346648 81 51 51
-41 238 580.714 0.263703 -0.871252 -0.413983 121 62 64
-40 238 581.429 0.0826745 -0.867508 -0.490504 136 71 69
-39 238 581.571 -0.0619042 -0.824503 -0.562462 147 78 73
-38 238 581.143 -0.123044 -0.769544 -0.626628 158 84 81
-37.2857 238 581.143 -0.160208 -0.732381 -0.661779 163 90 84
-37 238 580.857 -0.144081 -0.714415 -0.684728 166 91 86
-36 238 580.429 -0.150098 -0.608925 -0.778897 173 95 91
-32 238 580 0.369473 -0.288096 -0.883454 196 113 109
-31 238 580.714 0.53168 -0.198182 -0.823432 191 113 111
-30 238 581.857 0.664433 -0.203735 -0.719042 209 124 127
-29 238.571 582.571 0.767735 -0.059318 -0.638016 219 134 137
-29 239 583.571 0.817931 0.027749 -0.574646 219 140 143
-28 239.571 584.571 0.85801 0.0894782 -0.505779 220 146 145
-27 240.429 587.429 0.911077 0.150516 -0.383776 220 153 147
-27 241.286 589 0.919111 0.166665 -0.357013 224 154 152
-26 242.286 591 0.92866 0.139752 -0.343598 193 134 136
-45 237 577.143 0.530579 -0.790306 -0.306434 38 27 31
-44 237 577.429 0.518309 -0.797552 -0.308654 62 41 46
-43.8571 237.429 578.286 0.504241 -0.799988 -0.325207 79 51 50
-43 237.857 578.857 0.44811 -0.827647 -0.337931 89 50 51
-41 238.429 580.286 0.285151 -0.86464 -0.413626 118 59 61
-40.8571 238.571 580.429 0.232499 -0.875623 -0.423354 126 62 62
-39 238.857 581.143 0.0302949 -0.846998 -0.530732 142 73 66
-38 238.857 581.143 -0.0565512 -0.794844 -0.604173 151 78 72
-37 238.714 580.571 -0.0595084 -0.707113 -0.704592 163 85 81
-36 238.429 580.286 -0.10726 -0.614616 -0.7815 170 91 87
-35 238 579.571 -0.0313363 -0.537904 -0.842423 174 96 92
-34 238 579.571 0.076496 -0.454999 -0.8872 180 101 96
-33 238 579.571 0.20562 -0.377285 -0.902982 195 112 106
-31 238.714 580.714 0.563843 -0.0917629 -0.820768 197 116 115
-31 238.857 581 0.591011 -0.079431 -0.802743 206 126 125
-30 239 581.857 0.689717 -0.000243774 -0.724079 214 134 135
-29.1429 239.143 583 0.789896 0.0394323 -0.611972 222 144 144
-29 239.714 583.714 0.828592 0.103043 -0.550289 217 145 146
-28 240 585 0.868883 0.13849 -0.47525 222 152 152
-27 241.143 587.714 0.904339 0.184377 -0.384936 222 154 151
-27 242.143 589.714 0.919769 0.174027 -0.351765 220 156 156
-26 243 591.286 0.930262 0.141682 -0.338434 169 117 121
-44 237.857 577.286 0.48952 -0.817155 -0.304348 52 36 39
-43.4286 238 577.429 0.478901 -0.82147 -0.309581 74 46 45
-43 238 578.429 0.446775 -0.828116 -0.338549 88 50 49
-42 238 578.714 0.391261 -0.850113 -0.352453 97 53 52
-42 238.429 579.143 0.370416 -0.853272 -0.367042 108 57 56
-41 238.714 579.714 0.27151 -0.879849 -0.390063 118 60 59
-40.8571 238.857 580 0.23144 -0.888771 -0.395629 124 60 60
-40 238.857 580.286 0.164986 -0.876137 -0.452949 129 64 60
-39 239 580.429 0.077053 -0.846934 -0.526085 134 64 62
-38 239 580.286 0.0031408 -0.797245 -0.603648 146 73 67
-37 238.857 579.857 0.00621933 -0.733954 -0.67917 159 80 76
-36 238.857 579.857 -0.0356327 -0.622256 -0.782002 165 86 82
-36 238.571 579.571 -0.0421587 -0.65324 -0.755976 171 90 87
-35 238.571 579.571 0.0344886 -0.535946 -0.843548 176 97 93
-34 238.429 579.429 0.122698 -0.42676 -0.896003 183 104 100
-34 238.571 579.571 0.122698 -0.42676 -0.896003 183 103 96
-33 238.571 579.571 0.302406 -0.303478 -0.903577 192 109 105
-31 239 581 0.591011 -0.079431 -0.802743 207 126 125
-31 239.143 581.143 0.61441 -0.0358842 -0.78817 216 136 135
-30 239.857 582 0.719709 0.0948517 -0.687766 219 144 141
-29.1429 240 583 0.78756 0.130653 -0.602228 223 149 148
-29 240.429 584.286 0.833241 0.18687 -0.520373 224 153 151
-28 241 585.571 0.864819 0.211449 -0.455388 223 153 153
-28 242 587.143 0.877052 0.233939 -0.419586 220 152 149
-27 242.429 588.429 0.905913 0.194511 -0.376148 222 158 156
-27 243 590.143 0.916119 0.183632 -0.356378 208 150 149
-26 243.857 592.143 0.92964 0.144844 -0.338807 145 103 105
-44 238 576.429 0.493314 -0.823695 -0.279584 43 30 37
-42 238.714 578 0.381096 -0.860996 -0.336826 98 54 51
-41 239 578.857 0.294188 -0.877761 -0.37814 118 60 58
-40.2857 239 579.143 0.245576 -0.88574 -0.3939 123 59 59
-40 239.143 579.857 0.186714 -0.878985 -0.438774 125 62 57
-39 239.143 579.857 0.123931 -0.853986 -0.505321 138 69 62
-38 239.143 579.857 0.0599502 -0.808247 -0.585783 146 73 67
-37 239 579.571 0.0319602 -0.740048 -0.671795 160 79 75
-36 239 579.571 0.026144 -0.614404 -0.788559 168 87 83
-35.5714 239 579.571 0.0332864 -0.590315 -0.806486 174 91 87
-35 239 579.429 0.133117 -0.540556 -0.83071 177 96 93
-34 239 579.429 0.216793 -0.384565 -0.89728 184 103 100
-33 239 579.571 0.33339 -0.274591 -0.901915 197 112 109
-32 239 580 0.431995 -0.16567 -0.886529 208 122 123
-31 240 581 0.639049 0.0702547 -0.76595 213 133 132
-30 240.286 582.286 0.728924 0.11775 -0.674392 220 146 143
-29.2857 241 583.286 0.799634 0.202309 -0.565382 221 147 146
-29 241 584.714 0.843236 0.21619 -0.492153 226 150 150
-28 241.714 586.143 0.867266 0.229551 -0.441764 222 146 148
-28 242.571 587.571 0.88067 0.237296 -0.410014 222 151 149
-27 243.143 589.143 0.907058 0.196166 -0.372511 216 152 152
-27 244 590.857 0.916759 0.172876 -0.360092 179 129 128
-43 238.429 576.429 0.440937 -0.847792 -0.294658 63 43 42
-43 238.571 576.714 0.442234 -0.845926 -0.298059 85 54 51
-42 238.857 577.286 0.383198 -0.866465 -0.319998 98 57 53
-41.8571 238.857 577.571 0.373381 -0.866317 -0.331785 106 57 53
-41 239.286 578.143 0.317884 -0.878567 -0.356468 117 59 57
-36 240 579.143 0.221652 -0.61912 -0.753366 169 86 82
-35.2857 240 579.286 0.228483 -0.514794 -0.826306 173 88 85
-35 240 579.143 0.265599 -0.461675 -0.846353 177 94 90
-34 240 579.429 0.367661 -0.311919 -0.876089 186 101 98
-33 240 579.571 0.42486 -0.192858 -0.884477 203 113 113
-32 240 580 0.512538 -0.0677382 -0.855988 205 119 118
-31 240.143 581.143 0.650619 0.0847715 -0.754658 218 139 135
-31 240.857 581.857 0.702055 0.111786 -0.703294 225 147 143
-30 241.143 582.857 0.776065 0.194975 -0.599756 222 148 145
-29.7143 241.714 584 0.810104 0.243243 -0.533445 222 146 146
-29 242.429 585.429 0.835816 0.264539 -0.481072 222 146 146
-28 243 586.571 0.862391 0.255019 -0.437319 221 145 147
-28 243.571 588.571 0.891951 0.227714 -0.390602 224 152 153
-27 244.143 589.857 0.905121 0.20425 -0.372879 202 142 142
-43 239 575.571 0.423797 -0.857521 -0.291638 55 37 35
-42 239 576.429 0.386934 -0.867574 -0.312406 98 59 54
-41.7143 239 576.714 0.385211 -0.869598 -0.308889 107 58 54
-41 239.571 577.429 0.335585 -0.883512 -0.326786 115 60 57
-40 239.571 577.429 0.297393 -0.882359 -0.36469 124 63 60
-40 239.857 578.143 0.276596 -0.880746 -0.384424 131 68 61
-39 239.857 578.143 0.269247 -0.844896 -0.462231 139 72 66
-36 240.143 579.143 0.234745 -0.618662 -0.749768 170 85 80
-35.1429 240.143 579.143 0.313877 -0.470081 -0.824927 176 88 84
-35 240.143 579.143 0.315621 -0.462865 -0.828335 179 94 91
-34 240.143 579.143 0.409567 -0.321115 -0.853897 188 100 98
-34 240.571 579.571 0.441339 -0.258485 -0.859305 195 105 104
-33 240.571 579.571 0.481531 -0.13349 -0.866203 200 110 110
-32 241 580.571 0.634591 0.0187128 -0.772622 206 118 117
-31 241 581.143 0.686138 0.100199 -0.720537 219 141 137
-31 241.143 582 0.722257 0.148344 -0.675528 224 149 144
-30 241.857 583.286 0.799126 0.222497 -0.558473 222 151 145
-29.8571 242.429 584.286 0.822928 0.257009 -0.506691 223 149 146
-29 243.143 585.857 0.842945 0.27361 -0.463228 222 148 147
-28 244 587.143 0.865896 0.254113 -0.430872 222 150 151
-28 244.143 588.857 0.888915 0.231194 -0.395449 214 148 149
-27 245 590.571 0.907931 0.192565 -0.372264 171 121 120
-43 239.143 574.571 0.42821 -0.854885 -0.292928 45 27 25
-43 239.429 575.429 0.423797 -0.857521 -0.291638 76 47 43
-42 239.571 575.571 0.399292 -0.861259 -0.314323 97 60 54
-41.2857 239.857 576.143 0.39 -0.864929 -0.315908 109 61 57
-40 240 576.857 0.330888 -0.871991 -0.360757 127 66 63
-39 240 577.714 0.287944 -0.856805 -0.427754 139 72 66
-38.7143 240 577.714 0.285219 -0.847444 -0.447759 144 76 67
-38 240 577.857 0.246006 -0.827888 -0.504066 152 77 71
-37 240 578 0.263535 -0.724464 -0.636947 160 80 73
-37 240.286 578.286 0.266473 -0.70689 -0.655209 169 81 77
-36 240.286 578.286 0.306216 -0.607555 -0.732877 175 87 83
-35 240.714 578.714 0.452728 -0.45045 -0.769501 180 91 87
-34 241 579.143 0.520536 -0.270307 -0.809923 189 101 99
-33 241 579.714 0.538043 -0.128183 -0.833114 205 115 117
-32 241.714 580.714 0.661328 0.0388092 -0.749092 207 123 123
-31 242 581.857 0.744643 0.170285 -0.645375 212 139 133
-30 242.857 583.857 0.812547 0.257328 -0.523019 215 148 140
-30 243 584.857 0.828055 0.265253 -0.49393 213 148 142
-29 244 586.429 0.846666 0.271424 -0.457696 217 149 146
-28.1429 244.714 587.857 0.871028 0.243594 -0.426583 215 151 149
-28 245 589.571 0.890796 0.223617 -0.395573 188 133 130
-27 245.857 591.286 0.90883 0.198329 -0.367007 132 93 88
-41 239.857 575.143 0.3936 -0.862228 -0.318815 108 64 61
-40 240.143 576 0.368688 -0.86517 -0.339927 125 70 65
-39 240.714 576.714 0.360422 -0.856369 -0.369767 145 77 78
-38.2857 240.857 577.143 0.355407 -0.829771 -0.43031 150 76 75
-36 241 578.286 0.416889 -0.613258 -0.670909 176 89 80
-35 241 578.286 0.514699 -0.432824 -0.7401 180 91 85
-34 241.143 579 0.550805 -0.268455 -0.790282 191 106 99
-34 241.714 579.714 0.606064 -0.204829 -0.76859 194 112 101
-33 241.857 580 0.635107 -0.077775 -0.768498 203 119 109
-32 242 580.429 0.671721 0.0373951 -0.73986 211 122 118
-32 242.429 581.429 0.730162 0.0980578 -0.676201 214 126 125
-31 243 582.286 0.775632 0.206053 -0.596605 210 132 130
-31 243.429 583.429 0.786408 0.240459 -0.568983 206 135 133
-30 244 584.429 0.825048 0.270976 -0.49585 203 140 135
-29 244.857 586.857 0.855145 0.26666 -0.444544 215 150 148
-28.7143 245.714 588.714 0.875952 0.238188 -0.419493 199 139 141
-28 246 590 0.892104 0.219501 -0.39493 148 103 106
-42.5714 239.571 573.714 0.430556 -0.851586 -0.299036 44 33 31
-42 239.714 573.857 0.409616 -0.856301 -0.314585 79 49 47
-41 240 574.429 0.404194 -0.858511 -0.315573 105 61 58
-40 240.286 575.286 0.394111 -0.858938 -0.326959 136 73 68
-37 241 576.857 0.454088 -0.719396 -0.525617 164 85 80
-36 241.429 577.429 0.509307 -0.596385 -0.620429 182 93 89
-34 242 578.857 0.652473 -0.272903 -0.706967 194 106 105
-33 242.143 580 0.660495 -0.0556477 -0.748765 196 119 113
-32 242.714 580.714 0.721836 0.0712155 -0.688391 203 124 120
-32 243 581.429 0.747067 0.117084 -0.654356 208 130 126
-31 243.714 582.714 0.790419 0.224087 -0.570108 206 135 131
-30 244.857 584.857 0.832563 0.273284 -0.481825 203 138 134
-30 245 586.143 0.838478 0.27299 -0.471626 207 143 141
-29 245.571 587.571 0.860386 0.256971 -0.440115 194 134 133
-28.7143 246 588.714 0.870587 0.24434 -0.427057 161 113 113
-42 240.143 572.857 0.43332 -0.849704 -0.300396 60 39 38
-41 240.429 573.429 0.424366 -0.851624 -0.307653 88 53 49
-39.4286 241 574.429 0.421749 -0.842078 -0.336203 134 71 64
-38 241 575.429 0.42159 -0.809129 -0.409355 143 83 75
-38 241.143 576 0.422662 -0.807416 -0.411626 151 88 81
-37 241.143 576.143 0.488714 -0.730698 -0.476696 159 90 83
-37 241.429 576.429 0.501687 -0.705447 -0.500654 166 93 87
-35 242 577.571 0.61592 -0.428144 -0.661314 179 99 98
-35 242.286 578.286 0.624415 -0.415844 -0.661196 182 101 100
-34 242.571 578.571 0.701415 -0.231363 -0.674158 187 107 108
-34 242.857 579.143 0.717504 -0.219749 -0.660983 191 113 113
-33 243 580 0.705401 -0.0478965 -0.707188 198 122 122
-32.1429 243.143 581 0.738963 0.0810016 -0.668859 204 130 127
-32 243.857 582 0.768078 0.155841 -0.621103 202 128 125
-31 244 582.857 0.793303 0.230403 -0.563547 202 128 125
-30 245.143 585.143 0.832677 0.276956 -0.479525 211 140 138
-29 246 587.571 0.860386 0.256971 -0.440115 160 108 110
-41 240.714 572.857 0.440638 -0.846241 -0.299522 76 50 49
-39 241.143 574.143 0.411932 -0.838332 -0.357087 144 75 70
-38 241.429 574.429 0.450202 -0.803094 -0.390331 146 81 75
-36 242 576.429 0.58774 -0.579509 -0.564563 178 97 96
-35 242.429 577.429 0.662971 -0.407558 -0.627985 183 97 100
-35 242.571 577.571 0.662971 -0.407558 -0.627985 186 100 103
-34 243 578.429 0.697909 -0.230309 -0.678145 191 104 110
-34 243.286 579 0.719264 -0.237609 -0.652841 186 108 108
-33 243.714 580 0.750869 -0.0143361 -0.660296 191 115 115
-32.1429 244.143 581 0.769206 0.107932 -0.629819 191 120 116
-31 245 582.857 0.803157 0.234936 -0.547489 199 125 122
-31 245.286 584.286 0.811433 0.268055 -0.519349 201 131 129
-30 246 585.429 0.832182 0.276179 -0.480831 182 118 119
-30 246.429 586.429 0.839385 0.271664 -0.470778 149 99 102
-29 247 587.857 0.855985 0.265006 -0.443916 115 84 90
-40 241 572.714 0.436287 -0.843576 -0.313104 117 59 57
-39 241 573 0.409766 -0.83942 -0.357023 131 67 65
-39 241.286 573.286 0.422862 -0.831225 -0.360904 139 71 68
-38 241.571 573.571 0.456948 -0.804943 -0.378504 141 78 69
-36.4286 242.429 575.429 0.56764 -0.653777 -0.500359 169 94 88
-36 242.857 576.286 0.618639 -0.552203 -0.55889 176 99 91
-35 243 577 0.679759 -0.413337 -0.605871 179 102 96
-34 243.429 578.429 0.708988 -0.244598 -0.661444 186 107 103
-34 243.714 579 0.749938 -0.182139 -0.635939 187 109 105
-33 244.286 580 0.765556 -0.00528746 -0.643347 187 112 107
-32 244.857 580.857 0.783704 0.11265 -0.610833 190 119 113
-32 245.143 581.857 0.790407 0.157478 -0.591994 196 129 123
-31 245.857 582.857 0.807544 0.229547 -0.543305 194 131 126
-30 246.143 585.143 0.826467 0.281087 -0.487793 131 95 95
-41 241 571.429 0.438323 -0.845918 -0.303802 32 23 24
-41 241.143 572.143 0.440151 -0.845113 -0.303398 54 29 25
-40 241.143 572.143 0.431233 -0.843643 -0.319851 80 39 35
-39 241.571 572.571 0.448283 -0.825249 -0.343519 104 53 50
-39 241.857 572.857 0.448283 -0.825249 -0.343519 125 66 62
-37 242 573.857 0.509843 -0.737229 -0.443343 160 87 80
-36.1429 242.571 574.714 0.575422 -0.641709 -0.50705 169 92 84
-35 243.429 576.429 0.691721 -0.431031 -0.579426 181 103 93
-35 243.857 577 0.715446 -0.385384 -0.582766 184 105 98
-34 244 578 0.740036 -0.218866 -0.63596 186 107 102
-34 244.286 579 0.749938 -0.182139 -0.635939 184 103 99
-33 244.714 580 0.777483 -0.00277839 -0.628898 188 108 107
-32.1429 245.143 580.857 0.782826 0.103245 -0.613616 183 112 108
-32 245.714 581.714 0.801713 0.141391 -0.580745 173 109 109
-31 246 582.857 0.807544 0.229547 -0.543305 152 101 100
-31 246.714 583.714 0.813379 0.25065 -0.524967 125 89 91
-40 242 571.286 0.453257 -0.836496 -0.30795 57 41 41
-39 242 571.571 0.449845 -0.822615 -0.347771 74 44 44
-38 242 572.571 0.477272 -0.801707 -0.35983 122 67 72
-37.8571 242.857 573 0.484193 -0.799826 -0.354732 138 73 77
-37 243 573.571 0.522047 -0.726198 -0.44733 149 81 82
-36 243 574.143 0.595808 -0.636623 -0.489616 159 85 86
-36 243.143 574.857 0.60264 -0.613783 -0.509995 169 91 89
-35 243.714 575.857 0.669477 -0.474593 -0.571457 173 93 92
-35 244.143 576.714 0.71544 -0.405643 -0.568858 174 94 93
-34 244.571 577.571 0.752912 -0.246314 -0.610289 175 99 99
-34 245 578.286 0.760093 -0.209663 -0.615061 167 99 100
-33 245 579.286 0.778522 -0.0770065 -0.622876 157 97 99
-32 245.286 580.143 0.785538 0.0564215 -0.616236 140 91 94
-32 245.857 581.286 0.798548 0.124052 -0.58901 118 82 86
-35 244 575 0.67623 -0.485836 -0.553785 114 91 83
