# https://github.com/mikedh/trimesh
v -50.50000000 171.25000000 639.00000000 0.68235294 0.38039216 0.34901961
v -49.50000000 171.75000000 641.00000000 0.69411765 0.39215686 0.36078431
v -47.75000000 172.25000000 643.25000000 0.69411765 0.39215686 0.35294118
v -47.75000000 172.75000000 644.25000000 0.70196078 0.40000000 0.36078431
v -51.25000000 171.75000000 638.50000000 0.67843137 0.37647059 0.33725490
v -50.75000000 171.75000000 639.25000000 0.68235294 0.38039216 0.34117647
v -49.75000000 172.00000000 640.00000000 0.68235294 0.38039216 0.34117647
v -49.50000000 172.00000000 641.00000000 0.68627451 0.38431373 0.34509804
v -48.75000000 172.75000000 642.00000000 0.68235294 0.39215686 0.34117647
v -47.75000000 173.00000000 643.00000000 0.68627451 0.39607843 0.34509804
v -47.75000000 173.25000000 644.00000000 0.69411765 0.40392157 0.35294118
v -51.75000000 172.50000000 638.50000000 0.66666667 0.36470588 0.32549020
v -51.25000000 172.50000000 639.00000000 0.68235294 0.38431373 0.33333333
v -50.75000000 173.00000000 639.75000000 0.68235294 0.38431373 0.33333333
v -49.75000000 173.00000000 640.25000000 0.68235294 0.38431373 0.33333333
v -49.75000000 173.25000000 641.25000000 0.68627451 0.38823529 0.33725490
v -48.75000000 173.25000000 642.00000000 0.67843137 0.39607843 0.34117647
v -48.00000000 173.50000000 643.25000000 0.67843137 0.39607843 0.34117647
v -47.75000000 173.75000000 644.00000000 0.68235294 0.40000000 0.34509804
v -55.00000000 172.50000000 637.25000000 0.63921569 0.35686275 0.30980392
v -54.75000000 173.00000000 637.75000000 0.64313725 0.36078431 0.31372549
v -53.75000000 173.00000000 637.75000000 0.64705882 0.35686275 0.31372549
v -53.00000000 173.00000000 637.75000000 0.65490196 0.36470588 0.32156863
v -52.75000000 173.00000000 637.75000000 0.65490196 0.36470588 0.31372549
v -51.75000000 173.00000000 638.75000000 0.65882353 0.36862745 0.31764706
v -51.00000000 173.25000000 639.00000000 0.67843137 0.38039216 0.32941176
v -50.75000000 173.25000000 639.75000000 0.68235294 0.38431373 0.33333333
v -49.75000000 173.50000000 640.50000000 0.67450980 0.38431373 0.33333333
v -49.25000000 173.75000000 641.25000000 0.67843137 0.38823529 0.33725490
v -48.75000000 174.25000000 642.00000000 0.67843137 0.39607843 0.33725490
v -48.00000000 174.50000000 643.00000000 0.68235294 0.40000000 0.34117647
v -47.75000000 174.50000000 643.75000000 0.68627451 0.40392157 0.34509804
v -70.75000000 174.25000000 640.25000000 0.32941176 0.21960784 0.20392157
v -69.75000000 174.25000000 640.00000000 0.34117647 0.22745098 0.21176471
v -63.75000000 173.75000000 637.75000000 0.47843137 0.28235294 0.23921569
v -60.00000000 173.50000000 637.50000000 0.56078431 0.31764706 0.27450980
v -59.25000000 173.50000000 637.50000000 0.58039216 0.32156863 0.27450980
v -58.75000000 173.50000000 637.25000000 0.60000000 0.32549020 0.28627451
v -58.00000000 173.50000000 637.50000000 0.61568627 0.32941176 0.29411765
v -57.25000000 173.50000000 637.75000000 0.61960784 0.33333333 0.29803922
v -56.75000000 173.50000000 637.75000000 0.62352941 0.33725490 0.30196078
v -56.00000000 173.25000000 637.75000000 0.62352941 0.33725490 0.30196078
v -55.00000000 173.25000000 637.75000000 0.62745098 0.34509804 0.29803922
v -54.75000000 173.50000000 638.00000000 0.63529412 0.35294118 0.30588235
v -53.75000000 173.50000000 637.75000000 0.64705882 0.36470588 0.31764706
v -53.00000000 173.50000000 638.50000000 0.65098039 0.36862745 0.32156863
v -52.75000000 173.50000000 638.50000000 0.66274510 0.37254902 0.32156863
v -51.75000000 173.50000000 638.75000000 0.66666667 0.37647059 0.32549020
v -51.00000000 173.50000000 639.00000000 0.67058824 0.38039216 0.32941176
v -50.75000000 173.75000000 639.50000000 0.67058824 0.38039216 0.32941176
v -50.00000000 174.25000000 640.25000000 0.67450980 0.38431373 0.33333333
v -49.00000000 174.50000000 641.25000000 0.67450980 0.38431373 0.33333333
v -48.75000000 174.75000000 641.75000000 0.68235294 0.39215686 0.34117647
v -48.00000000 174.75000000 642.75000000 0.69411765 0.40392157 0.35294118
v -47.25000000 174.75000000 643.50000000 0.69411765 0.40392157 0.35294118
v -73.50000000 174.75000000 640.50000000 0.27058824 0.23137255 0.19607843
v -73.00000000 174.75000000 640.75000000 0.26666667 0.22745098 0.19215686
v -72.25000000 174.75000000 640.50000000 0.27450980 0.22352941 0.19215686
v -71.50000000 175.00000000 640.25000000 0.28627451 0.22745098 0.20000000
v -70.75000000 175.25000000 640.25000000 0.28235294 0.22745098 0.18431373
v -69.75000000 174.50000000 640.00000000 0.30980392 0.23921569 0.20000000
v -69.00000000 174.75000000 639.50000000 0.32549020 0.24705882 0.20392157
v -68.75000000 174.75000000 639.75000000 0.35294118 0.25882353 0.21960784
v -68.00000000 174.50000000 639.00000000 0.35686275 0.26274510 0.21568627
v -67.00000000 174.50000000 639.00000000 0.36470588 0.25490196 0.21176471
v -66.00000000 174.00000000 638.25000000 0.38431373 0.26666667 0.22352941
v -65.75000000 174.00000000 638.00000000 0.39607843 0.26274510 0.22352941
v -65.00000000 174.00000000 637.50000000 0.41568627 0.26666667 0.21568627
v -64.00000000 174.00000000 637.25000000 0.43529412 0.27058824 0.22352941
v -63.50000000 174.00000000 637.25000000 0.46666667 0.27843137 0.22352941
v -63.00000000 174.00000000 637.00000000 0.49411765 0.29019608 0.23921569
v -62.00000000 174.00000000 637.00000000 0.50588235 0.29803922 0.24313725
v -61.00000000 174.00000000 636.50000000 0.51764706 0.29803922 0.24705882
v -60.00000000 174.00000000 637.00000000 0.54901961 0.31372549 0.27058824
v -59.00000000 174.00000000 637.25000000 0.58431373 0.32549020 0.27843137
v -58.00000000 174.00000000 637.50000000 0.59607843 0.32941176 0.28627451
v -57.00000000 174.00000000 637.50000000 0.60000000 0.33333333 0.29019608
v -56.75000000 173.75000000 637.25000000 0.60000000 0.33333333 0.29019608
v -56.00000000 173.75000000 637.50000000 0.61568627 0.34117647 0.30196078
v -55.00000000 173.75000000 637.50000000 0.61960784 0.34509804 0.29803922
v -54.75000000 173.75000000 637.50000000 0.62745098 0.34509804 0.29803922
v -54.00000000 174.25000000 637.50000000 0.63137255 0.34901961 0.29411765
v -53.00000000 174.25000000 638.00000000 0.65490196 0.37254902 0.31764706
v -52.75000000 174.50000000 638.50000000 0.66666667 0.38431373 0.32941176
v -52.00000000 174.50000000 638.50000000 0.66274510 0.38039216 0.32549020
v -51.00000000 174.50000000 638.75000000 0.66666667 0.38039216 0.32156863
v -50.75000000 174.75000000 639.25000000 0.67450980 0.38823529 0.32941176
v -50.00000000 174.75000000 640.25000000 0.68235294 0.38431373 0.32941176
v -49.00000000 174.75000000 640.75000000 0.68627451 0.38823529 0.33333333
v -48.75000000 175.25000000 641.50000000 0.68627451 0.39607843 0.34509804
v -47.00000000 175.75000000 643.25000000 0.69019608 0.40784314 0.35294118
v -74.00000000 175.25000000 640.00000000 0.26274510 0.22352941 0.18823529
v -73.25000000 175.50000000 640.25000000 0.26666667 0.22745098 0.19215686
v -73.00000000 175.50000000 640.75000000 0.27843137 0.22745098 0.19607843
v -72.50000000 175.75000000 640.50000000 0.27450980 0.22352941 0.19215686
v -71.50000000 175.25000000 640.50000000 0.28235294 0.22352941 0.19607843
v -70.75000000 175.50000000 640.75000000 0.28235294 0.22745098 0.18431373
v -70.00000000 175.50000000 640.25000000 0.30588235 0.23529412 0.19607843
v -69.00000000 175.50000000 639.75000000 0.31764706 0.24705882 0.20000000
v -68.75000000 175.50000000 640.00000000 0.34117647 0.25490196 0.21176471
v -68.00000000 175.00000000 639.00000000 0.35294118 0.25882353 0.21176471
v -67.00000000 175.00000000 638.25000000 0.36862745 0.25882353 0.21568627
v -66.00000000 175.00000000 638.25000000 0.38039216 0.26274510 0.21960784
v -65.75000000 174.75000000 637.50000000 0.39215686 0.25882353 0.21960784
v -65.00000000 174.75000000 637.50000000 0.41568627 0.26666667 0.22352941
v -64.00000000 174.75000000 637.25000000 0.43529412 0.26666667 0.23137255
v -63.50000000 174.75000000 637.25000000 0.45882353 0.27843137 0.22745098
v -63.00000000 174.75000000 637.00000000 0.47843137 0.28235294 0.23921569
v -62.00000000 174.75000000 637.00000000 0.49411765 0.29019608 0.23921569
v -61.00000000 174.50000000 636.50000000 0.50588235 0.29411765 0.24705882
v -60.00000000 174.75000000 637.00000000 0.53725490 0.30980392 0.26666667
v -59.00000000 174.75000000 637.00000000 0.58431373 0.32156863 0.28627451
v -58.00000000 174.75000000 637.25000000 0.58823529 0.32549020 0.29019608
v -57.00000000 174.75000000 637.25000000 0.59215686 0.32941176 0.29411765
v -56.75000000 174.75000000 637.50000000 0.59607843 0.32941176 0.28627451
v -56.00000000 174.75000000 637.25000000 0.60000000 0.33333333 0.29019608
v -55.00000000 174.75000000 637.25000000 0.61176471 0.33725490 0.29803922
v -54.75000000 174.75000000 637.75000000 0.61568627 0.34117647 0.30196078
v -54.00000000 174.75000000 637.75000000 0.63529412 0.35294118 0.30588235
v -53.00000000 174.75000000 637.75000000 0.65490196 0.37254902 0.32549020
v -52.75000000 174.75000000 638.00000000 0.66274510 0.38039216 0.32549020
v -52.00000000 174.75000000 638.50000000 0.66274510 0.38039216 0.32549020
v -51.00000000 175.00000000 638.75000000 0.67058824 0.38039216 0.32941176
v -50.75000000 175.00000000 639.25000000 0.67450980 0.38431373 0.33333333
v -50.00000000 175.50000000 640.00000000 0.68235294 0.38431373 0.32941176
v -49.00000000 175.75000000 641.00000000 0.67843137 0.38039216 0.32549020
v -48.00000000 175.75000000 642.00000000 0.69019608 0.40000000 0.34901961
v -47.00000000 176.00000000 642.50000000 0.68627451 0.40392157 0.34901961
v -73.25000000 176.25000000 640.25000000 0.26274510 0.22352941 0.18431373
v -72.75000000 176.50000000 640.75000000 0.27450980 0.22352941 0.18823529
v -72.50000000 176.00000000 641.00000000 0.27843137 0.22352941 0.18823529
v -71.50000000 176.25000000 640.75000000 0.28235294 0.22745098 0.19215686
v -70.75000000 176.50000000 640.25000000 0.29019608 0.22352941 0.19215686
v -70.00000000 175.75000000 639.75000000 0.29803922 0.23137255 0.20000000
v -69.00000000 175.75000000 639.75000000 0.31372549 0.24313725 0.20392157
v -68.50000000 176.00000000 639.25000000 0.32549020 0.24705882 0.21176471
v -68.00000000 175.75000000 638.75000000 0.34117647 0.25490196 0.21176471
v -67.00000000 175.75000000 638.25000000 0.36470588 0.25882353 0.22352941
v -66.00000000 175.75000000 638.00000000 0.37254902 0.26274510 0.21960784
v -65.75000000 175.50000000 637.25000000 0.38823529 0.25882353 0.22352941
v -65.00000000 175.25000000 637.00000000 0.40784314 0.26666667 0.21960784
v -64.00000000 175.00000000 636.75000000 0.42745098 0.27058824 0.23137255
v -63.00000000 175.00000000 636.50000000 0.47058824 0.28235294 0.23529412
v -62.00000000 175.00000000 636.50000000 0.48627451 0.29411765 0.23921569
v -61.00000000 175.00000000 636.25000000 0.51372549 0.30196078 0.25490196
v -60.00000000 175.00000000 636.00000000 0.52549020 0.30196078 0.25882353
v -59.00000000 175.00000000 636.00000000 0.55294118 0.30588235 0.27058824
v -58.75000000 175.00000000 636.00000000 0.57254902 0.32156863 0.28627451
v -58.00000000 175.00000000 636.50000000 0.58431373 0.33333333 0.29803922
v -57.00000000 175.00000000 636.50000000 0.58823529 0.33725490 0.30196078
v -56.50000000 175.25000000 636.75000000 0.60000000 0.33725490 0.30196078
v -56.00000000 175.25000000 636.75000000 0.60000000 0.33725490 0.30196078
v -55.00000000 175.25000000 636.75000000 0.60392157 0.33725490 0.29411765
v -54.75000000 175.25000000 637.00000000 0.61176471 0.34509804 0.30196078
v -54.00000000 175.50000000 637.25000000 0.63137255 0.35686275 0.30980392
v -53.00000000 175.50000000 637.25000000 0.64313725 0.36862745 0.32156863
v -52.50000000 175.50000000 637.25000000 0.65882353 0.37647059 0.32156863
v -52.00000000 175.75000000 638.00000000 0.66274510 0.38039216 0.32549020
v -51.00000000 175.75000000 638.25000000 0.66666667 0.38431373 0.32941176
v -50.75000000 176.00000000 638.75000000 0.67058824 0.38823529 0.33333333
v -50.00000000 176.00000000 639.25000000 0.67058824 0.38431373 0.32549020
v -49.00000000 176.00000000 640.00000000 0.66666667 0.38039216 0.32156863
v -48.75000000 176.25000000 640.75000000 0.68627451 0.40392157 0.34901961
v -48.00000000 176.25000000 641.00000000 0.68627451 0.40392157 0.34901961
v -47.00000000 176.75000000 642.00000000 0.68627451 0.40392157 0.34901961
v -73.25000000 176.75000000 640.25000000 0.27058824 0.21960784 0.18823529
v -72.75000000 177.00000000 640.75000000 0.27450980 0.22352941 0.19215686
v -72.25000000 177.00000000 641.00000000 0.27843137 0.22352941 0.18823529
v -71.75000000 177.00000000 640.25000000 0.28627451 0.23137255 0.19607843
v -70.75000000 176.75000000 640.25000000 0.29411765 0.22745098 0.19607843
v -70.00000000 176.75000000 639.75000000 0.29803922 0.23137255 0.20000000
v -69.00000000 176.75000000 639.75000000 0.31764706 0.24313725 0.21568627
v -68.25000000 176.25000000 639.00000000 0.31764706 0.23921569 0.21176471
v -68.00000000 176.25000000 639.00000000 0.33333333 0.24705882 0.20392157
v -67.00000000 176.00000000 638.00000000 0.36078431 0.25490196 0.21960784
v -66.00000000 176.00000000 638.00000000 0.36470588 0.25490196 0.21176471
v -65.75000000 176.00000000 637.00000000 0.38431373 0.25490196 0.21960784
v -65.00000000 176.00000000 637.00000000 0.40784314 0.26666667 0.21960784
v -64.00000000 176.00000000 636.75000000 0.42745098 0.27058824 0.23137255
v -60.00000000 175.75000000 636.00000000 0.51372549 0.30588235 0.25098039
v -59.00000000 175.75000000 636.00000000 0.54509804 0.30980392 0.27058824
v -58.75000000 175.75000000 636.00000000 0.56862745 0.32156863 0.28627451
v -58.00000000 175.75000000 636.00000000 0.58431373 0.33333333 0.29803922
v -56.50000000 176.00000000 636.50000000 0.59607843 0.34509804 0.30588235
v -54.50000000 176.00000000 636.50000000 0.61176471 0.34509804 0.30196078
v -53.00000000 176.00000000 637.00000000 0.63921569 0.36470588 0.31764706
v -52.25000000 176.00000000 637.00000000 0.65882353 0.37647059 0.32156863
v -52.00000000 176.00000000 637.50000000 0.66666667 0.38431373 0.32941176
v -51.00000000 176.00000000 637.50000000 0.66666667 0.38431373 0.32941176
v -50.50000000 176.50000000 638.50000000 0.67058824 0.38823529 0.33333333
v -50.00000000 176.50000000 638.50000000 0.67450980 0.38823529 0.32941176
v -48.75000000 177.00000000 640.00000000 0.68235294 0.40000000 0.34509804
v -48.00000000 177.00000000 640.75000000 0.68627451 0.40392157 0.34901961
v -47.00000000 177.00000000 641.25000000 0.68627451 0.40392157 0.34901961
v -47.00000000 177.25000000 642.00000000 0.68627451 0.40392157 0.34901961
v -46.00000000 177.75000000 642.75000000 0.69019608 0.40784314 0.35294118
v -73.25000000 177.25000000 640.25000000 0.27058824 0.21960784 0.18823529
v -72.50000000 177.75000000 640.50000000 0.27843137 0.21960784 0.19215686
v -72.00000000 177.75000000 640.75000000 0.27843137 0.21960784 0.19215686
v -71.75000000 177.50000000 640.50000000 0.28627451 0.22745098 0.20000000
v -70.75000000 177.50000000 640.25000000 0.28627451 0.23137255 0.19607843
v -70.00000000 177.25000000 639.75000000 0.29803922 0.23137255 0.20000000
v -69.00000000 177.00000000 639.50000000 0.30980392 0.24313725 0.21176471
v -68.25000000 177.00000000 639.00000000 0.31372549 0.23529412 0.20784314
v -68.00000000 177.00000000 638.75000000 0.31764706 0.23921569 0.19607843
v -67.00000000 177.00000000 638.00000000 0.34509804 0.25098039 0.21176471
v -66.00000000 177.00000000 637.75000000 0.36078431 0.25098039 0.20784314
v -65.75000000 176.75000000 637.00000000 0.38431373 0.25490196 0.21960784
v -65.00000000 176.75000000 636.50000000 0.40784314 0.26666667 0.21960784
v -64.00000000 176.25000000 636.00000000 0.42745098 0.27058824 0.23137255
v -63.00000000 176.00000000 635.75000000 0.46666667 0.28627451 0.23529412
v -62.00000000 176.00000000 635.75000000 0.47450980 0.29411765 0.23529412
v -61.00000000 176.00000000 635.50000000 0.49411765 0.30196078 0.24705882
v -60.00000000 176.00000000 635.50000000 0.52156863 0.31372549 0.25882353
v -59.00000000 176.00000000 635.50000000 0.54901961 0.31372549 0.27450980
v -58.25000000 176.00000000 635.25000000 0.56078431 0.31372549 0.27843137
v -58.00000000 176.00000000 635.25000000 0.57647059 0.32549020 0.29019608
v -57.00000000 176.00000000 635.50000000 0.58431373 0.33333333 0.29803922
v -56.00000000 176.00000000 635.50000000 0.58823529 0.33725490 0.29803922
v -55.00000000 176.00000000 636.00000000 0.61176471 0.35294118 0.30588235
v -54.00000000 176.00000000 636.00000000 0.61568627 0.35686275 0.30980392
v -54.00000000 176.25000000 636.25000000 0.62352941 0.35686275 0.30588235
v -53.00000000 176.25000000 636.25000000 0.63529412 0.36078431 0.31372549
v -52.00000000 176.50000000 636.50000000 0.65098039 0.38039216 0.32156863
v -52.00000000 176.75000000 636.75000000 0.66666667 0.38431373 0.32941176
v -50.00000000 177.00000000 637.75000000 0.66666667 0.38431373 0.32941176
v -49.00000000 177.00000000 638.50000000 0.68235294 0.39607843 0.33725490
v -48.25000000 177.25000000 639.25000000 0.67843137 0.39607843 0.34117647
v -48.00000000 177.50000000 639.75000000 0.68235294 0.40000000 0.34509804
v -46.75000000 178.00000000 641.00000000 0.69411765 0.41176471 0.35686275
v -46.00000000 178.00000000 642.00000000 0.69019608 0.40784314 0.35294118
v -73.25000000 178.00000000 640.25000000 0.27058824 0.21960784 0.18823529
v -72.50000000 178.25000000 640.50000000 0.27843137 0.21960784 0.19215686
v -71.75000000 178.25000000 640.50000000 0.28235294 0.21568627 0.18823529
v -70.75000000 178.00000000 640.25000000 0.28627451 0.23137255 0.19607843
v -70.00000000 178.00000000 639.75000000 0.28627451 0.23137255 0.19607843
v -69.00000000 178.00000000 639.50000000 0.29803922 0.23137255 0.20000000
v -67.00000000 177.75000000 637.75000000 0.34117647 0.24705882 0.20784314
v -66.00000000 177.75000000 637.75000000 0.35686275 0.25490196 0.20392157
v -65.75000000 177.00000000 636.50000000 0.37647059 0.25882353 0.21568627
v -65.00000000 177.00000000 636.25000000 0.39607843 0.26274510 0.21568627
v -64.00000000 177.00000000 635.75000000 0.41960784 0.27058824 0.22745098
v -63.00000000 177.00000000 635.50000000 0.45882353 0.28627451 0.24313725
v -62.00000000 176.75000000 635.00000000 0.47450980 0.29411765 0.23529412
v -61.00000000 176.75000000 635.00000000 0.49019608 0.29803922 0.24313725
v -60.75000000 176.75000000 635.00000000 0.49803922 0.30588235 0.24705882
v -60.00000000 176.75000000 635.00000000 0.51764706 0.30980392 0.25490196
v -59.00000000 176.75000000 635.00000000 0.54901961 0.31372549 0.27450980
v -58.25000000 176.75000000 635.00000000 0.56078431 0.31372549 0.27843137
v -53.00000000 177.00000000 636.00000000 0.62745098 0.36078431 0.30980392
v -52.00000000 177.00000000 636.25000000 0.64313725 0.36862745 0.32156863
v -51.00000000 177.00000000 636.75000000 0.66274510 0.38039216 0.32549020
v -50.00000000 177.50000000 637.50000000 0.66666667 0.38431373 0.32941176
v -50.00000000 177.75000000 637.75000000 0.67450980 0.39215686 0.33725490
v -48.00000000 178.00000000 638.50000000 0.67843137 0.40784314 0.34901961
v -47.00000000 178.00000000 639.75000000 0.69019608 0.40784314 0.35294118
v -46.50000000 178.00000000 640.50000000 0.69411765 0.41176471 0.35686275
v -46.00000000 178.25000000 641.00000000 0.68627451 0.41568627 0.35686275
v -45.00000000 178.75000000 641.00000000 0.69019608 0.41960784 0.36078431
v -73.50000000 178.50000000 640.00000000 0.27058824 0.21176471 0.18431373
v -72.50000000 178.75000000 640.25000000 0.29019608 0.22352941 0.19607843
v -71.75000000 178.50000000 640.25000000 0.28235294 0.21568627 0.18431373
v -70.75000000 178.75000000 640.00000000 0.27843137 0.22745098 0.19215686
v -70.00000000 178.75000000 639.50000000 0.28235294 0.23137255 0.19607843
v -69.00000000 178.75000000 638.75000000 0.29019608 0.23529412 0.20000000
v -68.00000000 178.75000000 638.75000000 0.30588235 0.23921569 0.20784314
v -68.00000000 178.00000000 638.00000000 0.30980392 0.24313725 0.20392157
v -67.00000000 178.00000000 637.75000000 0.32156863 0.24313725 0.20784314
v -65.25000000 177.75000000 636.00000000 0.37254902 0.25490196 0.21568627
v -65.00000000 177.75000000 635.50000000 0.39215686 0.25882353 0.21176471
v -64.00000000 177.50000000 635.25000000 0.41568627 0.26666667 0.22352941
v -63.00000000 177.50000000 635.25000000 0.43529412 0.27843137 0.23137255
v -62.75000000 177.50000000 635.00000000 0.45882353 0.28627451 0.24313725
v -62.00000000 177.00000000 634.25000000 0.46274510 0.29019608 0.23921569
v -61.00000000 177.00000000 634.25000000 0.48235294 0.29411765 0.24705882
v -60.25000000 177.00000000 634.00000000 0.49411765 0.30196078 0.24705882
v -60.00000000 177.00000000 634.00000000 0.50980392 0.29803922 0.25098039
v -59.00000000 177.00000000 634.00000000 0.54509804 0.31764706 0.27450980
v -58.00000000 177.00000000 634.00000000 0.55686275 0.32156863 0.28235294
v -57.00000000 177.00000000 634.50000000 0.58431373 0.33725490 0.30196078
v -56.00000000 177.00000000 634.50000000 0.59215686 0.34117647 0.30196078
v -55.00000000 177.00000000 634.75000000 0.60000000 0.34901961 0.30980392
v -54.00000000 177.00000000 634.75000000 0.60784314 0.35686275 0.31764706
v -54.00000000 177.25000000 635.25000000 0.62352941 0.36470588 0.31764706
v -53.00000000 177.25000000 635.25000000 0.61960784 0.36078431 0.31372549
v -52.00000000 177.75000000 635.75000000 0.63137255 0.36470588 0.31372549
v -49.00000000 178.00000000 637.75000000 0.67843137 0.40784314 0.34901961
v -48.00000000 178.50000000 638.50000000 0.68235294 0.41960784 0.35686275
v -45.00000000 179.00000000 640.50000000 0.69411765 0.42352941 0.36470588
v -73.50000000 179.50000000 639.75000000 0.26666667 0.20784314 0.18039216
v -72.50000000 179.25000000 639.75000000 0.29019608 0.22352941 0.19607843
v -71.75000000 179.25000000 640.25000000 0.28627451 0.21960784 0.18823529
v -71.25000000 179.50000000 639.75000000 0.27450980 0.21960784 0.18431373
v -70.75000000 179.25000000 639.75000000 0.27843137 0.22745098 0.19215686
v -70.00000000 179.00000000 639.00000000 0.27843137 0.23921569 0.20000000
v -69.00000000 179.00000000 638.75000000 0.29019608 0.23921569 0.20392157
v -67.00000000 178.75000000 636.75000000 0.31372549 0.23529412 0.20000000
v -66.00000000 178.00000000 635.75000000 0.34509804 0.25098039 0.20392157
v -65.00000000 178.25000000 636.00000000 0.36470588 0.25490196 0.21176471
v -65.00000000 178.00000000 635.00000000 0.39215686 0.26666667 0.22352941
v -64.00000000 178.00000000 635.00000000 0.41176471 0.26666667 0.23137255
v -63.00000000 178.00000000 634.25000000 0.42745098 0.27843137 0.23529412
v -62.50000000 178.00000000 634.25000000 0.45098039 0.28235294 0.24705882
v -62.00000000 178.00000000 634.25000000 0.45882353 0.28627451 0.24313725
v -61.00000000 178.00000000 634.25000000 0.47843137 0.29019608 0.25098039
v -60.00000000 178.00000000 633.50000000 0.50588235 0.30196078 0.25882353
v -55.00000000 178.00000000 634.00000000 0.58823529 0.33725490 0.29803922
v -54.00000000 178.00000000 634.00000000 0.59607843 0.34509804 0.30588235
v -53.00000000 178.00000000 635.00000000 0.61568627 0.35686275 0.30980392
v -52.00000000 178.00000000 635.25000000 0.64313725 0.37647059 0.33333333
v -51.00000000 178.00000000 635.50000000 0.64313725 0.37647059 0.32549020
v -50.00000000 178.00000000 636.00000000 0.64705882 0.38039216 0.32941176
v -50.00000000 178.75000000 636.75000000 0.66666667 0.40000000 0.34901961
v -47.00000000 179.00000000 638.50000000 0.69019608 0.42745098 0.36470588
v -46.00000000 179.00000000 638.75000000 0.68627451 0.42352941 0.36078431
v -46.00000000 179.50000000 639.50000000 0.68627451 0.42352941 0.36078431
v -45.00000000 179.75000000 639.75000000 0.68627451 0.42352941 0.36078431
v -44.00000000 179.75000000 640.00000000 0.69019608 0.43137255 0.36862745
v -73.50000000 180.00000000 639.75000000 0.26274510 0.21176471 0.17647059
v -72.75000000 180.00000000 639.75000000 0.27450980 0.21960784 0.18431373
v -71.75000000 180.00000000 639.75000000 0.28235294 0.21568627 0.17647059
v -71.25000000 180.00000000 639.75000000 0.29019608 0.22352941 0.18431373
v -70.75000000 180.00000000 639.50000000 0.29803922 0.22352941 0.19607843
v -70.00000000 180.00000000 639.00000000 0.29019608 0.21568627 0.18823529
v -69.00000000 180.00000000 638.75000000 0.29411765 0.22745098 0.19607843
v -68.00000000 179.75000000 637.75000000 0.30980392 0.24313725 0.21176471
v -68.00000000 179.00000000 637.00000000 0.31764706 0.24705882 0.20784314
v -67.00000000 179.00000000 636.75000000 0.31764706 0.23921569 0.20392157
v -66.00000000 179.00000000 635.75000000 0.33333333 0.24705882 0.19607843
v -65.00000000 179.00000000 635.75000000 0.36470588 0.25882353 0.21568627
v -65.00000000 178.75000000 635.00000000 0.38039216 0.26666667 0.21176471
v -64.00000000 178.75000000 634.75000000 0.40392157 0.27058824 0.22352941
v -63.00000000 178.50000000 634.25000000 0.42745098 0.28627451 0.23137255
v -62.50000000 178.75000000 634.25000000 0.43921569 0.28235294 0.23529412
v -62.00000000 178.75000000 634.25000000 0.45098039 0.27843137 0.22745098
v -61.00000000 178.50000000 633.50000000 0.47058824 0.28235294 0.23529412
v -60.00000000 178.50000000 633.50000000 0.49019608 0.29803922 0.24313725
v -60.00000000 178.25000000 633.00000000 0.51764706 0.30588235 0.25882353
v -59.00000000 178.00000000 632.50000000 0.52549020 0.31372549 0.26666667
v -58.00000000 178.00000000 632.50000000 0.53333333 0.30980392 0.26666667
v -57.75000000 178.00000000 632.75000000 0.54117647 0.31372549 0.26666667
v -57.00000000 178.00000000 632.75000000 0.55686275 0.32156863 0.27843137
v -56.00000000 178.00000000 632.75000000 0.55686275 0.32156863 0.27843137
v -55.75000000 178.25000000 633.00000000 0.56862745 0.31764706 0.27843137
v -55.00000000 178.25000000 633.25000000 0.59215686 0.33333333 0.28627451
v -54.00000000 178.50000000 633.75000000 0.61960784 0.35294118 0.30980392
v -53.75000000 178.75000000 634.00000000 0.62745098 0.35294118 0.31372549
v -52.00000000 179.00000000 634.75000000 0.63921569 0.36470588 0.31764706
v -51.00000000 179.00000000 635.25000000 0.65098039 0.37647059 0.32941176
v -50.00000000 179.00000000 635.25000000 0.65490196 0.38039216 0.33333333
v -49.00000000 179.00000000 636.00000000 0.68235294 0.41176471 0.35294118
v -48.00000000 179.00000000 636.75000000 0.67450980 0.41176471 0.34509804
v -47.00000000 179.75000000 637.75000000 0.68627451 0.42352941 0.36078431
v -46.00000000 179.75000000 637.75000000 0.68235294 0.41960784 0.35686275
v -44.00000000 180.00000000 639.50000000 0.69411765 0.43137255 0.36470588
v -72.75000000 180.50000000 639.50000000 0.27450980 0.21960784 0.18431373
v -71.75000000 180.50000000 639.75000000 0.28235294 0.21568627 0.17647059
v -71.00000000 180.75000000 639.25000000 0.28627451 0.21960784 0.18039216
v -70.50000000 180.50000000 639.25000000 0.29803922 0.22352941 0.19607843
v -70.00000000 180.50000000 638.75000000 0.29411765 0.21960784 0.19215686
v -69.00000000 180.25000000 638.00000000 0.29803922 0.22352941 0.19607843
v -68.00000000 180.00000000 637.75000000 0.30980392 0.23529412 0.20784314
v -67.75000000 180.00000000 636.75000000 0.31764706 0.23921569 0.20392157
v -66.00000000 179.75000000 635.75000000 0.32941176 0.24313725 0.19215686
v -65.00000000 179.75000000 635.75000000 0.36078431 0.25490196 0.21176471
v -64.75000000 179.25000000 635.00000000 0.38039216 0.26666667 0.21176471
v -64.00000000 179.00000000 634.75000000 0.40000000 0.26666667 0.21960784
v -63.00000000 179.00000000 633.75000000 0.41960784 0.27843137 0.22352941
v -62.00000000 179.00000000 633.25000000 0.44705882 0.27450980 0.22352941
v -61.00000000 179.00000000 632.50000000 0.47058824 0.28235294 0.23529412
v -60.00000000 179.00000000 632.25000000 0.51764706 0.31372549 0.26274510
v -59.00000000 178.75000000 632.00000000 0.52156863 0.31764706 0.26666667
v -58.00000000 178.50000000 631.50000000 0.53333333 0.32156863 0.27450980
v -57.00000000 178.75000000 631.75000000 0.53333333 0.30588235 0.25882353
v -56.00000000 178.75000000 632.00000000 0.54901961 0.31372549 0.27058824
v -55.25000000 178.75000000 632.00000000 0.58039216 0.32941176 0.29019608
v -55.00000000 179.00000000 632.75000000 0.60392157 0.34509804 0.29803922
v -54.00000000 179.00000000 632.75000000 0.62352941 0.35686275 0.31372549
v -53.25000000 179.00000000 633.00000000 0.63137255 0.35686275 0.31764706
v -53.00000000 179.00000000 633.25000000 0.63529412 0.36078431 0.32156863
v -52.00000000 179.25000000 634.25000000 0.64313725 0.36862745 0.32156863
v -51.25000000 179.25000000 634.25000000 0.64705882 0.37254902 0.32549020
v -51.00000000 179.25000000 634.25000000 0.64705882 0.38039216 0.32941176
v -46.00000000 180.00000000 637.00000000 0.68235294 0.41960784 0.35686275
v -45.00000000 180.00000000 637.75000000 0.69803922 0.43529412 0.37254902
v -44.00000000 180.75000000 638.50000000 0.69803922 0.43529412 0.36862745
v -43.75000000 180.75000000 638.50000000 0.69411765 0.43137255 0.36470588
v -43.00000000 180.75000000 638.75000000 0.70196078 0.43921569 0.37254902
v -72.75000000 181.25000000 639.00000000 0.28235294 0.21568627 0.18431373
v -71.75000000 181.50000000 639.25000000 0.28627451 0.21568627 0.17647059
v -71.00000000 181.25000000 638.50000000 0.29019608 0.21960784 0.18039216
v -70.00000000 181.00000000 638.25000000 0.29411765 0.21960784 0.19215686
v -67.50000000 180.50000000 636.50000000 0.31764706 0.23921569 0.19607843
v -67.00000000 180.00000000 636.00000000 0.32156863 0.23529412 0.19215686
v -66.00000000 180.00000000 635.75000000 0.33333333 0.24705882 0.19607843
v -65.00000000 180.00000000 634.75000000 0.35686275 0.25098039 0.20784314
v -64.75000000 180.00000000 634.75000000 0.37647059 0.26666667 0.21176471
v -64.00000000 180.00000000 633.75000000 0.39215686 0.26666667 0.21568627
v -63.00000000 179.75000000 633.25000000 0.41568627 0.27450980 0.21960784
v -62.00000000 179.75000000 633.25000000 0.43137255 0.27450980 0.22745098
v -62.00000000 179.50000000 632.50000000 0.44313725 0.27843137 0.22352941
v -61.00000000 179.50000000 632.50000000 0.47058824 0.29019608 0.23921569
v -60.00000000 179.25000000 632.25000000 0.49803922 0.30980392 0.25490196
v -59.75000000 179.25000000 632.00000000 0.51764706 0.31372549 0.26274510
v -59.00000000 179.00000000 631.50000000 0.52156863 0.31764706 0.26666667
v -58.00000000 179.00000000 631.50000000 0.53725490 0.32549020 0.27843137
v -57.00000000 179.00000000 631.50000000 0.53333333 0.31372549 0.26274510
v -56.00000000 179.00000000 631.50000000 0.53725490 0.30980392 0.26274510
v -55.25000000 179.25000000 631.75000000 0.58039216 0.33725490 0.29411765
v -55.00000000 179.25000000 632.00000000 0.60392157 0.35294118 0.30588235
v -54.00000000 179.25000000 632.00000000 0.62352941 0.36470588 0.31764706
v -53.00000000 179.25000000 632.25000000 0.63137255 0.36470588 0.32156863
v -53.00000000 179.50000000 632.50000000 0.63529412 0.36862745 0.32549020
v -50.00000000 180.00000000 634.25000000 0.65490196 0.38823529 0.33725490
v -49.50000000 180.00000000 634.50000000 0.66274510 0.40000000 0.33725490
v -49.00000000 180.00000000 635.00000000 0.67058824 0.40784314 0.34509804
v -48.00000000 180.00000000 635.00000000 0.67058824 0.40392157 0.35294118
v -47.50000000 180.00000000 635.50000000 0.68235294 0.41568627 0.36470588
v -47.00000000 180.00000000 636.00000000 0.68235294 0.41568627 0.36470588
v -46.00000000 180.75000000 636.75000000 0.68627451 0.41960784 0.36862745
v -43.75000000 181.00000000 637.75000000 0.70196078 0.43921569 0.37647059
v -42.00000000 181.00000000 638.00000000 0.70196078 0.44705882 0.37647059
v -73.00000000 181.50000000 638.25000000 0.25490196 0.20392157 0.16862745
v -72.75000000 181.75000000 638.75000000 0.27843137 0.21176471 0.18039216
v -71.75000000 181.75000000 638.75000000 0.28235294 0.21568627 0.18431373
v -71.00000000 181.75000000 638.50000000 0.29411765 0.21960784 0.19215686
v -70.50000000 181.50000000 638.00000000 0.29411765 0.22352941 0.18431373
v -70.00000000 181.50000000 637.50000000 0.29411765 0.22352941 0.18431373
v -69.00000000 181.00000000 636.75000000 0.30196078 0.23137255 0.19215686
v -68.00000000 181.00000000 636.75000000 0.30980392 0.23921569 0.20000000
v -67.00000000 181.00000000 635.75000000 0.31764706 0.23921569 0.19607843
v -64.00000000 180.75000000 633.75000000 0.37647059 0.26666667 0.21176471
v -64.00000000 180.25000000 633.00000000 0.39215686 0.26666667 0.21568627
v -63.00000000 180.00000000 632.75000000 0.41568627 0.27450980 0.21960784
v -62.00000000 180.00000000 632.25000000 0.43137255 0.27450980 0.22745098
v -61.75000000 180.00000000 632.25000000 0.44705882 0.28235294 0.22745098
v -61.00000000 180.00000000 631.50000000 0.47058824 0.29019608 0.23921569
v -60.00000000 180.00000000 631.50000000 0.49019608 0.30980392 0.25882353
v -59.25000000 180.00000000 631.25000000 0.50588235 0.30980392 0.26666667
v -58.00000000 179.50000000 630.50000000 0.53725490 0.32549020 0.27843137
v -57.00000000 179.75000000 630.75000000 0.52156863 0.29411765 0.24705882
v -56.00000000 179.75000000 631.00000000 0.53725490 0.30980392 0.26274510
v -55.00000000 179.50000000 630.75000000 0.57647059 0.33333333 0.29019608
v -55.00000000 179.75000000 631.00000000 0.60000000 0.34901961 0.30196078
v -54.00000000 179.75000000 631.00000000 0.62352941 0.36470588 0.31764706
v -53.00000000 180.00000000 631.50000000 0.62352941 0.35686275 0.31372549
v -52.00000000 180.00000000 632.25000000 0.64313725 0.37647059 0.32549020
v -51.00000000 180.00000000 632.25000000 0.65098039 0.38431373 0.33333333
v -51.00000000 180.25000000 633.25000000 0.65490196 0.38823529 0.33725490
v -50.00000000 180.25000000 633.25000000 0.65882353 0.39215686 0.34117647
v -47.00000000 181.00000000 634.75000000 0.67450980 0.40784314 0.35686275
v -46.00000000 181.00000000 635.75000000 0.69019608 0.42352941 0.37254902
v -45.75000000 181.00000000 636.75000000 0.70196078 0.43921569 0.37647059
v -45.00000000 181.00000000 636.75000000 0.70980392 0.44705882 0.38431373
v -44.00000000 181.00000000 636.75000000 0.71372549 0.45098039 0.38823529
v -43.00000000 181.00000000 636.75000000 0.71372549 0.45098039 0.38823529
v -43.00000000 181.50000000 637.25000000 0.70980392 0.44705882 0.38039216
v -42.00000000 181.50000000 637.50000000 0.70980392 0.44705882 0.38039216
v -72.75000000 182.50000000 638.00000000 0.27058824 0.21568627 0.18039216
v -71.75000000 182.25000000 638.25000000 0.27450980 0.21960784 0.18431373
v -71.00000000 182.50000000 638.00000000 0.28627451 0.21960784 0.18823529
v -70.25000000 182.25000000 637.50000000 0.29411765 0.22352941 0.18431373
v -69.50000000 182.00000000 637.00000000 0.29803922 0.22745098 0.18823529
v -68.00000000 181.75000000 636.25000000 0.31372549 0.23529412 0.20000000
v -67.00000000 181.75000000 635.75000000 0.31764706 0.23921569 0.19607843
v -67.00000000 181.25000000 635.25000000 0.32941176 0.24313725 0.20000000
v -66.00000000 181.00000000 634.25000000 0.34117647 0.25490196 0.20392157
v -65.00000000 181.00000000 634.00000000 0.36470588 0.25882353 0.21568627
v -64.00000000 181.00000000 632.75000000 0.39607843 0.27058824 0.21960784
v -63.00000000 181.00000000 632.25000000 0.41568627 0.27450980 0.21960784
v -62.00000000 180.75000000 632.00000000 0.43137255 0.27450980 0.22745098
v -61.50000000 180.50000000 631.50000000 0.45098039 0.28627451 0.23137255
v -61.00000000 180.50000000 631.50000000 0.47058824 0.29019608 0.23921569
v -60.00000000 180.25000000 631.25000000 0.47843137 0.29803922 0.24705882
v -59.25000000 180.25000000 631.25000000 0.49803922 0.30196078 0.25882353
v -59.00000000 180.00000000 630.50000000 0.52156863 0.31764706 0.26666667
v -58.00000000 180.00000000 630.50000000 0.52941176 0.31764706 0.27058824
v -57.00000000 180.00000000 630.50000000 0.53333333 0.31372549 0.26274510
v -56.00000000 180.00000000 630.25000000 0.55686275 0.32156863 0.27843137
v -55.00000000 180.00000000 630.25000000 0.58039216 0.32941176 0.29019608
v -54.00000000 180.25000000 631.00000000 0.61960784 0.36078431 0.31372549
v -53.00000000 180.25000000 631.00000000 0.61960784 0.35294118 0.30980392
v -53.00000000 180.50000000 631.50000000 0.63137255 0.36470588 0.32156863
v -52.00000000 180.50000000 631.50000000 0.65098039 0.37647059 0.32941176
v -49.00000000 181.00000000 633.00000000 0.66274510 0.40000000 0.33725490
v -48.00000000 181.00000000 634.00000000 0.66666667 0.39215686 0.34509804
v -47.00000000 181.25000000 634.25000000 0.67450980 0.40000000 0.35294118
v -47.00000000 181.75000000 634.75000000 0.69019608 0.41960784 0.36078431
v -45.00000000 182.00000000 635.75000000 0.69803922 0.43529412 0.37254902
v -44.00000000 182.00000000 636.25000000 0.72549020 0.46274510 0.40000000
v -43.00000000 182.00000000 636.25000000 0.72549020 0.46274510 0.40000000
v -42.00000000 182.00000000 636.50000000 0.71764706 0.45490196 0.38823529
v -41.00000000 182.00000000 636.25000000 0.71372549 0.45098039 0.38431373
v -72.25000000 182.75000000 637.25000000 0.26666667 0.21568627 0.18039216
v -71.75000000 183.00000000 637.50000000 0.26666667 0.21568627 0.18039216
v -71.00000000 182.75000000 637.50000000 0.28627451 0.21960784 0.18823529
v -70.00000000 182.50000000 636.75000000 0.29019608 0.22352941 0.19215686
v -69.50000000 182.50000000 636.50000000 0.29803922 0.22352941 0.19607843
v -69.00000000 182.00000000 635.50000000 0.30588235 0.23529412 0.19607843
v -68.00000000 182.00000000 635.50000000 0.30980392 0.23921569 0.20000000
v -67.00000000 182.00000000 634.50000000 0.32941176 0.24313725 0.20000000
v -66.00000000 182.00000000 634.25000000 0.33725490 0.25098039 0.20000000
v -65.00000000 182.00000000 633.25000000 0.36078431 0.25490196 0.21176471
v -64.00000000 181.75000000 633.00000000 0.37254902 0.26274510 0.20784314
v -63.75000000 181.25000000 632.00000000 0.39607843 0.27058824 0.21960784
v -63.00000000 181.25000000 632.00000000 0.41568627 0.27450980 0.21960784
v -62.00000000 181.00000000 631.25000000 0.43137255 0.27450980 0.22745098
v -61.25000000 181.00000000 631.25000000 0.45882353 0.28627451 0.23529412
v -61.00000000 181.00000000 630.50000000 0.47058824 0.29019608 0.23921569
v -60.00000000 181.00000000 630.50000000 0.47450980 0.28627451 0.23137255
v -58.00000000 180.50000000 629.50000000 0.51764706 0.30588235 0.25882353
v -57.00000000 180.75000000 629.75000000 0.54509804 0.31764706 0.27058824
v -56.00000000 180.25000000 629.25000000 0.57254902 0.33725490 0.29411765
v -55.00000000 180.25000000 629.25000000 0.58431373 0.34117647 0.29803922
v -54.75000000 180.75000000 630.00000000 0.59215686 0.34117647 0.29411765
v -54.00000000 180.75000000 630.00000000 0.61960784 0.36078431 0.31372549
v -53.00000000 181.00000000 630.50000000 0.63529412 0.36862745 0.32549020
v -52.00000000 181.00000000 631.25000000 0.65490196 0.38039216 0.33333333
v -51.00000000 181.00000000 631.25000000 0.66274510 0.38823529 0.34117647
v -50.00000000 181.00000000 631.50000000 0.65882353 0.39215686 0.34117647
v -49.00000000 181.25000000 632.25000000 0.66274510 0.40000000 0.33725490
v -47.00000000 182.00000000 633.25000000 0.67843137 0.40784314 0.34901961
v -46.00000000 182.00000000 634.25000000 0.70588235 0.43529412 0.37647059
v -45.00000000 182.25000000 635.00000000 0.70196078 0.43137255 0.36862745
v -41.00000000 182.75000000 636.00000000 0.72156863 0.45882353 0.38431373
v -41.00000000 182.50000000 635.50000000 0.71764706 0.45490196 0.38039216
v -72.25000000 183.50000000 637.00000000 0.26274510 0.21176471 0.17647059
v -71.75000000 183.25000000 636.75000000 0.26666667 0.21568627 0.18039216
v -71.00000000 183.25000000 636.50000000 0.27843137 0.22352941 0.18823529
v -70.00000000 183.00000000 636.25000000 0.29019608 0.22352941 0.19215686
v -69.25000000 183.00000000 636.00000000 0.29411765 0.22745098 0.19607843
v -66.75000000 182.75000000 634.00000000 0.32941176 0.24313725 0.20000000
v -66.00000000 182.25000000 633.25000000 0.34117647 0.25490196 0.20392157
v -65.00000000 182.25000000 633.25000000 0.36078431 0.25490196 0.21176471
v -64.00000000 182.00000000 632.25000000 0.37254902 0.26274510 0.20784314
v -63.75000000 182.00000000 632.00000000 0.39215686 0.26666667 0.21568627
v -63.00000000 182.00000000 631.25000000 0.41176471 0.27058824 0.20784314
v -61.00000000 181.50000000 630.50000000 0.46274510 0.29411765 0.23137255
v -60.00000000 181.25000000 630.25000000 0.47843137 0.29019608 0.23529412
v -59.00000000 181.00000000 629.25000000 0.48235294 0.29019608 0.23529412
v -58.00000000 181.00000000 629.25000000 0.50980392 0.29803922 0.25098039
v -57.00000000 181.00000000 629.00000000 0.53725490 0.30980392 0.26274510
v -56.00000000 181.00000000 629.25000000 0.56862745 0.34117647 0.29411765
v -55.00000000 181.00000000 629.25000000 0.58431373 0.34117647 0.29803922
v -54.25000000 181.00000000 629.25000000 0.58431373 0.34117647 0.29019608
v -54.00000000 181.00000000 629.75000000 0.60392157 0.35294118 0.30588235
v -53.00000000 181.25000000 630.00000000 0.62352941 0.36470588 0.31764706
v -52.75000000 181.25000000 630.00000000 0.63137255 0.37254902 0.32549020
v -52.00000000 181.25000000 630.25000000 0.64705882 0.38039216 0.32941176
v -51.00000000 181.50000000 630.50000000 0.65490196 0.38823529 0.33725490
v -50.75000000 181.75000000 630.75000000 0.65490196 0.38823529 0.33725490
v -50.00000000 181.75000000 630.75000000 0.65882353 0.39215686 0.34117647
v -48.00000000 182.00000000 632.25000000 0.65098039 0.38823529 0.32549020
v -47.00000000 182.25000000 633.00000000 0.68235294 0.41176471 0.35294118
v -45.00000000 183.00000000 634.25000000 0.70980392 0.43921569 0.37647059
v -44.00000000 183.00000000 635.25000000 0.72156863 0.45882353 0.39607843
v -43.00000000 183.00000000 635.50000000 0.72549020 0.46274510 0.40000000
v -42.00000000 183.00000000 635.75000000 0.72156863 0.45882353 0.39607843
v -41.00000000 183.00000000 635.00000000 0.72549020 0.46274510 0.39607843
v -72.25000000 184.00000000 636.50000000 0.26274510 0.21176471 0.17647059
v -71.75000000 183.75000000 636.25000000 0.26274510 0.21176471 0.17647059
v -71.00000000 183.75000000 636.00000000 0.27450980 0.21960784 0.18431373
v -70.00000000 183.50000000 635.50000000 0.29019608 0.22352941 0.19215686
v -69.00000000 183.00000000 634.75000000 0.29803922 0.22745098 0.18823529
v -68.00000000 183.00000000 634.00000000 0.30980392 0.23921569 0.20000000
v -67.00000000 183.00000000 633.75000000 0.31764706 0.23921569 0.19607843
v -66.25000000 183.00000000 633.00000000 0.33333333 0.24705882 0.20392157
v -66.00000000 183.00000000 633.00000000 0.34117647 0.25490196 0.20392157
v -65.00000000 183.00000000 632.25000000 0.36470588 0.25882353 0.21568627
v -63.25000000 182.25000000 631.25000000 0.38823529 0.26274510 0.21176471
v -63.00000000 182.25000000 631.25000000 0.41568627 0.27058824 0.20784314
v -62.00000000 182.00000000 630.25000000 0.44313725 0.27843137 0.22352941
v -61.00000000 182.00000000 629.50000000 0.48235294 0.29411765 0.23921569
v -58.25000000 182.00000000 628.25000000 0.49411765 0.30196078 0.24705882
v -56.25000000 182.00000000 628.25000000 0.52156863 0.30196078 0.25098039
v -52.25000000 182.00000000 629.00000000 0.63529412 0.37647059 0.32941176
v -51.00000000 182.00000000 629.50000000 0.65098039 0.38431373 0.33333333
v -50.25000000 182.00000000 630.00000000 0.65098039 0.39215686 0.33725490
v -50.00000000 182.00000000 630.00000000 0.65490196 0.39607843 0.34117647
v -49.00000000 182.00000000 630.75000000 0.64705882 0.40000000 0.33333333
v -48.75000000 182.25000000 631.00000000 0.65490196 0.39607843 0.33333333
v -48.00000000 182.75000000 632.00000000 0.64705882 0.38823529 0.32549020
v -47.00000000 182.75000000 632.00000000 0.68235294 0.41960784 0.35686275
v -46.00000000 183.00000000 633.25000000 0.71372549 0.45098039 0.38823529
v -45.00000000 183.25000000 634.25000000 0.70980392 0.44705882 0.38431373
v -45.00000000 183.50000000 634.50000000 0.72156863 0.45882353 0.39607843
v -41.00000000 183.50000000 634.50000000 0.72941176 0.46666667 0.40000000
v -72.00000000 184.25000000 635.75000000 0.25490196 0.20392157 0.18039216
v -71.75000000 184.25000000 635.75000000 0.26666667 0.21568627 0.19215686
v -71.00000000 184.25000000 635.50000000 0.28235294 0.22352941 0.20392157
v -70.00000000 184.00000000 635.00000000 0.29019608 0.22352941 0.19215686
v -69.00000000 184.00000000 634.50000000 0.29411765 0.22745098 0.19607843
v -68.75000000 184.00000000 633.75000000 0.30196078 0.22745098 0.20000000
v -68.00000000 184.00000000 633.75000000 0.30196078 0.22745098 0.20000000
v -67.00000000 183.75000000 633.25000000 0.30980392 0.23137255 0.18823529
v -66.25000000 183.50000000 632.75000000 0.33333333 0.24705882 0.20392157
v -66.00000000 183.25000000 632.00000000 0.34509804 0.25882353 0.20784314
v -65.00000000 183.25000000 632.00000000 0.35686275 0.25098039 0.20784314
v -64.00000000 183.00000000 631.25000000 0.36862745 0.25882353 0.20392157
v -63.25000000 183.00000000 631.25000000 0.38431373 0.25882353 0.20784314
v -62.00000000 182.25000000 629.25000000 0.43137255 0.27843137 0.21960784
v -61.00000000 182.25000000 629.25000000 0.44705882 0.28235294 0.21960784
v -60.75000000 182.00000000 628.75000000 0.46666667 0.28627451 0.22745098
v -60.00000000 182.00000000 628.25000000 0.48235294 0.30196078 0.23921569
v -59.00000000 182.00000000 628.25000000 0.49803922 0.31372549 0.25098039
v -58.00000000 182.00000000 627.50000000 0.49803922 0.29411765 0.24313725
v -57.00000000 182.00000000 627.25000000 0.51372549 0.30980392 0.25490196
v -56.00000000 182.00000000 627.50000000 0.56862745 0.34901961 0.29803922
v -55.00000000 182.00000000 627.25000000 0.56862745 0.34901961 0.29803922
v -54.00000000 182.00000000 627.75000000 0.57647059 0.34901961 0.29411765
v -53.00000000 182.00000000 628.00000000 0.60392157 0.37254902 0.31764706
v -52.00000000 182.00000000 628.25000000 0.61568627 0.36470588 0.31764706
v -52.00000000 182.50000000 628.50000000 0.62352941 0.36470588 0.30980392
v -51.00000000 182.50000000 628.50000000 0.64705882 0.38039216 0.32941176
v -50.00000000 182.75000000 629.00000000 0.65490196 0.38039216 0.33333333
v -48.25000000 183.00000000 630.00000000 0.67450980 0.39215686 0.34509804
v -47.00000000 183.00000000 631.75000000 0.69411765 0.42352941 0.36470588
v -46.75000000 183.25000000 632.00000000 0.70588235 0.43529412 0.37647059
v -46.00000000 183.75000000 632.75000000 0.73333333 0.46274510 0.40392157
v -44.00000000 184.00000000 634.50000000 0.72156863 0.45882353 0.39607843
v -43.00000000 184.00000000 635.00000000 0.72156863 0.45882353 0.39607843
v -42.00000000 184.00000000 635.00000000 0.72549020 0.46274510 0.40000000
v -41.00000000 184.00000000 634.50000000 0.73333333 0.47058824 0.40784314
v -72.00000000 184.75000000 635.25000000 0.24313725 0.20000000 0.17647059
v -71.75000000 185.00000000 635.75000000 0.26274510 0.21176471 0.18823529
v -71.00000000 185.00000000 635.00000000 0.27843137 0.21960784 0.20000000
v -70.00000000 185.00000000 635.00000000 0.28627451 0.22745098 0.20000000
v -69.00000000 184.75000000 634.00000000 0.30196078 0.23529412 0.20784314
v -68.75000000 184.75000000 633.75000000 0.29803922 0.23137255 0.20000000
v -68.00000000 184.50000000 633.25000000 0.29411765 0.22745098 0.19607843
v -67.00000000 184.25000000 633.00000000 0.29803922 0.22745098 0.18823529
v -66.00000000 184.00000000 632.00000000 0.31764706 0.23921569 0.20392157
v -65.00000000 183.75000000 631.25000000 0.35686275 0.26274510 0.21568627
v -64.00000000 183.50000000 630.75000000 0.36862745 0.26666667 0.20784314
v -63.00000000 183.25000000 630.25000000 0.37647059 0.26274510 0.20784314
v -63.00000000 183.00000000 629.25000000 0.40000000 0.27058824 0.21176471
v -62.00000000 183.00000000 629.25000000 0.42745098 0.27843137 0.22745098
v -61.00000000 183.00000000 628.50000000 0.43921569 0.28627451 0.21960784
v -60.50000000 183.00000000 628.50000000 0.45882353 0.29019608 0.22745098
v -60.00000000 183.00000000 627.50000000 0.47058824 0.30196078 0.23921569
v -58.00000000 182.75000000 627.00000000 0.49803922 0.29411765 0.23921569
v -56.00000000 182.75000000 627.00000000 0.56862745 0.34901961 0.29019608
v -55.00000000 182.75000000 627.00000000 0.57647059 0.35686275 0.29803922
v -54.00000000 182.75000000 627.00000000 0.58431373 0.35294118 0.29803922
v -51.00000000 183.00000000 628.00000000 0.65098039 0.38431373 0.33333333
v -50.00000000 183.00000000 628.50000000 0.66666667 0.39215686 0.34509804
v -49.00000000 183.00000000 629.00000000 0.66666667 0.38431373 0.32941176
v -48.00000000 183.00000000 629.00000000 0.67058824 0.38823529 0.33333333
v -48.00000000 183.25000000 630.00000000 0.65882353 0.38823529 0.32941176
v -47.00000000 183.75000000 630.75000000 0.69411765 0.42352941 0.36470588
v -46.75000000 184.00000000 631.75000000 0.71764706 0.44705882 0.38823529
v -45.00000000 184.00000000 632.75000000 0.72156863 0.45882353 0.39607843
v -45.00000000 184.25000000 633.25000000 0.71764706 0.45490196 0.39215686
v -44.00000000 185.00000000 634.25000000 0.71764706 0.45490196 0.39215686
v -43.00000000 185.00000000 634.25000000 0.72156863 0.45882353 0.39607843
v -42.00000000 185.00000000 635.00000000 0.72156863 0.45882353 0.39607843
v -41.00000000 185.00000000 634.00000000 0.73333333 0.47058824 0.40784314
v -71.50000000 185.50000000 635.25000000 0.26666667 0.21568627 0.19215686
v -71.00000000 185.50000000 634.75000000 0.27450980 0.22352941 0.20000000
v -70.00000000 185.50000000 634.50000000 0.28627451 0.22745098 0.20000000
v -69.00000000 185.00000000 633.50000000 0.29411765 0.23529412 0.20784314
v -68.25000000 185.00000000 633.00000000 0.29803922 0.23137255 0.20000000
v -68.00000000 185.00000000 632.75000000 0.29411765 0.22745098 0.19607843
v -67.00000000 184.75000000 632.25000000 0.29803922 0.23137255 0.19215686
v -66.00000000 184.75000000 632.00000000 0.30980392 0.23921569 0.20000000
v -65.75000000 184.25000000 631.00000000 0.32549020 0.25490196 0.20000000
v -65.00000000 184.00000000 630.25000000 0.35294118 0.26666667 0.21568627
v -64.00000000 184.00000000 630.25000000 0.36470588 0.27450980 0.21176471
v -63.00000000 184.00000000 629.00000000 0.39607843 0.27058824 0.21176471
v -62.00000000 183.50000000 628.50000000 0.42745098 0.28627451 0.23137255
v -60.00000000 183.50000000 627.50000000 0.46666667 0.30196078 0.23921569
v -59.00000000 183.00000000 626.75000000 0.49019608 0.30980392 0.25098039
v -58.00000000 183.00000000 626.25000000 0.48235294 0.29019608 0.22352941
v -57.00000000 183.00000000 626.25000000 0.50980392 0.30980392 0.24313725
v -56.00000000 183.00000000 626.00000000 0.54117647 0.33333333 0.27058824
v -55.00000000 183.00000000 626.25000000 0.57647059 0.35686275 0.29803922
v -54.00000000 183.00000000 626.00000000 0.58823529 0.36078431 0.30588235
v -53.00000000 183.00000000 626.75000000 0.58823529 0.35686275 0.29411765
v -52.00000000 183.00000000 626.75000000 0.61176471 0.36470588 0.30588235
v -51.75000000 183.25000000 627.00000000 0.62352941 0.36470588 0.30980392
v -51.00000000 183.25000000 627.25000000 0.64313725 0.37647059 0.32549020
v -50.00000000 183.50000000 627.50000000 0.65882353 0.38431373 0.33725490
v -49.00000000 183.75000000 628.00000000 0.67450980 0.39215686 0.34509804
v -47.00000000 184.00000000 629.75000000 0.68627451 0.41568627 0.35686275
v -46.00000000 184.00000000 630.75000000 0.71764706 0.45490196 0.39215686
v -46.00000000 184.75000000 631.75000000 0.72156863 0.45882353 0.39607843
v -45.00000000 184.75000000 632.00000000 0.72156863 0.45882353 0.39607843
v -44.75000000 185.00000000 633.00000000 0.71764706 0.45490196 0.39215686
v -44.00000000 185.25000000 633.50000000 0.72549020 0.46274510 0.40000000
v -43.00000000 185.25000000 634.25000000 0.73725490 0.47450980 0.41176471
v -43.00000000 185.50000000 634.50000000 0.72941176 0.46666667 0.40392157
v -42.00000000 185.75000000 634.75000000 0.72156863 0.45882353 0.39607843
v -41.00000000 185.75000000 634.75000000 0.71764706 0.45490196 0.39215686
v -40.25000000 185.00000000 633.25000000 0.72941176 0.46666667 0.40392157
v -71.25000000 186.00000000 634.75000000 0.25882353 0.21568627 0.19215686
v -71.00000000 186.00000000 634.25000000 0.27450980 0.22352941 0.20000000
v -70.00000000 186.00000000 634.25000000 0.28627451 0.23137255 0.19607843
v -69.00000000 185.50000000 632.75000000 0.29411765 0.22745098 0.19607843
v -68.25000000 185.50000000 632.75000000 0.29411765 0.22745098 0.19607843
v -68.00000000 185.50000000 632.25000000 0.29411765 0.22745098 0.19607843
v -67.00000000 185.25000000 632.00000000 0.30196078 0.23921569 0.18823529
v -66.00000000 185.00000000 631.25000000 0.31372549 0.24313725 0.19607843
v -65.50000000 185.00000000 630.50000000 0.32549020 0.25490196 0.20000000
v -65.00000000 184.75000000 630.25000000 0.35294118 0.26666667 0.21568627
v -64.00000000 184.50000000 629.50000000 0.36470588 0.27450980 0.21176471
v -63.00000000 184.25000000 629.25000000 0.36862745 0.25882353 0.20392157
v -62.50000000 184.00000000 628.50000000 0.39215686 0.27058824 0.20000000
v -62.00000000 184.00000000 628.25000000 0.42352941 0.28235294 0.21960784
v -61.00000000 184.00000000 627.25000000 0.43529412 0.29019608 0.21960784
v -55.00000000 183.75000000 625.75000000 0.53725490 0.31764706 0.25882353
v -54.00000000 183.75000000 625.75000000 0.54117647 0.32156863 0.26274510
v -53.75000000 183.75000000 625.75000000 0.55294118 0.32156863 0.26666667
v -51.25000000 184.00000000 626.25000000 0.56862745 0.32156863 0.26274510
v -49.75000000 184.00000000 626.75000000 0.63921569 0.37254902 0.32156863
v -48.00000000 184.00000000 627.50000000 0.68235294 0.40784314 0.36078431
v -47.00000000 184.75000000 628.75000000 0.66666667 0.40392157 0.34117647
v -45.00000000 185.25000000 631.75000000 0.72941176 0.46666667 0.40392157
v -44.25000000 185.25000000 632.25000000 0.72941176 0.46666667 0.40392157
v -43.00000000 186.00000000 633.75000000 0.75294118 0.49019608 0.42745098
v -42.00000000 186.00000000 634.25000000 0.72549020 0.46274510 0.40000000
v -41.00000000 186.00000000 634.00000000 0.71372549 0.45098039 0.38823529
v -40.25000000 186.00000000 633.25000000 0.72549020 0.46274510 0.40000000
v -40.00000000 185.50000000 632.50000000 0.72941176 0.46666667 0.40392157
v -71.00000000 186.75000000 634.25000000 0.24705882 0.21176471 0.18431373
v -70.50000000 186.50000000 633.75000000 0.25882353 0.21568627 0.19215686
v -70.00000000 186.50000000 633.50000000 0.28235294 0.22745098 0.19215686
v -69.00000000 186.00000000 632.75000000 0.29019608 0.22352941 0.19215686
v -68.00000000 186.00000000 631.75000000 0.29803922 0.23137255 0.19215686
v -67.00000000 185.75000000 631.00000000 0.30588235 0.23529412 0.18823529
v -66.00000000 185.75000000 630.75000000 0.31764706 0.23921569 0.19607843
v -65.25000000 185.25000000 630.25000000 0.33333333 0.25882353 0.20000000
v -65.00000000 185.00000000 629.75000000 0.35686275 0.26666667 0.21176471
v -64.00000000 185.00000000 629.00000000 0.37647059 0.27450980 0.20784314
v -63.00000000 185.00000000 628.50000000 0.38039216 0.26666667 0.20392157
v -62.25000000 185.00000000 628.25000000 0.39215686 0.27058824 0.20000000
v -60.00000000 184.25000000 626.25000000 0.45098039 0.28235294 0.21568627
v -60.00000000 184.00000000 626.00000000 0.47058824 0.30196078 0.23529412
v -59.00000000 184.00000000 625.25000000 0.50196078 0.32156863 0.25882353
v -58.00000000 184.00000000 625.00000000 0.50588235 0.32156863 0.25882353
v -57.00000000 184.00000000 625.00000000 0.46274510 0.27843137 0.20784314
v -56.00000000 184.00000000 625.00000000 0.47843137 0.28627451 0.21960784
v -50.00000000 184.00000000 625.50000000 0.63529412 0.37647059 0.32156863
v -49.00000000 184.00000000 625.50000000 0.65882353 0.40000000 0.34509804
v -49.00000000 184.25000000 626.00000000 0.67058824 0.40392157 0.35294118
v -48.00000000 184.50000000 626.50000000 0.67843137 0.41176471 0.36078431
v -46.00000000 185.00000000 628.75000000 0.70588235 0.44313725 0.38039216
v -44.25000000 186.00000000 631.50000000 0.74117647 0.47843137 0.41568627
v -43.00000000 186.25000000 632.75000000 0.76470588 0.50196078 0.43921569
v -42.50000000 186.50000000 633.00000000 0.74509804 0.48235294 0.41960784
v -42.00000000 186.50000000 633.50000000 0.73333333 0.47058824 0.40784314
v -41.00000000 186.50000000 633.50000000 0.70980392 0.44705882 0.38431373
v -40.00000000 186.00000000 632.00000000 0.71764706 0.45490196 0.39215686
v -71.00000000 187.50000000 634.25000000 0.24313725 0.21568627 0.18431373
v -70.50000000 187.00000000 633.50000000 0.25490196 0.21960784 0.18431373
v -70.00000000 187.00000000 632.75000000 0.27843137 0.22352941 0.18823529
v -68.00000000 186.50000000 631.50000000 0.30588235 0.23921569 0.20000000
v -67.00000000 186.00000000 630.50000000 0.30980392 0.23921569 0.18431373
v -66.00000000 186.00000000 630.50000000 0.32156863 0.24705882 0.19215686
v -64.00000000 185.50000000 628.50000000 0.37647059 0.27450980 0.20784314
v -63.00000000 185.50000000 628.25000000 0.38431373 0.27058824 0.20784314
v -62.00000000 185.50000000 627.50000000 0.39215686 0.27058824 0.19215686
v -62.00000000 185.00000000 627.00000000 0.41568627 0.27843137 0.20392157
v -61.00000000 185.00000000 626.50000000 0.43529412 0.28627451 0.21176471
v -60.00000000 185.00000000 625.50000000 0.45490196 0.28627451 0.21960784
v -59.25000000 185.00000000 625.25000000 0.47450980 0.30588235 0.23137255
v -59.00000000 184.50000000 624.50000000 0.50980392 0.33333333 0.25882353
v -58.00000000 184.50000000 624.50000000 0.50588235 0.32549020 0.26274510
v -57.00000000 184.50000000 624.50000000 0.46274510 0.28235294 0.21960784
v -56.00000000 184.25000000 624.25000000 0.46666667 0.28235294 0.21960784
v -55.00000000 184.25000000 624.25000000 0.47058824 0.28627451 0.22352941
v -55.00000000 184.00000000 623.75000000 0.46666667 0.26274510 0.20784314
v -54.00000000 184.00000000 623.75000000 0.47058824 0.27058824 0.20392157
v -53.00000000 184.00000000 623.75000000 0.50980392 0.29019608 0.23137255
v -52.00000000 184.00000000 624.00000000 0.58039216 0.34901961 0.29411765
v -51.00000000 184.00000000 624.00000000 0.60392157 0.37254902 0.31764706
v -50.00000000 184.50000000 624.50000000 0.63137255 0.38431373 0.32549020
v -49.00000000 184.50000000 624.50000000 0.65098039 0.40392157 0.34509804
v -47.25000000 185.00000000 626.25000000 0.69019608 0.42745098 0.36470588
v -47.00000000 185.00000000 626.75000000 0.66666667 0.40392157 0.34117647
v -46.00000000 185.75000000 627.75000000 0.69803922 0.43529412 0.37254902
v -45.00000000 186.00000000 629.50000000 0.73333333 0.47058824 0.40784314
v -44.00000000 186.00000000 630.25000000 0.74117647 0.47843137 0.41568627
v -44.00000000 186.50000000 631.25000000 0.76470588 0.50196078 0.43921569
v -43.00000000 186.50000000 632.00000000 0.76862745 0.50588235 0.44313725
v -42.50000000 187.00000000 632.50000000 0.75294118 0.49019608 0.42745098
v -40.00000000 186.50000000 631.50000000 0.70588235 0.44313725 0.38039216
v -70.00000000 187.75000000 632.75000000 0.25098039 0.22352941 0.19215686
v -70.00000000 187.50000000 632.50000000 0.25882353 0.21960784 0.18039216
v -69.00000000 187.00000000 631.75000000 0.27843137 0.22352941 0.18039216
v -68.00000000 187.00000000 631.25000000 0.29019608 0.23529412 0.19215686
v -67.50000000 187.00000000 630.50000000 0.30196078 0.24705882 0.20392157
v -67.00000000 187.00000000 630.50000000 0.31372549 0.25098039 0.19215686
v -66.00000000 186.50000000 629.75000000 0.32156863 0.25098039 0.19607843
v -65.00000000 186.50000000 629.50000000 0.33333333 0.26666667 0.20392157
v -65.00000000 186.00000000 628.50000000 0.34901961 0.26274510 0.20784314
v -64.00000000 186.00000000 628.00000000 0.36470588 0.27450980 0.20392157
v -63.00000000 186.00000000 627.00000000 0.38039216 0.27450980 0.20784314
v -61.00000000 185.50000000 625.50000000 0.43137255 0.28627451 0.21176471
v -60.00000000 185.25000000 625.25000000 0.45882353 0.29803922 0.22745098
v -59.00000000 185.00000000 624.00000000 0.50196078 0.33333333 0.25882353
v -54.00000000 184.75000000 622.75000000 0.49803922 0.29803922 0.23137255
v -53.00000000 184.75000000 622.75000000 0.52549020 0.30588235 0.24705882
v -53.00000000 184.50000000 622.50000000 0.54901961 0.32941176 0.27058824
v -52.00000000 184.50000000 622.50000000 0.57254902 0.34509804 0.29019608
v -51.00000000 184.75000000 622.75000000 0.60000000 0.36862745 0.30588235
v -50.50000000 184.50000000 622.50000000 0.63137255 0.38823529 0.32941176
v -50.00000000 184.75000000 623.25000000 0.63137255 0.38823529 0.32941176
v -48.00000000 185.00000000 624.25000000 0.69019608 0.43137255 0.37647059
v -47.00000000 185.25000000 625.25000000 0.70588235 0.44313725 0.38039216
v -47.00000000 185.50000000 625.75000000 0.67843137 0.41568627 0.35294118
v -46.00000000 186.00000000 626.50000000 0.68627451 0.42352941 0.36078431
v -45.50000000 186.00000000 627.50000000 0.73333333 0.47058824 0.40784314
v -45.00000000 186.50000000 628.50000000 0.73725490 0.47450980 0.41176471
v -44.00000000 186.75000000 629.00000000 0.74901961 0.48627451 0.42352941
v -43.00000000 187.00000000 631.25000000 0.77254902 0.50980392 0.44705882
v -42.00000000 187.00000000 631.50000000 0.76078431 0.49803922 0.43529412
v -41.00000000 187.00000000 632.00000000 0.72549020 0.46274510 0.40000000
v -40.00000000 187.25000000 632.25000000 0.69411765 0.43137255 0.36862745
v -40.00000000 187.00000000 631.25000000 0.69019608 0.43137255 0.36862745
v -70.00000000 188.00000000 632.00000000 0.25490196 0.21568627 0.18039216
v -68.00000000 187.50000000 630.50000000 0.28235294 0.23529412 0.18823529
v -67.50000000 187.50000000 630.50000000 0.29019608 0.24313725 0.19607843
v -67.00000000 187.25000000 629.75000000 0.30588235 0.25098039 0.20000000
v -66.00000000 187.25000000 629.75000000 0.32549020 0.26274510 0.21176471
v -65.00000000 187.00000000 628.50000000 0.34901961 0.27450980 0.21568627
v -64.00000000 186.75000000 627.00000000 0.36078431 0.27843137 0.20392157
v -63.00000000 186.25000000 626.25000000 0.37647059 0.27450980 0.20784314
v -62.00000000 186.25000000 626.25000000 0.38823529 0.27450980 0.20392157
v -62.00000000 186.00000000 625.25000000 0.40784314 0.27843137 0.21176471
v -59.00000000 185.25000000 623.25000000 0.49803922 0.32941176 0.26274510
v -58.00000000 185.00000000 623.00000000 0.50588235 0.32549020 0.26274510
v -57.00000000 185.00000000 622.00000000 0.48627451 0.30588235 0.24313725
v -54.50000000 185.00000000 621.50000000 0.51764706 0.31764706 0.25098039
v -51.00000000 185.00000000 622.25000000 0.59215686 0.36078431 0.29803922
v -50.25000000 185.00000000 622.25000000 0.62352941 0.38039216 0.32156863
v -50.00000000 185.00000000 622.50000000 0.62745098 0.38823529 0.31764706
v -49.00000000 185.00000000 622.50000000 0.65098039 0.40392157 0.33725490
v -48.75000000 185.25000000 623.00000000 0.67450980 0.41568627 0.35294118
v -48.00000000 185.50000000 623.50000000 0.69019608 0.43137255 0.36862745
v -46.00000000 186.25000000 625.75000000 0.67450980 0.41176471 0.34901961
v -45.25000000 186.50000000 626.75000000 0.73333333 0.47058824 0.40784314
v -44.00000000 187.00000000 628.00000000 0.75686275 0.49411765 0.43137255
v -43.00000000 187.75000000 629.75000000 0.76862745 0.50588235 0.44313725
v -40.00000000 188.00000000 631.25000000 0.69411765 0.43529412 0.37254902
v -70.00000000 188.75000000 631.75000000 0.23529412 0.21568627 0.19215686
v -69.00000000 188.00000000 631.00000000 0.26274510 0.22745098 0.19215686
v -68.00000000 188.00000000 630.50000000 0.27450980 0.24313725 0.19215686
v -67.25000000 188.00000000 630.25000000 0.29411765 0.24705882 0.20000000
v -67.00000000 188.00000000 629.50000000 0.30588235 0.25490196 0.19215686
v -65.00000000 187.50000000 628.50000000 0.33725490 0.27058824 0.20000000
v -64.75000000 187.00000000 627.75000000 0.34509804 0.27843137 0.20000000
v -64.00000000 187.00000000 626.75000000 0.36470588 0.29411765 0.20000000
v -63.00000000 187.00000000 626.00000000 0.36078431 0.28235294 0.18823529
v -62.00000000 187.00000000 625.25000000 0.36470588 0.27843137 0.18431373
v -61.00000000 186.00000000 624.00000000 0.42352941 0.30196078 0.21960784
v -60.00000000 186.00000000 623.50000000 0.45882353 0.32156863 0.24313725
v -59.00000000 186.00000000 622.50000000 0.49411765 0.32549020 0.25882353
v -58.00000000 185.50000000 621.50000000 0.50980392 0.32941176 0.26666667
v -57.00000000 185.50000000 621.50000000 0.52549020 0.34117647 0.27843137
v -56.00000000 185.00000000 621.00000000 0.47843137 0.29803922 0.23529412
v -55.00000000 185.00000000 620.50000000 0.50196078 0.31764706 0.24705882
v -54.00000000 185.00000000 620.50000000 0.53725490 0.33725490 0.27058824
v -53.00000000 185.00000000 620.25000000 0.54901961 0.32941176 0.27058824
v -52.00000000 185.00000000 620.50000000 0.60000000 0.35686275 0.29803922
v -51.00000000 185.25000000 621.25000000 0.61568627 0.37647059 0.30588235
v -50.00000000 185.25000000 621.25000000 0.61960784 0.37254902 0.30588235
v -50.00000000 185.50000000 621.50000000 0.64705882 0.38823529 0.32549020
v -49.00000000 185.50000000 621.50000000 0.66666667 0.40784314 0.34509804
v -48.25000000 185.75000000 622.00000000 0.68235294 0.41960784 0.35686275
v -47.00000000 186.00000000 623.25000000 0.70588235 0.44705882 0.38431373
v -46.00000000 186.50000000 624.50000000 0.64705882 0.39215686 0.32156863
v -44.00000000 187.25000000 627.00000000 0.76862745 0.51372549 0.44313725
v -43.75000000 187.75000000 627.75000000 0.75686275 0.49803922 0.43529412
v -42.00000000 188.00000000 629.50000000 0.77254902 0.51372549 0.45882353
v -41.00000000 188.00000000 630.50000000 0.76862745 0.50980392 0.44705882
v -40.00000000 188.25000000 631.25000000 0.70980392 0.45098039 0.38823529
v -40.00000000 188.50000000 630.50000000 0.67058824 0.41176471 0.34901961
v -70.00000000 189.00000000 631.25000000 0.25098039 0.21568627 0.18823529
v -69.00000000 189.00000000 631.00000000 0.26666667 0.22745098 0.19215686
v -68.00000000 189.00000000 630.00000000 0.27450980 0.23529412 0.19607843
v -67.00000000 188.25000000 629.25000000 0.30196078 0.24705882 0.19607843
v -66.00000000 188.00000000 628.25000000 0.32156863 0.25882353 0.19607843
v -65.00000000 188.00000000 628.00000000 0.33725490 0.27843137 0.20392157
v -63.00000000 187.50000000 625.50000000 0.35686275 0.28627451 0.19215686
v -62.00000000 187.25000000 625.25000000 0.36862745 0.29019608 0.19215686
v -61.25000000 187.00000000 624.25000000 0.39215686 0.29803922 0.20392157
v -60.00000000 186.50000000 622.50000000 0.45882353 0.32156863 0.24313725
v -59.00000000 186.50000000 622.50000000 0.48235294 0.32941176 0.26274510
v -58.50000000 186.00000000 621.50000000 0.50196078 0.33333333 0.27058824
v -47.00000000 186.25000000 622.25000000 0.73333333 0.47058824 0.40784314
v -46.75000000 186.75000000 622.75000000 0.70588235 0.44313725 0.38039216
v -45.00000000 187.25000000 625.25000000 0.75294118 0.49019608 0.42352941
v -44.00000000 187.75000000 626.00000000 0.77254902 0.50980392 0.44313725
v -42.00000000 188.50000000 628.50000000 0.76078431 0.50196078 0.43921569
v -40.00000000 189.00000000 630.25000000 0.71764706 0.45882353 0.39607843
v -69.00000000 189.75000000 630.75000000 0.26274510 0.21960784 0.19607843
v -67.00000000 189.00000000 629.00000000 0.30588235 0.25098039 0.20000000
v -66.00000000 189.00000000 628.00000000 0.32549020 0.26274510 0.20000000
v -65.00000000 189.00000000 627.50000000 0.33725490 0.27843137 0.20392157
v -64.00000000 188.00000000 626.00000000 0.35686275 0.29411765 0.19607843
v -63.00000000 188.00000000 625.50000000 0.36078431 0.29019608 0.19607843
v -62.00000000 188.00000000 624.50000000 0.36470588 0.29411765 0.20000000
v -61.00000000 187.00000000 623.00000000 0.41960784 0.30980392 0.22745098
v -60.00000000 187.00000000 622.25000000 0.45490196 0.32549020 0.25098039
v -58.00000000 186.50000000 620.50000000 0.49803922 0.34509804 0.27843137
v -58.00000000 186.00000000 620.00000000 0.50980392 0.34117647 0.27450980
v -57.00000000 186.00000000 619.75000000 0.51764706 0.33725490 0.27450980
v -56.00000000 186.00000000 619.25000000 0.48627451 0.30196078 0.23921569
v -55.75000000 186.00000000 618.75000000 0.40784314 0.21568627 0.15686275
v -55.00000000 186.00000000 618.75000000 0.42745098 0.23529412 0.17647059
v -54.00000000 186.00000000 618.75000000 0.44705882 0.23921569 0.18431373
v -53.75000000 186.00000000 618.75000000 0.49019608 0.28235294 0.21960784
v -53.00000000 186.00000000 618.75000000 0.55686275 0.32941176 0.27450980
v -52.00000000 186.00000000 618.75000000 0.59215686 0.36862745 0.30196078
v -51.00000000 186.00000000 619.00000000 0.62352941 0.38039216 0.32156863
v -50.00000000 186.00000000 619.25000000 0.64705882 0.38823529 0.33333333
v -49.00000000 186.00000000 619.75000000 0.67058824 0.40000000 0.34117647
v -48.00000000 186.00000000 620.00000000 0.67450980 0.40392157 0.34509804
v -45.00000000 187.00000000 622.75000000 0.72549020 0.46274510 0.40000000
v -43.00000000 188.00000000 625.50000000 0.76862745 0.50588235 0.44313725
v -40.00000000 189.75000000 629.75000000 0.73725490 0.47843137 0.41568627
v -39.00000000 189.50000000 629.50000000 0.65098039 0.39215686 0.32941176
v -70.00000000 190.00000000 630.25000000 0.23137255 0.20392157 0.18039216
v -69.00000000 190.00000000 630.00000000 0.25882353 0.21960784 0.18431373
v -67.00000000 189.75000000 628.75000000 0.30980392 0.25490196 0.20392157
v -64.00000000 189.00000000 626.00000000 0.35294118 0.29803922 0.19607843
v -62.00000000 188.25000000 624.25000000 0.36078431 0.29803922 0.19607843
v -61.00000000 188.00000000 622.75000000 0.41568627 0.32156863 0.22745098
v -59.00000000 187.00000000 620.25000000 0.47058824 0.34117647 0.26666667
v -58.00000000 187.00000000 619.00000000 0.50980392 0.34901961 0.27843137
v -55.25000000 187.00000000 618.25000000 0.38431373 0.19215686 0.13333333
v -55.00000000 186.75000000 617.75000000 0.42745098 0.23529412 0.17647059
v -54.00000000 186.75000000 617.75000000 0.49019608 0.28235294 0.22745098
v -53.00000000 186.50000000 617.50000000 0.56862745 0.34117647 0.28627451
v -49.50000000 187.00000000 618.50000000 0.65882353 0.40000000 0.33725490
v -48.00000000 187.00000000 619.25000000 0.67058824 0.40000000 0.34117647
v -47.00000000 187.00000000 620.00000000 0.72156863 0.45882353 0.39607843
v -46.00000000 187.00000000 620.25000000 0.69803922 0.43529412 0.37254902
v -45.00000000 187.75000000 621.75000000 0.73333333 0.47058824 0.40784314
v -44.75000000 188.00000000 622.75000000 0.75686275 0.49411765 0.43137255
v -43.00000000 188.50000000 624.50000000 0.78039216 0.51764706 0.45490196
v -41.00000000 189.00000000 627.00000000 0.77647059 0.51372549 0.45098039
v -39.00000000 190.00000000 629.00000000 0.64705882 0.38823529 0.32549020
v -69.00000000 190.75000000 629.75000000 0.23921569 0.21176471 0.18039216
v -68.00000000 190.00000000 629.00000000 0.26666667 0.23529412 0.18431373
v -67.00000000 190.00000000 628.25000000 0.30196078 0.25490196 0.19215686
v -66.00000000 190.00000000 627.75000000 0.31372549 0.27058824 0.20000000
v -65.00000000 190.00000000 627.25000000 0.32549020 0.27843137 0.19215686
v -64.00000000 189.25000000 625.25000000 0.34117647 0.29411765 0.19215686
v -63.00000000 189.00000000 624.25000000 0.35294118 0.29803922 0.19607843
v -62.00000000 189.00000000 623.25000000 0.36078431 0.30588235 0.20000000
v -61.00000000 188.25000000 622.25000000 0.38039216 0.31372549 0.21176471
v -60.75000000 188.00000000 621.75000000 0.41568627 0.32156863 0.22745098
v -60.00000000 188.00000000 621.00000000 0.43921569 0.32941176 0.24313725
v -58.00000000 187.25000000 619.25000000 0.48235294 0.34509804 0.26666667
v -57.75000000 187.00000000 618.75000000 0.49411765 0.32941176 0.26666667
v -57.00000000 187.00000000 618.00000000 0.50980392 0.34117647 0.27843137
v -56.00000000 187.00000000 617.75000000 0.50588235 0.32549020 0.26274510
v -55.00000000 187.00000000 617.00000000 0.43921569 0.24705882 0.18823529
v -54.00000000 187.00000000 616.50000000 0.51764706 0.30980392 0.25490196
v -53.00000000 187.00000000 616.75000000 0.54509804 0.33725490 0.27450980
v -52.00000000 187.00000000 617.25000000 0.58431373 0.36078431 0.29411765
v -51.00000000 187.00000000 617.25000000 0.60392157 0.37254902 0.30980392
v -50.00000000 187.00000000 617.25000000 0.63921569 0.38039216 0.32549020
v -49.00000000 187.00000000 617.50000000 0.65098039 0.39215686 0.32941176
v -48.00000000 187.25000000 618.25000000 0.68235294 0.41176471 0.35294118
v -47.25000000 187.25000000 618.25000000 0.69803922 0.42745098 0.36862745
v -44.00000000 188.00000000 621.25000000 0.74509804 0.48235294 0.41960784
v -43.00000000 188.75000000 623.00000000 0.78039216 0.51764706 0.45490196
v -42.75000000 189.00000000 623.75000000 0.76862745 0.50588235 0.44313725
v -40.00000000 190.00000000 628.00000000 0.76470588 0.50588235 0.44313725
v -39.00000000 190.50000000 628.50000000 0.72549020 0.46666667 0.40392157
v -70.00000000 191.00000000 629.50000000 0.21176471 0.19215686 0.16862745
v -69.00000000 191.00000000 629.00000000 0.24313725 0.21960784 0.17254902
v -68.00000000 191.00000000 628.75000000 0.26666667 0.24313725 0.18823529
v -67.00000000 191.00000000 628.00000000 0.29019608 0.25490196 0.19607843
v -66.75000000 191.00000000 627.75000000 0.29411765 0.25882353 0.19215686
v -66.00000000 190.75000000 627.25000000 0.30980392 0.26666667 0.18823529
v -65.00000000 190.75000000 627.00000000 0.32156863 0.27843137 0.19215686
v -64.00000000 190.25000000 626.25000000 0.32941176 0.29019608 0.19215686
v -64.00000000 190.00000000 625.25000000 0.33333333 0.29019608 0.18039216
v -62.00000000 189.25000000 623.25000000 0.36078431 0.30588235 0.20000000
v -61.00000000 189.00000000 622.00000000 0.37647059 0.30980392 0.20784314
v -60.00000000 188.75000000 620.75000000 0.40784314 0.31372549 0.21960784
v -60.00000000 188.25000000 620.25000000 0.43137255 0.32156863 0.23529412
v -59.00000000 188.00000000 619.25000000 0.45490196 0.33333333 0.25098039
v -58.00000000 188.00000000 618.75000000 0.48235294 0.34509804 0.26666667
v -56.00000000 187.75000000 616.75000000 0.49803922 0.31764706 0.25490196
v -55.00000000 187.50000000 616.50000000 0.43137255 0.24705882 0.18431373
v -55.00000000 187.25000000 616.00000000 0.44705882 0.25490196 0.19607843
v -54.00000000 187.25000000 616.00000000 0.52156863 0.31764706 0.26274510
v -53.00000000 187.25000000 615.50000000 0.55294118 0.33333333 0.27450980
v -52.00000000 187.25000000 616.00000000 0.57254902 0.35294118 0.29411765
v -51.00000000 187.25000000 616.00000000 0.60000000 0.36862745 0.31372549
v -50.00000000 187.25000000 616.25000000 0.63529412 0.37647059 0.32156863
v -49.00000000 187.50000000 616.50000000 0.66666667 0.40392157 0.34117647
v -46.00000000 188.00000000 618.00000000 0.70588235 0.44313725 0.37647059
v -45.00000000 188.00000000 619.25000000 0.70588235 0.44313725 0.38039216
v -44.00000000 188.25000000 620.25000000 0.74901961 0.48627451 0.42352941
v -44.00000000 188.75000000 621.00000000 0.76470588 0.50196078 0.43921569
v -42.00000000 189.00000000 622.75000000 0.75686275 0.49411765 0.42745098
v -39.00000000 191.00000000 628.00000000 0.73333333 0.47450980 0.41176471
v -69.00000000 191.75000000 628.75000000 0.22745098 0.21176471 0.16862745
v -68.00000000 191.75000000 628.75000000 0.25098039 0.23921569 0.18039216
v -66.00000000 191.00000000 627.25000000 0.30588235 0.27450980 0.19215686
v -65.00000000 191.00000000 626.50000000 0.31372549 0.28235294 0.19215686
v -64.00000000 191.00000000 625.75000000 0.31764706 0.29019608 0.18823529
v -63.50000000 190.50000000 624.75000000 0.32941176 0.29019608 0.18431373
v -63.00000000 190.00000000 623.25000000 0.34117647 0.29411765 0.19215686
v -62.00000000 190.00000000 622.25000000 0.35686275 0.30196078 0.19607843
v -61.00000000 189.25000000 621.25000000 0.37254902 0.30588235 0.20392157
v -60.00000000 189.00000000 619.75000000 0.42745098 0.31764706 0.23137255
v -59.00000000 188.75000000 619.00000000 0.45882353 0.33333333 0.25098039
v -58.00000000 188.25000000 618.00000000 0.49019608 0.34509804 0.27058824
v -57.00000000 188.00000000 616.25000000 0.51764706 0.33725490 0.27843137
v -56.00000000 188.00000000 616.25000000 0.52156863 0.33333333 0.27843137
v -55.00000000 188.00000000 615.50000000 0.42745098 0.23529412 0.17647059
v -54.00000000 188.00000000 615.50000000 0.51372549 0.30980392 0.25490196
v -53.00000000 187.75000000 615.00000000 0.54117647 0.34117647 0.27450980
v -52.50000000 187.50000000 615.00000000 0.56862745 0.34901961 0.29019608
v -52.00000000 188.00000000 615.25000000 0.58431373 0.35686275 0.30196078
v -48.00000000 188.00000000 616.25000000 0.67843137 0.41568627 0.35294118
v -47.00000000 188.00000000 616.25000000 0.69803922 0.43529412 0.37254902
v -46.00000000 188.25000000 617.25000000 0.72549020 0.46274510 0.39607843
v -44.00000000 189.00000000 619.25000000 0.76078431 0.49803922 0.43137255
v -43.00000000 189.00000000 621.00000000 0.77254902 0.50980392 0.44313725
v -41.00000000 190.00000000 624.00000000 0.78431373 0.52156863 0.45490196
v -40.00000000 191.00000000 626.75000000 0.77254902 0.50980392 0.44705882
v -39.00000000 191.50000000 627.50000000 0.74117647 0.47843137 0.41568627
v -39.00000000 191.75000000 627.75000000 0.63921569 0.37647059 0.31372549
v -69.00000000 192.00000000 628.25000000 0.22352941 0.21568627 0.16862745
v -68.00000000 192.00000000 628.25000000 0.23921569 0.23137255 0.17254902
v -67.00000000 192.00000000 627.75000000 0.26666667 0.24313725 0.18823529
v -66.50000000 192.00000000 627.50000000 0.28627451 0.26666667 0.19215686
v -66.00000000 192.00000000 627.00000000 0.30196078 0.27450980 0.20000000
v -65.00000000 191.75000000 626.00000000 0.30980392 0.27843137 0.19607843
v -64.00000000 191.25000000 625.50000000 0.31764706 0.28627451 0.19607843
v -63.25000000 191.25000000 624.50000000 0.32941176 0.29019608 0.18431373
v -63.00000000 191.00000000 623.25000000 0.34117647 0.29411765 0.19215686
v -62.00000000 190.25000000 621.75000000 0.35294118 0.29803922 0.19215686
v -61.00000000 190.00000000 620.75000000 0.36470588 0.29803922 0.19607843
v -60.00000000 189.75000000 619.75000000 0.40000000 0.30588235 0.21176471
v -59.75000000 189.25000000 619.00000000 0.42745098 0.31764706 0.23137255
v -59.00000000 189.00000000 618.00000000 0.46274510 0.33725490 0.25490196
v -57.00000000 188.75000000 616.25000000 0.51764706 0.34901961 0.28627451
v -56.75000000 188.50000000 615.75000000 0.52549020 0.33725490 0.28235294
v -56.00000000 188.50000000 615.25000000 0.52941176 0.33725490 0.28235294
v -55.00000000 188.25000000 614.75000000 0.46274510 0.27058824 0.21568627
v -54.50000000 188.25000000 614.75000000 0.41176471 0.20784314 0.15294118
v -54.00000000 188.25000000 614.50000000 0.50980392 0.30588235 0.25098039
v -53.00000000 188.25000000 614.50000000 0.54117647 0.33333333 0.27058824
v -52.25000000 188.25000000 614.00000000 0.53725490 0.31764706 0.25882353
v -51.00000000 188.00000000 614.25000000 0.56470588 0.32156863 0.27058824
v -50.50000000 188.00000000 614.50000000 0.56862745 0.32156863 0.26274510
v -50.00000000 188.00000000 614.50000000 0.58039216 0.32156863 0.26666667
v -49.00000000 188.00000000 614.50000000 0.59607843 0.32941176 0.27843137
v -48.50000000 188.00000000 614.50000000 0.60784314 0.34117647 0.29019608
v -48.00000000 188.25000000 615.25000000 0.62745098 0.36470588 0.30196078
v -47.00000000 188.25000000 615.25000000 0.65882353 0.39607843 0.33333333
v -45.00000000 189.00000000 617.25000000 0.65882353 0.39607843 0.32941176
v -44.00000000 189.50000000 618.50000000 0.74901961 0.48627451 0.41960784
v -40.00000000 191.75000000 625.75000000 0.77254902 0.50980392 0.44705882
v -69.00000000 192.75000000 628.00000000 0.21568627 0.18823529 0.14901961
v -66.25000000 192.75000000 627.00000000 0.27058824 0.25882353 0.19215686
v -66.00000000 192.25000000 626.00000000 0.27843137 0.26666667 0.20000000
v -65.00000000 192.25000000 625.75000000 0.30196078 0.28235294 0.20392157
v -64.00000000 192.00000000 624.75000000 0.31764706 0.29019608 0.21568627
v -63.25000000 191.50000000 623.75000000 0.32156863 0.29019608 0.20000000
v -63.00000000 191.25000000 622.75000000 0.32549020 0.27843137 0.18431373
v -61.00000000 190.25000000 620.25000000 0.38039216 0.30196078 0.20392157
v -60.00000000 190.00000000 619.75000000 0.41176471 0.30980392 0.21176471
v -59.25000000 189.75000000 618.00000000 0.44313725 0.32549020 0.23137255
v -59.00000000 189.50000000 617.50000000 0.46666667 0.34117647 0.24313725
v -58.00000000 189.00000000 616.50000000 0.49411765 0.35294118 0.26666667
v -57.00000000 189.00000000 615.50000000 0.51372549 0.35294118 0.27450980
v -56.75000000 189.00000000 615.25000000 0.51764706 0.34901961 0.28235294
v -56.00000000 189.00000000 614.75000000 0.53333333 0.35294118 0.29019608
v -55.00000000 189.00000000 614.75000000 0.49019608 0.30980392 0.24705882
v -54.25000000 188.75000000 614.00000000 0.37647059 0.18823529 0.13333333
v -54.00000000 188.75000000 614.00000000 0.45490196 0.26274510 0.20784314
v -53.00000000 188.75000000 614.00000000 0.47450980 0.27058824 0.22745098
v -52.25000000 188.50000000 613.75000000 0.46274510 0.23921569 0.20392157
v -52.00000000 188.25000000 613.50000000 0.43921569 0.21568627 0.17254902
v -51.00000000 188.50000000 613.75000000 0.42352941 0.18823529 0.14509804
v -50.25000000 188.75000000 614.00000000 0.45098039 0.20784314 0.15686275
v -50.00000000 188.75000000 614.00000000 0.52156863 0.26274510 0.20784314
v -48.25000000 189.00000000 614.25000000 0.56862745 0.30588235 0.23921569
v -46.00000000 189.00000000 615.50000000 0.66666667 0.39607843 0.33725490
v -45.00000000 189.25000000 616.25000000 0.64705882 0.38431373 0.32156863
v -45.00000000 189.75000000 616.75000000 0.65490196 0.39215686 0.32941176
v -42.00000000 190.00000000 620.00000000 0.79215686 0.52941176 0.46666667
v -41.00000000 191.00000000 622.25000000 0.79607843 0.53333333 0.46666667
v -39.00000000 192.00000000 625.75000000 0.75686275 0.50980392 0.44313725
v -39.00000000 192.75000000 626.75000000 0.69019608 0.44313725 0.37647059
v -69.00000000 193.00000000 627.50000000 0.21176471 0.18431373 0.14509804
v -68.25000000 193.00000000 627.25000000 0.22745098 0.20392157 0.15686275
v -68.00000000 193.00000000 627.00000000 0.23529412 0.22352941 0.16470588
v -67.00000000 193.00000000 627.00000000 0.25490196 0.24313725 0.18431373
v -66.00000000 193.00000000 626.00000000 0.27843137 0.26666667 0.20000000
v -65.00000000 192.75000000 625.00000000 0.29803922 0.27843137 0.20000000
v -64.00000000 192.50000000 624.75000000 0.31372549 0.28627451 0.21176471
v -63.00000000 192.25000000 623.00000000 0.31372549 0.29019608 0.19607843
v -62.75000000 191.75000000 622.00000000 0.32549020 0.28235294 0.19607843
v -62.00000000 191.00000000 620.75000000 0.35294118 0.29019608 0.19215686
v -61.00000000 191.00000000 620.00000000 0.38431373 0.30588235 0.21176471
v -60.00000000 190.75000000 618.75000000 0.41568627 0.31372549 0.21568627
v -56.50000000 189.50000000 614.25000000 0.53333333 0.36470588 0.29803922
v -56.00000000 189.50000000 614.25000000 0.53725490 0.35686275 0.29411765
v -55.00000000 189.25000000 613.75000000 0.48235294 0.30196078 0.23921569
v -54.25000000 189.25000000 613.75000000 0.36078431 0.17254902 0.11764706
v -54.00000000 189.00000000 613.00000000 0.42745098 0.23529412 0.18039216
v -53.00000000 189.00000000 613.00000000 0.44313725 0.23921569 0.19607843
v -52.00000000 189.00000000 613.00000000 0.47450980 0.24705882 0.20392157
v -51.00000000 189.00000000 612.75000000 0.52941176 0.28627451 0.24313725
v -50.00000000 189.00000000 613.00000000 0.60784314 0.34901961 0.29411765
v -49.00000000 189.00000000 613.25000000 0.61960784 0.36078431 0.29803922
v -48.00000000 189.00000000 613.25000000 0.65490196 0.39215686 0.32941176
v -47.00000000 189.00000000 613.75000000 0.72156863 0.45098039 0.38823529
v -46.50000000 189.50000000 614.50000000 0.72941176 0.45882353 0.40000000
v -46.00000000 189.50000000 614.50000000 0.73333333 0.46274510 0.40392157
v -44.00000000 190.00000000 616.50000000 0.74117647 0.47843137 0.41568627
v -43.00000000 190.00000000 617.00000000 0.78039216 0.51764706 0.45490196
v -42.00000000 191.00000000 619.00000000 0.80000000 0.53725490 0.47450980
v -41.00000000 191.50000000 621.50000000 0.79607843 0.53333333 0.46666667
v -40.00000000 192.00000000 623.00000000 0.78823529 0.52941176 0.46666667
v -69.00000000 194.00000000 626.50000000 0.20392157 0.17647059 0.13725490
v -67.00000000 193.75000000 626.00000000 0.24705882 0.23529412 0.17647059
v -66.00000000 193.50000000 625.75000000 0.26666667 0.26274510 0.19215686
v -65.75000000 193.25000000 625.00000000 0.27058824 0.26666667 0.19607843
v -65.00000000 193.25000000 624.75000000 0.28627451 0.27843137 0.19607843
v -64.00000000 193.00000000 623.75000000 0.30980392 0.29019608 0.21176471
v -63.00000000 192.50000000 622.50000000 0.31372549 0.29019608 0.19607843
v -62.25000000 192.25000000 621.50000000 0.32549020 0.28235294 0.19607843
v -62.00000000 192.00000000 620.25000000 0.35686275 0.29411765 0.19607843
v -61.00000000 191.25000000 619.25000000 0.38431373 0.30588235 0.21176471
v -60.00000000 191.00000000 618.00000000 0.41176471 0.30980392 0.21960784
v -59.00000000 190.75000000 616.75000000 0.43921569 0.31764706 0.23529412
v -59.00000000 190.00000000 615.75000000 0.46666667 0.34117647 0.25098039
v -58.00000000 190.00000000 615.25000000 0.50196078 0.36078431 0.27450980
v -57.00000000 190.00000000 614.50000000 0.52156863 0.36078431 0.29019608
v -56.25000000 190.00000000 614.00000000 0.53725490 0.36862745 0.30196078
v -56.00000000 190.00000000 613.75000000 0.55294118 0.37254902 0.30980392
v -55.00000000 190.00000000 613.50000000 0.52549020 0.34117647 0.27843137
v -54.00000000 189.50000000 612.75000000 0.41176471 0.22352941 0.16862745
v -54.00000000 189.25000000 612.50000000 0.45098039 0.24705882 0.19607843
v -53.00000000 189.25000000 612.25000000 0.43529412 0.23137255 0.18039216
v -52.00000000 189.25000000 612.25000000 0.40784314 0.18431373 0.14117647
v -51.00000000 189.25000000 612.50000000 0.56470588 0.31764706 0.28235294
v -50.00000000 189.25000000 612.25000000 0.60784314 0.36470588 0.31372549
v -49.00000000 189.50000000 612.50000000 0.64705882 0.38823529 0.32549020
v -48.00000000 189.50000000 612.50000000 0.68235294 0.41960784 0.35686275
v -45.00000000 190.00000000 614.50000000 0.71764706 0.45098039 0.40000000
v -44.00000000 190.50000000 615.50000000 0.72941176 0.46666667 0.40392157
v -40.00000000 192.25000000 622.25000000 0.78431373 0.52941176 0.45882353
v -39.00000000 193.00000000 624.75000000 0.80000000 0.55294118 0.48235294
v -68.00000000 194.00000000 625.50000000 0.21176471 0.20000000 0.14117647
v -67.00000000 194.25000000 625.75000000 0.24313725 0.23137255 0.17254902
v -66.00000000 194.00000000 625.00000000 0.26274510 0.25882353 0.18823529
v -65.75000000 194.00000000 625.00000000 0.26666667 0.26274510 0.19215686
v -65.00000000 193.50000000 623.75000000 0.28235294 0.27450980 0.19215686
v -64.00000000 193.25000000 622.75000000 0.30980392 0.29019608 0.21176471
v -63.00000000 193.00000000 621.50000000 0.31764706 0.29411765 0.20000000
v -62.25000000 192.75000000 621.00000000 0.33333333 0.29019608 0.20392157
v -62.00000000 192.25000000 619.75000000 0.36078431 0.29803922 0.20000000
v -61.00000000 192.00000000 618.50000000 0.38431373 0.30588235 0.21176471
v -60.00000000 191.25000000 617.50000000 0.41176471 0.30980392 0.21960784
v -59.00000000 191.00000000 616.25000000 0.43529412 0.31372549 0.23137255
v -58.75000000 191.00000000 615.75000000 0.46666667 0.34117647 0.25098039
v -57.00000000 190.75000000 614.00000000 0.52549020 0.36470588 0.29411765
v -56.00000000 190.25000000 613.00000000 0.53725490 0.36862745 0.30196078
v -55.00000000 190.25000000 612.50000000 0.53725490 0.35294118 0.29019608
v -54.00000000 190.25000000 612.50000000 0.43137255 0.24313725 0.18823529
v -54.00000000 190.00000000 611.50000000 0.45098039 0.24705882 0.19607843
v -53.00000000 190.00000000 611.50000000 0.42745098 0.22352941 0.17254902
v -52.00000000 189.75000000 611.25000000 0.38823529 0.16470588 0.12156863
v -52.00000000 190.00000000 611.50000000 0.46666667 0.23921569 0.19607843
v -51.00000000 190.00000000 611.50000000 0.57647059 0.32941176 0.29411765
v -47.00000000 190.00000000 612.25000000 0.71372549 0.44313725 0.38431373
v -46.00000000 190.00000000 612.75000000 0.72941176 0.45882353 0.40000000
v -43.00000000 191.00000000 616.00000000 0.77647059 0.51372549 0.45098039
v -41.00000000 192.00000000 620.00000000 0.80000000 0.53725490 0.47058824
v -39.00000000 193.75000000 623.75000000 0.80784314 0.55294118 0.48235294
v -38.75000000 194.00000000 625.00000000 0.76470588 0.50980392 0.43921569
v -38.00000000 194.00000000 625.75000000 0.59607843 0.34117647 0.26274510
v -68.00000000 194.75000000 624.75000000 0.18039216 0.16470588 0.11764706
v -67.50000000 194.50000000 624.75000000 0.19607843 0.18823529 0.12941176
v -67.00000000 194.50000000 624.75000000 0.23529412 0.22745098 0.16862745
v -66.00000000 194.25000000 624.50000000 0.26666667 0.26274510 0.19215686
v -65.25000000 194.25000000 624.00000000 0.27058824 0.26666667 0.19607843
v -65.00000000 194.00000000 623.25000000 0.28235294 0.27450980 0.19215686
v -63.00000000 193.50000000 621.50000000 0.32156863 0.29803922 0.20392157
v -61.00000000 192.25000000 618.00000000 0.38431373 0.30588235 0.21176471
v -60.00000000 192.00000000 617.00000000 0.40784314 0.30588235 0.21568627
v -58.00000000 191.00000000 614.00000000 0.50196078 0.36078431 0.27450980
v -57.00000000 191.00000000 613.50000000 0.52941176 0.36862745 0.29803922
v -56.00000000 191.00000000 612.25000000 0.54509804 0.36470588 0.30196078
v -54.00000000 190.50000000 611.75000000 0.45098039 0.26274510 0.20784314
v -53.75000000 190.25000000 611.25000000 0.49411765 0.29019608 0.23921569
v -53.00000000 190.25000000 611.00000000 0.52941176 0.32549020 0.27450980
v -52.00000000 190.25000000 611.00000000 0.52156863 0.29803922 0.25490196
v -51.75000000 190.25000000 611.00000000 0.55686275 0.32941176 0.28235294
v -51.00000000 190.25000000 611.00000000 0.61176471 0.36862745 0.32549020
v -50.00000000 190.00000000 611.00000000 0.66274510 0.40392157 0.35686275
v -49.00000000 190.00000000 611.00000000 0.67843137 0.41960784 0.35686275
v -48.00000000 190.00000000 611.00000000 0.69803922 0.43529412 0.37254902
v -48.00000000 190.50000000 611.50000000 0.72156863 0.45490196 0.38039216
v -45.00000000 191.00000000 613.00000000 0.74117647 0.47058824 0.41176471
v -44.00000000 191.00000000 614.00000000 0.74117647 0.47058824 0.41176471
v -44.00000000 191.25000000 614.25000000 0.75294118 0.49019608 0.42745098
v -42.00000000 192.00000000 617.00000000 0.80000000 0.53725490 0.47450980
v -41.25000000 192.25000000 618.25000000 0.80000000 0.53725490 0.47058824
v -40.00000000 193.00000000 621.00000000 0.81568627 0.56078431 0.49019608
v -39.00000000 194.00000000 623.75000000 0.81176471 0.55686275 0.47843137
v -38.75000000 194.75000000 624.50000000 0.79215686 0.53725490 0.45882353
v -38.00000000 194.75000000 625.25000000 0.64705882 0.39215686 0.31372549
v -68.00000000 195.00000000 623.25000000 0.16862745 0.15294118 0.10588235
v -67.25000000 195.00000000 623.75000000 0.18823529 0.17647059 0.11764706
v -67.00000000 195.00000000 623.75000000 0.22745098 0.21568627 0.15686275
v -66.00000000 195.00000000 623.75000000 0.26666667 0.26274510 0.19215686
v -65.00000000 195.00000000 623.25000000 0.27058824 0.26666667 0.19607843
v -65.00000000 194.25000000 622.25000000 0.28235294 0.27450980 0.19215686
v -64.00000000 194.00000000 621.50000000 0.30980392 0.29019608 0.21176471
v -62.00000000 193.75000000 619.75000000 0.33725490 0.29411765 0.20784314
v -62.00000000 193.00000000 619.00000000 0.36470588 0.30196078 0.20392157
v -60.00000000 192.75000000 616.75000000 0.40392157 0.30196078 0.21176471
v -59.00000000 192.00000000 615.00000000 0.42745098 0.30588235 0.22352941
v -57.00000000 191.75000000 612.75000000 0.52549020 0.36470588 0.29411765
v -56.00000000 191.50000000 612.25000000 0.53333333 0.36470588 0.29803922
v -55.75000000 191.25000000 612.00000000 0.55294118 0.37254902 0.31372549
v -55.00000000 191.00000000 611.25000000 0.54509804 0.35686275 0.30196078
v -54.00000000 191.00000000 611.00000000 0.45490196 0.26666667 0.21176471
v -53.50000000 191.00000000 610.75000000 0.49019608 0.28627451 0.23529412
v -53.00000000 190.75000000 610.00000000 0.56078431 0.35686275 0.30588235
v -52.00000000 190.75000000 610.00000000 0.58039216 0.35686275 0.31372549
v -51.25000000 190.75000000 610.00000000 0.60000000 0.37254902 0.32549020
v -51.00000000 190.75000000 610.00000000 0.61960784 0.37647059 0.33333333
v -48.00000000 191.00000000 610.00000000 0.70196078 0.43921569 0.37647059
v -46.00000000 191.00000000 611.25000000 0.73333333 0.46274510 0.40000000
v -45.00000000 191.75000000 612.75000000 0.72941176 0.45882353 0.40000000
v -43.00000000 192.00000000 615.00000000 0.78823529 0.51764706 0.45882353
v -43.00000000 192.75000000 615.75000000 0.79607843 0.53333333 0.47058824
v -41.00000000 193.00000000 617.50000000 0.80784314 0.54509804 0.47843137
v -41.00000000 193.25000000 619.25000000 0.81568627 0.55294118 0.48627451
v -39.00000000 194.75000000 623.00000000 0.81960784 0.56470588 0.48627451
v -38.25000000 195.00000000 624.00000000 0.80392157 0.54901961 0.47058824
v -38.00000000 195.50000000 625.25000000 0.70588235 0.45098039 0.38039216
v -67.00000000 195.25000000 622.50000000 0.17254902 0.15686275 0.10980392
v -66.00000000 195.25000000 622.75000000 0.25490196 0.25098039 0.18039216
v -65.00000000 195.25000000 622.75000000 0.26666667 0.26274510 0.19215686
v -64.50000000 195.00000000 621.75000000 0.27843137 0.27058824 0.18823529
v -64.00000000 194.50000000 620.75000000 0.29803922 0.27843137 0.20000000
v -63.00000000 194.00000000 619.75000000 0.30980392 0.28627451 0.19215686
v -62.00000000 194.00000000 619.00000000 0.33333333 0.29019608 0.20392157
v -61.00000000 193.00000000 617.00000000 0.38431373 0.30588235 0.21176471
v -58.00000000 192.00000000 613.00000000 0.48627451 0.34901961 0.26274510
v -56.00000000 192.00000000 611.75000000 0.53333333 0.36470588 0.29803922
v -55.25000000 192.00000000 611.25000000 0.55686275 0.37647059 0.31372549
v -55.00000000 191.75000000 610.75000000 0.56470588 0.37647059 0.32156863
v -54.00000000 191.50000000 610.50000000 0.47843137 0.29019608 0.23529412
v -53.00000000 191.25000000 610.00000000 0.55294118 0.34901961 0.29803922
v -52.00000000 191.00000000 609.75000000 0.56862745 0.34509804 0.30196078
v -51.00000000 191.00000000 609.75000000 0.60784314 0.36470588 0.32156863
v -50.00000000 191.00000000 609.75000000 0.63137255 0.38039216 0.33333333
v -49.00000000 191.00000000 609.25000000 0.67058824 0.40784314 0.34509804
v -47.00000000 191.00000000 610.00000000 0.73333333 0.46666667 0.39215686
v -47.00000000 191.75000000 610.75000000 0.73333333 0.46274510 0.40000000
v -46.00000000 191.75000000 610.75000000 0.72941176 0.45882353 0.39607843
v -45.00000000 192.00000000 612.00000000 0.73725490 0.46666667 0.40392157
v -44.00000000 192.00000000 612.75000000 0.72156863 0.45098039 0.38823529
v -44.00000000 192.25000000 613.25000000 0.74901961 0.47843137 0.41568627
v -42.00000000 193.00000000 616.00000000 0.80392157 0.54117647 0.47843137
v -41.00000000 193.50000000 617.50000000 0.81176471 0.54901961 0.48235294
v -40.00000000 194.00000000 620.00000000 0.82352941 0.56078431 0.49411765
v -39.00000000 195.00000000 622.25000000 0.82352941 0.56862745 0.49019608
v -38.00000000 195.75000000 623.75000000 0.80392157 0.54901961 0.47058824
v -66.50000000 195.50000000 621.75000000 0.20784314 0.19215686 0.14509804
v -66.00000000 195.75000000 622.00000000 0.25098039 0.24313725 0.18431373
v -65.00000000 195.50000000 621.75000000 0.26274510 0.25882353 0.18823529
v -64.25000000 195.25000000 621.25000000 0.26666667 0.25490196 0.18039216
v -64.00000000 195.00000000 620.25000000 0.28235294 0.26274510 0.18431373
v -63.00000000 195.00000000 619.50000000 0.30196078 0.27843137 0.18431373
v -62.00000000 194.50000000 618.50000000 0.32549020 0.28235294 0.19607843
v -60.00000000 193.00000000 615.00000000 0.39607843 0.30196078 0.20784314
v -59.00000000 193.00000000 614.00000000 0.40784314 0.29803922 0.21176471
v -58.00000000 192.25000000 612.25000000 0.48235294 0.34509804 0.25882353
v -57.00000000 192.00000000 611.50000000 0.52549020 0.36470588 0.28627451
v -56.00000000 192.50000000 611.50000000 0.53725490 0.36862745 0.30196078
v -55.00000000 192.00000000 610.50000000 0.57254902 0.38431373 0.32941176
v -54.00000000 192.00000000 609.75000000 0.50196078 0.31372549 0.25882353
v -46.00000000 192.00000000 610.75000000 0.72549020 0.45490196 0.39215686
v -45.00000000 192.75000000 611.75000000 0.73725490 0.46666667 0.40392157
v -43.00000000 193.00000000 613.50000000 0.78823529 0.51764706 0.45490196
v -43.00000000 193.25000000 614.25000000 0.80000000 0.53725490 0.47450980
v -41.00000000 194.00000000 616.50000000 0.81568627 0.55294118 0.48627451
v -41.00000000 194.50000000 618.50000000 0.82352941 0.56078431 0.49411765
v -39.00000000 195.75000000 622.00000000 0.83529412 0.57254902 0.50588235
v -38.00000000 196.00000000 623.00000000 0.81568627 0.55294118 0.48627451
v -38.00000000 196.50000000 624.25000000 0.82745098 0.57254902 0.50196078
v -67.00000000 195.50000000 619.75000000 0.15294118 0.15294118 0.10588235
v -64.00000000 195.50000000 619.50000000 0.28627451 0.25098039 0.18431373
v -63.00000000 195.25000000 618.75000000 0.30980392 0.26666667 0.18823529
v -62.00000000 195.00000000 618.00000000 0.32549020 0.27450980 0.20000000
v -61.00000000 194.00000000 616.00000000 0.36862745 0.29803922 0.21176471
v -58.00000000 193.00000000 613.00000000 0.43529412 0.30980392 0.21960784
v -57.75000000 193.00000000 611.75000000 0.47058824 0.32941176 0.24313725
v -57.00000000 193.00000000 611.25000000 0.49019608 0.34509804 0.27058824
v -56.00000000 193.00000000 610.75000000 0.52941176 0.36862745 0.29803922
v -55.00000000 192.50000000 609.50000000 0.56862745 0.38431373 0.32156863
v -54.00000000 192.50000000 609.50000000 0.52549020 0.33333333 0.27450980
v -53.00000000 192.00000000 608.50000000 0.54117647 0.32156863 0.26274510
v -52.00000000 192.00000000 608.25000000 0.52941176 0.29803922 0.24313725
v -51.00000000 192.00000000 608.25000000 0.60784314 0.34901961 0.30196078
v -50.00000000 192.00000000 608.25000000 0.62745098 0.36862745 0.31372549
v -49.00000000 192.00000000 608.50000000 0.65098039 0.38431373 0.33333333
v -48.00000000 192.00000000 609.00000000 0.70980392 0.43529412 0.38823529
v -47.00000000 192.00000000 609.00000000 0.72156863 0.45490196 0.40392157
v -47.00000000 192.75000000 609.75000000 0.74117647 0.47450980 0.42352941
v -45.00000000 193.00000000 611.00000000 0.74901961 0.47843137 0.41960784
v -44.00000000 193.00000000 611.75000000 0.74509804 0.47450980 0.41568627
v -42.75000000 194.00000000 613.75000000 0.80392157 0.54117647 0.47450980
v -42.00000000 194.00000000 615.00000000 0.81568627 0.55294118 0.48627451
v -41.00000000 194.25000000 616.25000000 0.80392157 0.54117647 0.46666667
v -40.00000000 195.00000000 619.00000000 0.82745098 0.56470588 0.49019608
v -39.00000000 196.00000000 621.75000000 0.83529412 0.57647059 0.49019608
v -38.00000000 196.75000000 622.75000000 0.82745098 0.56862745 0.48235294
v -65.00000000 196.00000000 619.50000000 0.27058824 0.23921569 0.19607843
v -64.00000000 196.00000000 619.50000000 0.29019608 0.25490196 0.19607843
v -63.50000000 196.00000000 618.75000000 0.29803922 0.26274510 0.19607843
v -63.00000000 196.00000000 618.50000000 0.30980392 0.26666667 0.19607843
v -62.00000000 195.25000000 617.25000000 0.32549020 0.27450980 0.20000000
v -61.00000000 195.00000000 616.00000000 0.34509804 0.28627451 0.19607843
v -60.00000000 194.00000000 614.00000000 0.38823529 0.29019608 0.20392157
v -59.00000000 194.00000000 613.50000000 0.40000000 0.29019608 0.20784314
v -58.00000000 194.00000000 612.50000000 0.42745098 0.30196078 0.21960784
v -57.75000000 193.75000000 611.75000000 0.46274510 0.31764706 0.24313725
v -57.00000000 193.25000000 611.00000000 0.47058824 0.32549020 0.25490196
v -56.00000000 193.25000000 610.75000000 0.51372549 0.34901961 0.28627451
v -55.00000000 193.00000000 609.50000000 0.56470588 0.38039216 0.31764706
v -54.00000000 193.00000000 608.75000000 0.52549020 0.33333333 0.27450980
v -53.00000000 193.00000000 608.75000000 0.51764706 0.30980392 0.25490196
v -52.75000000 192.75000000 608.00000000 0.55294118 0.33333333 0.27450980
v -52.00000000 192.75000000 608.00000000 0.56862745 0.33725490 0.28235294
v -51.00000000 192.75000000 607.75000000 0.59215686 0.34901961 0.29803922
v -46.00000000 193.00000000 609.75000000 0.74117647 0.47843137 0.41568627
v -43.00000000 194.00000000 612.50000000 0.78823529 0.52549020 0.45882353
v -42.50000000 194.00000000 613.50000000 0.80392157 0.54901961 0.47843137
v -42.00000000 194.50000000 614.50000000 0.80784314 0.55294118 0.48235294
v -41.00000000 195.00000000 615.25000000 0.81960784 0.56470588 0.48627451
v -40.00000000 196.00000000 618.00000000 0.83529412 0.57254902 0.49803922
v -38.00000000 197.00000000 622.50000000 0.83137255 0.57647059 0.49019608
v -38.00000000 197.75000000 624.00000000 0.87058824 0.61568627 0.52941176
v -36.00000000 197.75000000 624.25000000 0.60392157 0.33725490 0.26274510
v -66.00000000 196.00000000 617.50000000 0.18823529 0.16078431 0.12941176
v -65.25000000 196.25000000 618.00000000 0.22745098 0.20392157 0.15686275
v -65.00000000 196.50000000 618.25000000 0.26666667 0.23529412 0.19215686
v -64.00000000 196.50000000 618.25000000 0.29019608 0.25490196 0.19607843
v -63.25000000 196.25000000 618.25000000 0.29411765 0.25882353 0.20000000
v -63.00000000 196.25000000 617.50000000 0.30980392 0.26666667 0.19607843
v -62.00000000 196.00000000 617.00000000 0.32549020 0.27450980 0.20784314
v -60.00000000 195.00000000 614.00000000 0.37647059 0.27843137 0.20000000
v -59.00000000 195.00000000 613.00000000 0.39215686 0.27843137 0.20784314
v -58.00000000 194.25000000 612.25000000 0.41960784 0.29019608 0.21568627
v -57.25000000 194.00000000 611.25000000 0.44705882 0.30196078 0.23137255
v -57.00000000 194.00000000 610.50000000 0.45882353 0.31372549 0.24313725
v -56.00000000 193.50000000 609.75000000 0.50196078 0.33725490 0.27450980
v -55.00000000 193.75000000 608.75000000 0.56078431 0.37254902 0.31764706
v -54.00000000 193.50000000 608.50000000 0.52941176 0.33725490 0.27843137
v -53.00000000 193.25000000 608.00000000 0.52549020 0.31764706 0.26274510
v -52.75000000 193.00000000 607.75000000 0.56470588 0.34509804 0.28627451
v -52.00000000 193.00000000 607.50000000 0.61176471 0.38039216 0.32549020
v -51.00000000 193.00000000 606.75000000 0.62352941 0.38039216 0.32941176
v -50.00000000 193.00000000 607.25000000 0.65098039 0.39215686 0.33725490
v -49.00000000 193.00000000 607.75000000 0.66666667 0.40000000 0.34901961
v -48.00000000 193.00000000 607.75000000 0.70196078 0.43921569 0.37647059
v -47.00000000 193.00000000 608.00000000 0.71372549 0.45098039 0.38823529
v -46.00000000 193.75000000 608.75000000 0.72156863 0.46666667 0.39607843
v -45.25000000 194.00000000 609.25000000 0.73333333 0.47843137 0.40784314
v -44.00000000 194.00000000 610.50000000 0.75294118 0.49803922 0.42745098
v -42.00000000 195.00000000 612.50000000 0.80392157 0.54901961 0.47058824
v -41.00000000 195.25000000 615.00000000 0.81960784 0.56470588 0.48627451
v -39.00000000 197.00000000 620.50000000 0.84313725 0.58823529 0.50980392
v -37.00000000 198.50000000 624.50000000 0.77647059 0.51764706 0.43137255
v -36.50000000 198.50000000 624.50000000 0.45098039 0.18823529 0.11372549
v -66.00000000 196.50000000 616.50000000 0.16862745 0.14117647 0.10980392
v -65.00000000 196.75000000 617.00000000 0.21960784 0.19215686 0.15294118
v -64.00000000 196.75000000 617.50000000 0.29019608 0.25098039 0.20392157
v -62.00000000 196.25000000 616.25000000 0.32156863 0.27058824 0.20784314
v -61.00000000 196.00000000 615.25000000 0.33725490 0.27843137 0.20392157
v -60.00000000 195.50000000 613.50000000 0.36470588 0.27450980 0.20392157
v -58.00000000 195.00000000 612.00000000 0.41176471 0.29019608 0.21960784
v -57.25000000 195.00000000 611.25000000 0.43529412 0.29411765 0.23137255
v -57.00000000 194.25000000 610.25000000 0.45882353 0.31372549 0.24313725
v -56.00000000 194.25000000 609.75000000 0.49411765 0.32941176 0.26666667
v -55.00000000 194.00000000 608.75000000 0.54509804 0.36470588 0.30588235
v -52.50000000 194.00000000 607.50000000 0.56470588 0.34509804 0.29411765
v -52.00000000 193.75000000 606.75000000 0.61960784 0.38431373 0.34117647
v -51.00000000 193.75000000 606.75000000 0.63529412 0.39215686 0.34117647
v -50.75000000 193.75000000 606.75000000 0.64313725 0.39215686 0.34509804
v -46.00000000 194.00000000 608.00000000 0.71764706 0.46274510 0.39215686
v -45.00000000 194.00000000 608.50000000 0.73725490 0.48235294 0.41176471
v -45.00000000 194.50000000 609.50000000 0.75294118 0.49803922 0.42745098
v -44.00000000 194.50000000 609.50000000 0.76470588 0.50980392 0.43921569
v -43.00000000 195.00000000 611.00000000 0.80392157 0.54901961 0.47843137
v -42.00000000 195.50000000 613.50000000 0.80784314 0.55294118 0.48235294
v -41.00000000 196.00000000 614.25000000 0.80784314 0.55294118 0.48235294
v -40.00000000 197.00000000 617.25000000 0.84705882 0.59215686 0.51372549
v -38.00000000 198.00000000 621.50000000 0.85098039 0.59607843 0.51764706
v -37.00000000 199.00000000 624.50000000 0.79607843 0.53333333 0.45882353
v -36.50000000 199.00000000 624.50000000 0.48235294 0.21960784 0.14509804
v -64.75000000 197.00000000 616.00000000 0.26666667 0.23137255 0.19607843
v -64.00000000 197.00000000 616.50000000 0.29411765 0.25490196 0.20784314
v -63.00000000 197.00000000 616.25000000 0.29411765 0.25490196 0.20784314
v -62.00000000 197.00000000 615.75000000 0.31764706 0.26666667 0.20392157
v -60.00000000 196.25000000 614.25000000 0.34509804 0.27058824 0.20392157
v -60.00000000 196.00000000 613.25000000 0.36470588 0.27450980 0.20392157
v -59.00000000 196.00000000 612.50000000 0.39215686 0.28627451 0.21960784
v -58.00000000 195.50000000 611.50000000 0.41176471 0.29019608 0.21960784
v -57.00000000 195.00000000 609.75000000 0.45882353 0.31372549 0.24313725
v -56.00000000 194.75000000 609.00000000 0.48235294 0.31764706 0.25490196
v -55.00000000 194.50000000 608.50000000 0.51372549 0.34901961 0.28627451
v -54.75000000 194.00000000 607.75000000 0.53333333 0.35294118 0.29411765
v -54.00000000 194.00000000 607.75000000 0.51764706 0.32941176 0.27450980
v -53.00000000 194.00000000 607.00000000 0.51372549 0.30980392 0.25882353
v -52.00000000 194.00000000 606.75000000 0.60392157 0.36862745 0.32549020
v -51.00000000 194.00000000 606.25000000 0.62352941 0.38039216 0.32941176
v -50.25000000 194.00000000 606.25000000 0.64313725 0.39215686 0.34509804
v -50.00000000 194.00000000 606.25000000 0.65098039 0.39215686 0.33725490
v -49.00000000 194.00000000 606.50000000 0.65882353 0.40000000 0.34509804
v -48.50000000 194.00000000 606.50000000 0.68235294 0.41960784 0.35686275
v -48.00000000 194.00000000 606.75000000 0.69411765 0.43137255 0.36862745
v -47.00000000 194.00000000 606.75000000 0.70588235 0.44313725 0.38039216
v -47.00000000 194.25000000 607.25000000 0.72941176 0.46666667 0.40392157
v -46.00000000 194.50000000 607.50000000 0.72941176 0.47058824 0.40784314
v -43.75000000 195.00000000 609.75000000 0.80000000 0.54117647 0.47843137
v -42.00000000 195.75000000 611.75000000 0.82352941 0.56862745 0.49803922
v -41.00000000 196.25000000 614.00000000 0.81176471 0.55686275 0.48627451
v -40.00000000 197.25000000 617.25000000 0.85098039 0.59607843 0.52549020
v -39.50000000 198.00000000 618.50000000 0.85098039 0.59607843 0.52549020
v -39.00000000 198.00000000 619.75000000 0.85098039 0.59607843 0.52549020
v -37.00000000 199.50000000 623.50000000 0.81176471 0.55686275 0.48627451
v -36.50000000 200.00000000 624.50000000 0.53333333 0.27058824 0.19607843
v -65.00000000 197.00000000 614.75000000 0.18431373 0.15686275 0.12549020
v -64.25000000 197.25000000 615.00000000 0.25490196 0.21960784 0.19215686
v -63.00000000 197.75000000 615.75000000 0.29411765 0.25490196 0.21568627
v -62.75000000 197.75000000 615.75000000 0.30196078 0.25490196 0.20000000
v -62.00000000 197.75000000 615.75000000 0.30980392 0.25490196 0.20392157
v -61.00000000 197.00000000 614.75000000 0.32549020 0.26274510 0.20000000
v -59.00000000 196.50000000 612.50000000 0.39215686 0.27843137 0.21568627
v -58.00000000 196.00000000 611.50000000 0.41568627 0.28627451 0.21960784
v -57.00000000 195.25000000 609.25000000 0.45098039 0.30588235 0.23529412
v -56.00000000 195.25000000 608.75000000 0.48627451 0.32156863 0.25882353
v -55.00000000 195.00000000 608.00000000 0.50980392 0.34509804 0.28235294
v -54.75000000 195.00000000 607.75000000 0.52941176 0.34901961 0.29019608
v -53.00000000 194.75000000 606.75000000 0.50980392 0.30588235 0.25490196
v -52.00000000 194.75000000 606.75000000 0.54509804 0.32549020 0.27450980
v -52.00000000 194.25000000 606.25000000 0.59607843 0.36078431 0.31764706
v -51.00000000 194.25000000 606.25000000 0.61568627 0.37254902 0.32156863
v -50.25000000 194.25000000 606.25000000 0.63921569 0.38823529 0.34117647
v -48.50000000 195.00000000 606.50000000 0.69019608 0.42352941 0.37254902
v -45.00000000 195.00000000 607.50000000 0.74901961 0.49019608 0.43529412
v -44.00000000 195.00000000 608.75000000 0.78039216 0.52156863 0.45882353
v -43.75000000 195.75000000 609.75000000 0.80000000 0.54117647 0.47843137
v -42.00000000 196.00000000 611.75000000 0.82745098 0.56862745 0.50588235
v -41.00000000 197.00000000 613.75000000 0.82745098 0.56862745 0.50588235
v -41.00000000 197.25000000 615.00000000 0.83137255 0.57254902 0.50980392
v -40.00000000 198.00000000 616.50000000 0.84705882 0.59215686 0.52156863
v -39.00000000 198.50000000 618.50000000 0.85882353 0.60392157 0.53333333
v -38.00000000 199.00000000 620.75000000 0.85490196 0.60000000 0.52941176
v -37.00000000 200.00000000 623.50000000 0.83921569 0.58431373 0.51372549
v -36.25000000 200.25000000 624.00000000 0.58823529 0.32549020 0.25098039
v -65.00000000 197.75000000 613.75000000 0.16470588 0.13725490 0.11372549
v -64.00000000 197.75000000 613.75000000 0.23921569 0.20392157 0.18431373
v -60.00000000 197.50000000 613.50000000 0.33725490 0.26274510 0.20392157
v -60.00000000 197.00000000 613.00000000 0.36862745 0.26666667 0.20784314
v -59.00000000 197.00000000 612.00000000 0.39215686 0.27843137 0.22352941
v -58.00000000 196.50000000 610.50000000 0.41176471 0.28235294 0.22352941
v -57.00000000 196.00000000 609.50000000 0.42745098 0.27843137 0.22745098
v -56.75000000 196.00000000 608.75000000 0.44705882 0.30196078 0.23137255
v -55.00000000 195.75000000 607.75000000 0.49803922 0.33333333 0.27058824
v -54.00000000 195.00000000 606.75000000 0.51764706 0.33725490 0.27843137
v -53.00000000 195.00000000 606.75000000 0.51372549 0.30980392 0.25490196
v -52.00000000 195.00000000 605.75000000 0.58039216 0.34509804 0.30196078
v -51.00000000 195.00000000 605.50000000 0.60392157 0.36078431 0.30980392
v -50.00000000 195.00000000 605.50000000 0.63137255 0.37254902 0.32549020
v -49.00000000 195.00000000 606.00000000 0.63921569 0.38039216 0.33333333
v -48.00000000 195.00000000 605.75000000 0.66274510 0.40392157 0.34901961
v -47.00000000 195.00000000 605.75000000 0.68627451 0.41960784 0.36862745
v -46.00000000 195.00000000 606.75000000 0.72941176 0.47058824 0.41568627
v -45.00000000 195.50000000 607.50000000 0.74509804 0.48627451 0.43137255
v -43.00000000 196.00000000 609.00000000 0.78431373 0.53725490 0.47058824
v -42.00000000 196.75000000 610.75000000 0.82352941 0.56470588 0.50196078
v -41.00000000 197.50000000 613.25000000 0.83529412 0.58039216 0.50980392
v -40.00000000 198.50000000 616.25000000 0.84313725 0.59607843 0.52549020
v -39.00000000 199.00000000 617.75000000 0.84705882 0.60000000 0.52941176
v -39.00000000 199.50000000 619.50000000 0.85882353 0.61176471 0.54117647
v -38.00000000 200.00000000 620.75000000 0.85098039 0.60392157 0.53333333
v -37.00000000 201.00000000 623.00000000 0.84705882 0.59215686 0.51372549
v -65.00000000 198.00000000 612.50000000 0.13333333 0.11372549 0.09019608
v -63.00000000 198.00000000 613.75000000 0.27843137 0.23921569 0.20392157
v -62.00000000 198.00000000 614.00000000 0.29803922 0.25098039 0.20392157
v -61.00000000 198.00000000 613.50000000 0.31372549 0.25098039 0.19215686
v -60.00000000 198.00000000 613.50000000 0.33333333 0.25882353 0.20392157
v -59.50000000 198.00000000 612.50000000 0.36470588 0.26274510 0.20392157
v -59.00000000 197.50000000 611.50000000 0.38823529 0.27450980 0.21960784
v -58.00000000 197.00000000 610.00000000 0.41176471 0.28235294 0.22352941
v -57.00000000 197.00000000 609.00000000 0.42352941 0.27450980 0.22352941
v -56.50000000 196.50000000 608.50000000 0.43921569 0.29411765 0.22352941
v -56.00000000 196.00000000 607.75000000 0.48235294 0.31764706 0.25490196
v -55.00000000 196.00000000 607.50000000 0.47843137 0.31372549 0.25098039
v -54.00000000 196.00000000 606.50000000 0.51372549 0.32941176 0.26666667
v -53.00000000 195.75000000 605.75000000 0.50980392 0.30588235 0.25098039
v -52.00000000 195.75000000 605.75000000 0.53333333 0.31372549 0.26274510
v -52.00000000 195.50000000 605.50000000 0.56078431 0.32549020 0.28235294
v -51.00000000 195.50000000 605.50000000 0.58431373 0.34117647 0.29019608
v -50.00000000 195.50000000 605.50000000 0.58823529 0.33725490 0.29019608
v -49.00000000 195.25000000 605.25000000 0.59215686 0.33333333 0.28627451
v -48.00000000 195.75000000 605.75000000 0.61176471 0.35294118 0.29803922
v -47.00000000 195.75000000 605.75000000 0.65882353 0.39215686 0.34117647
v -46.75000000 195.75000000 605.75000000 0.68627451 0.41960784 0.36862745
v -45.00000000 196.00000000 606.75000000 0.74117647 0.48235294 0.42745098
v -44.00000000 196.00000000 608.00000000 0.76862745 0.52156863 0.46274510
v -42.00000000 197.00000000 610.25000000 0.81176471 0.56470588 0.49803922
v -41.00000000 198.00000000 612.75000000 0.83529412 0.58823529 0.51764706
v -40.50000000 198.50000000 614.25000000 0.83137255 0.58431373 0.51372549
v -40.00000000 198.75000000 615.50000000 0.85490196 0.61568627 0.54117647
v -39.00000000 199.75000000 617.75000000 0.83529412 0.59607843 0.52156863
v -38.00000000 200.50000000 620.50000000 0.86274510 0.62352941 0.54117647
v -64.00000000 198.00000000 612.00000000 0.18823529 0.15294118 0.13333333
v -63.75000000 198.75000000 612.75000000 0.25882353 0.20784314 0.17647059
v -60.00000000 198.50000000 612.50000000 0.33725490 0.25098039 0.20000000
v -59.00000000 198.00000000 611.00000000 0.39215686 0.26666667 0.21568627
v -55.00000000 196.75000000 606.75000000 0.48627451 0.30588235 0.24313725
v -54.00000000 196.50000000 606.50000000 0.49019608 0.30588235 0.24313725
v -54.00000000 196.25000000 606.00000000 0.51372549 0.32941176 0.26666667
v -53.00000000 196.00000000 605.50000000 0.50588235 0.31372549 0.25490196
v -52.00000000 196.00000000 605.25000000 0.51372549 0.30588235 0.25098039
v -51.00000000 196.00000000 605.00000000 0.53333333 0.32549020 0.26274510
v -50.00000000 196.00000000 605.00000000 0.54509804 0.31372549 0.25098039
v -49.00000000 196.00000000 604.75000000 0.58823529 0.34117647 0.28235294
v -48.00000000 196.00000000 604.75000000 0.67058824 0.41176471 0.35686275
v -47.00000000 196.00000000 604.75000000 0.67450980 0.41568627 0.36078431
v -46.75000000 196.00000000 605.75000000 0.70196078 0.44313725 0.38823529
v -46.00000000 196.00000000 605.75000000 0.72941176 0.46666667 0.40000000
v -45.00000000 196.25000000 606.25000000 0.74901961 0.48627451 0.41960784
v -45.00000000 196.50000000 606.50000000 0.75686275 0.50980392 0.43921569
v -43.00000000 197.00000000 608.00000000 0.78039216 0.54117647 0.46666667
v -42.00000000 197.75000000 609.50000000 0.81176471 0.57254902 0.50196078
v -41.00000000 198.50000000 612.25000000 0.81568627 0.57647059 0.50588235
v -40.00000000 199.00000000 613.50000000 0.83921569 0.60000000 0.52941176
v -39.00000000 200.00000000 616.75000000 0.85490196 0.60784314 0.53725490
v -39.00000000 200.50000000 618.50000000 0.87843137 0.61960784 0.55686275
v -38.00000000 201.00000000 620.25000000 0.87450980 0.61176471 0.54901961
v -37.00000000 202.00000000 622.75000000 0.82745098 0.55686275 0.49803922
v -62.00000000 199.00000000 612.75000000 0.30588235 0.23921569 0.20784314
v -61.75000000 199.00000000 612.75000000 0.30588235 0.23529412 0.19607843
v -61.00000000 199.00000000 612.50000000 0.30980392 0.23921569 0.18431373
v -60.00000000 199.00000000 611.50000000 0.33333333 0.24705882 0.19607843
v -59.00000000 198.25000000 610.25000000 0.38039216 0.26666667 0.21176471
v -58.00000000 198.00000000 609.50000000 0.40392157 0.27450980 0.21568627
v -57.00000000 198.00000000 608.50000000 0.42745098 0.27843137 0.22745098
v -56.00000000 197.00000000 607.00000000 0.46274510 0.29411765 0.23137255
v -55.00000000 197.00000000 606.75000000 0.48235294 0.30196078 0.23921569
v -54.00000000 197.00000000 606.00000000 0.49019608 0.30588235 0.24313725
v -53.00000000 196.75000000 605.25000000 0.50588235 0.31372549 0.25490196
v -52.00000000 196.75000000 604.75000000 0.52941176 0.32156863 0.26666667
v -51.00000000 196.75000000 604.75000000 0.54117647 0.32156863 0.27058824
v -50.00000000 196.75000000 604.75000000 0.52941176 0.29411765 0.25098039
v -50.00000000 196.50000000 604.50000000 0.53725490 0.30588235 0.24313725
v -49.00000000 196.50000000 604.50000000 0.60000000 0.35294118 0.29411765
v -48.00000000 196.75000000 604.75000000 0.63921569 0.39215686 0.33333333
v -47.00000000 196.75000000 604.75000000 0.69411765 0.43529412 0.38039216
v -46.00000000 196.75000000 604.75000000 0.71372549 0.45490196 0.40000000
v -45.00000000 197.00000000 605.25000000 0.74901961 0.48627451 0.42352941
v -44.00000000 197.00000000 606.75000000 0.76078431 0.51372549 0.44705882
v -43.00000000 197.75000000 607.75000000 0.77647059 0.53725490 0.46666667
v -42.00000000 198.00000000 609.50000000 0.81568627 0.57647059 0.50588235
v -41.75000000 198.75000000 610.50000000 0.81960784 0.58039216 0.50980392
v -41.00000000 199.00000000 611.75000000 0.81568627 0.57647059 0.50588235
v -40.00000000 199.25000000 613.25000000 0.83137255 0.59215686 0.52156863
v -39.00000000 200.25000000 616.25000000 0.86274510 0.61568627 0.54901961
v -38.00000000 201.75000000 619.75000000 0.88235294 0.61960784 0.55686275
v -37.00000000 202.75000000 622.75000000 0.81960784 0.54901961 0.49019608
v -63.00000000 199.00000000 611.00000000 0.20784314 0.16470588 0.14901961
v -61.50000000 200.00000000 612.50000000 0.30196078 0.23137255 0.19215686
v -61.00000000 199.50000000 611.50000000 0.30588235 0.23529412 0.18823529
v -60.00000000 199.50000000 611.50000000 0.33333333 0.24705882 0.19607843
v -59.00000000 199.00000000 610.25000000 0.37647059 0.26274510 0.20784314
v -57.00000000 198.50000000 608.50000000 0.42745098 0.28627451 0.23137255
v -56.00000000 198.00000000 607.00000000 0.46274510 0.29019608 0.23921569
v -54.00000000 197.75000000 605.75000000 0.49019608 0.30196078 0.24705882
v -53.75000000 197.25000000 605.00000000 0.50196078 0.31372549 0.25882353
v -53.00000000 197.25000000 605.00000000 0.50196078 0.30980392 0.25490196
v -52.00000000 197.00000000 604.25000000 0.50588235 0.30196078 0.24705882
v -51.75000000 197.00000000 604.00000000 0.53333333 0.32549020 0.27058824
v -51.00000000 197.00000000 604.00000000 0.53725490 0.31764706 0.26666667
v -50.00000000 197.00000000 604.00000000 0.53725490 0.30588235 0.25098039
v -49.00000000 197.00000000 603.75000000 0.60784314 0.35686275 0.30980392
v -48.00000000 197.00000000 603.75000000 0.64313725 0.39215686 0.34509804
v -47.00000000 197.00000000 604.00000000 0.70980392 0.45098039 0.40392157
v -46.00000000 197.00000000 604.75000000 0.72549020 0.45882353 0.40784314
v -45.00000000 197.25000000 605.25000000 0.74901961 0.48235294 0.43137255
v -44.50000000 197.50000000 605.50000000 0.75294118 0.50588235 0.43921569
v -43.00000000 198.00000000 607.00000000 0.77647059 0.53725490 0.46666667
v -42.00000000 198.75000000 608.75000000 0.81960784 0.57647059 0.51764706
v -41.75000000 199.00000000 610.00000000 0.82745098 0.58431373 0.52549020
v -41.00000000 199.50000000 611.50000000 0.82352941 0.58039216 0.52156863
v -40.00000000 200.00000000 612.50000000 0.83137255 0.58823529 0.52941176
v -39.00000000 201.00000000 616.00000000 0.86274510 0.61568627 0.54901961
v -39.00000000 201.75000000 617.75000000 0.87843137 0.61960784 0.55686275
v -38.00000000 202.00000000 619.25000000 0.88235294 0.62352941 0.56078431
v -37.00000000 203.00000000 622.00000000 0.80392157 0.54117647 0.47843137
v -64.00000000 199.00000000 609.00000000 0.08627451 0.06666667 0.05490196
v -62.00000000 200.00000000 611.50000000 0.29019608 0.23529412 0.20000000
v -61.00000000 200.00000000 611.50000000 0.30196078 0.23137255 0.18431373
v -60.00000000 200.00000000 610.50000000 0.33333333 0.24705882 0.19607843
v -59.00000000 199.25000000 609.25000000 0.36862745 0.25882353 0.20392157
v -58.00000000 199.00000000 609.00000000 0.39607843 0.27058824 0.21176471
v -57.00000000 199.00000000 608.00000000 0.43137255 0.29019608 0.23529412
v -56.00000000 198.50000000 606.50000000 0.46666667 0.29411765 0.24313725
v -55.00000000 198.00000000 606.00000000 0.48235294 0.30196078 0.25098039
v -54.00000000 198.00000000 605.50000000 0.49019608 0.30980392 0.25882353
v -53.75000000 198.00000000 604.75000000 0.50980392 0.32156863 0.26666667
v -53.00000000 198.00000000 604.75000000 0.50196078 0.30980392 0.25490196
v -52.00000000 197.75000000 603.75000000 0.49019608 0.29803922 0.24313725
v -51.75000000 197.75000000 603.75000000 0.51764706 0.30588235 0.25882353
v -51.00000000 197.50000000 603.50000000 0.53725490 0.32941176 0.27450980
v -50.00000000 197.50000000 603.50000000 0.56862745 0.34117647 0.29411765
v -49.00000000 197.50000000 603.50000000 0.62352941 0.38039216 0.33725490
v -48.00000000 197.25000000 603.25000000 0.66666667 0.41568627 0.36862745
v -47.00000000 197.75000000 604.00000000 0.70196078 0.44313725 0.39607843
v -46.00000000 197.75000000 604.00000000 0.71372549 0.45490196 0.40784314
v -46.00000000 198.00000000 604.50000000 0.72156863 0.46274510 0.40784314
v -45.00000000 198.00000000 604.50000000 0.74117647 0.48235294 0.42745098
v -44.50000000 198.00000000 605.50000000 0.75294118 0.50588235 0.44705882
v -44.00000000 198.00000000 605.75000000 0.76470588 0.51764706 0.45882353
v -43.00000000 198.75000000 606.75000000 0.78039216 0.53725490 0.47843137
v -42.00000000 199.00000000 608.50000000 0.80784314 0.57647059 0.51372549
v -41.50000000 199.50000000 609.50000000 0.81568627 0.58431373 0.52156863
v -41.00000000 200.00000000 611.25000000 0.83529412 0.59215686 0.53333333
v -40.00000000 200.25000000 612.25000000 0.83137255 0.58823529 0.52941176
v -39.00000000 201.50000000 615.50000000 0.85882353 0.61176471 0.54509804
v -64.00000000 200.00000000 609.00000000 0.10196078 0.06274510 0.05490196
v -63.00000000 200.00000000 609.75000000 0.17254902 0.12941176 0.11372549
v -63.00000000 200.25000000 610.25000000 0.26274510 0.21176471 0.18823529
v -62.00000000 200.75000000 610.75000000 0.28627451 0.23137255 0.19607843
v -61.00000000 200.75000000 610.75000000 0.29019608 0.22352941 0.18431373
v -61.00000000 200.50000000 610.50000000 0.30588235 0.23529412 0.18823529
v -60.00000000 200.50000000 610.50000000 0.33725490 0.25098039 0.20000000
v -59.00000000 200.00000000 609.25000000 0.36862745 0.25882353 0.20392157
v -57.00000000 199.75000000 607.75000000 0.42352941 0.29411765 0.23529412
v -56.00000000 199.00000000 606.50000000 0.47058824 0.30588235 0.25098039
v -54.00000000 198.75000000 604.75000000 0.48627451 0.31372549 0.26274510
v -53.75000000 198.75000000 604.75000000 0.51372549 0.33333333 0.28235294
v -53.00000000 198.25000000 604.00000000 0.50196078 0.31372549 0.26666667
v -52.00000000 198.00000000 603.75000000 0.48235294 0.29411765 0.23921569
v -51.75000000 198.00000000 603.75000000 0.52156863 0.31764706 0.26666667
v -51.00000000 198.00000000 603.50000000 0.55686275 0.34509804 0.29803922
v -50.00000000 198.00000000 603.25000000 0.61176471 0.38431373 0.33725490
v -49.00000000 198.00000000 603.50000000 0.63137255 0.39607843 0.35294118
v -48.00000000 198.00000000 603.25000000 0.66666667 0.42352941 0.38039216
v -47.00000000 198.00000000 603.50000000 0.69803922 0.44705882 0.40784314
v -46.00000000 198.25000000 604.25000000 0.70980392 0.45882353 0.41960784
v -45.00000000 198.50000000 604.50000000 0.74117647 0.48235294 0.42745098
v -44.00000000 198.75000000 604.75000000 0.75294118 0.50588235 0.44705882
v -43.00000000 199.00000000 605.75000000 0.78039216 0.53725490 0.47843137
v -42.00000000 199.50000000 607.50000000 0.81176471 0.58039216 0.50980392
v -41.50000000 200.00000000 609.50000000 0.81568627 0.58431373 0.51372549
v -41.00000000 200.25000000 610.25000000 0.82352941 0.59215686 0.52156863
v -40.00000000 201.00000000 612.00000000 0.83529412 0.59607843 0.52549020
v -39.00000000 202.00000000 615.25000000 0.85882353 0.61176471 0.54509804
v -38.00000000 203.00000000 618.50000000 0.86666667 0.60784314 0.54509804
v -37.00000000 204.00000000 621.00000000 0.76470588 0.50196078 0.43921569
v -36.00000000 204.50000000 622.50000000 0.56862745 0.29803922 0.23529412
v -62.75000000 201.00000000 609.75000000 0.24313725 0.19215686 0.16862745
v -61.00000000 201.00000000 609.75000000 0.29019608 0.22352941 0.18431373
v -60.75000000 201.00000000 609.75000000 0.30980392 0.23921569 0.19215686
v -60.00000000 201.00000000 609.50000000 0.34117647 0.25490196 0.20392157
v -58.50000000 200.50000000 608.50000000 0.36862745 0.25882353 0.20392157
v -58.00000000 200.00000000 608.00000000 0.38823529 0.27450980 0.21176471
v -57.00000000 200.00000000 607.00000000 0.41568627 0.28627451 0.22745098
v -56.00000000 199.75000000 605.75000000 0.45882353 0.30196078 0.25490196
v -55.00000000 199.00000000 604.75000000 0.47058824 0.30588235 0.25882353
v -54.00000000 199.00000000 604.75000000 0.47450980 0.30980392 0.26274510
v -53.00000000 199.00000000 603.75000000 0.49803922 0.31372549 0.27450980
v -52.00000000 198.75000000 603.00000000 0.49411765 0.30588235 0.25882353
v -51.25000000 198.75000000 603.00000000 0.54117647 0.33725490 0.29411765
v -51.00000000 198.75000000 603.00000000 0.58039216 0.37647059 0.32549020
v -50.00000000 198.75000000 603.00000000 0.61176471 0.38823529 0.34509804
v -49.75000000 198.75000000 602.75000000 0.61960784 0.39607843 0.35294118
v -49.00000000 198.75000000 602.75000000 0.61568627 0.38823529 0.34509804
v -48.00000000 198.75000000 602.75000000 0.64313725 0.40784314 0.36862745
v -47.75000000 198.75000000 602.75000000 0.65882353 0.41176471 0.37647059
v -46.00000000 199.00000000 603.50000000 0.70588235 0.45490196 0.41568627
v -45.00000000 199.00000000 603.75000000 0.73725490 0.47843137 0.42352941
v -44.00000000 199.00000000 604.50000000 0.75294118 0.50588235 0.44705882
v -44.00000000 199.50000000 605.00000000 0.77254902 0.52549020 0.46666667
v -43.00000000 199.50000000 605.50000000 0.78431373 0.54117647 0.48235294
v -42.00000000 200.00000000 607.50000000 0.81176471 0.58039216 0.50980392
v -41.00000000 200.50000000 608.50000000 0.81568627 0.58431373 0.51372549
v -40.00000000 201.25000000 611.25000000 0.83529412 0.59607843 0.52549020
v -39.00000000 202.50000000 614.50000000 0.86274510 0.61568627 0.55686275
v -36.00000000 205.00000000 622.00000000 0.53333333 0.26274510 0.20000000
v -62.00000000 201.00000000 609.00000000 0.21960784 0.17647059 0.15294118
v -61.00000000 201.50000000 609.50000000 0.28627451 0.23137255 0.19607843
v -60.25000000 201.25000000 609.25000000 0.30980392 0.23921569 0.19215686
v -60.00000000 201.25000000 609.00000000 0.33725490 0.25098039 0.20784314
v -59.00000000 201.00000000 608.50000000 0.36470588 0.26274510 0.21176471
v -58.50000000 201.00000000 608.50000000 0.38039216 0.26274510 0.21960784
v -57.00000000 200.75000000 606.75000000 0.40392157 0.27058824 0.22352941
v -56.00000000 200.00000000 605.75000000 0.43529412 0.27843137 0.23137255
v -55.75000000 200.00000000 605.00000000 0.45882353 0.29411765 0.24705882
v -55.00000000 200.00000000 604.75000000 0.46274510 0.29803922 0.25098039
v -54.00000000 199.75000000 604.00000000 0.47058824 0.30588235 0.25882353
v -53.00000000 199.75000000 603.75000000 0.49019608 0.31764706 0.27450980
v -53.00000000 199.50000000 603.25000000 0.49411765 0.30980392 0.27058824
v -52.00000000 199.25000000 603.00000000 0.49411765 0.30588235 0.25882353
v -51.00000000 199.00000000 602.50000000 0.57254902 0.36862745 0.31764706
v -50.00000000 199.00000000 602.50000000 0.58823529 0.36470588 0.32156863
v -49.50000000 199.00000000 602.50000000 0.60784314 0.38431373 0.34117647
v -49.00000000 199.00000000 602.50000000 0.60784314 0.38039216 0.33725490
v -48.00000000 199.00000000 602.75000000 0.63137255 0.39607843 0.35686275
v -47.75000000 199.00000000 602.75000000 0.64705882 0.40000000 0.36470588
v -47.00000000 199.00000000 602.75000000 0.67058824 0.42745098 0.38431373
v -46.00000000 199.50000000 603.50000000 0.69019608 0.43921569 0.40000000
v -45.00000000 199.75000000 603.75000000 0.73333333 0.47450980 0.41960784
v -44.00000000 199.75000000 603.75000000 0.74509804 0.49803922 0.43921569
v -43.00000000 200.00000000 605.00000000 0.78039216 0.53725490 0.47843137
v -42.50000000 200.00000000 605.50000000 0.80000000 0.55686275 0.49803922
v -42.00000000 200.75000000 606.75000000 0.80392157 0.57254902 0.50980392
v -41.00000000 201.00000000 608.25000000 0.80784314 0.57647059 0.51372549
v -40.00000000 202.25000000 612.25000000 0.85098039 0.60784314 0.54901961
v -39.00000000 203.00000000 614.25000000 0.87058824 0.62352941 0.56470588
v -38.00000000 204.00000000 617.50000000 0.83921569 0.58039216 0.52549020
v -37.25000000 205.00000000 619.25000000 0.78431373 0.52549020 0.47058824
v -36.00000000 205.75000000 621.75000000 0.51372549 0.24313725 0.18431373
v -60.00000000 201.50000000 608.00000000 0.30588235 0.23529412 0.19607843
v -60.00000000 201.75000000 608.25000000 0.33333333 0.24313725 0.21176471
v -59.00000000 201.75000000 608.00000000 0.36862745 0.26274510 0.21960784
v -58.00000000 201.75000000 607.75000000 0.38823529 0.27058824 0.23137255
v -58.00000000 201.00000000 606.75000000 0.38823529 0.27058824 0.22745098
v -57.00000000 201.00000000 606.50000000 0.40392157 0.27058824 0.23137255
v -56.00000000 201.00000000 605.50000000 0.42745098 0.27058824 0.22352941
v -55.75000000 200.75000000 605.00000000 0.44705882 0.28235294 0.23529412
v -55.00000000 200.25000000 604.00000000 0.46274510 0.29411765 0.25882353
v -54.00000000 200.25000000 604.00000000 0.47843137 0.30588235 0.27058824
v -53.00000000 200.00000000 603.00000000 0.49803922 0.30980392 0.27058824
v -52.00000000 199.75000000 602.25000000 0.47843137 0.29019608 0.24313725
v -51.00000000 199.75000000 602.25000000 0.50196078 0.29803922 0.25490196
v -51.00000000 199.50000000 601.75000000 0.50980392 0.30588235 0.26274510
v -50.00000000 199.50000000 601.75000000 0.52549020 0.30196078 0.26666667
v -49.00000000 199.75000000 601.75000000 0.61960784 0.38823529 0.35686275
v -47.25000000 200.00000000 602.25000000 0.65882353 0.41176471 0.37647059
v -46.00000000 200.00000000 602.50000000 0.70980392 0.45882353 0.41960784
v -45.00000000 200.00000000 603.00000000 0.73333333 0.47450980 0.41960784
v -44.00000000 200.00000000 603.50000000 0.73725490 0.49019608 0.43137255
v -44.00000000 200.50000000 604.00000000 0.74901961 0.50196078 0.44313725
v -43.00000000 200.50000000 604.50000000 0.76470588 0.52156863 0.47058824
v -42.50000000 201.00000000 605.50000000 0.78431373 0.54117647 0.49019608
v -41.00000000 201.50000000 607.50000000 0.80392157 0.57254902 0.50980392
v -40.00000000 202.00000000 609.75000000 0.83921569 0.59607843 0.53725490
v -39.00000000 203.25000000 613.25000000 0.87843137 0.62745098 0.58039216
v -37.00000000 205.00000000 619.00000000 0.76862745 0.50980392 0.46274510
v -36.00000000 206.00000000 621.25000000 0.50588235 0.24313725 0.18039216
v -36.00000000 206.25000000 622.25000000 0.55686275 0.28627451 0.22745098
v -63.00000000 201.00000000 605.50000000 0.08235294 0.06274510 0.05098039
v -63.00000000 201.25000000 606.25000000 0.11764706 0.08627451 0.07450980
v -60.00000000 202.00000000 607.50000000 0.30588235 0.22745098 0.18431373
v -57.00000000 201.75000000 605.75000000 0.41568627 0.26666667 0.22352941
v -56.00000000 201.50000000 605.25000000 0.42352941 0.26666667 0.22745098
v -55.50000000 201.00000000 604.25000000 0.43921569 0.27058824 0.23529412
v -55.00000000 201.00000000 604.00000000 0.45490196 0.28235294 0.23921569
v -54.00000000 200.75000000 603.25000000 0.47058824 0.29803922 0.25490196
v -53.00000000 200.75000000 603.00000000 0.48627451 0.31372549 0.27058824
v -53.00000000 200.50000000 602.25000000 0.48235294 0.30980392 0.26666667
v -52.00000000 200.50000000 602.25000000 0.44705882 0.27450980 0.23137255
v -51.00000000 200.00000000 601.50000000 0.37254902 0.19215686 0.14117647
v -50.00000000 200.00000000 601.50000000 0.45098039 0.25490196 0.21176471
v -49.00000000 200.00000000 601.25000000 0.63921569 0.41568627 0.37254902
v -48.00000000 200.00000000 601.25000000 0.64313725 0.41568627 0.37254902
v -47.00000000 200.00000000 601.50000000 0.66274510 0.42745098 0.38823529
v -47.00000000 200.25000000 602.25000000 0.70980392 0.46274510 0.42745098
v -46.00000000 200.25000000 602.25000000 0.72549020 0.47450980 0.43921569
v -46.00000000 200.50000000 602.50000000 0.72549020 0.47450980 0.42745098
v -45.00000000 200.75000000 602.75000000 0.73333333 0.47450980 0.42745098
v -44.00000000 200.75000000 603.00000000 0.73725490 0.47843137 0.43137255
v -43.00000000 201.00000000 604.00000000 0.75686275 0.50980392 0.45098039
v -42.00000000 201.00000000 604.50000000 0.77647059 0.52941176 0.47058824
v -42.00000000 201.50000000 605.50000000 0.80000000 0.55294118 0.48235294
v -41.00000000 202.00000000 606.75000000 0.81960784 0.57254902 0.50196078
v -38.75000000 204.75000000 614.75000000 0.87450980 0.63137255 0.58039216
v -61.50000000 202.00000000 606.50000000 0.25882353 0.21960784 0.18431373
v -61.00000000 202.00000000 606.50000000 0.28627451 0.23137255 0.19607843
v -60.00000000 202.25000000 606.75000000 0.29803922 0.22745098 0.18039216
v -59.00000000 202.00000000 606.50000000 0.36078431 0.25882353 0.20784314
v -58.00000000 202.00000000 606.00000000 0.38823529 0.26274510 0.21176471
v -56.00000000 202.00000000 604.75000000 0.43137255 0.26274510 0.22745098
v -55.50000000 201.75000000 604.25000000 0.44313725 0.27058824 0.23529412
v -55.00000000 201.50000000 603.25000000 0.45490196 0.28235294 0.24705882
v -54.00000000 201.25000000 603.00000000 0.47058824 0.29803922 0.26274510
v -53.00000000 201.00000000 602.00000000 0.48235294 0.30980392 0.26666667
v -52.00000000 200.75000000 601.25000000 0.46274510 0.29019608 0.24705882
v -51.00000000 200.75000000 601.25000000 0.43921569 0.25490196 0.21568627
v -51.00000000 200.50000000 600.50000000 0.36470588 0.18431373 0.13333333
v -50.00000000 200.50000000 600.50000000 0.46274510 0.26666667 0.22352941
v -49.00000000 200.50000000 600.50000000 0.50196078 0.29803922 0.25490196
v -49.00000000 200.25000000 600.25000000 0.57254902 0.34901961 0.31372549
v -48.00000000 200.50000000 600.50000000 0.64313725 0.41176471 0.38039216
v -47.00000000 200.50000000 600.50000000 0.65490196 0.41960784 0.38823529
v -46.00000000 201.00000000 601.25000000 0.71372549 0.46274510 0.42745098
v -45.75000000 201.00000000 602.00000000 0.70588235 0.45490196 0.41568627
v -45.00000000 201.00000000 602.00000000 0.72156863 0.46274510 0.41568627
v -44.00000000 201.00000000 602.50000000 0.73333333 0.47450980 0.42745098
v -44.00000000 201.25000000 602.75000000 0.75686275 0.49803922 0.45098039
v -43.00000000 201.50000000 603.50000000 0.76470588 0.51764706 0.45882353
v -42.00000000 201.75000000 604.00000000 0.77254902 0.52549020 0.46666667
v -41.00000000 202.25000000 606.25000000 0.81960784 0.57254902 0.50196078
v -40.00000000 203.00000000 608.25000000 0.84313725 0.59607843 0.52941176
v -39.00000000 204.00000000 612.00000000 0.85490196 0.61176471 0.55294118
v -38.00000000 205.00000000 614.00000000 0.85490196 0.61176471 0.56078431
v -37.00000000 206.00000000 617.75000000 0.70196078 0.45882353 0.41568627
v -36.00000000 207.00000000 620.50000000 0.46274510 0.20392157 0.14901961
v -36.00000000 207.25000000 621.25000000 0.53725490 0.27058824 0.21960784
v -62.00000000 202.00000000 605.00000000 0.18431373 0.14901961 0.12941176
v -61.00000000 202.50000000 605.25000000 0.24705882 0.21176471 0.18431373
v -60.00000000 202.50000000 606.00000000 0.29411765 0.22745098 0.18823529
v -60.00000000 203.00000000 606.50000000 0.32549020 0.24705882 0.20392157
v -57.75000000 202.75000000 605.75000000 0.38039216 0.25490196 0.20392157
v -57.00000000 202.00000000 604.75000000 0.41176471 0.27058824 0.22352941
v -55.00000000 201.75000000 603.25000000 0.44705882 0.27450980 0.23921569
v -54.00000000 201.50000000 602.25000000 0.46274510 0.29019608 0.25490196
v -53.00000000 201.50000000 602.25000000 0.48235294 0.30980392 0.27450980
v -52.75000000 201.00000000 601.25000000 0.49019608 0.31764706 0.28235294
v -52.00000000 201.00000000 601.00000000 0.48235294 0.30980392 0.26666667
v -45.25000000 201.25000000 601.25000000 0.67058824 0.41960784 0.38039216
v -43.75000000 201.75000000 602.00000000 0.74901961 0.49803922 0.45098039
v -43.00000000 202.00000000 602.75000000 0.76078431 0.51372549 0.45490196
v -42.00000000 202.00000000 603.25000000 0.77647059 0.52941176 0.47058824
v -42.00000000 202.25000000 604.25000000 0.79215686 0.54509804 0.47450980
v -41.00000000 203.00000000 605.25000000 0.80784314 0.56078431 0.49019608
v -39.25000000 204.00000000 609.25000000 0.85882353 0.61176471 0.54509804
v -38.00000000 205.75000000 613.75000000 0.84705882 0.59607843 0.54901961
v -61.00000000 202.75000000 604.50000000 0.23921569 0.20392157 0.17647059
v -61.00000000 203.00000000 605.00000000 0.27843137 0.22745098 0.19607843
v -60.00000000 203.25000000 605.50000000 0.29803922 0.23137255 0.19215686
v -59.50000000 203.25000000 605.75000000 0.32941176 0.25098039 0.21568627
v -59.00000000 203.00000000 605.50000000 0.34509804 0.25098039 0.20392157
v -58.00000000 203.00000000 605.50000000 0.36078431 0.25098039 0.20784314
v -55.00000000 202.75000000 603.75000000 0.44705882 0.27450980 0.23921569
v -55.00000000 202.00000000 602.75000000 0.45098039 0.27843137 0.24313725
v -54.00000000 202.00000000 602.25000000 0.47058824 0.29803922 0.26274510
v -52.50000000 201.50000000 600.75000000 0.48627451 0.31764706 0.28235294
v -52.00000000 201.25000000 600.25000000 0.46666667 0.29411765 0.25098039
v -51.00000000 201.00000000 599.75000000 0.40000000 0.22745098 0.18431373
v -50.75000000 201.00000000 599.75000000 0.43137255 0.24705882 0.20784314
v -50.00000000 201.00000000 599.50000000 0.48627451 0.29803922 0.25882353
v -49.00000000 201.00000000 599.00000000 0.52941176 0.31372549 0.28627451
v -48.00000000 201.00000000 599.25000000 0.56078431 0.34509804 0.31764706
v -47.00000000 201.00000000 599.25000000 0.58039216 0.34901961 0.32549020
v -47.00000000 201.25000000 599.75000000 0.60392157 0.37254902 0.34901961
v -46.00000000 201.25000000 599.75000000 0.61176471 0.36470588 0.33725490
v -45.00000000 201.25000000 600.25000000 0.65490196 0.40784314 0.37254902
v -44.00000000 201.75000000 601.00000000 0.74117647 0.49019608 0.44313725
v -43.25000000 202.00000000 601.25000000 0.73725490 0.48627451 0.43921569
v -40.00000000 204.00000000 607.25000000 0.84313725 0.59607843 0.52549020
v -39.00000000 204.75000000 608.75000000 0.86666667 0.61960784 0.55294118
v -37.00000000 207.00000000 616.75000000 0.55686275 0.31372549 0.26274510
v -36.00000000 208.00000000 619.75000000 0.46274510 0.20392157 0.15686275
v -62.00000000 203.00000000 602.75000000 0.08627451 0.07058824 0.05882353
v -61.00000000 203.25000000 603.75000000 0.23137255 0.19607843 0.16862745
v -60.00000000 203.50000000 604.75000000 0.29019608 0.23529412 0.20000000
v -59.25000000 203.75000000 605.00000000 0.32549020 0.25490196 0.21568627
v -59.00000000 203.75000000 605.00000000 0.34117647 0.24705882 0.20000000
v -57.00000000 203.00000000 604.00000000 0.40392157 0.25882353 0.22352941
v -56.00000000 203.00000000 604.00000000 0.41960784 0.26274510 0.22352941
v -54.00000000 202.75000000 601.75000000 0.46666667 0.29803922 0.26274510
v -53.00000000 202.00000000 600.75000000 0.47843137 0.30980392 0.27450980
v -52.50000000 202.00000000 600.50000000 0.47843137 0.30980392 0.27450980
v -52.00000000 202.00000000 599.75000000 0.45098039 0.28627451 0.23921569
v -50.50000000 202.00000000 599.50000000 0.42352941 0.25098039 0.20784314
v -45.00000000 202.00000000 599.75000000 0.67843137 0.43137255 0.39607843
v -44.00000000 202.25000000 600.50000000 0.72156863 0.47843137 0.42745098
v -43.25000000 202.25000000 601.00000000 0.72941176 0.48627451 0.43529412
v -43.00000000 202.25000000 601.25000000 0.74509804 0.50196078 0.44313725
v -42.00000000 202.75000000 602.00000000 0.77647059 0.53333333 0.47450980
v -41.00000000 203.25000000 604.25000000 0.79607843 0.55686275 0.48627451
v -38.00000000 206.00000000 611.75000000 0.86274510 0.61960784 0.56078431
v -37.00000000 207.75000000 615.75000000 0.50980392 0.26666667 0.21568627
v -62.00000000 203.50000000 602.50000000 0.14117647 0.10980392 0.09803922
v -61.00000000 203.50000000 602.75000000 0.21960784 0.18431373 0.16470588
v -60.00000000 204.00000000 604.00000000 0.28235294 0.22745098 0.19215686
v -59.00000000 204.00000000 604.00000000 0.31764706 0.24705882 0.20784314
v -58.00000000 204.00000000 604.00000000 0.35686275 0.25098039 0.20784314
v -55.00000000 203.00000000 602.00000000 0.43529412 0.27843137 0.23921569
v -54.00000000 203.00000000 600.75000000 0.44313725 0.28627451 0.24705882
v -52.00000000 202.50000000 599.50000000 0.45882353 0.29411765 0.24705882
v -51.00000000 202.00000000 598.75000000 0.41176471 0.23921569 0.19607843
v -50.00000000 202.00000000 598.50000000 0.43137255 0.24313725 0.20392157
v -49.00000000 202.00000000 598.50000000 0.41176471 0.22352941 0.18431373
v -48.00000000 202.00000000 598.00000000 0.52549020 0.31764706 0.28627451
v -47.00000000 202.00000000 598.00000000 0.54117647 0.30980392 0.28627451
v -46.25000000 202.00000000 598.25000000 0.59607843 0.36470588 0.33333333
v -46.00000000 202.00000000 598.25000000 0.64705882 0.41176471 0.38039216
v -45.00000000 202.25000000 599.25000000 0.65490196 0.41176471 0.36862745
v -44.00000000 202.75000000 600.00000000 0.68235294 0.43921569 0.38823529
v -43.00000000 202.75000000 600.00000000 0.72941176 0.48627451 0.43529412
v -42.00000000 203.00000000 601.00000000 0.76862745 0.52941176 0.45882353
v -40.25000000 204.00000000 604.25000000 0.80392157 0.56470588 0.49411765
v -40.00000000 204.75000000 606.00000000 0.82352941 0.58431373 0.51372549
v -39.00000000 205.00000000 607.25000000 0.83529412 0.59607843 0.52549020
v -36.00000000 209.00000000 618.75000000 0.47450980 0.21176471 0.17647059
v -61.00000000 204.00000000 602.00000000 0.19607843 0.16862745 0.14509804
v -60.50000000 204.25000000 602.75000000 0.24313725 0.20000000 0.17647059
v -60.00000000 204.25000000 603.00000000 0.27058824 0.21960784 0.18431373
v -59.00000000 204.50000000 603.50000000 0.33333333 0.24705882 0.20392157
v -58.00000000 204.50000000 603.50000000 0.35686275 0.25098039 0.21568627
v -57.00000000 204.00000000 603.00000000 0.39607843 0.26274510 0.22745098
v -56.00000000 204.00000000 602.25000000 0.42352941 0.27450980 0.23921569
v -55.00000000 204.00000000 602.00000000 0.42745098 0.27058824 0.23921569
v -54.25000000 204.00000000 601.25000000 0.43529412 0.27843137 0.24705882
v -54.00000000 203.75000000 600.75000000 0.43921569 0.28235294 0.25098039
v -53.00000000 203.00000000 600.00000000 0.43921569 0.28235294 0.24313725
v -52.00000000 203.00000000 598.75000000 0.45882353 0.29019608 0.25490196
v -49.00000000 202.50000000 597.50000000 0.41960784 0.23137255 0.19215686
v -48.00000000 202.50000000 597.50000000 0.53333333 0.32549020 0.29411765
v -47.00000000 202.50000000 597.50000000 0.56078431 0.33725490 0.30980392
v -46.00000000 202.50000000 597.50000000 0.58039216 0.34901961 0.32549020
v -45.00000000 203.00000000 598.25000000 0.64313725 0.39607843 0.36078431
v -44.00000000 203.00000000 598.75000000 0.67450980 0.42745098 0.36862745
v -43.00000000 203.00000000 599.00000000 0.72941176 0.48235294 0.42352941
v -42.00000000 203.25000000 600.00000000 0.77647059 0.52941176 0.46274510
v -41.00000000 204.00000000 602.25000000 0.79607843 0.55686275 0.48627451
v -40.00000000 204.25000000 603.25000000 0.80784314 0.56862745 0.49803922
v -39.00000000 205.75000000 606.75000000 0.83529412 0.59607843 0.52549020
v -38.00000000 206.75000000 609.75000000 0.85882353 0.62745098 0.56470588
v -37.00000000 208.00000000 613.75000000 0.53333333 0.29803922 0.25490196
v -35.75000000 210.00000000 619.75000000 0.50196078 0.23921569 0.20392157
v -61.00000000 204.25000000 601.00000000 0.18039216 0.15294118 0.12941176
v -60.25000000 204.50000000 601.75000000 0.23921569 0.19607843 0.17254902
v -58.75000000 205.00000000 602.75000000 0.32156863 0.24313725 0.20000000
v -55.00000000 204.25000000 601.25000000 0.41176471 0.25098039 0.22745098
v -54.25000000 204.25000000 601.25000000 0.42745098 0.27843137 0.24313725
v -54.00000000 204.00000000 600.25000000 0.43921569 0.29019608 0.25490196
v -53.00000000 204.00000000 599.75000000 0.43921569 0.29019608 0.25490196
v -52.00000000 203.75000000 598.75000000 0.46274510 0.30588235 0.27450980
v -52.00000000 203.50000000 598.50000000 0.45490196 0.29803922 0.26666667
v -51.00000000 203.00000000 597.75000000 0.42745098 0.25098039 0.22745098
v -50.00000000 203.00000000 597.50000000 0.46666667 0.27450980 0.24705882
v -49.00000000 203.00000000 597.50000000 0.45882353 0.27058824 0.23137255
v -48.00000000 203.00000000 596.50000000 0.53333333 0.32549020 0.29411765
v -47.00000000 203.00000000 596.50000000 0.60000000 0.37647059 0.34901961
v -46.00000000 203.00000000 596.75000000 0.65882353 0.41176471 0.38431373
v -45.00000000 203.25000000 597.50000000 0.68627451 0.43529412 0.40000000
v -44.25000000 203.25000000 597.50000000 0.70588235 0.44313725 0.40784314
v -44.00000000 203.25000000 597.75000000 0.71372549 0.46666667 0.40784314
v -43.00000000 203.25000000 598.00000000 0.72549020 0.47843137 0.41960784
v -43.00000000 203.75000000 599.00000000 0.74901961 0.50196078 0.43529412
v -41.50000000 204.00000000 600.50000000 0.78823529 0.54117647 0.47450980
v -40.00000000 205.00000000 603.00000000 0.81176471 0.57254902 0.50196078
v -39.00000000 206.25000000 607.25000000 0.84705882 0.60392157 0.54509804
v -38.00000000 207.00000000 609.00000000 0.84705882 0.61568627 0.55294118
v -38.00000000 207.75000000 611.25000000 0.84705882 0.61176471 0.56862745
v -37.00000000 208.50000000 613.25000000 0.56862745 0.33333333 0.29019608
v -35.50000000 210.75000000 619.25000000 0.49803922 0.23529412 0.20392157
v -60.00000000 205.00000000 601.25000000 0.25490196 0.21960784 0.19215686
v -59.00000000 205.00000000 601.75000000 0.29803922 0.24313725 0.20784314
v -58.00000000 205.00000000 601.75000000 0.35686275 0.25098039 0.21568627
v -57.00000000 205.00000000 601.50000000 0.37647059 0.25098039 0.20784314
v -56.50000000 205.00000000 601.50000000 0.40000000 0.26666667 0.22745098
v -56.00000000 205.00000000 601.25000000 0.40784314 0.27450980 0.23921569
v -55.00000000 205.00000000 601.25000000 0.41568627 0.27058824 0.23921569
v -53.00000000 204.25000000 599.25000000 0.43529412 0.27843137 0.24705882
v -52.00000000 204.00000000 597.75000000 0.46274510 0.29411765 0.25882353
v -51.00000000 204.00000000 597.75000000 0.43921569 0.27058824 0.23529412
v -49.00000000 203.50000000 596.50000000 0.45490196 0.29019608 0.23529412
v -48.00000000 203.50000000 596.50000000 0.52941176 0.32549020 0.27450980
v -47.00000000 203.50000000 596.50000000 0.60000000 0.37647059 0.33333333
v -46.00000000 203.50000000 596.50000000 0.67843137 0.42745098 0.38823529
v -45.00000000 203.50000000 596.75000000 0.70980392 0.45098039 0.40392157
v -44.25000000 204.00000000 597.25000000 0.72941176 0.46274510 0.41176471
v -42.00000000 204.00000000 598.50000000 0.78039216 0.53333333 0.46666667
v -41.00000000 204.50000000 599.50000000 0.79607843 0.54901961 0.47843137
v -40.00000000 205.25000000 602.25000000 0.80784314 0.56862745 0.49411765
v -39.00000000 206.00000000 605.00000000 0.81960784 0.59607843 0.52156863
v -38.00000000 207.50000000 608.50000000 0.84313725 0.62352941 0.56470588
v -37.00000000 208.75000000 612.25000000 0.60392157 0.37647059 0.32941176
v -36.75000000 209.75000000 614.50000000 0.42352941 0.19607843 0.15294118
v -35.00000000 211.00000000 618.75000000 0.47450980 0.24313725 0.21176471
v -60.00000000 205.25000000 600.25000000 0.18823529 0.16862745 0.15294118
v -60.00000000 205.50000000 600.75000000 0.25098039 0.20784314 0.18431373
v -56.25000000 206.00000000 601.25000000 0.40000000 0.27058824 0.23529412
v -55.00000000 205.75000000 600.75000000 0.40784314 0.26274510 0.22745098
v -54.00000000 205.25000000 600.25000000 0.41568627 0.27058824 0.23529412
v -54.00000000 205.00000000 599.75000000 0.43137255 0.27450980 0.24313725
v -53.00000000 205.00000000 599.00000000 0.43529412 0.27843137 0.23921569
v -52.00000000 204.75000000 597.75000000 0.47450980 0.30196078 0.26666667
v -51.00000000 204.25000000 597.25000000 0.45098039 0.27843137 0.24313725
v -50.00000000 204.00000000 596.25000000 0.47058824 0.28627451 0.24705882
v -49.00000000 204.00000000 595.75000000 0.49019608 0.30980392 0.25882353
v -48.00000000 204.00000000 595.50000000 0.54901961 0.33725490 0.29019608
v -45.00000000 204.00000000 596.25000000 0.70588235 0.44705882 0.40000000
v -44.00000000 204.00000000 596.25000000 0.71764706 0.45098039 0.40000000
v -43.00000000 204.00000000 596.75000000 0.73333333 0.47450980 0.41960784
v -43.00000000 204.50000000 597.50000000 0.76078431 0.50196078 0.43921569
v -41.00000000 205.00000000 598.75000000 0.79607843 0.54901961 0.47843137
v -37.75000000 208.50000000 609.25000000 0.85098039 0.63137255 0.58039216
v -36.00000000 209.75000000 613.50000000 0.42745098 0.20392157 0.16862745
v -59.00000000 206.00000000 600.50000000 0.30196078 0.23529412 0.20784314
v -58.00000000 206.00000000 600.75000000 0.31372549 0.23529412 0.20000000
v -57.00000000 206.00000000 600.50000000 0.37254902 0.25490196 0.21568627
v -56.00000000 206.00000000 600.25000000 0.40784314 0.27450980 0.23529412
v -55.00000000 206.00000000 600.25000000 0.41176471 0.26666667 0.23137255
v -53.00000000 205.75000000 598.75000000 0.44313725 0.28627451 0.24705882
v -52.00000000 205.25000000 598.25000000 0.46666667 0.29803922 0.26274510
v -52.00000000 205.00000000 597.25000000 0.49019608 0.31764706 0.27450980
v -51.00000000 205.00000000 597.25000000 0.47058824 0.29803922 0.25490196
v -49.50000000 204.50000000 595.50000000 0.48627451 0.29803922 0.25098039
v -49.00000000 204.25000000 595.25000000 0.52156863 0.32941176 0.27450980
v -48.00000000 204.25000000 595.25000000 0.55294118 0.34117647 0.29411765
v -47.75000000 204.25000000 595.00000000 0.58039216 0.35294118 0.30588235
v -47.00000000 204.00000000 594.75000000 0.62352941 0.38039216 0.33725490
v -46.00000000 204.00000000 594.75000000 0.67058824 0.40784314 0.37254902
v -46.00000000 204.50000000 595.50000000 0.69019608 0.42352941 0.38823529
v -45.00000000 204.50000000 595.50000000 0.70588235 0.43137255 0.38431373
v -44.00000000 204.75000000 595.75000000 0.71372549 0.43921569 0.39215686
v -42.75000000 205.00000000 596.75000000 0.74509804 0.48627451 0.42352941
v -42.00000000 205.00000000 597.75000000 0.78039216 0.52156863 0.45882353
v -41.00000000 205.75000000 598.75000000 0.79215686 0.54509804 0.47450980
v -40.00000000 206.00000000 600.75000000 0.80784314 0.56862745 0.49803922
v -39.00000000 207.00000000 603.75000000 0.81568627 0.59215686 0.52549020
v -38.75000000 207.75000000 604.75000000 0.82745098 0.60000000 0.54509804
v -38.00000000 208.00000000 606.50000000 0.82745098 0.60784314 0.55686275
v -37.00000000 209.50000000 610.50000000 0.72941176 0.50588235 0.46274510
v -36.00000000 210.00000000 612.75000000 0.45098039 0.22745098 0.19215686
v -35.00000000 211.75000000 617.00000000 0.42352941 0.21568627 0.19215686
v -59.25000000 206.00000000 599.25000000 0.23921569 0.19607843 0.18039216
v -55.00000000 206.75000000 599.75000000 0.40784314 0.26274510 0.22745098
v -54.00000000 206.00000000 598.75000000 0.43137255 0.28235294 0.23921569
v -51.50000000 205.50000000 596.75000000 0.46666667 0.30196078 0.25490196
v -51.00000000 205.50000000 596.50000000 0.45882353 0.28627451 0.24313725
v -50.00000000 205.00000000 595.50000000 0.45882353 0.27843137 0.22745098
v -49.50000000 205.00000000 595.50000000 0.50196078 0.31372549 0.26666667
v -47.75000000 204.75000000 594.75000000 0.61176471 0.37647059 0.33333333
v -47.00000000 204.75000000 594.75000000 0.63921569 0.38823529 0.34901961
v -46.00000000 204.75000000 594.75000000 0.66666667 0.40392157 0.36862745
v -43.00000000 205.00000000 595.75000000 0.72941176 0.45490196 0.40784314
v -42.75000000 205.75000000 596.75000000 0.74117647 0.47843137 0.41568627
v -41.00000000 206.00000000 597.75000000 0.78039216 0.53333333 0.46274510
v -39.00000000 207.75000000 602.75000000 0.81960784 0.58823529 0.52549020
v -38.25000000 208.00000000 604.25000000 0.83137255 0.59607843 0.55294118
v -37.00000000 209.00000000 607.50000000 0.85490196 0.62745098 0.58431373
v -36.00000000 210.75000000 611.75000000 0.47450980 0.25882353 0.23137255
v -36.00000000 211.25000000 614.00000000 0.42745098 0.21960784 0.18823529
v -35.00000000 212.00000000 616.25000000 0.39607843 0.20000000 0.17254902
v -61.00000000 206.00000000 597.75000000 0.08235294 0.06666667 0.07058824
v -60.00000000 206.00000000 598.00000000 0.14117647 0.10980392 0.10196078
v -59.00000000 206.75000000 598.75000000 0.23137255 0.18823529 0.18039216
v -58.00000000 207.00000000 599.00000000 0.32549020 0.24705882 0.21960784
v -57.00000000 207.00000000 599.50000000 0.36862745 0.25882353 0.21568627
v -56.00000000 207.00000000 599.25000000 0.39607843 0.27058824 0.22745098
v -54.00000000 206.75000000 598.75000000 0.42352941 0.27843137 0.24313725
v -53.00000000 206.00000000 597.75000000 0.43137255 0.27450980 0.23529412
v -52.00000000 206.00000000 596.75000000 0.43529412 0.27843137 0.23921569
v -51.50000000 206.00000000 596.50000000 0.45490196 0.29019608 0.24313725
v -51.00000000 205.75000000 595.75000000 0.45098039 0.27843137 0.23529412
v -50.00000000 205.50000000 595.50000000 0.45490196 0.28235294 0.23137255
v -49.00000000 205.00000000 595.00000000 0.51372549 0.32549020 0.27843137
v -48.00000000 205.00000000 594.25000000 0.57647059 0.36470588 0.31764706
v -47.25000000 205.00000000 594.25000000 0.61176471 0.38431373 0.34117647
v -47.00000000 205.00000000 594.00000000 0.62745098 0.38039216 0.34509804
v -46.00000000 205.00000000 594.00000000 0.63529412 0.38431373 0.34509804
v -45.00000000 205.00000000 594.50000000 0.69411765 0.42745098 0.37647059
v -44.00000000 205.00000000 595.00000000 0.71372549 0.43921569 0.39215686
v -43.00000000 205.50000000 595.50000000 0.72941176 0.45490196 0.40784314
v -42.00000000 205.75000000 595.75000000 0.73725490 0.47450980 0.41176471
v -41.00000000 206.50000000 597.50000000 0.78039216 0.52156863 0.45882353
v -40.00000000 207.00000000 599.75000000 0.78823529 0.54901961 0.47843137
v -40.00000000 207.75000000 600.75000000 0.80784314 0.56470588 0.50588235
v -38.00000000 208.25000000 603.25000000 0.82745098 0.59215686 0.54901961
v -37.00000000 209.75000000 606.75000000 0.85098039 0.62352941 0.58039216
v -35.00000000 212.25000000 615.00000000 0.37647059 0.18431373 0.16470588
v -60.75000000 206.75000000 597.00000000 0.08235294 0.06666667 0.07058824
v -59.00000000 207.00000000 598.00000000 0.22352941 0.18039216 0.17254902
v -57.00000000 207.50000000 599.50000000 0.37647059 0.25882353 0.22745098
v -56.00000000 207.50000000 599.50000000 0.38039216 0.24313725 0.21960784
v -56.00000000 207.25000000 599.25000000 0.39215686 0.25882353 0.21960784
v -55.00000000 207.00000000 599.00000000 0.41568627 0.27058824 0.23529412
v -54.00000000 207.00000000 598.50000000 0.43921569 0.28235294 0.25098039
v -53.00000000 207.00000000 597.50000000 0.43529412 0.27843137 0.23921569
v -52.00000000 206.75000000 596.75000000 0.44705882 0.27843137 0.24313725
v -51.00000000 206.00000000 595.50000000 0.44705882 0.27450980 0.23137255
v -50.00000000 206.00000000 595.00000000 0.44705882 0.26666667 0.21568627
v -47.00000000 205.75000000 593.75000000 0.62352941 0.38039216 0.33725490
v -43.00000000 206.00000000 595.00000000 0.73333333 0.45882353 0.41176471
v -42.00000000 206.00000000 595.50000000 0.73725490 0.47450980 0.41176471
v -41.00000000 206.75000000 596.75000000 0.78039216 0.52156863 0.45882353
v -40.00000000 207.50000000 598.50000000 0.79215686 0.54901961 0.49019608
v -36.00000000 211.00000000 609.75000000 0.55686275 0.33333333 0.30588235
v -35.00000000 212.75000000 614.00000000 0.36862745 0.17647059 0.16078431
v -60.00000000 207.00000000 596.50000000 0.11372549 0.07843137 0.08235294
v -59.00000000 207.50000000 597.50000000 0.20392157 0.15686275 0.15686275
v -59.00000000 207.75000000 597.75000000 0.29019608 0.21960784 0.21176471
v -57.75000000 208.00000000 598.75000000 0.34901961 0.23921569 0.22352941
v -56.00000000 208.00000000 599.00000000 0.37647059 0.23137255 0.20000000
v -55.75000000 208.00000000 598.75000000 0.36470588 0.21960784 0.18431373
v -53.50000000 207.50000000 597.50000000 0.43137255 0.25882353 0.22352941
v -53.00000000 207.50000000 597.50000000 0.43529412 0.26274510 0.21960784
v -52.00000000 207.00000000 596.00000000 0.45098039 0.26666667 0.22745098
v -51.00000000 206.75000000 594.75000000 0.44705882 0.26666667 0.21568627
v -50.00000000 206.75000000 594.75000000 0.41568627 0.23529412 0.17647059
v -49.00000000 206.00000000 594.00000000 0.42745098 0.23921569 0.18431373
v -48.00000000 206.00000000 593.75000000 0.48235294 0.27843137 0.22745098
v -47.00000000 206.00000000 593.00000000 0.64705882 0.40392157 0.36078431
v -46.00000000 206.00000000 593.00000000 0.65098039 0.38823529 0.35294118
v -45.25000000 206.00000000 593.25000000 0.64313725 0.37647059 0.34117647
v -45.00000000 206.00000000 593.50000000 0.68627451 0.41176471 0.37254902
v -44.00000000 206.00000000 593.75000000 0.70196078 0.42745098 0.38823529
v -43.00000000 206.25000000 594.25000000 0.72941176 0.45490196 0.40784314
v -42.00000000 206.50000000 594.50000000 0.73333333 0.47058824 0.40784314
v -41.00000000 207.00000000 596.50000000 0.78039216 0.52156863 0.45882353
v -39.00000000 208.00000000 599.00000000 0.80392157 0.56078431 0.50196078
v -37.00000000 210.00000000 604.75000000 0.83921569 0.60392157 0.56470588
v -34.75000000 213.75000000 614.75000000 0.28235294 0.09803922 0.07450980
v -59.00000000 208.00000000 596.50000000 0.18431373 0.14509804 0.14117647
v -58.00000000 208.00000000 597.75000000 0.32941176 0.24705882 0.23529412
v -57.00000000 208.00000000 598.00000000 0.35294118 0.23921569 0.22352941
v -57.00000000 208.50000000 598.50000000 0.37647059 0.24705882 0.22745098
v -56.00000000 208.50000000 598.50000000 0.36862745 0.21568627 0.18823529
v -55.50000000 208.50000000 598.25000000 0.34509804 0.19607843 0.16078431
v -55.00000000 208.00000000 597.75000000 0.38039216 0.21176471 0.17647059
v -54.00000000 208.00000000 597.75000000 0.40392157 0.23529412 0.20000000
v -53.50000000 208.00000000 597.50000000 0.43529412 0.25098039 0.21960784
v -53.00000000 208.00000000 596.50000000 0.43921569 0.25490196 0.21568627
v -52.00000000 207.75000000 595.75000000 0.45490196 0.26666667 0.22745098
v -51.00000000 207.00000000 594.75000000 0.45490196 0.26666667 0.21960784
v -50.00000000 207.00000000 594.00000000 0.40000000 0.21176471 0.15686275
v -49.00000000 207.00000000 593.75000000 0.49019608 0.29803922 0.23921569
v -47.00000000 206.75000000 592.75000000 0.63137255 0.38823529 0.33725490
v -43.00000000 207.00000000 593.75000000 0.72549020 0.45098039 0.40392157
v -42.00000000 207.00000000 594.25000000 0.72941176 0.46666667 0.40392157
v -41.00000000 207.50000000 595.50000000 0.78039216 0.52156863 0.45882353
v -40.00000000 208.00000000 597.50000000 0.78823529 0.54117647 0.48235294
v -39.00000000 208.25000000 598.25000000 0.80784314 0.56078431 0.50196078
v -38.00000000 209.00000000 600.50000000 0.83529412 0.59215686 0.54117647
v -37.00000000 210.75000000 603.75000000 0.83921569 0.59215686 0.55686275
v -36.00000000 211.75000000 607.25000000 0.68627451 0.47058824 0.44313725
v -35.75000000 212.75000000 609.50000000 0.31372549 0.12156863 0.10196078
v -60.00000000 208.00000000 595.50000000 0.09803922 0.06274510 0.07450980
v -59.00000000 208.25000000 596.25000000 0.16470588 0.11764706 0.12549020
v -58.75000000 208.75000000 596.75000000 0.28235294 0.20392157 0.20784314
v -56.00000000 209.00000000 597.75000000 0.34901961 0.21568627 0.17647059
v -55.00000000 209.00000000 597.75000000 0.32156863 0.19607843 0.14509804
v -55.00000000 208.75000000 597.25000000 0.34901961 0.21960784 0.16078431
v -54.00000000 208.75000000 597.25000000 0.39607843 0.24705882 0.19607843
v -53.00000000 208.75000000 596.75000000 0.41960784 0.25490196 0.20784314
v -53.00000000 208.25000000 596.25000000 0.43921569 0.25882353 0.20784314
v -52.00000000 208.00000000 595.25000000 0.46274510 0.26666667 0.22352941
v -49.00000000 207.25000000 593.25000000 0.54117647 0.31764706 0.27450980
v -48.00000000 207.00000000 592.75000000 0.56470588 0.33725490 0.29411765
v -47.00000000 207.00000000 592.00000000 0.63921569 0.39607843 0.35294118
v -46.00000000 207.00000000 592.00000000 0.63921569 0.38823529 0.34901961
v -45.00000000 207.00000000 592.25000000 0.65882353 0.39607843 0.36078431
v -44.00000000 207.00000000 592.75000000 0.69019608 0.42352941 0.38823529
v -43.75000000 207.00000000 592.75000000 0.70196078 0.42745098 0.38039216
v -43.00000000 207.25000000 593.25000000 0.72549020 0.45098039 0.40392157
v -42.00000000 207.50000000 593.50000000 0.74117647 0.47058824 0.41176471
v -41.00000000 208.00000000 595.00000000 0.78823529 0.51764706 0.45882353
v -40.75000000 208.00000000 595.75000000 0.80784314 0.53725490 0.47843137
v -40.00000000 208.75000000 596.75000000 0.79215686 0.53333333 0.47843137
v -38.00000000 209.75000000 599.75000000 0.83137255 0.58823529 0.53725490
v -37.00000000 210.50000000 602.50000000 0.82352941 0.59607843 0.54901961
v -36.75000000 211.50000000 604.25000000 0.85098039 0.63921569 0.59215686
v -35.50000000 212.75000000 608.25000000 0.29803922 0.10196078 0.06666667
v -34.00000000 214.00000000 612.50000000 0.23529412 0.05098039 0.01960784
v -58.00000000 209.00000000 596.00000000 0.25098039 0.18039216 0.18039216
v -57.00000000 209.00000000 597.00000000 0.34509804 0.23137255 0.20784314
v -57.00000000 209.50000000 597.50000000 0.37647059 0.24705882 0.21176471
v -56.00000000 209.50000000 597.50000000 0.36078431 0.21568627 0.18039216
v -55.00000000 209.50000000 597.25000000 0.36862745 0.21176471 0.16470588
v -54.00000000 209.25000000 597.00000000 0.39607843 0.23921569 0.19215686
v -53.00000000 209.00000000 596.00000000 0.43137255 0.25098039 0.20000000
v -52.00000000 209.00000000 595.25000000 0.45490196 0.25882353 0.21568627
v -51.00000000 208.75000000 594.75000000 0.47450980 0.27843137 0.23529412
v -51.00000000 208.00000000 594.00000000 0.48627451 0.28235294 0.23921569
v -50.00000000 208.00000000 594.00000000 0.40784314 0.20392157 0.15294118
v -49.00000000 208.00000000 593.25000000 0.56078431 0.34901961 0.30196078
v -48.00000000 208.00000000 592.75000000 0.58431373 0.36078431 0.31764706
v -43.50000000 208.00000000 592.50000000 0.68235294 0.40784314 0.36862745
v -43.00000000 208.00000000 592.75000000 0.69411765 0.41960784 0.38039216
v -42.00000000 208.00000000 593.25000000 0.71764706 0.44705882 0.38823529
v -41.00000000 208.50000000 594.50000000 0.78431373 0.51372549 0.45490196
v -39.00000000 209.00000000 596.75000000 0.81960784 0.56078431 0.50588235
v -39.00000000 209.75000000 597.75000000 0.80392157 0.55686275 0.49803922
v -38.00000000 210.00000000 599.25000000 0.81568627 0.57254902 0.52156863
v -36.50000000 211.50000000 603.25000000 0.84313725 0.61960784 0.57647059
v -60.00000000 209.00000000 594.25000000 0.09803922 0.07450980 0.08235294
v -59.00000000 209.00000000 595.00000000 0.10980392 0.07058824 0.07450980
v -58.00000000 209.75000000 595.75000000 0.23137255 0.16078431 0.16078431
v -56.00000000 210.00000000 597.00000000 0.33725490 0.19215686 0.15686275
v -55.00000000 210.00000000 596.50000000 0.35686275 0.18431373 0.14117647
v -54.00000000 210.00000000 596.50000000 0.37647059 0.20392157 0.16078431
v -53.00000000 209.75000000 596.00000000 0.40392157 0.21960784 0.18039216
v -52.00000000 209.25000000 595.00000000 0.45098039 0.26274510 0.21568627
v -45.00000000 208.00000000 591.25000000 0.59215686 0.32941176 0.29803922
v -44.00000000 208.00000000 591.50000000 0.62352941 0.35686275 0.32156863
v -43.25000000 208.25000000 591.75000000 0.65098039 0.37647059 0.33725490
v -42.00000000 208.25000000 592.25000000 0.68235294 0.41176471 0.35294118
v -40.00000000 209.25000000 595.25000000 0.79607843 0.53333333 0.47058824
v -38.00000000 210.25000000 598.25000000 0.80392157 0.55294118 0.50588235
v -35.00000000 213.50000000 606.25000000 0.38823529 0.20392157 0.17254902
v -34.00000000 214.75000000 610.50000000 0.18039216 0.01960784 0.00000000
v -60.00000000 209.25000000 594.25000000 0.09803922 0.07450980 0.08235294
v -59.00000000 209.25000000 594.25000000 0.09803922 0.05882353 0.05490196
v -57.00000000 210.00000000 596.00000000 0.33333333 0.22745098 0.19215686
v -57.00000000 210.50000000 596.50000000 0.32941176 0.20392157 0.16078431
v -55.00000000 210.50000000 596.50000000 0.32156863 0.15686275 0.10980392
v -54.00000000 210.25000000 596.25000000 0.35686275 0.17647059 0.12549020
v -53.00000000 210.00000000 595.25000000 0.43921569 0.25098039 0.20392157
v -52.00000000 209.75000000 595.00000000 0.45882353 0.26274510 0.21960784
v -51.00000000 209.25000000 594.25000000 0.46666667 0.27058824 0.22745098
v -51.00000000 209.00000000 593.50000000 0.47058824 0.27450980 0.23137255
v -50.00000000 209.00000000 593.00000000 0.43137255 0.24313725 0.19607843
v -48.00000000 208.50000000 591.50000000 0.51764706 0.31372549 0.27058824
v -47.00000000 208.50000000 591.50000000 0.51764706 0.30588235 0.25882353
v -47.00000000 208.00000000 591.00000000 0.55294118 0.32549020 0.28235294
v -46.00000000 208.00000000 591.00000000 0.56078431 0.32549020 0.28627451
v -45.00000000 208.25000000 591.25000000 0.59215686 0.32941176 0.29411765
v -44.00000000 208.25000000 591.25000000 0.60000000 0.33333333 0.29803922
v -43.00000000 208.25000000 591.25000000 0.62745098 0.35294118 0.31372549
v -42.00000000 208.75000000 591.75000000 0.63529412 0.36078431 0.31372549
v -40.00000000 209.00000000 593.00000000 0.72549020 0.45490196 0.39607843
v -37.25000000 211.00000000 598.25000000 0.79607843 0.56470588 0.50980392
v -37.00000000 211.50000000 599.50000000 0.82352941 0.58823529 0.54509804
v -36.00000000 212.00000000 601.50000000 0.82745098 0.60000000 0.55686275
v -35.00000000 213.00000000 604.75000000 0.52941176 0.33725490 0.31764706
v -59.50000000 210.00000000 593.50000000 0.09803922 0.07450980 0.07450980
v -58.00000000 210.00000000 594.50000000 0.20000000 0.12941176 0.12156863
v -57.00000000 210.25000000 595.25000000 0.32941176 0.21568627 0.18431373
v -56.50000000 210.50000000 595.50000000 0.32941176 0.20392157 0.16078431
v -56.00000000 210.50000000 595.75000000 0.33725490 0.18823529 0.14509804
v -55.00000000 210.75000000 595.75000000 0.34509804 0.16078431 0.12156863
v -54.00000000 210.75000000 595.75000000 0.36862745 0.18431373 0.14509804
v -53.00000000 210.25000000 595.25000000 0.45490196 0.25098039 0.20784314
v -52.00000000 210.00000000 594.25000000 0.46274510 0.25098039 0.21176471
v -51.00000000 210.00000000 593.25000000 0.46274510 0.25098039 0.21176471
v -50.00000000 209.25000000 592.25000000 0.44313725 0.23921569 0.19607843
v -49.00000000 209.00000000 591.75000000 0.36862745 0.16470588 0.12156863
v -48.50000000 209.00000000 591.50000000 0.47450980 0.27058824 0.22745098
v -48.00000000 209.00000000 591.50000000 0.50196078 0.29803922 0.25490196
v -47.00000000 209.00000000 590.50000000 0.50196078 0.29019608 0.25098039
v -46.50000000 209.00000000 590.50000000 0.52156863 0.29803922 0.26274510
v -41.75000000 209.00000000 591.75000000 0.60392157 0.32156863 0.27450980
v -41.00000000 209.00000000 592.00000000 0.64313725 0.36078431 0.30588235
v -38.75000000 210.75000000 594.75000000 0.79607843 0.53725490 0.48235294
v -37.00000000 211.00000000 597.00000000 0.80000000 0.55686275 0.51372549
v -36.00000000 212.50000000 600.25000000 0.81568627 0.58823529 0.54509804
v -35.00000000 213.75000000 603.75000000 0.65490196 0.46274510 0.44313725
v -59.00000000 210.00000000 593.00000000 0.09019608 0.07450980 0.07058824
v -59.00000000 210.50000000 593.50000000 0.09803922 0.05882353 0.05490196
v -57.00000000 211.00000000 595.00000000 0.32156863 0.21568627 0.18039216
v -56.25000000 211.00000000 595.25000000 0.33333333 0.20784314 0.16470588
v -56.00000000 211.00000000 595.50000000 0.35294118 0.21176471 0.16470588
v -55.00000000 211.25000000 595.75000000 0.36470588 0.20000000 0.15294118
v -55.00000000 211.00000000 595.50000000 0.38039216 0.19607843 0.15686275
v -54.00000000 211.00000000 595.25000000 0.40392157 0.21568627 0.17647059
v -53.00000000 211.00000000 594.25000000 0.44705882 0.23137255 0.20392157
v -52.00000000 211.00000000 594.25000000 0.45490196 0.23137255 0.20392157
v -51.00000000 210.25000000 593.25000000 0.47058824 0.23921569 0.20784314
v -50.25000000 210.00000000 592.25000000 0.48235294 0.25098039 0.21960784
v -50.00000000 210.00000000 592.00000000 0.47058824 0.24705882 0.21176471
v -49.00000000 210.00000000 591.50000000 0.36078431 0.13725490 0.10196078
v -48.50000000 210.00000000 591.50000000 0.41568627 0.20392157 0.16470588
v -48.00000000 209.50000000 590.50000000 0.43921569 0.22745098 0.18823529
v -47.00000000 209.50000000 590.50000000 0.43529412 0.22352941 0.17647059
v -46.00000000 209.00000000 590.00000000 0.41960784 0.19607843 0.15294118
v -45.00000000 209.00000000 590.00000000 0.53333333 0.27058824 0.23529412
v -44.00000000 209.00000000 590.00000000 0.58039216 0.30588235 0.27450980
v -43.00000000 209.00000000 589.75000000 0.62352941 0.33725490 0.30196078
v -42.00000000 209.00000000 589.75000000 0.65490196 0.37254902 0.32549020
v -41.00000000 209.75000000 590.75000000 0.70196078 0.41960784 0.37254902
v -39.00000000 210.00000000 593.00000000 0.77647059 0.50196078 0.45490196
v -38.00000000 210.75000000 593.75000000 0.79215686 0.53333333 0.47843137
v -36.00000000 212.75000000 598.75000000 0.81960784 0.58431373 0.54509804
v -34.00000000 215.00000000 606.75000000 0.17647059 0.02745098 0.01568627
v -33.75000000 216.25000000 609.00000000 0.16862745 0.03921569 0.01960784
v -59.00000000 211.00000000 592.00000000 0.08627451 0.07058824 0.06666667
v -58.00000000 211.00000000 593.25000000 0.15686275 0.09803922 0.08627451
v -57.00000000 211.50000000 594.50000000 0.32549020 0.21960784 0.19215686
v -56.00000000 211.50000000 594.50000000 0.30980392 0.19215686 0.15294118
v -55.00000000 211.75000000 595.25000000 0.36862745 0.20392157 0.15686275
v -54.75000000 211.75000000 595.25000000 0.39215686 0.20392157 0.16470588
v -53.00000000 211.25000000 594.25000000 0.43529412 0.21960784 0.19215686
v -52.00000000 211.25000000 594.00000000 0.45882353 0.23529412 0.20784314
v -51.00000000 211.00000000 593.00000000 0.47450980 0.25098039 0.22352941
v -50.25000000 211.00000000 592.25000000 0.48627451 0.26274510 0.23529412
v -50.00000000 210.25000000 591.25000000 0.47450980 0.27058824 0.22745098
v -49.00000000 210.25000000 591.00000000 0.35294118 0.14901961 0.10588235
v -48.00000000 210.00000000 590.50000000 0.38039216 0.17647059 0.13333333
v -47.00000000 210.00000000 589.50000000 0.45490196 0.24313725 0.19607843
v -42.00000000 209.75000000 588.75000000 0.69803922 0.40784314 0.36470588
v -40.00000000 210.00000000 591.00000000 0.75686275 0.46666667 0.41568627
v -40.00000000 210.25000000 591.25000000 0.76470588 0.49411765 0.43529412
v -38.00000000 211.00000000 592.75000000 0.78823529 0.52941176 0.47450980
v -33.50000000 216.50000000 608.25000000 0.15686275 0.04313725 0.02745098
v -59.00000000 211.25000000 592.25000000 0.10196078 0.07058824 0.06274510
v -57.00000000 212.00000000 594.00000000 0.31764706 0.21960784 0.19215686
v -56.00000000 212.00000000 594.50000000 0.32941176 0.18431373 0.14901961
v -55.00000000 212.00000000 594.75000000 0.34509804 0.17647059 0.14117647
v -54.75000000 212.00000000 594.75000000 0.36470588 0.17254902 0.14509804
v -54.00000000 212.00000000 594.75000000 0.36470588 0.17254902 0.14509804
v -53.00000000 212.00000000 594.25000000 0.43529412 0.22745098 0.19607843
v -52.00000000 212.00000000 593.25000000 0.46274510 0.25490196 0.22352941
v -51.00000000 211.50000000 592.50000000 0.45882353 0.26274510 0.22745098
v -50.00000000 211.00000000 591.00000000 0.45098039 0.26274510 0.21568627
v -49.00000000 211.00000000 590.50000000 0.36470588 0.17647059 0.12941176
v -48.00000000 210.50000000 589.50000000 0.40000000 0.19607843 0.15294118
v -47.00000000 210.50000000 589.50000000 0.45098039 0.24705882 0.19607843
v -46.00000000 210.00000000 588.75000000 0.45490196 0.23137255 0.18823529
v -45.00000000 210.00000000 588.50000000 0.58823529 0.33725490 0.30196078
v -44.00000000 210.00000000 588.50000000 0.62745098 0.36078431 0.31764706
v -43.00000000 210.00000000 588.75000000 0.68235294 0.39215686 0.35686275
v -42.00000000 210.00000000 588.75000000 0.70196078 0.41176471 0.36862745
v -41.00000000 210.00000000 588.75000000 0.72156863 0.43137255 0.38823529
v -41.00000000 210.50000000 589.50000000 0.76078431 0.47058824 0.41960784
v -39.75000000 211.00000000 590.75000000 0.76862745 0.49803922 0.43921569
v -38.00000000 211.25000000 592.25000000 0.78431373 0.52549020 0.47058824
v -37.00000000 212.00000000 594.50000000 0.81176471 0.56862745 0.52549020
v -37.00000000 212.50000000 595.50000000 0.81960784 0.57647059 0.53333333
v -36.00000000 213.00000000 597.00000000 0.82352941 0.59607843 0.55294118
v -36.00000000 213.75000000 598.75000000 0.79607843 0.58039216 0.55294118
v -34.75000000 215.00000000 602.75000000 0.46666667 0.30980392 0.30980392
v -33.00000000 216.75000000 607.00000000 0.14117647 0.03137255 0.01960784
v -33.00000000 217.50000000 609.50000000 0.12156863 0.04705882 0.03137255
v -58.00000000 212.00000000 592.50000000 0.11372549 0.07058824 0.06274510
v -57.00000000 212.50000000 593.50000000 0.31764706 0.22745098 0.20392157
v -54.50000000 213.00000000 594.50000000 0.30980392 0.13725490 0.10196078
v -52.25000000 212.25000000 593.25000000 0.43529412 0.23921569 0.20392157
v -52.00000000 212.25000000 593.25000000 0.45490196 0.24705882 0.21568627
v -51.00000000 212.00000000 592.00000000 0.46274510 0.25490196 0.22352941
v -50.00000000 211.25000000 590.00000000 0.46666667 0.27058824 0.22745098
v -49.00000000 211.25000000 590.00000000 0.36078431 0.16470588 0.12156863
v -46.00000000 210.75000000 587.75000000 0.55294118 0.32549020 0.28235294
v -45.00000000 210.75000000 587.75000000 0.58431373 0.34901961 0.30980392
v -44.00000000 210.50000000 587.50000000 0.61568627 0.35294118 0.32156863
v -44.00000000 210.75000000 587.75000000 0.63137255 0.36078431 0.33333333
v -43.00000000 210.75000000 587.75000000 0.64705882 0.37254902 0.34117647
v -42.75000000 210.75000000 587.75000000 0.67450980 0.38823529 0.36078431
v -42.00000000 210.75000000 587.75000000 0.70196078 0.41960784 0.37254902
v -40.00000000 211.00000000 589.50000000 0.79215686 0.48627451 0.43921569
v -39.00000000 211.00000000 589.75000000 0.79215686 0.49411765 0.44313725
v -39.00000000 211.75000000 590.75000000 0.78431373 0.49411765 0.44313725
v -37.00000000 212.75000000 593.75000000 0.82745098 0.56862745 0.52156863
v -36.00000000 213.50000000 596.50000000 0.81960784 0.58431373 0.54117647
v -35.75000000 214.00000000 597.75000000 0.81568627 0.58039216 0.54117647
v -35.00000000 214.75000000 599.75000000 0.81176471 0.58823529 0.54509804
v -34.00000000 216.25000000 604.00000000 0.23137255 0.08627451 0.05490196
v -33.00000000 217.00000000 606.00000000 0.17647059 0.06666667 0.05098039
v -32.00000000 218.50000000 610.50000000 0.09019608 0.03529412 0.03529412
v -59.00000000 212.00000000 591.50000000 0.07843137 0.05490196 0.05490196
v -57.50000000 213.00000000 592.50000000 0.21568627 0.15686275 0.13725490
v -55.00000000 213.00000000 593.75000000 0.34509804 0.19607843 0.15294118
v -54.00000000 213.00000000 593.75000000 0.35294118 0.18039216 0.14509804
v -53.00000000 213.00000000 593.50000000 0.41568627 0.21960784 0.18431373
v -52.25000000 213.00000000 593.25000000 0.43137255 0.23529412 0.19215686
v -52.00000000 213.00000000 592.50000000 0.44705882 0.24313725 0.20000000
v -51.00000000 212.50000000 591.50000000 0.46274510 0.25490196 0.22352941
v -50.00000000 212.00000000 590.75000000 0.47843137 0.27058824 0.23921569
v -50.00000000 211.75000000 590.00000000 0.47450980 0.27843137 0.23529412
v -49.00000000 211.75000000 589.75000000 0.39215686 0.19607843 0.15294118
v -48.00000000 211.50000000 589.50000000 0.41176471 0.20784314 0.15686275
v -48.00000000 211.00000000 588.50000000 0.48627451 0.27450980 0.22745098
v -47.00000000 211.00000000 588.50000000 0.52941176 0.31764706 0.27058824
v -46.00000000 211.00000000 587.75000000 0.55686275 0.33333333 0.29019608
v -41.00000000 211.00000000 587.75000000 0.73333333 0.43137255 0.39215686
v -40.00000000 211.50000000 588.50000000 0.77647059 0.47058824 0.42352941
v -35.00000000 214.00000000 597.00000000 0.82745098 0.59215686 0.55294118
v -34.00000000 215.75000000 600.75000000 0.71372549 0.51764706 0.48235294
v -34.00000000 216.75000000 603.00000000 0.32156863 0.17647059 0.14509804
v -33.00000000 217.25000000 605.25000000 0.21176471 0.11372549 0.09411765
v -59.00000000 213.00000000 591.25000000 0.08235294 0.05882353 0.06666667
v -58.00000000 213.00000000 591.25000000 0.10588235 0.05882353 0.05882353
v -57.00000000 213.00000000 592.00000000 0.20392157 0.14509804 0.13333333
v -56.00000000 213.00000000 593.00000000 0.32156863 0.21568627 0.18823529
v -52.25000000 213.50000000 592.75000000 0.43137255 0.23529412 0.19215686
v -52.00000000 213.25000000 592.25000000 0.44313725 0.23921569 0.19607843
v -51.00000000 212.75000000 591.00000000 0.46274510 0.25882353 0.21568627
v -50.00000000 212.25000000 590.00000000 0.48235294 0.27843137 0.23529412
v -49.75000000 212.00000000 589.25000000 0.47058824 0.27450980 0.23137255
v -49.00000000 212.00000000 589.00000000 0.41568627 0.21960784 0.17647059
v -48.00000000 212.00000000 588.50000000 0.49411765 0.28235294 0.23529412
v -47.00000000 211.50000000 587.50000000 0.54117647 0.32941176 0.28235294
v -46.00000000 211.50000000 587.50000000 0.56862745 0.34117647 0.29803922
v -46.00000000 211.25000000 587.00000000 0.57254902 0.34509804 0.30196078
v -45.00000000 211.00000000 586.50000000 0.60392157 0.35686275 0.32156863
v -44.00000000 211.00000000 586.50000000 0.65882353 0.39215686 0.35686275
v -43.00000000 211.00000000 586.50000000 0.66274510 0.38823529 0.34901961
v -42.00000000 211.00000000 586.50000000 0.67058824 0.38431373 0.34901961
v -41.00000000 211.25000000 587.25000000 0.75294118 0.45490196 0.40392157
v -38.00000000 212.00000000 590.00000000 0.80784314 0.52549020 0.47058824
v -37.00000000 213.00000000 592.00000000 0.82745098 0.56862745 0.51372549
v -36.75000000 214.00000000 593.75000000 0.83137255 0.58039216 0.53333333
v -33.00000000 218.50000000 606.50000000 0.13725490 0.07843137 0.05882353
v -32.00000000 219.00000000 609.00000000 0.07843137 0.03921569 0.03529412
v -58.25000000 213.00000000 590.25000000 0.07843137 0.06274510 0.06666667
v -58.00000000 213.25000000 591.25000000 0.10196078 0.06274510 0.06666667
v -57.00000000 213.50000000 591.50000000 0.19607843 0.14117647 0.12941176
v -55.00000000 214.00000000 593.25000000 0.38431373 0.23529412 0.18431373
v -54.00000000 214.00000000 593.00000000 0.39607843 0.22352941 0.17254902
v -53.00000000 214.00000000 592.50000000 0.41176471 0.22352941 0.17647059
v -52.00000000 213.50000000 591.75000000 0.44705882 0.24313725 0.20000000
v -51.00000000 213.25000000 591.00000000 0.46274510 0.25882353 0.21568627
v -50.00000000 213.00000000 590.00000000 0.48235294 0.27843137 0.23529412
v -49.75000000 212.75000000 589.25000000 0.49019608 0.28627451 0.24313725
v -49.00000000 212.50000000 588.25000000 0.45098039 0.24705882 0.20392157
v -48.00000000 212.50000000 588.25000000 0.38431373 0.18039216 0.12941176
v -47.75000000 212.00000000 587.75000000 0.49803922 0.28627451 0.23921569
v -47.00000000 212.00000000 587.25000000 0.55686275 0.33333333 0.29019608
v -46.00000000 212.00000000 587.00000000 0.57647059 0.34117647 0.30196078
v -45.75000000 212.00000000 586.75000000 0.58823529 0.35294118 0.31372549
v -41.00000000 212.00000000 586.50000000 0.73333333 0.43529412 0.38431373
v -40.00000000 212.00000000 587.25000000 0.77647059 0.47058824 0.41960784
v -39.00000000 212.00000000 588.00000000 0.79607843 0.49019608 0.43921569
v -39.00000000 212.50000000 588.50000000 0.80392157 0.50588235 0.45098039
v -37.00000000 213.25000000 591.25000000 0.82745098 0.56078431 0.50980392
v -35.00000000 215.00000000 595.50000000 0.81176471 0.57647059 0.53333333
v -34.00000000 216.00000000 599.00000000 0.81568627 0.61960784 0.57647059
v -58.25000000 214.00000000 590.25000000 0.08235294 0.06666667 0.07058824
v -57.00000000 214.00000000 591.25000000 0.19215686 0.13725490 0.12549020
v -56.00000000 214.00000000 592.00000000 0.31372549 0.22352941 0.19215686
v -56.00000000 214.75000000 592.75000000 0.34509804 0.23529412 0.19215686
v -53.00000000 214.50000000 592.50000000 0.41176471 0.22352941 0.17647059
v -52.00000000 214.00000000 591.00000000 0.44705882 0.24313725 0.20000000
v -51.00000000 213.75000000 590.25000000 0.47058824 0.26666667 0.22352941
v -50.00000000 213.75000000 589.50000000 0.49019608 0.27843137 0.23921569
v -49.75000000 213.25000000 588.75000000 0.49019608 0.28627451 0.24313725
v -49.00000000 213.00000000 588.25000000 0.47058824 0.26666667 0.22352941
v -48.00000000 212.75000000 587.75000000 0.39607843 0.18431373 0.13725490
v -47.25000000 212.75000000 587.00000000 0.48627451 0.26274510 0.21960784
v -47.00000000 212.75000000 586.75000000 0.52941176 0.30196078 0.25882353
v -46.00000000 212.25000000 586.00000000 0.55294118 0.30588235 0.27058824
v -45.25000000 212.25000000 586.00000000 0.58431373 0.33725490 0.30196078
v -45.00000000 212.00000000 585.75000000 0.61176471 0.34901961 0.31764706
v -44.00000000 212.00000000 585.75000000 0.63529412 0.36078431 0.32941176
v -43.00000000 212.00000000 585.75000000 0.65098039 0.37647059 0.33725490
v -42.00000000 212.00000000 585.75000000 0.67843137 0.38823529 0.35294118
v -41.00000000 212.25000000 586.25000000 0.72941176 0.43137255 0.38039216
v -40.25000000 212.25000000 586.25000000 0.75294118 0.44705882 0.39607843
v -38.00000000 213.00000000 588.50000000 0.80784314 0.51764706 0.46666667
v -37.50000000 213.50000000 589.50000000 0.81176471 0.54117647 0.48235294
v -36.00000000 214.00000000 591.75000000 0.83529412 0.57647059 0.52156863
v -35.00000000 215.50000000 594.50000000 0.82745098 0.58431373 0.53333333
v -34.00000000 217.25000000 600.25000000 0.54901961 0.38039216 0.34509804
v -33.00000000 218.00000000 602.25000000 0.33725490 0.21960784 0.18823529
v -58.00000000 214.00000000 589.50000000 0.08627451 0.07058824 0.07450980
v -58.00000000 214.50000000 590.50000000 0.10588235 0.06666667 0.06274510
v -57.00000000 214.75000000 590.75000000 0.18823529 0.13333333 0.12156863
v -56.00000000 215.00000000 592.00000000 0.34901961 0.23921569 0.19607843
v -55.00000000 215.00000000 592.25000000 0.37254902 0.23137255 0.17647059
v -54.00000000 215.00000000 592.25000000 0.39215686 0.22745098 0.17254902
v -53.00000000 215.00000000 592.00000000 0.41568627 0.23529412 0.18431373
v -52.00000000 214.75000000 590.75000000 0.44705882 0.24313725 0.20000000
v -51.00000000 214.50000000 590.25000000 0.47058824 0.26666667 0.22352941
v -50.00000000 214.00000000 589.25000000 0.49411765 0.28235294 0.24313725
v -49.75000000 213.75000000 588.75000000 0.49411765 0.28235294 0.23529412
v -49.00000000 213.75000000 587.75000000 0.48627451 0.27450980 0.22745098
v -48.00000000 213.25000000 587.00000000 0.41568627 0.19215686 0.14901961
v -47.25000000 213.25000000 587.00000000 0.43921569 0.21176471 0.16862745
v -47.00000000 213.00000000 586.00000000 0.48627451 0.25098039 0.21176471
v -44.00000000 213.00000000 585.25000000 0.63921569 0.36470588 0.32549020
v -43.00000000 213.00000000 585.25000000 0.64313725 0.36862745 0.32156863
v -42.00000000 213.00000000 585.25000000 0.71764706 0.41960784 0.36862745
v -41.00000000 213.00000000 585.25000000 0.73333333 0.42745098 0.38039216
v -40.25000000 213.00000000 586.25000000 0.74901961 0.43921569 0.38823529
v -40.00000000 213.00000000 586.25000000 0.76470588 0.45490196 0.40392157
v -39.00000000 213.00000000 586.75000000 0.77254902 0.47058824 0.40784314
v -39.00000000 213.25000000 587.25000000 0.78823529 0.48627451 0.42352941
v -37.00000000 214.00000000 588.75000000 0.81568627 0.53333333 0.47843137
v -36.00000000 214.75000000 590.75000000 0.82745098 0.56862745 0.51372549
v -35.00000000 215.75000000 593.75000000 0.83529412 0.59215686 0.54117647
v -34.00000000 217.00000000 597.50000000 0.85490196 0.63137255 0.58823529
v -58.00000000 215.00000000 589.75000000 0.10980392 0.07058824 0.06666667
v -57.00000000 215.00000000 590.50000000 0.18039216 0.12549020 0.11372549
v -56.00000000 215.25000000 591.25000000 0.31372549 0.22352941 0.19215686
v -55.75000000 215.75000000 591.75000000 0.34901961 0.23921569 0.19607843
v -55.00000000 215.75000000 591.75000000 0.36470588 0.23529412 0.17647059
v -52.00000000 215.00000000 590.75000000 0.43529412 0.23921569 0.19607843
v -51.00000000 215.00000000 589.75000000 0.47058824 0.26666667 0.21568627
v -50.00000000 214.75000000 589.00000000 0.49803922 0.28627451 0.23921569
v -49.25000000 214.25000000 588.25000000 0.50980392 0.29803922 0.25098039
v -49.00000000 214.00000000 587.25000000 0.50980392 0.28627451 0.24313725
v -48.00000000 213.75000000 587.00000000 0.44705882 0.22352941 0.18039216
v -47.00000000 213.25000000 586.00000000 0.42745098 0.19215686 0.15294118
v -46.00000000 213.00000000 585.25000000 0.52941176 0.26666667 0.23529412
v -45.00000000 213.00000000 585.25000000 0.58431373 0.31764706 0.28235294
v -45.00000000 213.25000000 585.25000000 0.61960784 0.34509804 0.31372549
v -44.00000000 213.25000000 585.25000000 0.62745098 0.35294118 0.31372549
v -43.75000000 213.25000000 585.00000000 0.63529412 0.34901961 0.31372549
v -43.00000000 213.25000000 585.00000000 0.63529412 0.35294118 0.30588235
v -42.00000000 213.25000000 585.25000000 0.65882353 0.35686275 0.31764706
v -41.00000000 213.25000000 585.25000000 0.69411765 0.38823529 0.33725490
v -40.00000000 213.25000000 585.25000000 0.70588235 0.39607843 0.33725490
v -38.00000000 214.00000000 587.25000000 0.80000000 0.51372549 0.45490196
v -37.00000000 214.25000000 588.25000000 0.81960784 0.53725490 0.47843137
v -36.00000000 215.00000000 590.00000000 0.82745098 0.56862745 0.50588235
v -36.00000000 215.50000000 591.50000000 0.83529412 0.58823529 0.52941176
v -35.00000000 216.50000000 594.50000000 0.84705882 0.60392157 0.55294118
v -32.00000000 220.25000000 605.25000000 0.23921569 0.21960784 0.19607843
v -57.00000000 215.75000000 589.75000000 0.16862745 0.11372549 0.10196078
v -56.00000000 216.00000000 591.25000000 0.31372549 0.22352941 0.20000000
v -55.00000000 216.00000000 591.25000000 0.34509804 0.23137255 0.20000000
v -54.00000000 216.00000000 591.25000000 0.38039216 0.23137255 0.18039216
v -53.25000000 216.00000000 591.25000000 0.38039216 0.22352941 0.17647059
v -53.00000000 216.00000000 591.25000000 0.39215686 0.21960784 0.17647059
v -52.00000000 216.00000000 590.00000000 0.43137255 0.23529412 0.20000000
v -50.00000000 215.00000000 588.75000000 0.50588235 0.29411765 0.24705882
v -49.25000000 214.75000000 587.75000000 0.51764706 0.29411765 0.25098039
v -49.00000000 214.25000000 587.25000000 0.50980392 0.28627451 0.24313725
v -48.00000000 214.25000000 586.75000000 0.47058824 0.24313725 0.20000000
v -47.00000000 214.00000000 586.00000000 0.43921569 0.20392157 0.16470588
v -47.00000000 213.75000000 585.25000000 0.56470588 0.31764706 0.28235294
v -46.00000000 213.75000000 585.00000000 0.57647059 0.31372549 0.28235294
v -45.00000000 213.50000000 584.50000000 0.60392157 0.32941176 0.29803922
v -44.00000000 213.75000000 584.75000000 0.62352941 0.34901961 0.30980392
v -43.75000000 213.75000000 584.75000000 0.65098039 0.36470588 0.32941176
v -43.00000000 213.50000000 584.50000000 0.65098039 0.36862745 0.32156863
v -42.00000000 213.50000000 584.50000000 0.65882353 0.35686275 0.31764706
v -41.00000000 214.00000000 585.00000000 0.69411765 0.38823529 0.33725490
v -39.00000000 214.00000000 585.75000000 0.78431373 0.48235294 0.41960784
v -38.75000000 214.00000000 585.75000000 0.80000000 0.49803922 0.43529412
v -36.00000000 215.25000000 589.25000000 0.83921569 0.58039216 0.51764706
v -35.00000000 216.00000000 592.00000000 0.85098039 0.60784314 0.54901961
v -34.00000000 217.50000000 595.50000000 0.85882353 0.63137255 0.58431373
v -33.25000000 218.25000000 597.25000000 0.78431373 0.58823529 0.55294118
v -58.00000000 215.75000000 588.75000000 0.10196078 0.07058824 0.06274510
v -56.75000000 216.00000000 589.75000000 0.24705882 0.18823529 0.17647059
v -56.00000000 216.25000000 590.25000000 0.29411765 0.22745098 0.20000000
v -53.25000000 217.00000000 591.25000000 0.37254902 0.22745098 0.19215686
v -52.00000000 216.75000000 590.75000000 0.40784314 0.22352941 0.19215686
v -51.50000000 216.00000000 589.50000000 0.42745098 0.23137255 0.20392157
v -51.00000000 215.75000000 589.00000000 0.47058824 0.26666667 0.22352941
v -50.00000000 215.25000000 588.00000000 0.50980392 0.28627451 0.25098039
v -49.25000000 215.25000000 587.75000000 0.52156863 0.30196078 0.25098039
v -49.00000000 214.75000000 586.75000000 0.54509804 0.31764706 0.27058824
v -48.00000000 214.75000000 586.00000000 0.47450980 0.23921569 0.19607843
v -47.00000000 214.50000000 585.25000000 0.43529412 0.19215686 0.14901961
v -47.00000000 214.25000000 585.00000000 0.58823529 0.33725490 0.29019608
v -46.00000000 214.25000000 585.00000000 0.59607843 0.32941176 0.28627451
v -45.00000000 214.00000000 584.50000000 0.61960784 0.35686275 0.29411765
v -44.00000000 214.00000000 584.50000000 0.64705882 0.36470588 0.31764706
v -43.75000000 214.00000000 584.75000000 0.66274510 0.38039216 0.33333333
v -43.00000000 214.00000000 584.50000000 0.67450980 0.39215686 0.33725490
v -42.00000000 214.00000000 584.50000000 0.67450980 0.38823529 0.32156863
v -40.00000000 214.00000000 585.00000000 0.74509804 0.44705882 0.38431373
v -40.00000000 214.25000000 585.25000000 0.75294118 0.45490196 0.39215686
v -39.00000000 214.25000000 585.25000000 0.78431373 0.48627451 0.42352941
v -38.75000000 214.75000000 585.75000000 0.80784314 0.50980392 0.44705882
v -38.00000000 214.75000000 585.75000000 0.80784314 0.52549020 0.46666667
v -37.00000000 215.00000000 586.75000000 0.83529412 0.55294118 0.49411765
v -34.50000000 217.00000000 592.50000000 0.85098039 0.61568627 0.57647059
v -33.00000000 218.25000000 596.25000000 0.83921569 0.62745098 0.58823529
v -33.00000000 219.50000000 598.50000000 0.52941176 0.37254902 0.34117647
v -32.00000000 220.00000000 600.50000000 0.30980392 0.23921569 0.22352941
v -58.00000000 216.00000000 588.75000000 0.10588235 0.07450980 0.06666667
v -57.00000000 216.00000000 588.75000000 0.14901961 0.10588235 0.09803922
v -56.75000000 216.75000000 589.75000000 0.24313725 0.18431373 0.17254902
v -55.00000000 217.00000000 590.25000000 0.31372549 0.23529412 0.20784314
v -54.00000000 217.00000000 590.50000000 0.35294118 0.22352941 0.18823529
v -51.50000000 216.50000000 589.50000000 0.43137255 0.22352941 0.20000000
v -51.00000000 216.00000000 588.50000000 0.46666667 0.25098039 0.22352941
v -50.00000000 215.75000000 587.75000000 0.50588235 0.28235294 0.25490196
v -49.00000000 215.75000000 586.75000000 0.53725490 0.30980392 0.26666667
v -48.00000000 215.25000000 585.75000000 0.50588235 0.27058824 0.22745098
v -47.00000000 215.00000000 584.50000000 0.54901961 0.29803922 0.25098039
v -46.00000000 215.00000000 584.50000000 0.60000000 0.33333333 0.29019608
v -45.00000000 215.00000000 584.25000000 0.61176471 0.34509804 0.29411765
v -43.25000000 215.00000000 584.25000000 0.65490196 0.37254902 0.32549020
v -39.00000000 215.00000000 585.00000000 0.78039216 0.48235294 0.41960784
v -38.00000000 215.00000000 585.00000000 0.80392157 0.50588235 0.44313725
v -37.00000000 215.25000000 586.00000000 0.83921569 0.54901961 0.49803922
v -37.00000000 215.75000000 587.00000000 0.83137255 0.56078431 0.50196078
v -36.00000000 216.00000000 588.25000000 0.84705882 0.57254902 0.52549020
v -58.00000000 216.75000000 587.75000000 0.10196078 0.06666667 0.07058824
v -56.00000000 217.00000000 588.75000000 0.23529412 0.17647059 0.16470588
v -55.00000000 217.25000000 590.25000000 0.31372549 0.23529412 0.20784314
v -54.00000000 217.25000000 590.25000000 0.36078431 0.22745098 0.19215686
v -53.00000000 217.25000000 590.25000000 0.38039216 0.22745098 0.20000000
v -53.00000000 217.00000000 590.00000000 0.40392157 0.23529412 0.21176471
v -52.00000000 217.00000000 589.75000000 0.42352941 0.23137255 0.21176471
v -51.00000000 217.00000000 588.50000000 0.45490196 0.23921569 0.21176471
v -50.00000000 216.50000000 587.25000000 0.49803922 0.26666667 0.24313725
v -49.00000000 216.25000000 586.75000000 0.52549020 0.29803922 0.25490196
v -49.00000000 216.00000000 586.25000000 0.55294118 0.31764706 0.27843137
v -48.00000000 215.75000000 585.75000000 0.54509804 0.30196078 0.25882353
v -47.00000000 215.75000000 585.00000000 0.43137255 0.18039216 0.14117647
v -46.75000000 215.50000000 584.25000000 0.52156863 0.27058824 0.22352941
v -46.00000000 215.50000000 584.25000000 0.61568627 0.34901961 0.30588235
v -45.00000000 215.25000000 584.00000000 0.63921569 0.35686275 0.30980392
v -44.00000000 215.00000000 584.00000000 0.65490196 0.37254902 0.32549020
v -43.00000000 215.00000000 584.00000000 0.65882353 0.36862745 0.32549020
v -42.00000000 215.00000000 583.75000000 0.68627451 0.39607843 0.35294118
v -41.00000000 215.00000000 584.00000000 0.70980392 0.41176471 0.35686275
v -40.00000000 215.00000000 584.00000000 0.74117647 0.43921569 0.37647059
v -40.00000000 215.25000000 584.25000000 0.75294118 0.45098039 0.38823529
v -39.00000000 215.50000000 584.50000000 0.77254902 0.46666667 0.41568627
v -38.00000000 215.75000000 584.75000000 0.79607843 0.49019608 0.43921569
v -37.00000000 216.00000000 585.75000000 0.83921569 0.54901961 0.49803922
v -36.00000000 216.25000000 587.25000000 0.85098039 0.56862745 0.52156863
v -35.00000000 217.00000000 589.50000000 0.85490196 0.58823529 0.55294118
v -33.00000000 219.00000000 594.25000000 0.85098039 0.62745098 0.59215686
v -32.00000000 220.50000000 598.50000000 0.35294118 0.28235294 0.26666667
v -58.00000000 217.00000000 587.75000000 0.09411765 0.07058824 0.07058824
v -57.00000000 217.00000000 587.75000000 0.12941176 0.08235294 0.08235294
v -56.00000000 217.75000000 588.75000000 0.21960784 0.15686275 0.15686275
v -55.00000000 218.00000000 589.25000000 0.34117647 0.22745098 0.19607843
v -54.00000000 218.00000000 589.50000000 0.36470588 0.23137255 0.19607843
v -52.00000000 218.00000000 589.00000000 0.42745098 0.23529412 0.21568627
v -51.00000000 217.75000000 588.75000000 0.43529412 0.22745098 0.21176471
v -51.00000000 217.25000000 588.00000000 0.45098039 0.23529412 0.20784314
v -50.00000000 217.00000000 587.25000000 0.49019608 0.25882353 0.23529412
v -49.00000000 216.75000000 586.25000000 0.52156863 0.29019608 0.25882353
v -48.00000000 216.50000000 585.25000000 0.56078431 0.31764706 0.27450980
v -47.00000000 216.25000000 585.00000000 0.46666667 0.21568627 0.17647059
v -46.75000000 215.75000000 584.00000000 0.52156863 0.27058824 0.22352941
v -46.00000000 215.75000000 584.00000000 0.61568627 0.34901961 0.30588235
v -45.00000000 215.50000000 583.50000000 0.62352941 0.35686275 0.30588235
v -44.00000000 215.25000000 583.25000000 0.65098039 0.36862745 0.32156863
v -43.00000000 215.25000000 583.25000000 0.68627451 0.38431373 0.34509804
v -42.00000000 215.25000000 583.25000000 0.69019608 0.38823529 0.34901961
v -41.50000000 215.50000000 583.50000000 0.69019608 0.38431373 0.33333333
v -41.00000000 215.50000000 583.50000000 0.70588235 0.40000000 0.34901961
v -38.00000000 216.00000000 584.25000000 0.78431373 0.47843137 0.42745098
v -37.00000000 216.25000000 585.25000000 0.82745098 0.53725490 0.48627451
v -36.00000000 217.00000000 586.75000000 0.84313725 0.56078431 0.51372549
v -35.75000000 217.00000000 587.75000000 0.84313725 0.56862745 0.52941176
v -34.00000000 218.00000000 590.25000000 0.84705882 0.58431373 0.54901961
v -34.00000000 218.75000000 592.00000000 0.84313725 0.60000000 0.55686275
v -33.00000000 219.25000000 593.25000000 0.83529412 0.60784314 0.56470588
v -57.75000000 217.75000000 586.75000000 0.09803922 0.07450980 0.08235294
v -55.00000000 218.25000000 589.25000000 0.34901961 0.23529412 0.20392157
v -54.00000000 218.25000000 589.25000000 0.36470588 0.23137255 0.19607843
v -53.00000000 218.25000000 589.25000000 0.38431373 0.23529412 0.20000000
v -53.00000000 218.00000000 589.00000000 0.40392157 0.23529412 0.20784314
v -51.00000000 218.00000000 587.75000000 0.45882353 0.24313725 0.21568627
v -50.00000000 217.75000000 587.00000000 0.49411765 0.27058824 0.24313725
v -49.00000000 217.50000000 586.25000000 0.52156863 0.29411765 0.25098039
v -49.00000000 217.00000000 585.75000000 0.52941176 0.29411765 0.25490196
v -48.00000000 216.75000000 585.25000000 0.54117647 0.30588235 0.26274510
v -47.00000000 216.75000000 584.75000000 0.50980392 0.25882353 0.21960784
v -46.75000000 216.25000000 584.00000000 0.53333333 0.28235294 0.23529412
v -46.00000000 216.00000000 583.75000000 0.59607843 0.32941176 0.28627451
v -45.00000000 216.00000000 583.50000000 0.61960784 0.35294118 0.30196078
v -44.00000000 216.00000000 583.25000000 0.64705882 0.36470588 0.31764706
v -43.00000000 216.00000000 583.25000000 0.64705882 0.35686275 0.31372549
v -42.00000000 216.00000000 583.25000000 0.67058824 0.38039216 0.32941176
v -41.50000000 216.00000000 583.50000000 0.67058824 0.37254902 0.31764706
v -41.00000000 216.00000000 583.50000000 0.67843137 0.38039216 0.32549020
v -40.00000000 216.00000000 583.50000000 0.69803922 0.39607843 0.33333333
v -39.00000000 216.00000000 583.50000000 0.74509804 0.44313725 0.38039216
v -38.00000000 216.25000000 584.25000000 0.76862745 0.46666667 0.40392157
v -36.00000000 217.25000000 586.25000000 0.82745098 0.54509804 0.49803922
v -34.00000000 218.25000000 589.25000000 0.84313725 0.58431373 0.53725490
v -33.00000000 219.75000000 592.75000000 0.83137255 0.59607843 0.55294118
v -32.00000000 221.00000000 596.25000000 0.44313725 0.36862745 0.35294118
v -56.00000000 218.00000000 587.00000000 0.20000000 0.14509804 0.14117647
v -56.00000000 218.75000000 587.75000000 0.25882353 0.20000000 0.18823529
v -54.25000000 219.00000000 588.25000000 0.34509804 0.23137255 0.20000000
v -53.00000000 219.00000000 588.50000000 0.40392157 0.23529412 0.20784314
v -51.00000000 218.25000000 587.25000000 0.46666667 0.25098039 0.22352941
v -50.00000000 218.00000000 586.75000000 0.50196078 0.27843137 0.25098039
v -49.00000000 217.75000000 585.75000000 0.51372549 0.28235294 0.25098039
v -48.00000000 217.00000000 584.75000000 0.53333333 0.29803922 0.25490196
v -47.00000000 217.00000000 584.75000000 0.54901961 0.29803922 0.25882353
v -46.75000000 217.00000000 583.75000000 0.55686275 0.30588235 0.25882353
v -44.00000000 216.75000000 583.00000000 0.61960784 0.33725490 0.29019608
v -43.00000000 216.75000000 583.00000000 0.63529412 0.34509804 0.29411765
v -42.00000000 216.75000000 583.00000000 0.65490196 0.35686275 0.30588235
v -41.50000000 217.00000000 583.50000000 0.65882353 0.36078431 0.30588235
v -41.00000000 217.00000000 583.50000000 0.67843137 0.37254902 0.32156863
v -40.00000000 217.00000000 583.50000000 0.70588235 0.40392157 0.34117647
v -39.00000000 217.00000000 583.50000000 0.72549020 0.42352941 0.36078431
v -38.00000000 217.00000000 583.50000000 0.74901961 0.44705882 0.38431373
v -37.00000000 217.00000000 584.25000000 0.77647059 0.48627451 0.43529412
v -37.00000000 217.25000000 585.25000000 0.78431373 0.50196078 0.44705882
v -36.00000000 217.75000000 585.75000000 0.81176471 0.52941176 0.48235294
v -35.00000000 218.75000000 587.75000000 0.83529412 0.56078431 0.52156863
v -34.00000000 219.00000000 588.75000000 0.83529412 0.56862745 0.52549020
v -33.00000000 220.00000000 592.00000000 0.84705882 0.59607843 0.55686275
v -57.00000000 218.00000000 585.50000000 0.09803922 0.07450980 0.08235294
v -56.00000000 218.25000000 586.25000000 0.19215686 0.13725490 0.13333333
v -55.00000000 219.00000000 587.75000000 0.31372549 0.23529412 0.20784314
v -54.00000000 219.25000000 588.25000000 0.36470588 0.22745098 0.20392157
v -53.00000000 219.25000000 588.25000000 0.40000000 0.23137255 0.20392157
v -52.00000000 219.00000000 588.00000000 0.41176471 0.21960784 0.19215686
v -50.00000000 218.75000000 586.75000000 0.50196078 0.27058824 0.25490196
v -49.00000000 218.00000000 585.75000000 0.51372549 0.28235294 0.25098039
v -48.00000000 218.00000000 584.75000000 0.55294118 0.30980392 0.26666667
v -46.75000000 217.75000000 583.75000000 0.57647059 0.31764706 0.27058824
v -46.00000000 217.00000000 583.00000000 0.59215686 0.31764706 0.27843137
v -45.00000000 217.00000000 582.75000000 0.60392157 0.31764706 0.28235294
v -44.00000000 217.00000000 582.75000000 0.60000000 0.30980392 0.27450980
v -43.00000000 217.25000000 583.00000000 0.62352941 0.32156863 0.28235294
v -42.00000000 217.25000000 583.00000000 0.64705882 0.34509804 0.30588235
v -41.25000000 217.25000000 583.00000000 0.66666667 0.36078431 0.30980392
v -41.00000000 217.50000000 583.50000000 0.68235294 0.37647059 0.32549020
v -40.00000000 217.50000000 583.50000000 0.70588235 0.39607843 0.34509804
v -39.00000000 217.50000000 583.50000000 0.70980392 0.40392157 0.35294118
v -38.00000000 217.50000000 583.50000000 0.74117647 0.44313725 0.39215686
v -36.00000000 218.00000000 585.25000000 0.79607843 0.51372549 0.46666667
v -35.00000000 218.00000000 585.75000000 0.80784314 0.53333333 0.49411765
v -34.00000000 219.25000000 588.00000000 0.83137255 0.55686275 0.51764706
v -33.00000000 220.25000000 591.00000000 0.85098039 0.59215686 0.54509804
v -32.00000000 221.25000000 594.25000000 0.60784314 0.50980392 0.49019608
v -56.00000000 219.00000000 586.25000000 0.18823529 0.13333333 0.12941176
v -55.00000000 219.25000000 587.25000000 0.30980392 0.23137255 0.20392157
v -54.00000000 219.00000000 587.00000000 0.35294118 0.23921569 0.21568627
v -54.00000000 219.50000000 587.50000000 0.37254902 0.23529412 0.21176471
v -53.00000000 219.50000000 587.50000000 0.38431373 0.23137255 0.20392157
v -52.75000000 219.75000000 587.75000000 0.39215686 0.22352941 0.20000000
v -52.00000000 219.50000000 587.50000000 0.41568627 0.22352941 0.20392157
v -51.00000000 219.50000000 587.50000000 0.43921569 0.23137255 0.21568627
v -51.00000000 219.00000000 586.75000000 0.47058824 0.24313725 0.22745098
v -50.00000000 219.00000000 586.75000000 0.49803922 0.26666667 0.25098039
v -49.00000000 219.00000000 585.75000000 0.51372549 0.27843137 0.24705882
v -48.75000000 218.75000000 585.50000000 0.54901961 0.30196078 0.27450980
v -48.00000000 218.75000000 584.75000000 0.56078431 0.31764706 0.27450980
v -47.00000000 218.00000000 583.75000000 0.57254902 0.30980392 0.27450980
v -46.75000000 218.00000000 583.75000000 0.57254902 0.31372549 0.26666667
v -46.00000000 218.00000000 583.00000000 0.60784314 0.33333333 0.29411765
v -45.00000000 218.00000000 582.75000000 0.62745098 0.33725490 0.30196078
v -44.00000000 218.00000000 582.75000000 0.62745098 0.33725490 0.30196078
v -43.00000000 218.00000000 582.25000000 0.63921569 0.33725490 0.30588235
v -42.00000000 217.75000000 582.25000000 0.66274510 0.35686275 0.31764706
v -41.00000000 218.00000000 582.50000000 0.67450980 0.36078431 0.31764706
v -40.00000000 218.00000000 582.50000000 0.68235294 0.37254902 0.32156863
v -39.00000000 218.00000000 582.75000000 0.70588235 0.39607843 0.34509804
v -38.00000000 218.00000000 582.75000000 0.71764706 0.40784314 0.35686275
v -37.00000000 218.00000000 583.25000000 0.76470588 0.46274510 0.42352941
v -37.00000000 218.25000000 584.25000000 0.76470588 0.47450980 0.43137255
v -36.00000000 218.75000000 584.75000000 0.79607843 0.50588235 0.47058824
v -34.00000000 219.50000000 587.50000000 0.83529412 0.56078431 0.52156863
v -33.00000000 220.75000000 590.00000000 0.84705882 0.58823529 0.54117647
v -57.00000000 219.00000000 584.50000000 0.09803922 0.07450980 0.07450980
v -56.00000000 219.25000000 585.25000000 0.19607843 0.13333333 0.13725490
v -55.00000000 220.00000000 586.75000000 0.31372549 0.21960784 0.21960784
v -54.00000000 220.00000000 587.00000000 0.35294118 0.23529412 0.20392157
v -53.00000000 220.00000000 587.25000000 0.38039216 0.23529412 0.20392157
v -52.25000000 220.00000000 587.25000000 0.40392157 0.23529412 0.21176471
v -52.00000000 220.00000000 587.50000000 0.41568627 0.23137255 0.20784314
v -51.00000000 220.00000000 587.25000000 0.43529412 0.22745098 0.21176471
v -50.75000000 220.00000000 586.75000000 0.45882353 0.24313725 0.21568627
v -50.00000000 219.75000000 585.75000000 0.49019608 0.25882353 0.23529412
v -49.00000000 219.75000000 585.75000000 0.49803922 0.27058824 0.22745098
v -48.75000000 219.00000000 584.75000000 0.52156863 0.27450980 0.23921569
v -48.00000000 219.00000000 584.75000000 0.53333333 0.28235294 0.24313725
v -47.00000000 219.00000000 583.75000000 0.55686275 0.29019608 0.25490196
v -46.75000000 219.00000000 583.75000000 0.57647059 0.30196078 0.26274510
v -45.00000000 218.75000000 582.75000000 0.61568627 0.32549020 0.28235294
v -44.00000000 218.75000000 582.75000000 0.62352941 0.33725490 0.27843137
v -43.00000000 218.25000000 582.25000000 0.63137255 0.34509804 0.28627451
v -42.00000000 218.50000000 582.25000000 0.64313725 0.34509804 0.29019608
v -41.00000000 218.50000000 582.50000000 0.65882353 0.35294118 0.30196078
v -40.00000000 218.50000000 582.50000000 0.67450980 0.36078431 0.31764706
v -39.00000000 218.75000000 582.75000000 0.70196078 0.38823529 0.35294118
v -38.00000000 218.75000000 582.75000000 0.70980392 0.39607843 0.36078431
v -37.00000000 219.00000000 583.25000000 0.76470588 0.45882353 0.41960784
v -36.75000000 219.00000000 583.75000000 0.76862745 0.46666667 0.42745098
v -36.00000000 219.00000000 584.75000000 0.81176471 0.50980392 0.47058824
v -35.00000000 219.00000000 585.00000000 0.83137255 0.54117647 0.50588235
v -35.00000000 219.75000000 585.75000000 0.81176471 0.53725490 0.49803922
v -34.00000000 220.00000000 586.50000000 0.81568627 0.56470588 0.52549020
v -32.75000000 221.75000000 590.75000000 0.81568627 0.56862745 0.54117647
v -57.00000000 219.25000000 584.00000000 0.09803922 0.07450980 0.08235294
v -56.00000000 219.75000000 585.00000000 0.19215686 0.12941176 0.13333333
v -54.00000000 220.25000000 586.25000000 0.33725490 0.22352941 0.20000000
v -54.00000000 220.50000000 586.50000000 0.36078431 0.23137255 0.20392157
v -53.00000000 220.50000000 586.75000000 0.38431373 0.23921569 0.21568627
v -52.00000000 220.75000000 586.75000000 0.41568627 0.23137255 0.20784314
v -51.00000000 220.50000000 586.50000000 0.43529412 0.22745098 0.21176471
v -50.50000000 220.50000000 586.50000000 0.45882353 0.24313725 0.22352941
v -50.00000000 220.00000000 585.75000000 0.49803922 0.26666667 0.25098039
v -49.00000000 220.00000000 585.25000000 0.51372549 0.28235294 0.25098039
v -48.75000000 220.00000000 584.75000000 0.53725490 0.29019608 0.26274510
v -48.00000000 220.00000000 584.50000000 0.55686275 0.30588235 0.26666667
v -47.00000000 219.50000000 583.50000000 0.58039216 0.31372549 0.27843137
v -46.50000000 219.50000000 583.50000000 0.59215686 0.31764706 0.27843137
v -46.00000000 219.00000000 583.00000000 0.60392157 0.31372549 0.27843137
v -45.00000000 219.00000000 582.25000000 0.62352941 0.32156863 0.28235294
v -44.00000000 219.00000000 582.25000000 0.61568627 0.32549020 0.27450980
v -43.00000000 219.00000000 582.25000000 0.63137255 0.33333333 0.28235294
v -42.00000000 218.75000000 582.00000000 0.63529412 0.33725490 0.28627451
v -41.00000000 219.00000000 582.50000000 0.65098039 0.34509804 0.29803922
v -40.00000000 219.00000000 582.50000000 0.68235294 0.36862745 0.33333333
v -39.00000000 219.00000000 582.75000000 0.70196078 0.38823529 0.36078431
v -38.00000000 219.00000000 582.75000000 0.72549020 0.41176471 0.38431373
v -38.00000000 219.25000000 583.25000000 0.75294118 0.44313725 0.41568627
v -37.00000000 219.25000000 583.25000000 0.78431373 0.47450980 0.44705882
v -36.75000000 219.75000000 583.75000000 0.78823529 0.48627451 0.45490196
v -36.00000000 219.75000000 583.75000000 0.81960784 0.51764706 0.48627451
v -34.00000000 220.25000000 586.25000000 0.82745098 0.57647059 0.53725490
v -33.00000000 221.00000000 588.50000000 0.84705882 0.59607843 0.56078431
v -32.00000000 221.75000000 589.75000000 0.82745098 0.58039216 0.55294118
v -31.00000000 223.00000000 593.75000000 0.54117647 0.39215686 0.38823529
v -56.75000000 220.00000000 584.00000000 0.11764706 0.07843137 0.07450980
v -56.00000000 220.00000000 584.25000000 0.18431373 0.12941176 0.12941176
v -55.25000000 220.25000000 585.00000000 0.25882353 0.18823529 0.18823529
v -55.00000000 220.25000000 585.50000000 0.30588235 0.21176471 0.21176471
v -54.00000000 220.75000000 586.00000000 0.32941176 0.21960784 0.20392157
v -53.00000000 221.00000000 586.50000000 0.38431373 0.23921569 0.21568627
v -52.00000000 221.00000000 586.50000000 0.41176471 0.23921569 0.22745098
v -50.50000000 221.00000000 586.50000000 0.45882353 0.24313725 0.22352941
v -49.00000000 220.75000000 585.00000000 0.50980392 0.27450980 0.24313725
v -48.75000000 220.75000000 584.75000000 0.52941176 0.27450980 0.25098039
v -48.00000000 220.25000000 584.25000000 0.54509804 0.29411765 0.25490196
v -47.00000000 220.00000000 583.50000000 0.57254902 0.30588235 0.27058824
v -46.50000000 220.00000000 583.50000000 0.57647059 0.30196078 0.26274510
v -45.00000000 219.25000000 582.25000000 0.60392157 0.30196078 0.26274510
v -44.00000000 219.25000000 582.25000000 0.61568627 0.31372549 0.27450980
v -43.00000000 219.25000000 582.25000000 0.62352941 0.32156863 0.28235294
v -42.00000000 219.25000000 582.00000000 0.62745098 0.32156863 0.28235294
v -41.00000000 219.25000000 582.00000000 0.63921569 0.32549020 0.29019608
v -41.00000000 219.50000000 582.50000000 0.65882353 0.34509804 0.30980392
v -40.00000000 219.50000000 582.50000000 0.68235294 0.35686275 0.33333333
v -39.00000000 219.75000000 582.75000000 0.71372549 0.38823529 0.37254902
v -38.00000000 219.75000000 582.75000000 0.74901961 0.42352941 0.40784314
v -37.00000000 220.00000000 583.25000000 0.78823529 0.47843137 0.45882353
v -36.50000000 220.00000000 583.50000000 0.80392157 0.50196078 0.47843137
v -36.00000000 220.00000000 583.75000000 0.82352941 0.52156863 0.49803922
v -35.00000000 220.00000000 584.00000000 0.81960784 0.52549020 0.50588235
v -34.00000000 221.00000000 585.50000000 0.82352941 0.57254902 0.53725490
v -33.50000000 221.00000000 586.50000000 0.82352941 0.57254902 0.53725490
v -33.00000000 221.75000000 587.75000000 0.84313725 0.59215686 0.55686275
v -32.00000000 222.00000000 589.00000000 0.83529412 0.58823529 0.56078431
v -56.25000000 220.25000000 583.00000000 0.11372549 0.08235294 0.07450980
v -56.00000000 220.75000000 584.00000000 0.17254902 0.11764706 0.11764706
v -54.00000000 221.00000000 585.00000000 0.32941176 0.21960784 0.20392157
v -54.00000000 221.25000000 585.75000000 0.34901961 0.21960784 0.20000000
v -53.00000000 221.25000000 585.75000000 0.38039216 0.23137255 0.21960784
v -52.00000000 221.25000000 586.00000000 0.41176471 0.23921569 0.23529412
v -51.00000000 221.00000000 585.75000000 0.43529412 0.22352941 0.21568627
v -50.00000000 221.00000000 584.50000000 0.49019608 0.25098039 0.23921569
v -49.00000000 221.00000000 584.50000000 0.50588235 0.27058824 0.23921569
v -48.00000000 220.75000000 583.75000000 0.53333333 0.28235294 0.24313725
v -47.00000000 220.25000000 583.25000000 0.56078431 0.29411765 0.25882353
v -46.25000000 220.25000000 583.25000000 0.56862745 0.29411765 0.25490196
v -46.00000000 220.00000000 582.75000000 0.57647059 0.28627451 0.25098039
v -45.00000000 220.00000000 582.25000000 0.60000000 0.29803922 0.25882353
v -44.00000000 220.00000000 582.25000000 0.61568627 0.31372549 0.27450980
v -43.00000000 220.00000000 582.25000000 0.63137255 0.32941176 0.29019608
v -42.00000000 220.00000000 582.00000000 0.62352941 0.31764706 0.27843137
v -41.00000000 220.00000000 582.00000000 0.63529412 0.32156863 0.29411765
v -40.00000000 220.00000000 582.75000000 0.70588235 0.38039216 0.35686275
v -39.00000000 220.00000000 582.75000000 0.72156863 0.39607843 0.38039216
v -38.00000000 220.00000000 583.00000000 0.76078431 0.43529412 0.41960784
v -37.00000000 220.50000000 583.50000000 0.78823529 0.47058824 0.45490196
v -36.50000000 220.50000000 583.50000000 0.81176471 0.50588235 0.49019608
v -36.00000000 221.00000000 584.25000000 0.83137255 0.52549020 0.50980392
v -35.00000000 221.00000000 584.25000000 0.81568627 0.52156863 0.50196078
v -34.00000000 221.25000000 585.25000000 0.82745098 0.55686275 0.52941176
v -33.25000000 222.00000000 586.25000000 0.83529412 0.57254902 0.54117647
v -32.00000000 222.75000000 588.75000000 0.83137255 0.58039216 0.54509804
v -31.00000000 223.75000000 592.00000000 0.67058824 0.48627451 0.46274510
v -56.25000000 221.00000000 583.00000000 0.11372549 0.08235294 0.07450980
v -56.00000000 221.00000000 583.00000000 0.14901961 0.10196078 0.10196078
v -55.00000000 221.00000000 583.75000000 0.23137255 0.16862745 0.16862745
v -55.00000000 221.25000000 584.00000000 0.29019608 0.20784314 0.20392157
v -54.00000000 221.75000000 584.75000000 0.32941176 0.21960784 0.20392157
v -53.75000000 221.75000000 585.00000000 0.34901961 0.21960784 0.20000000
v -53.00000000 221.75000000 585.25000000 0.37647059 0.23137255 0.20784314
v -52.00000000 222.00000000 585.50000000 0.40392157 0.23137255 0.21960784
v -51.00000000 222.00000000 585.50000000 0.43137255 0.21960784 0.21176471
v -50.00000000 221.50000000 584.50000000 0.49019608 0.25098039 0.23921569
v -49.00000000 221.50000000 584.50000000 0.50196078 0.26666667 0.23529412
v -48.00000000 221.00000000 583.75000000 0.51764706 0.26274510 0.23921569
v -47.00000000 221.00000000 583.25000000 0.55686275 0.29019608 0.25490196
v -46.25000000 221.00000000 583.25000000 0.56470588 0.29019608 0.24313725
v -46.00000000 221.00000000 582.75000000 0.57647059 0.28627451 0.24313725
v -45.00000000 221.00000000 582.25000000 0.59607843 0.29411765 0.25490196
v -44.00000000 221.00000000 582.25000000 0.61176471 0.30980392 0.27058824
v -43.00000000 221.00000000 582.25000000 0.64313725 0.33725490 0.29803922
v -42.00000000 220.75000000 582.00000000 0.63529412 0.32156863 0.28627451
v -41.00000000 220.75000000 582.00000000 0.64705882 0.33333333 0.30588235
v -40.00000000 220.75000000 582.50000000 0.69803922 0.37254902 0.34901961
v -40.00000000 221.00000000 582.75000000 0.71764706 0.39215686 0.36862745
v -39.00000000 221.00000000 582.75000000 0.72941176 0.40392157 0.38823529
v -38.00000000 221.00000000 583.00000000 0.76078431 0.43529412 0.41960784
v -37.00000000 221.00000000 583.50000000 0.79215686 0.47450980 0.45882353
v -36.50000000 221.00000000 583.50000000 0.81960784 0.50980392 0.49411765
v -36.00000000 221.25000000 584.25000000 0.84313725 0.53333333 0.51764706
v -35.00000000 221.25000000 584.25000000 0.83529412 0.52941176 0.51372549
v -35.00000000 221.75000000 584.75000000 0.83921569 0.54509804 0.52549020
v -33.00000000 222.00000000 586.00000000 0.85098039 0.58039216 0.55294118
v -33.00000000 222.75000000 586.75000000 0.85098039 0.58823529 0.55686275
v -32.00000000 223.00000000 587.75000000 0.82745098 0.58039216 0.54509804
v -32.00000000 223.50000000 589.50000000 0.82745098 0.59215686 0.55294118
v -31.00000000 224.00000000 591.25000000 0.73333333 0.53725490 0.50196078
v -31.00000000 224.75000000 593.00000000 0.43921569 0.29411765 0.27058824
v -56.00000000 221.25000000 582.00000000 0.10588235 0.07450980 0.06666667
v -55.00000000 221.75000000 583.00000000 0.21960784 0.15686275 0.15686275
v -54.00000000 222.00000000 583.75000000 0.32549020 0.21568627 0.20000000
v -53.50000000 222.00000000 584.25000000 0.34901961 0.21960784 0.20000000
v -53.00000000 222.00000000 584.50000000 0.37647059 0.23137255 0.20784314
v -52.00000000 222.25000000 585.00000000 0.40000000 0.22745098 0.21568627
v -51.00000000 222.25000000 584.75000000 0.42745098 0.21568627 0.20784314
v -50.00000000 222.25000000 584.75000000 0.45882353 0.23137255 0.21568627
v -50.00000000 222.00000000 584.25000000 0.49019608 0.25098039 0.23921569
v -49.00000000 222.00000000 584.25000000 0.50196078 0.26666667 0.23529412
v -48.00000000 222.00000000 583.75000000 0.53333333 0.28235294 0.24313725
v -47.00000000 222.00000000 583.25000000 0.55294118 0.28627451 0.25098039
v -46.25000000 222.00000000 583.25000000 0.55686275 0.28235294 0.24313725
v -46.00000000 221.75000000 582.75000000 0.57254902 0.28235294 0.24705882
v -45.00000000 221.25000000 582.25000000 0.60000000 0.29411765 0.25490196
v -44.00000000 221.25000000 582.25000000 0.60392157 0.30196078 0.26274510
v -43.00000000 221.25000000 582.00000000 0.64313725 0.33333333 0.30588235
v -42.00000000 221.25000000 582.00000000 0.63529412 0.32549020 0.29803922
v -41.00000000 221.25000000 582.00000000 0.65882353 0.34509804 0.31764706
v -41.00000000 221.50000000 582.50000000 0.68235294 0.36862745 0.34117647
v -40.00000000 221.50000000 582.50000000 0.72941176 0.40392157 0.38039216
v -39.00000000 221.75000000 582.75000000 0.73725490 0.41176471 0.39607843
v -38.00000000 221.75000000 583.00000000 0.75686275 0.43137255 0.41568627
v -38.00000000 222.00000000 583.25000000 0.76470588 0.44705882 0.43529412
v -37.00000000 222.00000000 583.75000000 0.78823529 0.47058824 0.45882353
v -36.75000000 222.00000000 583.75000000 0.80392157 0.49803922 0.48235294
v -36.00000000 222.00000000 584.25000000 0.83529412 0.52941176 0.51372549
v -35.00000000 222.00000000 584.25000000 0.83137255 0.53725490 0.51764706
v -34.00000000 222.00000000 585.00000000 0.83529412 0.54117647 0.52156863
v -32.00000000 223.75000000 587.75000000 0.83529412 0.58431373 0.54901961
v -31.00000000 224.50000000 590.50000000 0.79215686 0.58039216 0.54117647
v -56.00000000 221.75000000 581.75000000 0.09803922 0.06666667 0.05882353
v -53.00000000 222.75000000 583.75000000 0.35294118 0.21568627 0.20000000
v -52.00000000 222.75000000 584.25000000 0.40000000 0.22745098 0.21568627
v -51.00000000 223.00000000 584.75000000 0.42745098 0.21568627 0.20784314
v -48.00000000 222.25000000 583.25000000 0.55294118 0.30196078 0.26666667
v -47.00000000 222.25000000 583.25000000 0.56470588 0.29411765 0.26666667
v -46.25000000 222.25000000 583.00000000 0.57254902 0.29803922 0.25882353
v -46.00000000 222.00000000 582.75000000 0.59607843 0.30588235 0.27058824
v -45.00000000 222.00000000 582.25000000 0.61568627 0.30588235 0.27843137
v -44.00000000 222.00000000 582.25000000 0.60392157 0.31372549 0.27843137
v -43.00000000 222.00000000 582.25000000 0.63529412 0.34509804 0.30980392
v -42.00000000 221.75000000 582.00000000 0.64705882 0.34509804 0.32156863
v -41.00000000 221.75000000 582.00000000 0.67058824 0.36078431 0.34117647
v -41.00000000 222.00000000 582.50000000 0.69411765 0.38431373 0.36470588
v -40.00000000 222.00000000 582.50000000 0.71764706 0.40000000 0.38431373
v -39.00000000 222.00000000 582.75000000 0.74509804 0.42745098 0.41568627
v -38.00000000 222.25000000 583.00000000 0.75686275 0.43921569 0.42745098
v -37.00000000 222.75000000 583.75000000 0.79215686 0.47843137 0.47450980
v -36.00000000 223.00000000 584.25000000 0.82745098 0.53333333 0.52156863
v -35.00000000 223.00000000 584.25000000 0.83137255 0.54117647 0.52941176
v -34.00000000 223.00000000 585.00000000 0.81960784 0.52549020 0.50588235
v -33.00000000 223.00000000 586.00000000 0.83529412 0.54901961 0.52549020
v -33.00000000 223.50000000 586.50000000 0.83529412 0.57254902 0.54901961
v -32.00000000 224.00000000 587.00000000 0.83137255 0.58431373 0.55686275
v -32.00000000 224.50000000 588.50000000 0.83137255 0.59607843 0.55686275
v -31.00000000 225.00000000 590.00000000 0.82745098 0.60392157 0.56862745
v -30.00000000 226.00000000 593.50000000 0.36470588 0.27058824 0.25490196
v -57.00000000 222.00000000 580.75000000 0.09019608 0.07058824 0.08627451
v -56.00000000 222.00000000 580.75000000 0.10196078 0.06666667 0.07058824
v -55.00000000 222.00000000 581.75000000 0.19607843 0.13333333 0.13725490
v -54.75000000 222.50000000 582.25000000 0.27843137 0.19215686 0.20000000
v -54.00000000 222.75000000 582.75000000 0.32549020 0.21176471 0.19607843
v -52.00000000 223.00000000 583.75000000 0.39607843 0.22352941 0.21176471
v -51.75000000 223.25000000 584.00000000 0.41176471 0.22352941 0.20784314
v -51.00000000 223.25000000 583.75000000 0.43529412 0.22352941 0.21568627
v -50.00000000 223.00000000 583.75000000 0.50196078 0.25098039 0.25098039
v -49.00000000 223.00000000 583.75000000 0.51764706 0.27058824 0.25098039
v -48.00000000 223.00000000 583.75000000 0.54117647 0.28627451 0.27058824
v -48.00000000 222.75000000 583.00000000 0.56470588 0.30196078 0.27058824
v -47.00000000 222.75000000 583.00000000 0.57647059 0.30588235 0.27843137
v -46.25000000 222.50000000 582.75000000 0.58823529 0.31372549 0.28235294
v -46.00000000 222.50000000 582.75000000 0.61568627 0.32156863 0.29803922
v -45.00000000 222.50000000 582.50000000 0.62745098 0.32549020 0.29411765
v -44.00000000 222.25000000 582.25000000 0.61960784 0.32549020 0.30196078
v -43.00000000 222.25000000 582.25000000 0.65098039 0.36470588 0.33725490
v -42.00000000 222.25000000 582.00000000 0.67450980 0.38039216 0.36078431
v -41.00000000 222.25000000 582.00000000 0.69411765 0.38823529 0.37254902
v -41.00000000 222.50000000 582.50000000 0.71372549 0.40784314 0.39215686
v -40.00000000 222.50000000 582.50000000 0.73725490 0.42745098 0.41176471
v -39.00000000 222.75000000 582.75000000 0.76470588 0.45490196 0.43921569
v -38.00000000 222.75000000 583.00000000 0.77254902 0.45882353 0.45490196
v -38.00000000 223.00000000 583.50000000 0.78039216 0.47450980 0.46666667
v -37.00000000 223.00000000 583.75000000 0.80392157 0.49803922 0.49803922
v -36.00000000 223.25000000 584.25000000 0.83529412 0.54509804 0.54117647
v -35.00000000 223.25000000 584.25000000 0.82745098 0.54901961 0.54117647
v -34.00000000 224.00000000 585.00000000 0.81568627 0.52156863 0.50196078
v -33.00000000 224.00000000 586.00000000 0.83137255 0.54509804 0.52156863
v -31.00000000 225.50000000 589.50000000 0.83529412 0.61176471 0.57647059
v -54.75000000 223.00000000 581.75000000 0.27843137 0.18431373 0.18431373
v -54.00000000 223.00000000 582.25000000 0.33725490 0.22745098 0.21176471
v -53.00000000 223.00000000 582.50000000 0.35294118 0.22352941 0.20392157
v -53.00000000 223.50000000 583.50000000 0.36862745 0.21568627 0.19607843
v -52.00000000 223.50000000 583.50000000 0.40000000 0.22352941 0.20392157
v -51.50000000 223.50000000 583.50000000 0.42352941 0.23137255 0.21176471
v -51.00000000 223.50000000 583.50000000 0.44705882 0.21960784 0.20392157
v -50.00000000 223.50000000 583.50000000 0.46666667 0.23137255 0.20000000
v -50.00000000 223.25000000 583.25000000 0.51372549 0.25882353 0.23529412
v -49.00000000 223.25000000 583.25000000 0.53725490 0.27450980 0.24313725
v -48.00000000 223.25000000 583.00000000 0.57254902 0.30588235 0.27058824
v -47.00000000 223.25000000 583.00000000 0.58431373 0.31764706 0.28235294
v -46.25000000 223.25000000 582.75000000 0.60000000 0.32156863 0.29803922
v -46.00000000 223.25000000 582.75000000 0.61568627 0.32941176 0.30588235
v -45.00000000 223.25000000 582.75000000 0.61568627 0.32941176 0.30588235
v -44.00000000 223.00000000 582.50000000 0.63137255 0.33725490 0.31764706
v -43.00000000 223.00000000 582.50000000 0.65882353 0.36470588 0.34509804
v -42.00000000 223.00000000 582.50000000 0.67843137 0.38823529 0.37647059
v -41.00000000 223.00000000 582.50000000 0.70980392 0.43137255 0.41568627
v -40.00000000 223.00000000 582.50000000 0.76078431 0.48235294 0.46666667
v -39.00000000 223.00000000 582.75000000 0.76470588 0.48627451 0.47058824
v -38.00000000 223.25000000 583.25000000 0.74117647 0.46274510 0.44705882
v -38.00000000 223.50000000 583.50000000 0.76470588 0.47450980 0.47058824
v -37.00000000 224.00000000 584.00000000 0.80392157 0.50588235 0.50588235
v -36.25000000 224.00000000 584.25000000 0.82352941 0.52549020 0.52549020
v -35.00000000 224.00000000 585.00000000 0.81568627 0.50980392 0.50980392
v -32.00000000 225.00000000 586.50000000 0.83921569 0.55686275 0.56078431
v -31.00000000 226.50000000 590.50000000 0.60392157 0.38823529 0.36078431
v -30.00000000 227.00000000 592.50000000 0.40392157 0.28235294 0.26274510
v -56.00000000 222.75000000 579.75000000 0.08235294 0.06666667 0.07058824
v -55.75000000 222.75000000 580.25000000 0.09411765 0.05490196 0.05882353
v -55.00000000 223.00000000 580.75000000 0.15686275 0.09411765 0.09411765
v -54.25000000 223.25000000 581.00000000 0.26666667 0.18431373 0.18039216
v -53.00000000 224.00000000 582.50000000 0.34509804 0.21176471 0.20392157
v -52.00000000 224.00000000 583.00000000 0.40392157 0.23137255 0.21960784
v -51.25000000 224.00000000 583.00000000 0.43137255 0.23921569 0.21960784
v -51.00000000 224.00000000 583.00000000 0.44705882 0.23137255 0.21960784
v -50.00000000 224.00000000 582.75000000 0.50588235 0.25098039 0.23529412
v -49.00000000 224.00000000 582.75000000 0.51764706 0.26666667 0.23137255
v -48.00000000 224.00000000 583.00000000 0.58823529 0.32549020 0.29411765
v -47.00000000 224.00000000 582.50000000 0.59607843 0.33333333 0.30196078
v -46.25000000 224.00000000 582.50000000 0.60784314 0.33725490 0.30980392
v -46.00000000 224.00000000 582.50000000 0.61176471 0.33333333 0.30980392
v -45.00000000 224.00000000 582.50000000 0.62352941 0.34509804 0.32941176
v -44.00000000 224.00000000 582.75000000 0.65882353 0.36862745 0.35686275
v -43.00000000 224.00000000 582.50000000 0.71372549 0.43529412 0.41960784
v -42.00000000 224.00000000 582.50000000 0.72941176 0.45098039 0.43529412
v -41.00000000 224.00000000 582.50000000 0.74117647 0.46274510 0.44705882
v -40.00000000 224.00000000 582.50000000 0.75294118 0.47843137 0.47058824
v -39.50000000 224.00000000 582.50000000 0.76862745 0.49411765 0.48627451
v -39.00000000 224.00000000 582.50000000 0.75294118 0.47450980 0.46666667
v -38.00000000 224.00000000 583.25000000 0.76862745 0.49019608 0.48235294
v -36.00000000 224.00000000 584.00000000 0.78039216 0.48235294 0.48235294
v -36.00000000 224.50000000 584.50000000 0.82745098 0.52156863 0.52156863
v -34.00000000 225.00000000 585.00000000 0.78823529 0.50980392 0.50196078
v -33.00000000 225.00000000 585.00000000 0.80000000 0.52549020 0.51764706
v -32.00000000 225.50000000 586.50000000 0.83921569 0.55686275 0.56078431
v -31.00000000 226.00000000 588.75000000 0.87450980 0.61176471 0.58823529
v -56.00000000 223.00000000 579.00000000 0.08627451 0.07058824 0.07450980
v -55.50000000 223.00000000 579.25000000 0.09411765 0.05490196 0.05882353
v -55.00000000 223.50000000 580.25000000 0.12941176 0.08627451 0.07843137
v -54.00000000 223.50000000 580.25000000 0.24705882 0.17647059 0.16862745
v -54.00000000 223.75000000 581.00000000 0.31764706 0.21960784 0.20392157
v -52.00000000 224.25000000 582.25000000 0.41176471 0.23921569 0.23529412
v -51.00000000 224.25000000 582.25000000 0.43529412 0.24313725 0.22745098
v -50.00000000 224.25000000 582.25000000 0.47058824 0.23921569 0.22352941
v -49.25000000 224.25000000 582.25000000 0.50196078 0.25490196 0.23529412
v -49.00000000 224.25000000 582.25000000 0.52941176 0.28235294 0.25490196
v -48.00000000 224.50000000 582.25000000 0.55686275 0.30196078 0.27843137
v -48.00000000 224.25000000 582.25000000 0.57647059 0.32156863 0.29803922
v -47.00000000 224.25000000 582.25000000 0.60392157 0.34901961 0.32549020
v -46.00000000 224.25000000 582.25000000 0.62352941 0.36078431 0.33725490
v -45.00000000 224.50000000 582.50000000 0.63529412 0.36078431 0.35294118
v -44.50000000 224.50000000 582.50000000 0.65882353 0.38039216 0.37254902
v -44.00000000 224.50000000 582.50000000 0.67450980 0.39607843 0.38823529
v -43.00000000 224.50000000 582.50000000 0.70588235 0.43137255 0.42352941
v -42.00000000 224.50000000 582.50000000 0.72156863 0.44705882 0.43921569
v -41.00000000 224.50000000 582.50000000 0.72941176 0.45490196 0.44705882
v -40.00000000 224.50000000 582.50000000 0.74901961 0.48235294 0.47843137
v -39.50000000 224.50000000 582.50000000 0.75686275 0.49019608 0.48627451
v -39.00000000 224.50000000 582.50000000 0.74509804 0.47058824 0.47058824
v -37.00000000 225.00000000 583.50000000 0.81176471 0.51372549 0.52156863
v -36.00000000 225.00000000 584.00000000 0.78431373 0.48627451 0.49411765
v -35.00000000 225.00000000 584.75000000 0.78039216 0.47058824 0.48235294
v -34.00000000 226.00000000 585.25000000 0.78431373 0.50588235 0.49803922
v -33.00000000 226.00000000 585.25000000 0.80000000 0.52549020 0.51764706
v -32.00000000 226.00000000 586.50000000 0.83137255 0.54901961 0.55294118
v -32.00000000 226.75000000 587.75000000 0.83137255 0.55294118 0.53725490
v -31.00000000 227.00000000 588.75000000 0.86666667 0.60000000 0.58823529
v -31.00000000 227.25000000 590.25000000 0.65882353 0.44313725 0.41568627
v -30.00000000 228.00000000 591.75000000 0.39607843 0.27450980 0.26274510
v -55.50000000 223.75000000 579.25000000 0.09019608 0.05490196 0.05882353
v -54.00000000 224.00000000 579.75000000 0.22745098 0.16862745 0.15686275
v -53.00000000 224.25000000 581.25000000 0.34117647 0.21960784 0.21176471
v -53.00000000 224.50000000 581.75000000 0.37647059 0.22745098 0.21568627
v -52.00000000 224.50000000 581.75000000 0.41176471 0.23921569 0.23529412
v -51.00000000 224.75000000 582.00000000 0.43529412 0.24313725 0.22745098
v -49.00000000 225.00000000 581.75000000 0.54117647 0.29411765 0.27450980
v -48.00000000 225.00000000 582.00000000 0.58431373 0.32941176 0.30588235
v -47.00000000 225.00000000 582.00000000 0.62352941 0.36862745 0.34509804
v -46.00000000 225.00000000 581.75000000 0.62352941 0.35686275 0.34509804
v -45.00000000 225.00000000 582.25000000 0.63137255 0.35686275 0.34901961
v -44.25000000 225.00000000 582.25000000 0.67450980 0.40000000 0.39215686
v -44.00000000 225.00000000 582.25000000 0.66666667 0.39215686 0.39215686
v -43.00000000 225.00000000 582.25000000 0.65882353 0.39215686 0.38823529
v -42.00000000 225.00000000 582.00000000 0.67843137 0.41176471 0.40784314
v -41.00000000 225.00000000 581.50000000 0.67450980 0.40784314 0.40392157
v -40.00000000 225.00000000 582.00000000 0.73333333 0.47843137 0.47058824
v -39.25000000 225.00000000 582.25000000 0.73725490 0.48235294 0.47450980
v -39.00000000 225.00000000 582.50000000 0.72941176 0.46274510 0.45882353
v -38.00000000 225.00000000 582.50000000 0.71764706 0.44313725 0.44313725
v -37.00000000 225.25000000 583.25000000 0.79607843 0.50196078 0.51764706
v -36.00000000 226.00000000 584.00000000 0.80000000 0.50588235 0.52156863
v -35.00000000 226.00000000 584.75000000 0.74901961 0.45098039 0.46666667
v -34.00000000 226.25000000 585.25000000 0.78823529 0.50980392 0.50196078
v -33.00000000 226.25000000 585.25000000 0.80392157 0.52549020 0.51764706
v -32.00000000 227.00000000 586.50000000 0.83529412 0.54509804 0.54901961
v -31.00000000 228.00000000 589.00000000 0.85490196 0.59215686 0.56862745
v -30.00000000 228.75000000 591.75000000 0.39215686 0.27058824 0.25098039
v -55.00000000 224.00000000 578.50000000 0.09411765 0.07058824 0.07058824
v -55.00000000 224.50000000 579.25000000 0.10588235 0.08627451 0.07450980
v -54.00000000 224.50000000 579.50000000 0.20784314 0.15294118 0.14901961
v -54.00000000 224.75000000 580.00000000 0.29803922 0.20392157 0.19607843
v -53.00000000 225.00000000 580.50000000 0.34117647 0.21960784 0.21176471
v -52.00000000 225.00000000 581.50000000 0.41176471 0.23921569 0.23529412
v -51.00000000 225.00000000 581.25000000 0.45098039 0.23921569 0.23137255
v -50.00000000 225.00000000 581.25000000 0.48235294 0.25098039 0.23529412
v -49.00000000 225.50000000 581.25000000 0.52156863 0.28235294 0.27058824
v -48.00000000 225.50000000 581.25000000 0.57254902 0.32549020 0.30588235
v -47.00000000 225.50000000 581.50000000 0.61960784 0.36470588 0.34901961
v -46.00000000 225.50000000 581.50000000 0.58823529 0.32156863 0.30980392
v -42.00000000 225.50000000 581.50000000 0.67450980 0.41960784 0.41176471
v -41.00000000 225.50000000 581.50000000 0.70588235 0.45098039 0.44313725
v -40.00000000 225.75000000 581.75000000 0.73725490 0.48627451 0.48627451
v -39.00000000 225.75000000 581.75000000 0.74901961 0.49803922 0.49803922
v -37.00000000 226.00000000 583.00000000 0.71372549 0.43137255 0.44313725
v -35.00000000 226.75000000 584.75000000 0.73725490 0.44705882 0.45098039
v -33.00000000 227.00000000 585.25000000 0.79607843 0.51764706 0.50196078
v -32.00000000 227.25000000 586.25000000 0.84313725 0.55294118 0.54901961
v -30.00000000 229.00000000 591.25000000 0.40392157 0.28235294 0.26274510
v -55.00000000 224.75000000 578.25000000 0.09803922 0.08235294 0.07843137
v -54.00000000 225.00000000 579.00000000 0.18431373 0.12941176 0.12549020
v -53.75000000 225.00000000 579.25000000 0.27450980 0.19215686 0.18823529
v -53.00000000 225.50000000 580.25000000 0.32941176 0.21176471 0.21176471
v -52.50000000 225.50000000 580.50000000 0.36862745 0.23137255 0.22352941
v -52.00000000 225.50000000 580.75000000 0.39607843 0.23137255 0.23529412
v -51.00000000 225.75000000 581.25000000 0.43529412 0.24705882 0.23921569
v -50.00000000 225.75000000 581.25000000 0.49019608 0.26274510 0.25490196
v -49.00000000 225.75000000 581.25000000 0.53333333 0.29411765 0.29019608
v -49.00000000 226.00000000 581.75000000 0.53725490 0.29803922 0.27843137
v -48.00000000 226.00000000 581.75000000 0.57254902 0.32549020 0.30588235
v -47.00000000 226.00000000 581.50000000 0.56470588 0.30980392 0.29411765
v -46.00000000 226.00000000 582.00000000 0.56470588 0.29803922 0.28627451
v -45.00000000 226.00000000 582.00000000 0.62745098 0.35294118 0.35294118
v -44.00000000 226.00000000 582.00000000 0.65490196 0.38039216 0.38039216
v -43.00000000 226.25000000 582.25000000 0.63921569 0.38039216 0.38431373
v -43.00000000 226.00000000 582.00000000 0.67450980 0.41568627 0.41960784
v -37.00000000 226.50000000 582.50000000 0.70196078 0.42352941 0.43921569
v -35.00000000 227.00000000 584.00000000 0.80000000 0.50588235 0.52549020
v -34.00000000 227.00000000 585.00000000 0.74509804 0.47058824 0.47058824
v -33.00000000 227.25000000 585.25000000 0.78039216 0.50196078 0.49411765
v -32.00000000 228.00000000 586.25000000 0.84705882 0.54901961 0.54901961
v -31.00000000 229.00000000 588.75000000 0.84313725 0.58039216 0.55686275
v -30.00000000 230.00000000 591.25000000 0.43137255 0.30980392 0.29019608
v -54.00000000 225.50000000 578.25000000 0.15294118 0.10588235 0.10588235
v -53.75000000 225.75000000 579.00000000 0.26274510 0.18039216 0.17647059
v -53.00000000 225.75000000 579.25000000 0.32549020 0.20784314 0.21568627
v -52.25000000 226.00000000 580.00000000 0.36078431 0.22745098 0.22352941
v -52.00000000 226.00000000 580.25000000 0.39215686 0.22745098 0.23529412
v -51.00000000 226.25000000 581.00000000 0.42352941 0.24313725 0.24313725
v -50.00000000 226.25000000 581.00000000 0.47843137 0.25882353 0.25490196
v -49.00000000 226.25000000 581.00000000 0.52156863 0.28627451 0.28235294
v -49.00000000 226.75000000 581.75000000 0.53333333 0.30196078 0.28627451
v -48.00000000 226.75000000 581.75000000 0.52941176 0.29019608 0.27843137
v -47.00000000 226.50000000 581.50000000 0.52549020 0.27058824 0.26274510
v -45.00000000 227.00000000 582.00000000 0.61960784 0.35294118 0.35686275
v -44.00000000 227.00000000 582.00000000 0.63529412 0.37647059 0.38039216
v -42.00000000 226.00000000 581.00000000 0.68627451 0.43529412 0.43921569
v -41.00000000 226.00000000 580.50000000 0.72156863 0.47843137 0.48235294
v -40.00000000 226.00000000 580.50000000 0.75686275 0.51372549 0.51764706
v -39.00000000 226.00000000 580.50000000 0.78823529 0.54509804 0.54901961
v -38.00000000 226.00000000 581.00000000 0.79607843 0.54509804 0.54901961
v -38.00000000 226.50000000 581.50000000 0.74117647 0.48235294 0.49803922
v -37.00000000 226.75000000 581.75000000 0.74509804 0.47450980 0.49411765
v -35.00000000 227.50000000 583.50000000 0.78431373 0.49803922 0.52549020
v -33.00000000 228.00000000 584.75000000 0.78039216 0.49019608 0.48627451
v -32.00000000 228.25000000 586.25000000 0.84313725 0.54509804 0.55294118
v -31.00000000 229.75000000 588.75000000 0.85098039 0.58039216 0.56078431
v -30.00000000 230.25000000 591.25000000 0.45882353 0.32941176 0.30980392
v -55.00000000 225.50000000 577.25000000 0.09411765 0.07450980 0.06274510
v -54.00000000 225.75000000 577.75000000 0.14509804 0.09803922 0.09803922
v -53.25000000 225.75000000 578.00000000 0.25098039 0.17254902 0.16862745
v -53.00000000 226.25000000 579.00000000 0.31764706 0.20392157 0.21176471
v -52.00000000 226.50000000 579.50000000 0.35686275 0.23137255 0.23529412
v -51.00000000 227.00000000 580.25000000 0.42352941 0.24313725 0.25098039
v -50.00000000 227.00000000 581.00000000 0.46666667 0.24705882 0.24313725
v -49.00000000 227.00000000 581.00000000 0.49019608 0.26274510 0.25882353
v -48.00000000 227.00000000 581.75000000 0.48627451 0.24705882 0.24313725
v -47.00000000 227.00000000 581.50000000 0.53725490 0.28627451 0.27843137
v -46.00000000 227.00000000 581.50000000 0.56470588 0.30588235 0.30980392
v -43.00000000 227.00000000 581.25000000 0.68235294 0.43137255 0.43529412
v -42.00000000 227.00000000 580.75000000 0.69019608 0.43921569 0.44313725
v -40.00000000 226.75000000 580.00000000 0.76078431 0.51764706 0.52941176
v -37.50000000 227.00000000 580.50000000 0.72156863 0.46666667 0.48235294
v -36.00000000 227.00000000 581.75000000 0.71372549 0.44313725 0.46274510
v -35.00000000 227.75000000 582.75000000 0.71372549 0.43529412 0.46666667
v -32.00000000 229.00000000 586.25000000 0.84313725 0.54509804 0.55294118
v -32.00000000 229.25000000 587.25000000 0.84705882 0.55294118 0.54117647
v -31.00000000 230.00000000 588.75000000 0.85882353 0.58431373 0.57647059
v -30.75000000 230.75000000 589.75000000 0.68627451 0.45490196 0.43137255
v -30.00000000 231.00000000 591.25000000 0.45882353 0.32549020 0.31764706
v -55.00000000 226.00000000 577.25000000 0.10980392 0.07450980 0.07843137
v -54.00000000 226.00000000 577.25000000 0.14901961 0.08627451 0.09803922
v -53.25000000 226.25000000 578.00000000 0.24705882 0.14901961 0.16078431
v -53.00000000 226.50000000 578.25000000 0.30980392 0.18431373 0.20392157
v -52.00000000 226.75000000 579.00000000 0.36078431 0.22745098 0.23137255
v -50.00000000 227.50000000 580.50000000 0.43137255 0.23137255 0.22745098
v -49.00000000 227.50000000 580.50000000 0.45098039 0.23137255 0.23529412
v -49.00000000 227.75000000 581.00000000 0.45882353 0.22352941 0.22352941
v -48.00000000 227.75000000 581.00000000 0.48235294 0.23137255 0.23529412
v -48.00000000 228.00000000 581.25000000 0.52156863 0.26274510 0.26666667
v -47.00000000 228.00000000 581.25000000 0.55686275 0.29019608 0.29411765
v -46.00000000 228.00000000 581.50000000 0.57647059 0.31764706 0.32156863
v -45.00000000 228.00000000 581.75000000 0.59215686 0.34901961 0.35294118
v -44.00000000 228.00000000 581.50000000 0.61176471 0.36078431 0.36470588
v -43.00000000 228.00000000 581.25000000 0.65882353 0.40000000 0.41568627
v -42.75000000 227.75000000 581.00000000 0.69019608 0.43137255 0.44705882
v -42.00000000 227.25000000 580.25000000 0.70588235 0.44705882 0.46274510
v -41.00000000 227.25000000 580.25000000 0.72156863 0.46274510 0.47843137
v -41.00000000 227.00000000 579.50000000 0.73725490 0.47843137 0.49411765
v -40.00000000 227.00000000 579.50000000 0.74117647 0.48235294 0.49803922
v -38.00000000 227.00000000 579.75000000 0.74509804 0.47450980 0.49411765
v -37.00000000 227.00000000 579.75000000 0.72941176 0.45882353 0.47058824
v -34.25000000 228.00000000 582.25000000 0.66666667 0.38823529 0.40392157
v -34.00000000 228.00000000 583.00000000 0.70588235 0.42352941 0.42745098
v -33.00000000 228.50000000 583.50000000 0.76470588 0.49019608 0.49019608
v -32.00000000 229.50000000 585.50000000 0.82352941 0.55686275 0.54509804
v -31.00000000 230.75000000 588.75000000 0.85098039 0.56862745 0.58039216
v -30.75000000 231.00000000 589.75000000 0.66274510 0.41960784 0.43921569
v -30.00000000 231.75000000 591.00000000 0.43137255 0.28627451 0.31372549
v -54.75000000 226.75000000 576.50000000 0.10196078 0.07843137 0.08627451
v -54.00000000 226.75000000 577.00000000 0.12941176 0.08235294 0.09019608
v -53.00000000 227.00000000 577.50000000 0.21568627 0.12941176 0.14117647
v -52.00000000 227.00000000 578.25000000 0.35686275 0.22352941 0.22745098
v -52.00000000 227.25000000 579.25000000 0.39215686 0.23529412 0.23921569
v -51.00000000 227.25000000 579.25000000 0.41960784 0.24705882 0.25098039
v -48.00000000 228.25000000 581.00000000 0.43921569 0.20392157 0.20392157
v -47.75000000 228.25000000 581.00000000 0.46274510 0.22745098 0.22352941
v -47.00000000 228.25000000 581.25000000 0.49803922 0.25882353 0.25490196
v -46.00000000 228.25000000 581.25000000 0.52549020 0.28235294 0.28627451
v -46.00000000 228.50000000 581.50000000 0.55294118 0.30980392 0.31372549
v -45.00000000 228.25000000 581.25000000 0.59215686 0.33725490 0.35294118
v -44.00000000 228.25000000 581.25000000 0.63137255 0.37647059 0.39215686
v -42.25000000 228.00000000 580.25000000 0.68235294 0.42745098 0.44313725
v -42.00000000 227.75000000 580.00000000 0.68627451 0.43137255 0.44705882
v -41.00000000 227.75000000 579.75000000 0.69411765 0.43529412 0.45098039
v -41.00000000 227.50000000 579.50000000 0.69803922 0.43921569 0.45490196
v -40.00000000 227.25000000 579.25000000 0.69803922 0.43921569 0.44705882
v -39.00000000 227.25000000 579.00000000 0.71372549 0.45490196 0.46274510
v -39.00000000 227.00000000 579.00000000 0.74901961 0.47843137 0.49019608
v -38.00000000 227.25000000 579.25000000 0.73725490 0.46666667 0.47843137
v -37.00000000 227.50000000 579.50000000 0.73333333 0.46274510 0.47450980
v -37.00000000 227.75000000 579.75000000 0.74117647 0.47058824 0.48235294
v -35.00000000 228.00000000 581.00000000 0.74901961 0.47450980 0.48235294
v -33.00000000 229.00000000 583.50000000 0.75686275 0.48235294 0.48235294
v -32.00000000 230.50000000 586.50000000 0.84313725 0.56470588 0.55686275
v -31.00000000 231.00000000 588.25000000 0.85490196 0.57254902 0.58431373
v -30.75000000 231.75000000 589.75000000 0.63529412 0.39607843 0.41568627
v -30.00000000 232.25000000 591.00000000 0.41568627 0.27843137 0.30196078
v -53.00000000 227.25000000 577.00000000 0.17647059 0.10588235 0.10588235
v -52.00000000 227.75000000 578.00000000 0.33725490 0.21176471 0.21568627
v -51.00000000 228.00000000 579.25000000 0.42745098 0.23529412 0.24705882
v -50.25000000 228.00000000 579.25000000 0.44313725 0.22745098 0.23921569
v -50.00000000 228.00000000 579.75000000 0.43921569 0.22745098 0.22745098
v -49.00000000 228.00000000 579.75000000 0.43137255 0.21176471 0.21568627
v -49.00000000 228.50000000 580.50000000 0.43921569 0.21960784 0.21568627
v -48.00000000 228.75000000 580.75000000 0.42745098 0.20784314 0.20392157
v -47.75000000 228.75000000 580.75000000 0.42745098 0.21568627 0.20784314
v -47.00000000 228.50000000 580.50000000 0.45490196 0.23529412 0.23137255
v -44.00000000 228.50000000 580.50000000 0.56078431 0.30588235 0.32156863
v -43.00000000 228.25000000 580.25000000 0.61568627 0.36078431 0.37647059
v -42.25000000 228.25000000 580.25000000 0.64313725 0.38823529 0.40392157
v -42.00000000 228.00000000 579.25000000 0.65098039 0.39607843 0.41176471
v -41.00000000 228.00000000 579.25000000 0.65882353 0.40784314 0.41176471
v -40.75000000 228.00000000 578.75000000 0.65882353 0.40784314 0.41176471
v -36.00000000 228.00000000 579.75000000 0.75686275 0.49019608 0.49411765
v -35.00000000 228.75000000 580.75000000 0.75686275 0.48235294 0.49019608
v -33.00000000 229.50000000 582.50000000 0.75294118 0.47450980 0.46666667
v -32.00000000 230.00000000 584.50000000 0.83529412 0.57254902 0.54901961
v -31.00000000 231.75000000 588.25000000 0.83921569 0.57254902 0.57647059
v -30.50000000 232.00000000 589.50000000 0.60392157 0.37254902 0.38823529
v -30.00000000 232.50000000 590.75000000 0.40392157 0.27843137 0.29803922
v -54.50000000 227.00000000 575.50000000 0.10588235 0.08627451 0.10196078
v -54.00000000 227.00000000 575.50000000 0.11764706 0.07450980 0.09019608
v -53.00000000 227.50000000 576.50000000 0.14117647 0.07843137 0.07843137
v -53.00000000 227.75000000 577.25000000 0.24313725 0.14901961 0.14901961
v -52.00000000 228.00000000 577.50000000 0.32549020 0.20784314 0.20784314
v -50.25000000 229.00000000 579.25000000 0.42745098 0.22352941 0.23921569
v -49.00000000 229.00000000 579.75000000 0.43921569 0.22745098 0.21960784
v -48.00000000 229.00000000 580.75000000 0.43137255 0.21960784 0.21176471
v -47.75000000 229.00000000 580.75000000 0.43137255 0.21960784 0.21176471
v -47.00000000 229.00000000 580.50000000 0.45098039 0.23137255 0.22745098
v -46.00000000 229.00000000 580.50000000 0.46274510 0.24313725 0.24705882
v -45.00000000 229.00000000 580.75000000 0.51372549 0.27058824 0.28235294
v -44.00000000 229.00000000 580.50000000 0.54509804 0.29019608 0.30588235
v -43.00000000 229.00000000 580.25000000 0.56862745 0.32549020 0.33725490
v -41.00000000 228.75000000 578.75000000 0.63921569 0.38431373 0.40000000
v -40.75000000 228.75000000 578.75000000 0.65098039 0.39607843 0.41176471
v -40.00000000 228.00000000 578.00000000 0.66666667 0.40784314 0.41568627
v -37.00000000 228.50000000 578.50000000 0.76470588 0.49803922 0.50196078
v -34.00000000 229.00000000 580.75000000 0.70588235 0.42352941 0.42745098
v -34.00000000 229.50000000 581.50000000 0.70196078 0.42352941 0.41568627
v -33.00000000 230.50000000 583.50000000 0.81176471 0.54117647 0.51372549
v -31.00000000 232.00000000 587.50000000 0.81960784 0.56862745 0.56862745
v -30.50000000 232.75000000 589.25000000 0.57647059 0.37254902 0.38039216
v -30.00000000 233.25000000 590.75000000 0.39607843 0.29411765 0.30588235
v -53.00000000 228.00000000 575.75000000 0.13333333 0.07058824 0.07058824
v -52.00000000 228.25000000 577.25000000 0.31372549 0.20392157 0.20000000
v -52.00000000 228.50000000 577.50000000 0.37647059 0.23529412 0.24313725
v -50.00000000 229.00000000 579.00000000 0.41960784 0.21960784 0.21568627
v -49.00000000 229.25000000 579.25000000 0.41960784 0.20784314 0.20784314
v -44.00000000 229.75000000 579.75000000 0.56078431 0.30588235 0.32941176
v -44.00000000 229.50000000 579.50000000 0.56470588 0.30980392 0.32549020
v -43.00000000 229.50000000 579.50000000 0.58039216 0.32549020 0.34117647
v -42.00000000 229.25000000 579.25000000 0.61176471 0.35686275 0.37254902
v -42.00000000 229.00000000 578.50000000 0.63137255 0.37647059 0.39215686
v -40.00000000 228.75000000 577.75000000 0.68627451 0.42745098 0.43529412
v -39.00000000 228.00000000 577.00000000 0.73333333 0.46274510 0.47450980
v -38.00000000 228.00000000 577.00000000 0.76862745 0.49803922 0.50980392
v -37.00000000 228.00000000 577.00000000 0.80000000 0.52549020 0.53333333
v -36.00000000 229.00000000 578.00000000 0.79607843 0.52156863 0.52941176
v -33.00000000 230.00000000 582.00000000 0.76862745 0.47843137 0.47450980
v -33.00000000 230.75000000 582.75000000 0.81568627 0.53725490 0.51372549
v -32.00000000 231.00000000 584.00000000 0.83137255 0.56078431 0.54117647
v -31.00000000 232.50000000 587.50000000 0.80000000 0.56078431 0.55686275
v -30.00000000 233.00000000 588.75000000 0.54901961 0.36862745 0.36862745
v -54.00000000 228.00000000 574.50000000 0.10980392 0.08627451 0.09411765
v -53.00000000 228.25000000 575.25000000 0.13333333 0.07843137 0.07843137
v -53.00000000 228.75000000 575.75000000 0.21176471 0.13333333 0.13725490
v -51.00000000 229.00000000 578.00000000 0.37647059 0.23529412 0.23529412
v -48.00000000 230.00000000 580.00000000 0.44313725 0.21568627 0.21176471
v -47.00000000 230.00000000 580.00000000 0.46666667 0.23137255 0.23921569
v -46.00000000 230.00000000 580.00000000 0.50196078 0.25882353 0.27058824
v -46.00000000 230.25000000 580.25000000 0.50980392 0.26666667 0.27843137
v -45.00000000 230.00000000 579.75000000 0.54117647 0.28627451 0.30980392
v -42.00000000 229.50000000 578.50000000 0.64705882 0.38823529 0.40392157
v -41.00000000 229.00000000 577.50000000 0.66274510 0.39215686 0.40392157
v -40.00000000 229.00000000 576.75000000 0.71372549 0.44313725 0.45490196
v -38.50000000 229.00000000 576.50000000 0.74901961 0.47450980 0.48235294
v -35.00000000 229.00000000 578.00000000 0.82352941 0.54117647 0.55294118
v -34.00000000 230.00000000 579.00000000 0.76078431 0.46666667 0.48235294
v -33.00000000 231.00000000 581.00000000 0.77647059 0.47843137 0.47843137
v -32.00000000 231.75000000 583.75000000 0.82745098 0.55686275 0.53725490
v -32.00000000 232.50000000 585.50000000 0.83529412 0.58039216 0.56470588
v -31.00000000 233.00000000 586.50000000 0.77254902 0.54509804 0.53725490
v -30.00000000 233.50000000 588.50000000 0.50980392 0.34901961 0.34117647
v -30.00000000 234.50000000 590.50000000 0.35294118 0.28235294 0.28235294
v -53.00000000 228.50000000 574.50000000 0.12156863 0.08235294 0.07843137
v -52.00000000 229.00000000 575.50000000 0.25882353 0.18039216 0.17647059
v -51.50000000 229.50000000 576.50000000 0.32549020 0.22352941 0.22745098
v -50.00000000 230.00000000 578.00000000 0.38823529 0.21568627 0.21176471
v -49.00000000 230.00000000 578.25000000 0.40000000 0.20392157 0.20784314
v -48.00000000 230.25000000 579.25000000 0.44313725 0.21568627 0.21176471
v -47.00000000 230.25000000 579.25000000 0.46666667 0.23529412 0.24313725
v -47.00000000 230.50000000 579.50000000 0.48627451 0.25098039 0.25882353
v -46.00000000 230.75000000 579.75000000 0.50588235 0.26274510 0.27450980
v -45.50000000 230.50000000 579.50000000 0.52549020 0.27058824 0.28627451
v -45.00000000 230.25000000 579.25000000 0.55294118 0.29803922 0.31372549
v -44.00000000 230.00000000 578.75000000 0.59215686 0.32156863 0.33333333
v -43.00000000 230.00000000 578.50000000 0.61176471 0.33333333 0.34901961
v -42.00000000 230.00000000 577.50000000 0.66666667 0.38823529 0.40392157
v -40.00000000 229.50000000 576.50000000 0.73333333 0.45098039 0.46274510
v -39.00000000 229.00000000 575.75000000 0.74901961 0.46666667 0.47843137
v -38.00000000 229.00000000 575.75000000 0.76078431 0.47843137 0.49019608
v -37.00000000 229.00000000 576.00000000 0.78431373 0.50196078 0.51372549
v -33.00000000 231.75000000 582.00000000 0.80000000 0.52156863 0.50588235
v -32.00000000 232.00000000 583.25000000 0.82745098 0.55294118 0.54509804
v -31.75000000 232.75000000 585.00000000 0.84313725 0.60392157 0.58431373
v -31.00000000 233.50000000 586.50000000 0.71372549 0.51372549 0.49803922
v -30.00000000 234.00000000 588.50000000 0.46274510 0.31372549 0.30196078
v -53.00000000 229.00000000 574.00000000 0.10196078 0.08235294 0.07058824
v -52.25000000 229.00000000 574.25000000 0.13725490 0.09411765 0.08627451
v -52.00000000 229.25000000 575.25000000 0.22745098 0.16470588 0.16470588
v -51.00000000 229.50000000 575.50000000 0.30196078 0.21960784 0.21568627
v -49.00000000 230.75000000 577.75000000 0.39607843 0.20000000 0.20392157
v -48.25000000 231.00000000 578.25000000 0.41176471 0.20000000 0.19215686
v -46.00000000 231.00000000 579.00000000 0.50588235 0.26274510 0.27450980
v -45.50000000 231.00000000 579.25000000 0.53333333 0.27450980 0.29019608
v -45.00000000 231.00000000 578.75000000 0.56078431 0.30196078 0.31764706
v -43.00000000 230.75000000 578.00000000 0.63529412 0.35294118 0.36470588
v -42.00000000 230.50000000 577.25000000 0.66274510 0.38039216 0.39215686
v -42.00000000 230.25000000 577.00000000 0.67843137 0.39607843 0.40784314
v -40.00000000 229.75000000 575.75000000 0.73333333 0.45098039 0.46274510
v -39.00000000 229.75000000 575.75000000 0.74901961 0.46666667 0.47843137
v -38.00000000 229.25000000 575.25000000 0.77647059 0.48235294 0.49803922
v -35.00000000 230.00000000 577.00000000 0.78039216 0.49019608 0.49411765
v -33.00000000 231.25000000 580.25000000 0.80392157 0.50588235 0.51372549
v -33.00000000 232.00000000 581.75000000 0.79607843 0.51764706 0.50196078
v -32.00000000 232.75000000 583.00000000 0.81960784 0.55294118 0.54117647
v -31.25000000 233.50000000 584.75000000 0.85098039 0.61176471 0.59215686
v -30.00000000 234.75000000 588.25000000 0.42745098 0.29019608 0.27450980
v -51.00000000 230.00000000 575.25000000 0.27450980 0.19215686 0.18823529
v -50.00000000 230.25000000 576.25000000 0.36862745 0.21568627 0.21960784
v -50.00000000 230.75000000 576.75000000 0.38039216 0.20784314 0.20392157
v -47.00000000 231.00000000 578.00000000 0.47450980 0.23529412 0.23137255
v -47.00000000 231.25000000 578.25000000 0.50588235 0.24705882 0.25098039
v -46.00000000 231.50000000 578.50000000 0.53725490 0.27058824 0.27450980
v -45.00000000 231.25000000 578.25000000 0.57647059 0.29803922 0.31372549
v -44.00000000 231.00000000 578.00000000 0.59607843 0.31764706 0.33333333
v -43.75000000 231.00000000 577.75000000 0.61568627 0.34117647 0.34117647
v -43.00000000 231.00000000 577.25000000 0.63921569 0.36470588 0.36470588
v -42.00000000 230.75000000 576.75000000 0.66274510 0.38823529 0.38823529
v -41.75000000 230.50000000 576.25000000 0.67843137 0.39607843 0.40000000
v -41.00000000 230.00000000 575.75000000 0.69019608 0.40784314 0.41176471
v -40.00000000 230.00000000 575.75000000 0.72549020 0.42745098 0.43529412
v -39.00000000 230.00000000 574.75000000 0.74117647 0.43137255 0.44313725
v -38.00000000 230.00000000 574.75000000 0.75686275 0.44705882 0.45882353
v -37.00000000 230.00000000 575.00000000 0.79215686 0.50196078 0.50588235
v -36.00000000 230.00000000 576.00000000 0.74117647 0.45882353 0.46274510
v -34.00000000 231.00000000 578.00000000 0.74509804 0.47058824 0.47058824
v -33.00000000 232.25000000 580.25000000 0.79215686 0.51372549 0.49803922
v -32.00000000 233.00000000 582.75000000 0.81960784 0.57254902 0.54509804
v -31.00000000 234.00000000 584.50000000 0.83921569 0.61176471 0.59607843
v -30.00000000 235.25000000 587.75000000 0.40392157 0.32156863 0.34117647
v -51.00000000 230.25000000 574.25000000 0.24705882 0.16470588 0.16078431
v -49.00000000 231.00000000 576.50000000 0.39607843 0.20784314 0.20784314
v -48.00000000 231.00000000 577.00000000 0.40392157 0.20392157 0.19215686
v -48.00000000 231.50000000 577.50000000 0.43529412 0.21568627 0.21176471
v -47.00000000 231.50000000 577.50000000 0.47450980 0.23921569 0.23529412
v -47.00000000 231.75000000 577.75000000 0.50980392 0.25882353 0.25882353
v -46.00000000 231.75000000 577.75000000 0.53333333 0.27450980 0.27843137
v -45.00000000 231.75000000 577.75000000 0.58039216 0.30196078 0.31764706
v -44.00000000 231.75000000 577.75000000 0.59607843 0.31764706 0.33333333
v -43.25000000 231.25000000 577.25000000 0.61960784 0.34509804 0.34509804
v -43.00000000 231.25000000 577.00000000 0.64313725 0.36862745 0.36862745
v -42.00000000 231.00000000 576.00000000 0.66274510 0.38039216 0.38431373
v -41.75000000 231.00000000 576.00000000 0.67843137 0.39607843 0.40000000
v -41.00000000 231.00000000 575.50000000 0.69411765 0.40392157 0.40784314
v -40.00000000 230.75000000 574.75000000 0.69411765 0.39607843 0.40392157
v -39.00000000 230.75000000 574.75000000 0.71764706 0.40784314 0.41960784
v -38.00000000 230.75000000 574.75000000 0.75686275 0.44705882 0.45882353
v -37.00000000 230.75000000 574.75000000 0.77254902 0.48235294 0.48627451
v -36.00000000 231.00000000 576.00000000 0.71764706 0.43529412 0.43921569
v -35.00000000 231.00000000 576.00000000 0.73333333 0.45098039 0.45490196
v -34.00000000 232.00000000 577.25000000 0.78039216 0.49803922 0.50196078
v -33.00000000 232.50000000 579.50000000 0.80784314 0.54509804 0.52156863
v -33.00000000 233.25000000 581.25000000 0.81568627 0.56862745 0.53333333
v -32.00000000 234.00000000 582.50000000 0.80392157 0.57254902 0.54901961
v -31.00000000 234.50000000 584.50000000 0.81960784 0.60392157 0.59215686
v -52.00000000 230.00000000 573.00000000 0.09411765 0.07058824 0.07843137
v -52.00000000 230.25000000 573.25000000 0.11764706 0.07058824 0.07058824
v -49.50000000 231.50000000 575.50000000 0.36470588 0.20784314 0.20784314
v -47.00000000 232.00000000 576.75000000 0.47450980 0.23921569 0.23529412
v -46.75000000 232.00000000 576.75000000 0.50980392 0.25882353 0.25882353
v -46.00000000 232.00000000 577.00000000 0.53333333 0.27450980 0.27843137
v -45.00000000 232.00000000 577.25000000 0.55686275 0.29019608 0.29411765
v -44.00000000 232.00000000 576.75000000 0.59215686 0.31372549 0.32941176
v -42.00000000 231.75000000 576.00000000 0.63529412 0.35294118 0.35686275
v -41.25000000 231.25000000 575.25000000 0.65490196 0.36470588 0.36862745
v -41.00000000 231.25000000 575.00000000 0.67450980 0.38431373 0.38823529
v -40.00000000 231.00000000 574.50000000 0.67450980 0.37647059 0.38431373
v -39.00000000 231.00000000 574.25000000 0.71372549 0.40392157 0.41568627
v -38.00000000 231.00000000 574.25000000 0.73725490 0.42745098 0.43921569
v -37.00000000 231.00000000 574.75000000 0.76078431 0.46274510 0.46274510
v -36.75000000 231.00000000 574.75000000 0.75294118 0.45490196 0.45490196
v -36.00000000 231.50000000 575.50000000 0.73725490 0.44705882 0.44313725
v -34.00000000 232.25000000 577.25000000 0.80000000 0.52156863 0.51372549
v -33.00000000 233.00000000 579.50000000 0.83137255 0.56470588 0.55294118
v -32.00000000 234.50000000 582.50000000 0.80784314 0.58039216 0.57254902
v -31.00000000 235.00000000 584.50000000 0.78823529 0.57647059 0.57647059
v -51.00000000 231.00000000 573.00000000 0.16862745 0.10588235 0.10980392
v -50.00000000 231.00000000 574.00000000 0.34901961 0.21568627 0.21960784
v -46.25000000 232.25000000 576.25000000 0.49803922 0.24705882 0.24705882
v -45.00000000 232.75000000 576.75000000 0.56078431 0.28627451 0.29411765
v -43.00000000 232.00000000 575.75000000 0.60392157 0.32156863 0.32549020
v -41.00000000 231.75000000 574.75000000 0.63529412 0.34509804 0.34901961
v -40.00000000 231.50000000 574.50000000 0.67058824 0.37254902 0.38039216
v -39.00000000 231.25000000 574.25000000 0.70980392 0.40392157 0.40392157
v -38.00000000 231.25000000 574.25000000 0.73725490 0.43137255 0.43137255
v -37.00000000 231.75000000 574.75000000 0.75294118 0.45490196 0.45490196
v -36.75000000 232.00000000 574.75000000 0.76862745 0.47058824 0.47058824
v -36.00000000 232.00000000 575.50000000 0.77254902 0.48235294 0.47843137
v -35.00000000 232.00000000 575.75000000 0.79215686 0.50196078 0.49803922
v -35.00000000 232.50000000 576.50000000 0.80392157 0.52549020 0.51764706
v -34.00000000 233.00000000 577.25000000 0.81568627 0.53725490 0.52941176
v -34.00000000 233.25000000 578.00000000 0.83529412 0.56078431 0.55294118
v -33.00000000 234.00000000 579.50000000 0.83921569 0.58431373 0.57647059
v -32.75000000 234.25000000 581.00000000 0.82745098 0.59607843 0.58039216
v -32.00000000 235.00000000 582.50000000 0.81568627 0.59607843 0.60000000
v -31.00000000 236.00000000 584.50000000 0.71764706 0.51372549 0.52941176
v -31.00000000 236.25000000 586.00000000 0.43137255 0.29411765 0.32156863
v -52.00000000 231.00000000 571.25000000 0.10980392 0.09019608 0.11372549
v -51.00000000 231.25000000 572.25000000 0.13333333 0.07450980 0.08627451
v -49.00000000 232.00000000 574.00000000 0.36862745 0.21568627 0.21960784
v -48.00000000 232.00000000 575.00000000 0.43921569 0.21176471 0.20784314
v -47.00000000 232.25000000 575.25000000 0.46666667 0.22745098 0.22352941
v -46.00000000 232.50000000 575.50000000 0.49019608 0.23137255 0.23529412
v -46.00000000 232.75000000 575.75000000 0.49803922 0.24313725 0.23529412
v -44.00000000 232.75000000 575.75000000 0.56470588 0.27450980 0.27843137
v -43.00000000 232.25000000 575.00000000 0.60392157 0.30588235 0.30588235
v -42.00000000 232.00000000 574.50000000 0.62745098 0.32941176 0.32941176
v -41.00000000 232.00000000 574.25000000 0.66666667 0.36078431 0.36078431
v -40.00000000 232.00000000 573.75000000 0.69411765 0.38039216 0.38431373
v -39.50000000 232.00000000 573.50000000 0.70588235 0.39215686 0.39607843
v -39.00000000 232.00000000 573.75000000 0.71372549 0.40000000 0.40392157
v -38.00000000 232.00000000 573.75000000 0.73333333 0.41960784 0.42352941
v -38.00000000 232.25000000 574.00000000 0.74901961 0.43529412 0.43921569
v -37.00000000 232.50000000 574.25000000 0.76078431 0.46666667 0.45490196
v -36.75000000 232.75000000 574.75000000 0.78823529 0.49411765 0.48235294
v -36.00000000 232.75000000 575.25000000 0.81176471 0.52156863 0.50980392
v -35.00000000 233.00000000 575.50000000 0.82745098 0.53725490 0.52549020
v -34.00000000 233.50000000 577.50000000 0.84313725 0.56470588 0.55686275
v -33.00000000 234.75000000 579.75000000 0.85098039 0.59215686 0.59607843
v -32.75000000 235.00000000 580.75000000 0.83137255 0.60392157 0.59607843
v -32.00000000 235.50000000 582.50000000 0.80392157 0.60784314 0.61176471
v -31.00000000 236.50000000 584.50000000 0.61568627 0.43921569 0.45882353
v -52.00000000 231.25000000 571.25000000 0.09411765 0.07450980 0.09019608
v -50.25000000 232.00000000 572.25000000 0.18431373 0.12156863 0.12549020
v -46.00000000 233.00000000 574.50000000 0.49019608 0.22352941 0.21960784
v -45.00000000 233.00000000 575.50000000 0.51764706 0.24313725 0.23529412
v -44.00000000 233.00000000 575.50000000 0.56470588 0.27450980 0.27058824
v -43.00000000 233.00000000 575.25000000 0.57647059 0.27843137 0.27843137
v -43.00000000 232.75000000 574.25000000 0.61176471 0.30588235 0.30588235
v -42.00000000 232.75000000 574.25000000 0.63921569 0.32549020 0.32941176
v -41.00000000 232.75000000 574.25000000 0.64705882 0.33333333 0.33725490
v -40.00000000 232.50000000 573.50000000 0.69411765 0.37254902 0.38039216
v -39.50000000 232.50000000 573.25000000 0.72156863 0.40392157 0.40000000
v -39.00000000 232.50000000 573.25000000 0.72941176 0.41176471 0.40784314
v -36.50000000 232.75000000 574.25000000 0.81568627 0.52156863 0.50980392
v -36.00000000 233.00000000 574.75000000 0.83529412 0.55686275 0.54117647
v -35.00000000 233.50000000 575.50000000 0.85098039 0.57254902 0.55686275
v -34.00000000 234.00000000 577.00000000 0.86274510 0.58823529 0.58039216
v -34.00000000 234.50000000 578.50000000 0.86274510 0.59607843 0.58431373
v -33.00000000 235.00000000 579.50000000 0.85098039 0.60000000 0.60000000
v -32.75000000 235.75000000 580.75000000 0.84705882 0.61568627 0.62352941
v -32.00000000 236.00000000 582.75000000 0.75294118 0.57254902 0.58431373
v -31.00000000 237.00000000 584.50000000 0.50980392 0.38823529 0.41176471
v -50.00000000 232.00000000 571.25000000 0.13725490 0.09019608 0.09803922
v -49.00000000 232.25000000 572.25000000 0.33725490 0.21176471 0.21568627
v -49.00000000 232.50000000 572.50000000 0.39607843 0.22352941 0.22745098
v -47.25000000 233.00000000 573.25000000 0.45098039 0.20784314 0.21176471
v -46.00000000 233.50000000 574.50000000 0.50980392 0.23137255 0.22352941
v -44.75000000 233.75000000 574.75000000 0.55294118 0.27843137 0.27058824
v -43.00000000 233.50000000 574.25000000 0.63529412 0.31764706 0.31372549
v -42.00000000 233.00000000 573.75000000 0.64705882 0.31764706 0.31764706
v -41.00000000 233.00000000 573.50000000 0.67058824 0.34117647 0.34117647
v -40.00000000 233.00000000 573.50000000 0.69411765 0.36470588 0.36470588
v -39.25000000 232.75000000 573.00000000 0.71372549 0.39607843 0.39215686
v -39.00000000 232.75000000 573.25000000 0.74117647 0.42352941 0.41960784
v -38.00000000 232.75000000 573.50000000 0.80000000 0.48627451 0.48235294
v -37.00000000 232.75000000 573.50000000 0.82745098 0.53333333 0.52156863
v -36.50000000 233.50000000 574.25000000 0.85098039 0.55686275 0.54509804
v -36.00000000 233.75000000 575.00000000 0.85882353 0.58039216 0.56470588
v -35.00000000 234.00000000 575.75000000 0.86274510 0.59215686 0.57254902
v -34.00000000 235.00000000 577.50000000 0.85490196 0.60000000 0.58431373
v -33.00000000 235.75000000 579.75000000 0.83529412 0.58431373 0.58823529
v -32.00000000 237.00000000 582.75000000 0.64705882 0.47058824 0.49803922
v -51.00000000 232.00000000 570.00000000 0.09803922 0.07843137 0.10196078
v -48.00000000 233.00000000 572.50000000 0.43529412 0.22352941 0.22352941
v -47.00000000 233.00000000 572.50000000 0.46274510 0.21960784 0.22352941
v -46.00000000 233.25000000 573.25000000 0.51372549 0.23921569 0.24705882
v -46.00000000 233.75000000 574.00000000 0.52549020 0.24313725 0.24705882
v -45.00000000 233.75000000 573.75000000 0.54117647 0.25882353 0.26274510
v -44.50000000 233.75000000 574.25000000 0.56470588 0.29019608 0.28235294
v -44.00000000 233.75000000 574.00000000 0.59215686 0.30196078 0.29803922
v -43.00000000 233.75000000 573.75000000 0.64313725 0.31372549 0.31372549
v -42.00000000 233.75000000 573.75000000 0.65098039 0.31372549 0.31764706
v -41.00000000 233.50000000 573.50000000 0.69803922 0.36078431 0.36470588
v -40.00000000 233.25000000 573.00000000 0.70980392 0.37254902 0.37647059
v -39.25000000 233.25000000 573.00000000 0.72941176 0.40000000 0.40000000
v -39.00000000 233.50000000 573.25000000 0.77254902 0.44313725 0.44313725
v -38.00000000 233.75000000 573.50000000 0.77254902 0.45882353 0.45490196
v -37.00000000 233.75000000 573.50000000 0.84705882 0.55294118 0.54117647
v -36.00000000 234.00000000 574.50000000 0.86274510 0.57254902 0.56078431
v -36.00000000 234.25000000 575.00000000 0.86274510 0.58431373 0.56862745
v -35.00000000 234.50000000 575.75000000 0.86666667 0.59607843 0.57647059
v -35.00000000 235.00000000 576.50000000 0.85490196 0.60000000 0.57647059
v -34.00000000 235.75000000 577.75000000 0.85490196 0.60000000 0.58431373
v -33.00000000 236.75000000 580.75000000 0.82352941 0.56862745 0.58431373
v -32.00000000 238.00000000 583.25000000 0.53333333 0.36470588 0.40000000
v -50.00000000 232.75000000 569.75000000 0.09803922 0.07450980 0.08235294
v -48.25000000 233.25000000 571.25000000 0.36470588 0.23137255 0.22745098
v -48.00000000 233.50000000 571.50000000 0.43921569 0.23529412 0.25098039
v -47.00000000 233.75000000 571.75000000 0.47450980 0.23529412 0.25490196
v -45.00000000 234.00000000 573.25000000 0.57254902 0.28235294 0.27058824
v -44.00000000 234.00000000 573.25000000 0.58431373 0.27450980 0.25882353
v -43.00000000 234.00000000 573.50000000 0.61960784 0.30980392 0.29411765
v -42.75000000 234.00000000 573.25000000 0.63137255 0.31764706 0.31372549
v -42.00000000 234.00000000 572.75000000 0.65882353 0.34117647 0.33725490
v -41.00000000 234.00000000 572.75000000 0.70588235 0.37647059 0.37647059
v -40.00000000 234.00000000 572.75000000 0.72549020 0.38823529 0.39215686
v -39.00000000 234.00000000 572.75000000 0.76078431 0.41568627 0.40784314
v -39.00000000 234.25000000 573.00000000 0.78823529 0.44313725 0.43529412
v -38.00000000 234.25000000 573.00000000 0.80000000 0.46666667 0.44705882
v -37.00000000 234.75000000 574.00000000 0.83921569 0.52941176 0.51372549
v -36.00000000 235.00000000 574.75000000 0.85882353 0.56078431 0.56078431
v -35.00000000 235.25000000 575.75000000 0.82745098 0.57647059 0.56862745
v -35.00000000 235.50000000 576.50000000 0.81176471 0.57647059 0.57254902
v -34.00000000 236.00000000 578.00000000 0.81568627 0.58823529 0.58039216
v -33.00000000 237.00000000 580.75000000 0.81568627 0.61568627 0.61176471
v -33.00000000 237.75000000 582.00000000 0.62745098 0.47450980 0.49411765
v -32.00000000 238.50000000 583.50000000 0.43529412 0.34509804 0.37647059
v -50.00000000 233.00000000 569.25000000 0.10196078 0.08235294 0.09803922
v -49.00000000 233.00000000 569.75000000 0.21176471 0.15294118 0.14117647
v -48.00000000 233.25000000 570.25000000 0.34901961 0.23137255 0.22352941
v -46.00000000 234.00000000 571.75000000 0.54117647 0.27450980 0.27843137
v -46.00000000 234.25000000 572.25000000 0.54901961 0.27450980 0.27450980
v -42.75000000 234.75000000 572.75000000 0.64705882 0.32941176 0.31372549
v -42.00000000 234.75000000 572.75000000 0.67058824 0.35294118 0.34117647
v -41.00000000 234.75000000 572.75000000 0.69803922 0.36862745 0.36078431
v -39.00000000 234.50000000 572.50000000 0.76862745 0.42352941 0.40784314
v -39.00000000 234.75000000 573.00000000 0.79607843 0.45098039 0.43529412
v -38.00000000 234.75000000 573.00000000 0.79607843 0.47058824 0.44705882
v -38.00000000 235.00000000 573.75000000 0.82745098 0.50980392 0.49411765
v -37.00000000 235.00000000 573.75000000 0.84313725 0.53725490 0.52156863
v -36.25000000 235.75000000 575.00000000 0.83529412 0.54509804 0.54117647
v -36.00000000 236.00000000 575.75000000 0.82352941 0.55686275 0.55294118
v -35.00000000 236.00000000 576.25000000 0.81176471 0.56078431 0.56078431
v -35.00000000 236.25000000 577.25000000 0.80392157 0.56862745 0.56470588
v -34.00000000 237.00000000 578.00000000 0.79607843 0.57647059 0.57254902
v -34.00000000 237.50000000 579.50000000 0.82352941 0.61176471 0.61176471
v -33.00000000 238.00000000 580.75000000 0.70980392 0.53333333 0.54509804
v -33.00000000 238.50000000 582.25000000 0.49411765 0.38039216 0.40000000
v -49.00000000 233.75000000 569.00000000 0.15686275 0.12549020 0.11764706
v -48.00000000 234.00000000 569.75000000 0.32941176 0.23529412 0.23529412
v -47.00000000 234.00000000 570.50000000 0.48627451 0.24313725 0.26274510
v -46.00000000 234.50000000 571.50000000 0.55686275 0.28235294 0.29019608
v -45.50000000 234.50000000 571.50000000 0.55686275 0.28235294 0.28235294
v -45.00000000 234.75000000 572.00000000 0.60392157 0.30588235 0.30588235
v -44.00000000 234.75000000 572.00000000 0.62745098 0.31764706 0.30196078
v -43.00000000 234.75000000 572.25000000 0.63921569 0.32941176 0.30980392
v -42.50000000 235.00000000 572.50000000 0.66666667 0.34901961 0.33333333
v -41.00000000 235.00000000 572.75000000 0.70980392 0.38431373 0.36862745
v -40.00000000 235.00000000 573.00000000 0.74509804 0.41176471 0.39215686
v -39.00000000 235.00000000 572.75000000 0.75686275 0.44313725 0.41568627
v -39.00000000 235.25000000 573.25000000 0.78431373 0.47058824 0.44313725
v -38.00000000 235.25000000 573.25000000 0.80392157 0.50196078 0.47843137
v -38.00000000 235.75000000 574.00000000 0.81568627 0.50980392 0.49411765
v -37.00000000 235.75000000 574.00000000 0.80392157 0.51372549 0.50196078
v -36.25000000 236.25000000 575.00000000 0.81176471 0.52941176 0.53333333
v -36.00000000 236.50000000 575.75000000 0.81568627 0.54901961 0.54509804
v -35.00000000 237.00000000 576.75000000 0.80784314 0.55686275 0.55686275
v -34.00000000 237.25000000 578.25000000 0.80784314 0.58823529 0.60000000
v -33.00000000 239.00000000 581.25000000 0.50588235 0.37647059 0.40392157
v -49.00000000 234.00000000 568.50000000 0.10196078 0.10588235 0.08627451
v -48.00000000 234.25000000 569.00000000 0.26666667 0.19607843 0.18823529
v -44.00000000 235.00000000 571.50000000 0.61960784 0.31372549 0.30588235
v -43.00000000 235.25000000 572.00000000 0.63529412 0.34117647 0.32156863
v -42.50000000 235.50000000 572.25000000 0.65882353 0.36470588 0.34509804
v -42.00000000 235.00000000 572.00000000 0.69411765 0.39215686 0.36862745
v -41.00000000 235.25000000 572.25000000 0.70980392 0.40000000 0.38039216
v -41.00000000 235.75000000 572.75000000 0.72156863 0.40784314 0.38039216
v -39.00000000 235.75000000 572.75000000 0.75294118 0.45098039 0.41960784
v -38.00000000 236.00000000 573.75000000 0.78431373 0.49803922 0.47058824
v -38.00000000 236.25000000 574.00000000 0.80000000 0.50980392 0.49803922
v -37.00000000 236.75000000 574.50000000 0.79607843 0.51764706 0.50980392
v -36.25000000 236.75000000 575.00000000 0.80392157 0.52941176 0.52941176
v -36.00000000 237.25000000 576.00000000 0.80392157 0.53725490 0.54117647
v -35.00000000 237.50000000 576.50000000 0.79607843 0.54509804 0.54509804
v -34.00000000 238.00000000 578.75000000 0.72549020 0.52941176 0.53333333
v -34.00000000 238.75000000 579.75000000 0.53333333 0.40784314 0.42745098
v -48.00000000 234.50000000 568.50000000 0.34117647 0.20000000 0.20000000
v -46.00000000 235.00000000 569.00000000 0.49411765 0.25882353 0.25882353
v -45.00000000 235.00000000 570.00000000 0.54509804 0.27058824 0.26274510
v -44.00000000 235.50000000 570.50000000 0.61176471 0.30588235 0.29803922
v -42.00000000 236.00000000 571.50000000 0.65882353 0.36862745 0.36470588
v -41.00000000 236.00000000 572.25000000 0.71764706 0.40784314 0.39215686
v -40.00000000 236.00000000 573.00000000 0.73725490 0.42745098 0.40784314
v -39.00000000 236.00000000 572.75000000 0.74509804 0.45098039 0.42745098
v -39.00000000 236.75000000 573.75000000 0.76078431 0.46666667 0.44313725
v -38.00000000 236.75000000 573.75000000 0.76862745 0.47450980 0.45490196
v -38.00000000 237.00000000 574.75000000 0.78823529 0.49411765 0.48235294
v -37.00000000 237.00000000 574.75000000 0.80000000 0.50588235 0.49411765
v -36.75000000 237.75000000 575.75000000 0.80784314 0.51764706 0.51372549
v -36.00000000 238.00000000 576.25000000 0.80392157 0.53725490 0.53333333
v -35.00000000 238.00000000 577.00000000 0.80784314 0.55686275 0.54901961
v -35.00000000 238.75000000 577.75000000 0.73333333 0.51764706 0.50588235
v -34.00000000 239.00000000 578.75000000 0.56862745 0.40392157 0.40784314
v -48.00000000 235.00000000 568.00000000 0.13333333 0.10196078 0.09411765
v -47.00000000 235.00000000 568.50000000 0.36078431 0.20784314 0.21176471
v -45.00000000 235.50000000 569.50000000 0.52941176 0.27450980 0.26666667
v -42.00000000 236.25000000 571.25000000 0.65882353 0.36470588 0.35294118
v -41.00000000 236.50000000 571.50000000 0.71764706 0.40784314 0.38823529
v -40.00000000 237.00000000 572.50000000 0.73725490 0.42745098 0.40000000
v -39.00000000 237.00000000 572.75000000 0.74509804 0.45098039 0.42745098
v -37.00000000 238.00000000 574.75000000 0.77254902 0.48235294 0.47843137
v -36.50000000 238.00000000 575.50000000 0.78431373 0.50980392 0.50980392
v -36.00000000 238.25000000 576.25000000 0.74509804 0.50588235 0.49411765
v -35.00000000 239.00000000 577.00000000 0.66666667 0.46666667 0.45490196
v -34.00000000 239.75000000 578.75000000 0.41568627 0.32156863 0.31372549
v -48.00000000 236.00000000 568.00000000 0.14117647 0.09411765 0.09411765
v -45.00000000 236.00000000 569.00000000 0.50196078 0.27058824 0.27843137
v -44.00000000 236.00000000 569.50000000 0.58431373 0.31764706 0.32156863
v -43.75000000 236.00000000 569.75000000 0.60000000 0.32549020 0.32549020
v -43.00000000 236.00000000 569.75000000 0.62352941 0.34509804 0.32156863
v -42.00000000 236.50000000 570.50000000 0.65490196 0.36078431 0.33725490
v -40.00000000 237.25000000 572.25000000 0.72156863 0.41960784 0.39607843
v -39.00000000 237.25000000 572.25000000 0.72941176 0.44313725 0.41960784
v -39.00000000 237.75000000 573.00000000 0.72941176 0.45098039 0.44313725
v -38.00000000 237.75000000 573.50000000 0.73725490 0.45882353 0.45098039
v -38.00000000 238.00000000 573.75000000 0.76470588 0.48235294 0.48627451
v -37.00000000 238.75000000 574.75000000 0.78039216 0.51372549 0.51764706
v -36.50000000 239.00000000 575.50000000 0.74901961 0.50588235 0.50980392
v -47.00000000 236.00000000 568.00000000 0.15294118 0.12156863 0.11372549
v -46.00000000 236.00000000 568.00000000 0.36078431 0.22745098 0.22352941
v -45.00000000 236.50000000 568.50000000 0.45490196 0.25882353 0.27058824
v -45.00000000 236.75000000 568.75000000 0.52156863 0.28235294 0.30196078
v -42.00000000 237.00000000 569.75000000 0.65882353 0.35686275 0.31764706
v -41.00000000 237.00000000 570.75000000 0.70196078 0.39215686 0.36470588
v -41.00000000 237.25000000 571.25000000 0.69803922 0.40784314 0.37254902
v -40.00000000 237.75000000 571.75000000 0.69803922 0.41176471 0.38823529
v -38.00000000 238.75000000 573.50000000 0.73333333 0.46666667 0.47058824
v -37.00000000 239.00000000 574.75000000 0.64705882 0.40392157 0.41568627
v -36.00000000 239.00000000 574.75000000 0.51372549 0.30980392 0.32549020
v -36.00000000 239.50000000 575.50000000 0.41960784 0.28235294 0.29803922
v -35.00000000 240.00000000 576.75000000 0.33725490 0.27450980 0.27843137
v -45.00000000 237.00000000 568.00000000 0.37254902 0.27058824 0.27450980
v -44.00000000 237.00000000 568.50000000 0.44705882 0.29411765 0.30588235
v -42.00000000 237.50000000 569.50000000 0.62745098 0.33725490 0.34117647
v -40.50000000 238.00000000 570.50000000 0.69411765 0.39215686 0.36862745
v -40.00000000 238.00000000 571.50000000 0.70588235 0.39607843 0.37647059
v -39.00000000 238.00000000 571.75000000 0.68627451 0.39215686 0.37254902
v -39.00000000 238.75000000 572.75000000 0.65882353 0.38039216 0.36470588
v -37.00000000 239.25000000 574.25000000 0.42352941 0.30196078 0.28235294
v -36.00000000 239.75000000 574.75000000 0.33725490 0.27843137 0.26666667
v -43.00000000 237.00000000 568.00000000 0.34901961 0.28627451 0.29803922
v -43.00000000 237.75000000 568.75000000 0.37647059 0.29803922 0.30588235
v -42.00000000 237.75000000 568.75000000 0.41568627 0.32941176 0.33725490
v -42.00000000 238.00000000 569.50000000 0.44313725 0.34901961 0.34901961
v -41.00000000 238.00000000 569.75000000 0.45490196 0.35294118 0.35686275
v -40.50000000 238.50000000 570.50000000 0.45490196 0.35294118 0.34901961
v -40.00000000 238.75000000 570.75000000 0.45490196 0.34509804 0.34117647
v -39.00000000 239.00000000 571.25000000 0.43137255 0.32156863 0.31764706
v -38.00000000 239.00000000 573.00000000 0.38039216 0.30196078 0.29803922
f 2953 1352 2357
f 1352 1673 2357
f 2173 2357 1673
f 92 93 56
f 3701 3675 3711
f 1126 2954 2610
f 1126 2610 2379
f 2953 2357 2801
f 3700 3674 3673
f 3674 3662 3673
f 23 12 5
f 23 24 12
f 12 13 5
f 56 93 57
f 493 3 422
f 3690 3689 3691
f 3701 3691 3689
f 2081 2195 2147
f 2173 1673 1987
f 1352 922 1184
f 2173 2331 2357
f 3586 3628 3674
f 3674 3628 3662
f 1888 2054 1937
f 1 2 3
f 1 5 6
f 5 13 6
f 3 55 422
f 493 422 458
f 3611 3664 3647
f 3408 3385 3454
f 3433 3454 3385
f 3433 3385 3341
f 2953 3012 3013
f 1673 1702 1987
f 1735 1987 1702
f 1820 1764 1763
f 1820 1763 1735
f 1764 1987 1763
f 1735 1763 1987
f 3716 3713 3711
f 3690 3691 3702
f 3701 3702 3691
f 3701 3711 3702
f 3673 3698 3699
f 3700 3699 3709
f 3700 3673 3699
f 3673 3661 3698
f 3586 3521 3564
f 3521 3541 3564
f 3521 3500 3541
f 3408 3500 3521
f 3586 3607 3628
f 3553 3552 3575
f 2057 2008 2056
f 23 5 22
f 422 55 259
f 3196 2954 3225
f 3701 3688 3675
f 3701 3689 3688
f 3611 3610 3664
f 3164 3118 3163
f 2406 2429 2457
f 2610 2954 2637
f 2954 2771 2637
f 2843 2814 2842
f 2081 2147 2099
f 2455 2480 2481
f 3075 3102 3103
f 3124 3172 3148
f 3075 3013 3074
f 3075 3074 3102
f 2953 2801 2860
f 2801 2711 2800
f 2770 2800 2711
f 2801 2800 2831
f 2770 2831 2800
f 1352 493 723
f 1352 723 922
f 1898 1897 1923
f 1361 1389 1416
f 1962 1867 1935
f 1962 1910 1867
f 1987 1867 1910
f 1987 1822 1867
f 1987 1910 1936
f 1962 1985 1910
f 922 943 1184
f 2159 2160 2137
f 2163 2116 2162
f 2173 2210 2331
f 2331 2210 2283
f 2173 2122 2375
f 3711 3710 3702
f 3679 3650 3633
f 3552 3574 3575
f 3552 3551 3574
f 3709 3699 3708
f 3644 3645 3607
f 3662 3628 3645
f 3628 3607 3645
f 3541 3585 3564
f 3644 3585 3605
f 3408 3475 3500
f 1888 1937 1911
f 1888 1911 1889
f 2056 2008 2007
f 1888 1868 1766
f 1766 1868 1823
f 1126 1216 1185
f 1384 1216 1498
f 1529 1612 1583
f 1558 1503 1530
f 1447 1414 1388
f 1447 1474 1414
f 1300 1327 1328
f 1356 1328 1327
f 1447 1388 1387
f 1359 1387 1388
f 753 973 923
f 753 923 878
f 56 57 33
f 5 20 22
f 21 22 20
f 1 20 5
f 37 20 36
f 42 43 20
f 21 20 43
f 36 20 35
f 1 35 20
f 1 33 35
f 36 35 72
f 422 259 318
f 420 451 452
f 12 24 25
f 12 25 13
f 47 46 83
f 45 83 46
f 252 226 190
f 3675 3629 3587
f 3398 3356 3331
f 3116 3089 3141
f 3116 3141 3162
f 2059 1990 2058
f 2149 2174 2124
f 2176 2175 2174
f 2175 2126 2174
f 2057 2124 2102
f 2125 2102 2126
f 2124 2174 2102
f 2126 2102 2174
f 2125 2083 2102
f 2057 2083 2058
f 2057 2102 2083
f 2104 2103 2127
f 2104 2084 2103
f 2239 2240 2215
f 2783 2782 2813
f 2842 2814 2813
f 2721 2720 2719
f 2666 2692 2640
f 2641 2615 2585
f 2641 2640 2615
f 2640 2692 2615
f 2509 2510 2484
f 2509 2484 2483
f 2457 2483 2484
f 2771 2741 2637
f 2583 2565 2582
f 2903 2905 2904
f 2195 2148 2147
f 2149 2124 2148
f 2147 2100 2099
f 2147 2101 2100
f 2057 2100 2124
f 2124 2100 2101
f 2149 2212 2174
f 2257 2212 2235
f 2610 2581 2379
f 2379 2581 2562
f 2379 2533 2480
f 2379 2562 2533
f 2457 2482 2483
f 3124 3103 3147
f 3124 3147 3172
f 3102 3147 3103
f 3171 3147 3102
f 3173 3148 3193
f 3172 3193 3148
f 3273 3193 3172
f 3381 3337 3318
f 3273 3172 3221
f 3300 3299 3363
f 3384 3407 3363
f 3384 3432 3407
f 2983 3040 2951
f 3013 3012 3073
f 3013 3073 3074
f 2953 2894 2926
f 2953 2860 2894
f 2953 2926 2895
f 2953 2895 2952
f 2926 2951 2895
f 2953 3042 3012
f 2983 2925 2949
f 2801 2609 2662
f 2801 2662 2711
f 2609 2740 2662
f 2801 2859 2892
f 2801 2831 2859
f 1241 1240 1270
f 1824 1791 1868
f 1823 1868 1791
f 1823 1791 1703
f 1704 1703 1791
f 1824 1792 1791
f 1704 1791 1792
f 1361 1390 1362
f 1720 1751 1721
f 1779 1721 1751
f 1761 1818 1733
f 1764 1821 1987
f 1987 1821 1822
f 1986 2006 1910
f 1910 2006 1936
f 1987 1963 2052
f 1987 1936 1963
f 1241 1210 1240
f 1296 1349 1324
f 1184 972 1002
f 1184 943 972
f 1028 1002 972
f 1733 1819 1734
f 1735 1702 1762
f 1820 1735 1762
f 1820 1762 1734
f 1673 1762 1702
f 1761 1733 1671
f 1460 1489 1461
f 1697 1696 1726
f 2357 2332 2452
f 2770 2799 2830
f 2770 2711 2799
f 2711 2662 2799
f 2740 2799 2662
f 2791 2792 2762
f 2791 2762 2761
f 2472 2471 2499
f 2471 2445 2470
f 2215 2240 2241
f 2425 2284 2376
f 2377 2303 2284
f 2425 2355 2284
f 2377 2284 2355
f 2558 2377 2355
f 2425 2530 2355
f 2738 2707 2737
f 2736 2737 2707
f 3716 3705 3715
f 3705 3704 3715
f 3716 3715 3713
f 3684 3685 3670
f 3716 3717 3707
f 3709 3708 3717
f 3718 3717 3708
f 3693 3692 3694
f 3353 3374 3354
f 3650 3634 3633
f 3689 3665 3647
f 3698 3687 3699
f 3699 3687 3708
f 3658 3670 3671
f 3658 3671 3642
f 3659 3642 3671
f 3687 3671 3686
f 3670 3686 3671
f 3563 3583 3604
f 3564 3585 3606
f 3644 3607 3606
f 3644 3606 3585
f 3563 3584 3541
f 3541 3584 3585
f 3563 3604 3584
f 3499 3498 3519
f 3541 3500 3520
f 3500 3475 3520
f 3499 3519 3520
f 3563 3541 3520
f 3563 3520 3519
f 3454 3499 3474
f 3408 3454 3474
f 3408 3474 3475
f 3475 3474 3520
f 3499 3520 3474
f 3553 3575 3554
f 3553 3554 3531
f 3575 3574 3594
f 3575 3594 3618
f 3617 3618 3594
f 3705 3695 3704
f 3617 3635 3618
f 3617 3634 3635
f 1824 1842 1825
f 1843 1842 1868
f 1824 1868 1842
f 1825 1826 1845
f 1825 1842 1826
f 1843 1826 1842
f 1937 1938 1912
f 1937 1912 1911
f 1938 1913 1912
f 1870 1889 1912
f 1889 1911 1912
f 2056 2035 2099
f 2056 2007 2035
f 1965 2035 2007
f 2008 1966 1939
f 2008 1939 2007
f 1965 2007 1939
f 1965 1939 1914
f 1870 1912 1890
f 1913 1890 1912
f 1888 1889 1869
f 1843 1868 1869
f 1888 1869 1868
f 1498 1612 1528
f 1529 1528 1612
f 1530 1501 1556
f 1555 1556 1501
f 1447 1387 1413
f 1445 1413 1412
f 1555 1501 1500
f 1704 1675 1703
f 1646 1647 1645
f 1555 1554 1613
f 1555 1500 1554
f 1613 1644 1645
f 1558 1531 1503
f 1447 1501 1473
f 1447 1473 1474
f 1389 1388 1415
f 1388 1414 1415
f 1389 1415 1416
f 1416 1415 1414
f 1356 1357 1328
f 1358 1357 1412
f 1384 1299 1216
f 681 775 682
f 742 682 775
f 678 712 773
f 1389 1331 1388
f 1300 1328 1301
f 1192 1193 1165
f 1071 1041 1070
f 573 538 572
f 93 94 57
f 34 33 61
f 37 38 20
f 39 20 38
f 67 68 35
f 36 72 73
f 35 71 72
f 433 398 397
f 396 468 397
f 302 273 272
f 210 211 179
f 210 179 178
f 355 388 318
f 422 388 456
f 422 318 388
f 196 259 91
f 55 91 259
f 493 458 492
f 488 522 523
f 523 522 554
f 553 554 522
f 488 553 522
f 452 451 487
f 252 253 226
f 254 287 253
f 161 190 191
f 226 191 190
f 254 312 287
f 414 415 350
f 485 416 415
f 252 190 189
f 86 51 50
f 86 48 85
f 86 85 122
f 47 85 48
f 159 124 123
f 86 122 123
f 1 7 2
f 1 6 7
f 86 49 48
f 86 50 49
f 3 4 55
f 3 2 9
f 3 9 4
f 3226 3198 3197
f 3196 3225 3197
f 3226 3197 3225
f 3280 3279 3321
f 3321 3279 3278
f 3226 3225 3277
f 3226 3277 3278
f 3321 3277 3225
f 3321 3278 3277
f 3675 3663 3629
f 3587 3588 3565
f 3524 3565 3588
f 3136 3135 3159
f 3182 3204 3183
f 3182 3202 3204
f 3346 3347 3325
f 3321 3342 3322
f 2794 2793 2792
f 3029 3000 2999
f 3164 3163 3187
f 2379 2480 2426
f 2406 2428 2429
f 2359 2380 2404
f 2259 2286 2287
f 2059 2010 1990
f 2058 1990 2009
f 2259 2260 2238
f 2288 2260 2287
f 2259 2287 2260
f 2239 2238 2260
f 2104 2127 2128
f 2132 2131 2155
f 2130 2153 2131
f 2013 2012 2062
f 2059 2085 2086
f 2084 2086 2085
f 2059 2058 2085
f 2084 2085 2083
f 2058 2083 2085
f 2130 2131 2105
f 2088 2105 2106
f 2776 2777 2747
f 2666 2691 2692
f 2720 2667 2692
f 2692 2667 2615
f 2642 2615 2667
f 2583 2612 2613
f 2583 2582 2612
f 2610 2611 2581
f 2610 2637 2611
f 2582 2611 2612
f 2509 2483 2535
f 2509 2535 2565
f 2565 2535 2582
f 2954 2802 2771
f 3196 3043 2954
f 3029 2999 3028
f 3115 3086 3085
f 2841 2873 2842
f 2841 2872 2873
f 2749 2777 2778
f 2841 2811 2872
f 2810 2840 2811
f 3020 2991 2990
f 2903 2963 2905
f 2903 2962 2963
f 2957 3044 3016
f 3044 3045 3016
f 3018 2988 3047
f 3109 3130 3110
f 2868 2869 2837
f 3020 2990 3019
f 3020 3019 3048
f 2147 2123 2101
f 2147 2148 2123
f 2124 2101 2123
f 2124 2123 2148
f 2056 2099 2082
f 2099 2100 2082
f 2057 2056 2082
f 2057 2082 2100
f 2195 2196 2148
f 2149 2148 2196
f 2149 2196 2212
f 2257 2197 2212
f 2174 2212 2197
f 2176 2197 2213
f 2176 2174 2197
f 2285 2258 2235
f 2257 2235 2258
f 2285 2286 2258
f 2285 2235 2304
f 2358 2304 2235
f 2285 2304 2286
f 2212 2211 2235
f 1126 2379 2211
f 2379 2358 2211
f 2358 2235 2211
f 2081 2211 2195
f 1126 2211 1216
f 2081 1216 2211
f 2534 2482 2507
f 2481 2507 2482
f 2429 2456 2457
f 2457 2456 2482
f 2481 2482 2456
f 3192 3147 3191
f 3171 3191 3147
f 3192 3191 3249
f 3173 3193 3194
f 3222 3194 3193
f 3173 3194 3195
f 3222 3250 3318
f 3273 3250 3193
f 3222 3193 3250
f 3318 3250 3317
f 3300 3320 3299
f 3299 3320 3276
f 3300 3363 3340
f 3384 3363 3339
f 3299 3339 3363
f 3299 3319 3339
f 3497 3472 3471
f 3497 3498 3472
f 3453 3472 3498
f 3453 3432 3472
f 3471 3472 3432
f 3471 3432 3431
f 3192 3272 3221
f 3192 3249 3272
f 3041 3011 3040
f 2951 3040 3011
f 2952 2895 3011
f 2951 3011 2895
f 3041 3040 3070
f 3143 3144 3121
f 3012 3072 3073
f 2953 2952 2984
f 2953 2984 3042
f 2983 2951 2950
f 2983 2950 2925
f 2801 2893 2860
f 2801 2892 2893
f 2860 2893 2925
f 2949 2925 2893
f 1265 1178 1206
f 1460 1488 1489
f 1543 1489 1488
f 1658 1689 1659
f 1690 1659 1689
f 1660 1628 1659
f 1241 1270 1319
f 1241 1319 1292
f 1899 1859 1857
f 2019 1999 2018
f 1948 1923 1947
f 1897 1947 1923
f 1879 1947 1897
f 1879 1946 1947
f 1922 1945 1946
f 1973 1946 1945
f 1943 1920 1942
f 1997 1996 2040
f 1973 1996 1997
f 1973 1972 1996
f 1972 1995 1996
f 1806 1804 1805
f 1879 1896 1946
f 1872 1847 1846
f 1794 1825 1846
f 1825 1845 1846
f 1704 1792 1737
f 1848 1796 1874
f 1710 1711 1681
f 1509 1479 1508
f 1362 1390 1391
f 1806 1779 1778
f 1779 1751 1778
f 1720 1690 1719
f 1690 1689 1719
f 1720 1719 1751
f 1750 1751 1719
f 1655 1654 1685
f 1654 1684 1685
f 1658 1688 1689
f 1592 1564 1591
f 1622 1653 1654
f 1654 1653 1684
f 1655 1623 1654
f 1622 1654 1623
f 1962 1935 2005
f 1935 2031 2005
f 1962 2005 1985
f 2302 2253 2325
f 1936 2051 1963
f 1352 1246 1275
f 1352 1275 1297
f 1296 1275 1246
f 1324 1298 1297
f 1352 1298 1325
f 1352 1297 1298
f 1436 1491 1464
f 1352 1184 1215
f 1352 1215 1246
f 1184 1094 1155
f 1212 1155 1094
f 1184 1093 1094
f 1820 1734 1841
f 1734 1819 1841
f 1733 1734 1672
f 1734 1762 1672
f 1673 1611 1672
f 1673 1672 1762
f 1957 1885 1930
f 1761 1840 1818
f 1761 1817 1840
f 1818 1840 1865
f 1325 1298 1381
f 1324 1381 1298
f 1407 1439 1467
f 1348 1379 1380
f 1462 1434 1461
f 1461 1434 1402
f 1378 1402 1345
f 1347 1403 1379
f 1462 1403 1434
f 1436 1463 1491
f 1634 1664 1635
f 1545 1574 1521
f 1462 1461 1521
f 1461 1489 1521
f 1543 1520 1489
f 1489 1520 1521
f 2357 2331 2356
f 2331 2303 2356
f 2357 2452 2559
f 2609 2710 2740
f 2357 2402 2801
f 2703 2731 2732
f 2759 2760 2732
f 2759 2732 2731
f 2794 2792 2822
f 2703 2702 2731
f 2675 2701 2676
f 2731 2702 2701
f 2676 2701 2702
f 2324 2374 2350
f 2784 2755 2783
f 2784 2785 2755
f 2406 2335 2360
f 2510 2458 2484
f 2457 2484 2458
f 2406 2407 2335
f 2430 2407 2458
f 2226 2203 2225
f 2137 2160 2113
f 2558 2355 2505
f 2355 2530 2505
f 2504 2478 2450
f 2504 2580 2478
f 2580 2530 2478
f 2450 2478 2376
f 2502 2501 2556
f 2504 2579 2580
f 2736 2707 2683
f 2283 2330 2376
f 2450 2376 2330
f 2210 2354 2330
f 2283 2210 2330
f 1987 2052 2034
f 2173 1987 2034
f 2173 2080 2098
f 2324 2350 2349
f 2350 2325 2349
f 2253 2349 2325
f 2302 2281 2253
f 2208 2253 2281
f 2319 2318 2343
f 2319 2343 2320
f 3713 3715 3714
f 3704 3714 3715
f 3704 3694 3714
f 3694 3692 3703
f 3710 3703 3692
f 3711 3703 3710
f 3652 3667 3668
f 3693 3668 3667
f 3652 3651 3667
f 3679 3710 3680
f 3710 3692 3680
f 3309 3290 3308
f 3690 3676 3689
f 3689 3676 3665
f 3351 3329 3327
f 3660 3643 3659
f 3659 3643 3642
f 3562 3602 3583
f 3652 3653 3637
f 3658 3657 3670
f 3684 3670 3657
f 3658 3642 3657
f 3718 3708 3697
f 3708 3687 3697
f 3687 3686 3697
f 3698 3672 3687
f 3687 3672 3671
f 3659 3671 3672
f 3698 3661 3672
f 3660 3672 3661
f 3660 3659 3672
f 3604 3627 3584
f 3605 3627 3643
f 3453 3498 3473
f 3499 3473 3498
f 3454 3473 3499
f 3562 3583 3540
f 3563 3540 3583
f 3563 3519 3540
f 3575 3577 3576
f 3575 3618 3595
f 3575 3595 3577
f 3650 3651 3636
f 3652 3636 3651
f 1913 1914 1891
f 1847 1873 1827
f 1872 1892 1847
f 1872 1891 1892
f 1870 1845 1844
f 1845 1826 1844
f 1445 1412 1444
f 1614 1584 1647
f 1555 1613 1584
f 1613 1645 1584
f 1647 1584 1645
f 1530 1556 1557
f 1707 1738 1708
f 1739 1708 1738
f 1739 1740 1708
f 1615 1649 1586
f 1445 1499 1500
f 1445 1444 1499
f 1529 1583 1499
f 1529 1499 1528
f 1445 1446 1413
f 1445 1500 1446
f 1447 1413 1446
f 1447 1446 1501
f 1501 1446 1500
f 1613 1643 1644
f 1645 1644 1674
f 1703 1645 1674
f 1766 1823 1674
f 1823 1703 1674
f 1498 1642 1612
f 1644 1643 1642
f 1498 1216 1642
f 1888 1766 1642
f 1888 1642 2054
f 2081 2054 1642
f 2081 1642 1216
f 1474 1448 1414
f 1416 1414 1448
f 1503 1473 1502
f 1530 1503 1502
f 1530 1502 1501
f 1501 1502 1473
f 1326 1278 1277
f 1326 1354 1355
f 1326 1277 1354
f 1384 1471 1442
f 1384 1498 1471
f 1472 1443 1471
f 1472 1411 1443
f 1057 1116 1087
f 808 838 839
f 808 778 745
f 810 778 839
f 808 839 778
f 553 521 580
f 580 521 552
f 553 580 581
f 615 580 579
f 580 552 579
f 742 714 682
f 681 682 646
f 742 775 806
f 864 865 834
f 835 834 865
f 964 935 916
f 917 916 935
f 864 914 865
f 915 865 914
f 911 912 862
f 863 862 912
f 991 989 1018
f 604 605 539
f 573 603 538
f 604 539 603
f 538 603 539
f 711 712 677
f 678 677 712
f 1036 1066 1067
f 1104 1135 1105
f 1132 1162 1163
f 1104 1103 1134
f 1104 1134 1135
f 1165 1135 1134
f 1281 1251 1280
f 1300 1301 1280
f 1281 1280 1301
f 1300 1280 1279
f 1222 1252 1191
f 1281 1252 1251
f 1222 1251 1252
f 1223 1191 1252
f 1223 1252 1253
f 1328 1329 1301
f 1328 1357 1329
f 1358 1329 1357
f 973 1063 1031
f 1004 1032 1033
f 1063 1032 1031
f 1304 1334 1335
f 987 1014 1015
f 1071 1138 1072
f 1044 1073 1074
f 1139 1074 1073
f 1139 1073 1138
f 1138 1073 1072
f 987 986 1014
f 1016 1015 1046
f 879 845 878
f 753 878 845
f 753 845 820
f 789 755 788
f 433 397 432
f 468 432 397
f 927 950 951
f 950 982 951
f 927 901 950
f 884 900 901
f 423 356 319
f 92 319 290
f 92 290 260
f 34 61 62
f 35 68 69
f 36 73 74
f 37 36 74
f 144 145 109
f 205 206 174
f 140 178 141
f 105 104 141
f 140 141 104
f 105 141 142
f 142 141 179
f 178 179 141
f 272 273 243
f 210 243 211
f 259 315 289
f 318 289 317
f 259 289 318
f 315 316 289
f 317 289 316
f 259 258 315
f 196 128 165
f 196 91 128
f 451 486 487
f 485 521 486
f 553 486 521
f 417 486 418
f 451 418 486
f 352 417 418
f 315 314 316
f 353 316 314
f 226 253 227
f 253 287 227
f 226 227 191
f 416 351 415
f 350 415 351
f 287 312 313
f 287 313 351
f 350 351 313
f 159 189 160
f 161 160 190
f 190 160 189
f 50 51 28
f 161 125 160
f 159 125 124
f 159 160 125
f 86 87 51
f 86 123 87
f 124 87 123
f 48 26 25
f 48 49 26
f 13 25 26
f 55 10 11
f 55 4 10
f 4 9 10
f 15 8 7
f 15 9 8
f 2 7 8
f 2 8 9
f 3151 3128 3176
f 3412 3479 3414
f 3436 3478 3410
f 3412 3478 3479
f 3436 3522 3478
f 3587 3629 3608
f 3587 3608 3588
f 3524 3543 3479
f 3183 3184 3159
f 3326 3286 3285
f 3326 3285 3325
f 3412 3411 3370
f 3412 3390 3411
f 3347 3370 3411
f 3347 3411 3349
f 3410 3370 3369
f 3346 3369 3347
f 3347 3369 3370
f 3283 3304 3305
f 3346 3325 3305
f 3346 3305 3345
f 3304 3345 3305
f 3282 3345 3304
f 3202 3203 3204
f 3202 3201 3203
f 3283 3260 3304
f 3231 3259 3260
f 3179 3230 3180
f 3201 3180 3230
f 3256 3281 3302
f 3321 3365 3323
f 3321 3323 3342
f 3365 3435 3434
f 3367 3434 3344
f 3097 3121 3098
f 2763 2764 2737
f 2763 2793 2764
f 2794 2823 2795
f 2794 2822 2823
f 2852 2824 2823
f 2795 2823 2824
f 3293 3311 3312
f 3398 3423 3399
f 3486 3487 3460
f 3163 3118 3117
f 3116 3090 3089
f 3093 3092 3118
f 3091 3117 3092
f 3118 3092 3117
f 3139 3161 3140
f 3139 3140 3141
f 3161 3185 3140
f 3162 3141 3140
f 3331 3292 3291
f 3311 3292 3332
f 3162 3140 3186
f 3185 3186 3140
f 3210 3211 3185
f 2455 2454 2480
f 2480 2454 2426
f 2404 2380 2403
f 2404 2403 2426
f 2379 2426 2403
f 2379 2403 2358
f 2259 2214 2286
f 2259 2238 2214
f 2358 2403 2333
f 2380 2333 2403
f 2359 2333 2380
f 2358 2333 2304
f 2286 2304 2333
f 2305 2287 2333
f 2286 2333 2287
f 2382 2334 2381
f 2382 2306 2334
f 2305 2334 2306
f 2359 2381 2334
f 2305 2333 2334
f 2359 2334 2333
f 2288 2289 2262
f 2288 2306 2289
f 2307 2289 2306
f 2059 2086 2036
f 2059 2036 2010
f 1848 1874 1893
f 1941 1942 1919
f 1920 1919 1942
f 1918 1919 1893
f 1920 1893 1919
f 2288 2261 2260
f 2239 2260 2261
f 2263 2240 2261
f 2239 2261 2240
f 2263 2261 2262
f 2288 2262 2261
f 2152 2129 2128
f 2104 2128 2129
f 2179 2151 2178
f 2152 2151 2153
f 2179 2153 2151
f 2152 2128 2151
f 2239 2198 2238
f 2238 2198 2213
f 2088 2106 2107
f 2062 2012 2061
f 2728 2727 2756
f 2785 2756 2727
f 2809 2838 2869
f 2837 2869 2838
f 2837 2838 2808
f 2776 2838 2777
f 2776 2808 2838
f 2692 2691 2718
f 2776 2747 2746
f 2747 2718 2746
f 2749 2748 2777
f 2719 2748 2749
f 2777 2748 2747
f 2637 2687 2611
f 2612 2611 2687
f 2637 2741 2687
f 2534 2535 2508
f 2483 2508 2535
f 2534 2508 2482
f 2483 2482 2508
f 2534 2564 2535
f 2582 2564 2611
f 2582 2535 2564
f 2742 2772 2713
f 2639 2665 2714
f 2714 2665 2690
f 2715 2690 2665
f 2715 2665 2713
f 2954 2927 2861
f 2954 2861 2802
f 2832 2802 2861
f 2954 2955 2927
f 3044 3076 3045
f 3044 3043 3076
f 3196 3076 3043
f 3196 3174 3076
f 2843 2874 2875
f 2785 2844 2815
f 2843 2875 2844
f 2784 2844 2785
f 2784 2814 2844
f 2843 2844 2814
f 2815 2844 2845
f 3115 3138 3086
f 3086 3138 3087
f 3139 3087 3138
f 2810 2839 2840
f 2809 2839 2778
f 2841 2812 2811
f 2841 2842 2812
f 2994 2993 2992
f 2994 2992 3023
f 3020 3021 2991
f 2964 2965 2963
f 2964 2966 2965
f 2964 2995 2996
f 2964 2996 2966
f 3135 3156 3158
f 3135 3158 3159
f 3182 3183 3158
f 3183 3159 3158
f 2745 2775 2746
f 2776 2746 2775
f 2715 2713 2743
f 2713 2772 2743
f 2958 2957 2985
f 2957 3016 2985
f 3045 2985 3016
f 3109 3110 3081
f 3130 3131 3110
f 3109 3129 3130
f 3109 3108 3129
f 3108 3128 3129
f 3151 3129 3128
f 2959 2989 2960
f 2990 2989 3019
f 2990 2960 2989
f 3078 3106 3079
f 2836 2866 2867
f 2836 2867 2837
f 2868 2837 2867
f 2868 2867 2900
f 2865 2898 2866
f 2958 2898 2957
f 2957 2898 2956
f 2900 2928 2901
f 2868 2900 2901
f 2286 2236 2258
f 2286 2214 2236
f 2257 2236 2197
f 2257 2258 2236
f 2213 2197 2236
f 3224 3252 3275
f 3299 3275 3319
f 3222 3318 3251
f 3317 3250 3297
f 3317 3297 3404
f 3452 3430 3469
f 3319 3362 3339
f 3384 3339 3362
f 3381 3360 3337
f 3381 3336 3404
f 3317 3404 3336
f 3381 3318 3336
f 3318 3317 3336
f 3382 3360 3429
f 3471 3431 3496
f 3449 3426 3448
f 3171 3170 3220
f 3171 3220 3191
f 3249 3191 3220
f 3171 3146 3170
f 3171 3102 3146
f 3122 3144 3145
f 3097 3189 3121
f 3143 3121 3189
f 3121 3144 3099
f 3069 3098 3099
f 3121 3099 3098
f 3215 3244 3187
f 2976 2975 3004
f 3033 3034 3004
f 3093 3064 3092
f 3073 3072 3101
f 3122 3101 3072
f 3041 3070 3071
f 3012 3042 3071
f 3012 3071 3072
f 3122 3072 3100
f 3070 3100 3071
f 3072 3071 3100
f 1265 1206 1237
f 1151 1205 1178
f 1206 1178 1205
f 1206 1205 1204
f 1315 1266 1237
f 1265 1237 1266
f 723 693 722
f 875 818 817
f 751 786 722
f 1487 1488 1433
f 1398 1371 1397
f 1482 1483 1455
f 1313 1312 1343
f 1484 1515 1516
f 1539 1516 1515
f 1660 1630 1629
f 1660 1629 1628
f 1628 1629 1597
f 1598 1597 1629
f 1241 1271 1210
f 1241 1292 1271
f 1378 1293 1319
f 1378 1345 1293
f 1292 1319 1293
f 1292 1293 1271
f 1902 1880 1834
f 1901 1926 1902
f 1806 1807 1779
f 1806 1805 1807
f 1997 1998 1974
f 1997 1974 1947
f 1948 1947 1974
f 1943 1971 1972
f 1972 1971 1995
f 1943 1942 1971
f 1973 1944 1972
f 1973 1945 1944
f 1943 1972 1944
f 1943 1944 1945
f 2110 2065 2091
f 1995 2015 1996
f 2040 1996 2015
f 1879 1897 1855
f 1696 1725 1726
f 1696 1694 1725
f 1693 1694 1663
f 1634 1633 1663
f 1634 1663 1664
f 1694 1664 1663
f 1693 1662 1723
f 1693 1663 1662
f 1633 1632 1662
f 1633 1662 1663
f 1779 1722 1721
f 1693 1723 1724
f 1780 1724 1723
f 1693 1724 1694
f 1694 1724 1725
f 1824 1825 1793
f 1824 1793 1792
f 1794 1793 1825
f 1873 1828 1827
f 1361 1417 1390
f 1361 1416 1417
f 1416 1449 1417
f 1390 1417 1391
f 1449 1477 1417
f 1710 1743 1711
f 1710 1742 1743
f 1797 1769 1796
f 1684 1716 1685
f 1685 1716 1686
f 1803 1776 1775
f 1747 1775 1776
f 1747 1776 1748
f 1689 1718 1719
f 1750 1719 1718
f 1689 1688 1718
f 1592 1593 1564
f 1822 1821 1866
f 1820 1866 1764
f 1764 1866 1821
f 1960 1984 1866
f 1985 2005 2050
f 1910 1985 2050
f 2277 2229 2228
f 2277 2278 2229
f 2163 2164 2138
f 2163 2117 2116
f 2163 2138 2117
f 2118 2117 2138
f 2118 2094 2117
f 1986 2032 2079
f 1986 2079 2121
f 2169 2079 2032
f 2208 2121 2193
f 2052 1963 2097
f 1963 2051 2097
f 1986 2033 2006
f 1936 2006 2033
f 1936 2033 2051
f 1210 1271 1211
f 1246 1215 1245
f 1214 1245 1215
f 1214 1274 1245
f 1296 1246 1245
f 1296 1245 1274
f 1296 1323 1349
f 1296 1274 1323
f 1348 1380 1323
f 1349 1323 1380
f 1214 1244 1274
f 1274 1244 1323
f 1212 1182 1155
f 1213 1183 1182
f 1028 1029 1002
f 1184 1002 1029
f 2163 2162 2204
f 1820 1934 1866
f 1960 1866 1934
f 1352 1382 1383
f 1352 1383 1409
f 1407 1468 1382
f 1494 1468 1467
f 1407 1467 1468
f 1611 1582 1671
f 1673 1582 1611
f 1817 1839 1885
f 1817 1864 1840
f 1325 1381 1350
f 1352 1325 1350
f 1696 1695 1694
f 1694 1695 1664
f 1546 1522 1491
f 1491 1522 1464
f 1436 1405 1463
f 1436 1349 1405
f 1349 1380 1405
f 1379 1403 1404
f 1379 1404 1380
f 1546 1491 1490
f 1491 1463 1490
f 1462 1521 1490
f 1462 1490 1403
f 1403 1490 1404
f 1546 1574 1575
f 1574 1635 1575
f 1603 1575 1635
f 1634 1635 1602
f 1574 1602 1635
f 1634 1602 1633
f 1633 1602 1601
f 1600 1601 1573
f 1545 1573 1574
f 1574 1573 1602
f 1601 1602 1573
f 1633 1631 1632
f 1633 1601 1631
f 1600 1631 1601
f 1545 1521 1544
f 1521 1520 1544
f 1543 1544 1520
f 1816 1838 1884
f 1906 1839 1884
f 1816 1884 1839
f 1494 1549 1579
f 1730 1729 1787
f 1730 1699 1729
f 1815 1837 1789
f 1760 1759 1789
f 1815 1759 1788
f 1815 1789 1759
f 2357 2378 2332
f 2357 2356 2378
f 2801 2402 2561
f 2684 2635 2660
f 2798 2829 2710
f 2740 2710 2829
f 2740 2829 2799
f 2830 2799 2829
f 2798 2827 2856
f 2798 2769 2827
f 2768 2827 2769
f 2798 2856 2828
f 2798 2828 2829
f 2857 2829 2828
f 2948 2947 2949
f 2948 2891 2947
f 2857 2924 2858
f 2891 2858 2947
f 2924 2947 2858
f 2830 2829 2858
f 2857 2858 2829
f 2882 2883 2881
f 2921 2887 2886
f 2921 2886 2885
f 2850 2822 2821
f 2791 2821 2792
f 2792 2821 2822
f 2850 2851 2822
f 2883 2851 2881
f 2850 2881 2851
f 2422 2473 2474
f 2731 2701 2700
f 2375 2353 2354
f 2354 2353 2477
f 2449 2477 2353
f 2423 2400 2352
f 2449 2400 2477
f 2502 2477 2400
f 2450 2330 2424
f 2354 2424 2330
f 2499 2498 2525
f 2468 2496 2469
f 2470 2445 2444
f 2324 2348 2374
f 2472 2473 2446
f 2624 2650 2651
f 2721 2693 2720
f 2720 2693 2667
f 2721 2722 2693
f 2783 2755 2754
f 2624 2651 2625
f 2468 2495 2496
f 2624 2625 2596
f 2263 2262 2264
f 2309 2291 2264
f 2430 2431 2408
f 2430 2408 2407
f 2335 2407 2361
f 2335 2361 2309
f 2493 2441 2440
f 2441 2418 2440
f 2161 2115 2114
f 2161 2114 2160
f 2160 2114 2113
f 2115 2071 2114
f 2580 2606 2530
f 2530 2606 2505
f 2762 2734 2761
f 2502 2556 2557
f 2502 2557 2477
f 2558 2505 2607
f 2052 2145 2034
f 2352 2353 2209
f 3713 3714 3712
f 3711 3713 3712
f 3711 3712 3703
f 3651 3666 3667
f 3650 3666 3651
f 3667 3666 3680
f 3679 3666 3650
f 3679 3680 3666
f 3309 3308 3330
f 3398 3330 3355
f 3398 3331 3330
f 3309 3330 3331
f 3309 3310 3290
f 3290 3310 3266
f 3309 3331 3310
f 3331 3291 3310
f 3267 3266 3310
f 3267 3310 3291
f 3398 3355 3397
f 3374 3396 3375
f 3396 3397 3375
f 3485 3442 3459
f 3459 3442 3419
f 3395 3419 3420
f 3419 3442 3420
f 3548 3505 3504
f 3487 3461 3460
f 3593 3616 3634
f 3593 3592 3616
f 3633 3634 3616
f 3679 3633 3632
f 3633 3616 3632
f 3592 3632 3616
f 3552 3529 3551
f 3505 3528 3506
f 3551 3528 3572
f 3506 3528 3529
f 3551 3529 3528
f 3486 3509 3510
f 3486 3510 3487
f 3531 3510 3509
f 3531 3511 3510
f 3553 3531 3530
f 3553 3530 3552
f 3531 3509 3530
f 3552 3530 3529
f 3547 3526 3546
f 3690 3702 3677
f 3690 3677 3676
f 3569 3612 3613
f 3611 3647 3612
f 3647 3665 3648
f 3647 3648 3612
f 3613 3612 3648
f 3347 3349 3348
f 3390 3391 3371
f 3642 3643 3626
f 3604 3626 3627
f 3643 3627 3626
f 3704 3681 3694
f 3704 3695 3681
f 3668 3669 3654
f 3652 3668 3654
f 3652 3654 3653
f 3497 3518 3498
f 3618 3596 3595
f 3555 3533 3554
f 1872 1871 1891
f 1913 1871 1890
f 1913 1891 1871
f 1870 1871 1845
f 1870 1890 1871
f 2081 2099 2055
f 2081 2055 2054
f 2099 2035 2055
f 1913 1964 1914
f 1965 1914 1964
f 1965 1964 1988
f 1938 1964 1913
f 1914 1939 1915
f 1966 1915 1939
f 1967 1915 1966
f 1892 1915 1916
f 1967 1916 1915
f 1614 1585 1584
f 1555 1585 1556
f 1555 1584 1585
f 1680 1650 1679
f 1707 1708 1678
f 1707 1678 1649
f 1649 1678 1679
f 1740 1678 1708
f 1740 1679 1678
f 1766 1674 1765
f 1644 1765 1674
f 1766 1765 1642
f 1644 1642 1765
f 1474 1475 1448
f 1279 1280 1250
f 1251 1250 1280
f 1222 1221 1251
f 1222 1190 1221
f 1251 1221 1250
f 1220 1250 1221
f 1222 1160 1190
f 1384 1354 1353
f 1277 1353 1354
f 1356 1355 1410
f 1442 1471 1410
f 1443 1410 1471
f 937 936 967
f 1178 1179 1119
f 1057 1022 966
f 1022 967 966
f 936 966 967
f 1116 1086 1115
f 1151 1178 1118
f 1178 1119 1118
f 1088 1118 1119
f 743 744 715
f 715 744 745
f 743 714 744
f 868 838 837
f 553 582 554
f 553 581 582
f 616 582 581
f 485 520 521
f 552 521 520
f 743 683 714
f 682 714 683
f 616 683 649
f 743 715 683
f 715 649 683
f 1083 1082 1113
f 1084 1083 1113
f 991 1018 1019
f 775 805 806
f 864 805 804
f 864 834 805
f 742 806 776
f 742 776 714
f 835 865 867
f 915 916 867
f 915 867 865
f 934 914 913
f 863 912 913
f 934 913 912
f 911 933 912
f 934 912 933
f 861 909 910
f 908 958 909
f 911 862 833
f 861 910 833
f 911 833 910
f 989 1049 1018
f 1050 1018 1049
f 641 674 607
f 510 539 540
f 605 540 539
f 505 470 432
f 471 470 507
f 159 123 158
f 122 158 123
f 957 1015 988
f 1016 988 1015
f 957 988 958
f 910 909 932
f 1104 1040 1039
f 1104 1069 1103
f 1104 1039 1069
f 1038 1069 1039
f 1036 1067 1037
f 1066 1101 1067
f 1132 1102 1101
f 1067 1101 1102
f 1223 1254 1224
f 1223 1224 1191
f 1223 1253 1303
f 1223 1303 1254
f 756 757 728
f 789 788 846
f 879 846 845
f 820 845 846
f 789 846 821
f 847 821 846
f 1033 1034 977
f 923 944 924
f 973 944 923
f 945 924 944
f 945 944 975
f 1304 1335 1305
f 1256 1228 1227
f 1170 1169 1196
f 1139 1169 1140
f 1044 1043 1073
f 1072 1073 1043
f 1226 1168 1167
f 1226 1255 1168
f 927 902 901
f 884 901 902
f 1044 1013 1043
f 984 1043 1013
f 1014 986 1013
f 1044 1074 1013
f 1074 1014 1013
f 1077 1107 1108
f 1016 1046 1047
f 1077 1076 1107
f 1226 1285 1255
f 1304 1305 1285
f 659 658 695
f 753 695 658
f 753 724 695
f 789 726 755
f 753 658 624
f 753 624 973
f 468 469 432
f 505 432 469
f 57 58 33
f 57 94 58
f 99 62 98
f 61 98 62
f 262 234 233
f 319 356 320
f 319 320 290
f 93 129 94
f 92 129 93
f 92 166 129
f 64 63 101
f 34 63 64
f 34 62 63
f 143 107 142
f 145 110 109
f 111 110 145
f 72 110 73
f 72 109 110
f 111 74 110
f 73 110 74
f 510 509 539
f 538 539 509
f 67 66 104
f 64 65 66
f 34 64 66
f 34 66 33
f 67 35 66
f 33 66 35
f 206 175 174
f 138 137 175
f 174 175 137
f 174 137 173
f 140 104 103
f 140 103 139
f 65 102 103
f 65 103 66
f 104 66 103
f 200 234 235
f 203 237 204
f 240 208 207
f 176 207 208
f 205 238 206
f 176 208 177
f 140 177 178
f 176 177 139
f 140 139 177
f 300 270 269
f 271 241 270
f 240 269 241
f 270 241 269
f 398 366 397
f 329 328 364
f 300 269 299
f 298 299 269
f 338 305 336
f 305 304 336
f 420 385 384
f 196 231 259
f 259 231 258
f 196 195 257
f 196 257 231
f 258 231 257
f 55 32 54
f 91 127 128
f 90 127 54
f 55 127 91
f 55 54 127
f 353 418 419
f 451 419 418
f 420 419 451
f 420 384 419
f 228 192 287
f 287 192 227
f 228 193 192
f 161 126 125
f 90 126 127
f 287 351 288
f 287 288 255
f 352 288 351
f 352 314 288
f 256 288 314
f 256 255 288
f 9 17 10
f 16 17 15
f 15 17 9
f 124 125 88
f 51 87 88
f 124 88 87
f 13 26 14
f 13 14 6
f 6 14 7
f 15 7 14
f 3226 3278 3227
f 3151 3152 3129
f 3130 3129 3152
f 3629 3646 3630
f 3629 3663 3646
f 3664 3646 3663
f 3664 3610 3646
f 3610 3630 3646
f 3610 3609 3630
f 3629 3630 3609
f 3629 3609 3608
f 3567 3608 3609
f 3412 3413 3390
f 3412 3414 3413
f 3390 3413 3391
f 3522 3523 3478
f 3524 3479 3523
f 3479 3478 3523
f 3567 3566 3608
f 3588 3608 3566
f 3567 3609 3568
f 3610 3568 3609
f 3526 3568 3546
f 3136 3159 3137
f 3159 3184 3137
f 3115 3137 3138
f 3183 3204 3206
f 3286 3263 3262
f 3286 3262 3285
f 3390 3389 3411
f 3349 3411 3389
f 3349 3389 3350
f 3390 3371 3389
f 3371 3350 3389
f 3346 3387 3369
f 3346 3345 3387
f 3259 3258 3260
f 3304 3260 3258
f 3259 3203 3258
f 3201 3258 3203
f 3324 3344 3368
f 3282 3324 3368
f 3282 3368 3345
f 3156 3157 3158
f 3156 3155 3157
f 3180 3157 3155
f 3280 3321 3301
f 3321 3322 3301
f 3280 3255 3279
f 3256 3230 3255
f 3256 3255 3281
f 3367 3344 3343
f 3324 3343 3344
f 3095 3096 3066
f 3097 3096 3120
f 3034 3035 3005
f 2976 3004 3005
f 3034 3005 3004
f 2888 2889 2857
f 2857 2889 2924
f 2888 2887 2889
f 2852 2853 2824
f 2885 2853 2884
f 2852 2884 2853
f 2795 2824 2796
f 2936 2935 2970
f 2849 2820 2848
f 3401 3402 3379
f 3311 3332 3357
f 3311 3357 3312
f 3356 3357 3332
f 3092 3064 3063
f 3293 3242 3269
f 3241 3269 3242
f 3163 3214 3187
f 3215 3187 3214
f 3239 3212 3211
f 3239 3241 3212
f 3185 3212 3186
f 3185 3211 3212
f 3267 3238 3266
f 3267 3239 3238
f 3239 3211 3238
f 2404 2426 2453
f 2426 2454 2453
f 2238 2213 2237
f 2238 2237 2214
f 2213 2236 2237
f 2214 2237 2236
f 2335 2309 2308
f 2307 2360 2308
f 2335 2308 2360
f 1991 2010 2011
f 2010 2036 2011
f 1991 1992 1970
f 1918 1917 1940
f 1941 1940 1970
f 1990 2010 1969
f 1917 1969 1940
f 1970 1940 1969
f 1991 1969 2010
f 1991 1970 1969
f 2215 2216 2199
f 2215 2241 2216
f 2132 2133 2106
f 2106 2133 2107
f 2088 2107 2089
f 2062 2061 2089
f 2088 2089 2061
f 2062 2089 2063
f 2108 2063 2089
f 2785 2815 2786
f 2785 2786 2756
f 2716 2717 2691
f 2691 2717 2718
f 2718 2717 2746
f 2745 2717 2716
f 2745 2746 2717
f 2613 2612 2663
f 2612 2687 2663
f 2688 2663 2687
f 2712 2664 2741
f 2562 2581 2563
f 2534 2507 2563
f 2581 2611 2563
f 2611 2564 2563
f 2534 2563 2564
f 2639 2638 2665
f 2688 2664 2638
f 2927 2896 2861
f 2862 2861 2896
f 3044 3015 3043
f 2956 2955 3015
f 2957 3015 3044
f 2957 2956 3015
f 2954 3043 3014
f 2954 3014 2955
f 3043 3015 3014
f 2955 3014 3015
f 3053 3083 3084
f 3026 3056 3027
f 3028 3027 3056
f 3139 3088 3087
f 3059 3087 3088
f 3086 3087 3058
f 3059 3058 3087
f 3029 3058 3059
f 3029 3028 3058
f 2809 2870 2839
f 2904 2870 2869
f 2809 2869 2870
f 2778 2839 2779
f 2749 2778 2779
f 2810 2779 2839
f 2811 2812 2781
f 2782 2781 2812
f 2871 2906 2872
f 2871 2905 2906
f 2966 2997 2967
f 2966 2996 2997
f 3132 3155 3134
f 3156 3134 3155
f 3135 3134 3156
f 2715 2743 2744
f 3045 3047 3017
f 3045 3017 2985
f 3018 3077 3078
f 3078 3077 3106
f 3018 3047 3077
f 3174 3149 3126
f 3198 3150 3197
f 3198 3176 3150
f 3196 3175 3174
f 3196 3197 3175
f 3174 3175 3149
f 3149 3175 3150
f 3197 3150 3175
f 3020 3049 3021
f 3132 3112 3111
f 3110 3111 3081
f 3109 3081 3080
f 3020 3048 3080
f 3081 3049 3080
f 3020 3080 3049
f 2900 2867 2899
f 2866 2899 2867
f 2866 2898 2899
f 2900 2899 2928
f 2958 2928 2899
f 2958 2899 2898
f 2776 2807 2808
f 2776 2775 2807
f 2865 2866 2835
f 2836 2835 2866
f 2990 2991 2961
f 2928 2929 2901
f 2902 2929 2930
f 2902 2901 2929
f 2960 2930 2929
f 2959 2960 2929
f 3224 3275 3253
f 3274 3298 3252
f 3252 3298 3275
f 3319 3275 3298
f 3195 3194 3223
f 3316 3335 3297
f 3404 3297 3335
f 3296 3380 3335
f 3382 3405 3361
f 3384 3406 3432
f 3384 3362 3406
f 3432 3406 3431
f 3452 3431 3406
f 3431 3470 3496
f 3497 3471 3517
f 3466 3450 3465
f 3449 3450 3427
f 3428 3427 3450
f 3466 3467 3450
f 3428 3450 3467
f 3449 3427 3403
f 3402 3426 3403
f 3449 3403 3426
f 3402 3359 3379
f 3496 3470 3515
f 3492 3535 3493
f 3535 3557 3536
f 3535 3536 3493
f 3296 3334 3380
f 3270 3169 3189
f 3143 3189 3169
f 3144 3169 3218
f 3143 3169 3144
f 3188 3245 3246
f 3270 3189 3246
f 3164 3187 3165
f 3187 3244 3165
f 1177 1175 1201
f 1147 1175 1148
f 1177 1148 1175
f 1147 1146 1175
f 1177 1201 1202
f 1203 1177 1202
f 1261 1262 1235
f 1201 1235 1202
f 1203 1204 1150
f 1151 1087 1150
f 1116 1150 1087
f 1088 1089 1060
f 1290 1291 1268
f 1270 1268 1291
f 1318 1319 1291
f 1270 1291 1319
f 937 938 891
f 1091 970 1122
f 969 970 941
f 785 874 816
f 922 819 818
f 922 786 819
f 818 819 817
f 723 722 752
f 722 786 752
f 922 723 752
f 922 752 786
f 922 818 844
f 922 844 876
f 875 844 818
f 875 876 844
f 875 942 877
f 875 877 876
f 895 877 942
f 922 877 895
f 922 876 877
f 1484 1458 1483
f 1511 1512 1513
f 1261 1260 1311
f 1539 1569 1540
f 1272 1321 1294
f 1272 1271 1321
f 1902 1834 1860
f 1901 1902 1860
f 1901 1860 1859
f 1880 1861 1834
f 1779 1807 1752
f 1779 1752 1722
f 1723 1722 1752
f 1780 1723 1752
f 1899 1900 1859
f 1901 1859 1900
f 2040 2065 2041
f 2066 2041 2110
f 2110 2041 2065
f 1998 2016 2017
f 1997 2016 1998
f 1997 2040 2016
f 2040 2041 2016
f 2066 2017 2016
f 2066 2016 2041
f 1920 1894 1893
f 1875 1894 1921
f 1943 1945 1921
f 1922 1921 1945
f 1943 1921 1920
f 1920 1921 1894
f 2108 2090 2063
f 1995 2014 2015
f 1804 1854 1855
f 1803 1854 1804
f 1803 1802 1854
f 1853 1854 1802
f 1879 1855 1854
f 1879 1854 1896
f 1853 1896 1854
f 1896 1852 1878
f 1853 1852 1896
f 1660 1661 1630
f 1723 1662 1661
f 1632 1661 1662
f 1792 1767 1737
f 1792 1793 1767
f 1794 1767 1793
f 1738 1736 1737
f 1615 1648 1649
f 1707 1649 1648
f 1827 1828 1795
f 1847 1827 1795
f 1742 1741 1769
f 1622 1591 1590
f 1683 1682 1713
f 1712 1713 1682
f 1681 1682 1651
f 1712 1682 1711
f 1711 1682 1681
f 1418 1391 1450
f 1391 1417 1450
f 1417 1477 1450
f 1506 1561 1507
f 1508 1507 1561
f 1506 1507 1477
f 1797 1849 1829
f 1797 1829 1798
f 1798 1829 1830
f 1655 1685 1656
f 1685 1686 1656
f 1750 1749 1748
f 1747 1748 1749
f 1747 1749 1716
f 1750 1748 1777
f 1748 1776 1777
f 1750 1777 1751
f 1751 1777 1778
f 1806 1777 1804
f 1806 1778 1777
f 1564 1593 1565
f 1822 1866 1887
f 1935 1867 1887
f 1822 1887 1867
f 1984 1887 1866
f 1984 1961 1887
f 2031 2078 2005
f 2324 2301 2348
f 2322 2301 2300
f 2188 2165 2164
f 2322 2300 2279
f 2229 2278 2251
f 2252 2251 2279
f 2074 2046 2094
f 2094 2046 2117
f 2208 2193 2280
f 2208 2280 2253
f 2253 2280 2349
f 2300 2280 2192
f 2300 2301 2280
f 2324 2349 2280
f 2324 2280 2301
f 2144 2051 2170
f 2051 2033 2170
f 2208 2170 2121
f 2208 2281 2170
f 1210 1124 1123
f 1271 1242 1211
f 1181 1211 1242
f 1348 1323 1295
f 1212 1273 1182
f 1213 1182 1273
f 1212 1272 1273
f 1272 1294 1273
f 1323 1273 1295
f 1213 1273 1244
f 1323 1244 1273
f 1212 1094 1154
f 1181 1154 1125
f 1181 1242 1154
f 1212 1154 1242
f 1094 1093 1154
f 1093 1125 1154
f 1184 1030 1093
f 1184 1029 1030
f 1882 1881 1904
f 2226 2225 2274
f 2226 2274 2275
f 1820 1841 1886
f 1820 1886 1934
f 1960 1934 2029
f 1352 1470 1673
f 1352 1409 1470
f 2003 2002 2001
f 2024 2003 2001
f 1957 1980 2026
f 2003 1980 2002
f 1957 1930 1980
f 1930 1956 1980
f 2002 1980 1956
f 1954 2001 1956
f 2002 1956 2001
f 1957 1931 1885
f 1439 1351 1381
f 1407 1351 1439
f 1381 1351 1350
f 1407 1382 1351
f 1352 1351 1382
f 1352 1350 1351
f 1439 1381 1438
f 1381 1437 1438
f 1439 1438 1467
f 1381 1406 1437
f 1436 1464 1406
f 1436 1406 1349
f 1492 1547 1523
f 1577 1578 1548
f 1606 1578 1638
f 1606 1579 1578
f 1579 1549 1578
f 1464 1522 1465
f 1492 1437 1465
f 1463 1435 1490
f 1404 1490 1435
f 1463 1405 1435
f 1815 1788 1814
f 1698 1728 1729
f 1697 1726 1727
f 1697 1727 1728
f 1760 1731 1670
f 1760 1670 1609
f 1668 1699 1640
f 1698 1729 1667
f 1729 1699 1667
f 1668 1667 1699
f 1668 1639 1667
f 2558 2479 2377
f 2377 2479 2303
f 2303 2479 2356
f 2609 2506 2710
f 2801 2506 2609
f 2801 2561 2506
f 2768 2769 2739
f 2767 2709 2685
f 2660 2635 2532
f 2452 2532 2559
f 2660 2532 2634
f 2770 2830 2890
f 2830 2858 2890
f 2891 2890 2858
f 2770 2890 2831
f 2885 2884 2918
f 2551 2526 2525
f 2499 2525 2526
f 2449 2353 2329
f 2352 2329 2353
f 2449 2329 2400
f 2352 2400 2329
f 2524 2497 2496
f 2496 2497 2469
f 2374 2348 2397
f 2350 2420 2421
f 2350 2374 2420
f 2422 2421 2420
f 2422 2420 2473
f 2473 2420 2446
f 2783 2753 2782
f 2783 2754 2753
f 2522 2495 2521
f 2550 2524 2523
f 2550 2523 2549
f 2524 2496 2523
f 2567 2588 2568
f 2430 2460 2431
f 2486 2460 2485
f 2309 2310 2291
f 2362 2408 2383
f 2431 2383 2408
f 2418 2439 2440
f 2157 2158 2136
f 2159 2137 2158
f 2137 2111 2158
f 2024 2023 2071
f 2071 2023 2044
f 2071 2044 2070
f 2113 2114 2070
f 2071 2070 2114
f 2502 2400 2476
f 2502 2476 2501
f 2501 2476 2448
f 2423 2476 2400
f 2423 2448 2476
f 2422 2474 2447
f 2475 2447 2474
f 2501 2448 2447
f 2736 2735 2737
f 2763 2737 2735
f 2736 2706 2735
f 2603 2656 2657
f 2658 2630 2657
f 2603 2657 2604
f 2604 2657 2630
f 2556 2577 2557
f 2556 2555 2577
f 2603 2604 2577
f 2477 2557 2503
f 2659 2682 2683
f 2736 2683 2682
f 2736 2682 2706
f 2681 2680 2682
f 2706 2682 2680
f 2659 2683 2633
f 2505 2606 2633
f 2505 2633 2607
f 2684 2660 2708
f 2660 2634 2708
f 2707 2708 2683
f 2531 2708 2634
f 2558 2708 2531
f 2558 2607 2708
f 2683 2708 2633
f 2607 2633 2708
f 2173 2053 2080
f 2173 2034 2053
f 2375 2122 2256
f 2122 2209 2256
f 2375 2256 2353
f 2353 2256 2209
f 2393 2392 2391
f 2372 2392 2393
f 2318 2342 2343
f 2343 2342 2344
f 3398 3397 3422
f 3398 3422 3423
f 3355 3376 3397
f 3397 3376 3375
f 3354 3376 3355
f 3459 3441 3484
f 3485 3459 3484
f 3485 3484 3508
f 3507 3508 3484
f 3459 3419 3418
f 3395 3418 3419
f 3353 3329 3352
f 3351 3352 3329
f 3548 3504 3527
f 3547 3527 3504
f 3548 3527 3569
f 3569 3527 3547
f 3462 3461 3488
f 3487 3488 3461
f 3462 3445 3461
f 3423 3422 3445
f 3551 3572 3573
f 3574 3551 3573
f 3592 3615 3632
f 3679 3632 3678
f 3702 3710 3678
f 3679 3678 3710
f 3702 3678 3677
f 3505 3549 3528
f 3548 3570 3549
f 3548 3549 3505
f 3611 3612 3591
f 3611 3591 3610
f 3290 3265 3264
f 3290 3266 3265
f 3349 3328 3348
f 3349 3350 3328
f 3351 3327 3328
f 3351 3328 3350
f 3623 3640 3624
f 3642 3626 3625
f 3601 3624 3625
f 3684 3657 3656
f 3640 3639 3655
f 3623 3639 3640
f 3655 3639 3654
f 3653 3654 3639
f 3620 3619 3618
f 3618 3619 3596
f 3555 3576 3556
f 3492 3465 3464
f 3448 3463 3464
f 3449 3448 3464
f 3449 3464 3450
f 3465 3450 3464
f 3554 3533 3532
f 3531 3554 3532
f 3531 3532 3511
f 2054 1989 1988
f 2054 2055 1989
f 2035 1989 2055
f 1965 1989 2035
f 1965 1988 1989
f 1618 1617 1650
f 1650 1617 1679
f 1618 1588 1617
f 1506 1477 1476
f 1449 1476 1477
f 1506 1476 1505
f 1505 1475 1504
f 1503 1531 1504
f 1503 1504 1473
f 1220 1249 1250
f 1222 1161 1160
f 1222 1191 1161
f 1131 1161 1162
f 1191 1162 1161
f 1131 1130 1161
f 1160 1161 1130
f 1129 1160 1130
f 1442 1410 1385
f 1355 1385 1410
f 1384 1442 1385
f 1355 1354 1385
f 1384 1385 1354
f 1356 1410 1386
f 1356 1386 1357
f 1412 1357 1386
f 1412 1386 1411
f 1022 1023 967
f 937 967 1023
f 1088 1119 1120
f 1179 1120 1119
f 1088 1120 1089
f 936 965 966
f 917 935 965
f 936 890 918
f 937 890 936
f 937 891 890
f 840 890 891
f 868 869 838
f 917 869 868
f 839 838 869
f 839 869 918
f 917 918 869
f 1057 1056 1116
f 1116 1056 1086
f 1115 1086 1085
f 1084 1085 1054
f 1151 1117 1087
f 1151 1118 1117
f 554 582 583
f 617 648 649
f 616 649 648
f 616 648 582
f 414 450 415
f 615 646 647
f 616 581 647
f 616 647 683
f 682 647 646
f 682 683 647
f 615 647 580
f 580 647 581
f 1081 1112 1082
f 1082 1112 1113
f 1081 1082 1051
f 1050 1051 1018
f 1018 1051 1019
f 864 804 802
f 864 802 863
f 804 803 802
f 775 713 805
f 804 805 713
f 804 713 774
f 681 713 775
f 681 646 645
f 615 645 646
f 835 807 806
f 806 807 776
f 835 836 807
f 836 837 807
f 714 777 744
f 714 776 777
f 776 807 777
f 837 777 807
f 745 744 777
f 835 866 836
f 835 867 866
f 836 866 837
f 868 837 866
f 868 866 867
f 711 772 712
f 989 1017 1049
f 1016 1017 988
f 989 988 1017
f 1144 1146 1145
f 1077 1078 1047
f 641 607 606
f 510 540 475
f 861 833 770
f 908 909 860
f 861 860 909
f 832 859 860
f 908 860 859
f 47 83 84
f 47 84 85
f 121 84 120
f 83 120 84
f 156 121 120
f 122 121 157
f 122 157 158
f 156 157 121
f 252 189 224
f 678 644 677
f 678 611 644
f 610 644 611
f 989 931 988
f 958 988 931
f 958 931 909
f 909 931 932
f 1388 1331 1330
f 1359 1388 1330
f 1331 1302 1330
f 1253 1252 1282
f 1281 1282 1252
f 1281 1302 1282
f 1331 1282 1302
f 1253 1282 1303
f 1331 1303 1282
f 1038 1007 1037
f 1132 1163 1133
f 1132 1133 1102
f 1103 1133 1134
f 1103 1102 1133
f 1103 1068 1102
f 1038 1068 1069
f 1103 1069 1068
f 1067 1102 1068
f 1038 1037 1068
f 1067 1068 1037
f 1361 1360 1389
f 1389 1360 1331
f 792 757 791
f 756 791 757
f 820 846 787
f 788 787 846
f 753 820 787
f 753 787 788
f 879 896 880
f 945 896 924
f 945 880 896
f 878 923 896
f 879 878 896
f 923 924 896
f 977 978 946
f 1036 1035 1066
f 1066 1035 1065
f 1034 1065 1035
f 973 1031 1003
f 1335 1336 1305
f 1306 1305 1336
f 1418 1392 1391
f 1418 1419 1392
f 1367 1366 1421
f 1535 1510 1534
f 1535 1511 1510
f 1509 1510 1479
f 1509 1534 1510
f 1227 1194 1255
f 1255 1194 1168
f 1139 1194 1169
f 1139 1168 1194
f 1071 1072 1042
f 1072 1043 1042
f 1041 1042 1011
f 1071 1042 1041
f 1167 1168 1137
f 1139 1138 1137
f 1139 1137 1168
f 1226 1166 1193
f 1226 1167 1166
f 1167 1136 1166
f 984 952 983
f 903 904 887
f 1107 1141 1108
f 1140 1141 1107
f 1170 1141 1169
f 1140 1169 1141
f 1046 1045 1076
f 1074 1045 1014
f 1015 1014 1045
f 1015 1045 1046
f 1306 1286 1305
f 1305 1286 1285
f 1256 1227 1286
f 1227 1255 1286
f 1255 1285 1286
f 753 754 724
f 753 788 754
f 755 754 788
f 724 754 725
f 658 625 624
f 505 469 504
f 468 504 469
f 505 506 470
f 572 507 506
f 470 506 507
f 851 852 826
f 884 852 900
f 884 902 885
f 902 928 885
f 856 855 887
f 903 887 855
f 883 850 882
f 882 850 824
f 883 900 850
f 792 793 757
f 792 824 793
f 948 949 899
f 882 849 881
f 882 881 898
f 897 898 881
f 897 881 880
f 950 926 949
f 949 926 899
f 950 949 1009
f 982 1009 1010
f 950 1009 982
f 1040 1010 1009
f 1039 1040 1009
f 573 602 603
f 168 167 198
f 168 199 200
f 168 198 199
f 200 199 234
f 234 199 233
f 198 233 199
f 168 169 132
f 168 200 169
f 33 58 59
f 97 134 98
f 290 320 291
f 143 108 107
f 142 107 106
f 105 142 106
f 35 70 71
f 35 69 70
f 111 145 146
f 145 180 146
f 510 475 474
f 538 509 508
f 406 405 440
f 406 372 405
f 406 440 407
f 99 135 100
f 101 100 137
f 101 63 100
f 173 172 204
f 203 204 172
f 294 263 293
f 205 267 238
f 268 238 267
f 205 204 267
f 204 237 267
f 240 207 239
f 240 239 269
f 298 269 239
f 271 242 241
f 210 242 243
f 210 178 209
f 210 209 242
f 241 242 209
f 330 365 366
f 396 397 365
f 397 366 365
f 330 366 331
f 329 330 331
f 398 367 366
f 398 399 367
f 338 306 305
f 305 306 276
f 338 339 306
f 305 276 275
f 302 303 273
f 273 303 304
f 302 333 303
f 403 371 370
f 304 335 336
f 369 370 335
f 336 335 370
f 353 354 316
f 317 316 354
f 256 230 195
f 195 230 257
f 314 257 230
f 256 314 230
f 165 193 194
f 195 194 193
f 196 165 194
f 196 194 195
f 195 193 229
f 256 195 229
f 256 229 255
f 228 229 193
f 491 457 490
f 523 584 524
f 556 490 524
f 751 722 721
f 693 721 722
f 587 558 622
f 587 559 558
f 525 558 559
f 493 492 526
f 492 558 526
f 525 526 558
f 587 622 623
f 693 694 657
f 723 694 693
f 657 694 623
f 587 623 694
f 587 694 559
f 525 559 694
f 525 694 526
f 493 694 723
f 493 526 694
f 556 586 620
f 165 164 193
f 165 128 164
f 128 127 164
f 191 227 162
f 161 191 162
f 161 162 126
f 11 10 18
f 10 17 18
f 17 30 18
f 50 28 27
f 16 27 28
f 50 27 49
f 49 27 26
f 26 27 14
f 3226 3199 3198
f 3226 3227 3199
f 3200 3199 3227
f 3415 3391 3438
f 3391 3413 3438
f 3414 3438 3413
f 3543 3566 3589
f 3567 3589 3566
f 3231 3205 3259
f 3231 3260 3261
f 3283 3261 3260
f 3436 3410 3456
f 3455 3477 3456
f 3436 3456 3522
f 3201 3257 3258
f 3256 3257 3230
f 3201 3230 3257
f 3345 3368 3386
f 3344 3386 3368
f 3344 3434 3386
f 3180 3181 3157
f 3182 3181 3202
f 3279 3255 3229
f 3230 3229 3255
f 3342 3323 3366
f 3365 3366 3323
f 3367 3343 3366
f 3037 2980 3009
f 3008 3009 2979
f 2979 3009 2980
f 3097 3067 3096
f 3096 3067 3066
f 3097 3142 3189
f 3097 3120 3142
f 3095 3036 3065
f 3094 3095 3065
f 3036 3035 3065
f 3093 3094 3065
f 3093 3065 3064
f 2921 2920 2944
f 2943 2944 2920
f 2921 2885 2920
f 2885 2918 2920
f 2979 2980 2945
f 2979 2945 2944
f 2921 2944 2945
f 3008 3007 3036
f 3008 2979 3007
f 2979 3006 3007
f 3036 3007 3035
f 3035 3007 3005
f 3005 3007 3006
f 2943 2977 2944
f 2976 2977 2943
f 2795 2796 2765
f 2795 2765 2764
f 2738 2765 2766
f 2738 2737 2765
f 2737 2764 2765
f 2933 2967 2968
f 2874 2908 2909
f 2874 2909 2875
f 2935 2910 2909
f 2876 2875 2910
f 2875 2909 2910
f 2848 2820 2818
f 2878 2879 2847
f 2879 2848 2847
f 3313 3312 3333
f 3312 3357 3333
f 3398 3377 3356
f 3398 3399 3377
f 3357 3378 3333
f 3401 3379 3378
f 3379 3333 3378
f 3356 3378 3357
f 3356 3377 3378
f 2937 2971 2972
f 3267 3291 3268
f 3241 3213 3212
f 3241 3242 3213
f 2455 2427 2454
f 2454 2427 2453
f 2262 2290 2264
f 2262 2289 2290
f 2309 2264 2290
f 2309 2290 2308
f 2088 2061 2060
f 1941 1970 1993
f 1970 1992 1993
f 1942 1993 1971
f 1941 1993 1942
f 1917 1916 1968
f 1967 1968 1916
f 1917 1968 1969
f 1990 1969 1968
f 1967 2009 1968
f 1990 1968 2009
f 2178 2199 2200
f 2179 2178 2200
f 2199 2216 2200
f 2128 2150 2151
f 2127 2150 2128
f 2132 2155 2156
f 2132 2156 2133
f 2107 2133 2134
f 2700 2729 2730
f 2758 2730 2729
f 2731 2700 2730
f 2758 2757 2788
f 2758 2729 2757
f 2664 2689 2638
f 2712 2689 2664
f 2713 2665 2689
f 2665 2638 2689
f 3051 3111 3082
f 3112 3082 3111
f 3053 3082 3083
f 3028 3057 3058
f 3086 3058 3057
f 3028 3056 3057
f 3085 3086 3057
f 3085 3057 3056
f 2719 2749 2750
f 2721 2719 2750
f 2749 2779 2750
f 2751 2780 2781
f 2810 2780 2779
f 2905 2931 2906
f 3026 3025 3055
f 3026 3055 3056
f 3053 3084 3055
f 3053 3055 3054
f 3132 3133 3112
f 3132 3134 3133
f 3135 3113 3133
f 3135 3133 3134
f 3112 3133 3113
f 2774 2773 2805
f 2745 2744 2773
f 2745 2773 2775
f 2774 2775 2773
f 3045 3076 3104
f 3076 3105 3104
f 3045 3104 3047
f 3047 3104 3077
f 3174 3125 3076
f 3076 3125 3105
f 3174 3126 3125
f 3107 3125 3126
f 3108 3127 3128
f 3128 3127 3176
f 3149 3127 3126
f 3149 3150 3127
f 3176 3127 3150
f 3107 3126 3127
f 3108 3079 3127
f 3107 3127 3106
f 3106 3127 3079
f 3081 3050 3049
f 3081 3111 3050
f 3051 3050 3111
f 3130 3152 3153
f 3131 3153 3154
f 3130 3153 3131
f 2774 2806 2775
f 2834 2807 2806
f 2775 2806 2807
f 2834 2806 2863
f 3452 3383 3430
f 3452 3406 3383
f 3362 3383 3406
f 3429 3467 3451
f 3469 3430 3451
f 3430 3405 3451
f 3471 3496 3516
f 3471 3516 3517
f 3497 3539 3518
f 3497 3517 3539
f 3313 3294 3314
f 3315 3294 3359
f 3315 3270 3294
f 3270 3314 3294
f 3514 3537 3515
f 3514 3536 3537
f 3559 3580 3560
f 3469 3495 3470
f 3470 3495 3515
f 3514 3515 3495
f 3514 3495 3494
f 3514 3513 3536
f 3493 3536 3513
f 3514 3494 3513
f 3466 3465 3513
f 3466 3513 3494
f 3270 3271 3248
f 3315 3271 3270
f 3315 3334 3271
f 3248 3271 3218
f 3170 3219 3220
f 3170 3145 3219
f 3144 3219 3145
f 3144 3218 3219
f 3248 3218 3190
f 3218 3169 3190
f 3270 3248 3190
f 3270 3190 3169
f 3270 3247 3314
f 3270 3246 3247
f 3313 3314 3247
f 3093 3118 3119
f 3093 3119 3094
f 3094 3119 3095
f 3244 3167 3165
f 3188 3142 3167
f 1261 1235 1234
f 1201 1234 1235
f 1201 1200 1234
f 1262 1236 1235
f 1202 1235 1236
f 1262 1263 1236
f 1206 1264 1237
f 1206 1204 1264
f 1116 1115 1149
f 1116 1149 1150
f 1203 1150 1149
f 1115 1085 1149
f 1148 1149 1085
f 1179 1090 1120
f 1089 1120 1090
f 938 841 871
f 840 891 871
f 938 871 891
f 1088 1060 1024
f 969 1026 970
f 1122 970 1026
f 1091 1001 970
f 813 783 747
f 872 815 842
f 1028 972 971
f 943 971 972
f 1240 1269 1270
f 1268 1269 1239
f 1270 1269 1268
f 1433 1401 1377
f 1400 1377 1401
f 1318 1377 1400
f 1424 1396 1395
f 1484 1427 1458
f 1483 1458 1457
f 1483 1457 1455
f 1568 1537 1566
f 1536 1537 1512
f 1318 1291 1344
f 1290 1344 1291
f 1540 1569 1570
f 1597 1570 1569
f 1598 1570 1597
f 1568 1566 1567
f 1597 1569 1567
f 1568 1567 1569
f 1597 1567 1596
f 1459 1517 1486
f 1459 1516 1517
f 1539 1517 1516
f 1539 1540 1517
f 1430 1432 1431
f 1430 1486 1432
f 1487 1432 1486
f 1487 1433 1432
f 1543 1542 1572
f 1600 1573 1572
f 1545 1572 1573
f 1347 1321 1346
f 1271 1293 1346
f 1271 1346 1321
f 1347 1346 1403
f 1834 1810 1860
f 1784 1783 1810
f 1834 1861 1811
f 1780 1752 1781
f 1901 1925 1926
f 1901 1900 1925
f 1849 1850 1829
f 1830 1829 1850
f 1713 1746 1714
f 1775 1746 1774
f 1747 1746 1775
f 1747 1714 1746
f 1683 1713 1715
f 1713 1714 1715
f 1684 1715 1716
f 1747 1716 1715
f 1747 1715 1714
f 2065 2064 2091
f 2091 2064 2090
f 2063 2090 2064
f 2013 2038 2014
f 2015 2014 2038
f 2063 2064 2038
f 2013 2062 2038
f 2062 2063 2038
f 1784 1785 1756
f 1784 1756 1754
f 1780 1753 1724
f 1725 1724 1753
f 1725 1753 1754
f 1660 1691 1692
f 1660 1692 1661
f 1723 1692 1722
f 1723 1661 1692
f 1704 1737 1705
f 1737 1736 1705
f 1706 1705 1736
f 1769 1741 1768
f 1796 1768 1828
f 1796 1769 1768
f 1680 1679 1709
f 1740 1709 1679
f 1740 1741 1709
f 1680 1709 1710
f 1710 1709 1742
f 1742 1709 1741
f 1589 1619 1620
f 1620 1619 1682
f 1651 1682 1619
f 1620 1590 1562
f 1683 1653 1652
f 1683 1652 1682
f 1620 1682 1652
f 1508 1478 1507
f 1477 1507 1478
f 1477 1478 1450
f 1712 1711 1744
f 1711 1743 1744
f 1797 1798 1770
f 1798 1771 1770
f 1742 1770 1743
f 1771 1744 1770
f 1743 1770 1744
f 1797 1770 1769
f 1742 1769 1770
f 1687 1657 1686
f 1686 1657 1656
f 1626 1625 1657
f 1656 1657 1625
f 1687 1686 1717
f 1686 1716 1717
f 1716 1749 1717
f 1595 1566 1594
f 1566 1565 1594
f 1593 1594 1565
f 1595 1594 1626
f 1626 1594 1625
f 2005 2078 2143
f 2005 2143 2050
f 2032 2050 2143
f 2169 2032 2143
f 2188 2189 2165
f 2118 2138 2139
f 2138 2164 2139
f 2164 2165 2139
f 2252 2279 2207
f 2300 2207 2279
f 2300 2192 2207
f 2024 2045 2003
f 2052 2194 2145
f 2052 2097 2194
f 2302 2325 2231
f 2325 2232 2231
f 2302 2231 2281
f 2144 2170 2231
f 2281 2231 2170
f 1123 1124 1092
f 1028 1092 1124
f 1181 1062 1124
f 1181 1125 1062
f 1028 1124 1062
f 1028 1062 1029
f 1029 1062 1030
f 1212 1243 1272
f 1212 1242 1243
f 1272 1243 1271
f 1271 1243 1242
f 1294 1322 1273
f 1295 1273 1322
f 1347 1295 1322
f 1347 1322 1321
f 1294 1321 1322
f 1880 1903 1881
f 1881 1903 1904
f 1902 1903 1880
f 1902 1926 1903
f 2225 2224 2223
f 2204 2227 2187
f 2188 2164 2187
f 2163 2187 2164
f 2163 2204 2187
f 1934 1886 1959
f 1983 1959 1886
f 1934 1959 2029
f 1819 1790 1909
f 1865 1909 1790
f 1733 1790 1819
f 1733 1818 1790
f 1818 1865 1790
f 1982 1933 1909
f 1382 1468 1408
f 1468 1440 1408
f 1409 1408 1440
f 1409 1440 1441
f 1409 1441 1470
f 1469 1441 1440
f 1954 1928 1953
f 1904 1953 1928
f 1982 1909 1958
f 1982 1958 2004
f 2004 1958 1908
f 1885 1931 1907
f 1817 1885 1907
f 1817 1907 1864
f 1467 1438 1493
f 1577 1605 1578
f 1638 1578 1605
f 1698 1666 1728
f 1638 1605 1666
f 1637 1666 1605
f 1697 1728 1666
f 1785 1812 1786
f 1788 1787 1758
f 1786 1814 1758
f 1788 1758 1814
f 1729 1758 1787
f 1729 1728 1758
f 1817 1701 1731
f 1731 1701 1670
f 1671 1582 1610
f 1671 1610 1701
f 1670 1701 1610
f 1469 1527 1497
f 1606 1639 1607
f 1606 1607 1579
f 1730 1669 1699
f 1699 1669 1640
f 2558 2531 2451
f 2558 2451 2479
f 2686 2561 2661
f 2686 2661 2769
f 2769 2661 2739
f 2635 2685 2608
f 2402 2608 2636
f 2854 2855 2826
f 2854 2886 2855
f 2887 2855 2886
f 2797 2825 2826
f 2797 2796 2825
f 2854 2826 2825
f 2824 2825 2796
f 2976 2942 2975
f 2917 2941 2942
f 2975 2942 2941
f 2976 2943 2942
f 2553 2552 2526
f 2527 2554 2528
f 2475 2527 2528
f 2555 2528 2554
f 2475 2528 2447
f 2501 2447 2528
f 2627 2653 2628
f 2627 2628 2599
f 2675 2654 2653
f 2675 2676 2654
f 2653 2654 2628
f 2603 2602 2656
f 2555 2554 2576
f 2603 2576 2602
f 2601 2602 2576
f 2700 2674 2699
f 2700 2699 2729
f 2445 2419 2444
f 2444 2419 2397
f 2445 2446 2419
f 2374 2397 2419
f 2572 2573 2544
f 2727 2696 2726
f 2727 2697 2696
f 2725 2726 2696
f 2751 2752 2722
f 2751 2781 2752
f 2723 2722 2752
f 2725 2724 2754
f 2754 2724 2753
f 2573 2546 2544
f 2522 2521 2547
f 2642 2616 2615
f 2567 2587 2588
f 2588 2587 2617
f 2585 2615 2587
f 2588 2589 2568
f 2430 2459 2460
f 2485 2460 2459
f 2430 2458 2459
f 2584 2536 2566
f 2585 2536 2584
f 2317 2298 2316
f 2317 2316 2341
f 2317 2274 2250
f 2249 2250 2223
f 2225 2250 2274
f 2225 2223 2250
f 2241 2264 2265
f 2291 2265 2264
f 2418 2391 2417
f 2418 2417 2439
f 2110 2109 2136
f 2110 2091 2109
f 2185 2186 2157
f 2157 2186 2158
f 2000 2023 1979
f 1978 2000 1979
f 1978 1979 1953
f 2024 2001 1979
f 2024 1979 2023
f 2137 2112 2111
f 2137 2113 2112
f 2422 2398 2421
f 2422 2447 2398
f 2350 2421 2398
f 2350 2398 2325
f 2325 2398 2232
f 2326 2232 2398
f 2761 2734 2733
f 2703 2677 2702
f 2676 2702 2677
f 2658 2679 2680
f 2658 2657 2679
f 2579 2578 2604
f 2557 2577 2578
f 2604 2578 2577
f 2504 2578 2579
f 2450 2424 2529
f 2504 2450 2529
f 2424 2503 2529
f 2504 2529 2578
f 2580 2579 2605
f 2659 2633 2632
f 2606 2632 2633
f 2352 2209 2172
f 2080 2172 2098
f 3460 3443 3442
f 3460 3461 3444
f 3460 3444 3443
f 3422 3443 3444
f 3461 3445 3444
f 3422 3444 3445
f 3441 3483 3484
f 3507 3484 3483
f 3459 3417 3441
f 3459 3418 3417
f 3481 3458 3440
f 3462 3488 3489
f 3632 3649 3678
f 3677 3678 3649
f 3528 3549 3550
f 3571 3572 3550
f 3572 3528 3550
f 3612 3590 3591
f 3569 3590 3612
f 3610 3591 3590
f 3329 3307 3288
f 3287 3288 3235
f 3354 3308 3306
f 3353 3354 3306
f 3308 3307 3306
f 3353 3306 3329
f 3329 3306 3307
f 3623 3624 3600
f 3601 3600 3624
f 3601 3580 3600
f 3602 3582 3601
f 3601 3582 3580
f 3562 3582 3602
f 3626 3603 3625
f 3583 3602 3603
f 3604 3583 3603
f 3604 3603 3626
f 3602 3601 3603
f 3601 3625 3603
f 3640 3641 3624
f 3624 3641 3625
f 3640 3657 3641
f 3642 3641 3657
f 3642 3625 3641
f 3684 3682 3683
f 3669 3682 3656
f 3684 3656 3682
f 3623 3638 3639
f 3653 3639 3638
f 3555 3534 3533
f 3555 3556 3534
f 3492 3534 3535
f 3492 3491 3534
f 3463 3490 3464
f 3491 3490 3489
f 1649 1679 1616
f 1679 1617 1616
f 1586 1616 1557
f 1586 1649 1616
f 1531 1559 1504
f 1505 1504 1559
f 1560 1559 1588
f 1588 1559 1617
f 1558 1559 1531
f 1558 1617 1559
f 1220 1221 1189
f 1220 1189 1219
f 1190 1189 1221
f 1277 1276 1353
f 1131 1101 1100
f 1066 1100 1101
f 1131 1100 1130
f 1129 1130 1100
f 1129 1100 1099
f 1065 1099 1100
f 1066 1065 1100
f 1219 1218 1276
f 1032 1096 1097
f 1063 1096 1032
f 918 890 870
f 1057 996 1056
f 1057 966 996
f 966 965 996
f 935 996 965
f 1084 1054 1053
f 994 1053 1054
f 1084 1053 1083
f 1083 1053 1021
f 1086 1056 1055
f 1086 1055 1085
f 1054 1085 1055
f 1056 996 1055
f 1084 1114 1085
f 1148 1085 1114
f 1084 1113 1114
f 1087 1117 1058
f 1057 1058 1022
f 1057 1087 1058
f 552 520 551
f 612 577 550
f 577 551 550
f 1082 1052 1051
f 1083 1052 1082
f 1083 1021 1052
f 1021 1020 1052
f 1019 1051 1052
f 1019 1052 1020
f 934 962 914
f 1019 1020 992
f 991 1019 992
f 615 614 645
f 862 801 833
f 803 772 801
f 833 801 770
f 772 770 801
f 803 801 802
f 1080 1079 1111
f 1049 1078 1079
f 1050 1079 1080
f 1050 1049 1079
f 1049 1017 1048
f 1049 1048 1078
f 1047 1078 1048
f 1016 1047 1048
f 1016 1048 1017
f 1077 1108 1109
f 1077 1109 1078
f 511 540 541
f 641 673 674
f 672 673 641
f 672 671 738
f 766 738 736
f 369 335 334
f 333 334 303
f 772 771 770
f 769 740 768
f 769 768 860
f 832 860 768
f 769 741 740
f 710 741 771
f 189 188 224
f 350 313 349
f 610 611 547
f 517 546 547
f 610 547 546
f 39 38 76
f 42 20 40
f 39 40 20
f 39 76 40
f 77 40 76
f 37 75 38
f 37 74 75
f 38 75 76
f 987 955 986
f 986 955 929
f 987 1015 955
f 989 990 931
f 991 990 989
f 1163 1224 1164
f 1134 1133 1164
f 1163 1164 1133
f 726 697 725
f 700 699 728
f 756 790 791
f 789 790 756
f 789 821 790
f 847 822 821
f 977 946 976
f 1004 976 975
f 1004 1033 976
f 1033 977 976
f 897 880 925
f 945 925 880
f 945 946 925
f 897 925 898
f 1036 1037 1006
f 1037 1007 1006
f 946 978 947
f 946 947 925
f 898 925 947
f 1098 1097 1127
f 1186 1157 1127
f 1034 1064 1065
f 1065 1064 1099
f 1034 1005 977
f 1034 1035 1005
f 977 1005 978
f 1036 1005 1035
f 1036 1006 1005
f 975 944 974
f 973 974 944
f 973 1003 974
f 1335 1363 1336
f 1364 1336 1363
f 1364 1363 1392
f 1342 1311 1341
f 1339 1340 1309
f 1367 1339 1338
f 1367 1338 1366
f 1511 1480 1510
f 1227 1195 1194
f 1169 1194 1195
f 1196 1195 1228
f 1227 1228 1195
f 1196 1169 1195
f 984 1012 1043
f 1043 1012 1042
f 1011 1042 1012
f 1011 1012 983
f 984 983 1012
f 1071 1070 1106
f 1105 1106 1070
f 1105 1136 1106
f 1076 1045 1075
f 1074 1075 1045
f 1140 1107 1075
f 1107 1076 1075
f 659 695 696
f 725 697 696
f 724 696 695
f 724 725 696
f 294 293 323
f 423 319 459
f 395 364 394
f 328 394 364
f 667 633 666
f 632 666 633
f 730 702 701
f 468 503 504
f 632 633 597
f 632 597 596
f 571 537 570
f 572 506 537
f 884 885 853
f 826 853 827
f 826 852 853
f 884 853 852
f 903 855 886
f 828 886 855
f 903 886 928
f 928 886 885
f 730 758 795
f 757 793 758
f 851 826 794
f 856 798 855
f 856 799 798
f 764 799 765
f 766 736 765
f 764 765 736
f 604 603 639
f 638 639 602
f 603 602 639
f 709 639 638
f 709 671 639
f 760 735 734
f 735 708 707
f 168 130 167
f 166 167 130
f 166 130 129
f 260 233 232
f 198 232 233
f 200 235 201
f 200 201 169
f 236 201 235
f 33 59 60
f 33 60 61
f 97 98 60
f 61 60 98
f 94 95 58
f 262 292 263
f 293 263 292
f 262 233 261
f 262 261 292
f 291 292 261
f 260 261 233
f 148 112 147
f 338 336 337
f 372 337 371
f 439 476 405
f 440 405 476
f 439 475 476
f 511 476 540
f 540 476 475
f 372 371 404
f 372 404 405
f 403 404 371
f 439 405 404
f 439 404 438
f 403 438 404
f 406 407 374
f 372 373 339
f 406 373 372
f 406 374 373
f 135 172 136
f 173 136 172
f 135 136 100
f 137 136 173
f 137 100 136
f 399 368 367
f 333 368 334
f 366 332 331
f 366 367 332
f 299 331 332
f 333 332 368
f 367 368 332
f 273 274 243
f 273 304 274
f 523 453 452
f 420 452 453
f 420 453 385
f 385 453 454
f 490 489 524
f 523 524 489
f 454 453 489
f 523 489 453
f 556 524 555
f 584 555 524
f 748 784 749
f 748 783 784
f 720 749 750
f 584 583 618
f 617 618 583
f 586 652 620
f 840 812 811
f 127 163 164
f 127 126 163
f 126 162 163
f 227 192 163
f 227 163 162
f 90 54 53
f 54 32 31
f 30 53 31
f 54 31 53
f 51 29 28
f 17 29 30
f 16 28 29
f 16 29 17
f 11 18 19
f 55 11 19
f 55 19 32
f 32 19 31
f 3198 3199 3177
f 3151 3177 3152
f 3152 3177 3199
f 3200 3178 3199
f 3152 3199 3178
f 3152 3178 3153
f 3154 3153 3178
f 3587 3565 3542
f 3414 3437 3438
f 3480 3438 3437
f 3479 3437 3414
f 3479 3480 3437
f 3480 3457 3438
f 3206 3232 3233
f 3231 3232 3205
f 3204 3205 3232
f 3204 3232 3206
f 3263 3232 3262
f 3263 3233 3232
f 3283 3305 3284
f 3283 3284 3261
f 3325 3285 3284
f 3325 3284 3305
f 3409 3388 3387
f 3409 3455 3388
f 3455 3456 3388
f 3369 3387 3388
f 3279 3229 3254
f 3278 3279 3254
f 3278 3254 3227
f 3179 3200 3228
f 3200 3227 3228
f 3343 3303 3366
f 3324 3303 3343
f 3342 3366 3303
f 3256 3303 3324
f 3256 3302 3303
f 3037 3038 3010
f 3037 3009 3038
f 3066 3067 3038
f 3188 3246 3217
f 3189 3217 3246
f 2943 2920 2919
f 2918 2919 2920
f 2943 2919 2942
f 2887 2922 2889
f 2921 2922 2887
f 2921 2945 2922
f 2979 2978 3006
f 3005 3006 2978
f 2924 2889 2923
f 2889 2922 2923
f 2947 2946 2981
f 2999 3000 2969
f 2935 2969 2970
f 3000 2970 2969
f 2935 2909 2934
f 2933 2968 2934
f 2933 2934 2908
f 2908 2934 2909
f 2878 2912 2913
f 2878 2913 2879
f 2790 2818 2819
f 2820 2819 2818
f 2791 2790 2819
f 2821 2819 2820
f 2791 2819 2821
f 2788 2818 2789
f 2790 2789 2818
f 2760 2789 2790
f 2759 2789 2760
f 2788 2817 2818
f 3313 3333 3358
f 3379 3358 3333
f 3313 3358 3294
f 3379 3359 3358
f 3359 3294 3358
f 3448 3447 3463
f 3401 3378 3400
f 3269 3240 3268
f 3241 3240 3269
f 3239 3240 3241
f 2359 2405 2381
f 2404 2453 2405
f 2359 2404 2405
f 2453 2427 2405
f 2382 2405 2428
f 2428 2405 2427
f 2382 2381 2405
f 2061 2037 2060
f 2012 2037 2061
f 2012 1992 2037
f 1991 2011 2037
f 1991 2037 1992
f 2088 2087 2105
f 2088 2060 2087
f 2130 2105 2087
f 2012 1994 1992
f 1992 1994 1993
f 1971 1993 1994
f 2013 1994 2012
f 2013 2014 1994
f 1995 1971 1994
f 1995 1994 2014
f 3053 3052 3082
f 3053 3054 3052
f 3051 3052 3023
f 3051 3082 3052
f 2966 2967 2932
f 2933 2932 2967
f 2805 2804 2863
f 2743 2804 2805
f 2772 2803 2804
f 2772 2804 2743
f 3017 3046 2986
f 3047 3046 3017
f 2988 3046 3047
f 3051 3022 3050
f 3362 3338 3383
f 3430 3338 3405
f 3361 3405 3338
f 3430 3383 3338
f 3536 3558 3537
f 3559 3558 3557
f 3557 3558 3536
f 3469 3451 3468
f 3469 3468 3495
f 3467 3468 3451
f 3494 3495 3468
f 3466 3468 3467
f 3466 3494 3468
f 3218 3271 3295
f 3218 3295 3219
f 3296 3295 3334
f 3334 3295 3271
f 3249 3220 3295
f 3220 3219 3295
f 3188 3216 3245
f 3188 3167 3216
f 3244 3216 3167
f 3095 3166 3096
f 3096 3166 3120
f 3095 3119 3166
f 3165 3166 3119
f 3165 3167 3166
f 1146 1174 1175
f 1144 1174 1146
f 1315 1374 1317
f 1290 1317 1344
f 1122 1153 1180
f 941 999 1000
f 969 941 1000
f 1060 1000 940
f 999 940 1000
f 785 843 874
f 785 815 843
f 941 970 894
f 970 1001 894
f 875 874 894
f 875 894 942
f 942 894 1001
f 813 841 919
f 938 919 841
f 922 895 921
f 922 921 943
f 943 921 971
f 942 1027 921
f 895 942 921
f 1027 971 921
f 1424 1395 1456
f 1455 1456 1395
f 1455 1457 1456
f 1423 1395 1368
f 1367 1423 1368
f 1367 1368 1339
f 1339 1368 1340
f 1458 1427 1426
f 1398 1397 1425
f 1568 1538 1537
f 1539 1515 1538
f 1513 1512 1514
f 1512 1537 1514
f 1318 1376 1377
f 1318 1344 1376
f 1345 1320 1293
f 1293 1320 1346
f 1345 1403 1320
f 1403 1346 1320
f 1783 1809 1810
f 1860 1810 1809
f 1807 1808 1752
f 1752 1808 1781
f 1771 1772 1744
f 1775 1774 1832
f 1831 1832 1800
f 1875 1876 1850
f 1875 1921 1876
f 1921 1877 1876
f 1878 1877 1895
f 1946 1896 1895
f 1922 1946 1895
f 1896 1878 1895
f 1922 1895 1921
f 1921 1895 1877
f 1831 1851 1832
f 1878 1852 1851
f 1878 1851 1877
f 2015 2038 2039
f 2064 2039 2038
f 2065 2039 2064
f 1754 1756 1755
f 1726 1755 1727
f 1754 1753 1782
f 1647 1676 1648
f 1646 1676 1647
f 1646 1675 1676
f 1704 1676 1675
f 1704 1705 1676
f 1591 1563 1590
f 1590 1563 1562
f 1533 1563 1564
f 1591 1564 1563
f 1508 1561 1532
f 1509 1508 1532
f 1561 1562 1532
f 1533 1532 1563
f 1562 1563 1532
f 1622 1590 1621
f 1620 1621 1590
f 1620 1652 1621
f 1592 1624 1593
f 1592 1623 1624
f 1655 1624 1623
f 2192 2191 2207
f 2168 2141 2167
f 2003 2045 2025
f 2045 2073 2025
f 2046 2025 2073
f 2116 2117 2093
f 2116 2093 2073
f 2117 2046 2093
f 2046 2073 2093
f 2024 2072 2045
f 2045 2072 2073
f 2116 2073 2072
f 2024 2071 2072
f 2326 2171 2232
f 2326 2194 2171
f 2277 2205 2276
f 2276 2205 2227
f 2277 2228 2205
f 2227 2205 2187
f 2188 2205 2228
f 2188 2187 2205
f 1904 1903 1927
f 1904 1927 1953
f 1951 1927 1926
f 1926 1927 1903
f 1864 1907 1932
f 1840 1864 1932
f 2004 1908 1981
f 1931 1981 1907
f 1908 1932 1981
f 1907 1981 1932
f 1957 1981 1931
f 1957 2026 1981
f 2004 1981 2026
f 1437 1466 1438
f 1438 1466 1493
f 1492 1466 1437
f 1492 1523 1466
f 1494 1525 1549
f 1494 1467 1525
f 1467 1493 1525
f 1577 1576 1604
f 1547 1576 1523
f 1814 1863 1836
f 1815 1836 1837
f 1815 1814 1836
f 1786 1813 1814
f 1786 1812 1813
f 1728 1727 1757
f 1728 1757 1758
f 1786 1758 1757
f 1785 1786 1757
f 1785 1757 1756
f 1761 1671 1732
f 1671 1701 1732
f 1761 1732 1817
f 1817 1732 1701
f 1470 1497 1553
f 1673 1553 1582
f 1673 1470 1553
f 1581 1610 1553
f 1582 1553 1610
f 1581 1553 1497
f 1581 1497 1552
f 1497 1527 1552
f 1468 1496 1440
f 1469 1440 1496
f 1469 1496 1527
f 1730 1759 1700
f 1730 1700 1669
f 1760 1700 1759
f 2739 2661 2560
f 2402 2636 2560
f 2402 2560 2561
f 2561 2560 2661
f 2559 2532 2401
f 2357 2559 2401
f 2635 2401 2532
f 2635 2608 2401
f 3010 3038 3068
f 3067 3068 3038
f 2983 2949 2982
f 2949 2947 2982
f 3010 2982 2981
f 2947 2981 2982
f 2917 2916 2941
f 2883 2916 2917
f 2882 2916 2883
f 2882 2881 2880
f 2975 2941 2973
f 2472 2500 2473
f 2472 2499 2500
f 2625 2626 2575
f 2597 2625 2575
f 2598 2575 2626
f 2597 2575 2549
f 2550 2575 2598
f 2550 2549 2575
f 2599 2628 2600
f 2553 2600 2601
f 2553 2526 2600
f 2601 2600 2602
f 2656 2629 2655
f 2656 2602 2629
f 2602 2600 2629
f 2628 2629 2600
f 2674 2673 2699
f 2698 2673 2650
f 2651 2650 2673
f 2698 2699 2673
f 2343 2344 2345
f 2320 2343 2345
f 2346 2345 2395
f 2320 2345 2346
f 2348 2301 2323
f 2322 2323 2301
f 2346 2347 2321
f 2320 2346 2321
f 2322 2321 2323
f 2347 2323 2321
f 2346 2395 2396
f 2346 2396 2347
f 2444 2397 2396
f 2650 2623 2649
f 2624 2623 2650
f 2493 2440 2492
f 2440 2439 2492
f 2597 2549 2548
f 2522 2547 2548
f 2573 2574 2546
f 2596 2574 2573
f 2546 2574 2547
f 2617 2616 2643
f 2567 2568 2538
f 2568 2539 2538
f 2510 2511 2458
f 2512 2459 2511
f 2458 2511 2459
f 2585 2587 2586
f 2585 2586 2536
f 2372 2341 2371
f 2341 2316 2371
f 2372 2371 2392
f 2249 2273 2250
f 2317 2273 2298
f 2317 2250 2273
f 2185 2246 2247
f 2221 2245 2246
f 2270 2246 2245
f 2185 2157 2184
f 2431 2432 2409
f 2432 2410 2409
f 2431 2409 2383
f 2367 2339 2312
f 2157 2136 2135
f 2136 2109 2135
f 2157 2135 2184
f 2185 2247 2222
f 2185 2222 2186
f 2044 2023 2022
f 2018 2067 2042
f 2019 2018 2042
f 2111 2112 2092
f 2069 2092 2070
f 2113 2070 2092
f 2113 2092 2112
f 2098 2172 2234
f 2209 2234 2172
f 2122 2234 2209
f 2173 2234 2122
f 2173 2098 2234
f 2423 2352 2328
f 2352 2172 2328
f 2146 2328 2172
f 3396 3420 3421
f 3396 3421 3397
f 3397 3421 3422
f 3422 3421 3443
f 3442 3421 3420
f 3442 3443 3421
f 3418 3394 3417
f 3353 3394 3374
f 3479 3543 3525
f 3479 3525 3480
f 3543 3589 3525
f 3567 3568 3525
f 3567 3525 3589
f 3504 3503 3545
f 3481 3482 3458
f 3481 3457 3482
f 3371 3391 3372
f 3351 3350 3372
f 3371 3372 3350
f 3415 3416 3391
f 3417 3392 3416
f 3392 3372 3416
f 3391 3416 3372
f 3491 3489 3512
f 3491 3512 3534
f 3533 3534 3512
f 3533 3512 3532
f 3511 3532 3512
f 3632 3631 3649
f 3614 3631 3615
f 3632 3615 3631
f 3264 3265 3237
f 3235 3288 3236
f 3264 3236 3288
f 3264 3237 3236
f 3264 3288 3289
f 3307 3289 3288
f 3290 3264 3289
f 3580 3561 3560
f 3623 3622 3638
f 1558 1587 1617
f 1617 1587 1616
f 1530 1557 1587
f 1558 1530 1587
f 1557 1616 1587
f 1129 1099 1128
f 1098 1127 1128
f 1277 1248 1276
f 1219 1276 1248
f 1278 1249 1248
f 1278 1248 1277
f 1186 1187 1157
f 1219 1187 1218
f 1216 1299 1217
f 1186 1217 1187
f 1218 1187 1217
f 1126 1096 1095
f 1063 1095 1096
f 1126 1095 973
f 973 1095 1063
f 1185 1186 1156
f 1126 1185 1156
f 1097 1096 1156
f 1126 1156 1096
f 1186 1127 1156
f 1097 1156 1127
f 935 995 996
f 996 995 1055
f 964 995 935
f 1054 1055 995
f 994 1054 995
f 1021 993 1020
f 1020 993 962
f 934 961 962
f 933 960 961
f 934 933 961
f 1020 962 961
f 1020 961 992
f 577 578 551
f 577 614 578
f 552 578 579
f 552 551 578
f 615 579 578
f 615 578 614
f 681 645 680
f 681 680 713
f 774 680 679
f 774 713 680
f 678 679 613
f 1111 1110 1145
f 1111 1079 1110
f 1144 1145 1110
f 1078 1110 1079
f 1078 1109 1110
f 605 574 540
f 606 541 574
f 540 574 541
f 641 606 574
f 672 641 574
f 672 574 605
f 908 859 907
f 858 889 906
f 671 737 738
f 736 738 737
f 709 737 671
f 709 736 737
f 369 334 401
f 334 368 401
f 399 401 368
f 471 434 470
f 471 435 434
f 433 434 398
f 398 434 399
f 710 676 675
f 710 675 741
f 642 674 675
f 45 44 81
f 21 43 44
f 43 80 44
f 81 44 80
f 118 82 81
f 118 119 82
f 45 81 82
f 45 82 83
f 309 310 286
f 252 251 286
f 414 350 383
f 350 349 383
f 312 311 313
f 313 311 349
f 254 311 312
f 252 286 311
f 286 310 311
f 252 311 253
f 254 253 311
f 612 550 549
f 519 549 550
f 519 518 549
f 610 545 609
f 544 609 545
f 610 546 545
f 544 545 515
f 77 115 78
f 77 78 40
f 116 115 151
f 184 151 218
f 77 114 115
f 957 956 1015
f 1015 956 955
f 932 931 959
f 931 990 959
f 949 981 1009
f 948 981 949
f 948 980 981
f 1007 1008 980
f 1038 1039 1008
f 1038 1008 1007
f 1039 1009 1008
f 1009 981 1008
f 980 1008 981
f 1304 1285 1284
f 1226 1284 1285
f 1192 1254 1225
f 1254 1283 1225
f 1192 1225 1193
f 1226 1193 1225
f 1283 1284 1225
f 1226 1225 1284
f 789 727 726
f 726 727 697
f 756 728 727
f 789 756 727
f 728 699 727
f 698 727 699
f 791 822 823
f 792 791 823
f 792 823 824
f 847 848 822
f 849 848 881
f 847 880 848
f 880 881 848
f 948 979 980
f 1007 980 979
f 1007 979 1006
f 1232 1231 1259
f 1232 1259 1260
f 1232 1197 1231
f 1172 1171 1197
f 1260 1310 1311
f 1311 1310 1341
f 1289 1310 1259
f 1260 1259 1310
f 1289 1309 1310
f 1340 1341 1310
f 1340 1310 1309
f 1479 1451 1508
f 1419 1451 1452
f 1479 1452 1451
f 1508 1451 1478
f 1450 1478 1451
f 1418 1450 1451
f 1418 1451 1419
f 1419 1452 1420
f 1364 1365 1336
f 1336 1365 1337
f 1256 1286 1287
f 1306 1287 1286
f 1455 1395 1454
f 1423 1454 1395
f 1367 1421 1422
f 1367 1422 1423
f 1423 1422 1454
f 1480 1454 1422
f 903 928 953
f 903 953 904
f 904 953 954
f 952 953 928
f 986 985 1013
f 984 1013 985
f 986 954 985
f 954 953 985
f 293 322 323
f 294 323 324
f 359 324 323
f 423 389 356
f 973 624 560
f 973 560 459
f 659 626 658
f 658 626 625
f 327 326 328
f 327 296 326
f 325 326 296
f 700 701 663
f 632 665 666
f 700 729 701
f 700 728 729
f 757 729 728
f 730 701 729
f 667 666 704
f 795 759 732
f 730 795 731
f 795 732 731
f 885 854 853
f 828 854 886
f 885 886 854
f 851 825 850
f 851 794 825
f 824 850 825
f 793 825 794
f 824 825 793
f 709 763 736
f 764 736 763
f 764 763 799
f 799 763 798
f 760 761 735
f 766 765 800
f 672 640 671
f 671 640 639
f 604 639 640
f 667 668 633
f 633 668 634
f 669 634 668
f 633 634 598
f 633 598 597
f 570 599 600
f 600 599 634
f 534 569 599
f 569 598 599
f 634 599 598
f 735 706 734
f 735 707 706
f 669 706 707
f 669 668 706
f 166 197 167
f 260 232 197
f 198 167 197
f 198 197 232
f 92 260 197
f 92 197 166
f 203 172 171
f 132 96 95
f 97 96 132
f 58 96 59
f 58 95 96
f 97 60 96
f 59 96 60
f 132 95 131
f 168 132 131
f 168 131 130
f 129 130 131
f 94 129 131
f 94 131 95
f 145 213 180
f 180 213 214
f 403 370 402
f 403 402 438
f 221 155 185
f 184 281 219
f 511 478 477
f 511 477 476
f 440 476 477
f 247 276 277
f 276 306 277
f 329 298 297
f 298 268 297
f 329 297 328
f 302 301 333
f 333 301 332
f 300 299 301
f 299 332 301
f 271 270 301
f 300 301 270
f 355 387 388
f 355 385 386
f 385 454 386
f 454 455 386
f 355 386 387
f 584 585 555
f 556 585 586
f 556 555 585
f 815 784 814
f 815 814 842
f 783 814 784
f 813 814 783
f 842 814 919
f 813 919 814
f 584 618 619
f 685 652 619
f 586 619 652
f 715 745 684
f 687 686 746
f 685 686 653
f 687 653 686
f 685 653 652
f 620 652 653
f 841 781 812
f 813 781 841
f 813 747 781
f 90 53 89
f 125 89 88
f 90 89 126
f 125 126 89
f 3565 3522 3502
f 3565 3502 3542
f 3477 3542 3502
f 3522 3456 3502
f 3477 3502 3456
f 3477 3501 3542
f 3321 3501 3365
f 3675 3587 3501
f 3587 3542 3501
f 3481 3439 3457
f 3481 3440 3439
f 3188 3168 3142
f 3188 3217 3168
f 3189 3142 3168
f 3189 3168 3217
f 2915 2913 2938
f 2937 2972 2938
f 2937 2938 2912
f 2912 2938 2913
f 3462 3446 3445
f 2832 2833 2803
f 2803 2833 2804
f 2832 2861 2833
f 2862 2833 2861
f 2862 2863 2833
f 2863 2804 2833
f 3559 3560 3538
f 3559 3538 3558
f 3515 3537 3538
f 3537 3558 3538
f 1175 1174 1176
f 1201 1175 1176
f 1201 1176 1200
f 1261 1233 1260
f 1261 1234 1233
f 1232 1260 1233
f 1315 1316 1266
f 1315 1317 1316
f 1290 1316 1317
f 1374 1375 1317
f 1431 1376 1375
f 1344 1317 1375
f 1344 1375 1376
f 1240 1180 1209
f 1240 1209 1269
f 1239 1209 1207
f 1239 1269 1209
f 1060 1089 1025
f 1060 1025 1000
f 1060 998 1024
f 1060 940 998
f 939 998 940
f 997 1024 998
f 997 998 939
f 999 968 940
f 874 843 920
f 941 920 999
f 938 892 919
f 1340 1369 1341
f 1340 1368 1369
f 1370 1369 1396
f 1396 1369 1395
f 1395 1369 1368
f 1459 1485 1516
f 1484 1516 1485
f 1430 1374 1429
f 1428 1429 1373
f 1374 1373 1429
f 1433 1377 1399
f 1377 1376 1399
f 1431 1432 1399
f 1433 1399 1432
f 1431 1399 1376
f 1542 1571 1572
f 1542 1541 1571
f 1859 1858 1857
f 1774 1772 1773
f 1800 1773 1772
f 1774 1773 1832
f 1800 1832 1773
f 1800 1772 1799
f 1831 1799 1830
f 1831 1800 1799
f 1771 1799 1772
f 1798 1830 1799
f 1798 1799 1771
f 1744 1772 1745
f 1712 1745 1713
f 1712 1744 1745
f 1713 1745 1746
f 1774 1746 1745
f 1774 1745 1772
f 1775 1832 1801
f 1648 1676 1677
f 1705 1677 1676
f 1706 1677 1705
f 1707 1677 1706
f 1707 1648 1677
f 2168 2142 2141
f 2168 2191 2142
f 2168 2230 2191
f 2207 2191 2230
f 2252 2230 2168
f 2252 2207 2230
f 2029 1959 2076
f 2232 2254 2231
f 2144 2231 2254
f 2232 2171 2254
f 2194 2254 2171
f 2097 2254 2194
f 1882 1905 1883
f 1882 1904 1905
f 1930 1955 1956
f 1954 1956 1955
f 1978 1953 1952
f 1953 1927 1952
f 1978 1952 1977
f 1951 1977 1952
f 1951 1952 1927
f 1548 1524 1523
f 1493 1466 1524
f 1523 1524 1466
f 1493 1524 1525
f 1548 1578 1524
f 1549 1524 1578
f 1549 1525 1524
f 1814 1835 1863
f 1814 1813 1835
f 1609 1581 1641
f 1581 1552 1641
f 1527 1496 1580
f 2915 2914 2913
f 2882 2880 2914
f 2882 2914 2916
f 2915 2916 2914
f 2975 2973 2974
f 2972 3002 2974
f 3003 2974 3002
f 2972 2974 2973
f 2278 2299 2251
f 2320 2299 2277
f 2277 2299 2278
f 2320 2321 2299
f 2279 2251 2299
f 2347 2373 2323
f 2347 2396 2373
f 2397 2373 2396
f 2348 2373 2397
f 2348 2323 2373
f 2596 2573 2595
f 2624 2596 2595
f 2624 2595 2623
f 2546 2518 2545
f 2544 2546 2545
f 2491 2492 2467
f 2493 2492 2494
f 2495 2494 2521
f 2521 2520 2547
f 2546 2547 2520
f 2546 2520 2518
f 2491 2520 2492
f 2723 2694 2722
f 2693 2722 2694
f 2725 2696 2671
f 2462 2487 2488
f 2462 2488 2463
f 2432 2461 2462
f 2462 2461 2487
f 2486 2487 2461
f 2431 2460 2461
f 2486 2461 2460
f 2431 2461 2432
f 2485 2513 2538
f 2567 2538 2513
f 2439 2417 2416
f 2315 2297 2271
f 2272 2271 2297
f 2247 2271 2272
f 2270 2296 2271
f 2315 2271 2296
f 2270 2245 2269
f 2156 2181 2182
f 2221 2184 2182
f 2179 2200 2201
f 2200 2217 2201
f 2313 2294 2339
f 2312 2339 2294
f 2295 2294 2313
f 2241 2265 2242
f 2241 2242 2216
f 2218 2243 2244
f 2217 2242 2243
f 2462 2463 2433
f 2411 2410 2433
f 2432 2433 2410
f 2432 2462 2433
f 2413 2435 2436
f 2247 2272 2248
f 2247 2248 2222
f 2021 2020 2022
f 2067 2068 2042
f 2069 2068 2092
f 2111 2068 2067
f 2111 2092 2068
f 2423 2328 2399
f 2423 2399 2448
f 2448 2399 2447
f 2447 2399 2351
f 2146 2172 2255
f 2411 2412 2386
f 2413 2412 2435
f 2413 2436 2414
f 2437 2414 2436
f 2491 2467 2466
f 2437 2466 2467
f 3353 3352 3393
f 3353 3393 3394
f 3417 3393 3392
f 3417 3394 3393
f 3480 3525 3544
f 3480 3544 3457
f 3457 3544 3482
f 3503 3482 3544
f 3503 3544 3545
f 3568 3544 3525
f 3351 3373 3352
f 3392 3373 3372
f 3351 3372 3373
f 3352 3373 3393
f 3392 3393 3373
f 3235 3236 3234
f 3580 3582 3581
f 3580 3581 3561
f 3539 3561 3581
f 1157 1158 1127
f 1127 1158 1128
f 1299 1247 1217
f 1218 1217 1247
f 1299 1276 1247
f 1276 1218 1247
f 1170 1142 1141
f 1108 1141 1142
f 1231 1230 1259
f 1231 1197 1230
f 1171 1230 1197
f 1109 1143 1110
f 1108 1143 1109
f 1108 1142 1143
f 857 888 889
f 399 400 401
f 307 308 284
f 309 286 285
f 286 251 285
f 250 285 251
f 156 186 157
f 221 185 222
f 252 224 225
f 252 225 251
f 250 251 225
f 414 383 448
f 612 549 576
f 612 576 613
f 482 481 483
f 42 41 79
f 79 41 78
f 42 40 41
f 40 78 41
f 116 151 152
f 218 151 150
f 115 150 151
f 115 114 150
f 906 905 907
f 906 889 905
f 889 888 905
f 1452 1453 1420
f 1479 1453 1452
f 1479 1510 1453
f 1510 1480 1453
f 1419 1420 1393
f 1364 1392 1393
f 1392 1419 1393
f 1364 1393 1365
f 1306 1307 1287
f 1338 1307 1337
f 1482 1481 1513
f 1511 1513 1481
f 1511 1481 1480
f 1480 1481 1454
f 320 321 291
f 291 321 292
f 293 292 321
f 293 321 322
f 359 323 358
f 323 322 358
f 294 324 295
f 264 263 295
f 294 295 263
f 359 360 324
f 566 532 501
f 502 501 533
f 532 533 501
f 423 424 389
f 423 459 424
f 425 424 460
f 459 460 424
f 459 560 527
f 624 588 560
f 459 494 460
f 459 527 494
f 590 626 627
f 590 627 591
f 591 627 628
f 661 628 627
f 328 363 394
f 328 326 363
f 566 595 596
f 566 565 595
f 632 596 595
f 568 533 567
f 532 567 533
f 568 567 597
f 596 597 567
f 566 567 532
f 566 596 567
f 702 664 701
f 702 665 664
f 701 664 663
f 795 796 759
f 795 794 796
f 826 796 794
f 827 797 796
f 826 827 796
f 732 733 704
f 732 759 733
f 732 704 703
f 732 703 731
f 666 665 703
f 666 703 704
f 702 703 665
f 730 703 702
f 730 731 703
f 828 855 829
f 735 761 762
f 735 762 708
f 858 831 830
f 831 800 830
f 858 830 889
f 857 889 830
f 765 830 800
f 799 830 765
f 534 599 535
f 534 535 503
f 504 503 535
f 708 670 707
f 709 670 708
f 709 638 670
f 638 637 670
f 203 171 202
f 236 237 202
f 203 202 237
f 236 202 201
f 132 169 170
f 169 201 170
f 201 202 170
f 171 170 202
f 276 246 275
f 247 246 276
f 247 214 246
f 214 213 246
f 275 246 245
f 213 245 246
f 148 113 112
f 218 150 183
f 509 473 508
f 510 473 509
f 510 474 473
f 220 282 185
f 307 284 282
f 220 154 153
f 220 185 154
f 155 154 185
f 155 119 154
f 118 154 119
f 608 543 575
f 642 608 575
f 642 575 674
f 607 674 575
f 607 575 542
f 543 542 575
f 342 341 374
f 374 341 373
f 184 218 280
f 184 280 281
f 342 280 341
f 279 341 280
f 456 421 457
f 490 421 455
f 490 457 421
f 715 650 649
f 715 684 650
f 617 649 650
f 617 650 618
f 685 651 686
f 685 619 651
f 684 651 650
f 618 651 619
f 618 650 651
f 778 779 716
f 745 778 716
f 745 716 684
f 684 716 651
f 686 651 716
f 810 870 780
f 811 780 870
f 811 812 780
f 779 809 746
f 810 809 778
f 778 809 779
f 687 746 717
f 812 781 717
f 746 780 717
f 812 717 780
f 51 88 52
f 88 89 52
f 51 52 29
f 30 29 52
f 30 52 53
f 53 52 89
f 3365 3476 3435
f 3365 3501 3476
f 2972 2973 2940
f 2972 2940 2938
f 2941 2940 2973
f 2788 2757 2787
f 1153 1152 1207
f 1179 1152 1090
f 1180 1153 1208
f 1180 1208 1209
f 1153 1207 1208
f 1207 1209 1208
f 1090 1152 1121
f 1153 1121 1152
f 1122 1121 1153
f 940 968 893
f 999 873 968
f 999 920 873
f 843 873 920
f 968 873 893
f 872 893 873
f 872 873 815
f 815 873 843
f 748 782 783
f 783 782 747
f 1343 1371 1372
f 1313 1343 1372
f 1398 1426 1372
f 1398 1372 1371
f 1427 1372 1426
f 1487 1518 1519
f 1487 1519 1488
f 1543 1488 1519
f 1543 1519 1542
f 1630 1599 1629
f 1598 1629 1599
f 1832 1833 1801
f 1853 1833 1852
f 2189 2206 2166
f 2229 2206 2228
f 2167 2166 2190
f 2252 2168 2190
f 2168 2167 2190
f 2252 2190 2251
f 2166 2206 2190
f 2229 2251 2190
f 2229 2190 2206
f 2029 2076 2096
f 2029 2096 2048
f 1881 1835 1862
f 1813 1862 1835
f 1880 1881 1862
f 1861 1862 1813
f 1880 1862 1861
f 1494 1495 1468
f 1468 1495 1496
f 1494 1579 1495
f 1640 1669 1551
f 1640 1551 1580
f 1527 1580 1551
f 2693 2694 2668
f 2667 2693 2668
f 2642 2667 2668
f 2723 2724 2695
f 2723 2695 2694
f 2725 2695 2724
f 2697 2649 2648
f 2572 2544 2543
f 2572 2543 2571
f 2568 2589 2569
f 2568 2569 2539
f 2512 2586 2537
f 2512 2537 2513
f 2587 2537 2586
f 2567 2537 2587
f 2567 2513 2537
f 2439 2416 2438
f 2439 2438 2492
f 2492 2438 2467
f 2437 2438 2416
f 2437 2467 2438
f 2391 2392 2390
f 2392 2371 2390
f 2245 2268 2269
f 2295 2269 2268
f 2184 2183 2182
f 2133 2183 2134
f 2133 2156 2183
f 2156 2182 2183
f 2245 2219 2268
f 2244 2268 2219
f 2218 2244 2219
f 2179 2180 2153
f 2179 2201 2180
f 2413 2387 2412
f 2386 2412 2387
f 2315 2314 2370
f 2315 2296 2314
f 2312 2294 2293
f 2312 2293 2292
f 2312 2292 2311
f 2362 2383 2363
f 2069 2043 2068
f 2022 2020 2043
f 2019 2043 2020
f 2044 2022 2043
f 2019 2042 2043
f 2042 2068 2043
f 2326 2398 2327
f 2447 2327 2398
f 2447 2351 2327
f 2146 2282 2328
f 2146 2255 2282
f 2080 2233 2172
f 2172 2233 2255
f 2080 2053 2233
f 2326 2233 2194
f 2145 2194 2233
f 2435 2412 2434
f 2411 2434 2412
f 2411 2433 2434
f 2463 2434 2433
f 2463 2464 2434
f 2435 2434 2464
f 2491 2466 2519
f 2491 2519 2520
f 2518 2520 2519
f 3623 3621 3622
f 3595 3596 3597
f 1219 1188 1187
f 1219 1189 1188
f 1157 1187 1188
f 1157 1188 1158
f 1190 1160 1159
f 1129 1159 1160
f 1190 1159 1189
f 1129 1128 1159
f 1128 1158 1159
f 1189 1159 1188
f 1158 1188 1159
f 1289 1259 1258
f 1259 1230 1258
f 401 436 402
f 401 400 436
f 435 436 400
f 157 186 187
f 158 187 188
f 158 157 187
f 223 187 186
f 224 187 223
f 224 188 187
f 284 283 282
f 348 382 349
f 349 382 383
f 447 448 382
f 383 382 448
f 447 449 448
f 447 484 449
f 482 484 447
f 482 483 484
f 519 449 484
f 519 484 518
f 611 576 548
f 611 548 547
f 549 548 576
f 517 547 548
f 518 548 549
f 483 481 516
f 517 483 516
f 517 516 546
f 546 516 545
f 515 545 516
f 515 516 481
f 482 446 481
f 413 446 447
f 482 447 446
f 956 905 930
f 955 956 930
f 929 955 930
f 1362 1334 1333
f 1361 1362 1333
f 1420 1394 1393
f 1421 1394 1420
f 1421 1366 1394
f 356 389 357
f 322 321 357
f 322 357 358
f 325 324 361
f 324 360 361
f 464 499 500
f 502 465 501
f 461 496 462
f 560 588 561
f 528 527 561
f 560 561 527
f 460 494 495
f 661 629 628
f 431 394 393
f 394 363 393
f 663 664 630
f 704 733 705
f 667 704 705
f 667 705 668
f 668 705 706
f 734 705 733
f 734 706 705
f 504 535 536
f 570 537 536
f 570 536 599
f 599 536 535
f 505 504 536
f 637 636 635
f 637 635 670
f 707 670 635
f 669 707 635
f 600 635 636
f 669 635 634
f 600 634 635
f 97 132 133
f 132 170 133
f 97 133 134
f 134 133 171
f 171 133 170
f 212 211 244
f 211 243 244
f 243 274 244
f 215 182 181
f 150 149 183
f 148 149 113
f 440 441 407
f 440 477 441
f 478 441 477
f 307 343 344
f 343 375 344
f 375 376 344
f 543 512 542
f 511 512 478
f 541 542 512
f 511 541 512
f 339 373 340
f 373 341 340
f 279 340 341
f 687 717 688
f 620 688 654
f 620 653 688
f 687 688 653
f 2915 2938 2939
f 2938 2940 2939
f 2915 2939 2916
f 2941 2916 2939
f 2941 2939 2940
f 1173 1172 1198
f 1174 1198 1199
f 1172 1197 1198
f 1232 1198 1197
f 1233 1199 1198
f 1232 1233 1198
f 1089 1061 1025
f 1089 1090 1061
f 1090 1121 1061
f 1026 1025 1061
f 1122 1026 1061
f 1122 1061 1121
f 748 719 782
f 691 782 719
f 720 692 719
f 692 691 719
f 748 749 719
f 720 719 749
f 656 655 690
f 2141 2142 2120
f 2029 2048 2030
f 2048 2120 2030
f 2048 2096 2077
f 2141 2077 2167
f 2167 2077 2096
f 2118 2139 2095
f 2118 2095 2075
f 2076 2075 2095
f 1982 2004 2027
f 1496 1495 1526
f 1669 1608 1551
f 1700 1641 1608
f 1669 1700 1608
f 1552 1608 1641
f 2588 2618 2589
f 2588 2617 2618
f 2617 2643 2618
f 2643 2644 2618
f 2645 2618 2644
f 2670 2644 2695
f 2670 2645 2644
f 2697 2648 2672
f 2697 2672 2696
f 2696 2672 2671
f 2649 2623 2622
f 2649 2622 2648
f 2544 2545 2517
f 2544 2517 2543
f 2518 2517 2545
f 2571 2543 2542
f 2389 2369 2368
f 2221 2182 2220
f 2181 2220 2182
f 2181 2154 2180
f 2153 2180 2154
f 2155 2131 2154
f 2153 2154 2131
f 2218 2202 2201
f 2201 2202 2180
f 2181 2180 2202
f 2218 2219 2202
f 2367 2366 2387
f 2386 2387 2366
f 2368 2387 2388
f 2413 2388 2387
f 2389 2368 2388
f 2292 2293 2266
f 2265 2266 2242
f 2242 2266 2243
f 2310 2336 2311
f 2337 2311 2336
f 2362 2336 2310
f 2362 2363 2336
f 2383 2409 2384
f 2383 2384 2363
f 2410 2384 2409
f 2312 2311 2338
f 2337 2338 2311
f 2337 2365 2338
f 2367 2312 2338
f 2367 2338 2366
f 2386 2338 2365
f 2386 2366 2338
f 2436 2435 2465
f 2435 2464 2465
f 3577 3595 3578
f 3595 3597 3578
f 3577 3578 3576
f 3576 3578 3556
f 3557 3556 3578
f 3557 3578 3579
f 3597 3579 3578
f 3559 3557 3579
f 3559 3579 3580
f 1308 1257 1287
f 1256 1287 1257
f 1256 1257 1228
f 1230 1229 1258
f 1196 1229 1230
f 1196 1228 1229
f 1228 1257 1229
f 1258 1229 1257
f 1289 1258 1288
f 1308 1288 1257
f 1258 1257 1288
f 402 436 437
f 438 402 437
f 474 438 437
f 474 437 473
f 508 473 472
f 473 437 472
f 436 472 437
f 380 379 412
f 309 379 380
f 309 347 379
f 413 412 379
f 348 381 382
f 447 382 381
f 413 447 381
f 413 381 412
f 460 461 426
f 425 460 426
f 427 391 426
f 427 426 462
f 461 462 426
f 425 426 390
f 391 390 426
f 389 390 357
f 425 390 424
f 389 424 390
f 464 429 499
f 463 499 429
f 360 429 361
f 463 498 499
f 499 498 564
f 531 564 498
f 464 465 466
f 467 431 466
f 590 591 562
f 531 498 530
f 588 589 561
f 624 625 589
f 624 589 588
f 661 662 629
f 663 630 662
f 629 662 630
f 363 362 393
f 326 362 363
f 325 362 326
f 325 361 362
f 664 631 630
f 632 595 631
f 632 631 665
f 665 631 664
f 278 249 248
f 278 279 249
f 307 344 345
f 344 376 345
f 307 345 308
f 654 688 718
f 717 718 688
f 2078 2049 2142
f 2031 2049 2078
f 2031 1961 2049
f 2167 2140 2166
f 2167 2096 2140
f 2076 2028 2075
f 1982 2027 2028
f 1983 2028 1959
f 1959 2028 2076
f 1983 1933 2028
f 1982 2028 1933
f 1607 1550 1526
f 1496 1550 1580
f 1496 1526 1550
f 2643 2669 2644
f 2694 2695 2669
f 2695 2644 2669
f 2671 2672 2647
f 2648 2647 2672
f 2573 2594 2595
f 2572 2594 2573
f 2518 2519 2490
f 2518 2490 2517
f 2466 2465 2490
f 2466 2490 2519
f 2464 2490 2465
f 2489 2490 2464
f 2489 2517 2490
f 2489 2488 2516
f 2489 2516 2517
f 2487 2515 2488
f 2368 2369 2340
f 2370 2340 2369
f 2370 2314 2340
f 2416 2390 2415
f 2390 2369 2415
f 2389 2415 2369
f 2437 2416 2415
f 2437 2415 2414
f 2389 2414 2415
f 2244 2243 2267
f 2293 2267 2266
f 2243 2266 2267
f 2244 2267 2268
f 2294 2267 2293
f 2410 2364 2384
f 2363 2384 2364
f 3623 3600 3599
f 3623 3599 3621
f 3580 3599 3600
f 3580 3579 3599
f 3598 3621 3599
f 413 445 446
f 481 446 445
f 360 392 429
f 359 427 392
f 359 392 360
f 565 594 595
f 595 594 631
f 630 631 594
f 431 393 430
f 431 430 466
f 464 466 430
f 464 430 429
f 393 362 430
f 361 429 430
f 361 430 362
f 462 496 497
f 496 530 497
f 498 497 530
f 463 462 497
f 463 497 498
f 591 563 562
f 531 530 563
f 215 216 182
f 183 182 216
f 478 512 513
f 478 513 479
f 543 513 512
f 376 377 345
f 376 409 377
f 654 718 689
f 691 689 782
f 691 690 689
f 2076 2095 2119
f 2139 2119 2095
f 2075 2028 2047
f 2027 2047 2028
f 2620 2646 2647
f 2622 2594 2593
f 2572 2593 2594
f 2572 2571 2593
f 2571 2592 2593
f 2571 2570 2592
f 2486 2539 2540
f 2539 2569 2540
f 2410 2385 2364
f 2411 2385 2410
f 413 379 411
f 413 411 445
f 463 429 428
f 429 392 428
f 427 428 392
f 463 428 462
f 427 462 428
f 565 564 593
f 565 593 594
f 629 630 593
f 630 594 593
f 496 529 530
f 530 529 563
f 562 563 529
f 496 495 529
f 528 529 495
f 218 183 217
f 279 217 249
f 183 216 217
f 249 217 216
f 375 408 376
f 376 408 409
f 481 445 480
f 345 377 346
f 308 345 346
f 2620 2621 2592
f 2592 2621 2593
f 2620 2647 2621
f 2648 2621 2647
f 2542 2515 2541
f 2569 2570 2541
f 2569 2541 2540
f 591 628 592
f 591 592 563
f 531 563 592
f 531 592 564
f 564 592 593
f 409 408 442
f 544 515 514
f 515 481 514
f 481 480 514
f 445 411 443
f 377 378 346
f 347 346 378
f 2487 2514 2515
f 2540 2541 2514
f 2515 2514 2541
f 2486 2514 2487
f 2486 2540 2514
f 2589 2619 2590
f 2589 2618 2619
f 2645 2619 2618
f 2620 2619 2646
f 2620 2590 2619
f 2569 2591 2570
f 2592 2570 2591
f 409 410 377
f 409 443 410
f 411 410 443
f 445 444 480
f 445 443 444
f 409 442 444
f 409 444 443
f 3664 3688 3647
f 3689 3647 3688
f 3341 3364 3407
f 3433 3341 3407
f 3673 3645 3661
f 3662 3645 3673
f 3660 3645 3644
f 3660 3661 3645
f 47 48 25
f 47 25 24
f 47 24 46
f 23 46 24
f 23 22 46
f 22 45 46
f 2127 2103 2126
f 2125 2126 2103
f 2084 2083 2103
f 2125 2103 2083
f 2784 2813 2814
f 2784 2783 2813
f 2771 2742 2741
f 2712 2741 2742
f 3192 3221 3147
f 3172 3147 3221
f 3433 3407 3432
f 3433 3432 3453
f 1720 1721 1691
f 1720 1691 1690
f 2892 2859 2891
f 2892 2891 2948
f 2493 2468 2441
f 2442 2441 2468
f 2116 2115 2162
f 2161 2162 2115
f 2283 2376 2303
f 2331 2283 2303
f 2284 2303 2376
f 2173 2354 2210
f 2173 2375 2354
f 3716 3707 3706
f 3716 3706 3705
f 3652 3637 3618
f 3620 3618 3637
f 3586 3606 3607
f 3586 3564 3606
f 3617 3594 3634
f 3593 3634 3594
f 1358 1412 1413
f 1387 1358 1413
f 1703 1675 1645
f 1646 1645 1675
f 1326 1355 1327
f 1356 1327 1355
f 212 144 211
f 143 211 144
f 143 179 211
f 143 142 179
f 355 317 385
f 355 318 317
f 523 452 487
f 488 523 487
f 3664 3663 3688
f 3675 3688 3663
f 2762 2792 2793
f 2763 2762 2793
f 3001 3000 3030
f 3029 3030 3000
f 2305 2306 2287
f 2288 2287 2306
f 1967 1966 2009
f 2008 2009 1966
f 2057 2009 2008
f 2057 2058 2009
f 2132 2106 2105
f 2132 2105 2131
f 2640 2639 2714
f 2666 2640 2714
f 2509 2565 2566
f 2509 2566 2510
f 2583 2566 2565
f 2583 2584 2566
f 2583 2614 2584
f 2583 2613 2614
f 2640 2614 2639
f 2641 2614 2640
f 2641 2585 2614
f 2585 2584 2614
f 2843 2873 2874
f 2843 2842 2873
f 2871 2811 2840
f 2871 2872 2811
f 2903 2869 2902
f 2903 2904 2869
f 3048 3019 3078
f 3018 3078 3019
f 2212 2196 2211
f 2195 2211 2196
f 2480 2533 2507
f 2480 2507 2481
f 2455 2481 2456
f 2455 2456 2429
f 3364 3340 3407
f 3407 3340 3363
f 3273 3221 3272
f 3273 3272 3316
f 2952 3011 2984
f 3041 2984 3011
f 2926 2894 2950
f 2926 2950 2951
f 2860 2925 2950
f 2860 2950 2894
f 2892 2948 2893
f 2948 2949 2893
f 1628 1627 1659
f 1658 1659 1627
f 1690 1691 1659
f 1660 1659 1691
f 1378 1319 1400
f 1318 1400 1319
f 1898 1857 1856
f 1899 1857 1898
f 1973 1947 1946
f 1973 1997 1947
f 1680 1681 1650
f 1680 1710 1681
f 1592 1591 1623
f 1622 1623 1591
f 1324 1297 1275
f 1296 1324 1275
f 2320 2277 2276
f 2319 2320 2276
f 1611 1671 1672
f 1733 1672 1671
f 1434 1403 1402
f 1345 1402 1403
f 2760 2790 2761
f 2791 2761 2790
f 2550 2525 2524
f 2551 2525 2550
f 2382 2428 2360
f 2406 2360 2428
f 2382 2360 2306
f 2307 2306 2360
f 2457 2458 2407
f 2406 2457 2407
f 2161 2225 2203
f 2161 2160 2225
f 2425 2478 2530
f 2425 2376 2478
f 2442 2393 2441
f 2442 2394 2393
f 3707 3717 3696
f 3718 3696 3717
f 3707 3696 3706
f 3685 3706 3696
f 3670 3685 3696
f 3670 3696 3686
f 3693 3680 3692
f 3693 3667 3680
f 3485 3508 3509
f 3485 3509 3486
f 3287 3286 3327
f 3326 3327 3286
f 3660 3644 3643
f 3644 3605 3643
f 3718 3697 3696
f 3686 3696 3697
f 3585 3584 3627
f 3605 3585 3627
f 3433 3453 3473
f 3433 3473 3454
f 3555 3554 3576
f 3575 3576 3554
f 3634 3636 3635
f 3650 3636 3634
f 3652 3618 3636
f 3618 3635 3636
f 1889 1844 1869
f 1870 1844 1889
f 1843 1844 1826
f 1843 1869 1844
f 1500 1499 1554
f 1583 1554 1499
f 1472 1499 1444
f 1472 1528 1499
f 1583 1643 1554
f 1613 1554 1643
f 1583 1642 1643
f 1612 1642 1583
f 1326 1327 1279
f 1300 1279 1327
f 1326 1279 1278
f 1472 1471 1528
f 1498 1528 1471
f 1472 1444 1411
f 1412 1411 1444
f 1387 1329 1358
f 1359 1329 1387
f 468 395 467
f 396 395 468
f 105 68 104
f 67 104 68
f 64 101 102
f 64 102 65
f 488 487 486
f 488 486 553
f 417 416 486
f 485 486 416
f 353 314 418
f 352 418 314
f 417 351 416
f 352 351 417
f 3410 3478 3370
f 3412 3370 3478
f 2794 2795 2764
f 2794 2764 2793
f 2684 2766 2767
f 2738 2766 2684
f 2768 2767 2766
f 2768 2766 2797
f 3031 3060 3061
f 3031 3030 3060
f 3029 3060 3030
f 3029 3059 3060
f 3163 3117 3162
f 3116 3162 3117
f 3031 3061 3062
f 3031 3062 3032
f 3116 3117 3090
f 3091 3090 3117
f 3061 3090 3062
f 3091 3062 3090
f 3061 3060 3090
f 3089 3090 3060
f 3356 3332 3292
f 3331 3356 3292
f 1918 1893 1917
f 1874 1917 1893
f 2152 2153 2129
f 2130 2129 2153
f 2084 2129 2086
f 2104 2129 2084
f 2215 2199 2198
f 2239 2215 2198
f 2777 2838 2778
f 2809 2778 2838
f 2720 2692 2718
f 2719 2720 2718
f 2719 2718 2748
f 2747 2748 2718
f 2716 2691 2690
f 2715 2716 2690
f 2666 2714 2690
f 2666 2690 2691
f 2771 2772 2742
f 2771 2802 2772
f 2875 2845 2844
f 2876 2845 2875
f 3115 3085 3114
f 3085 3084 3114
f 3160 3161 3138
f 3139 3138 3161
f 2782 2812 2813
f 2842 2813 2812
f 2962 2993 2963
f 2994 2963 2993
f 2994 2995 2963
f 2964 2963 2995
f 2994 3023 2995
f 3024 2995 3023
f 2874 2873 2907
f 2874 2907 2908
f 2987 2988 2989
f 2987 2989 2959
f 3018 3019 2989
f 3018 2989 2988
f 2903 2902 2930
f 2903 2930 2962
f 2902 2869 2901
f 2868 2901 2869
f 3337 3251 3318
f 3274 3251 3337
f 3273 3316 3297
f 3273 3297 3250
f 3382 3361 3360
f 3337 3360 3361
f 3381 3429 3360
f 3381 3404 3429
f 3074 3123 3146
f 3102 3074 3146
f 3123 3145 3146
f 3170 3146 3145
f 3313 3245 3312
f 3243 3312 3245
f 3032 3004 3003
f 3033 3004 3032
f 3074 3101 3123
f 3074 3073 3101
f 3123 3101 3145
f 3122 3145 3101
f 3041 3071 2984
f 3042 2984 3071
f 3144 3100 3099
f 3122 3100 3144
f 3069 3100 3070
f 3069 3099 3100
f 1265 1179 1178
f 1238 1179 1265
f 1343 1342 1371
f 1370 1371 1342
f 1370 1396 1371
f 1397 1371 1396
f 1533 1564 1534
f 1535 1534 1564
f 1262 1312 1263
f 1313 1263 1312
f 1856 1857 1807
f 1856 1807 1805
f 1899 1898 1924
f 1898 1923 1924
f 1948 1949 1924
f 1948 1924 1923
f 1999 1998 2017
f 1999 2017 2018
f 1898 1856 1855
f 1898 1855 1897
f 1856 1805 1855
f 1805 1804 1855
f 1874 1796 1828
f 1874 1828 1873
f 1589 1561 1560
f 1506 1560 1561
f 1650 1681 1651
f 1618 1650 1651
f 1797 1796 1849
f 1848 1849 1796
f 1986 2050 2032
f 1986 1910 2050
f 2121 2079 2193
f 2169 2193 2079
f 1214 1215 1183
f 1184 1183 1215
f 1213 1244 1183
f 1214 1183 1244
f 1184 1182 1183
f 1184 1155 1182
f 2319 2276 2275
f 2319 2275 2318
f 2161 2204 2162
f 2161 2203 2204
f 1906 1930 1839
f 1930 1885 1839
f 1603 1635 1636
f 1664 1636 1635
f 1546 1490 1574
f 1574 1490 1521
f 1547 1522 1575
f 1546 1575 1522
f 1817 1731 1839
f 1816 1839 1731
f 1816 1731 1789
f 1760 1789 1731
f 1816 1789 1837
f 1816 1837 1838
f 1730 1787 1759
f 1788 1759 1787
f 2686 2769 2710
f 2798 2710 2769
f 2888 2828 2856
f 2888 2857 2828
f 2822 2851 2823
f 2852 2823 2851
f 2852 2851 2884
f 2883 2884 2851
f 2471 2470 2498
f 2471 2498 2499
f 2442 2468 2469
f 2442 2469 2443
f 2443 2469 2444
f 2470 2444 2469
f 2471 2446 2445
f 2472 2446 2471
f 2785 2726 2755
f 2785 2727 2726
f 2755 2726 2754
f 2725 2754 2726
f 2240 2264 2241
f 2263 2264 2240
f 2407 2408 2361
f 2362 2361 2408
f 2160 2224 2225
f 2159 2224 2160
f 2441 2393 2391
f 2441 2391 2418
f 3694 3703 3712
f 3694 3712 3714
f 3354 3355 3330
f 3354 3330 3308
f 3485 3486 3442
f 3486 3460 3442
f 3374 3420 3396
f 3395 3420 3374
f 3507 3529 3508
f 3507 3506 3529
f 3508 3530 3509
f 3508 3529 3530
f 3569 3613 3570
f 3548 3569 3570
f 3614 3570 3613
f 3347 3348 3325
f 3326 3325 3348
f 3693 3694 3681
f 3693 3681 3668
f 3519 3518 3540
f 3519 3498 3518
f 1845 1871 1846
f 1872 1846 1871
f 2054 1988 1964
f 2054 1964 1937
f 1937 1964 1938
f 1874 1873 1916
f 1874 1916 1917
f 1847 1916 1873
f 1847 1892 1916
f 1891 1915 1892
f 1914 1915 1891
f 1615 1586 1585
f 1615 1585 1614
f 1586 1557 1585
f 1556 1585 1557
f 915 963 916
f 964 916 963
f 835 806 805
f 835 805 834
f 804 774 803
f 773 803 774
f 917 868 867
f 917 867 916
f 864 863 913
f 864 913 914
f 911 932 933
f 911 910 932
f 1105 1070 1040
f 1104 1105 1040
f 1131 1162 1101
f 1132 1101 1162
f 1163 1162 1224
f 1191 1224 1162
f 847 846 880
f 879 880 846
f 1046 1076 1047
f 1077 1047 1076
f 101 137 102
f 138 102 137
f 176 139 175
f 138 175 139
f 138 103 102
f 138 139 103
f 174 173 204
f 205 174 204
f 236 264 237
f 265 237 264
f 176 175 207
f 206 207 175
f 315 257 314
f 315 258 257
f 557 491 490
f 557 490 556
f 3565 3523 3522
f 3524 3523 3565
f 3524 3566 3543
f 3524 3588 3566
f 3115 3114 3137
f 3136 3137 3114
f 3160 3138 3137
f 3160 3137 3184
f 3207 3184 3206
f 3183 3206 3184
f 3302 3281 3301
f 3322 3302 3301
f 3281 3255 3301
f 3280 3301 3255
f 3095 3066 3036
f 3008 3036 3066
f 2885 2886 2853
f 2854 2853 2886
f 2876 2877 2845
f 2846 2845 2877
f 2850 2821 2820
f 2849 2850 2820
f 3032 3062 3063
f 3033 3032 3063
f 3091 3063 3062
f 3091 3092 3063
f 3033 3063 3034
f 3034 3063 3064
f 3243 3242 3312
f 3293 3312 3242
f 3215 3242 3244
f 3243 3244 3242
f 3311 3269 3292
f 3293 3269 3311
f 3163 3162 3214
f 3162 3186 3214
f 1918 1940 1919
f 1941 1919 1940
f 2178 2177 2199
f 2199 2177 2198
f 2176 2213 2177
f 2213 2198 2177
f 2688 2687 2664
f 2741 2664 2687
f 2533 2563 2507
f 2562 2563 2533
f 2639 2614 2638
f 2613 2638 2614
f 2613 2663 2638
f 2688 2638 2663
f 2956 2897 2955
f 2927 2955 2897
f 2927 2897 2896
f 2864 2896 2897
f 2865 2897 2898
f 2956 2898 2897
f 2999 3027 3028
f 2999 2998 3027
f 3089 3088 3141
f 3139 3141 3088
f 3059 3088 3060
f 3089 3060 3088
f 2904 2905 2870
f 2871 2870 2905
f 2871 2840 2870
f 2840 2839 2870
f 2873 2906 2907
f 2872 2906 2873
f 2998 2997 3027
f 3026 3027 2997
f 3024 3025 2995
f 2995 3025 2996
f 3026 2997 3025
f 2996 3025 2997
f 2715 2744 2716
f 2745 2716 2744
f 3110 3131 3111
f 3132 3111 3131
f 3180 3155 3154
f 3179 3180 3154
f 3132 3131 3154
f 3132 3154 3155
f 3108 3080 3079
f 3109 3080 3108
f 3048 3078 3080
f 3078 3079 3080
f 2837 2808 2807
f 2836 2837 2807
f 2864 2897 2835
f 2865 2835 2897
f 2834 2835 2807
f 2836 2807 2835
f 2992 2993 2961
f 2992 2961 2991
f 2962 2961 2993
f 2962 2930 2961
f 2990 2961 2960
f 2960 2961 2930
f 2987 2959 2929
f 2987 2929 2928
f 3299 3276 3253
f 3299 3253 3275
f 3274 3337 3298
f 3337 3361 3298
f 3224 3195 3223
f 3224 3223 3252
f 3274 3223 3251
f 3274 3252 3223
f 3222 3223 3194
f 3222 3251 3223
f 3316 3272 3335
f 3296 3335 3272
f 3428 3404 3335
f 3428 3335 3380
f 3404 3467 3429
f 3428 3467 3404
f 3452 3470 3431
f 3452 3469 3470
f 3428 3380 3403
f 3428 3403 3427
f 3402 3403 3359
f 3315 3359 3403
f 3380 3334 3403
f 3315 3403 3334
f 1204 1205 1150
f 1151 1150 1205
f 1238 1265 1267
f 1265 1266 1267
f 1210 1123 1180
f 1240 1210 1180
f 1091 1122 1180
f 1091 1180 1123
f 875 817 816
f 875 816 874
f 751 819 786
f 751 817 819
f 1488 1401 1433
f 1460 1401 1488
f 1460 1461 1401
f 1461 1402 1401
f 1378 1400 1401
f 1378 1401 1402
f 1535 1512 1511
f 1535 1536 1512
f 1262 1311 1312
f 1261 1311 1262
f 1343 1311 1342
f 1343 1312 1311
f 1628 1596 1627
f 1628 1597 1596
f 1595 1626 1596
f 1627 1596 1626
f 1999 1975 1998
f 1998 1975 1974
f 1948 1975 1949
f 1948 1974 1975
f 1848 1894 1875
f 1848 1893 1894
f 1632 1631 1661
f 1630 1661 1631
f 1738 1737 1767
f 1794 1738 1767
f 1707 1706 1736
f 1707 1736 1738
f 1615 1614 1648
f 1614 1647 1648
f 1847 1795 1846
f 1794 1846 1795
f 1794 1795 1738
f 1739 1738 1795
f 1803 1777 1776
f 1803 1804 1777
f 1535 1564 1565
f 1535 1565 1536
f 2031 1887 1961
f 1935 1887 2031
f 2169 2280 2193
f 2169 2192 2280
f 1986 2170 2033
f 1986 2121 2170
f 1181 1124 1211
f 1210 1211 1124
f 1347 1379 1295
f 1348 1295 1379
f 2318 2275 2274
f 2318 2274 2317
f 2276 2227 2275
f 2226 2275 2227
f 2203 2227 2204
f 2226 2227 2203
f 1324 1406 1381
f 1324 1349 1406
f 1547 1465 1522
f 1492 1465 1547
f 1437 1406 1465
f 1464 1465 1406
f 1380 1404 1435
f 1380 1435 1405
f 1606 1667 1639
f 1606 1638 1667
f 2686 2710 2506
f 2686 2506 2561
f 2768 2739 2767
f 2767 2739 2709
f 2684 2767 2685
f 2684 2685 2635
f 2452 2332 2532
f 2531 2532 2332
f 2531 2634 2532
f 2768 2797 2826
f 2768 2826 2827
f 2859 2890 2891
f 2831 2890 2859
f 2883 2918 2884
f 2883 2917 2918
f 2551 2550 2598
f 2551 2598 2599
f 2675 2653 2674
f 2653 2652 2674
f 2675 2674 2701
f 2701 2674 2700
f 2524 2525 2497
f 2525 2498 2497
f 2470 2497 2498
f 2470 2469 2497
f 2728 2697 2727
f 2728 2698 2697
f 2522 2523 2495
f 2496 2495 2523
f 2362 2310 2361
f 2309 2361 2310
f 2110 2136 2158
f 2110 2158 2111
f 2763 2735 2762
f 2762 2735 2734
f 2354 2477 2503
f 2354 2503 2424
f 2681 2631 2680
f 2658 2680 2631
f 2738 2684 2708
f 2738 2708 2707
f 2318 2317 2342
f 2317 2341 2342
f 2372 2393 2342
f 2372 2342 2341
f 2394 2342 2393
f 2394 2344 2342
f 3374 3375 3376
f 3354 3374 3376
f 3511 3488 3510
f 3487 3510 3488
f 3592 3573 3572
f 3593 3573 3592
f 3593 3594 3573
f 3574 3573 3594
f 3592 3572 3615
f 3571 3615 3572
f 3614 3615 3570
f 3571 3570 3615
f 3160 3184 3208
f 3207 3208 3184
f 3210 3265 3211
f 3266 3238 3265
f 3211 3265 3238
f 3326 3328 3327
f 3326 3348 3328
f 3705 3706 3683
f 3705 3683 3695
f 3685 3683 3706
f 3684 3683 3685
f 3669 3656 3654
f 3655 3654 3656
f 3640 3656 3657
f 3640 3655 3656
f 1416 1448 1476
f 1416 1476 1449
f 1448 1475 1476
f 1505 1476 1475
f 1474 1504 1475
f 1474 1473 1504
f 1278 1279 1249
f 1279 1250 1249
f 1033 1097 1098
f 1033 1032 1097
f 1443 1386 1410
f 1443 1411 1386
f 938 1023 997
f 937 1023 938
f 917 965 918
f 936 918 965
f 523 583 584
f 523 554 583
f 582 648 583
f 617 583 648
f 485 450 520
f 485 415 450
f 1147 1113 1112
f 1147 1112 1146
f 1080 1111 1112
f 1081 1080 1112
f 1081 1051 1080
f 1050 1080 1051
f 808 777 838
f 808 745 777
f 838 777 837
f 773 772 803
f 712 772 773
f 1146 1112 1145
f 1111 1145 1112
f 769 860 770
f 861 770 860
f 711 677 676
f 711 676 710
f 122 84 121
f 122 85 84
f 677 644 676
f 643 676 644
f 1359 1330 1329
f 1301 1329 1330
f 1281 1330 1302
f 1281 1301 1330
f 982 1010 1011
f 1041 1011 1010
f 1070 1010 1040
f 1041 1010 1070
f 1031 1032 1003
f 1004 1003 1032
f 1165 1166 1135
f 1165 1193 1166
f 1105 1135 1166
f 1105 1166 1136
f 982 1011 983
f 982 983 951
f 927 951 983
f 927 983 952
f 927 952 928
f 927 928 902
f 755 725 754
f 755 726 725
f 900 852 850
f 851 850 852
f 882 898 899
f 883 882 899
f 901 900 926
f 950 901 926
f 883 899 926
f 883 926 900
f 99 98 134
f 99 134 135
f 143 144 108
f 144 109 108
f 72 71 108
f 72 108 109
f 105 106 68
f 68 106 69
f 71 70 108
f 107 108 70
f 69 106 70
f 107 70 106
f 572 508 507
f 538 508 572
f 62 100 63
f 99 100 62
f 236 263 264
f 236 235 263
f 262 263 234
f 234 263 235
f 298 239 268
f 268 239 238
f 206 239 207
f 206 238 239
f 272 243 242
f 271 272 242
f 208 209 177
f 178 177 209
f 240 209 208
f 240 241 209
f 396 365 395
f 395 365 364
f 329 365 330
f 329 364 365
f 329 331 298
f 298 331 299
f 384 354 419
f 353 419 354
f 385 317 354
f 385 354 384
f 287 255 229
f 228 287 229
f 422 456 457
f 422 457 458
f 458 457 492
f 492 457 491
f 693 657 692
f 656 692 657
f 693 692 721
f 720 721 692
f 557 558 491
f 492 491 558
f 656 657 623
f 656 623 622
f 15 14 27
f 16 15 27
f 3259 3205 3203
f 3204 3203 3205
f 3256 3324 3257
f 3282 3257 3324
f 3282 3304 3257
f 3304 3258 3257
f 3409 3387 3386
f 3345 3386 3387
f 3409 3386 3435
f 3435 3386 3434
f 3201 3181 3180
f 3202 3181 3201
f 3158 3157 3181
f 3182 3158 3181
f 3365 3434 3366
f 3367 3366 3434
f 3034 3064 3065
f 3034 3065 3035
f 2797 2766 2765
f 2797 2765 2796
f 2998 2968 2997
f 2967 2997 2968
f 2846 2877 2847
f 2878 2847 2877
f 3402 3425 3426
f 3401 3425 3402
f 3001 2971 3000
f 3000 2971 2970
f 2936 2971 2937
f 2936 2970 2971
f 3001 3030 3002
f 3031 3002 3030
f 3001 3002 2971
f 2972 2971 3002
f 3031 3032 3002
f 3032 3003 3002
f 3292 3269 3268
f 3291 3292 3268
f 3186 3213 3214
f 3186 3212 3213
f 3215 3213 3242
f 3215 3214 3213
f 2455 2429 2427
f 2429 2428 2427
f 2307 2308 2290
f 2307 2290 2289
f 2178 2150 2177
f 2178 2151 2150
f 2127 2126 2150
f 2175 2150 2126
f 2176 2177 2150
f 2176 2150 2175
f 2107 2134 2089
f 2108 2089 2134
f 2759 2730 2758
f 2759 2731 2730
f 2728 2757 2729
f 2728 2756 2757
f 2712 2742 2689
f 2742 2713 2689
f 3136 3114 3113
f 3136 3113 3135
f 3084 3113 3114
f 3084 3083 3113
f 3083 3082 3113
f 3112 3113 3082
f 2751 2722 2750
f 2721 2750 2722
f 2811 2781 2780
f 2810 2811 2780
f 2751 2750 2780
f 2779 2780 2750
f 2963 2965 2931
f 2905 2963 2931
f 3085 3055 3084
f 3085 3056 3055
f 3024 3055 3025
f 3024 3054 3055
f 2743 2805 2773
f 2743 2773 2744
f 2864 2863 2896
f 2862 2896 2863
f 2834 2863 2835
f 2864 2835 2863
f 2802 2803 2772
f 2832 2803 2802
f 2985 3017 2986
f 2958 2985 2986
f 2987 2928 2986
f 2958 2986 2928
f 3106 3104 3105
f 3106 3077 3104
f 3106 3105 3125
f 3107 3106 3125
f 2805 2863 2806
f 2774 2805 2806
f 3382 3451 3405
f 3382 3429 3451
f 3540 3518 3539
f 3562 3540 3539
f 3492 3493 3513
f 3492 3513 3465
f 3313 3247 3245
f 3245 3247 3246
f 3164 3165 3119
f 3164 3119 3118
f 1203 1202 1236
f 1203 1236 1263
f 1203 1263 1264
f 1203 1264 1204
f 1315 1264 1314
f 1315 1237 1264
f 1313 1264 1263
f 1313 1314 1264
f 1177 1149 1148
f 1203 1149 1177
f 1290 1239 1267
f 1290 1268 1239
f 1059 1118 1024
f 1088 1024 1118
f 997 1023 1024
f 1059 1024 1023
f 1091 1027 1001
f 942 1001 1027
f 1566 1537 1565
f 1536 1565 1537
f 1595 1596 1567
f 1595 1567 1566
f 1545 1544 1572
f 1543 1572 1544
f 1834 1811 1810
f 1784 1810 1811
f 1899 1924 1925
f 1899 1925 1900
f 1848 1850 1849
f 1848 1875 1850
f 1683 1715 1653
f 1684 1653 1715
f 1721 1692 1691
f 1721 1722 1692
f 1739 1795 1768
f 1828 1768 1795
f 1740 1768 1741
f 1739 1768 1740
f 1589 1560 1619
f 1560 1588 1619
f 1618 1651 1619
f 1618 1619 1588
f 1589 1562 1561
f 1589 1620 1562
f 1687 1688 1657
f 1658 1657 1688
f 1658 1627 1657
f 1627 1626 1657
f 1687 1717 1688
f 1688 1717 1718
f 1750 1718 1717
f 1750 1717 1749
f 1091 1123 1092
f 1091 1092 1027
f 1027 1092 971
f 1028 971 1092
f 1093 1030 1062
f 1093 1062 1125
f 1983 1886 1933
f 1841 1933 1886
f 1819 1933 1841
f 1819 1909 1933
f 1382 1408 1383
f 1409 1383 1408
f 1865 1908 1958
f 1865 1958 1909
f 1696 1665 1695
f 1697 1665 1696
f 1664 1665 1636
f 1664 1695 1665
f 1638 1666 1667
f 1698 1667 1666
f 1697 1666 1665
f 1637 1665 1666
f 1637 1604 1665
f 1636 1665 1604
f 1577 1604 1605
f 1637 1605 1604
f 1784 1811 1812
f 1784 1812 1785
f 1609 1610 1581
f 1609 1670 1610
f 1470 1441 1497
f 1469 1497 1441
f 1668 1640 1607
f 1668 1607 1639
f 2531 2332 2451
f 2332 2378 2451
f 2356 2451 2378
f 2356 2479 2451
f 2709 2608 2685
f 2709 2636 2608
f 2888 2856 2855
f 2888 2855 2887
f 2827 2826 2855
f 2856 2827 2855
f 2854 2825 2853
f 2824 2853 2825
f 3069 3070 3039
f 3040 3039 3070
f 2553 2554 2552
f 2527 2552 2554
f 2556 2528 2555
f 2556 2501 2528
f 2651 2626 2625
f 2651 2652 2626
f 2653 2626 2652
f 2627 2626 2653
f 2599 2598 2626
f 2627 2599 2626
f 2553 2576 2554
f 2553 2601 2576
f 2555 2576 2577
f 2603 2577 2576
f 2728 2699 2698
f 2728 2729 2699
f 2446 2420 2419
f 2374 2419 2420
f 2442 2395 2394
f 2442 2443 2395
f 2698 2649 2697
f 2698 2650 2649
f 2782 2753 2752
f 2782 2752 2781
f 2753 2724 2752
f 2723 2752 2724
f 2617 2587 2616
f 2615 2616 2587
f 2091 2090 2109
f 2108 2109 2090
f 2159 2186 2224
f 2159 2158 2186
f 1954 1953 1979
f 1954 1979 2001
f 1978 1977 2021
f 1978 2021 2000
f 2110 2111 2067
f 2066 2110 2067
f 2018 2017 2067
f 2066 2067 2017
f 2760 2761 2733
f 2760 2733 2732
f 2703 2733 2704
f 2703 2732 2733
f 2655 2654 2677
f 2676 2677 2654
f 2557 2578 2529
f 2557 2529 2503
f 2604 2630 2605
f 2579 2604 2605
f 2658 2631 2605
f 2658 2605 2630
f 2580 2605 2606
f 2606 2605 2631
f 2681 2682 2632
f 2659 2632 2682
f 2681 2632 2631
f 2606 2631 2632
f 3507 3483 3506
f 3505 3506 3483
f 3505 3483 3458
f 3505 3458 3504
f 3441 3440 3458
f 3441 3458 3483
f 3676 3677 3649
f 3665 3676 3649
f 3571 3550 3570
f 3570 3550 3549
f 3547 3546 3590
f 3569 3547 3590
f 3610 3590 3568
f 3546 3568 3590
f 3160 3209 3161
f 3160 3208 3209
f 3210 3185 3209
f 3161 3209 3185
f 3287 3235 3286
f 3286 3235 3263
f 3287 3327 3288
f 3329 3288 3327
f 3668 3681 3682
f 3668 3682 3669
f 3695 3683 3682
f 3695 3682 3681
f 3557 3534 3556
f 3535 3534 3557
f 3492 3464 3490
f 3492 3490 3491
f 3462 3490 3463
f 3462 3489 3490
f 1506 1559 1560
f 1506 1505 1559
f 1384 1353 1276
f 1384 1276 1299
f 839 918 870
f 810 839 870
f 840 811 870
f 840 870 890
f 1147 1114 1113
f 1147 1148 1114
f 1059 1023 1058
f 1022 1058 1023
f 1059 1058 1118
f 1118 1058 1117
f 520 550 551
f 519 550 520
f 915 962 963
f 915 914 962
f 773 774 679
f 678 773 679
f 863 802 801
f 863 801 862
f 859 831 858
f 832 831 859
f 674 673 740
f 739 740 673
f 739 673 738
f 672 738 673
f 766 767 738
f 767 739 738
f 304 334 335
f 304 303 334
f 711 710 771
f 711 771 772
f 832 768 831
f 767 831 768
f 739 768 740
f 767 768 739
f 769 770 741
f 770 771 741
f 156 120 119
f 156 119 155
f 159 158 188
f 159 188 189
f 643 644 609
f 610 609 644
f 643 609 608
f 642 643 608
f 111 112 75
f 111 75 74
f 1165 1134 1164
f 1192 1165 1164
f 1192 1164 1254
f 1254 1164 1224
f 791 790 822
f 821 822 790
f 945 976 946
f 945 975 976
f 898 947 899
f 948 899 947
f 1033 1098 1064
f 1033 1064 1034
f 1004 974 1003
f 1004 975 974
f 1335 1334 1363
f 1362 1363 1334
f 1362 1391 1363
f 1391 1392 1363
f 1308 1338 1309
f 1339 1309 1338
f 1138 1106 1137
f 1071 1106 1138
f 1167 1106 1136
f 1167 1137 1106
f 986 929 954
f 904 954 929
f 1139 1075 1074
f 1139 1140 1075
f 660 696 697
f 659 696 660
f 467 395 394
f 467 394 431
f 468 467 503
f 467 502 503
f 793 794 758
f 795 758 794
f 573 601 602
f 573 572 601
f 571 601 537
f 572 537 601
f 290 291 261
f 260 290 261
f 111 147 112
f 111 146 147
f 475 438 474
f 439 438 475
f 371 337 370
f 336 370 337
f 372 339 337
f 338 337 339
f 265 266 237
f 237 266 267
f 305 275 274
f 305 274 304
f 454 489 455
f 490 455 489
f 785 784 815
f 785 749 784
f 785 750 749
f 785 816 750
f 720 750 721
f 751 721 750
f 817 750 816
f 751 750 817
f 841 812 871
f 840 871 812
f 557 621 558
f 622 558 621
f 557 556 621
f 556 620 621
f 193 164 163
f 193 163 192
f 30 31 19
f 30 19 18
f 3198 3177 3176
f 3151 3176 3177
f 3179 3154 3178
f 3179 3178 3200
f 3262 3232 3261
f 3231 3261 3232
f 3262 3261 3284
f 3285 3262 3284
f 3410 3388 3456
f 3410 3369 3388
f 3230 3228 3229
f 3179 3228 3230
f 3227 3254 3228
f 3229 3228 3254
f 3322 3303 3302
f 3322 3342 3303
f 3008 3066 3038
f 3008 3038 3009
f 2917 2919 2918
f 2917 2942 2919
f 2944 2977 2978
f 2979 2944 2978
f 2976 3005 2978
f 2976 2978 2977
f 2947 2923 2946
f 2924 2923 2947
f 2945 2946 2923
f 2945 2923 2922
f 3037 3010 2981
f 3037 2981 2980
f 2945 2981 2946
f 2980 2981 2945
f 2999 2969 2998
f 2998 2969 2968
f 2968 2969 2934
f 2935 2934 2969
f 2936 2937 2911
f 2937 2912 2911
f 2878 2877 2911
f 2878 2911 2912
f 2936 2911 2935
f 2935 2911 2910
f 2876 2911 2877
f 2876 2910 2911
f 2759 2758 2789
f 2758 2788 2789
f 2848 2817 2847
f 2848 2818 2817
f 3426 3425 3447
f 3448 3426 3447
f 3401 3400 3425
f 3424 3425 3400
f 3423 3400 3399
f 3423 3424 3400
f 3399 3400 3377
f 3377 3400 3378
f 3267 3268 3240
f 3267 3240 3239
f 2036 2060 2037
f 2036 2037 2011
f 2130 2087 2129
f 2086 2129 2087
f 2036 2087 2060
f 2086 2087 2036
f 3024 3023 3052
f 3024 3052 3054
f 2965 2932 2931
f 2966 2932 2965
f 2907 2906 2932
f 2906 2931 2932
f 2908 2907 2932
f 2933 2908 2932
f 2987 3046 2988
f 2987 2986 3046
f 2992 2991 3022
f 2991 3021 3022
f 3021 3049 3022
f 3049 3050 3022
f 2992 3022 3023
f 3051 3023 3022
f 3361 3338 3298
f 3319 3338 3362
f 3319 3298 3338
f 3296 3272 3295
f 3249 3295 3272
f 3243 3245 3216
f 3243 3216 3244
f 3142 3166 3167
f 3120 3166 3142
f 1397 1396 1425
f 1424 1425 1396
f 1424 1456 1425
f 1457 1425 1456
f 1458 1425 1457
f 1398 1425 1426
f 1458 1426 1425
f 1568 1569 1538
f 1539 1538 1569
f 1482 1513 1514
f 1482 1514 1483
f 1484 1514 1515
f 1484 1483 1514
f 1515 1514 1538
f 1537 1538 1514
f 1949 1950 1924
f 1924 1950 1925
f 1951 1926 1950
f 1926 1925 1950
f 1830 1850 1876
f 1831 1830 1876
f 1831 1876 1851
f 1877 1851 1876
f 2040 2015 2039
f 2040 2039 2065
f 1725 1754 1755
f 1726 1725 1755
f 1784 1754 1782
f 1784 1782 1783
f 1783 1782 1808
f 1781 1808 1782
f 1780 1781 1782
f 1780 1782 1753
f 1533 1534 1532
f 1509 1532 1534
f 1653 1621 1652
f 1622 1621 1653
f 1656 1625 1624
f 1655 1656 1624
f 1593 1624 1594
f 1625 1594 1624
f 2169 2191 2192
f 2169 2143 2191
f 2026 1980 2025
f 2003 2025 1980
f 2074 2026 2025
f 2074 2025 2046
f 2116 2072 2115
f 2115 2072 2071
f 1865 1932 1908
f 1865 1840 1932
f 1548 1523 1576
f 1577 1548 1576
f 1547 1575 1576
f 1603 1576 1575
f 1603 1636 1576
f 1636 1604 1576
f 1882 1836 1863
f 1882 1883 1836
f 1838 1837 1836
f 1883 1838 1836
f 1811 1813 1812
f 1861 1813 1811
f 1756 1757 1755
f 1727 1755 1757
f 2709 2739 2560
f 2709 2560 2636
f 2402 2401 2608
f 2357 2401 2402
f 3097 3068 3067
f 3097 3098 3068
f 3069 3039 3068
f 3069 3068 3098
f 3039 2982 3068
f 3010 3068 2982
f 3040 2982 3039
f 2983 2982 3040
f 2879 2880 2848
f 2849 2848 2880
f 2849 2880 2850
f 2850 2880 2881
f 2526 2552 2500
f 2499 2526 2500
f 2474 2473 2500
f 2475 2474 2500
f 2527 2500 2552
f 2475 2500 2527
f 2551 2599 2600
f 2551 2600 2526
f 2655 2629 2654
f 2628 2654 2629
f 2652 2673 2674
f 2651 2673 2652
f 2394 2345 2344
f 2394 2395 2345
f 2443 2444 2396
f 2443 2396 2395
f 2522 2548 2523
f 2549 2523 2548
f 2625 2574 2596
f 2597 2574 2625
f 2597 2548 2574
f 2547 2574 2548
f 2486 2538 2539
f 2486 2485 2538
f 2510 2566 2511
f 2566 2536 2511
f 2536 2586 2511
f 2512 2511 2586
f 2298 2297 2316
f 2315 2316 2297
f 2298 2273 2297
f 2272 2297 2273
f 2185 2184 2246
f 2221 2246 2184
f 2108 2134 2135
f 2108 2135 2109
f 2224 2186 2222
f 2224 2222 2223
f 2000 2021 2022
f 2000 2022 2023
f 1949 1975 1976
f 1949 1976 1950
f 1951 1950 1976
f 1951 1976 1977
f 2655 2677 2678
f 2656 2655 2678
f 2703 2704 2678
f 2703 2678 2677
f 2656 2678 2657
f 2657 2678 2679
f 2704 2733 2705
f 2734 2705 2733
f 2704 2705 2678
f 2679 2678 2705
f 2734 2735 2705
f 2706 2705 2735
f 2706 2680 2705
f 2680 2679 2705
f 3395 3374 3394
f 3395 3394 3418
f 3547 3504 3545
f 3547 3545 3526
f 3504 3458 3482
f 3504 3482 3503
f 3441 3416 3440
f 3441 3417 3416
f 3511 3512 3488
f 3488 3512 3489
f 3614 3613 3631
f 3613 3648 3631
f 3665 3649 3631
f 3665 3631 3648
f 3210 3237 3265
f 3210 3209 3237
f 3208 3236 3209
f 3209 3236 3237
f 3308 3289 3307
f 3290 3289 3308
f 3517 3560 3561
f 3517 3561 3539
f 3653 3638 3622
f 3637 3653 3622
f 1098 1128 1064
f 1099 1064 1128
f 1220 1219 1248
f 1220 1248 1249
f 1185 1217 1186
f 1185 1216 1217
f 964 963 995
f 994 995 963
f 1021 1053 993
f 994 993 1053
f 963 962 993
f 994 963 993
f 991 992 961
f 991 961 960
f 645 613 680
f 645 614 613
f 679 680 613
f 612 613 577
f 577 613 614
f 859 858 907
f 858 906 907
f 908 907 958
f 957 958 907
f 432 470 434
f 433 432 434
f 643 675 676
f 642 675 643
f 674 740 675
f 740 741 675
f 22 44 45
f 21 44 22
f 116 117 80
f 116 80 79
f 118 80 117
f 118 81 80
f 42 80 43
f 42 79 80
f 120 82 119
f 83 82 120
f 348 311 310
f 348 349 311
f 348 310 380
f 309 380 310
f 116 79 78
f 116 78 115
f 933 932 959
f 933 959 960
f 991 960 959
f 991 959 990
f 660 697 727
f 660 727 698
f 882 823 849
f 882 824 823
f 849 823 848
f 822 848 823
f 948 947 979
f 978 979 947
f 978 1005 979
f 1006 979 1005
f 1366 1338 1365
f 1338 1337 1365
f 952 985 953
f 984 985 952
f 265 296 266
f 327 266 296
f 502 533 503
f 534 503 533
f 534 533 569
f 568 569 533
f 757 758 729
f 730 729 758
f 827 853 854
f 828 827 854
f 767 800 831
f 766 800 767
f 604 640 605
f 672 605 640
f 568 598 569
f 568 597 598
f 602 601 637
f 638 602 637
f 135 134 171
f 135 171 172
f 212 213 144
f 144 213 145
f 215 181 214
f 180 214 181
f 146 181 147
f 180 181 146
f 369 401 402
f 369 402 370
f 609 543 608
f 544 543 609
f 215 214 248
f 247 248 214
f 339 278 277
f 339 277 306
f 247 277 248
f 278 248 277
f 267 266 297
f 268 267 297
f 327 297 266
f 327 328 297
f 271 301 272
f 302 272 301
f 584 619 585
f 586 585 619
f 3438 3457 3439
f 3415 3438 3439
f 3440 3416 3439
f 3415 3439 3416
f 2846 2847 2816
f 2847 2817 2816
f 2846 2816 2845
f 2815 2845 2816
f 3462 3463 3446
f 3463 3447 3446
f 3425 3446 3447
f 3424 3446 3425
f 3423 3446 3424
f 3423 3445 3446
f 3496 3538 3516
f 3496 3515 3538
f 3517 3538 3560
f 3517 3516 3538
f 1266 1316 1267
f 1290 1267 1316
f 1430 1375 1374
f 1430 1431 1375
f 1238 1267 1207
f 1267 1239 1207
f 969 1000 1025
f 969 1025 1026
f 941 894 920
f 874 920 894
f 872 842 892
f 842 919 892
f 938 997 892
f 997 939 892
f 1370 1342 1369
f 1342 1341 1369
f 1427 1485 1428
f 1484 1485 1427
f 1430 1429 1486
f 1459 1486 1429
f 1428 1485 1429
f 1459 1429 1485
f 1315 1314 1373
f 1315 1373 1374
f 1486 1517 1518
f 1487 1486 1518
f 1540 1518 1517
f 1540 1541 1518
f 1540 1571 1541
f 1540 1570 1571
f 1857 1858 1807
f 1807 1858 1808
f 1860 1809 1858
f 1859 1860 1858
f 1783 1808 1858
f 1783 1858 1809
f 1803 1801 1802
f 1803 1775 1801
f 2143 2142 2191
f 2078 2142 2143
f 2051 2254 2097
f 2144 2254 2051
f 1928 1929 1905
f 1904 1928 1905
f 1883 1905 1838
f 1838 1905 1884
f 1906 1884 1905
f 1906 1905 1929
f 1906 1955 1930
f 1906 1929 1955
f 1928 1955 1929
f 1954 1955 1928
f 1882 1863 1835
f 1882 1835 1881
f 1760 1641 1700
f 1760 1609 1641
f 2879 2914 2880
f 2879 2913 2914
f 3003 3004 2974
f 2975 2974 3004
f 2322 2299 2321
f 2322 2279 2299
f 2493 2494 2468
f 2468 2494 2495
f 2492 2520 2494
f 2521 2494 2520
f 2512 2513 2459
f 2485 2459 2513
f 2315 2370 2316
f 2316 2370 2371
f 2247 2246 2271
f 2270 2271 2246
f 2270 2269 2296
f 2295 2296 2269
f 2200 2242 2217
f 2216 2242 2200
f 2217 2243 2201
f 2218 2201 2243
f 2272 2273 2248
f 2249 2248 2273
f 2223 2222 2248
f 2249 2223 2248
f 1977 2020 2021
f 1977 1976 2020
f 1999 2020 1975
f 2019 2020 1999
f 1975 2020 1976
f 3526 3545 3544
f 3526 3544 3568
f 3207 3234 3208
f 3208 3234 3236
f 3207 3206 3234
f 3206 3233 3234
f 3263 3235 3234
f 3263 3234 3233
f 3562 3539 3581
f 3562 3581 3582
f 1170 1230 1171
f 1170 1196 1230
f 1144 1110 1143
f 1144 1143 1173
f 1173 1143 1172
f 1172 1143 1171
f 1170 1171 1143
f 1170 1143 1142
f 856 887 888
f 856 888 857
f 904 929 888
f 904 888 887
f 435 400 434
f 399 434 400
f 284 308 285
f 309 285 308
f 156 155 186
f 221 186 155
f 221 222 186
f 223 186 222
f 250 225 223
f 224 223 225
f 678 613 576
f 678 576 611
f 184 152 151
f 184 219 152
f 116 152 117
f 117 152 153
f 220 152 219
f 220 153 152
f 957 907 905
f 957 905 956
f 1331 1360 1332
f 1331 1332 1303
f 1254 1303 1332
f 1254 1332 1283
f 1421 1453 1422
f 1421 1420 1453
f 1480 1422 1453
f 1336 1337 1307
f 1306 1336 1307
f 1308 1307 1338
f 1308 1287 1307
f 1455 1454 1481
f 1482 1455 1481
f 265 264 295
f 265 295 296
f 325 296 295
f 325 295 324
f 659 660 627
f 659 627 626
f 660 698 627
f 698 661 627
f 760 759 796
f 760 796 797
f 760 733 759
f 760 734 733
f 798 761 829
f 855 798 829
f 828 829 827
f 827 829 797
f 760 797 829
f 760 829 761
f 798 762 761
f 798 763 762
f 709 708 762
f 709 762 763
f 856 857 830
f 856 830 799
f 570 600 636
f 571 570 636
f 571 636 601
f 601 636 637
f 77 113 114
f 77 76 113
f 112 113 75
f 76 75 113
f 281 343 282
f 307 282 343
f 220 219 282
f 219 281 282
f 118 117 154
f 117 153 154
f 342 375 343
f 342 374 375
f 606 542 541
f 607 542 606
f 342 343 280
f 281 280 343
f 387 386 421
f 455 421 386
f 456 388 421
f 388 387 421
f 779 746 716
f 686 716 746
f 746 809 780
f 810 780 809
f 3409 3435 3476
f 3409 3476 3455
f 3455 3476 3477
f 3477 3476 3501
f 2817 2787 2816
f 2788 2787 2817
f 2756 2787 2757
f 2756 2786 2787
f 2815 2816 2787
f 2815 2787 2786
f 1174 1199 1176
f 1200 1176 1199
f 1200 1199 1234
f 1234 1199 1233
f 1238 1152 1179
f 1238 1207 1152
f 939 940 893
f 872 892 893
f 939 893 892
f 656 622 655
f 622 621 655
f 620 655 621
f 620 654 655
f 1427 1428 1372
f 1428 1373 1372
f 1313 1372 1314
f 1314 1372 1373
f 1541 1519 1518
f 1542 1519 1541
f 1630 1631 1599
f 1600 1599 1631
f 1600 1572 1599
f 1572 1571 1599
f 1570 1599 1571
f 1598 1599 1570
f 1832 1851 1833
f 1852 1833 1851
f 1802 1801 1833
f 1853 1802 1833
f 2188 2206 2189
f 2188 2228 2206
f 2616 2668 2643
f 2642 2668 2616
f 2670 2695 2671
f 2725 2671 2695
f 2417 2390 2416
f 2391 2390 2417
f 2134 2183 2135
f 2184 2135 2183
f 2295 2314 2296
f 2295 2313 2314
f 2291 2311 2292
f 2291 2310 2311
f 2463 2488 2464
f 2489 2464 2488
f 2069 2070 2043
f 2044 2043 2070
f 2328 2282 2399
f 2351 2399 2282
f 2351 2282 2327
f 2255 2327 2282
f 2034 2233 2053
f 2034 2145 2233
f 2255 2233 2327
f 2326 2327 2233
f 3620 3637 3621
f 3637 3622 3621
f 3620 3621 3619
f 3619 3621 3598
f 3619 3598 3597
f 3596 3619 3597
f 284 285 283
f 250 283 285
f 223 222 283
f 250 223 283
f 185 283 222
f 185 282 283
f 520 450 449
f 519 520 449
f 414 449 450
f 414 448 449
f 518 484 548
f 517 548 483
f 483 548 484
f 929 930 888
f 888 930 905
f 1304 1284 1333
f 1304 1333 1334
f 1283 1332 1333
f 1283 1333 1284
f 1360 1333 1332
f 1361 1333 1360
f 1366 1365 1394
f 1365 1393 1394
f 359 358 391
f 359 391 427
f 320 357 321
f 356 357 320
f 566 501 500
f 566 500 565
f 501 465 500
f 464 500 465
f 527 495 494
f 528 495 527
f 461 495 496
f 460 495 461
f 506 536 537
f 505 536 506
f 212 244 213
f 213 244 245
f 275 244 274
f 275 245 244
f 147 181 182
f 148 147 182
f 114 113 149
f 114 149 150
f 183 149 182
f 148 182 149
f 339 340 278
f 278 340 279
f 1144 1173 1198
f 1144 1198 1174
f 656 690 692
f 692 690 691
f 1960 2029 2030
f 1960 2030 1984
f 2048 2077 2120
f 2141 2120 2077
f 2074 2027 2026
f 2004 2026 2027
f 1579 1526 1495
f 1579 1607 1526
f 1527 1551 1608
f 1527 1608 1552
f 2371 2370 2369
f 2371 2369 2390
f 2245 2220 2219
f 2221 2220 2245
f 2156 2154 2181
f 2155 2154 2156
f 2219 2220 2202
f 2181 2202 2220
f 2389 2388 2414
f 2413 2414 2388
f 2291 2292 2266
f 2291 2266 2265
f 2437 2465 2466
f 2437 2436 2465
f 1308 1309 1288
f 1289 1288 1309
f 435 472 436
f 471 472 435
f 507 508 472
f 471 507 472
f 348 380 381
f 380 412 381
f 358 390 391
f 358 357 390
f 565 500 564
f 499 564 500
f 467 466 502
f 502 466 465
f 561 589 562
f 590 562 589
f 625 626 589
f 590 589 626
f 698 662 661
f 698 699 662
f 700 662 699
f 700 663 662
f 781 718 717
f 747 718 781
f 2120 2049 2030
f 2142 2049 2120
f 1984 2030 2049
f 1984 2049 1961
f 2189 2166 2140
f 2165 2189 2140
f 1640 1550 1607
f 1640 1580 1550
f 2643 2668 2669
f 2694 2669 2668
f 2623 2594 2622
f 2623 2595 2594
f 2543 2516 2542
f 2543 2517 2516
f 2542 2516 2515
f 2488 2515 2516
f 2367 2387 2340
f 2367 2340 2339
f 2368 2340 2387
f 2313 2340 2314
f 2313 2339 2340
f 2295 2268 2267
f 2295 2267 2294
f 2363 2364 2336
f 2337 2336 2364
f 3598 3599 3597
f 3597 3599 3579
f 215 248 216
f 248 249 216
f 747 689 718
f 747 782 689
f 654 689 655
f 655 689 690
f 2096 2119 2140
f 2076 2119 2096
f 2165 2140 2119
f 2165 2119 2139
f 2118 2075 2047
f 2118 2047 2094
f 2074 2047 2027
f 2074 2094 2047
f 2670 2671 2646
f 2671 2647 2646
f 2337 2364 2385
f 2337 2385 2365
f 2411 2386 2385
f 2386 2365 2385
f 561 562 529
f 528 561 529
f 279 280 217
f 218 217 280
f 374 408 375
f 407 408 374
f 309 308 346
f 309 346 347
f 2622 2593 2621
f 2648 2622 2621
f 2571 2541 2570
f 2571 2542 2541
f 629 593 592
f 628 629 592
f 478 479 442
f 478 442 441
f 407 442 408
f 407 441 442
f 544 514 543
f 543 514 513
f 479 513 514
f 479 514 480
f 379 378 411
f 347 378 379
f 2670 2646 2619
f 2670 2619 2645
f 2589 2590 2591
f 2589 2591 2569
f 2620 2592 2591
f 2620 2591 2590
f 411 378 410
f 377 410 378
f 479 444 442
f 479 480 444

