# https://github.com/mikedh/trimesh
v -43.00000000 179.00000000 649.71400000 0.71372549 0.42352941 0.37254902
v -42.00000000 179.00000000 650.14300000 0.71764706 0.43137255 0.37254902
v -41.00000000 179.00000000 650.85700000 0.71764706 0.43137255 0.37254902
v -40.00000000 179.00000000 651.14300000 0.71764706 0.43137255 0.37254902
v -44.00000000 179.00000000 647.85700000 0.70588235 0.41568627 0.36470588
v -43.00000000 179.14300000 648.71400000 0.71372549 0.42352941 0.37254902
v -42.00000000 179.57100000 649.42900000 0.71764706 0.43137255 0.37254902
v -41.85710000 179.57100000 649.42900000 0.71764706 0.43137255 0.37254902
v -41.00000000 179.71400000 650.14300000 0.71764706 0.43137255 0.37254902
v -40.00000000 179.71400000 650.14300000 0.71764706 0.43137255 0.37254902
v -67.00000000 179.00000000 645.85700000 0.38039216 0.25882353 0.24705882
v -66.00000000 179.00000000 645.28600000 0.42352941 0.27450980 0.26274510
v -65.00000000 179.00000000 644.71400000 0.43529412 0.27450980 0.26666667
v -64.00000000 179.00000000 644.42900000 0.44313725 0.27058824 0.25882353
v -63.14290000 179.00000000 644.14300000 0.45882353 0.27058824 0.26274510
v -47.00000000 179.00000000 645.28600000 0.68235294 0.40000000 0.34509804
v -46.00000000 179.00000000 645.71400000 0.69019608 0.40784314 0.35294118
v -45.00000000 179.00000000 646.57100000 0.70196078 0.41568627 0.35686275
v -44.00000000 179.14300000 647.14300000 0.70196078 0.41568627 0.35686275
v -43.42860000 179.42900000 647.42900000 0.70196078 0.41568627 0.35686275
v -43.00000000 179.57100000 647.57100000 0.70980392 0.42352941 0.36470588
v -42.00000000 179.85700000 648.42900000 0.71764706 0.43137255 0.37254902
v -41.57140000 179.85700000 648.42900000 0.71372549 0.42745098 0.36862745
v -40.00000000 180.00000000 649.42900000 0.71764706 0.43137255 0.37254902
v -66.00000000 179.42900000 644.57100000 0.40000000 0.25882353 0.25882353
v -65.00000000 179.14300000 644.00000000 0.43921569 0.27843137 0.27058824
v -64.00000000 179.14300000 644.00000000 0.43921569 0.27843137 0.26274510
v -63.00000000 179.00000000 642.85700000 0.47450980 0.28627451 0.27058824
v -62.00000000 179.00000000 642.71400000 0.49411765 0.30196078 0.28627451
v -61.00000000 179.00000000 642.14300000 0.50980392 0.30980392 0.29411765
v -60.14290000 179.00000000 642.14300000 0.53333333 0.32549020 0.30196078
v -51.28570000 179.00000000 642.28600000 0.66274510 0.38039216 0.32549020
v -50.00000000 179.00000000 643.14300000 0.66274510 0.38039216 0.32549020
v -49.14290000 179.00000000 643.14300000 0.66274510 0.38039216 0.32549020
v -49.00000000 179.00000000 643.57100000 0.67450980 0.39215686 0.33725490
v -48.00000000 179.00000000 643.71400000 0.67843137 0.39607843 0.34117647
v -47.28570000 179.28600000 644.28600000 0.67843137 0.39607843 0.34117647
v -47.00000000 179.28600000 644.28600000 0.68235294 0.40000000 0.34509804
v -45.14290000 180.00000000 645.14300000 0.69411765 0.41176471 0.35686275
v -44.00000000 180.00000000 646.14300000 0.69803922 0.41176471 0.35294118
v -43.00000000 180.00000000 646.42900000 0.69803922 0.41176471 0.35294118
v -42.00000000 180.00000000 647.28600000 0.71764706 0.43137255 0.37254902
v -41.00000000 180.00000000 647.42900000 0.71372549 0.42745098 0.36862745
v -41.00000000 180.42900000 648.28600000 0.71372549 0.42745098 0.36862745
v -40.00000000 180.57100000 648.57100000 0.71372549 0.42745098 0.36862745
v -67.00000000 180.00000000 645.14300000 0.36862745 0.25098039 0.24313725
v -66.00000000 180.00000000 644.42900000 0.39215686 0.25882353 0.25490196
v -65.85710000 180.00000000 644.14300000 0.41960784 0.27058824 0.25882353
v -65.00000000 179.85700000 643.71400000 0.43529412 0.27450980 0.26666667
v -64.00000000 179.85700000 643.28600000 0.44313725 0.28235294 0.26666667
v -63.00000000 179.71400000 642.85700000 0.45882353 0.28235294 0.27058824
v -63.00000000 179.57100000 642.57100000 0.46666667 0.29019608 0.27058824
v -62.00000000 179.14300000 642.14300000 0.48627451 0.29411765 0.27843137
v -61.00000000 179.14300000 642.00000000 0.50196078 0.30980392 0.28235294
v -60.00000000 179.00000000 641.42900000 0.54901961 0.32549020 0.29019608
v -59.00000000 179.00000000 641.28600000 0.55294118 0.32549020 0.28235294
v -58.00000000 179.00000000 641.00000000 0.58431373 0.34117647 0.29803922
v -57.00000000 179.00000000 641.00000000 0.60000000 0.34901961 0.30980392
v -56.00000000 179.00000000 640.71400000 0.62352941 0.35686275 0.32156863
v -55.71430000 179.00000000 640.85700000 0.62745098 0.36078431 0.32549020
v -55.00000000 179.00000000 641.00000000 0.64313725 0.35686275 0.32941176
v -54.00000000 179.00000000 641.00000000 0.64705882 0.36078431 0.32549020
v -53.14290000 179.00000000 641.14300000 0.66274510 0.37254902 0.33725490
v -53.00000000 179.00000000 641.14300000 0.65882353 0.37647059 0.32941176
v -52.00000000 179.00000000 641.57100000 0.65490196 0.37254902 0.32549020
v -51.00000000 179.00000000 641.71400000 0.66274510 0.38039216 0.32549020
v -51.00000000 179.14300000 642.14300000 0.67058824 0.38823529 0.33333333
v -50.00000000 179.14300000 642.14300000 0.66666667 0.38431373 0.32941176
v -49.14290000 179.71400000 642.85700000 0.66666667 0.38431373 0.32941176
v -49.00000000 179.71400000 642.85700000 0.67450980 0.39215686 0.33725490
v -47.00000000 180.00000000 643.57100000 0.68235294 0.40000000 0.34509804
v -46.00000000 180.00000000 644.14300000 0.68627451 0.40392157 0.34901961
v -45.00000000 180.00000000 644.57100000 0.69411765 0.41176471 0.35686275
v -44.00000000 180.14300000 645.00000000 0.70196078 0.41568627 0.35686275
v -43.00000000 180.85700000 646.00000000 0.70196078 0.41568627 0.35686275
v -41.00000000 181.00000000 646.85700000 0.71372549 0.43137255 0.37254902
v -40.00000000 181.00000000 647.57100000 0.70980392 0.43137255 0.36078431
v -67.00000000 181.00000000 645.00000000 0.36862745 0.25098039 0.24313725
v -66.00000000 180.71400000 644.00000000 0.38823529 0.25490196 0.25098039
v -65.71430000 180.71400000 643.57100000 0.40784314 0.27058824 0.25490196
v -65.00000000 180.28600000 643.14300000 0.42745098 0.27058824 0.26274510
v -64.00000000 180.00000000 642.28600000 0.44705882 0.28627451 0.27058824
v -63.00000000 180.00000000 642.28600000 0.46666667 0.29019608 0.27843137
v -62.57140000 180.00000000 641.71400000 0.46666667 0.29019608 0.27058824
v -62.00000000 180.00000000 641.57100000 0.48235294 0.29019608 0.27450980
v -61.00000000 180.00000000 641.00000000 0.49803922 0.30588235 0.27843137
v -57.00000000 179.85700000 640.00000000 0.59607843 0.35294118 0.30980392
v -56.00000000 179.71400000 639.85700000 0.61568627 0.35294118 0.31764706
v -55.28570000 179.85700000 640.14300000 0.62745098 0.36078431 0.32549020
v -55.00000000 179.85700000 640.14300000 0.64705882 0.36078431 0.33333333
v -54.00000000 180.00000000 640.28600000 0.64705882 0.36078431 0.32549020
v -53.00000000 180.00000000 640.28600000 0.65882353 0.36862745 0.33333333
v -52.00000000 180.00000000 640.71400000 0.65490196 0.37254902 0.31764706
v -51.00000000 180.00000000 641.28600000 0.65882353 0.37647059 0.32156863
v -50.00000000 180.00000000 642.14300000 0.67450980 0.39215686 0.33725490
v -49.00000000 180.00000000 642.14300000 0.67450980 0.39215686 0.33725490
v -48.00000000 180.00000000 642.28600000 0.67843137 0.39607843 0.34117647
v -47.00000000 180.14300000 643.00000000 0.68235294 0.40000000 0.34509804
v -46.00000000 180.57100000 643.57100000 0.69019608 0.40784314 0.35294118
v -45.00000000 180.57100000 643.57100000 0.69803922 0.41568627 0.36078431
v -45.00000000 180.85700000 644.00000000 0.70588235 0.41960784 0.36078431
v -44.00000000 180.85700000 644.00000000 0.70588235 0.41960784 0.36078431
v -43.00000000 181.00000000 645.00000000 0.70588235 0.41960784 0.36078431
v -42.00000000 181.00000000 645.57100000 0.71372549 0.43137255 0.37254902
v -41.00000000 181.14300000 645.85700000 0.71372549 0.43137255 0.37254902
v -41.00000000 181.28600000 646.28600000 0.70980392 0.43137255 0.36078431
v -40.00000000 181.57100000 646.57100000 0.70980392 0.43137255 0.36078431
v -66.00000000 181.00000000 643.71400000 0.39215686 0.25882353 0.25490196
v -65.28570000 181.00000000 643.14300000 0.40784314 0.27058824 0.25490196
v -65.00000000 181.00000000 642.71400000 0.42352941 0.26666667 0.25882353
v -64.00000000 180.85700000 642.28600000 0.43529412 0.27843137 0.27058824
v -63.00000000 180.57100000 641.71400000 0.45490196 0.28235294 0.27843137
v -62.57140000 180.57100000 641.71400000 0.46274510 0.29019608 0.27843137
v -62.00000000 180.57100000 641.42900000 0.48235294 0.29411765 0.28627451
v -61.00000000 180.14300000 641.00000000 0.49411765 0.30588235 0.29019608
v -60.00000000 180.00000000 640.57100000 0.53333333 0.30588235 0.29019608
v -59.00000000 180.00000000 640.28600000 0.53333333 0.30196078 0.27843137
v -58.00000000 180.00000000 640.14300000 0.54901961 0.31372549 0.27450980
v -57.85710000 180.00000000 639.85700000 0.58039216 0.33333333 0.29803922
v -57.00000000 180.00000000 639.71400000 0.59215686 0.34901961 0.29803922
v -56.00000000 180.00000000 639.71400000 0.61176471 0.35294118 0.30588235
v -55.00000000 180.00000000 639.57100000 0.62745098 0.35294118 0.30588235
v -55.00000000 180.28600000 640.14300000 0.64705882 0.36470588 0.31764706
v -54.00000000 180.28600000 640.14300000 0.65882353 0.36862745 0.31764706
v -53.00000000 180.28600000 640.28600000 0.65490196 0.36470588 0.31372549
v -53.00000000 180.14300000 640.14300000 0.65098039 0.36078431 0.30980392
v -52.00000000 180.42900000 640.42900000 0.65490196 0.36470588 0.31372549
v -51.00000000 180.57100000 640.57100000 0.66666667 0.37647059 0.33333333
v -51.00000000 180.85700000 641.14300000 0.67843137 0.38823529 0.34509804
v -47.00000000 181.00000000 642.28600000 0.68627451 0.39607843 0.34509804
v -46.00000000 181.00000000 642.85700000 0.69411765 0.40392157 0.35294118
v -45.00000000 181.00000000 643.00000000 0.70196078 0.41176471 0.36078431
v -44.00000000 181.00000000 643.28600000 0.69803922 0.40784314 0.35686275
v -43.00000000 181.14300000 644.00000000 0.70196078 0.41960784 0.36078431
v -42.00000000 181.71400000 644.71400000 0.71372549 0.43529412 0.36470588
v -41.00000000 181.71400000 644.85700000 0.70980392 0.43137255 0.36078431
v -40.00000000 182.00000000 645.57100000 0.70980392 0.43137255 0.36078431
v -66.00000000 181.71400000 643.28600000 0.39215686 0.25882353 0.25490196
v -65.00000000 181.57100000 642.57100000 0.40000000 0.26274510 0.24705882
v -65.00000000 181.42900000 642.42900000 0.41568627 0.25882353 0.25098039
v -64.00000000 181.14300000 641.71400000 0.42745098 0.27058824 0.26274510
v -63.00000000 181.14300000 641.71400000 0.45098039 0.27843137 0.27450980
v -62.14290000 181.00000000 640.85700000 0.45882353 0.28627451 0.27450980
v -62.00000000 181.00000000 640.85700000 0.48627451 0.29803922 0.29019608
v -61.00000000 181.00000000 640.42900000 0.49803922 0.30980392 0.29411765
v -60.00000000 181.00000000 640.42900000 0.50980392 0.30980392 0.29411765
v -59.71430000 181.00000000 639.71400000 0.52549020 0.30980392 0.29019608
v -59.00000000 181.00000000 639.57100000 0.52941176 0.30588235 0.27843137
v -57.00000000 180.85700000 638.85700000 0.58823529 0.34509804 0.30196078
v -56.00000000 180.85700000 638.85700000 0.60392157 0.34117647 0.30588235
v -55.00000000 180.85700000 639.00000000 0.62352941 0.35686275 0.30588235
v -54.00000000 181.00000000 639.28600000 0.65490196 0.37254902 0.31764706
v -52.00000000 181.00000000 639.42900000 0.65882353 0.36862745 0.31764706
v -51.00000000 181.00000000 639.85700000 0.67058824 0.38039216 0.32941176
v -50.00000000 181.00000000 640.42900000 0.67843137 0.38823529 0.34509804
v -49.00000000 181.00000000 640.28600000 0.67450980 0.38431373 0.34117647
v -48.00000000 181.00000000 640.71400000 0.68235294 0.39215686 0.34117647
v -47.00000000 181.71400000 641.71400000 0.69019608 0.40000000 0.34901961
v -46.00000000 181.85700000 642.00000000 0.69019608 0.40784314 0.34901961
v -45.00000000 181.85700000 642.00000000 0.69411765 0.41176471 0.35294118
v -44.85710000 181.85700000 642.28600000 0.69803922 0.41568627 0.35686275
v -44.00000000 181.85700000 642.28600000 0.69803922 0.41568627 0.35686275
v -42.85710000 182.00000000 643.00000000 0.71372549 0.43137255 0.37254902
v -41.00000000 182.00000000 643.85700000 0.70980392 0.43137255 0.36078431
v -40.42860000 182.14300000 644.57100000 0.69411765 0.42745098 0.35294118
v -40.00000000 182.14300000 644.71400000 0.69803922 0.43137255 0.35686275
v -39.00000000 182.57100000 645.57100000 0.70588235 0.43921569 0.36470588
v -66.00000000 182.00000000 642.71400000 0.39215686 0.25490196 0.24705882
v -65.00000000 182.00000000 642.00000000 0.40784314 0.25098039 0.24313725
v -64.00000000 182.00000000 641.57100000 0.41960784 0.26666667 0.24705882
v -63.00000000 182.00000000 641.28600000 0.44705882 0.27450980 0.26274510
v -62.00000000 182.00000000 640.71400000 0.45882353 0.28627451 0.27450980
v -62.00000000 181.71400000 640.28600000 0.48627451 0.29803922 0.29019608
v -61.00000000 181.71400000 639.85700000 0.49411765 0.30588235 0.29019608
v -60.00000000 181.71400000 639.85700000 0.50588235 0.30588235 0.29411765
v -59.57140000 181.57100000 639.57100000 0.52156863 0.30588235 0.28627451
v -59.00000000 181.28600000 639.28600000 0.52941176 0.30196078 0.28627451
v -58.00000000 181.00000000 639.00000000 0.54901961 0.31764706 0.29411765
v -57.00000000 181.00000000 638.85700000 0.57254902 0.33725490 0.30588235
v -56.00000000 181.00000000 638.85700000 0.60000000 0.33725490 0.30196078
v -55.00000000 181.00000000 638.85700000 0.62352941 0.35686275 0.30588235
v -55.00000000 181.14300000 639.00000000 0.64313725 0.36862745 0.32156863
v -54.00000000 181.14300000 638.71400000 0.65882353 0.37647059 0.32156863
v -53.00000000 181.14300000 638.85700000 0.65490196 0.37254902 0.31764706
v -53.00000000 181.00000000 638.71400000 0.65490196 0.37254902 0.31372549
v -52.00000000 181.14300000 639.14300000 0.65882353 0.37647059 0.31764706
v -51.00000000 181.14300000 639.14300000 0.66666667 0.38431373 0.32941176
v -51.00000000 181.71400000 639.71400000 0.67058824 0.38823529 0.33333333
v -50.00000000 181.71400000 639.71400000 0.67058824 0.38823529 0.33333333
v -49.00000000 181.85700000 640.00000000 0.67058824 0.38823529 0.33333333
v -47.00000000 182.00000000 640.71400000 0.68235294 0.40000000 0.34117647
v -46.71430000 182.00000000 640.85700000 0.68627451 0.40392157 0.34509804
v -46.00000000 182.00000000 641.57100000 0.68627451 0.40392157 0.34509804
v -45.00000000 182.00000000 641.57100000 0.69411765 0.41176471 0.35294118
v -44.85710000 182.00000000 641.85700000 0.70196078 0.41960784 0.36078431
v -44.00000000 182.00000000 641.85700000 0.70196078 0.41960784 0.36078431
v -43.00000000 182.00000000 642.00000000 0.70588235 0.43529412 0.37254902
v -42.28570000 182.00000000 642.28600000 0.70588235 0.43529412 0.37254902
v -42.00000000 182.00000000 642.71400000 0.70980392 0.44313725 0.36862745
v -41.00000000 182.85700000 643.00000000 0.70980392 0.44313725 0.36862745
v -40.14290000 183.00000000 643.57100000 0.70196078 0.43529412 0.36078431
v -65.00000000 183.00000000 641.42900000 0.40784314 0.25098039 0.24313725
v -64.00000000 182.71400000 640.85700000 0.41568627 0.25882353 0.25098039
v -63.00000000 182.71400000 640.71400000 0.43921569 0.26666667 0.26274510
v -62.00000000 182.42900000 640.28600000 0.45490196 0.28235294 0.27058824
v -61.85710000 182.00000000 639.57100000 0.47450980 0.29803922 0.28627451
v -61.00000000 182.00000000 639.28600000 0.49019608 0.30196078 0.28627451
v -60.00000000 182.00000000 639.00000000 0.49411765 0.30196078 0.28627451
v -59.28570000 182.00000000 639.00000000 0.51372549 0.29803922 0.28627451
v -59.00000000 182.00000000 638.71400000 0.52941176 0.29411765 0.29019608
v -58.00000000 182.00000000 638.71400000 0.54509804 0.31372549 0.29019608
v -56.00000000 181.85700000 638.00000000 0.60392157 0.34117647 0.30980392
v -55.00000000 181.85700000 638.00000000 0.62352941 0.36470588 0.31764706
v -54.85710000 181.85700000 638.00000000 0.64705882 0.37254902 0.33333333
v -53.00000000 181.71400000 637.85700000 0.65882353 0.37647059 0.32156863
v -50.71430000 182.00000000 638.71400000 0.66274510 0.38039216 0.32549020
v -49.00000000 182.00000000 639.00000000 0.67450980 0.39215686 0.33725490
v -48.28570000 182.00000000 639.28600000 0.67450980 0.39215686 0.33725490
v -48.00000000 182.00000000 639.57100000 0.67450980 0.39215686 0.33725490
v -47.00000000 182.14300000 639.85700000 0.67843137 0.39607843 0.34117647
v -46.14290000 182.14300000 639.85700000 0.68627451 0.40392157 0.34901961
v -46.00000000 182.57100000 640.57100000 0.69019608 0.40784314 0.34901961
v -45.00000000 182.57100000 640.57100000 0.69411765 0.41176471 0.35294118
v -44.14290000 183.00000000 641.14300000 0.70196078 0.41960784 0.36078431
v -42.00000000 183.00000000 641.57100000 0.70588235 0.43529412 0.37254902
v -41.00000000 183.00000000 642.28600000 0.71764706 0.45098039 0.37647059
v -40.00000000 183.00000000 642.71400000 0.71372549 0.44705882 0.37254902
v -39.00000000 183.00000000 643.42900000 0.71372549 0.44705882 0.37254902
v -66.00000000 183.00000000 641.85700000 0.38039216 0.24705882 0.24313725
v -64.85710000 183.00000000 640.85700000 0.40392157 0.25490196 0.25098039
v -64.00000000 183.00000000 640.42900000 0.41568627 0.25882353 0.25098039
v -63.00000000 183.00000000 640.14300000 0.43921569 0.26666667 0.26274510
v -62.00000000 182.85700000 639.57100000 0.45098039 0.27843137 0.26666667
v -61.85710000 182.85700000 639.42900000 0.47058824 0.29411765 0.28235294
v -61.00000000 182.71400000 638.85700000 0.47450980 0.29803922 0.28627451
v -60.00000000 182.71400000 638.57100000 0.49019608 0.29411765 0.29019608
v -59.00000000 182.42900000 638.28600000 0.50588235 0.29803922 0.28235294
v -58.00000000 182.14300000 638.00000000 0.54509804 0.31372549 0.29803922
v -57.00000000 182.14300000 638.00000000 0.57254902 0.32549020 0.30588235
v -57.00000000 182.00000000 637.57100000 0.58431373 0.33725490 0.30980392
v -56.00000000 182.00000000 637.71400000 0.60392157 0.34117647 0.30980392
v -55.00000000 182.00000000 637.71400000 0.61960784 0.36078431 0.31372549
v -54.85710000 182.00000000 637.85700000 0.65098039 0.37647059 0.33725490
v -54.00000000 182.00000000 637.71400000 0.65490196 0.38431373 0.32549020
v -53.00000000 182.00000000 637.71400000 0.65882353 0.37647059 0.32156863
v -52.28570000 182.00000000 637.28600000 0.65490196 0.37254902 0.31764706
v -52.00000000 182.00000000 637.71400000 0.65490196 0.37254902 0.31764706
v -51.00000000 182.00000000 637.71400000 0.65490196 0.37254902 0.31764706
v -50.00000000 182.00000000 637.85700000 0.66666667 0.38431373 0.32941176
v -49.00000000 182.28600000 638.28600000 0.67450980 0.39215686 0.33725490
v -48.00000000 182.28600000 638.28600000 0.67450980 0.38431373 0.33333333
v -48.00000000 182.71400000 638.71400000 0.67843137 0.38823529 0.33725490
v -47.00000000 182.71400000 638.85700000 0.67843137 0.39607843 0.34117647
v -46.14290000 183.00000000 639.42900000 0.69019608 0.40784314 0.35294118
v -46.00000000 183.00000000 639.42900000 0.69803922 0.41568627 0.36078431
v -45.00000000 183.00000000 640.00000000 0.70196078 0.41960784 0.36470588
v -44.00000000 183.00000000 640.14300000 0.70588235 0.42352941 0.36470588
v -43.00000000 183.00000000 640.57100000 0.71372549 0.43137255 0.37254902
v -42.00000000 183.14300000 640.85700000 0.71372549 0.43137255 0.37254902
v -42.00000000 183.28600000 641.28600000 0.70980392 0.43921569 0.37647059
v -41.00000000 183.42900000 641.42900000 0.71764706 0.44705882 0.38431373
v -40.00000000 183.57100000 641.71400000 0.72156863 0.45490196 0.38039216
v -66.00000000 184.00000000 641.85700000 0.37647059 0.25490196 0.24705882
v -65.00000000 184.00000000 641.00000000 0.38431373 0.25098039 0.24313725
v -64.28570000 184.00000000 640.28600000 0.40000000 0.25098039 0.24705882
v -64.00000000 183.85700000 640.14300000 0.41176471 0.25490196 0.24705882
v -63.00000000 183.57100000 639.42900000 0.43529412 0.26274510 0.25882353
v -62.00000000 183.57100000 639.42900000 0.45098039 0.27843137 0.26666667
v -61.71430000 183.00000000 638.57100000 0.46666667 0.29019608 0.27843137
v -61.00000000 183.00000000 638.57100000 0.47450980 0.29803922 0.28627451
v -60.00000000 182.85700000 638.00000000 0.49019608 0.29411765 0.29019608
v -59.00000000 182.85700000 637.42900000 0.53333333 0.29803922 0.29411765
v -58.00000000 182.85700000 637.28600000 0.54901961 0.31764706 0.30196078
v -57.00000000 182.85700000 637.00000000 0.57254902 0.32549020 0.30588235
v -56.85710000 182.85700000 637.00000000 0.58431373 0.33725490 0.30980392
v -56.00000000 182.71400000 636.85700000 0.60000000 0.33725490 0.30588235
v -55.00000000 182.71400000 636.85700000 0.60784314 0.34901961 0.30196078
v -54.14290000 182.85700000 637.00000000 0.63921569 0.36470588 0.32549020
v -54.00000000 182.71400000 636.85700000 0.64705882 0.37254902 0.32549020
v -53.00000000 182.85700000 637.00000000 0.65098039 0.36862745 0.32156863
v -52.14290000 183.00000000 637.00000000 0.65098039 0.36078431 0.30980392
v -47.00000000 183.00000000 638.57100000 0.68235294 0.40000000 0.34509804
v -46.00000000 183.14300000 638.85700000 0.69019608 0.40784314 0.35294118
v -46.00000000 183.28600000 639.28600000 0.70196078 0.41960784 0.36470588
v -45.00000000 183.28600000 639.42900000 0.70588235 0.42352941 0.36862745
v -44.00000000 183.71400000 639.85700000 0.71372549 0.43137255 0.37254902
v -41.00000000 184.00000000 640.85700000 0.72941176 0.44705882 0.38823529
v -40.00000000 184.00000000 641.00000000 0.71764706 0.44705882 0.38431373
v -39.00000000 184.00000000 641.42900000 0.71764706 0.45098039 0.37647059
v -65.00000000 184.42900000 640.42900000 0.38039216 0.24705882 0.23921569
v -64.00000000 184.00000000 639.42900000 0.41176471 0.25882353 0.23921569
v -63.00000000 184.00000000 639.00000000 0.43529412 0.26274510 0.25098039
v -62.00000000 183.85700000 638.42900000 0.44705882 0.27843137 0.25490196
v -61.42860000 183.85700000 638.28600000 0.46274510 0.28627451 0.26666667
v -61.00000000 183.71400000 637.57100000 0.47843137 0.29019608 0.27450980
v -60.00000000 183.57100000 637.42900000 0.49019608 0.29803922 0.28235294
v -59.00000000 183.00000000 636.85700000 0.50588235 0.29803922 0.27450980
v -58.85710000 183.00000000 636.71400000 0.52941176 0.30196078 0.28627451
v -58.00000000 183.00000000 636.28600000 0.54509804 0.32156863 0.29411765
v -57.00000000 183.00000000 636.00000000 0.56862745 0.32941176 0.30980392
v -56.14290000 183.00000000 636.14300000 0.58039216 0.34509804 0.30588235
v -56.00000000 183.00000000 635.85700000 0.59215686 0.34117647 0.30588235
v -55.00000000 183.00000000 636.00000000 0.59215686 0.34117647 0.29411765
v -54.00000000 183.00000000 636.00000000 0.61960784 0.35294118 0.30196078
v -53.00000000 183.00000000 636.00000000 0.63137255 0.35686275 0.30980392
v -52.00000000 183.00000000 636.00000000 0.64313725 0.36078431 0.31372549
v -51.00000000 183.00000000 636.28600000 0.64705882 0.36470588 0.31764706
v -50.00000000 183.00000000 636.71400000 0.65882353 0.37647059 0.32941176
v -49.00000000 183.00000000 636.85700000 0.66274510 0.38823529 0.34901961
v -48.00000000 183.00000000 636.85700000 0.67450980 0.39215686 0.33725490
v -48.00000000 183.57100000 637.57100000 0.67843137 0.39607843 0.34117647
v -47.00000000 183.57100000 637.57100000 0.68235294 0.40000000 0.34509804
v -45.00000000 184.00000000 638.85700000 0.70588235 0.42352941 0.36862745
v -44.00000000 184.00000000 638.85700000 0.70980392 0.42745098 0.36862745
v -43.00000000 184.00000000 639.42900000 0.70588235 0.43529412 0.37254902
v -42.00000000 184.00000000 639.71400000 0.71764706 0.44705882 0.38431373
v -41.00000000 184.14300000 640.00000000 0.71764706 0.44705882 0.38431373
v -40.00000000 184.14300000 640.00000000 0.71764706 0.45098039 0.37647059
v -39.85710000 184.42900000 640.28600000 0.71372549 0.44705882 0.37254902
v -39.00000000 184.42900000 640.42900000 0.71764706 0.45098039 0.37647059
v -65.00000000 185.00000000 640.42900000 0.38039216 0.24705882 0.23921569
v -64.00000000 185.00000000 639.42900000 0.40000000 0.25098039 0.24705882
v -64.00000000 184.71400000 639.00000000 0.41568627 0.25490196 0.23921569
v -63.00000000 184.57100000 638.42900000 0.43529412 0.25882353 0.24705882
v -62.00000000 184.42900000 638.28600000 0.45098039 0.27450980 0.25490196
v -61.00000000 184.00000000 637.28600000 0.47450980 0.28627451 0.27058824
v -59.00000000 184.00000000 636.00000000 0.49803922 0.30196078 0.27450980
v -58.85710000 184.00000000 636.00000000 0.51764706 0.30196078 0.28235294
v -58.00000000 184.00000000 635.85700000 0.53333333 0.31764706 0.29019608
v -57.00000000 184.00000000 635.71400000 0.56470588 0.33333333 0.30980392
v -56.14290000 184.00000000 635.28600000 0.58431373 0.34901961 0.30980392
v -56.00000000 184.00000000 635.42900000 0.59607843 0.34509804 0.30980392
v -55.00000000 184.00000000 635.42900000 0.58823529 0.33725490 0.29019608
v -54.00000000 184.00000000 635.42900000 0.60000000 0.33333333 0.28235294
v -53.00000000 184.00000000 635.42900000 0.61960784 0.34509804 0.29803922
v -52.00000000 184.00000000 635.42900000 0.64313725 0.36078431 0.31372549
v -51.00000000 184.00000000 635.71400000 0.64705882 0.36078431 0.32549020
v -50.00000000 184.00000000 636.14300000 0.65490196 0.36862745 0.33333333
v -49.00000000 184.00000000 636.28600000 0.66666667 0.39215686 0.35294118
v -48.00000000 184.00000000 636.42900000 0.67843137 0.39607843 0.34117647
v -47.00000000 184.00000000 637.00000000 0.68235294 0.40000000 0.34509804
v -46.00000000 184.00000000 637.57100000 0.68627451 0.40392157 0.34901961
v -46.00000000 184.14300000 638.00000000 0.68235294 0.41176471 0.35294118
v -45.00000000 184.28600000 638.28600000 0.69411765 0.42352941 0.36470588
v -44.00000000 184.71400000 638.71400000 0.69803922 0.42745098 0.36470588
v -43.00000000 184.85700000 639.14300000 0.71764706 0.45098039 0.37647059
v -42.00000000 184.85700000 639.14300000 0.72156863 0.45490196 0.38039216
v -42.00000000 185.00000000 639.42900000 0.71764706 0.45098039 0.37647059
v -41.00000000 184.85700000 639.28600000 0.71372549 0.44705882 0.37254902
v -40.00000000 184.85700000 639.42900000 0.71372549 0.44705882 0.37254902
v -39.57140000 184.85700000 639.42900000 0.71764706 0.45098039 0.37647059
v -65.00000000 185.57100000 639.57100000 0.38431373 0.24705882 0.23137255
v -64.00000000 185.28600000 639.14300000 0.38823529 0.25098039 0.23529412
v -63.85710000 185.00000000 638.28600000 0.40392157 0.25882353 0.23529412
v -63.00000000 185.00000000 637.85700000 0.42352941 0.27058824 0.25098039
v -62.00000000 184.85700000 637.28600000 0.43529412 0.27450980 0.25098039
v -61.00000000 184.71400000 636.71400000 0.47450980 0.28627451 0.27058824
v -60.00000000 184.00000000 635.71400000 0.49803922 0.29803922 0.28235294
v -59.00000000 184.71400000 635.71400000 0.50980392 0.31372549 0.28627451
v -58.14290000 184.14300000 635.14300000 0.52156863 0.30588235 0.27843137
v -58.00000000 184.14300000 635.00000000 0.53333333 0.32156863 0.28235294
v -57.00000000 184.14300000 634.85700000 0.56470588 0.34117647 0.30588235
v -56.00000000 184.14300000 634.57100000 0.58431373 0.35686275 0.31372549
v -55.00000000 184.14300000 634.57100000 0.60000000 0.36470588 0.32156863
v -54.00000000 184.14300000 634.71400000 0.54901961 0.30588235 0.26274510
v -53.00000000 184.14300000 634.42900000 0.60784314 0.34901961 0.30196078
v -52.00000000 184.14300000 634.42900000 0.63921569 0.37254902 0.32156863
v -51.57140000 184.14300000 634.71400000 0.65098039 0.37647059 0.32941176
v -51.00000000 184.14300000 634.71400000 0.65882353 0.37647059 0.32941176
v -50.00000000 184.14300000 635.14300000 0.66274510 0.38039216 0.33333333
v -49.00000000 184.42900000 635.42900000 0.68235294 0.40000000 0.34509804
v -48.00000000 184.42900000 635.42900000 0.68235294 0.40000000 0.34509804
v -47.85710000 184.85700000 636.00000000 0.68627451 0.40392157 0.34901961
v -47.00000000 184.85700000 636.00000000 0.69411765 0.41176471 0.35686275
v -46.00000000 185.00000000 637.00000000 0.68627451 0.40392157 0.34901961
v -45.85710000 185.00000000 637.00000000 0.69019608 0.40784314 0.35294118
v -45.00000000 185.00000000 637.85700000 0.69803922 0.41568627 0.36078431
v -44.00000000 185.00000000 638.00000000 0.70588235 0.42352941 0.36862745
v -43.85710000 185.00000000 638.28600000 0.72156863 0.43921569 0.38431373
v -43.00000000 185.00000000 638.28600000 0.73333333 0.45098039 0.39607843
v -42.00000000 185.14300000 638.71400000 0.72549020 0.44313725 0.38823529
v -41.57140000 185.14300000 638.71400000 0.73333333 0.45098039 0.39215686
v -41.00000000 185.00000000 638.57100000 0.72549020 0.44313725 0.38431373
v -40.00000000 185.00000000 638.42900000 0.72549020 0.44313725 0.38431373
v -39.00000000 185.00000000 638.57100000 0.73333333 0.45098039 0.39215686
v -65.00000000 186.00000000 639.42900000 0.37647059 0.23921569 0.23137255
v -64.00000000 185.85700000 638.28600000 0.38039216 0.24313725 0.23529412
v -63.85710000 185.85700000 638.14300000 0.40392157 0.25882353 0.23529412
v -63.00000000 185.28600000 637.14300000 0.42352941 0.27058824 0.25098039
v -62.00000000 185.00000000 636.42900000 0.43529412 0.27450980 0.25098039
v -61.00000000 185.00000000 636.42900000 0.45490196 0.27843137 0.25882353
v -60.71430000 185.00000000 635.71400000 0.47843137 0.29019608 0.27450980
v -60.00000000 185.00000000 635.71400000 0.49803922 0.29803922 0.28235294
v -59.00000000 185.00000000 635.00000000 0.49803922 0.30196078 0.27450980
v -55.00000000 185.00000000 634.14300000 0.58823529 0.35294118 0.31372549
v -54.00000000 185.00000000 634.42900000 0.56470588 0.31764706 0.28235294
v -53.85710000 184.85700000 634.14300000 0.56862745 0.32549020 0.27450980
v -53.00000000 184.85700000 634.14300000 0.60784314 0.34901961 0.30196078
v -51.28570000 185.00000000 634.28600000 0.65882353 0.38431373 0.33725490
v -49.57140000 185.00000000 634.57100000 0.67058824 0.38823529 0.33333333
v -48.00000000 185.00000000 634.85700000 0.68235294 0.40000000 0.34509804
v -47.14290000 185.00000000 635.00000000 0.68627451 0.40392157 0.34901961
v -47.00000000 185.14300000 635.71400000 0.69803922 0.41568627 0.36078431
v -46.00000000 185.14300000 636.00000000 0.68627451 0.40392157 0.34901961
v -45.28570000 185.28600000 636.28600000 0.68627451 0.40392157 0.34901961
v -45.00000000 185.85700000 637.00000000 0.69803922 0.41568627 0.36078431
v -44.00000000 186.00000000 637.42900000 0.70196078 0.41960784 0.36470588
v -43.85710000 186.00000000 637.85700000 0.71764706 0.43529412 0.38039216
v -42.00000000 186.00000000 638.28600000 0.72156863 0.45098039 0.39215686
v -41.57140000 186.00000000 638.42900000 0.72549020 0.45490196 0.39215686
v -41.00000000 186.00000000 638.28600000 0.72549020 0.45490196 0.39215686
v -40.00000000 186.00000000 638.28600000 0.72941176 0.45882353 0.39607843
v -39.00000000 186.00000000 638.14300000 0.72941176 0.45882353 0.39607843
v -38.00000000 186.00000000 638.00000000 0.72941176 0.45882353 0.39607843
v -65.00000000 186.57100000 638.71400000 0.37254902 0.23921569 0.23137255
v -64.00000000 186.28600000 638.00000000 0.37647059 0.23921569 0.23137255
v -63.00000000 186.00000000 636.42900000 0.42352941 0.27058824 0.25098039
v -62.00000000 186.00000000 636.14300000 0.43137255 0.27058824 0.24705882
v -61.00000000 185.85700000 635.42900000 0.45490196 0.27843137 0.25882353
v -60.57140000 185.85700000 635.42900000 0.48235294 0.29411765 0.27843137
v -60.00000000 185.71400000 634.71400000 0.50196078 0.30196078 0.28627451
v -59.00000000 185.71400000 634.71400000 0.51372549 0.30588235 0.28235294
v -58.00000000 185.14300000 634.14300000 0.52941176 0.31372549 0.28627451
v -58.00000000 185.00000000 634.00000000 0.53333333 0.30980392 0.28235294
v -57.00000000 185.00000000 633.71400000 0.53333333 0.30980392 0.28235294
v -56.00000000 185.00000000 633.42900000 0.55294118 0.32156863 0.29019608
v -55.28570000 185.00000000 633.28600000 0.56862745 0.33725490 0.30588235
v -55.00000000 185.14300000 633.42900000 0.57647059 0.34117647 0.30196078
v -54.00000000 185.14300000 633.42900000 0.58823529 0.34117647 0.30588235
v -53.28570000 185.14300000 633.42900000 0.59607843 0.35294118 0.30196078
v -53.00000000 185.00000000 633.28600000 0.62352941 0.36470588 0.31764706
v -52.00000000 185.00000000 633.28600000 0.63529412 0.37647059 0.32156863
v -51.00000000 185.00000000 633.14300000 0.65882353 0.38823529 0.32941176
v -50.00000000 185.00000000 633.57100000 0.66274510 0.39215686 0.33333333
v -49.00000000 185.00000000 633.57100000 0.66666667 0.39607843 0.33725490
v -48.00000000 185.28600000 634.00000000 0.68627451 0.40392157 0.34901961
v -47.00000000 185.57100000 634.57100000 0.69019608 0.40784314 0.35294118
v -44.00000000 186.14300000 636.57100000 0.70980392 0.42745098 0.37254902
v -43.14290000 186.14300000 637.00000000 0.72156863 0.43921569 0.38431373
v -43.00000000 186.00000000 636.85700000 0.71764706 0.44705882 0.38823529
v -42.00000000 186.71400000 637.57100000 0.72156863 0.45098039 0.39215686
v -41.00000000 186.71400000 637.57100000 0.72549020 0.45490196 0.39607843
v -41.00000000 186.57100000 637.42900000 0.72549020 0.45490196 0.39607843
v -40.00000000 186.57100000 637.42900000 0.73333333 0.46274510 0.40392157
v -39.00000000 186.42900000 637.28600000 0.72941176 0.45882353 0.40000000
v -38.00000000 186.28600000 637.14300000 0.73725490 0.46666667 0.40784314
v -65.00000000 187.00000000 637.57100000 0.38039216 0.24705882 0.23921569
v -64.00000000 187.00000000 637.28600000 0.38431373 0.24705882 0.23921569
v -63.00000000 186.85700000 636.42900000 0.41568627 0.26274510 0.24313725
v -62.00000000 186.57100000 635.42900000 0.42745098 0.26666667 0.24313725
v -61.00000000 186.57100000 635.42900000 0.45490196 0.27843137 0.25882353
v -60.00000000 186.00000000 634.71400000 0.50196078 0.30196078 0.29019608
v -59.00000000 186.00000000 634.14300000 0.50196078 0.30588235 0.27843137
v -55.14290000 186.00000000 633.14300000 0.56078431 0.32941176 0.29803922
v -54.00000000 185.85700000 633.00000000 0.60784314 0.37254902 0.33333333
v -53.14290000 185.42900000 632.57100000 0.62352941 0.38039216 0.32941176
v -53.00000000 185.42900000 632.42900000 0.62745098 0.37647059 0.32941176
v -52.00000000 185.42900000 632.42900000 0.62352941 0.37647059 0.31764706
v -51.00000000 185.42900000 632.42900000 0.64705882 0.38431373 0.32156863
v -50.00000000 185.85700000 632.85700000 0.65882353 0.39607843 0.33333333
v -49.00000000 185.85700000 632.85700000 0.67450980 0.40392157 0.34509804
v -47.00000000 186.00000000 633.85700000 0.69019608 0.40784314 0.35294118
v -46.00000000 186.00000000 634.42900000 0.67843137 0.39607843 0.34117647
v -45.00000000 186.00000000 634.71400000 0.66666667 0.38431373 0.32941176
v -45.00000000 186.28600000 635.28600000 0.69803922 0.41568627 0.36078431
v -42.00000000 187.00000000 636.85700000 0.72156863 0.45098039 0.39215686
v -41.00000000 187.00000000 636.85700000 0.72549020 0.45490196 0.39607843
v -40.00000000 187.00000000 636.85700000 0.72941176 0.45882353 0.40000000
v -39.00000000 187.00000000 636.85700000 0.72941176 0.45882353 0.40000000
v -38.00000000 187.00000000 636.85700000 0.73725490 0.46666667 0.40784314
v -65.00000000 187.42900000 637.42900000 0.38431373 0.25098039 0.24313725
v -64.00000000 187.14300000 636.71400000 0.38431373 0.25098039 0.24313725
v -63.00000000 187.00000000 635.71400000 0.41176471 0.26274510 0.25098039
v -62.00000000 187.00000000 635.42900000 0.43529412 0.27450980 0.25882353
v -61.00000000 186.85700000 634.57100000 0.45882353 0.28235294 0.27058824
v -60.00000000 186.85700000 633.85700000 0.49411765 0.30196078 0.28627451
v -59.00000000 186.57100000 633.57100000 0.50196078 0.30588235 0.27843137
v -58.00000000 186.00000000 633.00000000 0.52549020 0.31764706 0.28627451
v -57.00000000 186.00000000 632.71400000 0.52549020 0.30980392 0.28235294
v -56.00000000 186.00000000 632.28600000 0.53333333 0.32156863 0.28235294
v -55.00000000 186.00000000 632.00000000 0.54901961 0.32156863 0.27843137
v -54.00000000 186.00000000 632.00000000 0.58431373 0.34901961 0.30980392
v -53.00000000 186.00000000 631.57100000 0.60392157 0.36862745 0.32549020
v -52.00000000 186.00000000 631.42900000 0.62352941 0.37647059 0.31764706
v -51.00000000 186.00000000 631.42900000 0.64313725 0.38431373 0.32156863
v -50.00000000 186.00000000 632.00000000 0.65490196 0.39607843 0.33333333
v -49.00000000 186.00000000 632.00000000 0.67058824 0.40784314 0.34509804
v -48.00000000 186.00000000 632.28600000 0.67450980 0.40392157 0.34509804
v -47.00000000 186.14300000 632.85700000 0.69019608 0.40784314 0.35294118
v -47.00000000 186.28600000 633.14300000 0.69803922 0.41568627 0.36078431
v -46.00000000 186.57100000 633.57100000 0.68235294 0.40000000 0.34509804
v -45.00000000 186.71400000 633.71400000 0.67058824 0.38823529 0.33333333
v -44.00000000 187.00000000 635.14300000 0.72156863 0.45098039 0.39215686
v -43.00000000 187.00000000 635.85700000 0.72156863 0.45098039 0.39215686
v -42.00000000 187.42900000 636.42900000 0.71764706 0.44705882 0.38823529
v -41.00000000 187.42900000 636.42900000 0.72549020 0.45490196 0.39607843
v -40.00000000 187.42900000 636.42900000 0.72941176 0.45882353 0.40000000
v -39.00000000 187.42900000 636.42900000 0.73333333 0.46274510 0.40392157
v -39.00000000 187.28600000 636.14300000 0.72941176 0.46666667 0.40392157
v -38.00000000 187.14300000 636.00000000 0.73333333 0.47058824 0.40784314
v -64.00000000 188.00000000 636.42900000 0.38431373 0.25098039 0.24313725
v -63.00000000 188.00000000 635.57100000 0.40784314 0.25882353 0.24705882
v -62.00000000 187.71400000 634.71400000 0.43529412 0.28235294 0.26274510
v -61.00000000 187.71400000 634.57100000 0.45490196 0.28235294 0.27058824
v -60.00000000 187.00000000 633.71400000 0.49019608 0.29803922 0.28235294
v -57.57140000 187.00000000 632.57100000 0.52549020 0.31764706 0.28627451
v -57.00000000 186.85700000 631.85700000 0.52549020 0.31764706 0.28627451
v -56.00000000 186.85700000 631.85700000 0.52549020 0.31372549 0.27450980
v -55.00000000 186.71400000 631.71400000 0.52156863 0.29803922 0.26274510
v -54.00000000 186.42900000 631.42900000 0.55686275 0.32156863 0.28235294
v -53.00000000 186.42900000 631.42900000 0.58039216 0.34509804 0.30196078
v -52.85710000 186.28600000 631.14300000 0.59607843 0.35294118 0.30980392
v -52.00000000 186.28600000 631.14300000 0.62352941 0.37254902 0.32549020
v -51.00000000 186.14300000 631.00000000 0.63529412 0.38431373 0.33725490
v -50.85710000 186.14300000 631.00000000 0.64313725 0.38431373 0.32941176
v -50.00000000 186.28600000 631.28600000 0.64705882 0.38823529 0.33333333
v -49.00000000 186.28600000 631.28600000 0.66666667 0.40392157 0.34117647
v -48.57140000 186.57100000 631.57100000 0.67843137 0.40784314 0.34901961
v -48.00000000 186.57100000 631.57100000 0.67450980 0.40392157 0.34509804
v -47.00000000 186.85700000 632.00000000 0.69019608 0.40784314 0.35294118
v -46.85710000 186.85700000 632.28600000 0.69019608 0.40784314 0.35294118
v -45.00000000 187.00000000 632.85700000 0.66274510 0.39215686 0.33333333
v -44.00000000 187.14300000 634.00000000 0.72941176 0.45882353 0.40000000
v -43.00000000 187.71400000 634.71400000 0.72941176 0.45882353 0.40000000
v -41.00000000 188.00000000 635.57100000 0.72941176 0.45882353 0.40000000
v -40.00000000 188.00000000 636.14300000 0.72941176 0.45882353 0.40000000
v -39.00000000 188.00000000 635.57100000 0.74117647 0.47058824 0.41176471
v -38.00000000 188.00000000 635.57100000 0.74117647 0.47058824 0.41176471
v -64.00000000 188.57100000 635.57100000 0.37647059 0.24313725 0.23529412
v -63.00000000 188.57100000 635.42900000 0.37647059 0.24705882 0.22745098
v -62.71430000 188.00000000 634.71400000 0.40784314 0.25882353 0.24705882
v -62.00000000 188.00000000 634.42900000 0.43529412 0.28235294 0.26274510
v -61.00000000 187.85700000 633.71400000 0.45098039 0.27843137 0.26666667
v -60.00000000 187.85700000 633.57100000 0.46274510 0.28627451 0.26666667
v -59.85710000 187.85700000 632.85700000 0.48627451 0.29411765 0.27450980
v -59.00000000 187.00000000 631.85700000 0.50196078 0.30980392 0.28235294
v -58.00000000 187.00000000 631.85700000 0.51372549 0.31764706 0.28235294
v -57.00000000 187.00000000 631.57100000 0.51372549 0.31764706 0.28235294
v -56.00000000 187.00000000 630.85700000 0.52549020 0.32156863 0.27843137
v -52.42860000 187.00000000 630.42900000 0.59607843 0.36078431 0.31764706
v -50.14290000 187.00000000 630.00000000 0.62745098 0.38039216 0.32156863
v -47.00000000 187.00000000 631.14300000 0.68627451 0.41176471 0.36470588
v -46.42860000 187.00000000 631.28600000 0.68235294 0.40784314 0.36078431
v -46.00000000 187.00000000 631.85700000 0.68627451 0.41176471 0.36470588
v -45.00000000 187.14300000 632.00000000 0.66666667 0.39215686 0.34509804
v -44.85710000 187.85700000 632.85700000 0.67058824 0.39607843 0.34901961
v -44.00000000 187.85700000 633.14300000 0.73725490 0.46666667 0.40784314
v -43.00000000 188.00000000 634.00000000 0.73333333 0.46274510 0.40392157
v -42.00000000 188.00000000 634.85700000 0.73725490 0.46666667 0.40784314
v -41.00000000 188.28600000 635.28600000 0.73725490 0.46666667 0.40784314
v -41.00000000 188.42900000 635.42900000 0.73725490 0.46666667 0.40784314
v -40.00000000 188.57100000 635.71400000 0.73333333 0.46274510 0.40392157
v -39.00000000 188.85700000 636.00000000 0.73725490 0.46666667 0.40784314
v -39.00000000 188.57100000 635.57100000 0.73725490 0.46666667 0.40784314
v -38.00000000 188.57100000 635.57100000 0.74117647 0.47058824 0.41176471
v -64.00000000 189.00000000 635.42900000 0.36862745 0.23529412 0.22745098
v -63.00000000 189.00000000 634.57100000 0.37647059 0.24705882 0.22745098
v -62.00000000 188.85700000 634.42900000 0.41568627 0.26666667 0.25490196
v -62.00000000 188.71400000 633.57100000 0.43921569 0.28627451 0.26666667
v -61.00000000 188.00000000 632.71400000 0.45098039 0.27843137 0.26666667
v -60.00000000 188.00000000 632.71400000 0.45490196 0.27843137 0.25882353
v -59.00000000 188.00000000 631.85700000 0.49019608 0.29803922 0.27058824
v -58.00000000 187.85700000 630.85700000 0.50588235 0.31764706 0.27843137
v -57.00000000 187.85700000 630.85700000 0.51372549 0.32549020 0.28627451
v -57.00000000 187.57100000 630.57100000 0.53333333 0.33725490 0.30196078
v -56.00000000 187.57100000 630.57100000 0.52156863 0.32549020 0.28235294
v -55.00000000 187.00000000 629.85700000 0.52156863 0.30980392 0.27058824
v -54.85710000 187.00000000 629.85700000 0.54901961 0.33725490 0.29019608
v -54.00000000 187.00000000 629.71400000 0.57647059 0.34901961 0.30588235
v -53.00000000 187.00000000 629.71400000 0.59607843 0.36862745 0.32156863
v -52.00000000 187.00000000 629.14300000 0.62745098 0.38431373 0.33333333
v -51.00000000 187.00000000 629.00000000 0.63529412 0.38431373 0.33725490
v -50.00000000 187.00000000 629.00000000 0.63137255 0.38431373 0.32549020
v -49.00000000 187.00000000 629.14300000 0.65490196 0.38823529 0.33725490
v -48.00000000 187.00000000 629.42900000 0.67058824 0.40392157 0.35294118
v -48.00000000 187.71400000 629.57100000 0.67058824 0.39607843 0.34901961
v -47.00000000 187.85700000 630.28600000 0.69019608 0.41568627 0.36862745
v -46.00000000 187.85700000 630.28600000 0.68235294 0.40784314 0.36078431
v -44.14290000 188.00000000 632.00000000 0.66666667 0.39215686 0.34509804
v -44.00000000 188.00000000 632.28600000 0.73725490 0.46666667 0.40784314
v -43.00000000 188.28600000 633.14300000 0.73333333 0.46274510 0.40392157
v -42.42860000 188.42900000 633.42900000 0.74509804 0.47450980 0.41568627
v -41.00000000 189.00000000 634.28600000 0.74509804 0.47450980 0.41568627
v -40.00000000 189.00000000 635.14300000 0.74117647 0.47058824 0.41176471
v -39.00000000 189.00000000 635.28600000 0.72549020 0.45490196 0.39607843
v -38.00000000 189.00000000 635.28600000 0.72941176 0.45882353 0.40000000
v -37.00000000 189.00000000 634.57100000 0.73725490 0.47450980 0.41176471
v -64.00000000 189.71400000 634.71400000 0.36470588 0.24313725 0.23137255
v -63.00000000 189.14300000 633.85700000 0.37647059 0.25490196 0.23529412
v -62.00000000 189.14300000 633.85700000 0.40784314 0.27058824 0.25490196
v -61.85710000 188.85700000 632.85700000 0.42745098 0.28235294 0.25882353
v -61.00000000 188.85700000 632.71400000 0.43921569 0.27843137 0.26274510
v -60.00000000 188.85700000 632.00000000 0.44313725 0.28235294 0.25882353
v -59.00000000 188.85700000 631.85700000 0.46274510 0.28627451 0.26274510
v -59.00000000 188.14300000 631.00000000 0.49411765 0.29803922 0.26274510
v -58.00000000 188.00000000 630.85700000 0.50980392 0.30588235 0.26274510
v -57.00000000 188.00000000 630.28600000 0.52549020 0.32941176 0.29411765
v -56.00000000 188.00000000 630.00000000 0.51764706 0.32941176 0.29019608
v -55.00000000 188.00000000 629.85700000 0.50588235 0.30980392 0.27450980
v -54.71430000 188.00000000 629.71400000 0.51764706 0.32549020 0.27058824
v -54.00000000 188.00000000 629.57100000 0.56470588 0.35294118 0.30588235
v -53.00000000 188.00000000 629.00000000 0.58431373 0.37647059 0.31372549
v -49.00000000 188.00000000 628.85700000 0.65098039 0.38431373 0.33333333
v -48.00000000 188.00000000 628.71400000 0.65098039 0.38431373 0.33333333
v -47.00000000 188.00000000 629.28600000 0.69411765 0.42352941 0.36470588
v -46.00000000 188.00000000 629.71400000 0.68627451 0.42352941 0.35686275
v -45.00000000 188.00000000 630.28600000 0.67843137 0.41568627 0.35294118
v -44.00000000 188.14300000 631.00000000 0.65882353 0.39607843 0.33333333
v -44.00000000 188.57100000 631.57100000 0.73333333 0.46274510 0.40392157
v -42.14290000 189.00000000 633.00000000 0.75686275 0.48235294 0.43529412
v -42.00000000 189.00000000 633.42900000 0.75294118 0.47843137 0.43137255
v -41.00000000 189.14300000 634.14300000 0.74509804 0.47450980 0.41568627
v -41.00000000 189.28600000 634.28600000 0.74117647 0.47058824 0.41176471
v -40.00000000 189.57100000 634.71400000 0.74509804 0.47450980 0.41568627
v -39.00000000 189.57100000 634.71400000 0.73725490 0.46666667 0.40784314
v -38.85710000 189.85700000 634.85700000 0.72156863 0.44705882 0.40000000
v -38.00000000 189.85700000 634.85700000 0.71764706 0.44313725 0.39607843
v -37.00000000 189.42900000 634.42900000 0.73333333 0.46274510 0.40000000
v -64.00000000 190.00000000 633.71400000 0.36862745 0.24705882 0.23529412
v -62.00000000 189.71400000 632.85700000 0.40392157 0.26666667 0.25098039
v -61.85710000 189.71400000 632.57100000 0.41960784 0.27450980 0.25098039
v -61.00000000 189.00000000 631.71400000 0.43529412 0.27450980 0.25882353
v -60.00000000 189.00000000 631.71400000 0.44313725 0.28235294 0.26666667
v -59.00000000 189.00000000 631.00000000 0.49019608 0.29803922 0.27058824
v -58.00000000 188.85700000 630.00000000 0.49803922 0.30196078 0.26666667
v -57.00000000 188.85700000 630.00000000 0.50588235 0.31764706 0.27843137
v -56.42860000 189.00000000 629.42900000 0.51372549 0.32549020 0.28627451
v -55.00000000 188.85700000 629.00000000 0.50196078 0.31372549 0.27450980
v -54.00000000 188.71400000 628.71400000 0.56078431 0.35686275 0.30588235
v -53.00000000 188.14300000 628.00000000 0.56862745 0.36470588 0.30980392
v -52.00000000 188.14300000 628.14300000 0.58431373 0.36470588 0.31372549
v -52.00000000 188.00000000 627.85700000 0.58039216 0.36078431 0.30196078
v -51.00000000 188.00000000 627.85700000 0.58431373 0.35294118 0.29803922
v -50.00000000 188.00000000 627.42900000 0.57254902 0.34117647 0.28627451
v -50.00000000 188.14300000 627.85700000 0.58039216 0.32941176 0.28235294
v -49.00000000 188.14300000 627.85700000 0.59607843 0.34901961 0.29019608
v -48.00000000 188.28600000 628.00000000 0.62352941 0.35686275 0.30588235
v -47.00000000 188.57100000 628.57100000 0.68627451 0.41568627 0.35686275
v -46.00000000 188.71400000 628.71400000 0.68235294 0.41960784 0.35294118
v -45.00000000 188.85700000 629.57100000 0.67843137 0.41568627 0.35294118
v -44.00000000 189.00000000 630.14300000 0.65882353 0.39607843 0.33333333
v -43.00000000 189.00000000 631.57100000 0.75686275 0.48627451 0.42745098
v -42.00000000 189.14300000 632.14300000 0.75686275 0.48627451 0.42745098
v -42.00000000 189.85700000 632.85700000 0.76078431 0.49019608 0.43137255
v -40.57140000 190.00000000 633.57100000 0.76078431 0.49019608 0.43137255
v -40.00000000 190.00000000 634.00000000 0.76078431 0.49019608 0.43137255
v -39.00000000 190.00000000 634.57100000 0.74509804 0.47450980 0.41568627
v -38.57140000 190.00000000 634.57100000 0.72549020 0.44313725 0.39607843
v -38.00000000 190.00000000 634.28600000 0.70196078 0.41960784 0.37254902
v -37.00000000 190.00000000 634.14300000 0.71764706 0.44705882 0.38431373
v -64.00000000 190.71400000 633.71400000 0.34901961 0.23921569 0.22745098
v -64.00000000 190.42900000 633.42900000 0.36470588 0.24705882 0.23921569
v -63.00000000 190.00000000 632.85700000 0.38039216 0.26666667 0.24313725
v -62.00000000 190.00000000 632.57100000 0.39607843 0.26666667 0.24705882
v -61.85710000 190.00000000 632.00000000 0.41176471 0.26666667 0.24313725
v -61.00000000 189.85700000 631.57100000 0.42745098 0.26666667 0.25098039
v -60.00000000 189.85700000 631.00000000 0.43921569 0.27843137 0.26274510
v -59.00000000 189.85700000 631.00000000 0.45882353 0.28235294 0.26274510
v -59.00000000 189.14300000 630.14300000 0.48235294 0.29803922 0.27450980
v -58.00000000 189.14300000 630.00000000 0.49019608 0.29803922 0.27058824
v -57.00000000 189.00000000 629.42900000 0.50196078 0.30980392 0.28235294
v -56.28570000 189.00000000 629.00000000 0.51372549 0.32156863 0.29411765
v -56.00000000 189.00000000 628.71400000 0.50980392 0.32156863 0.28235294
v -55.00000000 189.00000000 628.00000000 0.50196078 0.31372549 0.27450980
v -54.00000000 189.00000000 627.85700000 0.52156863 0.33333333 0.28627451
v -50.00000000 188.85700000 627.00000000 0.55294118 0.32549020 0.27843137
v -49.85710000 188.85700000 627.00000000 0.57647059 0.33333333 0.29019608
v -49.00000000 188.85700000 627.28600000 0.59607843 0.35294118 0.30196078
v -48.00000000 188.85700000 627.42900000 0.63137255 0.37254902 0.32549020
v -47.42860000 188.85700000 627.28600000 0.65490196 0.39607843 0.33333333
v -47.00000000 188.85700000 627.71400000 0.67843137 0.41568627 0.35294118
v -46.00000000 188.85700000 627.85700000 0.68235294 0.41960784 0.35294118
v -45.85710000 189.14300000 628.57100000 0.70980392 0.44705882 0.38039216
v -45.00000000 189.14300000 628.71400000 0.69019608 0.42745098 0.36470588
v -44.00000000 189.57100000 629.42900000 0.66274510 0.40000000 0.33725490
v -44.00000000 189.71400000 629.71400000 0.71372549 0.44313725 0.38431373
v -42.00000000 190.00000000 631.28600000 0.76078431 0.49019608 0.43137255
v -41.00000000 190.00000000 632.42900000 0.76862745 0.49803922 0.43921569
v -40.14290000 190.14300000 633.14300000 0.77254902 0.50196078 0.44313725
v -40.00000000 190.14300000 633.28600000 0.77254902 0.50196078 0.44313725
v -39.00000000 190.71400000 633.85700000 0.75294118 0.48235294 0.42352941
v -38.14290000 191.00000000 634.14300000 0.73333333 0.45098039 0.39607843
v -37.00000000 190.71400000 633.71400000 0.70588235 0.43529412 0.37254902
v -64.00000000 191.00000000 633.57100000 0.34901961 0.23921569 0.22745098
v -63.00000000 191.00000000 632.57100000 0.38039216 0.26666667 0.24313725
v -62.00000000 190.71400000 631.71400000 0.39607843 0.26666667 0.24705882
v -61.57140000 190.57100000 631.57100000 0.41176471 0.26666667 0.24313725
v -61.00000000 190.00000000 630.71400000 0.42352941 0.26274510 0.24705882
v -60.00000000 190.00000000 630.71400000 0.44313725 0.27058824 0.25882353
v -59.00000000 190.00000000 630.00000000 0.47058824 0.28627451 0.26274510
v -58.00000000 190.00000000 629.14300000 0.48235294 0.29019608 0.27058824
v -57.00000000 190.00000000 628.42900000 0.50196078 0.30980392 0.28235294
v -56.00000000 189.71400000 627.71400000 0.52156863 0.33333333 0.29411765
v -55.00000000 189.71400000 627.71400000 0.51372549 0.32549020 0.28627451
v -54.00000000 189.14300000 627.00000000 0.49803922 0.30980392 0.27058824
v -53.85710000 189.14300000 627.00000000 0.48627451 0.29803922 0.25882353
v -53.00000000 189.00000000 626.57100000 0.48627451 0.29803922 0.25882353
v -52.00000000 189.00000000 626.57100000 0.47450980 0.27843137 0.24313725
v -51.28570000 189.00000000 626.28600000 0.47843137 0.28235294 0.23921569
v -51.00000000 189.00000000 626.28600000 0.50980392 0.29803922 0.25882353
v -50.00000000 189.00000000 626.00000000 0.55294118 0.32941176 0.28627451
v -49.42860000 189.00000000 626.42900000 0.59215686 0.35686275 0.31764706
v -49.00000000 189.00000000 626.28600000 0.60784314 0.37254902 0.32941176
v -48.00000000 189.00000000 626.42900000 0.63921569 0.38823529 0.34117647
v -47.00000000 189.00000000 626.42900000 0.65098039 0.40392157 0.34509804
v -47.00000000 189.14300000 626.85700000 0.68235294 0.42352941 0.36078431
v -46.00000000 189.14300000 627.00000000 0.69019608 0.42745098 0.36078431
v -45.57140000 189.57100000 627.57100000 0.71764706 0.45490196 0.38823529
v -45.00000000 189.85700000 628.00000000 0.70980392 0.44705882 0.38431373
v -44.00000000 189.85700000 628.42900000 0.67058824 0.40784314 0.34509804
v -43.00000000 190.00000000 629.71400000 0.76078431 0.49803922 0.43529412
v -42.00000000 190.28600000 630.14300000 0.75686275 0.48627451 0.42745098
v -42.00000000 190.85700000 631.14300000 0.77647059 0.50588235 0.44705882
v -38.14290000 191.14300000 633.42900000 0.74901961 0.46666667 0.41176471
v -38.00000000 191.00000000 633.57100000 0.71372549 0.43137255 0.37647059
v -37.00000000 191.00000000 633.57100000 0.69411765 0.43137255 0.36470588
v -63.00000000 191.14300000 632.14300000 0.38431373 0.26274510 0.24313725
v -62.00000000 191.00000000 631.71400000 0.40000000 0.26274510 0.24705882
v -61.14290000 191.00000000 631.00000000 0.41176471 0.26666667 0.24313725
v -61.00000000 191.00000000 630.57100000 0.42745098 0.26666667 0.25098039
v -60.00000000 190.85700000 630.14300000 0.44313725 0.27058824 0.25882353
v -59.00000000 190.42900000 629.57100000 0.45882353 0.27058824 0.26274510
v -58.28570000 190.28600000 629.14300000 0.46274510 0.27450980 0.25882353
v -58.00000000 190.28600000 628.28600000 0.48235294 0.29019608 0.27450980
v -57.00000000 190.28600000 628.28600000 0.49803922 0.30588235 0.28627451
v -56.00000000 190.00000000 627.57100000 0.51372549 0.32156863 0.30196078
v -55.00000000 190.00000000 626.85700000 0.52549020 0.33725490 0.29803922
v -53.28570000 190.00000000 626.28600000 0.47450980 0.28627451 0.24705882
v -52.00000000 189.85700000 625.85700000 0.45098039 0.25490196 0.21960784
v -51.00000000 189.85700000 625.85700000 0.47058824 0.27450980 0.23921569
v -51.00000000 189.57100000 625.57100000 0.50980392 0.29411765 0.26666667
v -50.00000000 189.57100000 625.57100000 0.55294118 0.32941176 0.28627451
v -49.00000000 189.42900000 625.42900000 0.59607843 0.36078431 0.32156863
v -49.00000000 189.57100000 625.57100000 0.61176471 0.37647059 0.33725490
v -48.00000000 189.85700000 625.85700000 0.63921569 0.38823529 0.34901961
v -47.00000000 189.85700000 625.85700000 0.65490196 0.40784314 0.34117647
v -46.00000000 189.85700000 626.28600000 0.69411765 0.43137255 0.36470588
v -45.14290000 190.00000000 626.85700000 0.71372549 0.45098039 0.38431373
v -45.00000000 190.00000000 627.00000000 0.72156863 0.45882353 0.39607843
v -44.00000000 190.00000000 627.71400000 0.68627451 0.42352941 0.36078431
v -43.85710000 190.28600000 628.14300000 0.66274510 0.40000000 0.33725490
v -43.00000000 190.71400000 629.00000000 0.75686275 0.49411765 0.43137255
v -41.00000000 191.00000000 630.42900000 0.77254902 0.50196078 0.44313725
v -40.00000000 191.00000000 631.28600000 0.78039216 0.50980392 0.45098039
v -40.00000000 191.14300000 632.00000000 0.78039216 0.50980392 0.45098039
v -39.00000000 191.14300000 632.28600000 0.76862745 0.49803922 0.43921569
v -38.00000000 191.85700000 633.00000000 0.76470588 0.48235294 0.42745098
v -38.00000000 192.00000000 633.14300000 0.71764706 0.44705882 0.38823529
v -37.00000000 191.85700000 633.00000000 0.67843137 0.41568627 0.34901961
v -63.00000000 192.00000000 632.14300000 0.38039216 0.25882353 0.23921569
v -62.00000000 192.00000000 631.14300000 0.39607843 0.26666667 0.24705882
v -61.00000000 191.85700000 630.85700000 0.40784314 0.27058824 0.24705882
v -61.00000000 191.14300000 630.00000000 0.42745098 0.27450980 0.25490196
v -60.00000000 191.00000000 629.57100000 0.44313725 0.27058824 0.25882353
v -59.00000000 191.00000000 629.28600000 0.45490196 0.26666667 0.25882353
v -58.00000000 191.00000000 628.14300000 0.48627451 0.29411765 0.27843137
v -56.00000000 190.57100000 626.57100000 0.52549020 0.33333333 0.30588235
v -55.00000000 190.42900000 626.42900000 0.52941176 0.33725490 0.30980392
v -54.00000000 190.00000000 625.71400000 0.50980392 0.32156863 0.28235294
v -53.00000000 190.00000000 625.14300000 0.47058824 0.27450980 0.23921569
v -52.00000000 190.00000000 625.14300000 0.49411765 0.28627451 0.25490196
v -49.00000000 190.00000000 624.57100000 0.62352941 0.37647059 0.34117647
v -48.00000000 190.00000000 624.85700000 0.64313725 0.39215686 0.35294118
v -47.00000000 190.00000000 624.85700000 0.64313725 0.39607843 0.32941176
v -46.00000000 190.00000000 625.28600000 0.69019608 0.42745098 0.36078431
v -45.00000000 190.14300000 625.85700000 0.70588235 0.44313725 0.37647059
v -44.00000000 190.85700000 626.85700000 0.70980392 0.44705882 0.38431373
v -43.28570000 190.85700000 627.14300000 0.65882353 0.39607843 0.32941176
v -42.00000000 191.00000000 628.28600000 0.76470588 0.50196078 0.43529412
v -42.00000000 191.28600000 629.28600000 0.77647059 0.51372549 0.44705882
v -41.00000000 191.57100000 629.57100000 0.78039216 0.50980392 0.45098039
v -39.00000000 192.00000000 632.00000000 0.78431373 0.51372549 0.45490196
v -38.00000000 192.14300000 632.14300000 0.76470588 0.49411765 0.43529412
v -37.00000000 192.14300000 632.71400000 0.66274510 0.40784314 0.33725490
v -63.00000000 192.28600000 631.28600000 0.37254902 0.25882353 0.24313725
v -62.00000000 192.14300000 630.42900000 0.38823529 0.26666667 0.25490196
v -61.00000000 192.00000000 629.28600000 0.42352941 0.27450980 0.26274510
v -59.00000000 191.85700000 628.28600000 0.44705882 0.27450980 0.26274510
v -58.00000000 191.71400000 627.71400000 0.46666667 0.28235294 0.25882353
v -58.00000000 191.28600000 627.28600000 0.48627451 0.29411765 0.27450980
v -57.00000000 191.00000000 626.85700000 0.50588235 0.31372549 0.29411765
v -56.00000000 191.00000000 626.28600000 0.51764706 0.32549020 0.30588235
v -55.85710000 191.00000000 625.85700000 0.52156863 0.33725490 0.30588235
v -54.00000000 190.85700000 624.85700000 0.50588235 0.32156863 0.28235294
v -53.00000000 190.71400000 624.71400000 0.49411765 0.30588235 0.25882353
v -52.00000000 190.42900000 624.42900000 0.53725490 0.33333333 0.29019608
v -51.00000000 190.00000000 624.00000000 0.58039216 0.34509804 0.30588235
v -50.00000000 190.00000000 624.00000000 0.58823529 0.35294118 0.30980392
v -49.00000000 190.14300000 624.14300000 0.60784314 0.36470588 0.32156863
v -48.00000000 190.28600000 624.28600000 0.63921569 0.38823529 0.34117647
v -47.00000000 190.42900000 624.28600000 0.64705882 0.38823529 0.32549020
v -47.00000000 190.85700000 624.71400000 0.65882353 0.40392157 0.33333333
v -46.00000000 190.85700000 624.71400000 0.69019608 0.42745098 0.36078431
v -45.00000000 190.85700000 625.00000000 0.71764706 0.45490196 0.39215686
v -43.00000000 191.00000000 626.14300000 0.66274510 0.40000000 0.33333333
v -42.00000000 191.42900000 627.42900000 0.77254902 0.50980392 0.44313725
v -41.14290000 192.00000000 628.14300000 0.78039216 0.51764706 0.45098039
v -40.00000000 192.00000000 629.57100000 0.79215686 0.52156863 0.46274510
v -40.00000000 192.57100000 630.57100000 0.79607843 0.52549020 0.46666667
v -39.00000000 192.85700000 631.00000000 0.79607843 0.52549020 0.46666667
v -38.00000000 192.85700000 631.71400000 0.77254902 0.50980392 0.44705882
v -38.00000000 193.00000000 631.85700000 0.74117647 0.47843137 0.41568627
v -37.00000000 193.00000000 631.85700000 0.68235294 0.41960784 0.35294118
v -36.00000000 193.00000000 631.85700000 0.67450980 0.41176471 0.33725490
v -63.00000000 193.00000000 630.57100000 0.36862745 0.25882353 0.24313725
v -62.00000000 193.00000000 630.28600000 0.38039216 0.26666667 0.25098039
v -61.00000000 192.28600000 629.28600000 0.41176471 0.27450980 0.25882353
v -60.00000000 192.00000000 628.28600000 0.42745098 0.28235294 0.25882353
v -59.00000000 192.14300000 627.85700000 0.44313725 0.28235294 0.26666667
v -58.00000000 192.00000000 626.57100000 0.48235294 0.29803922 0.27450980
v -57.00000000 191.85700000 625.85700000 0.50980392 0.32549020 0.29411765
v -56.00000000 191.85700000 625.85700000 0.52156863 0.33725490 0.30588235
v -55.00000000 191.00000000 624.57100000 0.52549020 0.34117647 0.30980392
v -54.00000000 191.00000000 623.85700000 0.49411765 0.30980392 0.27843137
v -53.00000000 191.00000000 623.71400000 0.45490196 0.26274510 0.23529412
v -46.85710000 190.85700000 623.71400000 0.65882353 0.39607843 0.32941176
v -45.00000000 191.00000000 624.00000000 0.70196078 0.43921569 0.37254902
v -44.00000000 191.00000000 624.85700000 0.73333333 0.47058824 0.40784314
v -43.00000000 191.28600000 625.28600000 0.66666667 0.40392157 0.33725490
v -43.00000000 191.85700000 626.00000000 0.71372549 0.45098039 0.38431373
v -41.00000000 192.00000000 627.28600000 0.78431373 0.52156863 0.45490196
v -41.00000000 192.14300000 628.00000000 0.79215686 0.52156863 0.46274510
v -40.00000000 192.85700000 629.00000000 0.78823529 0.51764706 0.45882353
v -39.71430000 193.00000000 629.71400000 0.78823529 0.51764706 0.45882353
v -39.00000000 193.00000000 630.71400000 0.80000000 0.52941176 0.47058824
v -38.00000000 193.14300000 630.85700000 0.78823529 0.52549020 0.45882353
v -38.00000000 193.71400000 631.71400000 0.77254902 0.50980392 0.44313725
v -37.00000000 193.71400000 631.85700000 0.70588235 0.44313725 0.36862745
v -36.00000000 193.71400000 631.85700000 0.65490196 0.39215686 0.31764706
v -63.00000000 193.42900000 630.42900000 0.37254902 0.25098039 0.23137255
v -62.00000000 193.14300000 629.57100000 0.38823529 0.25098039 0.23529412
v -61.00000000 193.00000000 629.28600000 0.40784314 0.26274510 0.23921569
v -60.42860000 193.00000000 628.42900000 0.42352941 0.27058824 0.25098039
v -60.00000000 193.00000000 628.00000000 0.43137255 0.27843137 0.25098039
v -59.00000000 192.85700000 627.00000000 0.46274510 0.29411765 0.26666667
v -58.00000000 192.57100000 626.57100000 0.47058824 0.27843137 0.25098039
v -58.00000000 192.14300000 626.14300000 0.50196078 0.29411765 0.26274510
v -57.00000000 192.00000000 625.85700000 0.51372549 0.31764706 0.28235294
v -56.00000000 192.00000000 624.85700000 0.52941176 0.33333333 0.29803922
v -55.00000000 191.85700000 624.28600000 0.52941176 0.33333333 0.29803922
v -55.00000000 191.57100000 623.57100000 0.52941176 0.33333333 0.29803922
v -54.00000000 191.28600000 623.28600000 0.50980392 0.31372549 0.27058824
v -53.00000000 191.28600000 623.28600000 0.46666667 0.27058824 0.22745098
v -52.71430000 191.00000000 622.71400000 0.45882353 0.26274510 0.21960784
v -52.00000000 191.00000000 622.71400000 0.44313725 0.23921569 0.19607843
v -51.00000000 191.00000000 622.71400000 0.48235294 0.27843137 0.22745098
v -50.57140000 191.00000000 622.57100000 0.54117647 0.31764706 0.27450980
v -50.00000000 191.00000000 622.57100000 0.57254902 0.34901961 0.30588235
v -49.00000000 191.00000000 622.57100000 0.61568627 0.38823529 0.34509804
v -48.57140000 191.00000000 622.57100000 0.62352941 0.38823529 0.34901961
v -48.00000000 191.00000000 622.71400000 0.63921569 0.39607843 0.35294118
v -47.00000000 191.00000000 622.71400000 0.66666667 0.40784314 0.36078431
v -46.85710000 191.00000000 622.85700000 0.67450980 0.40784314 0.35686275
v -46.00000000 191.00000000 622.85700000 0.68235294 0.41960784 0.35686275
v -45.00000000 191.57100000 623.57100000 0.70980392 0.44705882 0.38431373
v -44.28570000 191.28600000 623.28600000 0.72156863 0.45882353 0.39215686
v -44.00000000 191.85700000 623.85700000 0.73725490 0.47450980 0.40784314
v -42.00000000 192.00000000 625.42900000 0.77647059 0.51372549 0.43921569
v -41.00000000 192.28600000 626.28600000 0.78431373 0.52156863 0.44705882
v -41.00000000 192.85700000 627.14300000 0.79215686 0.52941176 0.46274510
v -40.00000000 193.00000000 628.00000000 0.78823529 0.52549020 0.45882353
v -39.14290000 193.14300000 628.85700000 0.78823529 0.52549020 0.46274510
v -38.00000000 193.85700000 630.28600000 0.79215686 0.52549020 0.47450980
v -37.85710000 193.85700000 630.71400000 0.78431373 0.52156863 0.45882353
v -37.00000000 194.00000000 631.42900000 0.72549020 0.46274510 0.39607843
v -36.00000000 194.00000000 631.57100000 0.60784314 0.34509804 0.27058824
v -63.00000000 194.00000000 629.85700000 0.36862745 0.24705882 0.22745098
v -62.00000000 194.00000000 629.57100000 0.38431373 0.24705882 0.23137255
v -60.14290000 194.00000000 628.14300000 0.41960784 0.26666667 0.24705882
v -60.00000000 193.14300000 627.14300000 0.43137255 0.27843137 0.25098039
v -59.00000000 193.14300000 626.71400000 0.45882353 0.29019608 0.26666667
v -58.00000000 193.00000000 625.71400000 0.47450980 0.29019608 0.25882353
v -57.57140000 193.00000000 625.71400000 0.49803922 0.30196078 0.27450980
v -57.00000000 192.85700000 625.00000000 0.50980392 0.31764706 0.29019608
v -56.00000000 192.14300000 624.00000000 0.52156863 0.32941176 0.30196078
v -55.00000000 192.00000000 623.42900000 0.52156863 0.33333333 0.29411765
v -54.57140000 192.00000000 622.57100000 0.52549020 0.33725490 0.29803922
v -52.28570000 192.00000000 622.28600000 0.38431373 0.18823529 0.14509804
v -52.00000000 191.71400000 621.71400000 0.41960784 0.21568627 0.17254902
v -51.00000000 191.71400000 621.71400000 0.48235294 0.27843137 0.23529412
v -50.00000000 191.57100000 621.57100000 0.55686275 0.33333333 0.29803922
v -49.00000000 191.57100000 621.57100000 0.60000000 0.37254902 0.32941176
v -48.00000000 191.57100000 621.57100000 0.61960784 0.38431373 0.34509804
v -48.00000000 191.71400000 621.71400000 0.65490196 0.41176471 0.36862745
v -47.00000000 191.71400000 621.71400000 0.67843137 0.41176471 0.36862745
v -43.00000000 192.00000000 623.28600000 0.68235294 0.41568627 0.34117647
v -42.00000000 192.28600000 624.42900000 0.77647059 0.50980392 0.43529412
v -41.00000000 193.00000000 625.42900000 0.79215686 0.52549020 0.45098039
v -40.00000000 193.28600000 627.14300000 0.79215686 0.52156863 0.45882353
v -39.00000000 193.71400000 627.85700000 0.79607843 0.52549020 0.46666667
v -38.00000000 194.00000000 629.28600000 0.80000000 0.52549020 0.47843137
v -37.85710000 194.42900000 630.28600000 0.79215686 0.52156863 0.46274510
v -37.00000000 194.57100000 630.57100000 0.74117647 0.47843137 0.41176471
v -62.00000000 194.28600000 628.71400000 0.37647059 0.23921569 0.22352941
v -61.00000000 194.00000000 628.28600000 0.39607843 0.25882353 0.23529412
v -60.00000000 194.00000000 627.14300000 0.42745098 0.27450980 0.25490196
v -58.00000000 193.57100000 625.71400000 0.47843137 0.29411765 0.27058824
v -57.14290000 193.14300000 624.71400000 0.49411765 0.30196078 0.28235294
v -57.00000000 193.00000000 624.00000000 0.50196078 0.31764706 0.29411765
v -55.00000000 192.57100000 622.57100000 0.51372549 0.32941176 0.29803922
v -54.42860000 192.42900000 622.42900000 0.52549020 0.34117647 0.30980392
v -54.00000000 192.00000000 621.57100000 0.52156863 0.33725490 0.29803922
v -53.00000000 192.00000000 621.57100000 0.48235294 0.29411765 0.25490196
v -52.00000000 192.00000000 621.00000000 0.49019608 0.28235294 0.25098039
v -51.00000000 192.00000000 620.71400000 0.53333333 0.32941176 0.28627451
v -50.00000000 192.00000000 620.57100000 0.57254902 0.34901961 0.30588235
v -47.00000000 192.00000000 620.71400000 0.65490196 0.38823529 0.34509804
v -46.00000000 192.00000000 621.00000000 0.69019608 0.41960784 0.36078431
v -45.00000000 192.00000000 621.57100000 0.71372549 0.44313725 0.38431373
v -44.00000000 192.00000000 621.71400000 0.71372549 0.44313725 0.38039216
v -44.00000000 192.14300000 622.14300000 0.72156863 0.45098039 0.38823529
v -43.00000000 192.28600000 622.28600000 0.68235294 0.41568627 0.34117647
v -42.28570000 193.00000000 623.28600000 0.67843137 0.41176471 0.33725490
v -41.00000000 193.14300000 624.42900000 0.79215686 0.52549020 0.44313725
v -41.00000000 193.28600000 625.14300000 0.79215686 0.52549020 0.45098039
v -40.00000000 193.85700000 626.14300000 0.79215686 0.52549020 0.45098039
v -39.00000000 194.00000000 627.00000000 0.80000000 0.52941176 0.46666667
v -38.00000000 194.71400000 628.85700000 0.80000000 0.52941176 0.47058824
v -37.42860000 194.85700000 629.28600000 0.79607843 0.52549020 0.46666667
v -37.00000000 195.00000000 630.28600000 0.76078431 0.49411765 0.41960784
v -36.00000000 195.00000000 630.57100000 0.65882353 0.39215686 0.31764706
v -35.85710000 195.14300000 631.00000000 0.57647059 0.30980392 0.23529412
v -62.71430000 195.14300000 629.28600000 0.35294118 0.23921569 0.22352941
v -62.00000000 195.00000000 628.57100000 0.37254902 0.23921569 0.23137255
v -61.00000000 195.00000000 627.42900000 0.38823529 0.25882353 0.23921569
v -60.00000000 194.28600000 626.28600000 0.41960784 0.27450980 0.25098039
v -59.00000000 194.00000000 625.28600000 0.43529412 0.28235294 0.26274510
v -58.00000000 194.00000000 624.71400000 0.46274510 0.28627451 0.26274510
v -57.00000000 193.71400000 623.71400000 0.49411765 0.30980392 0.28627451
v -56.00000000 193.00000000 622.71400000 0.50196078 0.31764706 0.29411765
v -55.00000000 193.00000000 622.57100000 0.50196078 0.32941176 0.29411765
v -53.00000000 192.57100000 620.57100000 0.49019608 0.30588235 0.26666667
v -52.00000000 192.57100000 620.57100000 0.40392157 0.21568627 0.17647059
v -52.00000000 192.14300000 620.14300000 0.50588235 0.30980392 0.27450980
v -51.00000000 192.14300000 620.00000000 0.54901961 0.34509804 0.30196078
v -50.00000000 192.14300000 619.85700000 0.56862745 0.34509804 0.30980392
v -49.00000000 192.00000000 620.00000000 0.58823529 0.35294118 0.31372549
v -48.00000000 192.00000000 620.00000000 0.60392157 0.36862745 0.32941176
v -48.00000000 192.14300000 620.14300000 0.63529412 0.38431373 0.34901961
v -47.00000000 192.14300000 620.14300000 0.65490196 0.38823529 0.34509804
v -46.00000000 192.28600000 620.28600000 0.69803922 0.42352941 0.37647059
v -42.00000000 193.00000000 622.28600000 0.67450980 0.40784314 0.33333333
v -42.00000000 193.14300000 622.71400000 0.75686275 0.49019608 0.41568627
v -41.00000000 193.57100000 623.71400000 0.79215686 0.52549020 0.45098039
v -40.85710000 193.85700000 624.14300000 0.79215686 0.52549020 0.45098039
v -40.00000000 194.00000000 625.14300000 0.79607843 0.52549020 0.46274510
v -39.00000000 194.14300000 626.00000000 0.80000000 0.52941176 0.46666667
v -38.00000000 195.00000000 628.00000000 0.80000000 0.52941176 0.47058824
v -37.28570000 195.28600000 629.14300000 0.79607843 0.52549020 0.46666667
v -37.00000000 195.42900000 629.42900000 0.77647059 0.50980392 0.43529412
v -35.42860000 196.00000000 630.42900000 0.56470588 0.29803922 0.22352941
v -62.00000000 195.57100000 627.85700000 0.36862745 0.24705882 0.23529412
v -61.00000000 195.28600000 627.28600000 0.38431373 0.26274510 0.24313725
v -60.00000000 195.00000000 626.42900000 0.40000000 0.26274510 0.24705882
v -59.42860000 195.00000000 625.42900000 0.40392157 0.26666667 0.25098039
v -59.00000000 194.42900000 624.57100000 0.43137255 0.27843137 0.25882353
v -58.00000000 194.14300000 623.71400000 0.45490196 0.27843137 0.25882353
v -57.00000000 194.00000000 623.14300000 0.47450980 0.29019608 0.26666667
v -56.71430000 194.00000000 622.71400000 0.48235294 0.29803922 0.27450980
v -56.00000000 193.85700000 621.85700000 0.49019608 0.30588235 0.28235294
v -55.00000000 193.57100000 621.57100000 0.49803922 0.32549020 0.29019608
v -54.00000000 193.00000000 620.57100000 0.52549020 0.34117647 0.30196078
v -51.00000000 192.85700000 619.00000000 0.53333333 0.32941176 0.28627451
v -50.00000000 192.71400000 618.85700000 0.54509804 0.32156863 0.28627451
v -49.71430000 192.71400000 618.85700000 0.57647059 0.35294118 0.30980392
v -45.00000000 193.00000000 620.00000000 0.69019608 0.42352941 0.37254902
v -44.00000000 193.00000000 620.00000000 0.69803922 0.43529412 0.37254902
v -43.00000000 193.00000000 620.57100000 0.70196078 0.43921569 0.37254902
v -42.00000000 193.28600000 621.28600000 0.67058824 0.40784314 0.34117647
v -42.00000000 193.85700000 622.00000000 0.74117647 0.47843137 0.40392157
v -41.00000000 194.00000000 622.71400000 0.78823529 0.52549020 0.45098039
v -40.42860000 194.00000000 623.42900000 0.79607843 0.53333333 0.46666667
v -40.00000000 194.28600000 624.28600000 0.79607843 0.53333333 0.46666667
v -39.00000000 194.85700000 625.14300000 0.79215686 0.52941176 0.46666667
v -38.00000000 195.14300000 627.00000000 0.79607843 0.52941176 0.47843137
v -37.00000000 195.85700000 628.14300000 0.79215686 0.52941176 0.46666667
v -36.00000000 196.00000000 629.42900000 0.76078431 0.49411765 0.41960784
v -35.42860000 196.42900000 630.42900000 0.57254902 0.30588235 0.23137255
v -35.00000000 196.71400000 630.71400000 0.53333333 0.26666667 0.19215686
v -62.42860000 196.00000000 628.42900000 0.34901961 0.23921569 0.22745098
v -62.00000000 196.00000000 627.42900000 0.36862745 0.24705882 0.23921569
v -61.00000000 196.00000000 626.57100000 0.38039216 0.25882353 0.24705882
v -60.00000000 195.57100000 625.57100000 0.39215686 0.25882353 0.25098039
v -59.14290000 195.14300000 625.14300000 0.40000000 0.26274510 0.24705882
v -59.00000000 195.00000000 624.14300000 0.42352941 0.27058824 0.25098039
v -57.00000000 194.42900000 622.42900000 0.47058824 0.28627451 0.26274510
v -56.28570000 194.28600000 622.14300000 0.47843137 0.29411765 0.27058824
v -56.00000000 194.00000000 621.14300000 0.48627451 0.30196078 0.27843137
v -54.00000000 193.85700000 619.85700000 0.51372549 0.34117647 0.30588235
v -54.00000000 193.71400000 619.71400000 0.52156863 0.33725490 0.29803922
v -53.00000000 193.00000000 619.00000000 0.49803922 0.31372549 0.27450980
v -52.00000000 193.00000000 618.71400000 0.42352941 0.23529412 0.19607843
v -51.71430000 193.14300000 618.85700000 0.48235294 0.28627451 0.25098039
v -51.00000000 193.00000000 618.14300000 0.54509804 0.34901961 0.30588235
v -50.00000000 193.00000000 618.14300000 0.53725490 0.32549020 0.28627451
v -49.14290000 193.00000000 618.00000000 0.54901961 0.32549020 0.28235294
v -49.00000000 193.00000000 618.28600000 0.54901961 0.32156863 0.27843137
v -48.00000000 193.00000000 618.28600000 0.56470588 0.32941176 0.29019608
v -47.42860000 193.00000000 618.42900000 0.58823529 0.34117647 0.30588235
v -47.00000000 193.00000000 618.42900000 0.58431373 0.32549020 0.27843137
v -46.00000000 193.00000000 618.71400000 0.60000000 0.33333333 0.29019608
v -45.71430000 193.00000000 618.71400000 0.62745098 0.36078431 0.30980392
v -45.00000000 193.28600000 619.28600000 0.63529412 0.36862745 0.31764706
v -44.00000000 193.28600000 619.28600000 0.64705882 0.38431373 0.32156863
v -44.00000000 193.85700000 619.85700000 0.67843137 0.41568627 0.35294118
v -43.00000000 193.85700000 619.85700000 0.68235294 0.41960784 0.35294118
v -41.00000000 194.14300000 622.00000000 0.78823529 0.52549020 0.45882353
v -40.00000000 194.42900000 622.42900000 0.80784314 0.54509804 0.47843137
v -39.00000000 195.00000000 624.28600000 0.79607843 0.53333333 0.47058824
v -39.00000000 195.28600000 625.28600000 0.79215686 0.52549020 0.47450980
v -37.00000000 196.00000000 627.42900000 0.79607843 0.53333333 0.47058824
v -35.00000000 197.00000000 629.71400000 0.60784314 0.34509804 0.27058824
v -62.14290000 197.00000000 627.85700000 0.34509804 0.23529412 0.21960784
v -61.00000000 196.28600000 626.28600000 0.38039216 0.25882353 0.23921569
v -60.00000000 196.00000000 625.42900000 0.39607843 0.25882353 0.24313725
v -59.00000000 195.71400000 623.71400000 0.42352941 0.27058824 0.25098039
v -58.00000000 195.00000000 622.71400000 0.45098039 0.27450980 0.25490196
v -57.00000000 195.00000000 622.28600000 0.46666667 0.28235294 0.25882353
v -56.00000000 194.85700000 620.85700000 0.48627451 0.30196078 0.27843137
v -55.00000000 194.00000000 619.85700000 0.49411765 0.32156863 0.28627451
v -54.00000000 194.00000000 619.71400000 0.51372549 0.34117647 0.30588235
v -53.85710000 194.00000000 619.00000000 0.51764706 0.34509804 0.30980392
v -53.00000000 194.00000000 618.28600000 0.49803922 0.32549020 0.29019608
v -51.14290000 193.71400000 617.85700000 0.41960784 0.23137255 0.19215686
v -51.00000000 193.71400000 617.85700000 0.50588235 0.31764706 0.27843137
v -50.00000000 193.42900000 617.28600000 0.50980392 0.30196078 0.27058824
v -49.00000000 193.42900000 617.28600000 0.47450980 0.27058824 0.22745098
v -49.00000000 193.28600000 617.28600000 0.43921569 0.21568627 0.18039216
v -48.00000000 193.28600000 617.28600000 0.41960784 0.19607843 0.16078431
v -47.00000000 193.42900000 617.42900000 0.44313725 0.20784314 0.16862745
v -47.00000000 193.57100000 617.57100000 0.52156863 0.25882353 0.22352941
v -46.00000000 193.85700000 617.85700000 0.55294118 0.28627451 0.24313725
v -43.85710000 194.00000000 618.85700000 0.69803922 0.43529412 0.37254902
v -43.00000000 194.00000000 619.14300000 0.70588235 0.44313725 0.37647059
v -42.00000000 194.00000000 619.57100000 0.69411765 0.43137255 0.36470588
v -42.00000000 194.28600000 620.28600000 0.71764706 0.45490196 0.38039216
v -41.00000000 194.85700000 621.00000000 0.78431373 0.52156863 0.44705882
v -39.00000000 195.14300000 623.14300000 0.80392157 0.54117647 0.47843137
v -38.14290000 196.00000000 624.14300000 0.80392157 0.53725490 0.48627451
v -37.00000000 196.28600000 626.28600000 0.80392157 0.53725490 0.48627451
v -36.00000000 197.00000000 628.57100000 0.81568627 0.55294118 0.47843137
v -35.00000000 197.28600000 629.28600000 0.67843137 0.41568627 0.34117647
v -62.00000000 197.71400000 627.71400000 0.34117647 0.23137255 0.21568627
v -62.00000000 197.00000000 626.71400000 0.36078431 0.23921569 0.22745098
v -61.00000000 197.00000000 625.71400000 0.38039216 0.25882353 0.23921569
v -60.00000000 196.71400000 624.71400000 0.39607843 0.25882353 0.24313725
v -59.00000000 196.42900000 624.42900000 0.40000000 0.26274510 0.23921569
v -59.00000000 196.00000000 623.28600000 0.42745098 0.27450980 0.25490196
v -57.00000000 195.42900000 621.42900000 0.46274510 0.27843137 0.25490196
v -56.00000000 195.14300000 621.00000000 0.47058824 0.28627451 0.26274510
v -56.00000000 195.00000000 620.00000000 0.48627451 0.30196078 0.27843137
v -55.00000000 194.85700000 619.14300000 0.49019608 0.31372549 0.29019608
v -54.00000000 194.85700000 619.00000000 0.50980392 0.33333333 0.30980392
v -53.28570000 194.28600000 618.14300000 0.52156863 0.34901961 0.31372549
v -53.00000000 194.28600000 618.00000000 0.50196078 0.32941176 0.29411765
v -52.00000000 194.00000000 617.42900000 0.45882353 0.27450980 0.24313725
v -51.00000000 194.00000000 617.14300000 0.42745098 0.23921569 0.20000000
v -50.00000000 194.00000000 617.14300000 0.40392157 0.20784314 0.17254902
v -49.00000000 194.00000000 616.85700000 0.45490196 0.23921569 0.21176471
v -48.00000000 194.00000000 616.71400000 0.49803922 0.28235294 0.25490196
v -47.00000000 194.00000000 616.85700000 0.56078431 0.32549020 0.29411765
v -46.00000000 194.00000000 617.42900000 0.62352941 0.35686275 0.30588235
v -45.00000000 194.00000000 617.42900000 0.70196078 0.43921569 0.37647059
v -44.00000000 194.00000000 617.85700000 0.72941176 0.46666667 0.40000000
v -43.42860000 194.42900000 618.28600000 0.74509804 0.48235294 0.41568627
v -43.00000000 194.42900000 618.42900000 0.72941176 0.46666667 0.39215686
v -41.00000000 195.00000000 620.28600000 0.77647059 0.51372549 0.43921569
v -40.00000000 195.00000000 620.71400000 0.81568627 0.55294118 0.48627451
v -40.00000000 195.57100000 621.57100000 0.80784314 0.54509804 0.48235294
v -38.00000000 196.00000000 623.14300000 0.81568627 0.54901961 0.49803922
v -38.00000000 196.71400000 624.71400000 0.80784314 0.54117647 0.49803922
v -37.00000000 197.00000000 625.71400000 0.81568627 0.54901961 0.49803922
v -35.00000000 198.00000000 629.00000000 0.74117647 0.47843137 0.40392157
v -62.00000000 198.00000000 627.42900000 0.33333333 0.22352941 0.20784314
v -61.00000000 197.14300000 625.14300000 0.37254902 0.25098039 0.23137255
v -60.00000000 197.00000000 624.71400000 0.39215686 0.25490196 0.23921569
v -59.00000000 197.00000000 623.00000000 0.42745098 0.28235294 0.25098039
v -58.00000000 196.00000000 621.85700000 0.43529412 0.28235294 0.25490196
v -57.00000000 196.00000000 621.28600000 0.43529412 0.27450980 0.25098039
v -56.00000000 195.42900000 619.42900000 0.47450980 0.30588235 0.28235294
v -55.00000000 195.00000000 618.85700000 0.48627451 0.30980392 0.28627451
v -54.00000000 195.00000000 618.14300000 0.50588235 0.32941176 0.30588235
v -53.00000000 194.85700000 617.14300000 0.51372549 0.34117647 0.30588235
v -52.00000000 194.71400000 616.85700000 0.48627451 0.31372549 0.27058824
v -51.00000000 194.42900000 616.42900000 0.39607843 0.21176471 0.17254902
v -50.00000000 194.28600000 616.14300000 0.41176471 0.21568627 0.18039216
v -49.00000000 194.28600000 616.14300000 0.39607843 0.18431373 0.14509804
v -49.00000000 194.14300000 615.85700000 0.47058824 0.23921569 0.20784314
v -48.00000000 194.28600000 616.00000000 0.57254902 0.32549020 0.29019608
v -47.00000000 194.14300000 616.00000000 0.61568627 0.36470588 0.32549020
v -47.00000000 194.28600000 616.28600000 0.63137255 0.37254902 0.31764706
v -46.00000000 194.42900000 616.42900000 0.65098039 0.39215686 0.32941176
v -45.00000000 194.71400000 616.71400000 0.69019608 0.42352941 0.37254902
v -45.00000000 194.85700000 616.85700000 0.70588235 0.43921569 0.38823529
v -43.00000000 195.00000000 617.42900000 0.76078431 0.48627451 0.44705882
v -42.00000000 195.00000000 618.14300000 0.75686275 0.47450980 0.42745098
v -41.85710000 195.14300000 619.00000000 0.73333333 0.45098039 0.39215686
v -41.00000000 195.28600000 619.28600000 0.78431373 0.50196078 0.44313725
v -39.00000000 196.00000000 622.00000000 0.81568627 0.55294118 0.49019608
v -37.00000000 197.14300000 625.00000000 0.80784314 0.54901961 0.48627451
v -37.00000000 197.85700000 626.00000000 0.82745098 0.56470588 0.49803922
v -36.00000000 198.00000000 627.42900000 0.81176471 0.54901961 0.48235294
v -35.00000000 198.57100000 628.57100000 0.79215686 0.52941176 0.46274510
v -61.00000000 198.00000000 625.14300000 0.36862745 0.24705882 0.22745098
v -60.00000000 198.00000000 624.14300000 0.38431373 0.24705882 0.23137255
v -59.00000000 197.85700000 623.85700000 0.40000000 0.26274510 0.23921569
v -57.00000000 196.85700000 620.85700000 0.43529412 0.28235294 0.26274510
v -56.00000000 196.00000000 619.85700000 0.44313725 0.29019608 0.26274510
v -55.85710000 196.00000000 619.00000000 0.45882353 0.29803922 0.27450980
v -55.00000000 195.85700000 618.00000000 0.48235294 0.31372549 0.29019608
v -54.00000000 195.85700000 617.85700000 0.50196078 0.33333333 0.30980392
v -53.00000000 195.00000000 616.85700000 0.52156863 0.34509804 0.32156863
v -52.00000000 195.00000000 616.28600000 0.48627451 0.31372549 0.27843137
v -51.00000000 195.00000000 616.00000000 0.43921569 0.25490196 0.21568627
v -50.00000000 195.00000000 616.00000000 0.41568627 0.21960784 0.18431373
v -49.00000000 195.00000000 615.71400000 0.48627451 0.25490196 0.22352941
v -47.00000000 195.00000000 615.71400000 0.63921569 0.39215686 0.33333333
v -46.00000000 195.00000000 616.28600000 0.66274510 0.40392157 0.34117647
v -45.00000000 195.00000000 616.28600000 0.69411765 0.42745098 0.37647059
v -44.00000000 195.00000000 616.57100000 0.73333333 0.45882353 0.41176471
v -43.00000000 195.28600000 617.28600000 0.75686275 0.48235294 0.43529412
v -42.00000000 195.71400000 617.85700000 0.76078431 0.47843137 0.42352941
v -41.14290000 195.85700000 618.00000000 0.73725490 0.45490196 0.39607843
v -40.00000000 196.00000000 619.14300000 0.80392157 0.53333333 0.47058824
v -40.00000000 196.14300000 620.14300000 0.81176471 0.54117647 0.47843137
v -38.00000000 197.00000000 622.14300000 0.82352941 0.56862745 0.49803922
v -36.00000000 198.71400000 626.85700000 0.82352941 0.56078431 0.48627451
v -35.00000000 199.00000000 627.85700000 0.81176471 0.54901961 0.48235294
v -61.57140000 199.00000000 625.57100000 0.35294118 0.23529412 0.22745098
v -61.00000000 198.42900000 624.42900000 0.36470588 0.24313725 0.23137255
v -60.00000000 198.14300000 624.00000000 0.37647059 0.24313725 0.23529412
v -59.00000000 198.00000000 622.85700000 0.39607843 0.25882353 0.24313725
v -58.00000000 197.85700000 621.85700000 0.40784314 0.27058824 0.25490196
v -58.00000000 197.00000000 621.00000000 0.42352941 0.27843137 0.25490196
v -57.00000000 197.00000000 620.28600000 0.43137255 0.28627451 0.26274510
v -56.00000000 197.00000000 619.85700000 0.43921569 0.28627451 0.25882353
v -55.57140000 196.57100000 618.57100000 0.45490196 0.29411765 0.27058824
v -55.00000000 196.14300000 618.00000000 0.47450980 0.31372549 0.29019608
v -54.00000000 196.00000000 617.71400000 0.49803922 0.32941176 0.30588235
v -53.00000000 196.00000000 616.85700000 0.50980392 0.34117647 0.31372549
v -53.00000000 195.85700000 616.14300000 0.52156863 0.35294118 0.32549020
v -52.00000000 195.85700000 616.00000000 0.48627451 0.31764706 0.28235294
v -51.00000000 195.42900000 615.57100000 0.41568627 0.24313725 0.20784314
v -51.00000000 195.28600000 615.28600000 0.46666667 0.29411765 0.25098039
v -50.00000000 195.14300000 615.14300000 0.48627451 0.29803922 0.25882353
v -49.00000000 195.14300000 614.85700000 0.49803922 0.28627451 0.24705882
v -48.71430000 195.14300000 614.85700000 0.55686275 0.32549020 0.29411765
v -48.00000000 195.00000000 614.57100000 0.60784314 0.37254902 0.34117647
v -47.00000000 195.14300000 614.71400000 0.65490196 0.40392157 0.36862745
v -46.71430000 195.28600000 615.00000000 0.65098039 0.40392157 0.34509804
v -46.00000000 195.28600000 615.28600000 0.67843137 0.41960784 0.35686275
v -45.00000000 195.42900000 615.42900000 0.70980392 0.44705882 0.38431373
v -45.00000000 195.57100000 615.57100000 0.73725490 0.47450980 0.41176471
v -44.00000000 195.71400000 615.71400000 0.74901961 0.47843137 0.41960784
v -42.00000000 196.00000000 616.85700000 0.76862745 0.48627451 0.42745098
v -41.00000000 196.00000000 617.42900000 0.72941176 0.45882353 0.39607843
v -41.00000000 196.14300000 618.00000000 0.76862745 0.49803922 0.43529412
v -40.00000000 196.57100000 618.57100000 0.80392157 0.54117647 0.47450980
v -39.00000000 197.00000000 620.28600000 0.81568627 0.56078431 0.48235294
v -38.00000000 197.28600000 621.28600000 0.83137255 0.57647059 0.49803922
v -37.00000000 198.00000000 623.57100000 0.82745098 0.57254902 0.49411765
v -36.71430000 198.71400000 624.71400000 0.83137255 0.57647059 0.49803922
v -36.00000000 199.00000000 626.00000000 0.83529412 0.57254902 0.49803922
v -35.00000000 199.57100000 627.42900000 0.83529412 0.57254902 0.49803922
v -61.14290000 199.14300000 625.00000000 0.34117647 0.23137255 0.21960784
v -61.00000000 199.00000000 624.14300000 0.35294118 0.23921569 0.22352941
v -59.00000000 198.14300000 622.14300000 0.38823529 0.25882353 0.23921569
v -58.00000000 198.00000000 620.57100000 0.41176471 0.27843137 0.24313725
v -56.00000000 197.28600000 619.28600000 0.43921569 0.29411765 0.26274510
v -55.57140000 197.00000000 618.57100000 0.45882353 0.29803922 0.27450980
v -55.00000000 197.00000000 617.71400000 0.47058824 0.31372549 0.28235294
v -54.00000000 197.00000000 617.71400000 0.49411765 0.32549020 0.29803922
v -53.00000000 196.71400000 616.71400000 0.50588235 0.33725490 0.30196078
v -53.00000000 196.28600000 616.14300000 0.51764706 0.34901961 0.31372549
v -52.00000000 196.14300000 615.57100000 0.50588235 0.34117647 0.29411765
v -51.00000000 196.14300000 615.57100000 0.42352941 0.25098039 0.20784314
v -50.85710000 196.00000000 615.00000000 0.49019608 0.30980392 0.25882353
v -50.00000000 196.00000000 614.57100000 0.55686275 0.36078431 0.31764706
v -49.00000000 196.00000000 614.57100000 0.57647059 0.36470588 0.32549020
v -48.28570000 196.00000000 614.28600000 0.59607843 0.36470588 0.33333333
v -46.28570000 196.00000000 614.28600000 0.65490196 0.39607843 0.34901961
v -46.00000000 196.00000000 614.85700000 0.68627451 0.42745098 0.37254902
v -45.00000000 196.00000000 614.85700000 0.72156863 0.45882353 0.39607843
v -44.00000000 196.00000000 615.42900000 0.75686275 0.48627451 0.42352941
v -43.00000000 196.00000000 615.71400000 0.74117647 0.47058824 0.40784314
v -42.00000000 196.42900000 616.42900000 0.76078431 0.49019608 0.42745098
v -41.00000000 196.42900000 616.42900000 0.72941176 0.45882353 0.39607843
v -40.00000000 197.00000000 617.57100000 0.80784314 0.54509804 0.47843137
v -39.57140000 197.00000000 618.57100000 0.81176471 0.54901961 0.48235294
v -39.00000000 197.28600000 619.28600000 0.80392157 0.56078431 0.47843137
v -38.00000000 198.00000000 620.28600000 0.82352941 0.58039216 0.49803922
v -37.00000000 198.85700000 622.85700000 0.82745098 0.58431373 0.49411765
v -36.57140000 199.00000000 624.42900000 0.83529412 0.58039216 0.50196078
v -36.00000000 199.57100000 625.42900000 0.83921569 0.57647059 0.50196078
v -35.00000000 200.00000000 626.85700000 0.84705882 0.58431373 0.50980392
v -34.00000000 200.42900000 628.42900000 0.50196078 0.23921569 0.16470588
v -61.14290000 199.85700000 624.14300000 0.32549020 0.22745098 0.21176471
v -61.00000000 199.42900000 623.42900000 0.34117647 0.23137255 0.21568627
v -60.00000000 199.00000000 622.57100000 0.36078431 0.24705882 0.23137255
v -59.00000000 199.00000000 622.00000000 0.37254902 0.25098039 0.23137255
v -58.00000000 198.57100000 620.57100000 0.40784314 0.27450980 0.23921569
v -57.00000000 198.00000000 619.71400000 0.42352941 0.27843137 0.24705882
v -56.00000000 198.00000000 618.85700000 0.44313725 0.29411765 0.25882353
v -55.14290000 197.71400000 617.85700000 0.45490196 0.29803922 0.26666667
v -55.00000000 197.57100000 617.57100000 0.46666667 0.30980392 0.27843137
v -54.00000000 197.14300000 617.00000000 0.48627451 0.31764706 0.29019608
v -53.00000000 197.00000000 616.42900000 0.50588235 0.33725490 0.30196078
v -52.85710000 196.85700000 615.42900000 0.51764706 0.34901961 0.31372549
v -52.00000000 196.57100000 614.71400000 0.53725490 0.36470588 0.32156863
v -51.00000000 196.42900000 614.57100000 0.45490196 0.27058824 0.23137255
v -50.14290000 196.14300000 614.00000000 0.48627451 0.30588235 0.25490196
v -50.00000000 196.14300000 614.00000000 0.56078431 0.36470588 0.32156863
v -49.00000000 196.14300000 613.85700000 0.57647059 0.36470588 0.31764706
v -48.14290000 196.14300000 613.57100000 0.59607843 0.36862745 0.32549020
v -48.00000000 196.00000000 613.42900000 0.61176471 0.36470588 0.32941176
v -47.00000000 196.00000000 613.42900000 0.64705882 0.39607843 0.35686275
v -46.14290000 196.14300000 614.00000000 0.65098039 0.39215686 0.34509804
v -46.00000000 196.28600000 614.14300000 0.67843137 0.41960784 0.36470588
v -45.00000000 196.28600000 614.28600000 0.70980392 0.44705882 0.38431373
v -44.42860000 196.42900000 614.42900000 0.74509804 0.48235294 0.41960784
v -44.00000000 196.57100000 614.57100000 0.75294118 0.48235294 0.41960784
v -43.00000000 196.71400000 614.71400000 0.73725490 0.46666667 0.40392157
v -42.00000000 197.00000000 615.42900000 0.76470588 0.48235294 0.42352941
v -41.00000000 197.00000000 616.28600000 0.74117647 0.47058824 0.40784314
v -40.00000000 197.28600000 617.28600000 0.80784314 0.54509804 0.47843137
v -39.28570000 198.00000000 618.28600000 0.80784314 0.54509804 0.47843137
v -38.00000000 198.14300000 620.14300000 0.82352941 0.58039216 0.49803922
v -37.00000000 199.00000000 622.71400000 0.83137255 0.58823529 0.49803922
v -36.00000000 199.85700000 623.85700000 0.84705882 0.59215686 0.50588235
v -35.00000000 200.85700000 626.85700000 0.84705882 0.58431373 0.50980392
v -34.00000000 201.00000000 628.42900000 0.58039216 0.31764706 0.24313725
v -61.00000000 200.14300000 623.71400000 0.32156863 0.22352941 0.20784314
v -60.57140000 200.00000000 622.71400000 0.32941176 0.23137255 0.21176471
v -60.00000000 199.85700000 622.28600000 0.35294118 0.23921569 0.22352941
v -59.00000000 199.42900000 621.28600000 0.36078431 0.24705882 0.22352941
v -58.00000000 199.14300000 620.85700000 0.38039216 0.25098039 0.22352941
v -58.00000000 199.00000000 619.85700000 0.40000000 0.26666667 0.23137255
v -57.00000000 198.85700000 619.57100000 0.41960784 0.27058824 0.23529412
v -56.00000000 198.71400000 618.57100000 0.43921569 0.29019608 0.25490196
v -55.14290000 198.14300000 617.85700000 0.45490196 0.29803922 0.26666667
v -55.00000000 198.00000000 616.85700000 0.47058824 0.30196078 0.26666667
v -54.00000000 198.00000000 616.57100000 0.48235294 0.31372549 0.27843137
v -53.00000000 197.57100000 615.57100000 0.50196078 0.33725490 0.29019608
v -52.57140000 197.00000000 614.57100000 0.51764706 0.35294118 0.30588235
v -52.00000000 197.00000000 614.57100000 0.54117647 0.36862745 0.31764706
v -51.00000000 197.00000000 613.85700000 0.49019608 0.30980392 0.25882353
v -50.14290000 197.00000000 613.85700000 0.50196078 0.32156863 0.26274510
v -50.00000000 197.00000000 613.85700000 0.54901961 0.35686275 0.30196078
v -49.00000000 197.00000000 613.85700000 0.55686275 0.34509804 0.29803922
v -46.00000000 197.00000000 613.28600000 0.65882353 0.40000000 0.34509804
v -45.00000000 197.00000000 613.85700000 0.69803922 0.43921569 0.37647059
v -44.00000000 197.00000000 614.00000000 0.75294118 0.49019608 0.42352941
v -43.00000000 197.00000000 614.28600000 0.75686275 0.48627451 0.42352941
v -42.28570000 197.00000000 614.28600000 0.75686275 0.48627451 0.42352941
v -42.00000000 197.28600000 615.28600000 0.76078431 0.49019608 0.42745098
v -41.00000000 197.28600000 615.28600000 0.75294118 0.48235294 0.41960784
v -40.00000000 198.00000000 616.28600000 0.80000000 0.53725490 0.46274510
v -39.00000000 198.00000000 617.28600000 0.80784314 0.54509804 0.47058824
v -39.00000000 198.28600000 618.28600000 0.81568627 0.56078431 0.48235294
v -36.00000000 200.00000000 623.71400000 0.85098039 0.59607843 0.51764706
v -35.00000000 201.00000000 626.00000000 0.85490196 0.59215686 0.51764706
v -35.00000000 201.42900000 627.42900000 0.85490196 0.59215686 0.51764706
v -61.00000000 200.57100000 622.71400000 0.31372549 0.21960784 0.20392157
v -60.57140000 200.57100000 622.57100000 0.32941176 0.23137255 0.21176471
v -60.00000000 200.28600000 622.00000000 0.34509804 0.23529412 0.21960784
v -59.00000000 200.00000000 621.28600000 0.35686275 0.24313725 0.22745098
v -58.00000000 199.85700000 620.42900000 0.36862745 0.24705882 0.22745098
v -58.00000000 199.71400000 619.71400000 0.38823529 0.25490196 0.21960784
v -57.00000000 199.57100000 619.42900000 0.41568627 0.26666667 0.23137255
v -56.00000000 199.00000000 618.57100000 0.43137255 0.28235294 0.24705882
v -55.00000000 198.85700000 617.57100000 0.45098039 0.29411765 0.26274510
v -55.00000000 198.71400000 616.71400000 0.46666667 0.29803922 0.26274510
v -54.00000000 198.14300000 615.85700000 0.47843137 0.30980392 0.27450980
v -53.00000000 198.00000000 615.00000000 0.49411765 0.32941176 0.28235294
v -52.00000000 197.85700000 614.00000000 0.53333333 0.36862745 0.31372549
v -51.00000000 197.57100000 613.71400000 0.49803922 0.32549020 0.27450980
v -50.00000000 197.14300000 612.85700000 0.53725490 0.34901961 0.29411765
v -49.00000000 197.14300000 612.85700000 0.54509804 0.34117647 0.29019608
v -48.00000000 197.14300000 612.71400000 0.58039216 0.35686275 0.31372549
v -48.00000000 197.00000000 612.28600000 0.60784314 0.37254902 0.32941176
v -47.00000000 197.00000000 612.28600000 0.62745098 0.38431373 0.33333333
v -46.00000000 197.14300000 612.85700000 0.66274510 0.41568627 0.34901961
v -45.00000000 197.14300000 613.14300000 0.69803922 0.44313725 0.37254902
v -44.00000000 197.14300000 613.14300000 0.71764706 0.46274510 0.39215686
v -44.00000000 197.42900000 613.42900000 0.74509804 0.48235294 0.41568627
v -43.00000000 197.57100000 613.57100000 0.76078431 0.49803922 0.43137255
v -42.14290000 198.00000000 614.14300000 0.76470588 0.49411765 0.43137255
v -40.00000000 198.14300000 616.00000000 0.80784314 0.54901961 0.46274510
v -38.00000000 199.00000000 619.00000000 0.81960784 0.57647059 0.48627451
v -37.00000000 200.00000000 621.57100000 0.83137255 0.58823529 0.50588235
v -36.00000000 200.85700000 622.85700000 0.85098039 0.59607843 0.51764706
v -35.00000000 201.85700000 625.85700000 0.86274510 0.60000000 0.52549020
v -34.00000000 202.00000000 628.00000000 0.76078431 0.49803922 0.42352941
v -60.00000000 201.00000000 621.57100000 0.32549020 0.23529412 0.21176471
v -59.00000000 200.71400000 620.85700000 0.35686275 0.24705882 0.23137255
v -58.00000000 200.57100000 620.42900000 0.36862745 0.24705882 0.22745098
v -57.85710000 200.00000000 619.42900000 0.38823529 0.25098039 0.22745098
v -57.00000000 200.00000000 618.71400000 0.41176471 0.26666667 0.23529412
v -56.00000000 199.85700000 618.42900000 0.42745098 0.27843137 0.24313725
v -55.00000000 199.57100000 617.28600000 0.43921569 0.28235294 0.25098039
v -55.00000000 199.00000000 616.57100000 0.45098039 0.29411765 0.25490196
v -54.00000000 199.00000000 615.42900000 0.46666667 0.29803922 0.26274510
v -53.00000000 198.85700000 614.85700000 0.48627451 0.31764706 0.28235294
v -52.00000000 198.00000000 613.85700000 0.54117647 0.37647059 0.32941176
v -51.00000000 198.00000000 613.00000000 0.49803922 0.32549020 0.28235294
v -50.00000000 198.00000000 613.00000000 0.47058824 0.29803922 0.24705882
v -50.00000000 197.85700000 612.00000000 0.52941176 0.34117647 0.29411765
v -49.00000000 197.85700000 612.00000000 0.55294118 0.34901961 0.29803922
v -48.00000000 197.71400000 611.85700000 0.62352941 0.39607843 0.35294118
v -47.00000000 197.71400000 611.85700000 0.65490196 0.41960784 0.37647059
v -46.00000000 197.71400000 611.85700000 0.66274510 0.42352941 0.34901961
v -45.00000000 198.00000000 612.42900000 0.69019608 0.44705882 0.36470588
v -44.00000000 198.00000000 612.42900000 0.69411765 0.45098039 0.36862745
v -43.00000000 198.00000000 613.14300000 0.74117647 0.48627451 0.40784314
v -42.00000000 198.00000000 613.14300000 0.75294118 0.49019608 0.42352941
v -41.00000000 198.00000000 613.71400000 0.78039216 0.52156863 0.43529412
v -40.71430000 198.71400000 614.71400000 0.80784314 0.54901961 0.46274510
v -40.00000000 198.85700000 615.00000000 0.81568627 0.56470588 0.46666667
v -39.00000000 199.00000000 616.14300000 0.81568627 0.56470588 0.46666667
v -37.42860000 200.00000000 619.42900000 0.83137255 0.59215686 0.50980392
v -37.00000000 200.71400000 620.71400000 0.83921569 0.59607843 0.51372549
v -36.00000000 201.00000000 622.42900000 0.84705882 0.60392157 0.52156863
v -35.00000000 202.00000000 625.57100000 0.86274510 0.60784314 0.52941176
v -34.00000000 203.00000000 627.71400000 0.81568627 0.56078431 0.48235294
v -60.00000000 201.14300000 620.85700000 0.34901961 0.23529412 0.21960784
v -59.00000000 201.14300000 620.57100000 0.36862745 0.23529412 0.22745098
v -58.00000000 200.85700000 619.57100000 0.37254902 0.23529412 0.21960784
v -57.85710000 200.85700000 619.42900000 0.39215686 0.25882353 0.22352941
v -57.00000000 200.71400000 618.57100000 0.40000000 0.26666667 0.22745098
v -56.00000000 200.00000000 617.42900000 0.41568627 0.27058824 0.23529412
v -55.00000000 200.00000000 616.71400000 0.42745098 0.27843137 0.24313725
v -54.71430000 199.71400000 615.71400000 0.43137255 0.28235294 0.24705882
v -54.00000000 199.42900000 615.42900000 0.45098039 0.28235294 0.25490196
v -53.00000000 199.00000000 614.85700000 0.48235294 0.31764706 0.27058824
v -52.00000000 199.00000000 613.57100000 0.54509804 0.35686275 0.30980392
v -51.00000000 198.85700000 613.00000000 0.52941176 0.32549020 0.28235294
v -50.00000000 198.42900000 612.57100000 0.49411765 0.29019608 0.23921569
v -50.00000000 198.14300000 612.00000000 0.55294118 0.32941176 0.28627451
v -49.00000000 198.14300000 611.85700000 0.59215686 0.37254902 0.32156863
v -48.00000000 198.14300000 611.71400000 0.63921569 0.40784314 0.35294118
v -47.00000000 198.00000000 611.42900000 0.65098039 0.40784314 0.34901961
v -46.00000000 198.14300000 611.85700000 0.66666667 0.41960784 0.35294118
v -46.00000000 198.00000000 611.71400000 0.67843137 0.42352941 0.35294118
v -45.00000000 198.14300000 612.14300000 0.69019608 0.43529412 0.36470588
v -44.00000000 198.28600000 612.28600000 0.70980392 0.45490196 0.38431373
v -44.00000000 198.42900000 612.42900000 0.72156863 0.46666667 0.38823529
v -43.00000000 198.42900000 612.42900000 0.73333333 0.47843137 0.40000000
v -41.00000000 199.00000000 613.71400000 0.78039216 0.52549020 0.44705882
v -40.14290000 199.00000000 614.00000000 0.80392157 0.54901961 0.47058824
v -40.00000000 199.00000000 614.85700000 0.83137255 0.57647059 0.49019608
v -39.00000000 199.85700000 615.85700000 0.83137255 0.57647059 0.49019608
v -38.00000000 200.00000000 618.00000000 0.81176471 0.55686275 0.47058824
v -37.14290000 201.00000000 619.14300000 0.82745098 0.58431373 0.49411765
v -37.00000000 201.00000000 620.42900000 0.85098039 0.60784314 0.51764706
v -36.00000000 201.85700000 622.00000000 0.83921569 0.60000000 0.51764706
v -36.00000000 202.00000000 623.71400000 0.84705882 0.60392157 0.52156863
v -34.00000000 203.71400000 627.85700000 0.83529412 0.57254902 0.49803922
v -59.00000000 201.71400000 619.85700000 0.35686275 0.23529412 0.22352941
v -58.00000000 201.57100000 619.57100000 0.37647059 0.24705882 0.22745098
v -57.14290000 201.14300000 618.71400000 0.39215686 0.26274510 0.23529412
v -57.00000000 200.85700000 617.57100000 0.39215686 0.26274510 0.22745098
v -56.00000000 200.85700000 617.42900000 0.40000000 0.26666667 0.23137255
v -55.00000000 200.28600000 616.14300000 0.41176471 0.26666667 0.23529412
v -54.71430000 200.00000000 615.71400000 0.41568627 0.27058824 0.23529412
v -54.00000000 200.00000000 614.71400000 0.42745098 0.27058824 0.23921569
v -52.00000000 199.57100000 613.57100000 0.50588235 0.33333333 0.29019608
v -51.00000000 199.00000000 612.57100000 0.51764706 0.32156863 0.27843137
v -50.00000000 199.00000000 611.57100000 0.54117647 0.32941176 0.28235294
v -49.00000000 199.00000000 611.28600000 0.59215686 0.38431373 0.32941176
v -48.00000000 198.85700000 611.00000000 0.60784314 0.38823529 0.33725490
v -47.57140000 198.57100000 610.71400000 0.64313725 0.41568627 0.36078431
v -47.00000000 198.85700000 611.14300000 0.65098039 0.41960784 0.35686275
v -46.00000000 198.85700000 611.14300000 0.66666667 0.41960784 0.35294118
v -46.00000000 199.00000000 611.42900000 0.68235294 0.42745098 0.35686275
v -45.00000000 199.00000000 611.28600000 0.69803922 0.44313725 0.37254902
v -44.00000000 199.00000000 611.57100000 0.71764706 0.46274510 0.39215686
v -43.00000000 199.00000000 612.14300000 0.74117647 0.48627451 0.41568627
v -42.00000000 199.00000000 612.14300000 0.75686275 0.50196078 0.42352941
v -42.00000000 199.14300000 613.00000000 0.76862745 0.51372549 0.43529412
v -41.00000000 199.14300000 613.00000000 0.78431373 0.52941176 0.45098039
v -40.14290000 199.85700000 614.00000000 0.80000000 0.54509804 0.46666667
v -40.00000000 199.85700000 614.00000000 0.82745098 0.57254902 0.48627451
v -39.00000000 200.00000000 615.14300000 0.83529412 0.58039216 0.49411765
v -39.00000000 200.14300000 616.14300000 0.82352941 0.58039216 0.49019608
v -38.00000000 201.00000000 618.00000000 0.82352941 0.58039216 0.49019608
v -37.14290000 201.14300000 619.14300000 0.83137255 0.58823529 0.49803922
v -36.00000000 202.14300000 622.00000000 0.84313725 0.60392157 0.52156863
v -36.00000000 202.85700000 623.00000000 0.85098039 0.60784314 0.52549020
v -35.00000000 203.00000000 624.71400000 0.85490196 0.61176471 0.52941176
v -34.00000000 204.14300000 627.57100000 0.84705882 0.58431373 0.50980392
v -60.00000000 202.00000000 619.28600000 0.31372549 0.21960784 0.21176471
v -59.28570000 202.14300000 619.42900000 0.33725490 0.22745098 0.22352941
v -59.00000000 202.00000000 619.00000000 0.35686275 0.23921569 0.23137255
v -58.00000000 201.85700000 618.71400000 0.37647059 0.25490196 0.24313725
v -57.00000000 201.85700000 618.14300000 0.39215686 0.26274510 0.24313725
v -57.00000000 201.71400000 617.57100000 0.39215686 0.26274510 0.23529412
v -56.00000000 201.00000000 616.71400000 0.40392157 0.26666667 0.24313725
v -55.00000000 201.00000000 616.14300000 0.40784314 0.27058824 0.24705882
v -54.42860000 201.00000000 615.42900000 0.41568627 0.27058824 0.23921569
v -54.00000000 200.71400000 614.71400000 0.42352941 0.27058824 0.24313725
v -53.00000000 200.00000000 613.85700000 0.44705882 0.29019608 0.25098039
v -52.00000000 200.00000000 613.14300000 0.50588235 0.33333333 0.29019608
v -51.00000000 200.00000000 612.42900000 0.51372549 0.32549020 0.28627451
v -50.00000000 199.42900000 611.57100000 0.47843137 0.29019608 0.24313725
v -49.00000000 199.14300000 611.00000000 0.57647059 0.37254902 0.32156863
v -48.00000000 199.14300000 610.71400000 0.59607843 0.38431373 0.33725490
v -47.57140000 199.14300000 610.71400000 0.63137255 0.41176471 0.36078431
v -47.00000000 199.14300000 610.71400000 0.63921569 0.40784314 0.35294118
v -46.00000000 199.28600000 611.00000000 0.66274510 0.41568627 0.34901961
v -45.71430000 199.14300000 610.85700000 0.69019608 0.42745098 0.36078431
v -45.00000000 199.28600000 611.14300000 0.70588235 0.44313725 0.37647059
v -44.00000000 199.28600000 611.14300000 0.72549020 0.46274510 0.39607843
v -44.00000000 199.57100000 611.42900000 0.73725490 0.48235294 0.41176471
v -43.00000000 199.57100000 611.57100000 0.74509804 0.49019608 0.41960784
v -42.00000000 199.85700000 612.00000000 0.75294118 0.49803922 0.42745098
v -41.00000000 200.00000000 612.85700000 0.78039216 0.52549020 0.44705882
v -40.00000000 200.00000000 613.14300000 0.79607843 0.54117647 0.46274510
v -40.00000000 200.14300000 614.00000000 0.81176471 0.56862745 0.48627451
v -39.00000000 200.85700000 615.00000000 0.83137255 0.58823529 0.50588235
v -38.00000000 201.28600000 617.28600000 0.83921569 0.59607843 0.50588235
v -37.00000000 202.00000000 618.28600000 0.83921569 0.59607843 0.50588235
v -37.00000000 202.14300000 620.14300000 0.83529412 0.59215686 0.50196078
v -36.00000000 203.00000000 621.28600000 0.84705882 0.60784314 0.52549020
v -36.00000000 203.14300000 623.00000000 0.85490196 0.61176471 0.52941176
v -35.00000000 204.00000000 624.71400000 0.86666667 0.62352941 0.54117647
v -34.85710000 204.28600000 626.14300000 0.89019608 0.63529412 0.55686275
v -34.00000000 204.85700000 627.57100000 0.85882353 0.59607843 0.52156863
v -60.00000000 202.28600000 618.42900000 0.30196078 0.21960784 0.20784314
v -59.14290000 202.28600000 618.42900000 0.32941176 0.22745098 0.22352941
v -59.00000000 202.28600000 618.42900000 0.34901961 0.23137255 0.22352941
v -58.00000000 202.14300000 618.00000000 0.36470588 0.24313725 0.23137255
v -57.00000000 202.14300000 618.00000000 0.37254902 0.25098039 0.23137255
v -57.00000000 202.00000000 617.14300000 0.38039216 0.26274510 0.23137255
v -56.00000000 202.00000000 616.71400000 0.40000000 0.27058824 0.24313725
v -55.00000000 201.71400000 615.71400000 0.41176471 0.27450980 0.25098039
v -54.42860000 201.42900000 615.42900000 0.41568627 0.28235294 0.24705882
v -54.00000000 201.00000000 614.42900000 0.42745098 0.27450980 0.24705882
v -53.00000000 201.00000000 613.71400000 0.43921569 0.29019608 0.24705882
v -52.00000000 200.85700000 612.85700000 0.47450980 0.30588235 0.27058824
v -52.00000000 200.57100000 612.57100000 0.49411765 0.32156863 0.27843137
v -51.00000000 200.28600000 612.14300000 0.50980392 0.32156863 0.28235294
v -50.00000000 200.00000000 611.14300000 0.48235294 0.29411765 0.23921569
v -49.71430000 200.00000000 611.00000000 0.52549020 0.32156863 0.27058824
v -49.00000000 200.00000000 610.71400000 0.57254902 0.36862745 0.31372549
v -48.00000000 200.00000000 610.71400000 0.59607843 0.38823529 0.33333333
v -47.28570000 199.71400000 610.00000000 0.63137255 0.41176471 0.36078431
v -47.00000000 199.85700000 610.28600000 0.63529412 0.40392157 0.34901961
v -46.00000000 199.85700000 610.28600000 0.65490196 0.40784314 0.34117647
v -45.42860000 199.85700000 610.28600000 0.68235294 0.41960784 0.35294118
v -45.00000000 199.85700000 610.14300000 0.69019608 0.43529412 0.36470588
v -44.00000000 199.85700000 610.57100000 0.70588235 0.45098039 0.38039216
v -43.85710000 199.85700000 610.57100000 0.72549020 0.47058824 0.40000000
v -43.00000000 200.00000000 611.00000000 0.74509804 0.49019608 0.41960784
v -42.00000000 200.00000000 611.00000000 0.76470588 0.50980392 0.43137255
v -42.00000000 200.14300000 611.85700000 0.78039216 0.52549020 0.44705882
v -41.00000000 200.14300000 611.85700000 0.76862745 0.52549020 0.44313725
v -40.00000000 200.71400000 612.85700000 0.78431373 0.54117647 0.45882353
v -39.00000000 201.00000000 614.42900000 0.82745098 0.58431373 0.50196078
v -39.00000000 201.28600000 615.28600000 0.83529412 0.60000000 0.50588235
v -38.00000000 202.00000000 616.71400000 0.84313725 0.60784314 0.51372549
v -37.00000000 202.28600000 618.00000000 0.84705882 0.61176471 0.51764706
v -36.00000000 203.28600000 621.28600000 0.85098039 0.61176471 0.52941176
v -35.00000000 204.57100000 624.57100000 0.87843137 0.63529412 0.55294118
v -34.85710000 205.00000000 626.14300000 0.89803922 0.64313725 0.56470588
v -34.00000000 205.28600000 627.14300000 0.86274510 0.60784314 0.53725490
v -60.00000000 203.00000000 618.14300000 0.29019608 0.21568627 0.20000000
v -59.00000000 203.00000000 617.85700000 0.33333333 0.22352941 0.21960784
v -58.00000000 203.00000000 617.85700000 0.34117647 0.22352941 0.21568627
v -57.00000000 202.85700000 617.00000000 0.36470588 0.24705882 0.21568627
v -56.00000000 202.28600000 616.28600000 0.38823529 0.25882353 0.23137255
v -55.00000000 202.00000000 615.71400000 0.40784314 0.27058824 0.24705882
v -53.00000000 201.14300000 613.14300000 0.43529412 0.28627451 0.24313725
v -52.00000000 201.00000000 612.85700000 0.46274510 0.29411765 0.25882353
v -51.85710000 201.00000000 612.14300000 0.47843137 0.31372549 0.26666667
v -51.00000000 201.00000000 611.71400000 0.50588235 0.32156863 0.28235294
v -50.00000000 200.71400000 611.00000000 0.49411765 0.30588235 0.25098039
v -49.71430000 200.71400000 610.85700000 0.51764706 0.32549020 0.27058824
v -49.00000000 200.57100000 610.71400000 0.56470588 0.36078431 0.30588235
v -48.00000000 200.42900000 610.42900000 0.58039216 0.37647059 0.32156863
v -47.28570000 200.28600000 610.14300000 0.60000000 0.39215686 0.33725490
v -47.00000000 200.28600000 610.14300000 0.60000000 0.37254902 0.31764706
v -46.00000000 200.42900000 610.28600000 0.62352941 0.38431373 0.31372549
v -45.28570000 200.28600000 610.14300000 0.64705882 0.39215686 0.32156863
v -45.00000000 200.28600000 610.14300000 0.66274510 0.40784314 0.33725490
v -44.00000000 200.28600000 610.14300000 0.67058824 0.41568627 0.34509804
v -43.85710000 200.71400000 610.57100000 0.67843137 0.43529412 0.35294118
v -43.00000000 200.71400000 610.57100000 0.70588235 0.46274510 0.38039216
v -42.00000000 200.85700000 611.00000000 0.73725490 0.49411765 0.41176471
v -41.00000000 201.00000000 611.85700000 0.77254902 0.53333333 0.45098039
v -40.00000000 201.00000000 612.14300000 0.78823529 0.54901961 0.46666667
v -40.00000000 201.28600000 613.14300000 0.80784314 0.57254902 0.47843137
v -39.00000000 201.85700000 614.00000000 0.81960784 0.58431373 0.49019608
v -38.00000000 202.28600000 616.28600000 0.84313725 0.60784314 0.51372549
v -37.00000000 203.00000000 617.28600000 0.84705882 0.61960784 0.52549020
v -36.00000000 204.00000000 620.57100000 0.85098039 0.62352941 0.53725490
v -36.00000000 204.42900000 622.42900000 0.86666667 0.62745098 0.54509804
v -35.00000000 205.00000000 624.42900000 0.87450980 0.63529412 0.55294118
v -34.71430000 205.71400000 625.71400000 0.88235294 0.63921569 0.55686275
v -34.00000000 206.00000000 627.00000000 0.85490196 0.60000000 0.52941176
v -59.00000000 203.14300000 617.14300000 0.30196078 0.21960784 0.21568627
v -58.00000000 203.14300000 616.85700000 0.33725490 0.22745098 0.21568627
v -57.00000000 203.14300000 616.85700000 0.34901961 0.23529412 0.21176471
v -57.00000000 203.00000000 616.14300000 0.35686275 0.24313725 0.21176471
v -56.00000000 203.00000000 615.85700000 0.38039216 0.26274510 0.22352941
v -55.00000000 203.00000000 615.00000000 0.40392157 0.27450980 0.23921569
v -54.00000000 202.42900000 614.42900000 0.40784314 0.28235294 0.23921569
v -54.00000000 202.00000000 613.57100000 0.41960784 0.27450980 0.23921569
v -53.00000000 202.00000000 613.00000000 0.42745098 0.28627451 0.23921569
v -52.00000000 202.00000000 612.57100000 0.44313725 0.28627451 0.24705882
v -51.57140000 201.57100000 611.42900000 0.47058824 0.30588235 0.25882353
v -51.00000000 201.57100000 611.42900000 0.49803922 0.31372549 0.27450980
v -50.00000000 201.00000000 610.71400000 0.49411765 0.31372549 0.25490196
v -49.71430000 201.00000000 610.71400000 0.50196078 0.30980392 0.25490196
v -49.00000000 201.00000000 610.28600000 0.52156863 0.32941176 0.27058824
v -48.00000000 201.00000000 610.28600000 0.54509804 0.34117647 0.28627451
v -47.00000000 201.00000000 609.57100000 0.54901961 0.32941176 0.27058824
v -46.00000000 201.00000000 609.57100000 0.56470588 0.32549020 0.25490196
v -45.14290000 201.00000000 609.71400000 0.59607843 0.34901961 0.27843137
v -45.00000000 201.00000000 609.57100000 0.63137255 0.38431373 0.31372549
v -44.00000000 201.00000000 610.00000000 0.66274510 0.41568627 0.34509804
v -43.71430000 201.00000000 609.85700000 0.68627451 0.44313725 0.36078431
v -43.00000000 201.00000000 610.00000000 0.71764706 0.47450980 0.39215686
v -42.00000000 201.00000000 610.00000000 0.74509804 0.50588235 0.42352941
v -42.00000000 201.14300000 611.00000000 0.76078431 0.52156863 0.43921569
v -41.00000000 201.14300000 611.14300000 0.78431373 0.54901961 0.45490196
v -40.00000000 201.85700000 612.00000000 0.79607843 0.56078431 0.46666667
v -39.00000000 202.00000000 613.42900000 0.81960784 0.58431373 0.49019608
v -38.28570000 202.28600000 614.28600000 0.82352941 0.59607843 0.50196078
v -38.00000000 203.00000000 616.00000000 0.83529412 0.60784314 0.51372549
v -37.00000000 203.28600000 617.00000000 0.84705882 0.61960784 0.52549020
v -36.00000000 204.57100000 620.57100000 0.86666667 0.62745098 0.54509804
v -35.00000000 205.57100000 623.71400000 0.87843137 0.63921569 0.56470588
v -34.57140000 206.00000000 625.57100000 0.87450980 0.62745098 0.55686275
v -34.00000000 206.71400000 626.85700000 0.83529412 0.58823529 0.51764706
v -59.00000000 204.00000000 616.42900000 0.29019608 0.21176471 0.21568627
v -58.00000000 204.00000000 616.85700000 0.33333333 0.23137255 0.22745098
v -57.00000000 204.00000000 616.14300000 0.36078431 0.24705882 0.22352941
v -56.00000000 203.14300000 615.14300000 0.38039216 0.26274510 0.23137255
v -54.00000000 203.00000000 613.85700000 0.41176471 0.28235294 0.24705882
v -54.00000000 202.85700000 613.14300000 0.41568627 0.28235294 0.24705882
v -53.00000000 202.71400000 612.71400000 0.42745098 0.28235294 0.24705882
v -52.00000000 202.42900000 612.00000000 0.43921569 0.28235294 0.25098039
v -51.57140000 202.00000000 611.42900000 0.44705882 0.29019608 0.25098039
v -51.00000000 202.00000000 611.14300000 0.47450980 0.30196078 0.26666667
v -50.00000000 202.00000000 610.71400000 0.48235294 0.30980392 0.25882353
v -49.57140000 202.00000000 610.57100000 0.47450980 0.28627451 0.23921569
v -48.00000000 201.71400000 609.85700000 0.50980392 0.31764706 0.26274510
v -47.00000000 201.57100000 609.57100000 0.52549020 0.30588235 0.25490196
v -46.00000000 201.57100000 609.57100000 0.58823529 0.35686275 0.28627451
v -45.00000000 201.57100000 609.57100000 0.63137255 0.38431373 0.31372549
v -45.00000000 201.42900000 609.42900000 0.67450980 0.42745098 0.35686275
v -44.00000000 201.42900000 609.42900000 0.70196078 0.45490196 0.38431373
v -43.71430000 201.71400000 609.71400000 0.71372549 0.47450980 0.40000000
v -43.00000000 201.71400000 609.85700000 0.72549020 0.48627451 0.41176471
v -42.00000000 201.85700000 610.00000000 0.74117647 0.50196078 0.41960784
v -41.00000000 202.00000000 611.14300000 0.78039216 0.54117647 0.45882353
v -40.00000000 202.00000000 611.14300000 0.79215686 0.55294118 0.47058824
v -40.00000000 202.14300000 612.00000000 0.80784314 0.57254902 0.47843137
v -38.14290000 203.00000000 614.14300000 0.83921569 0.60392157 0.50980392
v -37.00000000 204.00000000 616.71400000 0.85098039 0.61568627 0.52156863
v -36.00000000 205.00000000 619.57100000 0.87058824 0.63137255 0.54901961
v -36.00000000 205.42900000 621.42900000 0.87450980 0.63529412 0.55294118
v -35.00000000 206.00000000 623.42900000 0.88627451 0.63921569 0.56862745
v -34.14290000 206.85700000 625.00000000 0.87058824 0.62352941 0.55294118
v -58.00000000 204.14300000 616.00000000 0.32156863 0.22745098 0.22745098
v -57.00000000 204.14300000 616.00000000 0.34509804 0.24705882 0.22745098
v -56.57140000 204.00000000 615.57100000 0.35294118 0.24705882 0.21960784
v -56.00000000 204.00000000 615.00000000 0.36862745 0.25490196 0.22352941
v -55.00000000 204.00000000 614.42900000 0.38823529 0.27058824 0.23921569
v -54.00000000 203.42900000 613.42900000 0.39607843 0.27843137 0.23921569
v -54.00000000 203.28600000 613.14300000 0.41568627 0.28235294 0.24705882
v -53.00000000 203.00000000 612.28600000 0.41960784 0.28627451 0.24705882
v -52.00000000 203.00000000 612.00000000 0.43529412 0.28627451 0.25098039
v -51.42860000 202.42900000 610.85700000 0.44705882 0.29803922 0.25490196
v -51.00000000 202.42900000 610.71400000 0.47843137 0.30980392 0.27450980
v -50.00000000 202.28600000 610.14300000 0.49411765 0.32156863 0.27058824
v -49.00000000 202.28600000 610.14300000 0.47450980 0.28627451 0.23921569
v -49.00000000 202.00000000 609.57100000 0.48235294 0.29411765 0.24705882
v -48.00000000 202.00000000 609.57100000 0.49803922 0.30196078 0.25882353
v -47.00000000 202.00000000 608.71400000 0.49803922 0.28627451 0.23921569
v -46.00000000 202.00000000 608.71400000 0.59607843 0.36470588 0.29411765
v -45.00000000 202.00000000 608.57100000 0.63921569 0.39215686 0.32156863
v -44.00000000 202.00000000 608.85700000 0.69411765 0.45490196 0.38039216
v -43.00000000 202.00000000 608.85700000 0.70588235 0.46666667 0.39215686
v -42.00000000 202.00000000 609.00000000 0.73725490 0.49803922 0.41568627
v -41.85710000 202.14300000 610.00000000 0.75686275 0.51764706 0.43529412
v -41.00000000 202.14300000 610.14300000 0.76470588 0.52549020 0.44313725
v -39.00000000 203.00000000 612.28600000 0.82745098 0.58823529 0.50588235
v -38.00000000 203.28600000 613.28600000 0.84313725 0.60784314 0.51372549
v -37.00000000 204.14300000 615.85700000 0.84313725 0.60784314 0.51372549
v -36.00000000 205.28600000 619.28600000 0.87843137 0.63529412 0.55294118
v -35.00000000 206.42900000 622.42900000 0.89019608 0.64313725 0.57254902
v -34.00000000 207.00000000 624.42900000 0.87843137 0.62352941 0.55294118
v -34.00000000 207.71400000 625.85700000 0.83529412 0.58039216 0.50980392
v -57.00000000 204.85700000 615.00000000 0.33333333 0.24313725 0.21960784
v -56.00000000 204.71400000 614.71400000 0.35686275 0.25098039 0.22352941
v -56.00000000 204.57100000 614.57100000 0.36862745 0.26274510 0.23529412
v -55.00000000 204.14300000 614.00000000 0.38431373 0.26274510 0.24313725
v -54.00000000 204.00000000 612.57100000 0.43137255 0.27450980 0.24313725
v -53.00000000 203.71400000 612.14300000 0.45098039 0.28235294 0.24705882
v -52.00000000 203.42900000 611.42900000 0.46274510 0.29019608 0.24705882
v -51.42860000 203.42900000 610.85700000 0.45882353 0.28627451 0.23529412
v -51.00000000 203.00000000 610.42900000 0.47450980 0.30196078 0.25098039
v -50.00000000 203.00000000 610.14300000 0.48235294 0.30980392 0.25882353
v -49.00000000 203.00000000 609.57100000 0.46274510 0.29019608 0.23921569
v -48.00000000 202.71400000 608.85700000 0.49411765 0.30588235 0.26666667
v -47.00000000 202.71400000 608.71400000 0.51764706 0.30588235 0.26666667
v -46.00000000 202.71400000 608.71400000 0.57254902 0.36470588 0.30980392
v -45.00000000 202.42900000 608.42900000 0.66274510 0.43921569 0.37254902
v -44.00000000 202.57100000 608.57100000 0.68235294 0.45098039 0.38823529
v -43.00000000 202.85700000 608.85700000 0.71764706 0.47843137 0.40392157
v -42.00000000 202.85700000 609.00000000 0.74117647 0.49803922 0.41568627
v -41.14290000 203.00000000 609.14300000 0.75294118 0.50980392 0.42745098
v -41.00000000 203.00000000 610.14300000 0.76862745 0.51372549 0.42745098
v -40.00000000 203.00000000 610.14300000 0.80392157 0.54901961 0.46274510
v -40.00000000 203.14300000 611.14300000 0.81176471 0.56862745 0.47058824
v -38.00000000 204.00000000 613.28600000 0.83921569 0.60392157 0.50196078
v -37.00000000 205.00000000 615.71400000 0.83137255 0.60392157 0.50980392
v -36.00000000 206.00000000 618.28600000 0.86666667 0.63921569 0.56078431
v -35.00000000 207.00000000 622.28600000 0.86666667 0.62745098 0.55294118
v -34.00000000 207.85700000 623.85700000 0.89019608 0.63529412 0.56470588
v -55.00000000 205.00000000 614.00000000 0.38039216 0.25882353 0.23921569
v -54.00000000 204.71400000 612.71400000 0.40392157 0.27058824 0.23529412
v -54.00000000 204.42900000 612.42900000 0.42745098 0.27843137 0.24313725
v -53.00000000 204.00000000 611.57100000 0.44313725 0.28627451 0.24705882
v -52.00000000 204.00000000 611.14300000 0.45882353 0.29411765 0.24705882
v -51.00000000 203.57100000 610.00000000 0.46666667 0.29411765 0.24313725
v -50.00000000 203.57100000 609.57100000 0.47450980 0.30196078 0.25098039
v -49.00000000 203.28600000 609.28600000 0.47843137 0.29803922 0.24705882
v -49.00000000 203.14300000 609.14300000 0.48235294 0.29803922 0.25882353
v -48.00000000 203.00000000 608.57100000 0.50588235 0.30980392 0.27450980
v -47.00000000 203.00000000 608.14300000 0.56862745 0.35686275 0.31764706
v -46.00000000 203.00000000 608.14300000 0.59607843 0.38431373 0.33725490
v -45.00000000 203.00000000 607.57100000 0.64313725 0.42352941 0.37254902
v -42.00000000 203.00000000 608.14300000 0.74117647 0.49803922 0.41568627
v -41.14290000 203.14300000 609.14300000 0.74509804 0.50196078 0.41960784
v -41.00000000 203.14300000 609.14300000 0.76862745 0.51372549 0.42745098
v -39.00000000 204.00000000 611.42900000 0.82352941 0.58039216 0.49019608
v -38.00000000 204.42900000 612.42900000 0.83137255 0.59607843 0.50196078
v -37.00000000 205.14300000 614.85700000 0.83137255 0.60392157 0.51764706
v -36.00000000 206.28600000 618.14300000 0.85882353 0.63137255 0.55294118
v -35.85710000 207.00000000 619.85700000 0.87843137 0.63921569 0.56862745
v -35.00000000 207.28600000 621.28600000 0.87843137 0.63921569 0.56470588
v -34.00000000 208.00000000 623.28600000 0.88627451 0.63137255 0.56078431
v -34.00000000 208.85700000 625.00000000 0.80392157 0.54509804 0.48235294
v -57.00000000 205.00000000 613.71400000 0.31372549 0.24313725 0.22745098
v -56.00000000 205.00000000 613.42900000 0.34901961 0.25098039 0.23137255
v -55.00000000 205.14300000 613.14300000 0.36862745 0.25490196 0.23921569
v -54.00000000 205.00000000 612.71400000 0.39215686 0.26274510 0.23529412
v -52.00000000 204.57100000 610.57100000 0.45882353 0.29019608 0.25490196
v -51.00000000 204.00000000 609.42900000 0.45098039 0.28627451 0.23921569
v -50.00000000 204.00000000 609.42900000 0.46666667 0.29411765 0.25098039
v -46.00000000 203.57100000 607.57100000 0.61960784 0.39607843 0.35294118
v -45.00000000 203.57100000 607.57100000 0.63921569 0.41176471 0.36862745
v -45.00000000 203.28600000 607.28600000 0.66666667 0.43529412 0.38039216
v -44.00000000 203.00000000 607.00000000 0.68627451 0.45490196 0.40000000
v -43.00000000 203.00000000 607.00000000 0.70980392 0.47058824 0.40000000
v -43.00000000 203.14300000 607.14300000 0.72156863 0.48235294 0.41176471
v -40.00000000 204.00000000 609.28600000 0.79607843 0.55294118 0.47058824
v -38.00000000 205.00000000 612.00000000 0.81960784 0.59215686 0.50588235
v -37.00000000 206.14300000 616.00000000 0.85098039 0.62352941 0.54509804
v -35.28570000 207.28600000 619.14300000 0.88627451 0.63921569 0.57254902
v -34.00000000 208.42900000 622.42900000 0.87450980 0.61960784 0.54901961
v -55.00000000 205.85700000 613.00000000 0.36470588 0.25490196 0.23921569
v -54.00000000 205.57100000 612.57100000 0.38823529 0.25882353 0.23921569
v -53.85710000 205.00000000 611.85700000 0.41176471 0.26666667 0.24313725
v -53.00000000 205.00000000 611.57100000 0.43137255 0.28235294 0.24705882
v -52.00000000 205.00000000 610.57100000 0.44705882 0.29019608 0.25882353
v -51.00000000 204.42900000 609.42900000 0.45882353 0.29411765 0.24705882
v -50.00000000 204.14300000 609.14300000 0.47450980 0.30196078 0.25882353
v -49.00000000 204.00000000 608.28600000 0.47450980 0.29019608 0.25098039
v -49.00000000 204.28600000 608.28600000 0.49803922 0.31372549 0.27450980
v -48.00000000 204.00000000 607.85700000 0.54901961 0.35294118 0.31764706
v -42.00000000 204.00000000 607.00000000 0.73333333 0.49019608 0.40784314
v -41.00000000 204.00000000 608.00000000 0.75294118 0.50980392 0.42745098
v -39.28570000 205.00000000 609.28600000 0.80392157 0.56470588 0.48235294
v -39.00000000 205.00000000 610.00000000 0.81960784 0.58039216 0.49803922
v -38.00000000 205.14300000 611.14300000 0.82352941 0.59607843 0.50980392
v -37.00000000 206.00000000 613.71400000 0.83137255 0.60784314 0.52941176
v -36.00000000 207.00000000 616.85700000 0.86274510 0.62352941 0.55294118
v -35.00000000 208.28600000 620.28600000 0.89019608 0.63529412 0.56470588
v -34.00000000 209.42900000 623.42900000 0.75294118 0.49019608 0.42745098
v -56.00000000 206.00000000 612.28600000 0.31372549 0.24313725 0.22745098
v -55.28570000 206.00000000 612.28600000 0.33725490 0.25882353 0.23137255
v -55.00000000 206.00000000 612.14300000 0.35686275 0.25882353 0.23921569
v -54.00000000 206.00000000 612.00000000 0.38039216 0.26274510 0.23137255
v -53.42860000 206.00000000 611.42900000 0.40000000 0.26274510 0.23921569
v -52.00000000 205.57100000 610.57100000 0.43137255 0.28235294 0.24705882
v -51.00000000 205.14300000 610.14300000 0.44705882 0.29019608 0.24313725
v -51.00000000 205.00000000 609.14300000 0.46274510 0.30588235 0.25882353
v -50.00000000 205.00000000 608.85700000 0.48235294 0.31764706 0.27058824
v -49.00000000 205.00000000 608.00000000 0.48235294 0.30980392 0.26666667
v -48.00000000 204.28600000 607.28600000 0.51372549 0.32549020 0.28627451
v -47.00000000 204.00000000 607.00000000 0.52549020 0.33725490 0.29803922
v -46.85710000 204.00000000 606.85700000 0.56862745 0.36470588 0.32156863
v -46.00000000 204.00000000 606.57100000 0.60784314 0.39607843 0.34901961
v -45.00000000 204.00000000 606.42900000 0.65882353 0.43137255 0.37647059
v -44.00000000 204.00000000 606.28600000 0.68627451 0.45490196 0.40000000
v -43.00000000 204.00000000 606.14300000 0.70588235 0.47450980 0.40392157
v -42.00000000 204.71400000 606.71400000 0.73725490 0.49411765 0.41176471
v -39.14290000 205.14300000 609.14300000 0.79607843 0.55686275 0.47450980
v -36.42860000 207.00000000 614.42900000 0.85490196 0.62745098 0.54901961
v -36.00000000 207.85700000 615.85700000 0.86274510 0.62352941 0.54901961
v -35.00000000 208.00000000 617.85700000 0.88235294 0.63529412 0.56470588
v -34.00000000 209.00000000 621.00000000 0.87058824 0.61568627 0.54509804
v -56.00000000 206.71400000 611.71400000 0.30980392 0.23921569 0.22352941
v -55.14290000 206.85700000 612.00000000 0.33333333 0.25490196 0.22745098
v -55.00000000 206.85700000 612.00000000 0.36078431 0.26274510 0.24313725
v -54.00000000 206.71400000 611.71400000 0.38431373 0.26666667 0.23529412
v -53.28570000 206.28600000 611.28600000 0.40392157 0.26666667 0.24313725
v -53.00000000 206.00000000 610.71400000 0.40784314 0.27450980 0.23529412
v -52.00000000 206.00000000 610.57100000 0.41960784 0.27450980 0.23921569
v -51.00000000 206.00000000 609.14300000 0.45098039 0.30196078 0.25882353
v -50.00000000 205.85700000 608.85700000 0.47058824 0.31372549 0.26666667
v -48.00000000 205.00000000 607.00000000 0.44313725 0.25882353 0.21960784
v -46.57140000 205.00000000 606.57100000 0.51764706 0.32156863 0.28627451
v -40.00000000 205.00000000 607.71400000 0.77647059 0.53333333 0.44313725
v -39.00000000 205.14300000 608.14300000 0.78823529 0.54901961 0.46666667
v -38.00000000 206.00000000 610.00000000 0.80784314 0.58039216 0.49411765
v -38.00000000 206.71400000 610.71400000 0.81568627 0.58823529 0.50196078
v -37.00000000 207.00000000 612.42900000 0.83137255 0.60784314 0.52941176
v -36.00000000 207.71400000 613.71400000 0.85490196 0.62745098 0.54901961
v -35.00000000 208.71400000 616.71400000 0.87843137 0.63137255 0.56078431
v -55.00000000 207.00000000 611.00000000 0.33333333 0.25098039 0.23137255
v -54.00000000 207.00000000 611.00000000 0.38431373 0.26274510 0.24313725
v -52.00000000 206.71400000 609.71400000 0.41568627 0.27058824 0.23921569
v -51.00000000 206.14300000 609.00000000 0.43921569 0.29019608 0.24705882
v -50.00000000 206.00000000 608.00000000 0.45882353 0.30980392 0.25882353
v -47.00000000 205.00000000 606.00000000 0.40392157 0.22745098 0.20392157
v -46.00000000 205.00000000 605.57100000 0.56862745 0.36470588 0.32156863
v -45.00000000 205.00000000 605.57100000 0.61960784 0.40784314 0.36078431
v -44.28570000 205.00000000 605.28600000 0.67058824 0.45098039 0.40000000
v -44.00000000 205.00000000 605.28600000 0.69411765 0.46666667 0.41960784
v -43.00000000 205.00000000 605.00000000 0.69411765 0.47058824 0.40392157
v -42.14290000 205.00000000 605.14300000 0.70588235 0.47450980 0.41176471
v -42.00000000 205.00000000 605.71400000 0.72941176 0.49019608 0.41568627
v -41.00000000 205.00000000 605.71400000 0.70980392 0.47058824 0.39607843
v -41.00000000 205.71400000 606.71400000 0.73725490 0.49803922 0.41568627
v -40.00000000 205.71400000 606.71400000 0.76470588 0.52549020 0.44313725
v -38.00000000 206.57100000 609.57100000 0.80392157 0.57647059 0.49803922
v -35.00000000 209.42900000 617.42900000 0.87843137 0.63137255 0.56078431
v -34.00000000 210.00000000 619.42900000 0.89019608 0.63529412 0.56470588
v -34.00000000 210.85700000 621.57100000 0.65882353 0.40000000 0.33725490
v -33.00000000 211.00000000 622.85700000 0.47450980 0.20392157 0.14509804
v -55.00000000 207.42900000 610.42900000 0.34117647 0.24705882 0.23137255
v -55.00000000 207.57100000 610.57100000 0.36862745 0.25882353 0.24705882
v -54.00000000 207.71400000 610.71400000 0.38431373 0.26274510 0.24313725
v -53.00000000 207.00000000 610.00000000 0.39607843 0.25882353 0.24313725
v -52.00000000 207.00000000 609.14300000 0.41568627 0.27058824 0.23921569
v -51.00000000 207.00000000 608.14300000 0.44313725 0.29803922 0.26274510
v -50.00000000 206.85700000 608.00000000 0.45882353 0.30980392 0.26666667
v -49.00000000 206.00000000 607.00000000 0.45490196 0.29803922 0.25882353
v -48.00000000 206.00000000 606.28600000 0.41176471 0.24313725 0.21568627
v -47.00000000 206.00000000 606.00000000 0.41960784 0.24313725 0.22352941
v -45.00000000 205.85700000 604.85700000 0.54901961 0.33725490 0.29803922
v -44.00000000 205.85700000 604.85700000 0.61960784 0.39607843 0.35294118
v -43.00000000 205.85700000 604.85700000 0.61568627 0.38823529 0.33333333
v -40.00000000 206.00000000 606.71400000 0.76862745 0.52941176 0.44705882
v -39.00000000 206.00000000 606.85700000 0.78039216 0.54117647 0.46666667
v -39.00000000 206.71400000 607.71400000 0.79215686 0.55294118 0.47843137
v -37.00000000 207.57100000 610.57100000 0.83137255 0.60784314 0.52941176
v -36.00000000 208.14300000 613.14300000 0.86274510 0.63529412 0.55686275
v -34.00000000 210.71400000 618.57100000 0.89411765 0.63921569 0.56862745
v -33.85710000 211.00000000 620.57100000 0.64705882 0.38823529 0.32549020
v -33.00000000 211.85700000 621.85700000 0.47450980 0.20392157 0.14509804
v -55.00000000 208.00000000 609.85700000 0.33333333 0.25098039 0.23921569
v -54.00000000 208.00000000 609.85700000 0.36470588 0.25490196 0.23921569
v -53.00000000 208.00000000 609.14300000 0.40000000 0.25490196 0.23137255
v -51.00000000 207.14300000 608.14300000 0.43137255 0.26274510 0.23529412
v -50.85710000 207.14300000 608.00000000 0.45490196 0.27843137 0.25490196
v -50.00000000 207.00000000 607.00000000 0.47843137 0.29411765 0.26274510
v -49.00000000 207.00000000 606.71400000 0.47058824 0.28627451 0.25490196
v -48.00000000 206.85700000 605.85700000 0.41960784 0.24705882 0.21176471
v -47.00000000 206.28600000 605.28600000 0.47450980 0.29803922 0.27450980
v -46.00000000 206.28600000 605.28600000 0.46666667 0.28235294 0.25882353
v -46.00000000 206.00000000 604.57100000 0.42745098 0.23137255 0.19607843
v -45.00000000 206.00000000 604.57100000 0.54509804 0.33725490 0.30588235
v -44.00000000 206.00000000 604.00000000 0.58823529 0.37647059 0.33725490
v -43.00000000 206.00000000 604.14300000 0.56078431 0.34117647 0.29019608
v -42.00000000 206.00000000 604.14300000 0.59215686 0.36078431 0.30588235
v -41.00000000 206.00000000 604.71400000 0.72549020 0.47843137 0.41176471
v -40.00000000 206.71400000 605.71400000 0.76078431 0.50588235 0.43529412
v -38.00000000 207.00000000 607.85700000 0.81176471 0.56470588 0.49411765
v -37.57140000 207.57100000 608.57100000 0.82745098 0.58039216 0.50980392
v -36.00000000 208.00000000 610.85700000 0.85882353 0.61176471 0.54117647
v -35.00000000 209.00000000 613.85700000 0.88235294 0.63921569 0.54901961
v -33.71430000 211.71400000 619.57100000 0.71764706 0.45490196 0.38039216
v -55.00000000 208.57100000 609.57100000 0.32549020 0.25098039 0.23529412
v -54.00000000 208.71400000 609.71400000 0.34901961 0.25098039 0.23137255
v -53.00000000 208.14300000 609.14300000 0.37254902 0.25882353 0.23529412
v -52.00000000 208.00000000 608.57100000 0.41568627 0.26274510 0.23529412
v -51.00000000 208.00000000 608.14300000 0.44313725 0.28627451 0.25490196
v -50.42860000 208.00000000 607.42900000 0.43921569 0.27058824 0.24313725
v -50.00000000 207.85700000 606.85700000 0.45490196 0.28627451 0.25098039
v -49.00000000 207.14300000 606.14300000 0.47843137 0.30980392 0.27450980
v -48.00000000 207.00000000 605.28600000 0.36862745 0.20000000 0.17254902
v -47.00000000 207.00000000 605.28600000 0.43529412 0.27843137 0.24705882
v -46.00000000 207.00000000 604.85700000 0.48235294 0.30588235 0.28235294
v -46.00000000 206.85700000 604.14300000 0.50196078 0.30980392 0.28235294
v -45.00000000 206.85700000 604.14300000 0.54901961 0.34117647 0.31764706
v -44.00000000 206.85700000 603.85700000 0.49411765 0.28235294 0.24313725
v -43.00000000 206.71400000 603.85700000 0.61960784 0.40000000 0.34901961
v -42.00000000 206.85700000 603.85700000 0.68235294 0.45098039 0.38823529
v -40.28570000 207.00000000 604.28600000 0.72941176 0.48235294 0.41176471
v -39.00000000 207.00000000 605.42900000 0.77254902 0.52941176 0.44705882
v -39.00000000 207.42900000 606.42900000 0.79215686 0.54901961 0.46666667
v -37.00000000 208.00000000 607.85700000 0.81960784 0.57647059 0.49411765
v -37.00000000 208.14300000 608.85700000 0.83529412 0.58823529 0.51764706
v -36.00000000 208.85700000 609.85700000 0.84313725 0.59607843 0.52549020
v -33.00000000 212.71400000 620.71400000 0.49803922 0.21960784 0.14901961
v -54.57140000 209.00000000 608.57100000 0.32156863 0.24705882 0.23137255
v -53.00000000 209.00000000 608.85700000 0.36862745 0.25490196 0.23137255
v -52.14290000 209.00000000 608.14300000 0.39607843 0.26666667 0.23921569
v -51.00000000 208.57100000 607.57100000 0.42352941 0.27450980 0.23921569
v -50.28570000 208.28600000 607.28600000 0.42745098 0.27058824 0.23921569
v -50.00000000 208.00000000 606.28600000 0.44313725 0.27450980 0.24705882
v -49.00000000 208.00000000 606.14300000 0.46274510 0.29411765 0.26666667
v -48.00000000 208.00000000 605.14300000 0.43921569 0.28235294 0.25098039
v -48.00000000 207.85700000 605.00000000 0.40000000 0.24313725 0.21176471
v -47.00000000 207.28600000 604.28600000 0.44705882 0.29411765 0.26666667
v -46.00000000 207.14300000 603.85700000 0.47843137 0.29411765 0.26274510
v -45.00000000 207.00000000 603.28600000 0.56470588 0.36862745 0.34117647
v -44.00000000 207.00000000 603.00000000 0.54509804 0.33333333 0.29411765
v -43.00000000 207.00000000 603.00000000 0.61568627 0.40784314 0.35294118
v -42.00000000 207.00000000 603.14300000 0.65490196 0.42745098 0.37254902
v -41.00000000 207.00000000 603.28600000 0.69803922 0.45882353 0.38823529
v -40.00000000 207.00000000 603.85700000 0.72156863 0.47843137 0.39607843
v -38.00000000 208.00000000 606.28600000 0.80000000 0.56078431 0.47843137
v -37.00000000 208.28600000 607.28600000 0.81176471 0.57254902 0.49019608
v -36.00000000 209.00000000 609.28600000 0.83529412 0.59607843 0.51372549
v -55.00000000 209.00000000 607.57100000 0.30588235 0.23529412 0.21960784
v -54.00000000 209.00000000 607.57100000 0.32156863 0.23921569 0.22745098
v -54.00000000 209.28600000 608.28600000 0.34901961 0.25098039 0.23137255
v -53.00000000 209.28600000 608.14300000 0.36862745 0.25490196 0.23921569
v -52.00000000 209.00000000 607.71400000 0.40392157 0.25098039 0.23137255
v -51.00000000 209.00000000 607.42900000 0.41960784 0.26274510 0.23137255
v -50.00000000 208.85700000 606.14300000 0.44313725 0.27450980 0.24705882
v -49.00000000 208.42900000 605.57100000 0.44313725 0.27450980 0.24705882
v -48.00000000 208.14300000 604.57100000 0.43921569 0.27843137 0.25490196
v -47.00000000 208.00000000 604.00000000 0.45882353 0.29803922 0.27450980
v -46.00000000 208.00000000 604.00000000 0.40784314 0.23921569 0.21568627
v -45.85710000 207.85700000 603.14300000 0.41960784 0.23529412 0.20392157
v -45.00000000 207.85700000 603.14300000 0.49803922 0.30196078 0.27450980
v -44.00000000 207.85700000 602.85700000 0.49803922 0.30196078 0.25882353
v -43.00000000 207.85700000 603.00000000 0.58039216 0.37254902 0.31764706
v -42.00000000 207.71400000 602.85700000 0.63921569 0.41568627 0.34901961
v -39.00000000 208.00000000 604.00000000 0.76862745 0.52549020 0.44313725
v -38.00000000 208.28600000 605.28600000 0.80392157 0.56078431 0.47843137
v -36.00000000 209.71400000 608.71400000 0.83529412 0.59607843 0.51372549
v -35.00000000 210.00000000 611.00000000 0.86274510 0.63529412 0.55686275
v -33.00000000 212.00000000 617.00000000 0.84313725 0.59607843 0.52549020
v -55.00000000 209.57100000 606.57100000 0.30196078 0.23137255 0.21568627
v -53.00000000 210.00000000 607.28600000 0.37254902 0.25098039 0.23921569
v -52.00000000 209.85700000 607.28600000 0.40784314 0.25490196 0.23529412
v -51.00000000 209.71400000 606.71400000 0.42745098 0.26666667 0.24313725
v -50.00000000 209.57100000 606.42900000 0.43921569 0.27058824 0.24705882
v -50.00000000 209.00000000 605.57100000 0.43921569 0.27058824 0.24313725
v -49.00000000 209.00000000 604.85700000 0.45098039 0.28235294 0.25490196
v -48.00000000 209.00000000 604.57100000 0.44705882 0.27843137 0.25490196
v -48.00000000 208.71400000 603.85700000 0.42352941 0.25490196 0.23137255
v -47.00000000 208.57100000 603.57100000 0.43137255 0.27058824 0.24705882
v -46.00000000 208.14300000 603.00000000 0.43137255 0.26274510 0.23921569
v -45.85710000 208.14300000 603.00000000 0.45882353 0.27450980 0.24313725
v -45.00000000 208.00000000 602.14300000 0.50588235 0.30980392 0.28235294
v -44.00000000 208.00000000 602.28600000 0.54117647 0.34509804 0.30196078
v -43.85710000 208.00000000 602.00000000 0.61176471 0.40000000 0.36078431
v -43.00000000 208.00000000 602.00000000 0.62352941 0.41568627 0.36078431
v -42.00000000 208.00000000 602.00000000 0.67058824 0.44313725 0.38823529
v -41.00000000 208.00000000 602.14300000 0.68627451 0.44705882 0.37647059
v -40.00000000 208.00000000 602.85700000 0.70980392 0.47058824 0.38823529
v -40.00000000 208.14300000 603.00000000 0.73725490 0.49411765 0.41176471
v -39.00000000 208.42900000 603.42900000 0.76862745 0.52549020 0.43529412
v -37.00000000 209.00000000 605.28600000 0.80784314 0.56470588 0.47450980
v -37.00000000 209.28600000 606.28600000 0.81568627 0.57647059 0.49411765
v -34.00000000 211.00000000 612.00000000 0.87450980 0.63529412 0.56078431
v -32.00000000 214.42900000 620.42900000 0.41960784 0.15686275 0.09019608
v -54.00000000 210.00000000 606.57100000 0.31372549 0.23921569 0.22352941
v -53.00000000 210.14300000 606.85700000 0.36862745 0.25490196 0.23921569
v -52.00000000 210.14300000 606.71400000 0.40392157 0.25882353 0.23529412
v -51.00000000 210.00000000 606.57100000 0.41568627 0.26274510 0.23529412
v -50.00000000 210.00000000 605.85700000 0.41960784 0.25882353 0.23529412
v -50.00000000 209.85700000 605.00000000 0.43137255 0.26274510 0.23921569
v -49.00000000 209.57100000 604.71400000 0.45098039 0.28235294 0.25882353
v -48.00000000 209.14300000 603.71400000 0.41568627 0.25490196 0.23137255
v -47.00000000 209.00000000 603.00000000 0.41176471 0.25882353 0.23137255
v -46.00000000 209.00000000 603.00000000 0.42745098 0.25882353 0.23529412
v -45.42860000 209.00000000 602.42900000 0.47843137 0.29411765 0.26274510
v -45.00000000 208.85700000 602.14300000 0.52156863 0.31372549 0.29019608
v -44.00000000 208.71400000 601.71400000 0.55294118 0.34901961 0.30588235
v -43.71430000 208.71400000 601.85700000 0.62745098 0.40392157 0.36078431
v -43.00000000 208.42900000 601.57100000 0.64705882 0.42745098 0.37647059
v -42.00000000 208.71400000 601.85700000 0.69411765 0.46274510 0.39215686
v -39.00000000 209.00000000 602.85700000 0.78431373 0.52941176 0.44313725
v -38.00000000 209.00000000 603.42900000 0.80000000 0.54509804 0.45882353
v -37.00000000 209.42900000 604.42900000 0.81960784 0.56470588 0.48627451
v -36.00000000 210.00000000 606.85700000 0.82352941 0.58431373 0.50196078
v -33.00000000 213.57100000 616.57100000 0.64705882 0.39215686 0.32156863
v -32.00000000 214.00000000 618.85700000 0.42745098 0.16470588 0.09803922
v -54.00000000 210.85700000 606.00000000 0.34509804 0.25098039 0.23529412
v -53.00000000 210.85700000 606.00000000 0.36862745 0.25882353 0.24313725
v -52.00000000 210.71400000 605.85700000 0.37647059 0.25490196 0.23529412
v -51.00000000 210.57100000 605.71400000 0.41568627 0.27058824 0.23921569
v -50.00000000 210.28600000 605.00000000 0.42352941 0.26274510 0.23921569
v -50.00000000 210.14300000 604.85700000 0.43137255 0.27058824 0.24705882
v -49.00000000 209.71400000 603.85700000 0.44705882 0.27843137 0.25490196
v -48.00000000 210.00000000 603.71400000 0.44313725 0.28235294 0.25882353
v -47.71430000 209.71400000 602.85700000 0.44705882 0.28627451 0.26274510
v -47.00000000 209.71400000 602.85700000 0.41568627 0.26274510 0.23529412
v -46.00000000 209.14300000 602.00000000 0.41568627 0.24705882 0.21960784
v -45.14290000 209.14300000 602.00000000 0.46274510 0.27058824 0.24313725
v -45.00000000 209.00000000 601.42900000 0.47843137 0.26274510 0.23529412
v -44.00000000 209.00000000 601.42900000 0.50980392 0.29803922 0.25882353
v -43.14290000 208.71400000 600.85700000 0.62745098 0.40000000 0.35686275
v -43.00000000 208.85700000 601.00000000 0.66666667 0.43921569 0.39215686
v -42.00000000 208.57100000 600.71400000 0.68627451 0.44313725 0.39215686
v -41.85710000 208.85700000 601.00000000 0.68627451 0.44705882 0.37647059
v -41.00000000 208.85700000 601.00000000 0.72156863 0.47450980 0.40784314
v -40.00000000 208.85700000 601.42900000 0.76470588 0.50980392 0.43137255
v -39.00000000 209.14300000 602.00000000 0.78823529 0.52549020 0.45098039
v -38.00000000 209.42900000 602.42900000 0.80784314 0.54509804 0.47058824
v -37.00000000 210.00000000 603.42900000 0.81960784 0.56470588 0.48627451
v -36.00000000 210.85700000 605.85700000 0.82745098 0.58823529 0.50588235
v -35.00000000 211.00000000 606.85700000 0.83529412 0.60784314 0.52941176
v -35.00000000 211.57100000 608.57100000 0.85098039 0.62352941 0.54509804
v -34.00000000 212.00000000 609.57100000 0.87058824 0.64313725 0.56470588
v -34.00000000 212.28600000 611.28600000 0.87058824 0.62352941 0.55294118
v -33.00000000 213.00000000 613.28600000 0.89019608 0.64313725 0.57254902
v -32.00000000 214.57100000 617.57100000 0.43529412 0.17254902 0.10980392
v -54.00000000 211.00000000 605.14300000 0.30196078 0.22352941 0.21960784
v -53.00000000 211.00000000 605.71400000 0.36862745 0.25882353 0.24705882
v -52.00000000 211.00000000 605.42900000 0.39607843 0.24705882 0.23529412
v -51.00000000 210.85700000 605.28600000 0.41568627 0.26274510 0.23529412
v -50.00000000 210.71400000 605.00000000 0.41176471 0.25098039 0.22745098
v -49.85710000 210.42900000 604.28600000 0.44313725 0.27450980 0.25098039
v -49.00000000 210.14300000 603.85700000 0.45490196 0.28627451 0.26274510
v -48.00000000 210.14300000 603.42900000 0.44705882 0.27843137 0.25490196
v -47.71430000 210.00000000 602.85700000 0.45490196 0.28627451 0.26274510
v -47.00000000 209.85700000 602.28600000 0.43529412 0.28235294 0.25490196
v -46.00000000 209.85700000 602.00000000 0.46666667 0.29803922 0.27058824
v -45.00000000 209.57100000 601.57100000 0.50980392 0.31372549 0.28627451
v -45.00000000 209.42900000 601.42900000 0.54901961 0.32549020 0.29803922
v -44.00000000 209.14300000 600.71400000 0.58039216 0.35686275 0.31372549
v -43.14290000 209.14300000 600.71400000 0.65098039 0.41568627 0.37647059
v -43.00000000 209.14300000 600.57100000 0.65098039 0.41960784 0.36470588
v -42.00000000 209.14300000 600.71400000 0.68627451 0.43529412 0.38823529
v -41.57140000 209.14300000 600.71400000 0.70196078 0.45490196 0.38823529
v -41.00000000 209.14300000 601.00000000 0.71372549 0.45490196 0.39215686
v -40.00000000 209.14300000 601.00000000 0.73725490 0.47450980 0.40000000
v -40.00000000 209.28600000 601.14300000 0.75686275 0.49411765 0.41960784
v -39.00000000 209.57100000 601.57100000 0.78039216 0.51764706 0.44313725
v -37.00000000 210.42900000 603.28600000 0.81960784 0.55686275 0.48235294
v -35.00000000 211.14300000 606.14300000 0.82745098 0.60000000 0.52156863
v -34.00000000 212.14300000 609.14300000 0.87450980 0.64705882 0.56862745
v -33.00000000 213.28600000 612.28600000 0.89803922 0.65098039 0.58431373
v -53.00000000 211.14300000 605.00000000 0.35686275 0.25490196 0.25098039
v -52.00000000 211.14300000 605.00000000 0.36078431 0.24705882 0.23137255
v -51.71430000 211.28600000 605.00000000 0.38039216 0.25098039 0.23137255
v -51.00000000 211.28600000 605.00000000 0.39215686 0.24705882 0.22352941
v -50.00000000 211.00000000 604.28600000 0.42352941 0.26274510 0.23921569
v -49.85710000 211.00000000 604.28600000 0.45098039 0.29411765 0.25490196
v -49.00000000 210.85700000 603.42900000 0.43921569 0.27058824 0.23529412
v -48.00000000 210.85700000 603.14300000 0.46666667 0.29803922 0.26274510
v -47.14290000 210.14300000 602.00000000 0.45490196 0.28627451 0.25098039
v -47.00000000 210.14300000 602.00000000 0.45098039 0.28235294 0.25490196
v -46.00000000 210.00000000 601.42900000 0.49411765 0.32156863 0.28627451
v -45.00000000 210.00000000 600.57100000 0.58039216 0.36862745 0.32156863
v -44.00000000 210.00000000 600.57100000 0.60000000 0.39215686 0.33725490
v -43.00000000 209.57100000 599.85700000 0.63529412 0.40784314 0.36078431
v -43.00000000 209.71400000 600.00000000 0.65098039 0.41960784 0.36470588
v -42.00000000 209.57100000 599.85700000 0.67450980 0.43137255 0.38039216
v -41.28570000 210.00000000 600.28600000 0.70196078 0.45490196 0.39607843
v -41.00000000 210.00000000 600.28600000 0.71372549 0.45490196 0.40000000
v -40.00000000 210.00000000 600.28600000 0.73333333 0.47843137 0.40784314
v -39.00000000 210.00000000 601.14300000 0.76862745 0.50196078 0.42745098
v -38.00000000 210.00000000 601.28600000 0.78823529 0.52156863 0.44705882
v -37.00000000 210.57100000 602.42900000 0.82352941 0.55686275 0.47450980
v -36.85710000 211.00000000 603.85700000 0.83921569 0.58039216 0.48627451
v -36.00000000 211.71400000 604.71400000 0.83921569 0.58823529 0.49019608
v -35.00000000 212.14300000 607.00000000 0.85490196 0.61960784 0.52549020
v -32.00000000 215.14300000 616.14300000 0.52549020 0.27843137 0.21176471
v -53.00000000 212.00000000 604.28600000 0.33725490 0.24313725 0.22745098
v -52.00000000 212.00000000 604.57100000 0.35686275 0.24313725 0.22745098
v -51.42860000 212.00000000 604.57100000 0.38039216 0.25098039 0.23137255
v -51.00000000 212.00000000 604.57100000 0.39215686 0.25882353 0.22352941
v -50.00000000 211.85700000 604.14300000 0.41960784 0.26666667 0.23921569
v -49.71430000 211.71400000 603.85700000 0.44313725 0.28627451 0.24705882
v -49.00000000 211.42900000 603.28600000 0.43137255 0.26274510 0.22745098
v -48.00000000 211.14300000 602.85700000 0.43137255 0.26274510 0.22745098
v -47.00000000 211.00000000 601.71400000 0.42745098 0.27058824 0.23921569
v -46.00000000 210.85700000 601.42900000 0.49019608 0.31764706 0.28235294
v -45.00000000 210.57100000 600.57100000 0.58431373 0.37254902 0.32549020
v -44.00000000 210.42900000 600.42900000 0.60392157 0.39607843 0.34117647
v -43.00000000 210.28600000 599.85700000 0.63529412 0.40784314 0.35294118
v -42.00000000 210.28600000 599.85700000 0.67058824 0.42745098 0.37647059
v -41.28570000 210.28600000 599.85700000 0.69411765 0.45098039 0.39215686
v -41.00000000 210.14300000 600.14300000 0.71372549 0.45490196 0.40000000
v -40.00000000 210.14300000 600.14300000 0.72156863 0.46666667 0.39607843
v -39.00000000 210.28600000 600.28600000 0.75686275 0.49019608 0.41568627
v -36.00000000 211.00000000 602.85700000 0.83529412 0.57647059 0.49019608
v -36.00000000 211.85700000 603.85700000 0.83921569 0.58431373 0.49803922
v -35.00000000 212.00000000 605.00000000 0.84705882 0.61176471 0.51764706
v -34.00000000 213.00000000 607.14300000 0.85098039 0.61176471 0.52941176
v -33.85710000 213.85700000 609.00000000 0.85882353 0.61960784 0.53725490
v -32.00000000 215.71400000 614.85700000 0.60392157 0.36470588 0.29411765
v -31.00000000 216.14300000 617.00000000 0.36470588 0.12549020 0.05490196
v -53.00000000 212.28600000 604.00000000 0.32549020 0.24313725 0.23137255
v -52.00000000 212.28600000 604.00000000 0.36078431 0.25098039 0.23529412
v -51.42860000 212.42900000 604.42900000 0.37647059 0.25490196 0.24313725
v -51.00000000 212.42900000 604.57100000 0.40000000 0.25490196 0.23137255
v -50.00000000 212.14300000 603.85700000 0.41568627 0.25490196 0.23921569
v -49.71430000 212.00000000 603.71400000 0.43137255 0.27450980 0.24313725
v -49.00000000 212.00000000 603.00000000 0.42745098 0.25882353 0.23137255
v -48.00000000 212.00000000 602.71400000 0.41176471 0.25490196 0.22352941
v -47.00000000 211.71400000 601.71400000 0.42352941 0.26666667 0.23529412
v -46.00000000 211.14300000 600.85700000 0.46666667 0.29803922 0.27058824
v -45.00000000 211.14300000 600.71400000 0.53333333 0.35294118 0.30196078
v -45.00000000 211.00000000 599.71400000 0.56862745 0.36470588 0.31372549
v -44.00000000 211.00000000 599.42900000 0.60000000 0.39607843 0.34117647
v -41.14290000 211.00000000 599.42900000 0.68235294 0.43921569 0.38039216
v -41.00000000 211.00000000 599.42900000 0.70588235 0.44705882 0.39215686
v -40.00000000 211.00000000 599.28600000 0.72156863 0.46274510 0.40000000
v -39.28570000 211.00000000 599.28600000 0.73725490 0.47450980 0.41176471
v -38.00000000 211.00000000 600.14300000 0.77647059 0.50980392 0.43529412
v -37.00000000 211.00000000 601.00000000 0.83137255 0.56470588 0.49019608
v -35.00000000 212.28600000 604.28600000 0.83529412 0.59607843 0.51372549
v -34.00000000 213.28600000 606.28600000 0.84705882 0.60784314 0.53333333
v -33.14290000 214.00000000 608.00000000 0.85490196 0.61568627 0.54117647
v -33.00000000 214.57100000 609.57100000 0.85882353 0.61960784 0.54901961
v -32.00000000 215.00000000 611.42900000 0.89411765 0.65490196 0.58431373
v -31.00000000 216.71400000 615.85700000 0.38039216 0.14117647 0.07058824
v -53.00000000 212.85700000 603.14300000 0.33333333 0.23921569 0.23137255
v -52.00000000 213.00000000 603.57100000 0.35294118 0.24313725 0.23137255
v -51.14290000 213.00000000 603.71400000 0.36862745 0.23529412 0.22745098
v -51.00000000 213.00000000 603.85700000 0.40000000 0.25490196 0.23137255
v -50.00000000 213.00000000 603.71400000 0.40784314 0.24705882 0.23137255
v -49.57140000 212.85700000 603.42900000 0.41960784 0.25882353 0.23529412
v -49.00000000 212.71400000 602.71400000 0.43137255 0.26274510 0.23921569
v -48.00000000 212.14300000 602.14300000 0.41568627 0.25490196 0.23137255
v -47.00000000 212.00000000 600.71400000 0.39607843 0.24313725 0.22352941
v -46.00000000 212.00000000 600.42900000 0.41960784 0.25098039 0.22745098
v -45.00000000 211.71400000 599.85700000 0.47450980 0.28627451 0.23921569
v -45.00000000 211.28600000 599.28600000 0.52156863 0.31764706 0.26666667
v -44.00000000 211.14300000 598.85700000 0.58823529 0.38039216 0.32549020
v -43.00000000 211.14300000 598.85700000 0.62352941 0.40392157 0.35294118
v -43.00000000 211.00000000 598.42900000 0.64313725 0.41568627 0.36078431
v -42.00000000 211.00000000 598.57100000 0.67058824 0.42745098 0.37647059
v -41.00000000 211.14300000 598.71400000 0.68627451 0.43921569 0.38039216
v -40.00000000 211.14300000 598.85700000 0.72941176 0.46666667 0.40392157
v -39.00000000 211.00000000 598.85700000 0.73725490 0.47450980 0.41176471
v -39.00000000 211.14300000 599.14300000 0.75294118 0.48235294 0.41960784
v -38.00000000 211.42900000 599.42900000 0.77254902 0.50196078 0.43921569
v -36.00000000 212.00000000 601.00000000 0.83921569 0.57254902 0.49803922
v -35.00000000 212.85700000 602.85700000 0.83529412 0.58823529 0.51764706
v -34.00000000 213.71400000 605.71400000 0.85882353 0.61960784 0.54509804
v -32.00000000 215.42900000 610.42900000 0.87843137 0.63921569 0.56862745
v -31.00000000 217.85700000 617.00000000 0.40392157 0.16078431 0.10980392
v -53.00000000 213.14300000 602.85700000 0.32549020 0.23137255 0.22352941
v -52.00000000 213.28600000 603.14300000 0.32941176 0.21960784 0.20784314
v -51.00000000 213.57100000 603.57100000 0.38431373 0.23137255 0.21176471
v -50.00000000 213.57100000 603.42900000 0.39607843 0.23529412 0.21960784
v -49.57140000 213.57100000 603.28600000 0.41176471 0.24313725 0.21960784
v -49.00000000 213.00000000 602.57100000 0.42352941 0.25490196 0.23137255
v -48.00000000 213.00000000 602.00000000 0.41960784 0.25098039 0.22745098
v -47.00000000 212.42900000 600.42900000 0.39215686 0.23921569 0.21176471
v -46.00000000 212.42900000 600.42900000 0.38823529 0.21960784 0.19215686
v -45.00000000 212.00000000 599.28600000 0.51764706 0.30588235 0.25882353
v -44.00000000 212.00000000 598.85700000 0.58039216 0.37254902 0.31764706
v -43.00000000 212.00000000 598.28600000 0.64313725 0.40784314 0.36470588
v -37.00000000 212.00000000 599.28600000 0.81960784 0.54117647 0.47058824
v -36.00000000 212.28600000 600.28600000 0.83921569 0.56078431 0.49019608
v -36.00000000 212.85700000 600.85700000 0.84313725 0.57647059 0.50196078
v -33.00000000 214.00000000 605.71400000 0.86274510 0.62352941 0.54901961
v -32.00000000 216.42900000 611.42900000 0.83137255 0.58823529 0.52941176
v -54.14290000 213.14300000 600.57100000 0.12941176 0.09411765 0.09803922
v -52.85710000 213.85700000 602.14300000 0.32549020 0.22352941 0.21960784
v -52.00000000 214.00000000 602.57100000 0.31764706 0.20392157 0.18823529
v -51.00000000 214.00000000 602.71400000 0.36862745 0.21568627 0.18823529
v -50.00000000 214.00000000 602.71400000 0.38431373 0.22352941 0.20000000
v -49.00000000 213.85700000 602.42900000 0.41568627 0.24705882 0.22352941
v -48.00000000 213.57100000 601.57100000 0.41568627 0.24705882 0.21960784
v -47.00000000 213.00000000 600.28600000 0.41568627 0.25882353 0.22745098
v -46.00000000 213.00000000 599.85700000 0.40000000 0.22745098 0.19215686
v -45.00000000 213.00000000 599.28600000 0.50196078 0.30588235 0.26274510
v -45.00000000 212.71400000 598.85700000 0.55686275 0.34509804 0.29803922
v -44.00000000 212.28600000 598.28600000 0.60784314 0.38431373 0.34117647
v -42.00000000 212.00000000 597.42900000 0.66274510 0.41176471 0.37254902
v -41.00000000 212.00000000 597.57100000 0.67450980 0.41568627 0.36862745
v -40.00000000 212.00000000 597.57100000 0.71372549 0.43921569 0.39215686
v -39.00000000 212.00000000 597.42900000 0.72549020 0.44313725 0.39607843
v -38.00000000 212.00000000 598.00000000 0.76078431 0.47843137 0.41960784
v -37.28570000 212.28600000 598.28600000 0.78431373 0.50588235 0.43529412
v -37.00000000 212.85700000 598.85700000 0.81176471 0.53333333 0.46274510
v -35.00000000 213.00000000 600.85700000 0.85098039 0.59607843 0.52549020
v -33.00000000 214.71400000 604.71400000 0.85882353 0.61176471 0.54117647
v -52.71430000 214.14300000 601.85700000 0.32549020 0.22352941 0.22745098
v -52.00000000 214.28600000 602.14300000 0.31764706 0.20000000 0.19215686
v -51.00000000 214.57100000 602.57100000 0.33333333 0.19607843 0.18823529
v -50.00000000 214.57100000 602.57100000 0.38039216 0.22745098 0.20784314
v -49.00000000 214.28600000 602.14300000 0.40000000 0.23921569 0.21568627
v -48.00000000 214.00000000 601.14300000 0.41568627 0.24705882 0.22352941
v -47.00000000 213.71400000 599.85700000 0.43529412 0.26666667 0.23921569
v -46.00000000 213.71400000 599.85700000 0.39215686 0.20784314 0.17647059
v -45.00000000 213.14300000 598.85700000 0.57254902 0.34901961 0.31372549
v -44.00000000 212.85700000 598.00000000 0.61176471 0.38431373 0.34117647
v -43.00000000 212.71400000 597.85700000 0.62745098 0.39215686 0.35294118
v -43.00000000 212.14300000 597.14300000 0.63137255 0.39607843 0.35294118
v -42.00000000 212.14300000 597.14300000 0.64313725 0.39215686 0.35294118
v -41.00000000 212.14300000 597.00000000 0.67058824 0.39607843 0.35686275
v -40.00000000 212.14300000 597.14300000 0.69019608 0.41568627 0.36862745
v -39.00000000 212.14300000 597.14300000 0.70588235 0.42352941 0.37647059
v -35.00000000 213.85700000 599.85700000 0.85490196 0.59215686 0.52549020
v -34.00000000 214.00000000 601.42900000 0.85098039 0.59607843 0.52549020
v -34.00000000 214.42900000 602.42900000 0.85490196 0.60784314 0.53725490
v -33.00000000 215.42900000 605.42900000 0.85490196 0.61568627 0.54509804
v -30.14290000 218.14300000 613.14300000 0.38431373 0.15686275 0.10980392
v -52.28570000 214.28600000 601.14300000 0.32156863 0.22352941 0.23529412
v -50.00000000 215.00000000 601.71400000 0.36470588 0.20784314 0.20000000
v -49.00000000 215.00000000 601.57100000 0.39215686 0.23137255 0.21568627
v -48.00000000 214.85700000 601.14300000 0.41568627 0.25490196 0.23921569
v -47.00000000 214.14300000 600.00000000 0.42352941 0.26274510 0.24705882
v -47.00000000 214.00000000 599.71400000 0.44313725 0.27450980 0.25098039
v -46.00000000 213.85700000 599.00000000 0.36862745 0.18431373 0.16078431
v -45.00000000 213.57100000 598.71400000 0.48627451 0.27843137 0.24705882
v -44.71430000 213.14300000 597.85700000 0.55686275 0.33333333 0.29803922
v -44.00000000 213.14300000 597.71400000 0.59215686 0.36862745 0.33333333
v -43.00000000 213.00000000 597.00000000 0.60784314 0.37647059 0.34509804
v -42.71430000 213.00000000 596.85700000 0.60000000 0.36470588 0.32549020
v -42.00000000 213.00000000 596.28600000 0.60784314 0.35686275 0.32156863
v -41.00000000 213.00000000 596.42900000 0.62745098 0.36862745 0.32156863
v -40.85710000 212.85700000 596.14300000 0.63137255 0.36470588 0.32156863
v -40.00000000 213.00000000 596.28600000 0.66666667 0.39215686 0.34509804
v -37.00000000 213.00000000 596.71400000 0.75294118 0.48627451 0.41176471
v -36.00000000 213.00000000 597.85700000 0.81176471 0.54509804 0.47058824
v -36.00000000 213.57100000 598.57100000 0.83137255 0.56470588 0.49019608
v -33.00000000 215.00000000 602.57100000 0.84705882 0.60000000 0.52941176
v -33.00000000 215.85700000 604.00000000 0.85098039 0.61176471 0.54117647
v -31.71430000 217.00000000 607.71400000 0.87450980 0.64313725 0.58039216
v -31.00000000 217.71400000 609.71400000 0.74117647 0.50980392 0.45490196
v -30.00000000 218.85700000 612.00000000 0.39607843 0.17647059 0.12549020
v -52.14290000 215.00000000 600.85700000 0.29803922 0.21176471 0.21960784
v -52.00000000 215.00000000 601.00000000 0.29019608 0.18039216 0.17647059
v -51.00000000 215.00000000 601.42900000 0.32549020 0.19215686 0.18823529
v -48.00000000 215.00000000 600.57100000 0.42352941 0.23529412 0.21960784
v -47.00000000 214.85700000 600.00000000 0.45490196 0.26666667 0.25098039
v -46.85710000 214.14300000 599.00000000 0.45098039 0.26274510 0.24705882
v -46.00000000 214.14300000 599.00000000 0.38039216 0.18823529 0.17254902
v -45.00000000 214.00000000 598.00000000 0.45882353 0.26666667 0.23921569
v -44.71430000 214.00000000 597.85700000 0.53333333 0.32549020 0.30196078
v -44.00000000 213.85700000 597.00000000 0.53725490 0.32941176 0.29803922
v -43.00000000 213.85700000 597.00000000 0.56862745 0.34509804 0.31764706
v -42.14290000 213.14300000 596.14300000 0.58039216 0.34901961 0.31764706
v -42.00000000 213.14300000 596.14300000 0.60392157 0.35686275 0.32941176
v -41.00000000 213.14300000 595.71400000 0.62745098 0.37647059 0.33725490
v -40.57140000 213.14300000 595.71400000 0.64705882 0.38039216 0.34509804
v -40.00000000 213.14300000 595.71400000 0.65098039 0.38431373 0.33333333
v -39.00000000 213.00000000 595.42900000 0.65490196 0.37254902 0.31372549
v -38.00000000 213.00000000 595.42900000 0.68627451 0.40392157 0.34509804
v -37.00000000 213.28600000 596.14300000 0.73333333 0.45490196 0.38431373
v -36.00000000 213.85700000 597.14300000 0.76862745 0.49019608 0.41176471
v -35.71430000 214.00000000 597.71400000 0.79215686 0.52549020 0.44313725
v -34.00000000 214.14300000 599.14300000 0.82745098 0.57254902 0.48627451
v -33.00000000 215.71400000 601.71400000 0.85098039 0.60784314 0.52549020
v -32.85710000 216.00000000 603.14300000 0.85098039 0.61176471 0.52941176
v -32.00000000 216.71400000 604.71400000 0.87450980 0.63529412 0.56470588
v -31.00000000 217.00000000 606.42900000 0.86666667 0.64313725 0.57647059
v -30.00000000 218.57100000 610.57100000 0.52156863 0.31372549 0.25882353
v -52.00000000 215.14300000 600.14300000 0.29411765 0.21176471 0.20784314
v -52.00000000 215.42900000 600.42900000 0.28627451 0.18431373 0.18039216
v -51.00000000 215.57100000 600.71400000 0.31764706 0.19607843 0.18431373
v -50.57140000 215.57100000 600.71400000 0.32549020 0.17647059 0.16470588
v -50.00000000 215.71400000 600.71400000 0.33725490 0.17647059 0.16078431
v -49.00000000 215.71400000 600.71400000 0.38823529 0.21960784 0.19607843
v -49.00000000 215.57100000 600.57100000 0.40784314 0.23137255 0.21176471
v -48.00000000 215.28600000 600.28600000 0.42352941 0.23921569 0.21568627
v -47.00000000 215.00000000 599.28600000 0.44313725 0.25882353 0.23529412
v -46.85710000 215.00000000 599.00000000 0.44313725 0.25882353 0.23529412
v -46.00000000 214.85700000 598.00000000 0.38039216 0.18823529 0.16862745
v -45.00000000 214.42900000 597.57100000 0.42745098 0.23529412 0.20784314
v -44.14290000 214.14300000 596.85700000 0.53333333 0.32549020 0.30196078
v -44.00000000 214.14300000 596.71400000 0.54117647 0.33333333 0.30196078
v -43.00000000 214.00000000 596.00000000 0.55294118 0.32941176 0.30196078
v -41.00000000 213.71400000 594.85700000 0.56470588 0.31372549 0.27450980
v -40.14290000 213.57100000 594.71400000 0.56470588 0.29803922 0.25490196
v -40.00000000 213.57100000 594.71400000 0.54117647 0.27450980 0.22352941
v -39.00000000 213.57100000 594.71400000 0.54509804 0.27450980 0.21568627
v -38.42860000 213.42900000 594.42900000 0.58431373 0.30588235 0.23529412
v -38.00000000 213.42900000 594.42900000 0.63529412 0.35686275 0.28627451
v -37.00000000 213.85700000 595.00000000 0.67843137 0.40000000 0.32156863
v -36.00000000 214.00000000 596.14300000 0.75294118 0.47450980 0.38823529
v -35.00000000 214.00000000 596.71400000 0.76862745 0.50196078 0.41176471
v -35.00000000 214.57100000 597.57100000 0.79607843 0.53725490 0.44313725
v -33.00000000 215.57100000 600.57100000 0.85490196 0.61176471 0.52156863
v -32.14290000 216.14300000 602.00000000 0.85490196 0.62745098 0.54117647
v -31.00000000 217.42900000 605.42900000 0.85490196 0.63921569 0.56078431
v -52.00000000 216.00000000 599.71400000 0.30196078 0.21960784 0.21568627
v -51.00000000 216.00000000 600.42900000 0.34117647 0.20784314 0.20000000
v -50.42860000 216.00000000 600.42900000 0.33725490 0.18039216 0.17254902
v -50.00000000 216.00000000 600.42900000 0.36078431 0.18823529 0.17647059
v -49.00000000 216.00000000 600.28600000 0.39607843 0.21960784 0.19607843
v -48.00000000 216.00000000 599.57100000 0.42745098 0.23529412 0.21568627
v -47.00000000 215.85700000 599.14300000 0.44313725 0.25098039 0.23137255
v -46.14290000 215.14300000 598.00000000 0.45490196 0.26274510 0.23529412
v -46.00000000 215.14300000 598.00000000 0.40000000 0.20784314 0.18039216
v -45.00000000 215.00000000 596.85700000 0.38823529 0.19607843 0.16862745
v -44.14290000 215.00000000 596.71400000 0.46274510 0.26666667 0.23921569
v -44.00000000 214.85700000 596.14300000 0.46666667 0.27058824 0.23529412
v -43.00000000 214.71400000 595.71400000 0.47058824 0.25490196 0.22745098
v -42.00000000 214.14300000 595.00000000 0.45490196 0.23137255 0.18823529
v -42.00000000 214.00000000 594.42900000 0.47058824 0.23529412 0.19607843
v -41.00000000 214.00000000 594.00000000 0.46666667 0.22352941 0.17254902
v -40.00000000 214.00000000 594.00000000 0.52156863 0.26274510 0.21568627
v -39.00000000 214.00000000 593.85700000 0.59607843 0.32549020 0.26666667
v -38.14290000 214.00000000 594.00000000 0.65098039 0.37254902 0.30196078
v -38.00000000 214.00000000 594.00000000 0.70588235 0.42745098 0.35686275
v -37.00000000 214.00000000 594.28600000 0.73725490 0.45882353 0.37254902
v -36.00000000 214.42900000 595.42900000 0.79607843 0.52156863 0.42352941
v -35.00000000 214.85700000 595.85700000 0.81176471 0.54901961 0.44705882
v -34.00000000 215.00000000 597.57100000 0.82352941 0.57254902 0.47450980
v -34.00000000 215.71400000 598.71400000 0.83137255 0.58823529 0.49019608
v -32.00000000 216.00000000 600.71400000 0.84705882 0.61960784 0.52549020
v -52.00000000 216.14300000 598.85700000 0.29803922 0.20000000 0.21176471
v -52.00000000 216.28600000 599.28600000 0.31372549 0.19607843 0.19607843
v -51.00000000 216.42900000 599.42900000 0.33725490 0.20000000 0.19215686
v -50.00000000 216.42900000 599.42900000 0.35294118 0.19215686 0.18431373
v -49.00000000 216.42900000 599.42900000 0.40000000 0.21568627 0.19215686
v -48.42860000 216.42900000 599.42900000 0.41176471 0.21960784 0.20000000
v -48.00000000 216.14300000 599.14300000 0.42745098 0.23137255 0.20392157
v -47.00000000 216.00000000 598.28600000 0.44313725 0.24705882 0.21960784
v -46.14290000 216.00000000 598.00000000 0.46666667 0.27058824 0.24313725
v -46.00000000 215.85700000 597.00000000 0.41960784 0.22352941 0.19607843
v -45.00000000 215.57100000 596.57100000 0.34117647 0.14901961 0.12156863
v -44.00000000 215.14300000 595.85700000 0.42745098 0.23137255 0.20392157
v -44.00000000 215.00000000 595.71400000 0.44705882 0.25098039 0.21568627
v -43.00000000 215.00000000 595.00000000 0.45098039 0.23529412 0.20784314
v -41.00000000 214.28600000 593.00000000 0.57647059 0.32549020 0.28627451
v -40.00000000 214.28600000 593.00000000 0.67450980 0.41176471 0.34901961
v -39.00000000 214.28600000 593.14300000 0.67843137 0.39607843 0.34117647
v -38.00000000 214.14300000 593.00000000 0.69019608 0.41176471 0.34117647
v -37.00000000 214.28600000 593.28600000 0.75686275 0.47450980 0.38823529
v -36.85710000 214.85700000 593.85700000 0.78823529 0.50588235 0.41960784
v -34.00000000 215.42900000 596.42900000 0.83529412 0.57647059 0.48235294
v -33.00000000 216.00000000 598.71400000 0.84313725 0.58823529 0.50980392
v -32.00000000 216.85700000 599.85700000 0.84313725 0.60392157 0.52156863
v -31.00000000 218.71400000 604.71400000 0.84705882 0.63921569 0.57647059
v -52.00000000 217.00000000 598.42900000 0.27058824 0.18431373 0.19215686
v -51.00000000 217.00000000 599.28600000 0.32549020 0.18823529 0.18039216
v -50.00000000 217.00000000 599.28600000 0.33725490 0.18039216 0.17254902
v -49.00000000 217.00000000 599.28600000 0.38431373 0.19607843 0.18039216
v -48.14290000 217.00000000 599.14300000 0.40000000 0.20784314 0.19215686
v -48.00000000 217.00000000 598.42900000 0.41960784 0.21960784 0.20392157
v -46.00000000 216.28600000 597.14300000 0.46274510 0.26274510 0.24705882
v -46.00000000 216.00000000 596.57100000 0.42352941 0.22352941 0.20784314
v -45.00000000 216.00000000 595.71400000 0.34901961 0.15294118 0.12549020
v -44.00000000 215.71400000 594.85700000 0.41176471 0.20392157 0.17254902
v -43.00000000 215.28600000 594.14300000 0.43921569 0.21568627 0.18823529
v -42.00000000 214.85700000 593.14300000 0.51372549 0.26666667 0.23921569
v -41.00000000 214.57100000 592.71400000 0.61176471 0.36078431 0.32156863
v -40.00000000 214.42900000 592.42900000 0.68235294 0.40784314 0.36078431
v -39.00000000 214.42900000 592.42900000 0.69803922 0.41568627 0.36078431
v -38.00000000 214.42900000 592.42900000 0.71372549 0.42745098 0.36078431
v -38.00000000 214.71400000 592.71400000 0.73333333 0.44705882 0.38039216
v -37.00000000 214.71400000 592.71400000 0.76470588 0.47058824 0.38823529
v -33.57140000 216.00000000 596.57100000 0.85490196 0.59607843 0.50980392
v -32.00000000 217.14300000 600.14300000 0.85098039 0.61960784 0.54901961
v -31.00000000 218.28600000 603.28600000 0.84313725 0.63529412 0.58039216
v -30.00000000 219.57100000 605.57100000 0.82745098 0.62352941 0.57254902
v -29.71430000 220.00000000 607.71400000 0.50588235 0.31764706 0.27843137
v -53.00000000 216.57100000 596.71400000 0.10588235 0.07058824 0.08235294
v -52.00000000 217.14300000 597.42900000 0.25882353 0.18039216 0.18431373
v -51.00000000 217.42900000 598.42900000 0.30588235 0.18431373 0.17647059
v -50.00000000 217.42900000 598.42900000 0.31764706 0.16862745 0.15686275
v -50.00000000 217.28600000 598.42900000 0.33333333 0.17254902 0.16470588
v -49.00000000 217.28600000 598.42900000 0.36470588 0.19607843 0.17254902
v -48.00000000 217.28600000 598.28600000 0.41568627 0.23137255 0.20784314
v -47.00000000 217.00000000 597.42900000 0.42745098 0.24313725 0.21960784
v -46.00000000 217.00000000 597.14300000 0.44705882 0.26274510 0.23921569
v -46.00000000 216.85700000 596.14300000 0.42352941 0.23137255 0.21176471
v -45.00000000 216.28600000 595.14300000 0.38039216 0.18431373 0.15686275
v -43.85710000 215.85700000 594.14300000 0.41960784 0.20392157 0.17647059
v -43.00000000 215.71400000 593.85700000 0.49411765 0.26274510 0.23921569
v -42.00000000 215.14300000 592.57100000 0.56470588 0.32941176 0.29803922
v -42.00000000 215.00000000 592.42900000 0.60784314 0.35294118 0.32941176
v -41.00000000 215.00000000 592.00000000 0.62352941 0.36078431 0.32549020
v -40.00000000 215.00000000 591.42900000 0.68235294 0.40784314 0.36078431
v -39.00000000 215.00000000 591.42900000 0.69411765 0.40392157 0.35294118
v -38.00000000 215.00000000 591.42900000 0.69411765 0.40784314 0.34117647
v -37.00000000 215.00000000 591.85700000 0.76470588 0.47058824 0.39607843
v -36.00000000 215.00000000 592.71400000 0.79607843 0.50196078 0.42745098
v -35.00000000 215.00000000 593.00000000 0.83529412 0.54117647 0.45882353
v -33.00000000 216.57100000 595.57100000 0.85490196 0.59215686 0.51764706
v -32.00000000 217.00000000 597.85700000 0.83921569 0.59215686 0.52156863
v -31.00000000 218.00000000 600.28600000 0.84313725 0.61960784 0.55294118
v -30.00000000 219.00000000 604.00000000 0.83921569 0.63529412 0.58431373
v -29.00000000 220.00000000 606.00000000 0.63921569 0.45098039 0.41176471
v -53.00000000 217.14300000 596.85700000 0.13333333 0.09411765 0.09019608
v -52.00000000 217.28600000 597.42900000 0.23529412 0.16470588 0.15686275
v -51.42860000 217.42900000 597.57100000 0.28235294 0.18823529 0.18039216
v -49.00000000 217.85700000 598.14300000 0.36470588 0.20392157 0.18039216
v -48.00000000 217.85700000 598.14300000 0.38823529 0.21960784 0.19607843
v -47.00000000 217.85700000 597.28600000 0.42352941 0.24705882 0.22352941
v -46.00000000 217.42900000 596.28600000 0.43529412 0.25882353 0.23529412
v -45.85710000 216.85700000 595.28600000 0.43137255 0.24705882 0.22352941
v -45.00000000 216.71400000 594.85700000 0.37647059 0.18039216 0.14509804
v -44.00000000 216.14300000 593.85700000 0.43921569 0.22352941 0.19607843
v -43.71430000 216.14300000 593.85700000 0.52156863 0.30588235 0.27843137
v -43.00000000 216.00000000 593.14300000 0.54901961 0.31764706 0.29411765
v -42.00000000 216.00000000 592.57100000 0.58431373 0.34901961 0.30980392
v -41.14290000 215.71400000 591.85700000 0.61568627 0.36470588 0.32941176
v -41.00000000 215.71400000 591.71400000 0.62745098 0.36862745 0.32156863
v -40.00000000 215.28600000 591.28600000 0.66666667 0.39607843 0.33725490
v -39.00000000 215.28600000 591.28600000 0.68627451 0.40392157 0.34901961
v -38.00000000 215.28600000 591.28600000 0.70980392 0.42352941 0.35686275
v -38.00000000 215.14300000 591.14300000 0.73333333 0.44705882 0.38039216
v -37.00000000 215.28600000 591.28600000 0.76862745 0.47450980 0.39215686
v -36.00000000 215.85700000 591.85700000 0.78431373 0.49019608 0.40784314
v -34.00000000 216.00000000 594.00000000 0.83529412 0.55686275 0.47843137
v -33.00000000 216.71400000 594.71400000 0.84313725 0.58039216 0.50588235
v -30.14290000 219.00000000 601.14300000 0.85882353 0.65098039 0.59607843
v -30.00000000 219.85700000 603.00000000 0.83529412 0.64313725 0.58823529
v -29.00000000 220.14300000 605.00000000 0.74901961 0.56470588 0.52549020
v -28.00000000 222.00000000 609.57100000 0.17647059 0.02745098 0.00000000
v -52.00000000 218.00000000 596.57100000 0.23921569 0.16078431 0.15686275
v -51.42860000 218.00000000 597.42900000 0.29411765 0.20000000 0.19215686
v -51.00000000 218.00000000 597.42900000 0.31764706 0.20392157 0.18823529
v -50.00000000 218.00000000 597.71400000 0.34509804 0.19215686 0.17254902
v -49.00000000 218.00000000 597.71400000 0.36470588 0.20392157 0.18039216
v -48.00000000 218.00000000 597.00000000 0.40784314 0.23137255 0.20784314
v -47.00000000 218.00000000 596.57100000 0.41960784 0.24313725 0.21960784
v -46.00000000 217.57100000 595.71400000 0.43137255 0.25490196 0.23137255
v -45.85710000 217.42900000 595.28600000 0.44313725 0.25882353 0.23529412
v -45.00000000 217.00000000 594.42900000 0.40392157 0.20784314 0.17254902
v -44.00000000 217.00000000 593.85700000 0.39215686 0.17647059 0.14901961
v -43.28570000 217.00000000 593.28600000 0.52549020 0.31372549 0.27450980
v -43.00000000 216.57100000 592.71400000 0.56862745 0.33725490 0.30588235
v -42.00000000 216.14300000 591.57100000 0.60392157 0.36862745 0.32549020
v -41.14290000 216.14300000 591.57100000 0.63529412 0.38431373 0.34509804
v -41.00000000 216.00000000 590.71400000 0.63137255 0.37254902 0.32549020
v -40.00000000 216.00000000 590.71400000 0.65490196 0.38039216 0.34117647
v -39.28570000 216.00000000 590.28600000 0.67450980 0.40392157 0.34509804
v -39.00000000 216.00000000 590.28600000 0.68627451 0.40392157 0.34901961
v -38.00000000 216.00000000 590.28600000 0.70588235 0.41960784 0.35294118
v -37.00000000 216.00000000 590.28600000 0.75294118 0.47058824 0.38431373
v -36.00000000 216.00000000 591.14300000 0.77647059 0.49411765 0.40784314
v -35.00000000 216.00000000 592.00000000 0.81960784 0.53725490 0.45098039
v -34.14290000 216.14300000 592.14300000 0.82745098 0.54901961 0.46274510
v -32.00000000 217.85700000 595.85700000 0.85098039 0.60392157 0.53725490
v -30.00000000 219.14300000 600.14300000 0.83529412 0.62745098 0.57254902
v -29.00000000 220.85700000 604.00000000 0.81176471 0.63921569 0.58823529
v -29.00000000 221.28600000 606.14300000 0.34509804 0.18039216 0.13333333
v -28.00000000 222.28600000 608.28600000 0.18431373 0.03529412 0.00000000
v -51.14290000 218.57100000 596.71400000 0.27843137 0.20392157 0.18823529
v -50.00000000 219.00000000 597.28600000 0.33725490 0.21960784 0.18823529
v -49.00000000 219.00000000 597.42900000 0.36470588 0.20784314 0.16862745
v -48.00000000 218.57100000 596.71400000 0.39215686 0.21960784 0.18431373
v -48.00000000 218.42900000 596.57100000 0.41960784 0.23529412 0.19607843
v -47.00000000 218.14300000 595.71400000 0.43529412 0.23921569 0.20392157
v -46.00000000 218.14300000 595.28600000 0.44313725 0.24705882 0.21176471
v -45.42860000 218.00000000 594.57100000 0.48235294 0.27450980 0.24313725
v -45.00000000 217.71400000 594.00000000 0.42745098 0.23137255 0.18823529
v -44.00000000 217.28600000 593.28600000 0.38823529 0.18431373 0.14117647
v -43.14290000 217.14300000 592.85700000 0.49803922 0.29411765 0.25098039
v -43.00000000 217.00000000 592.14300000 0.56862745 0.34509804 0.30980392
v -42.00000000 217.00000000 591.57100000 0.60784314 0.38039216 0.33333333
v -41.00000000 216.57100000 590.57100000 0.63137255 0.37254902 0.32549020
v -40.00000000 216.42900000 590.42900000 0.66274510 0.38823529 0.34901961
v -39.28570000 216.28600000 590.28600000 0.65882353 0.38823529 0.32941176
v -39.00000000 216.28600000 590.28600000 0.68235294 0.40000000 0.34509804
v -38.00000000 216.28600000 590.28600000 0.70980392 0.42352941 0.35686275
v -38.00000000 216.14300000 590.14300000 0.71764706 0.43137255 0.36470588
v -37.00000000 216.28600000 590.28600000 0.75686275 0.46274510 0.38823529
v -36.00000000 216.28600000 590.28600000 0.79607843 0.50196078 0.42745098
v -33.00000000 217.00000000 593.00000000 0.83921569 0.57647059 0.50980392
v -52.00000000 219.00000000 595.71400000 0.21568627 0.16078431 0.14901961
v -51.00000000 219.00000000 596.42900000 0.28235294 0.20784314 0.18431373
v -50.00000000 219.14300000 596.71400000 0.34117647 0.22352941 0.19215686
v -49.42860000 219.14300000 596.57100000 0.36470588 0.21960784 0.18823529
v -49.00000000 219.14300000 596.57100000 0.37254902 0.21568627 0.17647059
v -48.00000000 219.14300000 596.57100000 0.39215686 0.21960784 0.18431373
v -47.57140000 219.00000000 595.71400000 0.41568627 0.23137255 0.19215686
v -47.00000000 219.00000000 595.57100000 0.43137255 0.23529412 0.20000000
v -46.00000000 218.57100000 594.71400000 0.44705882 0.25098039 0.21568627
v -45.28570000 218.28600000 594.28600000 0.48235294 0.27450980 0.24313725
v -45.00000000 218.14300000 593.42900000 0.45490196 0.25098039 0.20784314
v -44.00000000 218.00000000 593.14300000 0.40392157 0.19215686 0.15294118
v -43.00000000 218.00000000 592.28600000 0.49019608 0.27843137 0.23137255
v -43.00000000 217.71400000 592.00000000 0.56078431 0.33333333 0.29019608
v -42.00000000 217.28600000 591.00000000 0.59215686 0.35686275 0.31372549
v -41.00000000 217.28600000 591.00000000 0.61960784 0.36862745 0.32941176
v -41.00000000 216.85700000 590.28600000 0.62745098 0.36862745 0.32156863
v -40.00000000 216.85700000 590.28600000 0.64705882 0.37254902 0.33333333
v -39.14290000 216.57100000 589.71400000 0.65098039 0.38039216 0.32156863
v -39.00000000 216.57100000 589.71400000 0.67058824 0.38039216 0.32941176
v -38.00000000 216.57100000 589.71400000 0.69803922 0.41176471 0.34509804
v -37.57140000 216.57100000 589.71400000 0.73333333 0.43529412 0.37254902
v -37.00000000 216.42900000 589.42900000 0.76470588 0.47058824 0.39607843
v -35.00000000 217.00000000 590.85700000 0.82352941 0.53725490 0.46274510
v -34.00000000 217.00000000 590.85700000 0.83137255 0.55294118 0.47450980
v -32.00000000 218.00000000 594.00000000 0.86274510 0.61568627 0.54509804
v -31.85710000 219.00000000 595.85700000 0.87843137 0.63137255 0.56078431
v -29.00000000 221.00000000 601.57100000 0.85882353 0.66666667 0.61176471
v -52.00000000 219.42900000 595.42900000 0.20784314 0.15294118 0.14117647
v -51.00000000 219.71400000 595.85700000 0.28235294 0.20784314 0.18431373
v -51.00000000 219.85700000 596.28600000 0.32941176 0.22352941 0.19607843
v -50.00000000 219.85700000 596.14300000 0.34509804 0.22745098 0.19607843
v -49.42860000 219.85700000 596.42900000 0.36470588 0.21960784 0.18823529
v -49.00000000 219.85700000 596.28600000 0.37254902 0.21568627 0.17647059
v -48.00000000 219.71400000 595.85700000 0.39215686 0.21960784 0.18431373
v -47.57140000 219.57100000 595.71400000 0.41176471 0.22745098 0.18823529
v -47.00000000 219.14300000 594.85700000 0.43137255 0.23529412 0.20000000
v -46.00000000 219.14300000 594.71400000 0.45098039 0.25490196 0.21960784
v -45.14290000 218.85700000 593.71400000 0.48627451 0.27843137 0.24705882
v -45.00000000 218.71400000 593.14300000 0.46274510 0.25882353 0.21568627
v -44.00000000 218.42900000 592.57100000 0.41176471 0.20000000 0.16078431
v -43.00000000 218.28600000 592.28600000 0.45098039 0.23921569 0.19215686
v -43.00000000 218.14300000 591.57100000 0.50588235 0.27843137 0.23529412
v -42.00000000 217.71400000 591.00000000 0.51764706 0.28235294 0.23921569
v -41.00000000 217.42900000 590.28600000 0.64313725 0.38431373 0.32941176
v -40.00000000 217.28600000 590.14300000 0.66666667 0.39215686 0.34509804
v -39.14290000 217.14300000 589.71400000 0.64705882 0.36470588 0.30980392
v -39.00000000 217.14300000 589.71400000 0.65490196 0.36470588 0.31372549
v -38.00000000 217.14300000 589.71400000 0.69803922 0.40000000 0.33725490
v -37.57140000 217.14300000 589.71400000 0.73333333 0.43529412 0.37254902
v -37.00000000 217.00000000 589.42900000 0.75686275 0.46274510 0.38823529
v -36.00000000 217.00000000 589.42900000 0.77254902 0.47843137 0.40392157
v -36.00000000 217.14300000 590.14300000 0.78823529 0.49411765 0.41960784
v -35.00000000 217.14300000 590.14300000 0.81568627 0.52156863 0.44705882
v -34.00000000 217.85700000 590.85700000 0.81568627 0.53725490 0.46666667
v -31.00000000 219.00000000 594.85700000 0.87450980 0.62745098 0.55686275
v -30.00000000 220.00000000 597.00000000 0.85490196 0.63137255 0.56470588
v -29.00000000 221.57100000 600.57100000 0.86274510 0.67058824 0.61176471
v -51.00000000 220.00000000 595.57100000 0.27843137 0.20392157 0.18039216
v -50.00000000 220.14300000 595.71400000 0.34509804 0.22745098 0.19607843
v -49.14290000 220.14300000 595.71400000 0.36470588 0.21960784 0.18823529
v -49.00000000 220.14300000 595.71400000 0.36862745 0.21176471 0.17254902
v -48.00000000 220.14300000 595.71400000 0.38431373 0.21176471 0.17647059
v -47.28570000 220.00000000 595.00000000 0.40784314 0.22352941 0.19215686
v -47.00000000 220.00000000 595.00000000 0.42745098 0.23529412 0.20784314
v -46.00000000 219.71400000 594.00000000 0.45098039 0.25490196 0.21960784
v -45.14290000 219.42900000 593.42900000 0.48627451 0.27843137 0.24705882
v -45.00000000 219.00000000 592.42900000 0.48235294 0.27843137 0.22745098
v -44.00000000 219.00000000 592.42900000 0.44313725 0.23137255 0.18431373
v -43.00000000 218.42900000 591.42900000 0.47843137 0.25098039 0.20784314
v -42.00000000 218.14300000 590.57100000 0.47450980 0.23921569 0.19607843
v -41.00000000 218.14300000 590.57100000 0.56862745 0.31764706 0.27843137
v -41.00000000 218.00000000 589.71400000 0.63137255 0.37254902 0.31764706
v -40.00000000 218.00000000 589.71400000 0.65490196 0.38039216 0.33333333
v -39.00000000 217.85700000 589.14300000 0.65882353 0.38823529 0.32941176
v -39.00000000 218.00000000 589.28600000 0.67058824 0.38823529 0.33333333
v -38.00000000 217.85700000 589.14300000 0.69411765 0.40784314 0.34117647
v -37.28570000 218.00000000 589.28600000 0.70588235 0.41960784 0.35294118
v -37.00000000 217.85700000 589.14300000 0.72156863 0.42745098 0.35294118
v -36.00000000 218.00000000 589.28600000 0.72941176 0.43529412 0.36078431
v -35.00000000 218.00000000 589.85700000 0.76862745 0.47450980 0.40000000
v -34.00000000 218.00000000 589.85700000 0.79607843 0.51764706 0.43921569
v -33.00000000 218.00000000 591.00000000 0.84705882 0.58039216 0.49803922
v -31.00000000 219.85700000 593.85700000 0.87450980 0.61960784 0.54117647
v -30.00000000 220.85700000 596.85700000 0.87058824 0.63921569 0.56862745
v -29.00000000 221.85700000 599.85700000 0.84313725 0.65098039 0.59215686
v -29.00000000 222.57100000 601.57100000 0.83137255 0.66274510 0.60000000
v -52.00000000 220.00000000 593.71400000 0.08627451 0.06666667 0.05490196
v -52.00000000 220.28600000 594.28600000 0.17254902 0.12941176 0.11372549
v -51.00000000 220.71400000 594.71400000 0.27058824 0.20000000 0.18431373
v -50.00000000 220.85700000 595.42900000 0.34117647 0.22745098 0.20392157
v -49.14290000 220.85700000 595.42900000 0.36078431 0.22352941 0.20000000
v -49.00000000 220.85700000 595.28600000 0.36078431 0.21176471 0.17647059
v -48.00000000 220.85700000 595.28600000 0.37254902 0.20392157 0.17647059
v -47.14290000 220.71400000 594.85700000 0.39607843 0.22352941 0.18823529
v -47.00000000 220.57100000 594.71400000 0.41960784 0.23529412 0.20392157
v -46.00000000 220.28600000 594.00000000 0.44705882 0.25490196 0.22745098
v -45.00000000 219.71400000 593.14300000 0.48235294 0.28627451 0.25098039
v -45.00000000 219.42900000 592.42900000 0.49019608 0.29411765 0.25098039
v -44.00000000 219.28600000 592.00000000 0.46666667 0.25490196 0.20784314
v -43.00000000 219.14300000 591.57100000 0.44705882 0.23529412 0.18823529
v -43.00000000 219.00000000 591.14300000 0.52156863 0.29411765 0.25098039
v -42.00000000 219.00000000 590.57100000 0.52941176 0.29411765 0.25098039
v -41.00000000 218.85700000 590.28600000 0.57647059 0.32549020 0.28627451
v -41.00000000 218.42900000 589.71400000 0.60392157 0.34509804 0.29019608
v -40.00000000 218.42900000 589.57100000 0.63137255 0.35686275 0.30980392
v -39.00000000 218.28600000 589.14300000 0.66666667 0.38431373 0.32941176
v -38.00000000 218.28600000 589.14300000 0.67843137 0.39215686 0.32549020
v -37.28570000 218.28600000 589.00000000 0.67450980 0.38823529 0.32156863
v -37.00000000 218.28600000 589.14300000 0.69803922 0.41176471 0.33725490
v -36.00000000 218.28600000 589.14300000 0.72549020 0.43921569 0.36470588
v -35.00000000 218.28600000 589.28600000 0.77647059 0.49019608 0.41568627
v -34.00000000 218.85700000 589.85700000 0.80392157 0.52549020 0.44705882
v -33.00000000 219.00000000 590.71400000 0.87058824 0.59215686 0.51372549
v -32.00000000 219.00000000 592.00000000 0.87450980 0.61176471 0.53725490
v -31.00000000 220.14300000 594.14300000 0.87450980 0.62745098 0.55686275
v -30.00000000 221.00000000 595.85700000 0.87058824 0.63921569 0.56862745
v -29.00000000 222.00000000 598.85700000 0.85098039 0.64705882 0.59215686
v -28.71430000 222.71400000 600.71400000 0.85490196 0.67450980 0.61568627
v -27.00000000 224.00000000 605.00000000 0.15686275 0.00784314 0.00000000
v -52.00000000 220.42900000 593.42900000 0.15686275 0.11372549 0.10588235
v -50.00000000 221.42900000 595.28600000 0.33725490 0.23137255 0.20392157
v -49.14290000 221.42900000 595.42900000 0.35686275 0.22745098 0.20000000
v -49.00000000 221.28600000 595.14300000 0.36470588 0.21568627 0.18039216
v -48.00000000 221.28600000 595.14300000 0.37647059 0.20784314 0.18039216
v -47.14290000 221.14300000 594.71400000 0.39607843 0.22352941 0.18823529
v -47.00000000 221.14300000 594.71400000 0.41960784 0.23529412 0.20392157
v -46.00000000 220.57100000 593.71400000 0.44705882 0.25490196 0.22745098
v -45.00000000 220.28600000 592.85700000 0.48627451 0.29019608 0.25490196
v -45.00000000 220.00000000 591.85700000 0.49019608 0.29411765 0.25098039
v -44.00000000 220.00000000 591.85700000 0.45882353 0.24705882 0.20000000
v -43.00000000 219.85700000 591.14300000 0.41568627 0.20392157 0.15686275
v -42.00000000 219.28600000 590.14300000 0.59607843 0.36078431 0.31764706
v -41.00000000 219.28600000 590.00000000 0.60392157 0.35294118 0.31372549
v -41.00000000 219.00000000 589.28600000 0.61176471 0.35294118 0.29803922
v -40.00000000 219.00000000 588.71400000 0.64705882 0.37254902 0.32549020
v -39.00000000 219.00000000 588.71400000 0.65882353 0.38823529 0.32941176
v -38.00000000 219.00000000 588.71400000 0.69019608 0.40392157 0.33725490
v -37.00000000 219.00000000 588.42900000 0.69803922 0.41176471 0.33725490
v -36.00000000 219.00000000 588.42900000 0.74509804 0.46274510 0.37647059
v -35.00000000 219.00000000 589.00000000 0.77647059 0.49411765 0.40784314
v -34.00000000 219.00000000 589.14300000 0.80392157 0.51764706 0.44313725
v -34.00000000 219.14300000 589.85700000 0.82745098 0.54117647 0.46666667
v -33.00000000 219.14300000 590.14300000 0.85098039 0.57254902 0.49411765
v -32.00000000 220.00000000 591.28600000 0.86666667 0.60000000 0.52549020
v -31.00000000 220.00000000 592.28600000 0.87450980 0.61176471 0.53725490
v -31.00000000 220.28600000 593.28600000 0.86666667 0.61960784 0.54901961
v -29.00000000 222.14300000 598.14300000 0.85490196 0.65098039 0.59607843
v -28.00000000 223.00000000 600.00000000 0.85490196 0.66666667 0.61176471
v -27.00000000 225.42900000 606.42900000 0.17647059 0.04313725 0.00784314
v -52.00000000 221.00000000 593.42900000 0.14901961 0.10588235 0.09803922
v -51.00000000 221.00000000 593.85700000 0.25098039 0.19215686 0.17254902
v -51.00000000 221.57100000 594.57100000 0.30588235 0.21568627 0.19215686
v -50.00000000 221.71400000 594.71400000 0.34509804 0.23921569 0.20392157
v -49.00000000 221.71400000 594.85700000 0.36078431 0.23137255 0.19607843
v -48.00000000 221.71400000 594.85700000 0.38039216 0.21176471 0.17647059
v -47.14290000 221.57100000 594.71400000 0.40000000 0.22745098 0.18431373
v -47.00000000 221.28600000 594.28600000 0.41960784 0.23529412 0.19607843
v -46.00000000 221.14300000 593.71400000 0.44705882 0.25882353 0.21960784
v -45.00000000 221.00000000 593.00000000 0.48627451 0.29019608 0.25490196
v -45.00000000 220.57100000 592.00000000 0.49803922 0.30196078 0.25882353
v -44.00000000 220.57100000 591.85700000 0.47843137 0.26666667 0.22745098
v -43.00000000 220.28600000 591.14300000 0.40784314 0.19607843 0.14901961
v -43.00000000 220.14300000 590.28600000 0.51764706 0.29019608 0.24705882
v -42.00000000 220.00000000 590.00000000 0.60392157 0.36862745 0.32549020
v -41.00000000 220.00000000 589.42900000 0.61568627 0.36470588 0.32549020
v -41.00000000 219.85700000 589.28600000 0.62745098 0.36862745 0.31372549
v -40.00000000 219.57100000 588.71400000 0.66274510 0.38823529 0.34117647
v -39.00000000 219.57100000 588.71400000 0.65882353 0.38823529 0.32549020
v -38.00000000 219.57100000 588.57100000 0.69019608 0.40392157 0.33725490
v -37.00000000 219.42900000 588.42900000 0.72549020 0.43137255 0.35686275
v -36.00000000 219.42900000 588.42900000 0.74901961 0.45490196 0.38039216
v -35.00000000 219.42900000 588.42900000 0.78039216 0.48627451 0.40392157
v -34.00000000 219.85700000 589.00000000 0.80784314 0.52549020 0.43921569
v -33.00000000 220.00000000 589.85700000 0.85098039 0.56470588 0.49019608
v -32.14290000 220.00000000 590.14300000 0.86666667 0.58039216 0.50588235
v -32.00000000 220.14300000 591.14300000 0.86274510 0.59607843 0.51372549
v -30.00000000 221.14300000 594.14300000 0.85490196 0.61568627 0.54117647
v -28.00000000 223.14300000 599.00000000 0.84313725 0.65882353 0.59607843
v -50.85710000 222.00000000 593.85700000 0.30980392 0.21960784 0.18823529
v -50.00000000 222.00000000 594.57100000 0.35294118 0.24705882 0.21176471
v -49.00000000 222.00000000 594.71400000 0.36470588 0.23137255 0.19607843
v -49.00000000 222.14300000 594.85700000 0.36470588 0.21568627 0.17254902
v -48.00000000 222.14300000 594.85700000 0.38823529 0.21568627 0.18039216
v -47.00000000 222.00000000 594.28600000 0.42352941 0.23921569 0.20000000
v -46.00000000 222.00000000 593.42900000 0.44705882 0.25882353 0.21176471
v -45.00000000 221.57100000 593.00000000 0.47843137 0.28235294 0.23921569
v -45.00000000 221.42900000 592.00000000 0.49411765 0.29803922 0.25490196
v -44.00000000 221.00000000 591.14300000 0.51372549 0.30196078 0.26274510
v -43.00000000 221.00000000 591.00000000 0.43137255 0.21960784 0.17254902
v -43.00000000 220.71400000 590.00000000 0.50196078 0.27450980 0.23137255
v -42.00000000 220.57100000 589.71400000 0.59215686 0.35686275 0.31372549
v -41.00000000 220.42900000 589.14300000 0.61960784 0.36862745 0.32941176
v -40.00000000 219.85700000 588.28600000 0.65490196 0.38039216 0.33333333
v -39.00000000 219.85700000 588.28600000 0.66666667 0.38431373 0.32549020
v -39.00000000 220.00000000 588.42900000 0.67843137 0.39215686 0.33333333
v -38.00000000 220.00000000 588.42900000 0.69411765 0.39607843 0.33333333
v -37.00000000 219.57100000 587.71400000 0.70196078 0.40392157 0.34117647
v -36.00000000 220.00000000 588.14300000 0.74509804 0.45098039 0.36862745
v -35.00000000 220.00000000 588.42900000 0.77254902 0.47843137 0.39607843
v -34.00000000 220.00000000 588.42900000 0.78431373 0.50196078 0.41568627
v -34.00000000 220.14300000 589.14300000 0.80784314 0.52549020 0.43921569
v -33.00000000 220.14300000 589.14300000 0.84313725 0.56078431 0.47450980
v -32.14290000 221.00000000 590.14300000 0.86666667 0.58431373 0.49803922
v -31.00000000 221.00000000 591.14300000 0.86666667 0.60784314 0.52156863
v -31.00000000 221.28600000 592.28600000 0.87058824 0.61568627 0.52941176
v -30.00000000 222.00000000 593.28600000 0.85490196 0.61568627 0.54117647
v -29.85710000 222.00000000 594.85700000 0.85098039 0.62745098 0.55294118
v -28.00000000 223.85700000 598.00000000 0.83137255 0.64705882 0.58431373
v -27.00000000 225.85700000 604.00000000 0.16470588 0.01960784 0.00000000
v -51.00000000 222.00000000 592.85700000 0.21960784 0.16470588 0.15294118
v -50.71430000 222.71400000 593.71400000 0.30196078 0.21960784 0.20000000
v -50.00000000 222.71400000 593.71400000 0.33333333 0.22745098 0.20000000
v -49.00000000 222.85700000 594.00000000 0.35686275 0.22745098 0.20000000
v -48.00000000 222.71400000 593.85700000 0.38823529 0.21960784 0.18431373
v -47.00000000 222.71400000 593.85700000 0.41568627 0.22745098 0.18823529
v -47.00000000 222.57100000 593.57100000 0.43921569 0.23529412 0.19215686
v -46.00000000 222.42900000 593.42900000 0.46274510 0.25490196 0.20000000
v -45.00000000 222.00000000 592.00000000 0.50980392 0.29019608 0.23921569
v -44.00000000 221.57100000 591.00000000 0.52941176 0.30980392 0.25882353
v -43.00000000 221.42900000 590.14300000 0.46666667 0.23921569 0.18431373
v -42.00000000 221.00000000 589.57100000 0.56470588 0.33333333 0.27058824
v -41.00000000 220.85700000 589.28600000 0.61176471 0.36862745 0.30980392
v -41.00000000 220.71400000 588.85700000 0.60784314 0.36862745 0.29803922
v -40.00000000 220.42900000 588.28600000 0.64705882 0.38823529 0.32549020
v -39.00000000 220.42900000 588.28600000 0.65490196 0.40000000 0.32941176
v -38.00000000 220.42900000 588.42900000 0.66274510 0.39607843 0.32156863
v -37.00000000 220.14300000 587.71400000 0.69803922 0.41176471 0.34509804
v -36.00000000 220.14300000 588.00000000 0.74901961 0.45490196 0.38039216
v -35.00000000 220.28600000 588.28600000 0.76078431 0.46666667 0.39215686
v -34.00000000 220.42900000 588.42900000 0.78823529 0.49411765 0.41176471
v -34.00000000 220.85700000 588.85700000 0.81176471 0.51764706 0.44313725
v -32.00000000 221.00000000 589.14300000 0.83529412 0.56862745 0.49411765
v -30.00000000 222.14300000 593.14300000 0.86274510 0.60784314 0.53725490
v -29.14290000 223.00000000 594.14300000 0.85490196 0.60784314 0.54117647
v -28.00000000 224.85700000 599.00000000 0.85490196 0.65490196 0.58039216
v -27.00000000 225.00000000 601.00000000 0.61176471 0.42352941 0.34509804
v -50.00000000 223.00000000 592.71400000 0.29803922 0.21568627 0.19607843
v -49.00000000 223.00000000 593.71400000 0.35294118 0.22352941 0.19607843
v -49.00000000 223.14300000 594.00000000 0.37647059 0.22352941 0.19607843
v -48.00000000 223.00000000 593.71400000 0.39215686 0.22352941 0.19607843
v -47.00000000 223.00000000 593.57100000 0.41176471 0.22352941 0.18431373
v -46.00000000 223.00000000 592.85700000 0.45882353 0.24705882 0.20000000
v -45.00000000 222.71400000 592.14300000 0.49019608 0.26666667 0.22352941
v -45.00000000 222.57100000 591.57100000 0.51372549 0.28627451 0.23921569
v -44.00000000 222.00000000 590.57100000 0.54509804 0.31764706 0.27058824
v -43.00000000 222.00000000 590.57100000 0.50980392 0.28235294 0.23529412
v -43.00000000 221.57100000 589.71400000 0.49803922 0.26274510 0.21960784
v -42.00000000 221.42900000 589.57100000 0.55686275 0.32549020 0.27058824
v -41.00000000 221.14300000 589.00000000 0.61960784 0.37254902 0.31372549
v -40.00000000 221.00000000 588.14300000 0.64705882 0.38039216 0.32941176
v -39.00000000 221.00000000 587.85700000 0.66274510 0.38039216 0.32156863
v -38.00000000 221.00000000 587.85700000 0.67058824 0.39215686 0.32156863
v -37.00000000 221.00000000 587.57100000 0.70588235 0.41176471 0.33725490
v -36.00000000 221.00000000 587.85700000 0.72156863 0.42745098 0.35294118
v -35.85710000 221.00000000 587.85700000 0.73725490 0.43529412 0.36470588
v -35.00000000 221.00000000 588.14300000 0.75294118 0.45098039 0.38039216
v -34.00000000 221.00000000 588.14300000 0.77254902 0.47058824 0.39215686
v -33.00000000 221.00000000 588.85700000 0.80392157 0.51764706 0.45098039
v -32.00000000 221.14300000 589.14300000 0.81960784 0.53725490 0.47843137
v -31.00000000 222.00000000 591.00000000 0.83921569 0.58431373 0.50588235
v -29.00000000 223.00000000 593.42900000 0.85882353 0.61176471 0.55294118
v -28.00000000 224.00000000 596.28600000 0.85490196 0.63137255 0.56470588
v -27.00000000 226.14300000 602.14300000 0.31372549 0.14901961 0.09411765
v -51.00000000 223.00000000 591.57100000 0.19607843 0.14117647 0.13725490
v -50.00000000 223.71400000 592.71400000 0.30588235 0.20784314 0.18823529
v -48.00000000 224.00000000 593.42900000 0.39607843 0.22745098 0.20000000
v -47.00000000 223.57100000 592.57100000 0.41960784 0.22352941 0.18823529
v -46.00000000 223.42900000 592.42900000 0.45098039 0.24705882 0.19607843
v -45.00000000 223.28600000 592.00000000 0.48627451 0.26274510 0.21960784
v -45.00000000 223.00000000 591.57100000 0.49411765 0.27450980 0.22352941
v -44.00000000 222.57100000 590.71400000 0.53725490 0.30980392 0.26274510
v -43.00000000 222.57100000 590.57100000 0.52941176 0.29411765 0.25098039
v -43.00000000 222.14300000 589.71400000 0.51764706 0.27450980 0.23137255
v -42.00000000 222.14300000 589.42900000 0.54509804 0.30196078 0.25098039
v -41.00000000 222.00000000 588.71400000 0.60000000 0.34117647 0.29411765
v -40.00000000 221.85700000 588.14300000 0.63921569 0.36470588 0.31764706
v -39.00000000 221.85700000 588.14300000 0.65490196 0.38431373 0.32549020
v -39.00000000 221.57100000 587.71400000 0.67450980 0.38431373 0.33333333
v -38.00000000 221.57100000 587.57100000 0.66666667 0.38039216 0.32156863
v -37.00000000 221.42900000 587.42900000 0.67058824 0.37254902 0.31764706
v -37.00000000 221.57100000 587.57100000 0.69411765 0.39215686 0.32941176
v -36.00000000 221.57100000 587.57100000 0.70980392 0.40784314 0.34509804
v -35.00000000 221.57100000 587.57100000 0.72549020 0.41568627 0.34901961
v -34.00000000 221.85700000 587.85700000 0.75294118 0.44313725 0.37647059
v -32.00000000 222.00000000 588.71400000 0.81176471 0.52549020 0.46666667
v -31.00000000 222.14300000 590.14300000 0.83529412 0.57254902 0.49803922
v -30.00000000 223.00000000 592.00000000 0.85882353 0.59607843 0.53333333
v -28.00000000 224.42900000 595.42900000 0.84705882 0.62352941 0.55686275
v -26.00000000 227.57100000 603.57100000 0.17647059 0.06274510 0.03137255
v -51.00000000 223.57100000 591.57100000 0.17254902 0.12941176 0.12156863
v -50.00000000 223.57100000 591.57100000 0.27843137 0.20392157 0.18823529
v -49.00000000 224.00000000 592.57100000 0.34509804 0.22352941 0.20392157
v -49.00000000 224.28600000 593.28600000 0.37647059 0.23137255 0.20784314
v -48.00000000 224.28600000 593.28600000 0.38431373 0.22745098 0.19607843
v -47.00000000 224.00000000 592.42900000 0.41568627 0.21960784 0.18431373
v -46.00000000 224.00000000 592.42900000 0.43529412 0.24313725 0.18823529
v -45.00000000 223.57100000 591.57100000 0.50980392 0.28235294 0.23529412
v -44.00000000 223.14300000 590.71400000 0.54117647 0.30588235 0.26274510
v -43.00000000 223.00000000 589.71400000 0.54901961 0.30588235 0.26274510
v -42.00000000 223.00000000 589.42900000 0.55686275 0.30588235 0.25882353
v -41.00000000 222.57100000 588.71400000 0.62745098 0.36862745 0.31372549
v -40.00000000 222.28600000 588.14300000 0.62352941 0.34901961 0.30196078
v -39.00000000 222.28600000 588.14300000 0.62745098 0.35686275 0.29803922
v -39.00000000 222.14300000 587.71400000 0.64313725 0.35294118 0.30196078
v -38.00000000 222.00000000 587.57100000 0.63921569 0.35294118 0.28627451
v -37.00000000 222.00000000 587.42900000 0.68627451 0.38431373 0.32156863
v -36.00000000 222.00000000 587.57100000 0.70588235 0.39607843 0.33725490
v -35.00000000 222.00000000 587.57100000 0.70588235 0.39607843 0.32941176
v -34.00000000 222.00000000 587.57100000 0.73725490 0.42745098 0.36078431
v -33.00000000 222.00000000 587.85700000 0.79607843 0.49411765 0.43137255
v -32.00000000 222.71400000 588.71400000 0.80392157 0.50588235 0.45098039
v -32.00000000 222.85700000 588.85700000 0.80784314 0.52549020 0.46666667
v -31.00000000 223.00000000 589.85700000 0.81960784 0.54901961 0.48627451
v -30.00000000 223.14300000 591.14300000 0.85490196 0.58823529 0.53725490
v -29.00000000 224.42900000 593.42900000 0.84705882 0.60392157 0.56078431
v -28.00000000 225.00000000 594.85700000 0.85490196 0.62352941 0.56078431
v -51.00000000 224.00000000 590.57100000 0.16862745 0.12549020 0.11764706
v -50.00000000 224.00000000 591.57100000 0.31764706 0.22352941 0.20784314
v -49.00000000 224.42900000 592.42900000 0.34901961 0.22745098 0.20784314
v -48.42860000 224.42900000 592.42900000 0.36862745 0.23529412 0.20000000
v -48.00000000 224.42900000 592.57100000 0.38039216 0.22352941 0.19215686
v -47.00000000 224.42900000 592.42900000 0.41568627 0.21960784 0.18431373
v -46.00000000 224.42900000 592.42900000 0.43921569 0.24705882 0.19215686
v -45.00000000 224.00000000 591.28600000 0.50196078 0.27450980 0.22745098
v -44.00000000 224.00000000 590.71400000 0.52156863 0.28627451 0.24313725
v -43.00000000 224.00000000 590.42900000 0.54901961 0.30588235 0.25490196
v -43.00000000 223.28600000 589.42900000 0.56470588 0.32156863 0.27058824
v -42.00000000 223.14300000 589.28600000 0.56862745 0.31764706 0.27058824
v -41.00000000 223.14300000 588.71400000 0.59215686 0.33333333 0.28627451
v -41.00000000 223.00000000 588.57100000 0.61176471 0.35294118 0.29019608
v -40.00000000 223.00000000 588.14300000 0.60784314 0.33725490 0.27843137
v -39.00000000 223.00000000 587.57100000 0.58823529 0.30196078 0.24313725
v -38.00000000 222.85700000 587.14300000 0.59215686 0.30588235 0.23921569
v -37.00000000 222.85700000 587.14300000 0.62352941 0.32156863 0.25882353
v -37.00000000 223.00000000 587.42900000 0.65098039 0.34901961 0.27843137
v -36.00000000 223.00000000 587.42900000 0.69019608 0.38039216 0.31372549
v -35.00000000 223.00000000 587.42900000 0.71764706 0.40000000 0.33333333
v -34.00000000 223.00000000 587.57100000 0.73333333 0.41568627 0.34901961
v -33.00000000 223.00000000 587.85700000 0.77647059 0.46666667 0.40784314
v -32.00000000 223.00000000 588.28600000 0.78431373 0.47843137 0.42745098
v -31.00000000 223.57100000 589.57100000 0.80784314 0.52549020 0.46666667
v -30.85710000 223.85700000 589.85700000 0.84313725 0.56078431 0.50196078
v -30.00000000 224.00000000 590.85700000 0.84705882 0.57254902 0.52549020
v -29.00000000 224.00000000 591.71400000 0.85882353 0.59215686 0.54901961
v -28.00000000 225.28600000 594.28600000 0.87058824 0.62745098 0.56862745
v -27.00000000 226.00000000 597.00000000 0.84705882 0.63921569 0.57647059
v -26.14290000 227.14300000 599.14300000 0.68235294 0.50196078 0.45098039
v -51.00000000 224.28600000 590.28600000 0.16470588 0.12549020 0.11764706
v -50.00000000 224.57100000 590.71400000 0.27058824 0.20000000 0.19215686
v -49.00000000 225.00000000 591.71400000 0.34117647 0.22745098 0.20392157
v -48.28570000 225.00000000 592.28600000 0.36470588 0.23137255 0.19607843
v -48.00000000 225.00000000 592.28600000 0.38039216 0.22352941 0.19215686
v -47.00000000 225.00000000 592.42900000 0.42352941 0.22745098 0.19215686
v -46.00000000 225.00000000 592.42900000 0.45098039 0.25490196 0.21176471
v -45.00000000 225.00000000 591.28600000 0.50980392 0.27450980 0.23137255
v -44.00000000 224.42900000 590.42900000 0.53333333 0.29019608 0.24705882
v -43.00000000 224.14300000 589.28600000 0.58039216 0.32941176 0.28235294
v -42.00000000 224.00000000 588.71400000 0.58823529 0.34117647 0.28235294
v -39.00000000 223.57100000 587.57100000 0.62745098 0.34509804 0.28627451
v -38.00000000 223.28600000 587.14300000 0.65882353 0.36078431 0.29803922
v -37.00000000 223.28600000 587.14300000 0.67058824 0.36078431 0.29411765
v -36.00000000 223.42900000 587.42900000 0.67843137 0.36862745 0.30196078
v -35.00000000 223.28600000 587.28600000 0.70196078 0.38431373 0.31764706
v -35.00000000 223.42900000 587.42900000 0.70196078 0.38431373 0.31764706
v -34.00000000 223.42900000 587.42900000 0.73333333 0.40784314 0.35294118
v -34.00000000 223.71400000 587.71400000 0.75294118 0.42745098 0.37254902
v -33.00000000 223.71400000 587.71400000 0.77254902 0.45098039 0.40392157
v -32.00000000 224.00000000 588.57100000 0.78431373 0.49803922 0.43921569
v -31.00000000 224.00000000 589.00000000 0.80784314 0.52549020 0.46666667
v -30.85710000 224.00000000 589.85700000 0.84705882 0.55686275 0.50588235
v -30.00000000 224.14300000 590.14300000 0.85098039 0.56862745 0.52156863
v -29.00000000 225.00000000 591.28600000 0.85882353 0.59215686 0.54901961
v -28.00000000 225.42900000 593.42900000 0.85882353 0.61568627 0.55686275
v -26.00000000 227.42900000 598.42900000 0.74509804 0.55686275 0.50980392
v -50.00000000 225.00000000 590.28600000 0.24705882 0.18823529 0.17647059
v -49.00000000 225.28600000 591.28600000 0.33725490 0.22352941 0.20784314
v -48.00000000 225.57100000 591.57100000 0.36470588 0.22745098 0.20392157
v -47.00000000 225.42900000 591.57100000 0.40392157 0.21960784 0.18823529
v -46.42860000 225.42900000 591.57100000 0.43137255 0.23529412 0.20000000
v -46.00000000 225.42900000 591.57100000 0.45490196 0.25882353 0.21568627
v -45.00000000 225.42900000 591.42900000 0.48235294 0.27058824 0.23137255
v -44.28570000 225.14300000 590.42900000 0.51372549 0.27843137 0.23529412
v -44.00000000 225.00000000 590.28600000 0.53725490 0.29411765 0.25098039
v -43.00000000 225.00000000 589.14300000 0.57647059 0.31372549 0.27843137
v -42.00000000 224.71400000 588.85700000 0.57647059 0.31764706 0.27058824
v -41.00000000 224.57100000 588.57100000 0.59607843 0.32156863 0.28235294
v -41.00000000 224.00000000 588.00000000 0.61568627 0.34117647 0.29411765
v -40.00000000 224.00000000 588.00000000 0.62745098 0.33725490 0.29411765
v -39.00000000 224.00000000 587.28600000 0.64705882 0.34117647 0.29019608
v -38.00000000 223.85700000 587.14300000 0.65882353 0.35686275 0.29411765
v -37.00000000 223.85700000 587.00000000 0.66666667 0.34901961 0.28235294
v -36.00000000 224.00000000 587.14300000 0.67450980 0.35686275 0.29019608
v -35.00000000 223.85700000 587.14300000 0.71372549 0.38823529 0.32549020
v -34.00000000 223.85700000 587.28600000 0.73333333 0.40784314 0.35294118
v -33.85710000 223.85700000 587.57100000 0.75686275 0.42745098 0.38431373
v -33.00000000 223.85700000 587.57100000 0.77254902 0.45098039 0.40392157
v -32.00000000 223.85700000 587.71400000 0.78823529 0.47450980 0.43137255
v -32.00000000 224.42900000 588.28600000 0.80784314 0.50980392 0.45490196
v -31.00000000 224.57100000 588.57100000 0.82745098 0.53725490 0.48627451
v -30.57140000 225.00000000 589.57100000 0.85490196 0.56470588 0.51372549
v -30.00000000 225.00000000 590.00000000 0.85882353 0.57254902 0.53725490
v -29.00000000 225.14300000 591.00000000 0.85882353 0.58431373 0.55294118
v -29.00000000 225.85700000 592.00000000 0.87450980 0.60392157 0.57647059
v -28.00000000 226.00000000 593.14300000 0.85098039 0.60000000 0.55294118
v -28.00000000 226.14300000 594.14300000 0.85490196 0.61176471 0.56862745
v -27.00000000 227.00000000 596.00000000 0.85882353 0.62352941 0.58039216
v -26.00000000 228.00000000 597.57100000 0.79607843 0.60000000 0.56470588
v -26.00000000 228.57100000 599.57100000 0.47058824 0.33333333 0.31764706
v -50.00000000 225.14300000 589.57100000 0.23137255 0.16862745 0.16862745
v -49.85710000 225.85700000 590.14300000 0.29803922 0.21568627 0.20392157
v -49.00000000 226.00000000 590.71400000 0.33333333 0.21960784 0.20392157
v -48.00000000 226.00000000 591.42900000 0.38823529 0.22745098 0.20392157
v -47.00000000 226.14300000 591.57100000 0.40784314 0.22352941 0.19215686
v -46.42860000 226.14300000 591.57100000 0.43137255 0.23529412 0.20784314
v -46.00000000 226.00000000 591.42900000 0.45490196 0.25882353 0.22352941
v -45.00000000 226.00000000 591.28600000 0.49019608 0.26666667 0.23137255
v -44.28570000 226.00000000 590.42900000 0.50980392 0.27450980 0.23529412
v -44.00000000 226.00000000 590.28600000 0.54509804 0.29411765 0.25490196
v -43.00000000 225.57100000 589.57100000 0.56470588 0.30196078 0.26666667
v -42.85710000 225.28600000 589.14300000 0.56862745 0.30588235 0.27058824
v -42.00000000 225.14300000 588.85700000 0.57254902 0.30588235 0.26274510
v -41.00000000 225.00000000 588.00000000 0.61568627 0.34117647 0.29411765
v -39.00000000 224.42900000 587.42900000 0.62352941 0.33333333 0.28235294
v -39.00000000 224.28600000 587.28600000 0.64313725 0.33725490 0.29019608
v -38.00000000 224.28600000 587.14300000 0.64705882 0.34117647 0.29019608
v -37.00000000 224.28600000 587.14300000 0.66274510 0.34117647 0.29411765
v -37.00000000 224.14300000 587.00000000 0.66666667 0.34509804 0.29019608
v -36.00000000 224.14300000 587.00000000 0.67843137 0.35294118 0.29803922
v -35.00000000 224.14300000 587.00000000 0.69803922 0.37254902 0.30980392
v -35.00000000 224.28600000 587.14300000 0.71764706 0.39215686 0.33725490
v -34.00000000 224.28600000 587.14300000 0.73725490 0.41176471 0.35686275
v -33.85710000 224.42900000 587.28600000 0.76078431 0.43137255 0.38823529
v -33.00000000 224.71400000 587.57100000 0.77647059 0.45490196 0.41176471
v -32.00000000 224.71400000 587.57100000 0.79215686 0.47843137 0.43529412
v -32.00000000 224.85700000 588.28600000 0.81176471 0.51372549 0.45882353
v -31.00000000 225.00000000 588.57100000 0.82745098 0.53725490 0.48627451
v -30.42860000 225.42900000 589.28600000 0.85490196 0.56470588 0.52156863
v -29.00000000 226.00000000 590.28600000 0.85882353 0.58039216 0.55686275
v -28.00000000 226.28600000 592.28600000 0.85098039 0.60000000 0.56078431
v -25.00000000 229.57100000 600.57100000 0.31372549 0.22745098 0.23529412
v -50.00000000 225.85700000 589.14300000 0.21568627 0.16078431 0.14901961
v -49.42860000 225.85700000 589.28600000 0.27843137 0.19607843 0.17647059
v -49.00000000 226.28600000 590.14300000 0.34117647 0.21960784 0.20000000
v -48.00000000 226.57100000 590.57100000 0.36862745 0.23137255 0.20784314
v -48.00000000 226.71400000 590.85700000 0.39215686 0.23137255 0.20784314
v -47.00000000 226.57100000 590.71400000 0.40392157 0.21960784 0.18823529
v -46.14290000 226.85700000 591.00000000 0.43921569 0.23137255 0.20784314
v -46.00000000 226.85700000 591.00000000 0.48627451 0.23921569 0.21176471
v -45.00000000 226.85700000 591.00000000 0.51372549 0.25098039 0.22745098
v -44.28570000 226.28600000 590.42900000 0.51764706 0.26666667 0.23137255
v -44.00000000 226.28600000 590.28600000 0.52941176 0.27843137 0.24313725
v -43.00000000 226.00000000 589.42900000 0.54509804 0.28235294 0.24705882
v -42.85710000 225.85700000 589.14300000 0.56078431 0.29411765 0.25882353
v -42.00000000 225.28600000 588.28600000 0.58431373 0.31764706 0.26666667
v -41.00000000 225.28600000 588.28600000 0.59607843 0.31372549 0.26666667
v -40.71430000 225.00000000 587.71400000 0.61176471 0.31372549 0.26274510
v -40.00000000 225.00000000 587.71400000 0.64313725 0.32941176 0.28627451
v -39.00000000 225.00000000 587.00000000 0.66274510 0.34117647 0.29411765
v -38.00000000 225.00000000 586.85700000 0.65882353 0.32941176 0.29019608
v -37.00000000 225.00000000 586.85700000 0.65882353 0.32941176 0.29019608
v -36.00000000 225.00000000 586.85700000 0.67843137 0.34509804 0.31764706
v -35.00000000 225.00000000 586.85700000 0.69019608 0.35686275 0.33725490
v -34.00000000 225.00000000 587.14300000 0.74117647 0.40000000 0.37254902
v -33.85710000 225.00000000 587.14300000 0.76078431 0.42745098 0.40000000
v -33.00000000 225.00000000 587.57100000 0.77647059 0.47058824 0.42352941
v -32.00000000 225.00000000 587.71400000 0.78431373 0.49411765 0.44313725
v -32.00000000 225.42900000 588.14300000 0.80784314 0.51764706 0.47450980
v -31.00000000 225.42900000 588.28600000 0.83921569 0.54901961 0.51372549
v -30.28570000 225.85700000 589.14300000 0.84313725 0.56862745 0.53725490
v -30.00000000 225.85700000 589.14300000 0.83921569 0.56862745 0.54117647
v -29.00000000 226.28600000 590.14300000 0.83529412 0.58823529 0.56078431
v -29.00000000 226.71400000 590.85700000 0.85490196 0.60000000 0.57647059
v -28.00000000 227.00000000 591.85700000 0.87058824 0.60000000 0.58039216
v -27.14290000 227.14300000 593.00000000 0.89019608 0.61176471 0.59607843
v -25.00000000 230.00000000 599.85700000 0.33333333 0.25490196 0.21176471
v -50.00000000 226.00000000 588.42900000 0.18823529 0.14509804 0.12941176
v -49.28570000 226.28600000 589.00000000 0.27058824 0.18823529 0.17647059
v -49.00000000 226.57100000 589.57100000 0.33333333 0.21176471 0.20000000
v -46.14290000 227.14300000 590.71400000 0.44313725 0.23529412 0.21176471
v -44.28570000 227.14300000 590.42900000 0.51372549 0.26274510 0.22745098
v -44.00000000 227.00000000 590.14300000 0.52941176 0.27843137 0.24313725
v -43.00000000 226.42900000 589.42900000 0.54117647 0.27843137 0.24313725
v -43.00000000 226.28600000 589.28600000 0.55294118 0.28627451 0.25098039
v -42.00000000 226.00000000 588.42900000 0.57647059 0.30196078 0.25490196
v -41.00000000 226.00000000 588.00000000 0.60392157 0.30588235 0.25490196
v -40.00000000 226.00000000 587.71400000 0.63529412 0.32156863 0.27843137
v -39.00000000 226.00000000 587.00000000 0.66666667 0.33725490 0.29411765
v -38.00000000 225.85700000 586.85700000 0.66666667 0.33725490 0.29803922
v -37.00000000 225.57100000 586.57100000 0.65882353 0.32941176 0.29019608
v -37.00000000 225.42900000 586.42900000 0.67058824 0.33725490 0.30980392
v -36.00000000 225.42900000 586.42900000 0.67843137 0.34509804 0.31764706
v -35.00000000 225.28600000 586.28600000 0.69803922 0.35294118 0.33725490
v -35.00000000 225.42900000 586.42900000 0.72156863 0.37647059 0.36078431
v -34.00000000 225.85700000 586.85700000 0.73725490 0.39215686 0.37647059
v -33.85710000 225.85700000 587.00000000 0.76078431 0.42745098 0.40784314
v -33.00000000 225.85700000 587.28600000 0.77254902 0.46666667 0.42745098
v -32.00000000 225.85700000 587.42900000 0.78823529 0.48627451 0.44705882
v -32.00000000 226.00000000 588.14300000 0.81960784 0.51764706 0.48627451
v -31.00000000 226.00000000 588.28600000 0.84705882 0.54509804 0.52156863
v -30.14290000 226.14300000 589.00000000 0.84313725 0.55686275 0.52941176
v -30.00000000 226.28600000 589.14300000 0.83921569 0.56078431 0.53725490
v -29.00000000 226.85700000 590.00000000 0.85098039 0.59607843 0.57254902
v -29.00000000 227.00000000 590.42900000 0.85882353 0.60392157 0.58039216
v -28.00000000 227.42900000 591.42900000 0.86666667 0.58823529 0.57254902
v -27.00000000 228.00000000 592.28600000 0.88235294 0.59215686 0.58039216
v -25.00000000 230.28600000 599.14300000 0.37647059 0.28235294 0.24313725
v -50.00000000 226.57100000 587.85700000 0.16078431 0.12156863 0.11372549
v -49.00000000 226.71400000 588.00000000 0.26274510 0.18823529 0.17254902
v -49.00000000 227.00000000 588.85700000 0.32549020 0.21176471 0.19607843
v -48.00000000 227.00000000 589.28600000 0.35686275 0.21960784 0.20392157
v -48.00000000 227.14300000 589.85700000 0.38431373 0.22352941 0.20000000
v -47.00000000 227.14300000 589.85700000 0.39607843 0.21960784 0.19607843
v -46.00000000 227.14300000 590.00000000 0.45882353 0.23529412 0.20784314
v -45.00000000 227.14300000 590.00000000 0.48627451 0.23921569 0.21960784
v -44.14290000 227.14300000 589.71400000 0.50196078 0.25490196 0.21960784
v -44.00000000 227.14300000 589.71400000 0.52941176 0.26666667 0.23529412
v -43.00000000 227.00000000 589.28600000 0.53725490 0.27450980 0.23921569
v -42.00000000 227.00000000 588.42900000 0.57647059 0.29411765 0.24705882
v -41.00000000 227.00000000 588.00000000 0.60000000 0.29411765 0.24705882
v -40.00000000 227.00000000 588.00000000 0.62745098 0.30588235 0.26274510
v -39.00000000 226.14300000 587.14300000 0.63529412 0.31372549 0.26666667
v -38.00000000 226.00000000 586.85700000 0.67058824 0.34117647 0.30196078
v -37.00000000 226.00000000 586.42900000 0.67058824 0.33725490 0.30980392
v -36.00000000 226.00000000 586.42900000 0.68235294 0.34901961 0.32156863
v -35.00000000 226.00000000 586.42900000 0.72549020 0.38039216 0.36470588
v -34.00000000 226.00000000 586.85700000 0.73725490 0.40392157 0.38431373
v -33.85710000 226.00000000 586.85700000 0.76862745 0.44313725 0.42745098
v -33.00000000 226.57100000 587.42900000 0.76862745 0.45882353 0.43137255
v -32.00000000 226.57100000 587.42900000 0.78039216 0.47843137 0.44705882
v -32.00000000 226.85700000 588.14300000 0.81960784 0.50980392 0.49019608
v -31.00000000 226.85700000 588.14300000 0.84313725 0.53333333 0.51372549
v -30.14290000 227.00000000 589.00000000 0.83921569 0.54509804 0.52549020
v -30.00000000 227.00000000 589.00000000 0.84313725 0.55686275 0.53333333
v -29.00000000 227.14300000 590.00000000 0.85098039 0.58823529 0.56470588
v -29.00000000 227.42900000 590.42900000 0.86274510 0.60000000 0.57647059
v -28.00000000 228.00000000 591.42900000 0.86666667 0.58823529 0.56470588
v -27.00000000 228.28600000 592.14300000 0.87843137 0.59215686 0.56862745
v -27.00000000 228.85700000 593.14300000 0.87058824 0.60000000 0.58039216
v -26.00000000 229.00000000 594.57100000 0.88235294 0.63529412 0.60784314
v -25.00000000 230.85700000 598.28600000 0.42352941 0.30980392 0.27843137
v -50.00000000 226.71400000 587.00000000 0.14117647 0.10980392 0.09803922
v -49.00000000 227.42900000 588.42900000 0.32549020 0.20784314 0.20000000
v -47.00000000 228.00000000 589.85700000 0.39215686 0.21568627 0.19607843
v -46.00000000 228.00000000 589.85700000 0.42352941 0.22352941 0.20784314
v -45.00000000 228.00000000 589.85700000 0.47843137 0.23921569 0.22745098
v -44.14290000 228.00000000 589.85700000 0.50196078 0.24705882 0.22352941
v -44.00000000 228.00000000 589.71400000 0.53333333 0.26274510 0.24313725
v -43.00000000 228.00000000 589.42900000 0.54509804 0.27450980 0.24705882
v -42.14290000 228.00000000 589.14300000 0.56470588 0.27843137 0.25490196
v -42.00000000 227.57100000 588.57100000 0.58039216 0.29411765 0.25882353
v -41.00000000 227.28600000 588.28600000 0.59607843 0.29411765 0.26274510
v -41.00000000 227.14300000 588.14300000 0.60392157 0.29803922 0.25098039
v -39.00000000 227.00000000 587.28600000 0.67450980 0.34509804 0.30196078
v -38.00000000 226.85700000 586.85700000 0.67843137 0.34901961 0.30980392
v -37.00000000 226.42900000 586.42900000 0.66666667 0.33725490 0.29803922
v -36.00000000 226.42900000 586.42900000 0.69803922 0.36862745 0.32941176
v -35.00000000 226.42900000 586.42900000 0.71372549 0.38039216 0.35294118
v -35.00000000 227.00000000 586.42900000 0.72941176 0.39607843 0.37647059
v -34.00000000 227.00000000 586.85700000 0.74901961 0.42352941 0.40784314
v -33.85710000 227.00000000 586.85700000 0.78039216 0.45098039 0.44313725
v -33.00000000 227.00000000 587.42900000 0.77254902 0.46274510 0.44705882
v -32.00000000 227.00000000 587.42900000 0.78039216 0.47058824 0.45490196
v -32.00000000 227.28600000 588.14300000 0.82352941 0.50588235 0.49411765
v -31.00000000 227.57100000 588.42900000 0.84705882 0.52941176 0.51764706
v -30.00000000 227.85700000 588.85700000 0.84313725 0.53725490 0.52156863
v -29.00000000 228.00000000 589.71400000 0.83921569 0.56078431 0.53725490
v -28.00000000 228.14300000 591.00000000 0.86666667 0.58823529 0.56470588
v -27.00000000 228.57100000 591.57100000 0.87843137 0.59215686 0.56862745
v -26.00000000 230.00000000 594.28600000 0.87843137 0.61568627 0.58431373
v -25.00000000 231.00000000 597.57100000 0.45882353 0.32549020 0.29019608
v -50.00000000 227.28600000 586.71400000 0.12549020 0.09411765 0.08627451
v -49.00000000 227.28600000 587.28600000 0.23921569 0.16862745 0.16862745
v -49.00000000 227.57100000 587.71400000 0.32156863 0.21176471 0.20784314
v -48.00000000 228.00000000 588.28600000 0.36078431 0.22352941 0.21568627
v -47.00000000 228.28600000 589.28600000 0.39215686 0.21568627 0.19607843
v -46.00000000 228.57100000 589.57100000 0.42352941 0.22352941 0.21176471
v -45.00000000 228.57100000 589.57100000 0.48235294 0.24313725 0.23137255
v -44.00000000 228.42900000 589.28600000 0.54117647 0.27058824 0.25098039
v -43.00000000 228.28600000 589.14300000 0.55686275 0.27843137 0.25490196
v -42.28570000 228.28600000 589.14300000 0.56862745 0.28235294 0.25882353
v -42.00000000 228.00000000 588.28600000 0.58431373 0.29803922 0.26274510
v -41.00000000 227.71400000 587.85700000 0.60392157 0.30196078 0.27058824
v -40.71430000 227.71400000 587.85700000 0.61176471 0.30588235 0.25882353
v -40.00000000 227.42900000 587.42900000 0.62352941 0.30980392 0.26666667
v -39.00000000 227.42900000 587.42900000 0.65098039 0.32941176 0.28627451
v -39.00000000 227.14300000 586.85700000 0.67450980 0.35294118 0.30980392
v -38.00000000 227.14300000 587.00000000 0.67843137 0.35686275 0.31372549
v -37.00000000 227.00000000 586.42900000 0.68627451 0.36078431 0.32941176
v -36.00000000 227.42900000 586.42900000 0.71372549 0.38823529 0.35686275
v -35.00000000 227.42900000 586.42900000 0.72549020 0.41176471 0.37647059
v -35.00000000 227.28600000 586.28600000 0.73725490 0.42352941 0.39607843
v -34.00000000 227.85700000 586.85700000 0.75294118 0.43529412 0.42352941
v -33.85710000 227.85700000 586.85700000 0.77254902 0.45490196 0.45098039
v -33.00000000 227.85700000 587.42900000 0.77254902 0.45882353 0.45490196
v -32.00000000 227.85700000 587.42900000 0.78039216 0.46666667 0.46274510
v -32.00000000 228.00000000 588.14300000 0.82745098 0.50980392 0.50588235
v -31.00000000 228.00000000 588.28600000 0.85882353 0.54117647 0.53725490
v -30.14290000 228.14300000 589.00000000 0.85490196 0.54509804 0.52941176
v -30.00000000 228.14300000 589.00000000 0.85098039 0.54509804 0.52941176
v -29.00000000 228.71400000 589.85700000 0.83529412 0.54901961 0.52549020
v -29.00000000 228.85700000 590.00000000 0.83137255 0.55294118 0.52941176
v -28.00000000 229.00000000 590.71400000 0.86666667 0.58039216 0.55686275
v -27.00000000 229.00000000 591.42900000 0.87450980 0.58823529 0.56470588
v -27.00000000 229.42900000 592.42900000 0.86666667 0.59607843 0.56862745
v -26.00000000 230.14300000 593.71400000 0.87450980 0.61176471 0.58039216
v -25.00000000 231.14300000 597.14300000 0.49803922 0.34509804 0.31764706
v -49.00000000 228.00000000 586.71400000 0.21568627 0.15294118 0.15294118
v -48.00000000 228.28600000 588.28600000 0.34901961 0.21568627 0.21176471
v -47.28570000 228.28600000 588.28600000 0.37254902 0.21568627 0.20784314
v -46.00000000 229.00000000 589.28600000 0.42352941 0.22352941 0.21176471
v -45.00000000 229.00000000 589.57100000 0.48627451 0.24705882 0.24313725
v -44.00000000 228.85700000 589.14300000 0.54901961 0.27450980 0.26666667
v -43.00000000 228.85700000 589.14300000 0.56470588 0.28627451 0.27058824
v -42.00000000 228.28600000 588.28600000 0.59607843 0.30980392 0.28235294
v -41.00000000 228.14300000 587.85700000 0.61568627 0.31372549 0.29019608
v -40.71430000 228.14300000 587.85700000 0.61568627 0.31372549 0.27450980
v -40.00000000 228.00000000 587.57100000 0.62745098 0.32156863 0.28235294
v -39.00000000 228.00000000 587.42900000 0.66274510 0.34901961 0.31372549
v -38.00000000 228.00000000 587.00000000 0.67450980 0.36078431 0.32549020
v -37.00000000 228.00000000 586.71400000 0.68235294 0.37254902 0.34509804
v -36.00000000 228.00000000 586.71400000 0.70980392 0.40000000 0.37254902
v -35.00000000 228.00000000 586.57100000 0.74117647 0.43529412 0.41960784
v -34.00000000 228.28600000 587.28600000 0.76078431 0.45490196 0.43921569
v -33.00000000 228.57100000 587.57100000 0.77254902 0.45882353 0.46274510
v -32.00000000 228.57100000 587.57100000 0.78039216 0.46666667 0.47058824
v -32.00000000 228.85700000 588.28600000 0.81568627 0.49411765 0.50196078
v -31.00000000 229.00000000 588.71400000 0.85882353 0.53725490 0.54509804
v -30.00000000 229.00000000 588.71400000 0.85882353 0.55294118 0.53725490
v -29.00000000 229.00000000 589.57100000 0.83137255 0.54509804 0.52156863
v -29.00000000 229.14300000 589.85700000 0.82745098 0.54117647 0.51764706
v -28.00000000 229.28600000 590.28600000 0.84313725 0.56470588 0.54117647
v -27.00000000 229.71400000 590.85700000 0.85098039 0.57254902 0.54901961
v -27.00000000 230.00000000 592.14300000 0.85882353 0.59607843 0.56470588
v -26.00000000 230.57100000 593.57100000 0.86666667 0.61568627 0.58039216
v -26.00000000 231.14300000 594.85700000 0.88235294 0.63921569 0.59607843
v -25.00000000 232.00000000 596.85700000 0.54901961 0.38039216 0.35294118
v -49.00000000 228.28600000 586.14300000 0.19215686 0.13725490 0.13725490
v -49.00000000 228.85700000 587.00000000 0.29019608 0.19607843 0.19607843
v -48.00000000 229.00000000 587.28600000 0.33333333 0.21176471 0.20392157
v -47.14290000 229.00000000 588.14300000 0.36078431 0.21176471 0.20784314
v -47.00000000 229.00000000 588.14300000 0.38039216 0.20784314 0.19607843
v -46.00000000 229.14300000 588.85700000 0.41960784 0.22352941 0.21960784
v -45.00000000 229.14300000 588.85700000 0.48627451 0.24705882 0.24313725
v -44.00000000 229.14300000 588.85700000 0.51372549 0.25882353 0.25098039
v -44.00000000 229.28600000 589.14300000 0.54901961 0.27450980 0.27450980
v -43.00000000 229.28600000 589.00000000 0.56862745 0.29019608 0.28235294
v -42.00000000 229.00000000 588.00000000 0.60784314 0.32156863 0.29803922
v -41.00000000 229.00000000 587.85700000 0.61568627 0.32156863 0.30196078
v -40.71430000 229.00000000 587.85700000 0.62352941 0.32156863 0.29803922
v -40.00000000 229.00000000 587.57100000 0.62745098 0.32549020 0.30196078
v -39.00000000 229.00000000 587.42900000 0.65882353 0.35686275 0.32549020
v -38.00000000 229.00000000 587.42900000 0.67450980 0.37254902 0.34901961
v -37.00000000 228.71400000 586.71400000 0.68235294 0.38039216 0.35686275
v -36.00000000 228.71400000 586.71400000 0.70980392 0.41568627 0.39607843
v -35.00000000 228.71400000 586.71400000 0.72549020 0.43921569 0.41568627
v -35.00000000 228.57100000 586.57100000 0.74117647 0.44705882 0.43529412
v -33.00000000 229.00000000 587.57100000 0.78431373 0.47058824 0.48235294
v -32.00000000 229.00000000 587.57100000 0.78823529 0.47450980 0.48627451
v -31.00000000 229.71400000 588.71400000 0.83137255 0.51764706 0.52156863
v -30.00000000 229.71400000 588.71400000 0.84313725 0.53725490 0.52941176
v -29.00000000 230.00000000 589.28600000 0.82745098 0.53333333 0.51372549
v -28.00000000 230.00000000 590.00000000 0.83529412 0.55686275 0.54117647
v -27.00000000 230.14300000 590.85700000 0.83921569 0.56862745 0.54901961
v -27.00000000 230.71400000 591.85700000 0.84313725 0.59215686 0.55686275
v -26.00000000 231.00000000 593.00000000 0.86274510 0.61176471 0.57647059
v -26.00000000 231.57100000 594.71400000 0.88235294 0.63921569 0.59607843
v -25.00000000 232.57100000 596.57100000 0.58431373 0.41568627 0.38823529
v -49.00000000 229.00000000 585.42900000 0.16078431 0.11372549 0.11372549
v -48.85710000 229.00000000 586.14300000 0.27058824 0.18823529 0.18431373
v -48.00000000 229.14300000 587.00000000 0.32549020 0.20784314 0.20784314
v -47.00000000 229.28600000 587.28600000 0.34901961 0.21176471 0.20392157
v -47.00000000 229.71400000 587.71400000 0.37254902 0.21176471 0.20392157
v -46.00000000 229.85700000 588.00000000 0.41568627 0.22745098 0.21960784
v -45.85710000 229.85700000 588.57100000 0.44705882 0.23529412 0.22745098
v -45.00000000 230.00000000 588.71400000 0.48627451 0.24313725 0.24705882
v -44.00000000 230.00000000 588.71400000 0.54509804 0.27058824 0.27843137
v -43.00000000 230.00000000 589.00000000 0.56862745 0.28627451 0.29019608
v -42.00000000 229.71400000 588.00000000 0.60784314 0.31764706 0.30588235
v -41.00000000 229.71400000 587.85700000 0.61960784 0.32549020 0.31372549
v -40.71430000 229.71400000 587.85700000 0.62352941 0.32941176 0.30980392
v -40.00000000 229.71400000 587.71400000 0.63137255 0.33725490 0.31764706
v -39.00000000 229.57100000 587.57100000 0.65490196 0.35294118 0.32941176
v -38.00000000 229.42900000 587.42900000 0.69803922 0.39215686 0.37647059
v -37.00000000 229.14300000 587.14300000 0.70980392 0.40392157 0.38823529
v -37.00000000 229.00000000 586.71400000 0.71764706 0.42745098 0.41568627
v -36.00000000 229.00000000 586.71400000 0.72941176 0.43921569 0.42745098
v -35.00000000 229.00000000 586.57100000 0.74901961 0.45882353 0.45490196
v -34.00000000 229.00000000 586.85700000 0.77254902 0.48235294 0.47843137
v -34.00000000 229.28600000 587.28600000 0.77254902 0.47450980 0.47450980
v -33.00000000 229.28600000 587.28600000 0.80000000 0.49019608 0.50196078
v -32.00000000 229.57100000 587.57100000 0.79607843 0.48627451 0.49803922
v -31.00000000 230.00000000 588.42900000 0.80392157 0.49411765 0.50588235
v -30.00000000 230.00000000 588.71400000 0.76862745 0.47450980 0.46274510
v -29.00000000 230.28600000 589.00000000 0.80784314 0.51372549 0.49411765
v -29.00000000 230.57100000 589.57100000 0.81176471 0.52549020 0.50196078
v -28.00000000 230.71400000 589.85700000 0.83921569 0.56078431 0.54509804
v -27.00000000 231.00000000 590.57100000 0.83921569 0.57647059 0.55294118
v -26.00000000 231.71400000 592.85700000 0.85098039 0.60392157 0.56862745
v -26.00000000 232.14300000 594.14300000 0.86666667 0.62352941 0.58039216
v -25.00000000 233.00000000 596.00000000 0.60000000 0.43137255 0.40392157
v -49.00000000 229.14300000 584.85700000 0.15686275 0.10980392 0.10980392
v -48.57140000 229.57100000 585.71400000 0.24705882 0.17647059 0.16862745
v -48.00000000 229.85700000 586.14300000 0.31764706 0.21568627 0.21176471
v -47.00000000 230.00000000 586.71400000 0.35686275 0.21960784 0.21176471
v -46.00000000 230.00000000 587.57100000 0.41176471 0.21176471 0.20784314
v -45.71430000 230.00000000 587.71400000 0.44705882 0.23529412 0.22745098
v -45.00000000 230.28600000 588.00000000 0.47450980 0.24705882 0.23921569
v -44.00000000 230.28600000 588.00000000 0.49803922 0.25882353 0.23921569
v -44.00000000 230.42900000 588.28600000 0.53725490 0.28235294 0.25882353
v -43.00000000 230.42900000 588.28600000 0.57254902 0.30196078 0.28235294
v -42.00000000 230.42900000 588.14300000 0.63137255 0.32549020 0.31764706
v -41.00000000 230.42900000 588.14300000 0.63137255 0.31764706 0.31372549
v -40.71430000 230.42900000 588.14300000 0.63529412 0.32156863 0.31764706
v -40.00000000 230.14300000 588.00000000 0.65490196 0.34117647 0.33725490
v -39.00000000 230.14300000 587.85700000 0.67843137 0.38431373 0.37254902
v -38.00000000 230.14300000 587.85700000 0.68627451 0.40784314 0.39215686
v -37.00000000 230.00000000 587.14300000 0.72156863 0.44313725 0.42745098
v -36.00000000 230.00000000 586.85700000 0.74509804 0.44705882 0.44705882
v -35.00000000 230.00000000 586.28600000 0.78039216 0.47058824 0.48235294
v -34.00000000 230.00000000 586.57100000 0.77254902 0.47450980 0.48235294
v -33.85710000 230.00000000 587.14300000 0.78431373 0.48627451 0.50196078
v -33.00000000 230.00000000 587.14300000 0.79607843 0.49803922 0.50588235
v -32.00000000 230.14300000 587.42900000 0.81960784 0.52156863 0.52941176
v -31.00000000 230.42900000 588.42900000 0.78823529 0.49019608 0.49019608
v -30.00000000 230.42900000 588.42900000 0.76470588 0.47450980 0.47058824
v -30.00000000 230.71400000 588.71400000 0.73333333 0.44313725 0.43921569
v -29.00000000 230.71400000 588.71400000 0.78823529 0.49803922 0.48627451
v -28.00000000 231.00000000 589.71400000 0.83921569 0.54509804 0.52156863
v -27.00000000 231.71400000 590.71400000 0.84705882 0.55294118 0.52941176
v -26.00000000 232.00000000 592.14300000 0.87450980 0.58039216 0.55686275
v -26.00000000 232.85700000 594.00000000 0.90980392 0.61568627 0.59215686
v -25.00000000 233.71400000 595.85700000 0.63921569 0.43137255 0.41568627
v -49.00000000 229.42900000 584.57100000 0.13333333 0.09411765 0.09803922
v -48.14290000 229.85700000 585.00000000 0.21568627 0.15294118 0.15294118
v -47.00000000 230.14300000 586.00000000 0.34901961 0.21568627 0.21176471
v -46.00000000 230.71400000 586.71400000 0.40784314 0.21176471 0.21568627
v -45.71430000 230.85700000 587.57100000 0.43529412 0.23529412 0.22352941
v -45.00000000 230.85700000 587.57100000 0.47058824 0.24313725 0.23529412
v -44.00000000 231.00000000 588.00000000 0.49803922 0.25882353 0.23921569
v -43.00000000 231.00000000 588.28600000 0.56862745 0.29411765 0.28627451
v -42.00000000 231.00000000 588.14300000 0.62745098 0.32941176 0.32941176
v -41.00000000 231.00000000 588.00000000 0.62745098 0.32156863 0.32156863
v -40.71430000 231.00000000 588.14300000 0.63137255 0.32549020 0.32549020
v -40.00000000 231.00000000 588.00000000 0.65882353 0.35294118 0.35294118
v -39.00000000 231.00000000 587.85700000 0.66666667 0.37647059 0.37254902
v -38.00000000 231.00000000 587.71400000 0.65882353 0.38431373 0.37647059
v -37.00000000 231.00000000 587.00000000 0.67843137 0.40000000 0.39215686
v -36.00000000 230.71400000 586.71400000 0.69019608 0.41176471 0.40392157
v -35.00000000 230.57100000 586.71400000 0.72549020 0.43529412 0.43921569
v -35.00000000 230.28600000 586.28600000 0.74509804 0.45098039 0.46666667
v -34.00000000 230.28600000 586.28600000 0.80000000 0.52549020 0.53333333
v -33.85710000 230.85700000 587.00000000 0.80000000 0.52156863 0.53725490
v -33.00000000 230.85700000 587.14300000 0.78431373 0.50196078 0.51372549
v -32.00000000 230.85700000 587.14300000 0.76862745 0.48627451 0.49803922
v -31.00000000 231.00000000 588.00000000 0.78823529 0.49803922 0.50196078
v -30.14290000 231.14300000 588.42900000 0.78039216 0.49019608 0.48627451
v -30.00000000 231.00000000 588.57100000 0.73333333 0.44313725 0.43921569
v -29.00000000 231.00000000 588.71400000 0.77254902 0.47843137 0.46666667
v -29.00000000 231.42900000 589.28600000 0.80392157 0.50980392 0.49803922
v -28.00000000 231.71400000 589.71400000 0.83529412 0.54117647 0.52156863
v -27.00000000 232.00000000 590.42900000 0.84313725 0.54901961 0.52941176
v -26.00000000 233.00000000 592.14300000 0.87058824 0.57647059 0.55294118
v -25.00000000 234.00000000 595.57100000 0.65098039 0.45098039 0.43529412
v -48.14290000 230.14300000 584.57100000 0.18431373 0.14117647 0.13333333
v -48.00000000 230.14300000 585.00000000 0.28627451 0.20392157 0.20000000
v -47.00000000 230.71400000 585.71400000 0.34117647 0.21960784 0.21176471
v -47.00000000 230.85700000 585.85700000 0.37254902 0.20784314 0.21176471
v -45.00000000 231.00000000 586.71400000 0.43529412 0.23529412 0.23137255
v -45.00000000 231.42900000 587.14300000 0.46666667 0.23921569 0.23529412
v -44.00000000 231.42900000 587.14300000 0.49803922 0.25882353 0.24705882
v -44.00000000 231.57100000 587.71400000 0.54509804 0.27843137 0.26666667
v -43.00000000 231.57100000 587.85700000 0.57254902 0.30588235 0.29411765
v -42.00000000 231.71400000 588.14300000 0.61568627 0.33725490 0.32941176
v -41.00000000 231.71400000 588.00000000 0.60784314 0.31764706 0.31372549
v -40.71430000 231.71400000 588.00000000 0.61176471 0.31372549 0.32156863
v -40.00000000 231.85700000 587.85700000 0.65098039 0.35294118 0.36078431
v -39.00000000 231.85700000 587.85700000 0.66666667 0.38431373 0.38823529
v -38.00000000 231.71400000 587.71400000 0.66274510 0.39607843 0.39215686
v -36.00000000 231.00000000 586.28600000 0.71372549 0.44705882 0.45098039
v -35.00000000 231.00000000 586.14300000 0.74117647 0.47450980 0.47843137
v -35.00000000 230.85700000 586.00000000 0.77254902 0.50196078 0.51372549
v -34.00000000 231.00000000 586.28600000 0.80784314 0.55686275 0.56078431
v -33.28570000 231.14300000 586.42900000 0.83529412 0.57647059 0.59215686
v -33.00000000 231.14300000 586.71400000 0.82352941 0.56470588 0.57254902
v -32.00000000 231.14300000 586.71400000 0.76862745 0.49019608 0.50588235
v -31.00000000 231.42900000 587.57100000 0.73725490 0.44313725 0.45882353
v -30.00000000 231.71400000 587.85700000 0.77647059 0.47843137 0.48627451
v -29.00000000 232.00000000 588.42900000 0.76862745 0.46274510 0.46274510
v -28.00000000 232.00000000 589.42900000 0.83529412 0.52941176 0.51372549
v -27.00000000 232.42900000 590.42900000 0.84705882 0.54117647 0.52549020
v -26.00000000 233.14300000 592.00000000 0.86274510 0.57647059 0.54901961
v -26.00000000 234.00000000 593.85700000 0.89803922 0.62352941 0.59215686
v -25.00000000 234.14300000 595.14300000 0.67450980 0.48235294 0.46274510
v -48.00000000 230.85700000 584.14300000 0.16078431 0.12156863 0.11372549
v -47.00000000 231.00000000 584.85700000 0.32549020 0.20784314 0.20784314
v -46.00000000 231.00000000 585.85700000 0.41568627 0.21960784 0.23137255
v -45.00000000 231.57100000 586.57100000 0.43921569 0.22745098 0.22745098
v -44.00000000 231.71400000 587.14300000 0.49411765 0.25490196 0.25098039
v -44.00000000 231.85700000 587.28600000 0.53725490 0.28235294 0.27450980
v -43.00000000 232.28600000 587.85700000 0.56862745 0.31372549 0.30588235
v -42.00000000 232.28600000 587.85700000 0.58823529 0.31372549 0.31372549
v -42.00000000 232.42900000 588.14300000 0.58431373 0.30980392 0.30980392
v -41.00000000 232.28600000 588.00000000 0.57254902 0.29019608 0.29411765
v -40.71430000 232.28600000 588.00000000 0.58823529 0.30588235 0.30980392
v -40.00000000 232.00000000 587.71400000 0.63137255 0.34901961 0.35294118
v -39.00000000 232.00000000 587.85700000 0.63921569 0.37254902 0.37647059
v -38.00000000 232.00000000 587.00000000 0.65882353 0.40784314 0.40784314
v -37.00000000 231.28600000 586.28600000 0.67843137 0.43529412 0.43921569
v -36.00000000 231.28600000 586.28600000 0.70980392 0.46666667 0.47058824
v -35.00000000 231.14300000 586.00000000 0.75686275 0.51372549 0.52549020
v -34.00000000 231.14300000 586.00000000 0.78823529 0.55294118 0.56078431
v -33.28570000 231.28600000 586.14300000 0.84313725 0.60000000 0.61960784
v -33.00000000 231.28600000 586.42900000 0.87058824 0.61568627 0.63137255
v -32.00000000 231.42900000 586.57100000 0.80392157 0.53333333 0.55294118
v -32.00000000 231.57100000 586.71400000 0.72156863 0.43921569 0.45490196
v -31.00000000 231.85700000 587.00000000 0.69411765 0.39215686 0.41568627
v -30.00000000 232.00000000 587.57100000 0.78823529 0.47058824 0.49411765
v -28.00000000 233.00000000 589.42900000 0.82352941 0.51372549 0.49803922
v -27.00000000 233.00000000 589.85700000 0.83921569 0.53333333 0.51764706
v -27.00000000 233.14300000 590.85700000 0.86274510 0.56862745 0.54509804
v -26.00000000 233.71400000 591.85700000 0.86274510 0.57647059 0.54901961
v -26.00000000 234.42900000 593.42900000 0.88235294 0.61568627 0.58039216
v -25.00000000 235.00000000 595.00000000 0.67058824 0.48627451 0.46274510
v -48.00000000 231.00000000 583.42900000 0.13725490 0.10588235 0.09411765
v -48.00000000 231.14300000 584.14300000 0.23137255 0.17254902 0.16078431
v -47.00000000 231.42900000 584.42900000 0.31372549 0.20392157 0.20000000
v -47.00000000 231.85700000 584.85700000 0.36078431 0.20392157 0.20392157
v -45.00000000 232.00000000 585.71400000 0.43921569 0.22745098 0.22745098
v -44.00000000 232.00000000 586.57100000 0.48627451 0.25098039 0.24705882
v -44.00000000 232.42900000 587.00000000 0.52549020 0.27450980 0.26666667
v -43.00000000 232.57100000 587.28600000 0.54117647 0.29019608 0.28235294
v -42.00000000 232.57100000 587.57100000 0.54901961 0.28235294 0.27843137
v -42.00000000 232.71400000 587.71400000 0.54509804 0.27843137 0.28235294
v -41.00000000 232.71400000 587.85700000 0.55686275 0.28235294 0.29019608
v -40.71430000 232.71400000 587.85700000 0.58823529 0.31372549 0.32156863
v -40.00000000 232.71400000 587.85700000 0.61960784 0.34509804 0.35294118
v -39.00000000 232.42900000 587.42900000 0.63529412 0.37647059 0.38431373
v -37.00000000 232.00000000 586.14300000 0.68627451 0.45098039 0.45098039
v -36.00000000 232.00000000 585.85700000 0.71764706 0.48235294 0.48235294
v -35.00000000 232.00000000 585.42900000 0.76078431 0.52549020 0.53333333
v -34.00000000 231.85700000 585.14300000 0.79215686 0.55686275 0.56470588
v -33.00000000 231.85700000 585.14300000 0.82352941 0.58039216 0.60000000
v -33.00000000 232.00000000 585.71400000 0.84705882 0.59215686 0.60784314
v -32.00000000 232.00000000 585.71400000 0.80392157 0.53333333 0.55294118
v -31.00000000 232.14300000 586.42900000 0.72549020 0.42352941 0.44705882
v -30.00000000 232.14300000 586.85700000 0.74901961 0.43921569 0.45882353
v -30.00000000 232.42900000 587.28600000 0.74117647 0.42352941 0.44705882
v -29.00000000 232.42900000 587.42900000 0.71764706 0.39607843 0.40392157
v -28.00000000 233.14300000 588.85700000 0.80392157 0.49019608 0.48627451
v -27.00000000 234.00000000 590.71400000 0.87058824 0.57647059 0.55294118
v -26.00000000 234.14300000 591.85700000 0.86666667 0.58039216 0.55294118
v -25.00000000 235.71400000 594.85700000 0.65490196 0.46274510 0.44313725
v -48.00000000 231.28600000 583.28600000 0.21176471 0.15686275 0.14509804
v -47.00000000 231.57100000 583.57100000 0.30980392 0.20784314 0.20392157
v -46.42860000 232.00000000 584.42900000 0.37647059 0.21960784 0.21960784
v -45.00000000 232.57100000 585.57100000 0.45098039 0.23137255 0.23529412
v -43.00000000 233.00000000 587.28600000 0.50196078 0.26274510 0.25882353
v -42.00000000 233.00000000 587.28600000 0.51764706 0.25882353 0.26274510
v -41.00000000 233.00000000 587.71400000 0.56862745 0.29803922 0.30980392
v -40.71430000 233.00000000 587.71400000 0.60000000 0.32941176 0.34117647
v -40.00000000 233.00000000 587.71400000 0.61960784 0.34901961 0.36078431
v -39.00000000 233.00000000 587.42900000 0.62352941 0.36470588 0.37254902
v -38.00000000 233.00000000 586.57100000 0.66274510 0.41960784 0.43137255
v -37.00000000 232.71400000 585.71400000 0.69411765 0.45882353 0.46666667
v -36.00000000 232.71400000 585.71400000 0.72156863 0.48627451 0.49411765
v -34.00000000 232.14300000 585.00000000 0.80392157 0.54901961 0.57254902
v -33.00000000 232.14300000 585.00000000 0.81960784 0.55686275 0.58431373
v -33.00000000 232.28600000 585.14300000 0.80784314 0.54901961 0.56470588
v -32.00000000 232.42900000 585.42900000 0.77647059 0.49803922 0.52156863
v -30.00000000 233.00000000 586.57100000 0.77647059 0.47843137 0.49411765
v -29.00000000 233.00000000 587.42900000 0.69803922 0.38431373 0.38823529
v -28.57140000 233.00000000 587.57100000 0.72941176 0.41568627 0.41960784
v -28.00000000 233.57100000 588.57100000 0.78431373 0.49019608 0.47843137
v -27.00000000 233.71400000 589.14300000 0.83529412 0.54117647 0.52941176
v -27.00000000 234.71400000 590.71400000 0.87058824 0.58431373 0.56078431
v -26.00000000 235.00000000 591.71400000 0.87058824 0.58431373 0.56078431
v -26.00000000 235.42900000 593.28600000 0.88235294 0.60784314 0.57647059
v -25.00000000 236.14300000 594.85700000 0.64313725 0.45098039 0.43137255
v -48.00000000 232.00000000 583.00000000 0.16862745 0.12941176 0.12156863
v -47.00000000 232.00000000 583.00000000 0.28235294 0.20000000 0.18823529
v -46.00000000 232.00000000 583.42900000 0.36470588 0.22352941 0.22352941
v -46.00000000 232.28600000 584.28600000 0.41176471 0.23137255 0.23921569
v -45.00000000 232.71400000 584.71400000 0.43529412 0.23921569 0.24313725
v -44.00000000 233.00000000 585.85700000 0.45098039 0.23137255 0.22745098
v -43.00000000 233.71400000 586.71400000 0.47058824 0.23529412 0.24313725
v -42.00000000 233.71400000 587.00000000 0.50196078 0.24705882 0.26274510
v -42.00000000 233.85700000 587.14300000 0.53725490 0.27843137 0.29411765
v -40.42860000 233.85700000 587.28600000 0.60000000 0.32941176 0.34901961
v -40.00000000 233.85700000 587.28600000 0.62352941 0.35294118 0.37254902
v -39.00000000 233.71400000 586.85700000 0.62352941 0.36862745 0.38431373
v -38.71430000 233.71400000 586.71400000 0.64705882 0.39215686 0.40784314
v -38.00000000 233.42900000 586.42900000 0.66666667 0.42352941 0.43529412
v -37.00000000 233.00000000 585.42900000 0.70588235 0.46274510 0.47450980
v -36.00000000 233.00000000 585.28600000 0.72156863 0.47843137 0.49019608
v -35.00000000 232.71400000 584.71400000 0.75686275 0.50196078 0.52549020
v -35.00000000 232.42900000 584.42900000 0.77254902 0.50980392 0.53725490
v -34.00000000 232.42900000 584.42900000 0.78039216 0.50980392 0.52941176
v -33.00000000 232.42900000 584.42900000 0.80000000 0.52156863 0.54509804
v -33.00000000 232.57100000 584.57100000 0.79215686 0.51372549 0.53725490
v -32.00000000 232.57100000 584.57100000 0.77647059 0.49803922 0.52156863
v -31.85710000 232.85700000 585.00000000 0.77254902 0.48627451 0.51372549
v -31.00000000 232.85700000 585.00000000 0.79215686 0.50588235 0.53333333
v -30.00000000 233.14300000 586.00000000 0.79215686 0.49803922 0.51372549
v -30.00000000 233.28600000 586.28600000 0.75294118 0.45882353 0.47450980
v -29.00000000 233.85700000 586.85700000 0.69803922 0.40784314 0.41176471
v -28.57140000 233.85700000 587.42900000 0.71764706 0.42745098 0.43137255
v -27.00000000 234.14300000 588.85700000 0.82745098 0.54509804 0.54901961
v -26.00000000 235.71400000 591.71400000 0.86274510 0.58431373 0.57647059
v -25.00000000 236.71400000 594.85700000 0.61960784 0.42745098 0.41176471
v -48.00000000 232.28600000 582.28600000 0.12549020 0.09411765 0.08235294
v -45.00000000 233.00000000 584.28600000 0.43137255 0.23529412 0.24705882
v -44.00000000 233.57100000 585.57100000 0.43137255 0.21960784 0.21960784
v -43.85710000 233.85700000 585.85700000 0.42745098 0.20784314 0.21176471
v -42.00000000 234.00000000 586.71400000 0.48235294 0.23921569 0.25098039
v -41.00000000 234.00000000 586.85700000 0.55686275 0.28235294 0.31372549
v -40.00000000 234.00000000 586.57100000 0.61960784 0.34509804 0.37647059
v -39.00000000 234.00000000 586.42900000 0.63921569 0.37647059 0.40392157
v -38.42860000 234.00000000 586.42900000 0.65490196 0.40000000 0.42352941
v -38.00000000 233.85700000 585.85700000 0.66274510 0.41960784 0.43921569
v -37.00000000 233.85700000 585.85700000 0.68627451 0.44313725 0.46274510
v -37.00000000 233.28600000 585.28600000 0.70980392 0.45490196 0.47843137
v -36.00000000 233.28600000 585.28600000 0.72156863 0.45882353 0.48627451
v -35.00000000 233.00000000 584.42900000 0.73333333 0.47058824 0.49803922
v -34.00000000 233.00000000 584.42900000 0.73725490 0.45882353 0.48235294
v -33.00000000 233.00000000 584.42900000 0.76470588 0.48627451 0.51764706
v -32.00000000 233.00000000 584.57100000 0.79215686 0.51372549 0.54509804
v -31.00000000 233.57100000 584.57100000 0.79215686 0.51372549 0.53725490
v -31.00000000 233.71400000 584.85700000 0.79607843 0.51764706 0.54117647
v -29.00000000 234.00000000 586.57100000 0.70196078 0.42745098 0.43529412
v -28.00000000 234.00000000 586.85700000 0.70980392 0.43529412 0.44313725
v -28.00000000 234.57100000 587.57100000 0.76470588 0.49019608 0.49803922
v -27.00000000 234.85700000 588.42900000 0.82352941 0.54901961 0.55686275
v -27.00000000 235.71400000 590.28600000 0.84313725 0.56862745 0.56862745
v -26.00000000 236.00000000 591.57100000 0.85098039 0.57647059 0.57647059
v -26.00000000 236.85700000 593.00000000 0.88235294 0.60392157 0.59607843
v -25.00000000 237.57100000 594.71400000 0.58431373 0.38823529 0.38431373
v -46.00000000 233.14300000 583.14300000 0.36078431 0.21960784 0.21960784
v -45.00000000 233.28600000 583.28600000 0.39215686 0.21960784 0.22352941
v -44.00000000 234.00000000 584.85700000 0.40784314 0.21176471 0.22352941
v -43.71430000 234.00000000 585.71400000 0.40000000 0.19215686 0.21568627
v -43.00000000 234.00000000 585.85700000 0.42352941 0.20784314 0.22745098
v -42.00000000 234.28600000 586.28600000 0.45490196 0.22352941 0.24705882
v -41.00000000 234.28600000 586.28600000 0.51764706 0.26274510 0.28627451
v -40.00000000 234.42900000 586.42900000 0.54509804 0.28627451 0.29411765
v -39.00000000 234.42900000 586.42900000 0.60392157 0.35294118 0.35686275
v -38.14290000 234.14300000 586.00000000 0.62745098 0.37647059 0.38039216
v -38.00000000 234.00000000 585.57100000 0.64705882 0.39215686 0.40784314
v -37.00000000 234.00000000 585.14300000 0.66274510 0.40784314 0.42352941
v -36.71430000 234.00000000 584.71400000 0.68235294 0.41960784 0.44705882
v -36.00000000 234.00000000 584.28600000 0.68627451 0.42352941 0.45098039
v -35.00000000 233.71400000 583.71400000 0.69803922 0.42352941 0.45490196
v -34.00000000 233.71400000 583.71400000 0.70196078 0.44313725 0.45098039
v -33.00000000 233.71400000 583.71400000 0.74509804 0.47450980 0.49411765
v -33.00000000 233.57100000 583.57100000 0.77647059 0.49803922 0.52156863
v -32.00000000 233.57100000 583.57100000 0.78431373 0.49803922 0.53333333
v -31.00000000 233.85700000 584.14300000 0.79215686 0.51764706 0.54901961
v -30.00000000 234.00000000 584.71400000 0.78039216 0.49803922 0.51372549
v -28.00000000 234.85700000 586.42900000 0.73725490 0.43921569 0.43921569
v -27.00000000 235.57100000 588.42900000 0.81960784 0.54117647 0.52549020
v -26.00000000 236.71400000 590.85700000 0.87058824 0.58039216 0.56862745
v -26.00000000 237.00000000 592.71400000 0.87058824 0.58431373 0.56078431
v -25.00000000 237.85700000 594.42900000 0.58039216 0.38823529 0.37254902
v -47.00000000 233.00000000 581.71400000 0.18823529 0.13333333 0.13333333
v -46.00000000 233.00000000 582.00000000 0.29019608 0.19215686 0.20392157
v -46.00000000 233.71400000 582.71400000 0.35294118 0.21960784 0.22352941
v -44.00000000 234.14300000 584.14300000 0.39607843 0.20392157 0.21960784
v -43.00000000 234.71400000 584.71400000 0.38431373 0.18431373 0.20392157
v -42.00000000 235.00000000 585.42900000 0.47058824 0.23137255 0.25098039
v -41.00000000 235.00000000 585.42900000 0.49803922 0.24313725 0.26666667
v -40.00000000 235.00000000 585.71400000 0.54509804 0.28627451 0.29411765
v -39.00000000 235.00000000 585.42900000 0.56470588 0.31372549 0.31764706
v -38.00000000 235.00000000 585.14300000 0.61568627 0.36470588 0.36862745
v -37.00000000 234.85700000 585.00000000 0.63137255 0.38039216 0.38431373
v -36.42860000 234.42900000 584.42900000 0.65098039 0.39215686 0.40784314
v -36.00000000 234.28600000 584.28600000 0.65882353 0.40000000 0.41568627
v -35.00000000 234.00000000 583.71400000 0.67450980 0.40000000 0.43137255
v -34.00000000 234.00000000 583.71400000 0.70980392 0.45490196 0.47058824
v -33.00000000 234.00000000 583.57100000 0.74509804 0.48627451 0.50196078
v -32.00000000 234.00000000 583.57100000 0.79215686 0.50588235 0.54117647
v -31.00000000 234.00000000 583.57100000 0.80000000 0.52941176 0.54901961
v -31.00000000 234.28600000 584.14300000 0.80000000 0.52156863 0.54509804
v -30.00000000 234.28600000 584.14300000 0.79215686 0.50980392 0.52156863
v -30.00000000 234.85700000 585.00000000 0.81176471 0.51764706 0.53333333
v -29.00000000 234.85700000 585.42900000 0.72156863 0.42352941 0.42352941
v -28.00000000 235.00000000 585.85700000 0.72941176 0.43921569 0.43529412
v -27.00000000 236.00000000 587.57100000 0.81960784 0.54117647 0.53333333
v -26.00000000 237.14300000 590.85700000 0.87450980 0.58431373 0.57254902
v -25.00000000 238.42900000 594.14300000 0.56862745 0.38039216 0.36470588
v -47.00000000 233.85700000 580.85700000 0.15686275 0.10980392 0.11764706
v -46.00000000 234.00000000 581.57100000 0.25098039 0.17254902 0.17647059
v -45.00000000 234.00000000 582.85700000 0.36078431 0.20784314 0.21176471
v -44.00000000 234.57100000 583.57100000 0.38431373 0.20784314 0.21960784
v -43.00000000 235.00000000 584.42900000 0.38039216 0.18823529 0.20392157
v -42.00000000 235.14300000 585.00000000 0.44705882 0.22352941 0.24705882
v -42.00000000 235.28600000 585.28600000 0.46274510 0.22745098 0.23529412
v -41.00000000 235.28600000 585.28600000 0.48627451 0.23137255 0.24705882
v -40.00000000 235.42900000 585.42900000 0.53333333 0.27450980 0.28235294
v -39.00000000 235.42900000 585.42900000 0.55686275 0.30588235 0.30980392
v -38.00000000 235.28600000 585.14300000 0.58431373 0.33333333 0.33725490
v -38.00000000 235.14300000 584.85700000 0.59607843 0.34509804 0.34901961
v -37.00000000 235.00000000 584.00000000 0.60784314 0.35686275 0.36078431
v -36.14290000 235.00000000 584.00000000 0.62745098 0.36862745 0.38431373
v -36.00000000 235.00000000 583.28600000 0.64313725 0.37254902 0.39215686
v -35.00000000 234.85700000 583.00000000 0.65882353 0.38431373 0.41568627
v -34.85710000 234.85700000 582.85700000 0.68627451 0.41176471 0.44313725
v -33.00000000 234.85700000 582.85700000 0.74901961 0.48627451 0.51372549
v -33.00000000 234.71400000 582.71400000 0.78039216 0.50588235 0.53725490
v -32.00000000 234.71400000 582.71400000 0.80392157 0.52549020 0.55686275
v -31.00000000 234.85700000 582.85700000 0.82352941 0.55294118 0.57254902
v -29.00000000 235.14300000 585.00000000 0.75294118 0.45490196 0.46274510
v -28.00000000 235.71400000 585.57100000 0.73725490 0.44705882 0.45098039
v -28.00000000 235.85700000 586.42900000 0.80392157 0.52156863 0.52549020
v -27.00000000 236.57100000 587.42900000 0.81960784 0.53725490 0.54117647
v -26.00000000 237.71400000 590.71400000 0.87058824 0.59215686 0.58431373
v -25.85710000 238.28600000 592.14300000 0.82352941 0.56078431 0.52941176
v -25.00000000 239.00000000 594.00000000 0.54117647 0.37254902 0.34901961
v -46.00000000 234.14300000 580.85700000 0.21960784 0.14509804 0.15294118
v -45.00000000 234.85700000 582.00000000 0.34117647 0.20784314 0.21176471
v -44.85710000 235.00000000 582.85700000 0.37647059 0.21568627 0.23137255
v -44.00000000 235.14300000 583.14300000 0.38039216 0.20392157 0.21568627
v -43.00000000 235.57100000 583.57100000 0.37647059 0.18431373 0.20000000
v -42.00000000 236.00000000 584.57100000 0.45098039 0.22745098 0.25098039
v -41.71430000 236.00000000 584.71400000 0.47058824 0.23529412 0.24313725
v -41.00000000 236.00000000 584.71400000 0.49411765 0.23921569 0.25490196
v -40.00000000 236.00000000 584.57100000 0.54117647 0.28235294 0.29019608
v -39.00000000 236.00000000 584.42900000 0.56078431 0.30196078 0.30588235
v -38.00000000 236.00000000 584.42900000 0.58039216 0.32156863 0.32549020
v -38.00000000 235.85700000 584.14300000 0.59607843 0.33725490 0.34509804
v -37.00000000 235.57100000 583.71400000 0.61176471 0.35294118 0.36078431
v -36.00000000 235.14300000 583.00000000 0.65882353 0.38039216 0.40392157
v -34.57140000 235.00000000 582.57100000 0.70588235 0.42745098 0.45882353
v -30.00000000 235.00000000 582.85700000 0.85098039 0.55294118 0.56078431
v -29.00000000 235.85700000 584.42900000 0.76470588 0.47450980 0.47843137
v -28.00000000 236.00000000 585.42900000 0.75294118 0.46274510 0.46666667
v -27.00000000 236.85700000 586.85700000 0.82745098 0.53725490 0.54117647
v -27.00000000 237.71400000 588.71400000 0.85098039 0.56078431 0.55686275
v -26.00000000 238.00000000 590.57100000 0.87058824 0.59215686 0.58431373
v -25.85710000 238.85700000 592.14300000 0.79215686 0.55686275 0.51764706
v -25.00000000 239.71400000 594.00000000 0.49803922 0.35294118 0.32156863
v -47.00000000 234.00000000 579.57100000 0.12549020 0.09019608 0.09411765
v -46.00000000 234.28600000 580.28600000 0.18823529 0.12549020 0.12941176
v -46.00000000 234.71400000 580.85700000 0.28235294 0.18039216 0.19215686
v -45.00000000 235.00000000 581.57100000 0.32941176 0.20392157 0.20784314
v -44.14290000 235.14300000 582.00000000 0.36862745 0.21568627 0.22745098
v -44.00000000 235.57100000 582.57100000 0.36470588 0.19215686 0.19607843
v -42.00000000 236.28600000 584.14300000 0.45098039 0.23529412 0.24705882
v -41.42860000 236.42900000 584.28600000 0.47843137 0.24313725 0.24313725
v -40.00000000 236.28600000 584.28600000 0.54901961 0.29019608 0.29411765
v -39.00000000 236.28600000 584.28600000 0.56862745 0.30196078 0.30588235
v -38.00000000 236.14300000 583.42900000 0.61176471 0.34509804 0.34901961
v -37.00000000 235.85700000 583.14300000 0.63529412 0.36078431 0.36862745
v -36.00000000 235.71400000 582.85700000 0.66274510 0.38431373 0.40000000
v -36.00000000 235.57100000 582.57100000 0.68627451 0.39215686 0.41176471
v -35.00000000 235.14300000 582.14300000 0.70588235 0.41176471 0.43921569
v -34.14290000 235.14300000 582.00000000 0.72549020 0.43137255 0.45882353
v -34.00000000 235.00000000 581.85700000 0.73333333 0.45098039 0.46666667
v -33.00000000 235.14300000 582.00000000 0.77647059 0.49411765 0.50980392
v -33.00000000 235.00000000 582.00000000 0.79607843 0.51372549 0.52549020
v -32.00000000 235.00000000 581.71400000 0.81960784 0.52549020 0.54117647
v -31.00000000 235.00000000 581.85700000 0.82352941 0.53333333 0.53725490
v -31.00000000 235.28600000 582.28600000 0.82745098 0.52941176 0.53725490
v -30.00000000 235.71400000 582.71400000 0.83921569 0.52941176 0.54117647
v -29.00000000 236.00000000 583.85700000 0.76862745 0.47058824 0.47843137
v -28.00000000 236.85700000 584.85700000 0.77647059 0.48627451 0.49019608
v -27.00000000 237.00000000 586.71400000 0.83921569 0.54901961 0.55294118
v -26.00000000 238.85700000 590.28600000 0.87450980 0.60000000 0.59215686
v -25.85710000 239.42900000 592.28600000 0.76470588 0.55294118 0.51372549
v -25.00000000 240.28600000 594.00000000 0.43921569 0.32156863 0.29019608
v -46.00000000 235.00000000 579.42900000 0.15686275 0.10980392 0.10980392
v -46.00000000 235.42900000 580.42900000 0.25098039 0.16470588 0.17254902
v -45.00000000 235.71400000 580.71400000 0.31372549 0.20000000 0.20784314
v -43.00000000 236.00000000 582.57100000 0.36470588 0.18431373 0.19215686
v -43.00000000 236.14300000 583.14300000 0.40784314 0.21176471 0.21568627
v -42.00000000 236.42900000 583.42900000 0.45098039 0.23529412 0.24705882
v -41.00000000 236.57100000 583.57100000 0.47843137 0.24313725 0.24313725
v -41.00000000 236.71400000 583.71400000 0.50588235 0.25490196 0.25882353
v -40.00000000 236.57100000 583.57100000 0.55294118 0.29411765 0.29803922
v -39.00000000 236.42900000 583.42900000 0.58039216 0.31372549 0.30980392
v -38.00000000 236.28600000 583.14300000 0.62745098 0.35294118 0.36078431
v -37.00000000 236.00000000 582.71400000 0.65490196 0.37254902 0.38431373
v -36.00000000 236.00000000 582.14300000 0.70196078 0.40000000 0.42352941
v -35.00000000 236.00000000 582.14300000 0.72156863 0.41960784 0.45098039
v -34.00000000 236.00000000 581.71400000 0.76078431 0.46666667 0.48235294
v -31.00000000 236.00000000 581.71400000 0.80784314 0.50196078 0.50196078
v -30.00000000 236.00000000 582.42900000 0.81960784 0.50588235 0.51764706
v -29.00000000 236.85700000 583.85700000 0.77647059 0.47843137 0.48627451
v -28.00000000 237.00000000 584.85700000 0.79607843 0.50588235 0.50980392
v -28.00000000 237.57100000 585.57100000 0.81568627 0.51764706 0.51764706
v -27.00000000 238.00000000 586.71400000 0.84705882 0.54901961 0.54901961
v -26.00000000 239.42900000 590.42900000 0.87450980 0.61960784 0.60392157
v -25.71430000 240.00000000 592.00000000 0.70980392 0.53725490 0.50196078
v -25.00000000 240.71400000 594.14300000 0.39215686 0.31372549 0.28627451
v -45.42860000 235.42900000 579.42900000 0.21568627 0.14117647 0.14901961
v -44.00000000 236.00000000 580.71400000 0.32549020 0.20784314 0.20784314
v -44.00000000 236.57100000 581.57100000 0.36078431 0.20784314 0.21176471
v -42.00000000 237.00000000 583.00000000 0.44313725 0.24313725 0.23921569
v -41.00000000 237.00000000 583.00000000 0.47843137 0.25098039 0.24705882
v -40.00000000 237.00000000 583.42900000 0.55686275 0.30196078 0.29411765
v -39.00000000 237.00000000 583.00000000 0.58431373 0.31764706 0.31372549
v -38.00000000 237.00000000 582.42900000 0.63137255 0.35686275 0.36470588
v -37.00000000 236.85700000 582.14300000 0.65490196 0.37254902 0.38431373
v -36.00000000 236.85700000 582.00000000 0.68627451 0.39215686 0.41176471
v -36.00000000 236.71400000 581.85700000 0.71764706 0.40784314 0.43137255
v -35.00000000 236.57100000 581.57100000 0.74117647 0.43137255 0.45490196
v -34.00000000 236.14300000 581.14300000 0.78039216 0.47058824 0.48235294
v -33.00000000 236.00000000 580.85700000 0.78039216 0.47450980 0.47450980
v -32.00000000 236.00000000 581.00000000 0.79607843 0.49019608 0.49019608
v -31.00000000 236.28600000 581.28600000 0.79607843 0.49019608 0.49019608
v -31.00000000 236.71400000 581.71400000 0.79215686 0.47843137 0.48235294
v -29.00000000 237.00000000 582.71400000 0.79215686 0.47843137 0.49019608
v -28.00000000 237.42900000 584.42900000 0.81176471 0.52156863 0.52549020
v -27.00000000 238.42900000 586.42900000 0.85490196 0.55686275 0.55686275
v -27.00000000 239.00000000 588.42900000 0.86666667 0.58431373 0.58823529
v -26.00000000 240.00000000 590.42900000 0.86666667 0.62745098 0.62352941
v -26.00000000 241.00000000 592.28600000 0.63921569 0.49411765 0.45882353
v -45.14290000 236.00000000 578.71400000 0.18431373 0.12549020 0.13725490
v -45.00000000 236.00000000 579.42900000 0.25098039 0.18039216 0.18039216
v -44.00000000 236.42900000 580.42900000 0.31764706 0.20392157 0.21176471
v -44.00000000 236.71400000 580.85700000 0.34509804 0.20784314 0.20000000
v -43.00000000 237.00000000 581.71400000 0.35294118 0.18039216 0.17647059
v -42.85710000 237.00000000 581.85700000 0.40392157 0.21568627 0.20784314
v -42.00000000 237.14300000 582.14300000 0.44705882 0.24705882 0.24313725
v -41.00000000 237.42900000 582.42900000 0.50588235 0.26274510 0.26666667
v -40.00000000 237.42900000 582.42900000 0.53333333 0.28235294 0.27450980
v -39.42860000 237.42900000 582.42900000 0.54901961 0.29411765 0.28627451
v -39.00000000 237.42900000 582.42900000 0.59607843 0.32941176 0.32549020
v -38.00000000 237.28600000 582.28600000 0.63529412 0.36078431 0.36078431
v -37.00000000 237.00000000 581.85700000 0.65098039 0.36862745 0.38039216
v -36.00000000 237.00000000 581.28600000 0.71372549 0.40392157 0.42745098
v -33.00000000 236.85700000 580.85700000 0.75294118 0.43921569 0.44313725
v -32.85710000 236.85700000 580.85700000 0.78039216 0.47450980 0.46666667
v -30.00000000 237.00000000 581.85700000 0.76862745 0.45490196 0.46666667
v -29.00000000 237.71400000 582.71400000 0.79607843 0.48627451 0.50588235
v -28.00000000 238.00000000 584.14300000 0.82352941 0.52941176 0.54509804
v -28.00000000 238.42900000 585.42900000 0.84313725 0.55294118 0.55686275
v -27.00000000 239.14300000 586.57100000 0.86274510 0.57254902 0.57647059
v -27.00000000 240.00000000 588.42900000 0.87058824 0.58823529 0.60000000
v -26.00000000 240.28600000 590.28600000 0.85882353 0.63137255 0.62745098
v -26.00000000 241.28600000 592.28600000 0.58431373 0.45490196 0.41960784
v -45.00000000 236.42900000 578.57100000 0.21568627 0.16078431 0.15686275
v -43.00000000 237.14300000 580.85700000 0.35686275 0.19607843 0.21176471
v -42.14290000 237.14300000 581.00000000 0.38823529 0.21176471 0.22352941
v -42.00000000 237.28600000 581.28600000 0.43529412 0.23137255 0.24705882
v -41.00000000 237.57100000 581.57100000 0.48627451 0.25490196 0.27058824
v -41.00000000 237.85700000 582.28600000 0.51764706 0.26666667 0.27058824
v -40.00000000 237.85700000 582.28600000 0.54117647 0.28235294 0.28627451
v -39.42860000 237.85700000 582.28600000 0.56470588 0.29019608 0.29019608
v -39.00000000 237.85700000 582.14300000 0.59607843 0.32549020 0.30588235
v -38.00000000 237.57100000 581.57100000 0.63529412 0.34509804 0.33333333
v -37.00000000 237.42900000 581.42900000 0.65882353 0.36470588 0.34509804
v -36.00000000 237.28600000 581.14300000 0.68627451 0.38039216 0.36470588
v -35.00000000 237.00000000 580.71400000 0.70196078 0.39607843 0.38039216
v -34.00000000 237.00000000 580.42900000 0.72549020 0.41960784 0.38039216
v -33.00000000 237.00000000 580.42900000 0.77254902 0.45882353 0.42352941
v -32.42860000 237.00000000 580.42900000 0.78431373 0.47450980 0.45490196
v -32.00000000 237.00000000 580.42900000 0.76862745 0.46274510 0.44705882
v -31.00000000 237.00000000 580.85700000 0.75294118 0.46274510 0.45098039
v -31.00000000 237.14300000 581.14300000 0.75294118 0.45882353 0.44705882
v -30.00000000 237.85700000 581.85700000 0.79215686 0.45882353 0.47058824
v -29.00000000 238.00000000 582.85700000 0.83529412 0.49803922 0.50980392
v -29.00000000 238.42900000 583.42900000 0.85490196 0.53333333 0.54901961
v -28.00000000 239.00000000 584.57100000 0.84313725 0.53725490 0.53725490
v -27.00000000 239.57100000 586.71400000 0.85882353 0.58823529 0.56862745
v -26.00000000 241.14300000 590.57100000 0.80392157 0.58431373 0.58823529
v -44.00000000 237.42900000 579.42900000 0.31764706 0.20000000 0.20000000
v -41.00000000 238.00000000 580.71400000 0.47450980 0.24313725 0.25098039
v -40.00000000 238.00000000 581.42900000 0.53333333 0.27843137 0.27058824
v -39.00000000 238.00000000 581.57100000 0.57647059 0.30588235 0.28627451
v -38.00000000 238.00000000 581.14300000 0.61960784 0.32941176 0.31764706
v -37.28570000 238.00000000 581.14300000 0.63921569 0.35294118 0.32941176
v -37.00000000 238.00000000 580.85700000 0.65098039 0.35686275 0.33725490
v -36.00000000 238.00000000 580.42900000 0.67843137 0.37254902 0.35686275
v -32.00000000 238.00000000 580.00000000 0.76862745 0.44313725 0.42745098
v -31.00000000 238.00000000 580.71400000 0.74901961 0.44313725 0.43529412
v -30.00000000 238.00000000 581.85700000 0.81960784 0.48627451 0.49803922
v -29.00000000 238.57100000 582.57100000 0.85882353 0.52549020 0.53725490
v -29.00000000 239.00000000 583.57100000 0.85882353 0.54901961 0.56078431
v -28.00000000 239.57100000 584.57100000 0.86274510 0.57254902 0.56862745
v -27.00000000 240.42900000 587.42900000 0.86274510 0.60000000 0.57647059
v -27.00000000 241.28600000 589.00000000 0.87843137 0.60392157 0.59607843
v -26.00000000 242.28600000 591.00000000 0.75686275 0.52549020 0.53333333
v -45.00000000 237.00000000 577.14300000 0.14901961 0.10588235 0.12156863
v -44.00000000 237.00000000 577.42900000 0.24313725 0.16078431 0.18039216
v -43.85710000 237.42900000 578.28600000 0.30980392 0.20000000 0.19607843
v -43.00000000 237.85700000 578.85700000 0.34901961 0.19607843 0.20000000
v -41.00000000 238.42900000 580.28600000 0.46274510 0.23137255 0.23921569
v -40.85710000 238.57100000 580.42900000 0.49411765 0.24313725 0.24313725
v -39.00000000 238.85700000 581.14300000 0.55686275 0.28627451 0.25882353
v -38.00000000 238.85700000 581.14300000 0.59215686 0.30588235 0.28235294
v -37.00000000 238.71400000 580.57100000 0.63921569 0.33333333 0.31764706
v -36.00000000 238.42900000 580.28600000 0.66666667 0.35686275 0.34117647
v -35.00000000 238.00000000 579.57100000 0.68235294 0.37647059 0.36078431
v -34.00000000 238.00000000 579.57100000 0.70588235 0.39607843 0.37647059
v -33.00000000 238.00000000 579.57100000 0.76470588 0.43921569 0.41568627
v -31.00000000 238.71400000 580.71400000 0.77254902 0.45490196 0.45098039
v -31.00000000 238.85700000 581.00000000 0.80784314 0.49411765 0.49019608
v -30.00000000 239.00000000 581.85700000 0.83921569 0.52549020 0.52941176
v -29.14290000 239.14300000 583.00000000 0.87058824 0.56470588 0.56470588
v -29.00000000 239.71400000 583.71400000 0.85098039 0.56862745 0.57254902
v -28.00000000 240.00000000 585.00000000 0.87058824 0.59607843 0.59607843
v -27.00000000 241.14300000 587.71400000 0.87058824 0.60392157 0.59215686
v -27.00000000 242.14300000 589.71400000 0.86274510 0.61176471 0.61176471
v -26.00000000 243.00000000 591.28600000 0.66274510 0.45882353 0.47450980
v -44.00000000 237.85700000 577.28600000 0.20392157 0.14117647 0.15294118
v -43.42860000 238.00000000 577.42900000 0.29019608 0.18039216 0.17647059
v -43.00000000 238.00000000 578.42900000 0.34509804 0.19607843 0.19215686
v -42.00000000 238.00000000 578.71400000 0.38039216 0.20784314 0.20392157
v -42.00000000 238.42900000 579.14300000 0.42352941 0.22352941 0.21960784
v -41.00000000 238.71400000 579.71400000 0.46274510 0.23529412 0.23137255
v -40.85710000 238.85700000 580.00000000 0.48627451 0.23529412 0.23529412
v -40.00000000 238.85700000 580.28600000 0.50588235 0.25098039 0.23529412
v -39.00000000 239.00000000 580.42900000 0.52549020 0.25098039 0.24313725
v -38.00000000 239.00000000 580.28600000 0.57254902 0.28627451 0.26274510
v -37.00000000 238.85700000 579.85700000 0.62352941 0.31372549 0.29803922
v -36.00000000 238.85700000 579.85700000 0.64705882 0.33725490 0.32156863
v -36.00000000 238.57100000 579.57100000 0.67058824 0.35294118 0.34117647
v -35.00000000 238.57100000 579.57100000 0.69019608 0.38039216 0.36470588
v -34.00000000 238.42900000 579.42900000 0.71764706 0.40784314 0.39215686
v -34.00000000 238.57100000 579.57100000 0.71764706 0.40392157 0.37647059
v -33.00000000 238.57100000 579.57100000 0.75294118 0.42745098 0.41176471
v -31.00000000 239.00000000 581.00000000 0.81176471 0.49411765 0.49019608
v -31.00000000 239.14300000 581.14300000 0.84705882 0.53333333 0.52941176
v -30.00000000 239.85700000 582.00000000 0.85882353 0.56470588 0.55294118
v -29.14290000 240.00000000 583.00000000 0.87450980 0.58431373 0.58039216
v -29.00000000 240.42900000 584.28600000 0.87843137 0.60000000 0.59215686
v -28.00000000 241.00000000 585.57100000 0.87450980 0.60000000 0.60000000
v -28.00000000 242.00000000 587.14300000 0.86274510 0.59607843 0.58431373
v -27.00000000 242.42900000 588.42900000 0.87058824 0.61960784 0.61176471
v -27.00000000 243.00000000 590.14300000 0.81568627 0.58823529 0.58431373
v -26.00000000 243.85700000 592.14300000 0.56862745 0.40392157 0.41176471
v -44.00000000 238.00000000 576.42900000 0.16862745 0.11764706 0.14509804
v -42.00000000 238.71400000 578.00000000 0.38431373 0.21176471 0.20000000
v -41.00000000 239.00000000 578.85700000 0.46274510 0.23529412 0.22745098
v -40.28570000 239.00000000 579.14300000 0.48235294 0.23137255 0.23137255
v -40.00000000 239.14300000 579.85700000 0.49019608 0.24313725 0.22352941
v -39.00000000 239.14300000 579.85700000 0.54117647 0.27058824 0.24313725
v -38.00000000 239.14300000 579.85700000 0.57254902 0.28627451 0.26274510
v -37.00000000 239.00000000 579.57100000 0.62745098 0.30980392 0.29411765
v -36.00000000 239.00000000 579.57100000 0.65882353 0.34117647 0.32549020
v -35.57140000 239.00000000 579.57100000 0.68235294 0.35686275 0.34117647
v -35.00000000 239.00000000 579.42900000 0.69411765 0.37647059 0.36470588
v -34.00000000 239.00000000 579.42900000 0.72156863 0.40392157 0.39215686
v -33.00000000 239.00000000 579.57100000 0.77254902 0.43921569 0.42745098
v -32.00000000 239.00000000 580.00000000 0.81568627 0.47843137 0.48235294
v -31.00000000 240.00000000 581.00000000 0.83529412 0.52156863 0.51764706
v -30.00000000 240.28600000 582.28600000 0.86274510 0.57254902 0.56078431
v -29.28570000 241.00000000 583.28600000 0.86666667 0.57647059 0.57254902
v -29.00000000 241.00000000 584.71400000 0.88627451 0.58823529 0.58823529
v -28.00000000 241.71400000 586.14300000 0.87058824 0.57254902 0.58039216
v -28.00000000 242.57100000 587.57100000 0.87058824 0.59215686 0.58431373
v -27.00000000 243.14300000 589.14300000 0.84705882 0.59607843 0.59607843
v -27.00000000 244.00000000 590.85700000 0.70196078 0.50588235 0.50196078
v -43.00000000 238.42900000 576.42900000 0.24705882 0.16862745 0.16470588
v -43.00000000 238.57100000 576.71400000 0.33333333 0.21176471 0.20000000
v -42.00000000 238.85700000 577.28600000 0.38431373 0.22352941 0.20784314
v -41.85710000 238.85700000 577.57100000 0.41568627 0.22352941 0.20784314
v -41.00000000 239.28600000 578.14300000 0.45882353 0.23137255 0.22352941
v -36.00000000 240.00000000 579.14300000 0.66274510 0.33725490 0.32156863
v -35.28570000 240.00000000 579.28600000 0.67843137 0.34509804 0.33333333
v -35.00000000 240.00000000 579.14300000 0.69411765 0.36862745 0.35294118
v -34.00000000 240.00000000 579.42900000 0.72941176 0.39607843 0.38431373
v -33.00000000 240.00000000 579.57100000 0.79607843 0.44313725 0.44313725
v -32.00000000 240.00000000 580.00000000 0.80392157 0.46666667 0.46274510
v -31.00000000 240.14300000 581.14300000 0.85490196 0.54509804 0.52941176
v -31.00000000 240.85700000 581.85700000 0.88235294 0.57647059 0.56078431
v -30.00000000 241.14300000 582.85700000 0.87058824 0.58039216 0.56862745
v -29.71430000 241.71400000 584.00000000 0.87058824 0.57254902 0.57254902
v -29.00000000 242.42900000 585.42900000 0.87058824 0.57254902 0.57254902
v -28.00000000 243.00000000 586.57100000 0.86666667 0.56862745 0.57647059
v -28.00000000 243.57100000 588.57100000 0.87843137 0.59607843 0.60000000
v -27.00000000 244.14300000 589.85700000 0.79215686 0.55686275 0.55686275
v -43.00000000 239.00000000 575.57100000 0.21568627 0.14509804 0.13725490
v -42.00000000 239.00000000 576.42900000 0.38431373 0.23137255 0.21176471
v -41.71430000 239.00000000 576.71400000 0.41960784 0.22745098 0.21176471
v -41.00000000 239.57100000 577.42900000 0.45098039 0.23529412 0.22352941
v -40.00000000 239.57100000 577.42900000 0.48627451 0.24705882 0.23529412
v -40.00000000 239.85700000 578.14300000 0.51372549 0.26666667 0.23921569
v -39.00000000 239.85700000 578.14300000 0.54509804 0.28235294 0.25882353
v -36.00000000 240.14300000 579.14300000 0.66666667 0.33333333 0.31372549
v -35.14290000 240.14300000 579.14300000 0.69019608 0.34509804 0.32941176
v -35.00000000 240.14300000 579.14300000 0.70196078 0.36862745 0.35686275
v -34.00000000 240.14300000 579.14300000 0.73725490 0.39215686 0.38431373
v -34.00000000 240.57100000 579.57100000 0.76470588 0.41176471 0.40784314
v -33.00000000 240.57100000 579.57100000 0.78431373 0.43137255 0.43137255
v -32.00000000 241.00000000 580.57100000 0.80784314 0.46274510 0.45882353
v -31.00000000 241.00000000 581.14300000 0.85882353 0.55294118 0.53725490
v -31.00000000 241.14300000 582.00000000 0.87843137 0.58431373 0.56470588
v -30.00000000 241.85700000 583.28600000 0.87058824 0.59215686 0.56862745
v -29.85710000 242.42900000 584.28600000 0.87450980 0.58431373 0.57254902
v -29.00000000 243.14300000 585.85700000 0.87058824 0.58039216 0.57647059
v -28.00000000 244.00000000 587.14300000 0.87058824 0.58823529 0.59215686
v -28.00000000 244.14300000 588.85700000 0.83921569 0.58039216 0.58431373
v -27.00000000 245.00000000 590.57100000 0.67058824 0.47450980 0.47058824
v -43.00000000 239.14300000 574.57100000 0.17647059 0.10588235 0.09803922
v -43.00000000 239.42900000 575.42900000 0.29803922 0.18431373 0.16862745
v -42.00000000 239.57100000 575.57100000 0.38039216 0.23529412 0.21176471
v -41.28570000 239.85700000 576.14300000 0.42745098 0.23921569 0.22352941
v -40.00000000 240.00000000 576.85700000 0.49803922 0.25882353 0.24705882
v -39.00000000 240.00000000 577.71400000 0.54509804 0.28235294 0.25882353
v -38.71430000 240.00000000 577.71400000 0.56470588 0.29803922 0.26274510
v -38.00000000 240.00000000 577.85700000 0.59607843 0.30196078 0.27843137
v -37.00000000 240.00000000 578.00000000 0.62745098 0.31372549 0.28627451
v -37.00000000 240.28600000 578.28600000 0.66274510 0.31764706 0.30196078
v -36.00000000 240.28600000 578.28600000 0.68627451 0.34117647 0.32549020
v -35.00000000 240.71400000 578.71400000 0.70588235 0.35686275 0.34117647
v -34.00000000 241.00000000 579.14300000 0.74117647 0.39607843 0.38823529
v -33.00000000 241.00000000 579.71400000 0.80392157 0.45098039 0.45882353
v -32.00000000 241.71400000 580.71400000 0.81176471 0.48235294 0.48235294
v -31.00000000 242.00000000 581.85700000 0.83137255 0.54509804 0.52156863
v -30.00000000 242.85700000 583.85700000 0.84313725 0.58039216 0.54901961
v -30.00000000 243.00000000 584.85700000 0.83529412 0.58039216 0.55686275
v -29.00000000 244.00000000 586.42900000 0.85098039 0.58431373 0.57254902
v -28.14290000 244.71400000 587.85700000 0.84313725 0.59215686 0.58431373
v -28.00000000 245.00000000 589.57100000 0.73725490 0.52156863 0.50980392
v -27.00000000 245.85700000 591.28600000 0.51764706 0.36470588 0.34509804
v -41.00000000 239.85700000 575.14300000 0.42352941 0.25098039 0.23921569
v -40.00000000 240.14300000 576.00000000 0.49019608 0.27450980 0.25490196
v -39.00000000 240.71400000 576.71400000 0.56862745 0.30196078 0.30588235
v -38.28570000 240.85700000 577.14300000 0.58823529 0.29803922 0.29411765
v -36.00000000 241.00000000 578.28600000 0.69019608 0.34901961 0.31372549
v -35.00000000 241.00000000 578.28600000 0.70588235 0.35686275 0.33333333
v -34.00000000 241.14300000 579.00000000 0.74901961 0.41568627 0.38823529
v -34.00000000 241.71400000 579.71400000 0.76078431 0.43921569 0.39607843
v -33.00000000 241.85700000 580.00000000 0.79607843 0.46666667 0.42745098
v -32.00000000 242.00000000 580.42900000 0.82745098 0.47843137 0.46274510
v -32.00000000 242.42900000 581.42900000 0.83921569 0.49411765 0.49019608
v -31.00000000 243.00000000 582.28600000 0.82352941 0.51764706 0.50980392
v -31.00000000 243.42900000 583.42900000 0.80784314 0.52941176 0.52156863
v -30.00000000 244.00000000 584.42900000 0.79607843 0.54901961 0.52941176
v -29.00000000 244.85700000 586.85700000 0.84313725 0.58823529 0.58039216
v -28.71430000 245.71400000 588.71400000 0.78039216 0.54509804 0.55294118
v -28.00000000 246.00000000 590.00000000 0.58039216 0.40392157 0.41568627
v -42.57140000 239.57100000 573.71400000 0.17254902 0.12941176 0.12156863
v -42.00000000 239.71400000 573.85700000 0.30980392 0.19215686 0.18431373
v -41.00000000 240.00000000 574.42900000 0.41176471 0.23921569 0.22745098
v -40.00000000 240.28600000 575.28600000 0.53333333 0.28627451 0.26666667
v -37.00000000 241.00000000 576.85700000 0.64313725 0.33333333 0.31372549
v -36.00000000 241.42900000 577.42900000 0.71372549 0.36470588 0.34901961
v -34.00000000 242.00000000 578.85700000 0.76078431 0.41568627 0.41176471
v -33.00000000 242.14300000 580.00000000 0.76862745 0.46666667 0.44313725
v -32.00000000 242.71400000 580.71400000 0.79607843 0.48627451 0.47058824
v -32.00000000 243.00000000 581.42900000 0.81568627 0.50980392 0.49411765
v -31.00000000 243.71400000 582.71400000 0.80784314 0.52941176 0.51372549
v -30.00000000 244.85700000 584.85700000 0.79607843 0.54117647 0.52549020
v -30.00000000 245.00000000 586.14300000 0.81176471 0.56078431 0.55294118
v -29.00000000 245.57100000 587.57100000 0.76078431 0.52549020 0.52156863
v -28.71430000 246.00000000 588.71400000 0.63137255 0.44313725 0.44313725
v -42.00000000 240.14300000 572.85700000 0.23529412 0.15294118 0.14901961
v -41.00000000 240.42900000 573.42900000 0.34509804 0.20784314 0.19215686
v -39.42860000 241.00000000 574.42900000 0.52549020 0.27843137 0.25098039
v -38.00000000 241.00000000 575.42900000 0.56078431 0.32549020 0.29411765
v -38.00000000 241.14300000 576.00000000 0.59215686 0.34509804 0.31764706
v -37.00000000 241.14300000 576.14300000 0.62352941 0.35294118 0.32549020
v -37.00000000 241.42900000 576.42900000 0.65098039 0.36470588 0.34117647
v -35.00000000 242.00000000 577.57100000 0.70196078 0.38823529 0.38431373
v -35.00000000 242.28600000 578.28600000 0.71372549 0.39607843 0.39215686
v -34.00000000 242.57100000 578.57100000 0.73333333 0.41960784 0.42352941
v -34.00000000 242.85700000 579.14300000 0.74901961 0.44313725 0.44313725
v -33.00000000 243.00000000 580.00000000 0.77647059 0.47843137 0.47843137
v -32.14290000 243.14300000 581.00000000 0.80000000 0.50980392 0.49803922
v -32.00000000 243.85700000 582.00000000 0.79215686 0.50196078 0.49019608
v -31.00000000 244.00000000 582.85700000 0.79215686 0.50196078 0.49019608
v -30.00000000 245.14300000 585.14300000 0.82745098 0.54901961 0.54117647
v -29.00000000 246.00000000 587.57100000 0.62745098 0.42352941 0.43137255
v -41.00000000 240.71400000 572.85700000 0.29803922 0.19607843 0.19215686
v -39.00000000 241.14300000 574.14300000 0.56470588 0.29411765 0.27450980
v -38.00000000 241.42900000 574.42900000 0.57254902 0.31764706 0.29411765
v -36.00000000 242.00000000 576.42900000 0.69803922 0.38039216 0.37647059
v -35.00000000 242.42900000 577.42900000 0.71764706 0.38039216 0.39215686
v -35.00000000 242.57100000 577.57100000 0.72941176 0.39215686 0.40392157
v -34.00000000 243.00000000 578.42900000 0.74901961 0.40784314 0.43137255
v -34.00000000 243.28600000 579.00000000 0.72941176 0.42352941 0.42352941
v -33.00000000 243.71400000 580.00000000 0.74901961 0.45098039 0.45098039
v -32.14290000 244.14300000 581.00000000 0.74901961 0.47058824 0.45490196
v -31.00000000 245.00000000 582.85700000 0.78039216 0.49019608 0.47843137
v -31.00000000 245.28600000 584.28600000 0.78823529 0.51372549 0.50588235
v -30.00000000 246.00000000 585.42900000 0.71372549 0.46274510 0.46666667
v -30.00000000 246.42900000 586.42900000 0.58431373 0.38823529 0.40000000
v -29.00000000 247.00000000 587.85700000 0.45098039 0.32941176 0.35294118
v -40.00000000 241.00000000 572.71400000 0.45882353 0.23137255 0.22352941
v -39.00000000 241.00000000 573.00000000 0.51372549 0.26274510 0.25490196
v -39.00000000 241.28600000 573.28600000 0.54509804 0.27843137 0.26666667
v -38.00000000 241.57100000 573.57100000 0.55294118 0.30588235 0.27058824
v -36.42860000 242.42900000 575.42900000 0.66274510 0.36862745 0.34509804
v -36.00000000 242.85700000 576.28600000 0.69019608 0.38823529 0.35686275
v -35.00000000 243.00000000 577.00000000 0.70196078 0.40000000 0.37647059
v -34.00000000 243.42900000 578.42900000 0.72941176 0.41960784 0.40392157
v -34.00000000 243.71400000 579.00000000 0.73333333 0.42745098 0.41176471
v -33.00000000 244.28600000 580.00000000 0.73333333 0.43921569 0.41960784
v -32.00000000 244.85700000 580.85700000 0.74509804 0.46666667 0.44313725
v -32.00000000 245.14300000 581.85700000 0.76862745 0.50588235 0.48235294
v -31.00000000 245.85700000 582.85700000 0.76078431 0.51372549 0.49411765
v -30.00000000 246.14300000 585.14300000 0.51372549 0.37254902 0.37254902
v -41.00000000 241.00000000 571.42900000 0.12549020 0.09019608 0.09411765
v -41.00000000 241.14300000 572.14300000 0.21176471 0.11372549 0.09803922
v -40.00000000 241.14300000 572.14300000 0.31372549 0.15294118 0.13725490
v -39.00000000 241.57100000 572.57100000 0.40784314 0.20784314 0.19607843
v -39.00000000 241.85700000 572.85700000 0.49019608 0.25882353 0.24313725
v -37.00000000 242.00000000 573.85700000 0.62745098 0.34117647 0.31372549
v -36.14290000 242.57100000 574.71400000 0.66274510 0.36078431 0.32941176
v -35.00000000 243.42900000 576.42900000 0.70980392 0.40392157 0.36470588
v -35.00000000 243.85700000 577.00000000 0.72156863 0.41176471 0.38431373
v -34.00000000 244.00000000 578.00000000 0.72941176 0.41960784 0.40000000
v -34.00000000 244.28600000 579.00000000 0.72156863 0.40392157 0.38823529
v -33.00000000 244.71400000 580.00000000 0.73725490 0.42352941 0.41960784
v -32.14290000 245.14300000 580.85700000 0.71764706 0.43921569 0.42352941
v -32.00000000 245.71400000 581.71400000 0.67843137 0.42745098 0.42745098
v -31.00000000 246.00000000 582.85700000 0.59607843 0.39607843 0.39215686
v -31.00000000 246.71400000 583.71400000 0.49019608 0.34901961 0.35686275
v -40.00000000 242.00000000 571.28600000 0.22352941 0.16078431 0.16078431
v -39.00000000 242.00000000 571.57100000 0.29019608 0.17254902 0.17254902
v -38.00000000 242.00000000 572.57100000 0.47843137 0.26274510 0.28235294
v -37.85710000 242.85700000 573.00000000 0.54117647 0.28627451 0.30196078
v -37.00000000 243.00000000 573.57100000 0.58431373 0.31764706 0.32156863
v -36.00000000 243.00000000 574.14300000 0.62352941 0.33333333 0.33725490
v -36.00000000 243.14300000 574.85700000 0.66274510 0.35686275 0.34901961
v -35.00000000 243.71400000 575.85700000 0.67843137 0.36470588 0.36078431
v -35.00000000 244.14300000 576.71400000 0.68235294 0.36862745 0.36470588
v -34.00000000 244.57100000 577.57100000 0.68627451 0.38823529 0.38823529
v -34.00000000 245.00000000 578.28600000 0.65490196 0.38823529 0.39215686
v -33.00000000 245.00000000 579.28600000 0.61568627 0.38039216 0.38823529
v -32.00000000 245.28600000 580.14300000 0.54901961 0.35686275 0.36862745
v -32.00000000 245.85700000 581.28600000 0.46274510 0.32156863 0.33725490
v -35.00000000 244.00000000 575.00000000 0.44705882 0.35686275 0.32549020
f 2813 587 979
f 2813 979 1196
f 3688 3705 3752
f 2813 1196 2492
f 1196 2321 2492
f 1196 2294 2321
f 471 263 78
f 4 167 587
f 979 587 804
f 1196 1231 2294
f 2294 1231 1293
f 3688 3603 3666
f 587 167 414
f 228 414 167
f 587 618 804
f 2166 2139 2294
f 2294 2139 2293
f 2294 2347 2266
f 2294 2293 2347
f 1811 1852 1833
f 1293 1231 1262
f 1581 1608 1609
f 3784 3783 3786
f 3782 3793 3783
f 3786 3783 3793
f 3668 3604 3555
f 3578 3604 3627
f 3688 3687 3705
f 3688 3666 3687
f 3789 3787 3791
f 3786 3793 3791
f 3786 3791 3787
f 1074 1263 1129
f 805 684 830
f 867 830 684
f 867 684 923
f 1074 923 684
f 1074 684 78
f 471 78 684
f 450 475 451
f 228 167 227
f 436 401 435
f 587 586 618
f 315 345 346
f 380 346 379
f 345 379 346
f 2492 2521 2551
f 1899 1877 1852
f 1852 1877 1833
f 1535 1852 1706
f 1655 1633 1653
f 1535 2074 1852
f 1583 1609 1610
f 979 1012 1196
f 1196 1012 1042
f 1196 1073 1103
f 1196 1042 1073
f 1293 1262 1292
f 1196 1230 1231
f 3283 3336 3253
f 3283 3253 3252
f 3783 3770 3769
f 3723 3769 3770
f 3287 3314 3315
f 3556 3555 3538
f 3627 3604 3645
f 3365 3364 3391
f 3555 3513 3443
f 3442 3413 3443
f 3413 3555 3443
f 3365 3391 3392
f 3001 2972 2971
f 2938 2971 2972
f 3465 3512 3554
f 3552 3599 3574
f 3622 3553 3599
f 3553 3574 3599
f 3664 3625 3643
f 3642 3663 3643
f 3603 3644 3666
f 3603 3625 3644
f 3782 3752 3751
f 3782 3751 3781
f 3642 3641 3663
f 3760 3745 3774
f 3096 3064 3095
f 3241 3239 3270
f 3269 3270 3239
f 3192 3104 3163
f 3456 3479 3430
f 58 87 88
f 89 88 121
f 120 121 87
f 88 87 121
f 58 88 59
f 58 57 87
f 1266 1235 1234
f 1263 1197 1129
f 1200 1199 1235
f 1234 1235 1199
f 1366 1367 1335
f 1366 1335 1334
f 1366 1403 1367
f 1017 957 956
f 809 835 836
f 956 957 927
f 293 268 267
f 805 775 684
f 750 684 775
f 923 952 924
f 93 32 65
f 93 94 32
f 70 96 97
f 70 69 96
f 70 36 35
f 70 97 36
f 475 476 451
f 450 474 475
f 503 474 473
f 809 778 808
f 590 621 622
f 201 227 166
f 167 166 227
f 167 137 166
f 1367 1336 1335
f 1367 1368 1336
f 311 309 339
f 40 73 74
f 372 341 340
f 311 339 340
f 609 641 642
f 611 551 549
f 413 446 414
f 587 414 446
f 587 446 470
f 316 347 317
f 345 377 378
f 345 378 379
f 2872 2873 2842
f 2874 2873 2905
f 2492 2635 2661
f 2874 2845 2844
f 2294 2266 2267
f 2457 2348 2267
f 2492 2551 2581
f 2492 2581 2635
f 1811 1833 1832
f 1811 1832 1789
f 1535 1565 1536
f 1535 1466 2074
f 2523 1466 2721
f 2944 2721 1466
f 3283 2944 1466
f 3283 1466 1263
f 1535 1500 1466
f 1330 1362 1363
f 1713 1712 1727
f 1712 1726 1727
f 1811 1831 1852
f 1852 1831 1706
f 1713 1714 1689
f 1609 1634 1610
f 1655 1634 1633
f 1608 1634 1609
f 1608 1633 1634
f 1655 1653 1654
f 1756 1733 1732
f 1731 1732 1697
f 1583 1610 1584
f 1042 1102 1073
f 1103 1073 1102
f 1196 1103 1128
f 1196 1128 1164
f 921 977 922
f 951 922 977
f 1262 1322 1355
f 1262 1355 1292
f 1356 1355 1421
f 1231 1261 1262
f 1231 1230 1261
f 1262 1261 1322
f 1196 1164 1195
f 1196 1195 1230
f 1461 1388 1387
f 1583 1553 1552
f 1554 1553 1584
f 1583 1584 1553
f 1583 1552 1550
f 2944 2914 2721
f 2721 2914 2880
f 2850 2880 2914
f 2721 2849 2814
f 2721 2880 2849
f 2850 2849 2880
f 3283 3413 3362
f 3283 3362 3336
f 3413 3363 3362
f 3170 3254 3201
f 3253 3336 3228
f 3048 3018 3016
f 3283 3106 2944
f 3283 3252 3106
f 3668 3721 3706
f 3668 3768 3721
f 3783 3769 3768
f 3784 3771 3783
f 3783 3771 3770
f 3026 3025 3058
f 3090 3057 3056
f 3091 3057 3090
f 3056 3057 3025
f 3058 3025 3057
f 3256 3257 3203
f 3202 3201 3203
f 3202 3203 3173
f 3175 3173 3204
f 3173 3203 3204
f 3230 3204 3257
f 3257 3204 3203
f 3314 3340 3315
f 3722 3670 3721
f 3669 3670 3647
f 3090 3056 3089
f 3118 3151 3119
f 3180 3211 3151
f 3263 3234 3262
f 3263 3262 3290
f 3178 3210 3179
f 3180 3210 3236
f 3180 3179 3210
f 3263 3290 3264
f 3291 3264 3290
f 3317 3342 3343
f 3175 3174 3173
f 3175 3176 3174
f 3178 3149 3148
f 3148 3149 3117
f 3051 3020 3019
f 3056 3055 3089
f 3581 3626 3627
f 3578 3627 3626
f 3578 3626 3579
f 3580 3558 3579
f 3578 3579 3558
f 3555 3604 3577
f 3555 3577 3538
f 3578 3577 3604
f 3556 3538 3557
f 3578 3558 3557
f 3578 3557 3577
f 3538 3577 3557
f 3668 3667 3604
f 3604 3667 3645
f 3668 3706 3667
f 3645 3667 3706
f 3364 3414 3391
f 3391 3416 3392
f 3442 3416 3391
f 3392 3416 3444
f 3365 3392 3417
f 3392 3444 3417
f 3337 3284 3256
f 3256 3284 3257
f 3257 3284 3311
f 2872 2904 2873
f 2905 2873 2904
f 3554 3575 3601
f 3554 3512 3575
f 3553 3575 3512
f 3622 3575 3553
f 3642 3623 3641
f 3601 3575 3623
f 3642 3602 3623
f 3601 3623 3602
f 3552 3574 3488
f 3598 3599 3573
f 3552 3573 3599
f 3456 3478 3479
f 3434 3457 3435
f 3458 3435 3457
f 3440 3412 3389
f 3196 3249 3250
f 3196 3250 3225
f 3664 3643 3685
f 3663 3685 3643
f 3705 3687 3704
f 3687 3703 3704
f 3664 3685 3665
f 3782 3781 3796
f 3782 3796 3793
f 3622 3621 3641
f 3622 3599 3621
f 3598 3621 3599
f 3791 3777 3776
f 3793 3792 3791
f 3791 3792 3777
f 3789 3774 3759
f 3774 3745 3759
f 3732 3730 3731
f 3091 3059 3057
f 3058 3057 3059
f 3091 3123 3092
f 3090 3089 3120
f 3119 3120 3089
f 3180 3236 3237
f 3266 3237 3236
f 3180 3237 3211
f 3123 3122 3124
f 3095 3064 3063
f 3096 3095 3126
f 3095 3124 3126
f 3269 3239 3213
f 3214 3213 3239
f 3214 3183 3213
f 3269 3213 3212
f 3192 3163 3191
f 3194 3105 3164
f 3105 3073 3164
f 3104 3073 3040
f 3430 3479 3480
f 3434 3480 3457
f 3328 3326 3352
f 3381 3354 3352
f 3428 3429 3404
f 3456 3430 3429
f 3456 3429 3428
f 3291 3265 3264
f 3236 3264 3265
f 3267 3295 3296
f 3296 3295 3324
f 13 12 26
f 11 25 12
f 11 46 25
f 47 25 46
f 12 25 26
f 49 26 25
f 15 14 27
f 49 25 48
f 47 48 25
f 78 79 46
f 47 46 79
f 47 79 48
f 80 48 79
f 15 27 52
f 61 90 62
f 89 90 61
f 89 61 60
f 89 60 88
f 88 60 59
f 118 119 57
f 87 57 119
f 120 87 119
f 118 178 119
f 211 178 177
f 1263 1232 1197
f 1200 1201 1167
f 1442 1403 1441
f 1366 1334 1401
f 1238 1270 1239
f 1301 1270 1300
f 759 695 694
f 664 694 695
f 838 875 839
f 1135 1169 1136
f 805 830 831
f 897 927 928
f 957 928 927
f 1017 986 957
f 809 810 778
f 838 874 875
f 838 836 873
f 838 873 874
f 897 871 927
f 1239 1272 1240
f 1330 1363 1331
f 502 531 473
f 503 473 531
f 502 530 531
f 530 559 531
f 502 472 501
f 448 472 473
f 502 473 472
f 471 501 472
f 471 652 619
f 471 619 588
f 589 556 588
f 471 588 556
f 269 234 233
f 269 233 268
f 390 418 419
f 450 451 418
f 451 419 418
f 296 358 327
f 324 292 291
f 293 267 292
f 324 325 292
f 293 292 325
f 78 263 229
f 78 229 168
f 169 203 170
f 750 751 717
f 751 718 717
f 750 717 684
f 923 980 952
f 981 952 980
f 981 980 1013
f 1074 980 923
f 1074 1013 980
f 1076 1046 1045
f 1074 1043 1013
f 32 94 67
f 69 95 96
f 63 62 91
f 62 90 91
f 664 695 665
f 759 696 695
f 695 696 665
f 629 696 697
f 629 665 696
f 993 963 933
f 878 933 934
f 475 505 476
f 593 595 561
f 593 594 595
f 535 561 595
f 535 595 562
f 589 557 556
f 590 557 589
f 622 621 656
f 658 659 657
f 590 620 621
f 590 589 620
f 687 688 655
f 688 656 655
f 621 655 656
f 18 19 5
f 40 19 73
f 18 73 19
f 102 75 74
f 1204 1240 1241
f 1240 1272 1241
f 1302 1273 1272
f 1242 1241 1273
f 1272 1273 1241
f 1276 1307 1277
f 1276 1277 1247
f 1276 1247 1246
f 1276 1305 1307
f 1276 1275 1305
f 1443 1404 1442
f 1442 1404 1403
f 1367 1403 1404
f 1367 1404 1368
f 787 786 846
f 848 789 788
f 762 788 789
f 1653 1633 1632
f 159 131 158
f 16 36 37
f 97 37 36
f 97 71 37
f 16 38 17
f 72 17 38
f 72 38 71
f 16 37 38
f 71 38 37
f 102 74 100
f 74 73 100
f 18 17 39
f 72 39 17
f 18 39 73
f 73 39 100
f 285 313 286
f 285 286 224
f 257 224 286
f 196 224 257
f 196 223 224
f 196 195 223
f 223 195 194
f 372 374 341
f 436 373 401
f 436 402 373
f 372 401 373
f 372 373 374
f 402 374 373
f 404 463 405
f 250 309 252
f 159 158 192
f 638 670 671
f 638 671 639
f 464 465 438
f 464 463 465
f 676 675 709
f 641 675 642
f 607 640 609
f 609 640 641
f 607 639 640
f 609 642 581
f 618 586 617
f 524 549 495
f 524 494 523
f 524 495 494
f 411 383 382
f 201 262 227
f 201 261 262
f 228 227 262
f 316 317 287
f 316 287 261
f 261 287 262
f 288 262 287
f 413 445 446
f 444 469 445
f 470 446 445
f 470 445 469
f 413 412 445
f 444 445 412
f 444 443 442
f 441 442 443
f 315 314 345
f 315 286 314
f 286 313 314
f 377 406 378
f 377 405 406
f 464 406 463
f 405 463 406
f 649 617 648
f 586 648 617
f 921 922 866
f 951 866 922
f 921 866 893
f 865 893 866
f 2745 2689 2608
f 2874 2844 2811
f 2745 2774 2775
f 2745 2775 2689
f 2842 2873 2843
f 2874 2843 2873
f 2774 2843 2775
f 2776 2775 2843
f 2874 2811 2843
f 2776 2843 2811
f 2889 2890 2854
f 2457 2267 2429
f 2294 2320 2321
f 2321 2320 2348
f 2294 2267 2320
f 2267 2348 2320
f 2321 2349 2430
f 2430 2349 2550
f 2551 2521 2491
f 2686 2714 2687
f 2607 2660 2687
f 2607 2459 2660
f 2459 2606 2660
f 2686 2687 2660
f 2838 2840 2839
f 1725 1747 1748
f 1753 1773 1774
f 1468 1431 1430
f 1468 1430 1467
f 1466 1500 1467
f 1263 1325 1264
f 1263 1264 1232
f 1263 1391 1325
f 1394 1359 1358
f 1326 1358 1359
f 1325 1358 1326
f 1392 1358 1391
f 1325 1391 1358
f 1266 1295 1296
f 1535 1646 1565
f 1535 1706 1646
f 1684 1683 1706
f 1684 1647 1683
f 1647 1646 1683
f 1706 1683 1646
f 1573 1541 1572
f 1624 1599 1598
f 1568 1597 1598
f 1669 1650 1690
f 1669 1626 1650
f 2721 2814 2782
f 2721 2722 2691
f 2613 2639 2640
f 1899 1852 1929
f 1852 2074 1929
f 2117 2171 2173
f 2326 2355 2327
f 1898 1810 1927
f 1898 1897 2072
f 1744 1787 1765
f 1744 1765 1898
f 1810 2002 1927
f 2766 2739 2737
f 1697 1698 1654
f 1697 1732 1698
f 1733 1698 1732
f 1042 1012 1041
f 1042 1041 1102
f 977 1040 1041
f 1163 1193 1194
f 1456 1418 1381
f 1164 1194 1229
f 1164 1229 1195
f 1260 1195 1229
f 1532 1498 1464
f 1465 1464 1498
f 1534 1499 1533
f 1744 1499 1534
f 1744 1465 1499
f 1465 1498 1499
f 1533 1499 1498
f 1426 1390 1357
f 1744 1357 1390
f 1465 1427 1464
f 1744 1427 1465
f 1744 1390 1427
f 1426 1464 1427
f 1426 1427 1390
f 1461 1387 1422
f 1356 1387 1323
f 1293 1292 1323
f 1581 1609 1582
f 1583 1582 1609
f 1583 1550 1582
f 1481 1480 1516
f 3223 3303 3280
f 3280 3303 3304
f 3223 3247 3303
f 3363 3338 3362
f 3364 3338 3363
f 3364 3311 3338
f 3256 3203 3229
f 3201 3229 3203
f 3227 3200 3228
f 3253 3228 3200
f 3227 3252 3200
f 3253 3200 3252
f 3254 3169 3228
f 3109 3169 3110
f 3109 3140 3169
f 3140 3168 3169
f 3254 3228 3255
f 3337 3255 3336
f 3336 3255 3228
f 3337 3256 3255
f 3256 3229 3255
f 3254 3255 3201
f 3201 3255 3229
f 3111 3110 3141
f 3111 3080 3110
f 3111 3082 3080
f 2944 2882 2914
f 2883 2882 2884
f 2947 2982 2916
f 2852 2916 2917
f 2852 2885 2916
f 2883 2884 2885
f 3046 3078 3047
f 3048 3049 3018
f 3111 3112 3082
f 3111 3141 3112
f 3669 3706 3707
f 3721 3707 3706
f 3669 3707 3670
f 3721 3670 3707
f 3722 3721 3738
f 3609 3649 3651
f 3609 3651 3673
f 3723 3691 3709
f 3722 3738 3709
f 3673 3692 3674
f 3673 3691 3692
f 3026 2993 2992
f 3026 2992 3025
f 2961 2929 2928
f 3365 3339 3364
f 3364 3339 3312
f 3230 3231 3206
f 3230 3206 3204
f 3230 3257 3285
f 3230 3285 3258
f 3257 3311 3285
f 3364 3285 3311
f 3364 3312 3285
f 3314 3258 3313
f 3312 3339 3313
f 3314 3313 3340
f 3365 3340 3313
f 3365 3313 3339
f 3370 3343 3369
f 3342 3369 3343
f 3342 3367 3369
f 3645 3706 3646
f 3669 3646 3706
f 3669 3647 3646
f 3606 3647 3630
f 3670 3630 3647
f 3561 3584 3585
f 3561 3520 3584
f 3523 3544 3545
f 3523 3543 3544
f 3452 3451 3473
f 3472 3473 3451
f 3521 3542 3522
f 3542 3543 3522
f 3523 3522 3543
f 3118 3150 3151
f 3180 3150 3179
f 3180 3151 3150
f 3290 3262 3289
f 3178 3209 3210
f 3263 3235 3234
f 3263 3264 3235
f 3234 3235 3209
f 3210 3209 3235
f 3236 3210 3235
f 3236 3235 3264
f 3178 3148 3177
f 3178 3177 3209
f 3086 3116 3117
f 3148 3117 3116
f 2956 2989 2990
f 3089 3055 3088
f 3055 3054 3088
f 3472 3471 3498
f 3471 3497 3498
f 3556 3557 3514
f 3558 3514 3557
f 3442 3391 3415
f 3391 3414 3415
f 3442 3415 3413
f 3413 3415 3414
f 3413 3390 3363
f 3413 3414 3390
f 3364 3363 3390
f 3364 3390 3414
f 3442 3443 3466
f 3442 3466 3416
f 3416 3466 3444
f 3513 3468 3491
f 3556 3492 3555
f 3555 3492 3513
f 3513 3492 3468
f 3365 3417 3393
f 3467 3418 3444
f 3444 3418 3417
f 3417 3418 3393
f 3394 3393 3418
f 2905 2904 2937
f 2938 2905 2937
f 2970 2937 2968
f 2938 2937 2971
f 2970 2971 2937
f 2934 2936 2935
f 2968 2937 2936
f 2935 2936 2904
f 2904 2936 2937
f 2934 2967 2936
f 2968 2936 2967
f 3622 3641 3600
f 3641 3623 3600
f 3622 3600 3575
f 3575 3600 3623
f 3465 3576 3603
f 3465 3554 3576
f 3554 3601 3576
f 3601 3602 3576
f 3603 3624 3625
f 3603 3576 3624
f 3602 3624 3576
f 3625 3624 3643
f 3642 3643 3624
f 3642 3624 3602
f 3574 3537 3488
f 3465 3537 3512
f 3465 3488 3537
f 3552 3488 3511
f 3465 3511 3488
f 3551 3550 3572
f 3598 3573 3572
f 3551 3572 3573
f 3551 3536 3509
f 3245 3221 3244
f 3220 3275 3243
f 3676 3675 3674
f 3591 3567 3566
f 3434 3435 3405
f 3381 3382 3354
f 3617 3568 3546
f 3530 3505 3482
f 3529 3530 3482
f 3282 3360 3309
f 3335 3309 3387
f 3335 3387 3410
f 3309 3360 3387
f 3224 3280 3195
f 3196 3166 3195
f 3224 3195 3166
f 3196 3195 3249
f 3333 3282 3251
f 3333 3386 3408
f 3335 3388 3361
f 3335 3410 3388
f 3663 3702 3685
f 3752 3705 3720
f 3705 3704 3720
f 3750 3719 3736
f 3703 3736 3719
f 3703 3719 3704
f 3687 3665 3686
f 3687 3686 3703
f 3703 3686 3685
f 3685 3686 3665
f 3793 3796 3794
f 3717 3748 3718
f 3736 3718 3748
f 3717 3718 3703
f 3703 3718 3736
f 3736 3748 3749
f 3637 3638 3619
f 3742 3741 3773
f 3757 3773 3741
f 3784 3786 3785
f 3784 3785 3771
f 3787 3757 3772
f 3757 3741 3772
f 3786 3787 3772
f 3786 3772 3785
f 3789 3790 3774
f 3789 3775 3790
f 3791 3776 3797
f 3776 3775 3797
f 3789 3791 3797
f 3789 3797 3775
f 3759 3731 3743
f 3742 3743 3730
f 3730 3743 3731
f 3711 3694 3693
f 3634 3655 3635
f 3745 3744 3759
f 3759 3744 3731
f 3732 3744 3745
f 3732 3731 3744
f 3060 3092 3062
f 3061 3060 3062
f 3027 3029 2994
f 2995 2994 3029
f 3119 3151 3181
f 3119 3181 3120
f 3211 3181 3151
f 3269 3212 3238
f 3154 3155 3122
f 3122 3155 3124
f 3061 3030 2997
f 2997 3030 2999
f 3096 3126 3127
f 3129 3128 3159
f 3189 3160 3159
f 3129 3159 3160
f 3245 3222 3191
f 3009 3071 3103
f 3104 3135 3073
f 3164 3073 3135
f 3192 3135 3104
f 3104 3040 3072
f 3163 3104 3072
f 3009 3072 3040
f 3009 3103 3072
f 3103 3134 3072
f 3163 3072 3134
f 3033 3066 3034
f 3129 3099 3128
f 3098 3099 3068
f 2813 2942 2848
f 2978 2879 2848
f 2978 2848 2942
f 3069 3067 3068
f 3098 3068 3067
f 3034 3066 3067
f 3098 3067 3066
f 3430 3480 3432
f 3434 3432 3480
f 3381 3432 3382
f 3456 3428 3455
f 3428 3404 3455
f 3456 3455 3478
f 3328 3327 3326
f 3298 3297 3327
f 3270 3297 3272
f 3298 3272 3297
f 3326 3351 3352
f 3269 3268 3270
f 3296 3297 3268
f 3270 3268 3297
f 3269 3238 3268
f 3266 3236 3294
f 3236 3265 3294
f 3291 3292 3265
f 49 48 81
f 80 81 48
f 80 109 81
f 49 81 82
f 82 81 111
f 82 112 83
f 82 111 112
f 111 142 112
f 171 173 142
f 80 108 109
f 80 79 108
f 78 108 79
f 145 146 115
f 114 145 115
f 114 115 85
f 86 85 115
f 146 116 115
f 86 115 116
f 15 52 28
f 27 50 52
f 49 82 50
f 52 50 51
f 82 83 50
f 83 51 50
f 89 121 123
f 178 148 177
f 691 658 723
f 691 723 724
f 1238 1202 1201
f 1135 1202 1169
f 1238 1239 1202
f 1200 1235 1236
f 1017 956 985
f 1017 985 1016
f 956 955 985
f 1047 1077 1134
f 1076 1106 1077
f 1076 1077 1046
f 1047 1046 1077
f 1129 1197 1165
f 1129 1165 1166
f 1197 1232 1233
f 1232 1264 1233
f 1074 1104 1043
f 1334 1335 1303
f 1302 1334 1303
f 1302 1303 1273
f 1366 1401 1402
f 1366 1402 1403
f 1403 1402 1441
f 1302 1333 1334
f 1334 1333 1401
f 1363 1362 1398
f 1397 1398 1362
f 1438 1401 1400
f 1438 1400 1437
f 1300 1270 1299
f 1330 1331 1299
f 1300 1299 1331
f 759 727 758
f 759 694 727
f 1135 1107 1134
f 1135 1136 1107
f 1017 1078 1049
f 1049 1078 1079
f 1134 1107 1078
f 1079 1078 1107
f 1047 1134 1078
f 1047 1078 1048
f 1017 1016 1078
f 1016 1048 1078
f 1204 1203 1240
f 1204 1169 1203
f 1239 1240 1203
f 1239 1203 1202
f 1169 1202 1203
f 1136 1108 1107
f 1079 1107 1108
f 983 955 954
f 924 952 953
f 924 953 925
f 983 954 953
f 925 953 954
f 957 958 928
f 957 986 958
f 809 836 837
f 809 837 810
f 838 810 837
f 838 837 836
f 897 873 872
f 836 872 873
f 897 872 871
f 835 871 872
f 835 872 836
f 899 874 898
f 874 873 898
f 897 898 873
f 835 834 871
f 1302 1271 1301
f 1302 1272 1271
f 1239 1270 1271
f 1301 1271 1270
f 1239 1271 1272
f 503 531 532
f 559 532 531
f 471 529 501
f 471 556 529
f 176 146 175
f 176 175 208
f 421 393 392
f 392 393 358
f 268 232 267
f 268 233 232
f 204 232 233
f 204 205 171
f 204 233 205
f 234 205 233
f 324 356 325
f 293 325 294
f 293 294 268
f 269 268 294
f 392 391 419
f 390 419 391
f 390 391 356
f 421 392 420
f 392 419 420
f 421 420 452
f 451 420 419
f 451 476 420
f 476 452 420
f 296 271 270
f 236 271 272
f 236 235 271
f 270 271 235
f 234 235 205
f 269 235 234
f 269 270 235
f 169 202 230
f 169 230 203
f 202 264 230
f 263 352 321
f 263 386 352
f 263 415 386
f 263 290 264
f 263 321 290
f 684 717 685
f 718 685 717
f 1013 1043 1044
f 981 1013 1044
f 32 67 66
f 69 68 95
f 33 68 34
f 69 34 68
f 63 91 92
f 126 92 91
f 63 92 64
f 93 92 126
f 126 91 124
f 155 95 128
f 94 128 95
f 371 339 370
f 156 218 157
f 97 157 98
f 97 98 71
f 72 71 98
f 629 697 630
f 602 601 630
f 629 630 601
f 699 631 698
f 732 731 730
f 732 730 788
f 787 788 730
f 699 731 700
f 635 667 636
f 635 666 667
f 670 735 706
f 670 704 735
f 762 735 734
f 543 577 578
f 638 637 670
f 759 728 696
f 697 696 728
f 697 728 760
f 903 878 843
f 878 879 843
f 878 934 904
f 878 904 879
f 993 933 992
f 878 932 933
f 903 932 878
f 590 622 591
f 622 592 591
f 535 534 561
f 535 505 534
f 535 562 536
f 535 536 505
f 476 505 536
f 562 595 596
f 831 895 832
f 590 558 557
f 590 591 558
f 559 558 591
f 722 690 689
f 722 723 690
f 658 690 723
f 778 754 808
f 657 659 623
f 167 45 77
f 4 10 167
f 1022 1054 1023
f 1055 1023 1054
f 1022 1053 1054
f 676 709 710
f 1174 1209 1175
f 1147 1146 1179
f 934 933 935
f 963 935 933
f 965 936 964
f 963 964 935
f 936 935 964
f 993 992 1056
f 1055 1056 1023
f 909 855 908
f 848 849 789
f 1147 1116 1146
f 1086 1088 1058
f 1086 1058 1057
f 1057 1058 1025
f 1026 1025 1058
f 1475 1510 1511
f 1694 1673 1693
f 1631 1629 1673
f 342 284 312
f 341 342 312
f 254 282 312
f 254 312 284
f 345 344 377
f 345 314 344
f 313 344 314
f 463 491 465
f 311 310 309
f 309 310 252
f 159 192 221
f 607 606 639
f 607 578 606
f 638 639 606
f 670 706 705
f 670 705 671
f 706 707 705
f 673 672 707
f 673 640 672
f 639 672 640
f 639 671 672
f 707 672 705
f 671 705 672
f 524 523 547
f 523 494 493
f 673 674 640
f 709 675 674
f 641 674 675
f 641 640 674
f 524 548 549
f 524 547 548
f 642 582 581
f 611 549 582
f 549 548 582
f 581 582 548
f 649 683 650
f 618 617 650
f 649 650 617
f 804 618 650
f 804 650 683
f 804 716 749
f 804 683 716
f 498 499 497
f 444 468 469
f 444 442 468
f 469 468 499
f 497 499 468
f 526 525 550
f 526 550 552
f 551 552 550
f 549 550 525
f 549 551 550
f 611 583 551
f 584 552 583
f 551 583 552
f 584 613 614
f 498 527 528
f 587 555 586
f 587 528 555
f 587 470 500
f 587 500 528
f 498 528 500
f 498 500 499
f 470 469 500
f 469 499 500
f 442 467 468
f 441 494 466
f 495 466 494
f 441 409 440
f 441 440 494
f 380 440 381
f 381 440 409
f 381 382 348
f 347 348 382
f 380 381 348
f 383 349 382
f 317 347 349
f 347 382 349
f 411 410 443
f 411 382 410
f 441 410 409
f 441 443 410
f 378 406 407
f 408 407 438
f 464 438 407
f 464 407 406
f 748 774 749
f 804 749 774
f 648 647 681
f 680 681 647
f 1070 976 949
f 951 829 866
f 979 804 829
f 979 829 951
f 921 893 920
f 2841 2810 2773
f 2872 2842 2810
f 2872 2810 2841
f 2774 2773 2810
f 2842 2843 2810
f 2774 2810 2843
f 2874 2905 2906
f 2874 2906 2845
f 2938 2906 2905
f 2938 2908 2906
f 3001 2973 2972
f 2794 2793 2827
f 2891 2890 2923
f 2854 2890 2855
f 2857 2855 2891
f 2891 2855 2890
f 2457 2429 2519
f 2321 2348 2400
f 2321 2400 2349
f 2550 2349 2400
f 2550 2400 2489
f 2321 2430 2458
f 2321 2458 2490
f 2459 2580 2606
f 2579 2606 2580
f 2490 2458 2580
f 2430 2580 2458
f 2579 2580 2550
f 2430 2550 2580
f 2521 2350 2491
f 2492 2321 2350
f 2492 2350 2521
f 2607 2634 2459
f 2459 2634 2491
f 2551 2491 2634
f 2866 2836 2865
f 2836 2835 2865
f 2866 2865 2864
f 2836 2837 2805
f 2836 2805 2804
f 2838 2806 2837
f 2805 2837 2806
f 2805 2768 2804
f 2266 2347 2318
f 2266 2318 2428
f 2293 2318 2347
f 2293 2139 2318
f 2166 2318 2139
f 1324 2005 1293
f 2294 1293 2005
f 1324 1357 2005
f 1744 1898 2005
f 1744 2005 1357
f 2686 2713 2714
f 2687 2714 2715
f 2687 2715 2716
f 2743 2716 2715
f 2607 2687 2717
f 2687 2716 2717
f 2607 2717 2634
f 2635 2581 2717
f 2872 2841 2870
f 2841 2840 2870
f 1811 1789 1788
f 1811 1788 1831
f 1706 1831 1788
f 1790 1791 1768
f 1747 1768 1748
f 1712 1711 1726
f 1726 1711 1748
f 1725 1745 1747
f 1725 1724 1745
f 1598 1597 1622
f 1684 1706 1707
f 1706 1745 1707
f 1724 1707 1745
f 1684 1685 1664
f 1684 1707 1685
f 1796 1797 1773
f 1796 1820 1797
f 1774 1773 1797
f 1820 1821 1797
f 1796 1773 1772
f 1879 1878 1901
f 1899 1878 1877
f 1430 1429 1467
f 1466 1467 1429
f 1234 1233 1265
f 1264 1265 1233
f 1266 1234 1265
f 1266 1265 1295
f 1263 1466 1428
f 1263 1428 1391
f 1392 1391 1428
f 1392 1428 1429
f 1466 1429 1428
f 1394 1396 1359
f 1392 1393 1358
f 1392 1429 1393
f 1430 1393 1429
f 1430 1431 1393
f 1394 1393 1431
f 1394 1358 1393
f 1397 1396 1434
f 1726 1750 1727
f 1791 1769 1749
f 1726 1748 1749
f 1726 1749 1750
f 1769 1750 1749
f 1836 1835 1855
f 1791 1835 1814
f 1836 1814 1835
f 1565 1646 1595
f 1647 1595 1646
f 1565 1595 1566
f 1712 1688 1711
f 1667 1711 1688
f 1713 1688 1712
f 1713 1689 1688
f 1573 1572 1601
f 1624 1625 1599
f 1624 1667 1625
f 1650 1625 1667
f 1650 1626 1625
f 2728 2696 2727
f 2721 2748 2722
f 2721 2782 2748
f 2523 2663 2637
f 2665 2693 2639
f 2640 2639 2668
f 2074 1981 1929
f 2074 2006 1981
f 1955 1929 1981
f 2584 2553 2552
f 2526 2552 2553
f 2526 2525 2552
f 2523 2525 2524
f 2268 2245 2222
f 2246 2223 2245
f 2245 2223 2222
f 2074 2075 2057
f 2058 2057 2075
f 2351 2352 2325
f 2524 2463 2462
f 2432 2462 2463
f 2523 2524 2462
f 2246 2245 2297
f 2351 2325 2324
f 2351 2324 2323
f 2524 2494 2463
f 2526 2494 2525
f 2524 2525 2494
f 2249 2248 2273
f 2117 2142 2170
f 2117 2170 2171
f 2249 2273 2274
f 2436 2437 2408
f 1967 1968 1942
f 2210 2182 2209
f 2117 2173 2118
f 1898 1954 1897
f 1898 1927 1954
f 1787 1851 1765
f 1898 1851 1810
f 1898 1765 1851
f 1810 1926 2002
f 1810 1851 1926
f 1924 1875 1952
f 1923 1952 1875
f 1923 1999 1952
f 1744 1764 1787
f 1787 1764 1875
f 2736 2735 2737
f 2766 2737 2735
f 2413 2383 2412
f 1756 1732 1755
f 1731 1755 1732
f 1822 1798 1821
f 1821 1798 1797
f 1696 1695 1716
f 1653 1695 1696
f 1694 1695 1632
f 1653 1632 1695
f 1753 1774 1754
f 1696 1716 1730
f 1731 1730 1755
f 1191 1161 1101
f 1102 1101 1161
f 1351 1352 1289
f 1191 1227 1161
f 1070 1071 1040
f 979 951 978
f 979 978 1012
f 1012 978 1041
f 951 977 978
f 977 1041 978
f 1100 1041 1072
f 1040 1072 1041
f 1040 1071 1072
f 1100 1072 1126
f 1126 1072 1071
f 1163 1127 1193
f 1103 1102 1127
f 1163 1128 1127
f 1103 1127 1128
f 1193 1127 1162
f 1102 1161 1162
f 1102 1162 1127
f 1586 1587 1556
f 1456 1457 1418
f 1381 1349 1380
f 1288 1316 1317
f 1349 1317 1380
f 1286 1313 1314
f 1554 1524 1522
f 916 890 889
f 916 917 890
f 1070 949 975
f 1642 1620 1592
f 1744 1534 1593
f 1423 1389 1388
f 1324 1389 1357
f 1221 1222 1185
f 1092 1093 1063
f 1120 1152 1154
f 1450 1449 1483
f 1409 1449 1410
f 1283 1282 1311
f 1307 1305 1306
f 1305 1338 1306
f 3304 3303 3279
f 3311 3310 3338
f 3337 3310 3284
f 3311 3284 3310
f 3337 3336 3310
f 3168 3199 3169
f 3227 3228 3199
f 3228 3169 3199
f 2850 2914 2881
f 2914 2882 2881
f 2915 2884 2945
f 2882 2945 2884
f 2944 2915 2945
f 2944 2945 2882
f 3013 2948 2982
f 2916 2982 2948
f 2916 2948 2917
f 2852 2917 2886
f 2918 2853 2887
f 2822 2887 2853
f 3048 3016 3079
f 3016 3047 3079
f 3048 3079 3080
f 3078 3079 3047
f 3110 3080 3079
f 3109 3110 3079
f 3109 3079 3078
f 3082 3081 3080
f 3083 3081 3082
f 3051 3019 3050
f 3049 3081 3050
f 3083 3050 3081
f 3051 3050 3084
f 3083 3084 3050
f 3110 3142 3141
f 3110 3169 3142
f 2947 2981 2982
f 3252 3226 3106
f 3227 3226 3252
f 3227 3199 3226
f 3721 3768 3767
f 3721 3767 3738
f 3543 3563 3544
f 3649 3650 3651
f 3673 3672 3691
f 3673 3651 3672
f 3691 3672 3709
f 3690 3709 3672
f 3723 3753 3769
f 3723 3709 3753
f 3738 3753 3709
f 3738 3767 3753
f 3723 3770 3755
f 3723 3755 3739
f 3740 3755 3770
f 3740 3692 3755
f 3739 3755 3692
f 3691 3754 3692
f 3739 3692 3754
f 3723 3754 3691
f 3723 3739 3754
f 2961 2928 2927
f 3175 3204 3205
f 3204 3206 3205
f 3312 3286 3285
f 3312 3313 3286
f 3258 3285 3286
f 3258 3286 3313
f 3315 3340 3341
f 3342 3341 3367
f 3396 3369 3368
f 3367 3368 3369
f 3472 3450 3471
f 3472 3451 3450
f 3396 3419 3420
f 3398 3370 3397
f 3370 3369 3397
f 3448 3397 3420
f 3396 3397 3369
f 3396 3420 3397
f 3722 3708 3670
f 3670 3708 3689
f 3647 3629 3646
f 3581 3629 3559
f 3606 3582 3647
f 3647 3582 3629
f 3559 3629 3582
f 3539 3559 3560
f 3559 3582 3560
f 3670 3689 3648
f 3670 3648 3630
f 3584 3560 3607
f 3649 3607 3648
f 3630 3648 3607
f 3521 3520 3541
f 3561 3541 3520
f 3521 3541 3542
f 3519 3540 3520
f 3584 3520 3540
f 3584 3540 3560
f 3539 3560 3540
f 3452 3422 3451
f 3472 3500 3473
f 3523 3500 3522
f 3523 3501 3500
f 3501 3473 3500
f 3317 3316 3342
f 3206 3207 3205
f 3291 3290 3318
f 3019 3020 2986
f 3020 3021 2987
f 3173 3174 3146
f 3173 3146 3145
f 3145 3146 3114
f 3145 3114 3113
f 2956 2924 2955
f 2955 2924 2923
f 2891 2923 2924
f 3022 3023 2989
f 2989 3023 2990
f 3055 3023 3054
f 3086 3117 3087
f 3054 3053 3087
f 3086 3087 3053
f 3088 3054 3087
f 3472 3498 3499
f 3521 3522 3499
f 3522 3500 3499
f 3472 3499 3500
f 3494 3493 3514
f 3468 3492 3493
f 3556 3514 3493
f 3556 3493 3492
f 3444 3466 3489
f 3513 3489 3443
f 3443 3489 3466
f 3467 3491 3446
f 3494 3446 3493
f 3468 3446 3491
f 3468 3493 3446
f 3394 3366 3393
f 3394 3368 3366
f 3367 3366 3368
f 3340 3366 3341
f 3367 3341 3366
f 2997 2999 2998
f 3064 3032 3000
f 2970 2998 3000
f 2999 3000 2998
f 3001 2971 3000
f 2970 3000 2971
f 2862 2897 2864
f 3465 3441 3511
f 3551 3509 3535
f 3509 3486 3535
f 3551 3535 3550
f 3532 3506 3505
f 3532 3533 3506
f 3507 3506 3533
f 3598 3597 3619
f 3598 3572 3597
f 3552 3510 3573
f 3552 3511 3510
f 3509 3536 3463
f 3550 3571 3572
f 3133 3161 3162
f 3161 3221 3162
f 3245 3162 3221
f 3245 3191 3162
f 3163 3162 3191
f 3163 3134 3162
f 3277 3278 3244
f 3302 3278 3330
f 3277 3330 3278
f 3302 3279 3278
f 3302 3330 3355
f 3329 3353 3330
f 3329 3352 3353
f 3354 3353 3352
f 3220 3218 3275
f 3328 3300 3274
f 3275 3274 3300
f 3275 3218 3274
f 3242 3274 3218
f 3275 3276 3243
f 3277 3276 3300
f 3275 3300 3276
f 3244 3243 3276
f 3277 3244 3276
f 3329 3330 3301
f 3328 3301 3300
f 3277 3301 3330
f 3277 3300 3301
f 3220 3221 3219
f 3161 3219 3221
f 3220 3219 3218
f 3161 3132 3160
f 3133 3132 3161
f 3133 3101 3132
f 3131 3132 3101
f 3611 3586 3610
f 3674 3675 3610
f 3611 3610 3675
f 3673 3674 3610
f 3609 3673 3610
f 3545 3544 3564
f 3544 3563 3564
f 3545 3564 3565
f 3591 3566 3565
f 3479 3478 3503
f 3526 3527 3503
f 3526 3503 3478
f 3567 3528 3527
f 3529 3528 3546
f 3567 3546 3528
f 3529 3480 3528
f 3525 3524 3565
f 3545 3565 3524
f 3523 3545 3524
f 3523 3524 3501
f 3384 3358 3383
f 3435 3383 3405
f 3434 3405 3433
f 3434 3433 3432
f 3382 3432 3433
f 3570 3548 3568
f 3533 3548 3534
f 3532 3548 3533
f 3595 3570 3594
f 3617 3595 3594
f 3532 3547 3548
f 3568 3548 3547
f 3546 3568 3547
f 3458 3457 3481
f 3457 3480 3481
f 3333 3308 3282
f 3333 3408 3308
f 3280 3248 3195
f 3249 3195 3248
f 3280 3304 3248
f 3304 3331 3248
f 3333 3251 3307
f 3225 3307 3251
f 3333 3307 3386
f 3386 3307 3359
f 3389 3361 3411
f 3361 3388 3411
f 3440 3389 3411
f 3752 3737 3751
f 3752 3720 3737
f 3750 3737 3719
f 3704 3737 3720
f 3704 3719 3737
f 3777 3762 3776
f 3777 3792 3762
f 3781 3750 3765
f 3781 3765 3796
f 3763 3764 3748
f 3748 3764 3749
f 3763 3779 3764
f 3637 3618 3636
f 3617 3636 3595
f 3595 3636 3618
f 3641 3621 3640
f 3693 3710 3726
f 3711 3726 3727
f 3711 3693 3726
f 3676 3724 3710
f 3676 3674 3724
f 3674 3692 3724
f 3740 3756 3727
f 3785 3772 3756
f 3727 3756 3772
f 3771 3785 3756
f 3740 3770 3756
f 3770 3771 3756
f 3776 3761 3775
f 3775 3761 3790
f 3789 3788 3787
f 3789 3759 3788
f 3787 3788 3757
f 3742 3773 3758
f 3742 3758 3743
f 3757 3758 3773
f 3757 3788 3758
f 3759 3743 3758
f 3759 3758 3788
f 3711 3741 3728
f 3711 3728 3694
f 3654 3633 3653
f 3680 3679 3695
f 3695 3679 3694
f 3635 3655 3657
f 3635 3657 3636
f 3092 3093 3062
f 2997 2967 2966
f 3061 3028 3060
f 3027 3028 3029
f 2965 2996 2966
f 3061 2996 3028
f 3029 3028 2996
f 2995 2996 2965
f 2995 3029 2996
f 3061 2997 2996
f 2997 2966 2996
f 3091 3121 3123
f 3123 3121 3122
f 3090 3120 3121
f 3091 3090 3121
f 3120 3152 3121
f 3154 3122 3121
f 3154 3121 3152
f 3183 3152 3182
f 3212 3213 3182
f 3183 3182 3213
f 3154 3153 3155
f 3154 3152 3153
f 3183 3153 3152
f 3214 3184 3183
f 3124 3125 3126
f 3124 3155 3125
f 3155 3184 3125
f 3128 3127 3158
f 3187 3159 3158
f 3128 3158 3159
f 3096 3097 3065
f 3128 3097 3127
f 3096 3127 3097
f 3128 3099 3097
f 3098 3097 3099
f 3241 3240 3239
f 3187 3158 3186
f 3189 3217 3218
f 3242 3218 3217
f 3193 3246 3247
f 3193 3222 3246
f 3247 3246 3303
f 3303 3246 3279
f 3245 3279 3246
f 3245 3246 3222
f 3129 3130 3099
f 3131 3130 3132
f 3129 3160 3130
f 3160 3132 3130
f 3068 3099 3100
f 3069 3068 3100
f 3430 3432 3431
f 3430 3431 3429
f 3425 3454 3455
f 3478 3455 3477
f 3455 3454 3477
f 3526 3477 3525
f 3526 3478 3477
f 3241 3270 3271
f 3270 3272 3271
f 3241 3271 3242
f 3380 3351 3350
f 3380 3350 3429
f 3404 3429 3350
f 3295 3294 3322
f 3265 3293 3294
f 3265 3292 3293
f 3321 3322 3293
f 3294 3293 3322
f 3291 3320 3292
f 3374 3402 3375
f 3453 3476 3454
f 3454 3476 3477
f 3452 3474 3453
f 3452 3473 3474
f 3501 3474 3473
f 3453 3474 3476
f 3475 3476 3474
f 173 143 142
f 78 168 138
f 78 138 108
f 109 108 138
f 109 138 140
f 169 138 168
f 109 140 110
f 111 81 110
f 109 110 81
f 169 170 139
f 169 139 138
f 140 138 139
f 111 141 142
f 170 141 139
f 140 139 141
f 111 110 141
f 140 141 110
f 52 51 84
f 83 84 51
f 85 53 84
f 52 84 53
f 29 28 53
f 52 53 28
f 86 116 54
f 89 122 90
f 89 123 122
f 90 122 91
f 120 119 149
f 178 149 119
f 178 179 149
f 117 116 147
f 117 147 148
f 146 147 116
f 176 147 146
f 176 177 147
f 177 148 147
f 1135 1134 1133
f 1135 1133 1202
f 1200 1237 1201
f 1200 1236 1237
f 1238 1201 1237
f 1238 1237 1236
f 1266 1296 1267
f 1016 985 984
f 955 984 985
f 983 1016 984
f 983 984 955
f 1076 1105 1106
f 1106 1105 1132
f 1199 1166 1198
f 1234 1199 1198
f 1234 1198 1233
f 1166 1165 1198
f 1197 1198 1165
f 1197 1233 1198
f 1335 1304 1303
f 1336 1305 1304
f 1335 1336 1304
f 1275 1304 1305
f 1438 1437 1472
f 1508 1509 1472
f 1300 1331 1332
f 1301 1300 1332
f 1302 1301 1332
f 1302 1332 1333
f 1437 1400 1399
f 1437 1399 1436
f 1398 1436 1399
f 1363 1398 1399
f 758 727 726
f 725 726 692
f 877 901 902
f 903 902 932
f 991 932 962
f 901 962 902
f 932 902 962
f 875 874 930
f 899 930 874
f 875 876 839
f 1138 1137 1171
f 1136 1137 1108
f 1204 1241 1205
f 1242 1205 1241
f 986 1018 987
f 1017 1049 1018
f 1017 1018 986
f 981 982 952
f 952 982 953
f 983 953 982
f 897 928 929
f 928 958 929
f 897 929 898
f 899 898 929
f 960 930 929
f 899 929 930
f 986 987 959
f 986 959 958
f 958 959 929
f 960 929 959
f 503 532 533
f 328 360 329
f 236 272 237
f 330 362 331
f 328 327 359
f 328 359 360
f 358 393 359
f 327 358 359
f 393 394 359
f 424 359 394
f 424 360 359
f 453 478 422
f 171 172 173
f 171 205 172
f 326 295 294
f 296 270 295
f 269 295 270
f 269 294 295
f 296 295 358
f 326 358 295
f 325 356 357
f 356 391 357
f 326 294 357
f 325 357 294
f 392 357 391
f 392 358 357
f 326 357 358
f 296 297 271
f 272 271 297
f 296 327 297
f 203 230 231
f 267 232 231
f 321 353 322
f 321 352 353
f 322 353 354
f 448 415 447
f 471 472 447
f 448 447 472
f 471 447 263
f 263 447 415
f 448 416 415
f 386 415 416
f 450 449 474
f 473 474 449
f 448 473 449
f 448 449 416
f 354 353 389
f 388 389 353
f 390 389 418
f 321 322 323
f 321 323 290
f 322 354 323
f 324 291 323
f 324 323 354
f 264 290 265
f 264 265 230
f 291 265 323
f 290 323 265
f 230 265 231
f 652 651 685
f 684 685 651
f 471 651 652
f 471 684 651
f 652 653 619
f 652 685 653
f 589 588 653
f 588 619 653
f 654 620 653
f 589 653 620
f 1045 1044 1075
f 1043 1075 1044
f 1043 1104 1075
f 1104 1105 1075
f 1076 1045 1075
f 1076 1075 1105
f 629 601 600
f 155 128 129
f 93 127 94
f 94 127 128
f 128 127 129
f 155 187 189
f 155 189 156
f 250 308 309
f 250 249 308
f 247 186 246
f 215 246 186
f 215 186 184
f 126 124 125
f 185 127 125
f 371 400 435
f 371 370 400
f 156 190 218
f 156 189 190
f 249 190 189
f 250 252 251
f 250 251 218
f 158 157 219
f 157 218 219
f 218 251 219
f 220 219 251
f 158 130 157
f 157 130 98
f 158 131 130
f 72 98 99
f 131 99 130
f 98 130 99
f 72 99 39
f 100 39 99
f 697 729 698
f 697 760 729
f 731 729 730
f 699 729 731
f 699 698 729
f 631 633 632
f 699 633 631
f 699 700 633
f 635 634 633
f 666 700 701
f 666 701 667
f 636 668 637
f 463 490 491
f 670 669 704
f 670 637 669
f 637 668 669
f 786 845 846
f 453 477 478
f 537 478 477
f 537 477 536
f 476 536 477
f 453 452 477
f 476 477 452
f 537 506 478
f 478 506 479
f 507 479 506
f 594 625 595
f 595 625 596
f 626 625 661
f 752 751 777
f 752 777 808
f 808 777 807
f 751 776 777
f 807 777 776
f 750 776 751
f 750 775 776
f 831 868 895
f 867 868 830
f 830 868 831
f 925 954 926
f 925 926 895
f 955 926 954
f 956 926 955
f 956 927 926
f 896 926 927
f 832 895 833
f 832 833 807
f 808 833 834
f 808 807 833
f 722 689 721
f 688 721 689
f 754 721 720
f 687 720 688
f 688 720 721
f 167 107 137
f 167 77 107
f 167 24 45
f 167 10 24
f 44 45 24
f 316 261 260
f 316 260 315
f 315 258 286
f 257 286 258
f 315 260 258
f 198 258 225
f 137 165 166
f 137 107 165
f 136 165 107
f 201 166 165
f 201 165 200
f 75 42 41
f 40 74 41
f 74 75 41
f 44 23 42
f 134 133 162
f 161 162 133
f 161 133 132
f 196 197 162
f 134 162 197
f 134 103 133
f 1053 1083 1054
f 1055 1054 1083
f 987 1018 1019
f 1175 1176 1142
f 1143 1142 1176
f 912 886 911
f 887 860 859
f 798 859 799
f 798 799 772
f 772 799 800
f 823 799 860
f 859 860 799
f 798 745 771
f 912 913 887
f 1117 1148 1149
f 1216 1150 1149
f 1117 1149 1150
f 1216 1149 1215
f 1148 1215 1149
f 1147 1148 1089
f 1216 1181 1150
f 1063 1005 1003
f 1247 1277 1248
f 1336 1368 1337
f 1336 1337 1305
f 1305 1337 1338
f 1275 1244 1243
f 1143 1178 1145
f 1247 1210 1246
f 1246 1210 1209
f 1175 1209 1210
f 1175 1210 1176
f 1145 1115 1114
f 1147 1179 1180
f 1214 1215 1180
f 1147 1180 1148
f 1148 1180 1215
f 963 995 964
f 965 964 995
f 965 995 996
f 1026 996 995
f 848 847 881
f 787 847 788
f 787 846 847
f 848 788 847
f 880 847 846
f 880 881 847
f 1057 1056 1085
f 1086 1057 1085
f 1086 1085 1115
f 1114 1115 1085
f 993 994 963
f 1026 994 1025
f 963 994 995
f 1026 995 994
f 909 908 941
f 909 941 1002
f 1063 1003 1032
f 1002 1032 1003
f 789 849 850
f 883 850 882
f 849 882 850
f 997 996 1028
f 1027 1028 1026
f 1026 1028 996
f 1577 1606 1579
f 1631 1606 1605
f 1577 1605 1606
f 1580 1548 1547
f 1580 1547 1579
f 1669 1690 1691
f 1714 1691 1689
f 1689 1691 1690
f 1629 1671 1673
f 1672 1691 1692
f 1714 1692 1691
f 161 132 160
f 102 100 101
f 131 132 101
f 100 99 101
f 131 101 99
f 285 283 284
f 254 284 283
f 254 283 255
f 285 224 256
f 223 256 224
f 285 256 283
f 255 283 256
f 375 343 374
f 342 343 313
f 313 343 344
f 341 343 342
f 341 374 343
f 543 578 544
f 543 544 491
f 254 255 222
f 192 220 253
f 254 253 282
f 254 222 253
f 192 253 221
f 221 253 222
f 252 253 251
f 220 251 253
f 158 191 192
f 192 191 220
f 158 219 191
f 220 191 219
f 638 606 605
f 638 605 637
f 609 581 608
f 581 548 608
f 523 546 547
f 522 493 492
f 465 491 492
f 438 465 492
f 438 492 493
f 522 492 544
f 491 544 492
f 649 715 683
f 683 715 716
f 584 612 613
f 584 583 612
f 611 582 610
f 642 610 582
f 408 439 440
f 494 440 439
f 408 438 439
f 438 493 439
f 494 439 493
f 350 319 318
f 228 262 289
f 288 289 262
f 228 289 414
f 288 318 289
f 319 289 318
f 891 892 864
f 891 918 892
f 865 892 893
f 865 864 892
f 748 773 774
f 748 772 773
f 772 800 773
f 804 774 803
f 680 647 646
f 586 615 648
f 1070 1040 1011
f 1070 1011 976
f 977 1011 1040
f 977 976 1011
f 949 976 950
f 949 950 920
f 921 920 950
f 921 950 977
f 977 950 976
f 2773 2744 2772
f 2774 2744 2773
f 2743 2744 2716
f 2743 2772 2744
f 2716 2744 2717
f 2841 2773 2809
f 2773 2772 2809
f 3036 3035 3069
f 3069 3035 3067
f 3034 3067 3035
f 2731 2758 2759
f 2794 2758 2793
f 2731 2759 2760
f 2794 2827 2828
f 2792 2826 2793
f 2857 2827 2826
f 2827 2793 2826
f 2516 2548 2487
f 2457 2577 2489
f 2457 2519 2577
f 2550 2489 2577
f 2605 2577 2519
f 2266 2428 2456
f 2399 2456 2428
f 2459 2520 2580
f 2490 2580 2520
f 2459 2491 2520
f 2491 2350 2520
f 2321 2490 2520
f 2321 2520 2350
f 2838 2869 2840
f 2840 2869 2870
f 2739 2767 2768
f 2804 2768 2767
f 2766 2767 2739
f 2166 2244 2318
f 2428 2318 2244
f 2399 2428 2244
f 2194 2138 2115
f 2166 2294 2115
f 2294 2005 2115
f 2166 2115 2244
f 2686 2659 2684
f 2658 2684 2659
f 2872 2902 2904
f 1789 1767 1788
f 1790 1767 1789
f 1790 1768 1767
f 1747 1767 1768
f 1748 1711 1710
f 1706 1788 1766
f 1788 1767 1766
f 1747 1766 1767
f 1684 1664 1648
f 1684 1648 1647
f 1647 1648 1622
f 1725 1708 1724
f 1724 1708 1707
f 1707 1708 1685
f 1820 1841 1821
f 1820 1840 1841
f 1796 1772 1795
f 1879 1853 1878
f 1877 1878 1853
f 1901 1878 1900
f 1899 1900 1878
f 1790 1813 1791
f 1791 1813 1835
f 1859 1860 1858
f 1838 1858 1860
f 1325 1294 1264
f 1264 1294 1265
f 1295 1265 1294
f 1325 1326 1294
f 1326 1295 1294
f 1359 1396 1360
f 1397 1360 1396
f 1396 1395 1434
f 1394 1395 1396
f 1397 1435 1398
f 1397 1434 1435
f 1471 1435 1434
f 1471 1436 1435
f 1398 1435 1436
f 1537 1566 1567
f 1568 1567 1597
f 1597 1567 1595
f 1595 1567 1566
f 1432 1431 1469
f 1468 1469 1431
f 1468 1503 1469
f 1504 1469 1503
f 1727 1750 1751
f 1791 1792 1769
f 1791 1814 1792
f 1814 1793 1792
f 1816 1837 1838
f 1838 1837 1858
f 1857 1858 1837
f 1836 1837 1814
f 1836 1857 1837
f 1647 1596 1595
f 1597 1595 1596
f 1647 1622 1596
f 1597 1596 1622
f 1598 1599 1569
f 1568 1598 1569
f 1471 1507 1436
f 1437 1436 1507
f 1508 1472 1507
f 1437 1507 1472
f 1471 1434 1470
f 1504 1505 1470
f 1471 1470 1505
f 1432 1470 1434
f 1504 1470 1469
f 1432 1469 1470
f 1650 1667 1668
f 1667 1688 1668
f 1650 1668 1690
f 1689 1690 1668
f 1689 1668 1688
f 1626 1602 1601
f 1573 1602 1603
f 1573 1601 1602
f 1599 1625 1600
f 1572 1600 1601
f 1626 1601 1600
f 1626 1600 1625
f 2728 2697 2696
f 2728 2729 2697
f 2698 2697 2729
f 2814 2783 2782
f 2782 2783 2815
f 2814 2849 2783
f 2850 2783 2849
f 2850 2815 2783
f 2816 2784 2850
f 2850 2784 2815
f 2816 2785 2784
f 2782 2723 2748
f 2724 2693 2723
f 2722 2748 2723
f 2721 2691 2690
f 2523 2721 2690
f 2523 2690 2663
f 2724 2694 2693
f 2698 2700 2671
f 2698 2729 2730
f 2731 2730 2758
f 1956 1957 1931
f 1901 1931 1957
f 1901 1900 1931
f 1879 1901 1902
f 2058 2032 2057
f 2613 2586 2611
f 2613 2587 2586
f 2665 2612 2664
f 2613 2612 2639
f 2665 2639 2612
f 2613 2611 2612
f 2523 2583 2525
f 2552 2525 2583
f 2523 2637 2583
f 2584 2583 2637
f 2584 2552 2583
f 2268 2221 2195
f 2268 2222 2221
f 2074 2031 2006
f 2074 2057 2031
f 2057 2032 2031
f 2268 2195 2168
f 2268 2168 2140
f 2268 2140 2095
f 2268 2095 2074
f 2074 2095 2075
f 2351 2374 2352
f 2375 2352 2374
f 2351 2373 2374
f 2401 2374 2373
f 2432 2431 2462
f 2432 2404 2431
f 2403 2431 2404
f 2462 2431 2461
f 2246 2297 2270
f 2224 2197 2223
f 2171 2170 2197
f 2273 2271 2298
f 2325 2298 2271
f 2326 2298 2325
f 2378 2408 2379
f 2406 2433 2434
f 2375 2376 2352
f 2325 2352 2376
f 2326 2325 2376
f 2326 2376 2353
f 2406 2405 2433
f 2432 2433 2405
f 2432 2405 2404
f 2437 2409 2408
f 2380 2379 2409
f 2408 2409 2379
f 2378 2407 2408
f 2355 2356 2327
f 2355 2379 2356
f 2380 2356 2379
f 2380 2381 2356
f 2274 2299 2300
f 2038 2064 2039
f 2014 2039 2040
f 2014 1988 2013
f 2038 2039 2013
f 2014 2013 2039
f 1987 2013 1988
f 2048 2022 2021
f 2023 2049 2050
f 2089 2050 2022
f 2049 2022 2050
f 1890 1912 1942
f 2255 2279 2280
f 2305 2280 2279
f 2359 2384 2360
f 2359 2383 2384
f 2413 2384 2383
f 2233 2234 2206
f 2207 2206 2234
f 2209 2150 2181
f 2255 2232 2279
f 2233 2232 2234
f 2255 2234 2232
f 2043 2041 2067
f 2127 2107 2105
f 2045 1992 2018
f 1991 2018 1992
f 2249 2226 2248
f 2248 2226 2225
f 2225 2226 2199
f 2200 2199 2226
f 2200 2201 2174
f 2173 2174 2118
f 2002 2093 2026
f 1897 1954 2026
f 2054 2003 2026
f 1897 2026 2003
f 2210 2183 2182
f 2157 2110 2156
f 2336 2335 2364
f 2335 2363 2364
f 2210 2209 2208
f 2210 2208 2235
f 2209 2181 2208
f 2207 2208 2181
f 2255 2281 2234
f 2255 2280 2281
f 1787 1953 1851
f 1851 1953 1926
f 2157 2090 2110
f 2089 2110 2090
f 2093 2111 2026
f 2054 2026 2111
f 2739 2768 2738
f 2740 2738 2768
f 2736 2738 2711
f 2739 2738 2737
f 2736 2737 2738
f 2605 2632 2577
f 2133 2134 2093
f 2093 2134 2111
f 2600 2571 2570
f 2736 2709 2735
f 2413 2412 2441
f 2705 2733 2706
f 2705 2706 2676
f 2600 2569 2599
f 2600 2570 2569
f 2542 2569 2570
f 2600 2599 2626
f 1661 1641 1619
f 1642 1592 1641
f 1863 1888 1864
f 1775 1800 1777
f 1775 1799 1800
f 1774 1797 1799
f 1775 1774 1799
f 1797 1798 1799
f 1716 1729 1754
f 1694 1693 1729
f 1694 1729 1695
f 1716 1695 1729
f 1755 1730 1776
f 1755 1776 1777
f 1775 1777 1776
f 1716 1776 1730
f 1716 1754 1776
f 1100 1126 1160
f 1191 1101 1160
f 1100 1160 1101
f 1260 1321 1291
f 1070 1039 1071
f 1070 975 1039
f 1010 1039 975
f 1288 1226 1257
f 1288 1257 1316
f 1289 1227 1259
f 1228 1193 1192
f 1193 1162 1192
f 1161 1192 1162
f 1161 1227 1192
f 1228 1192 1289
f 1289 1192 1227
f 1586 1556 1555
f 1554 1555 1524
f 1525 1555 1556
f 1525 1524 1555
f 1554 1584 1555
f 1456 1489 1457
f 1315 1287 1378
f 1347 1378 1287
f 1347 1287 1314
f 1286 1314 1287
f 1315 1255 1287
f 1286 1287 1255
f 1124 1069 1156
f 1418 1417 1381
f 1381 1417 1382
f 1456 1381 1416
f 1381 1380 1416
f 1316 1348 1317
f 1380 1317 1348
f 1347 1377 1378
f 1379 1378 1377
f 1379 1377 1414
f 1286 1285 1313
f 1286 1284 1285
f 1283 1285 1284
f 1221 1252 1222
f 1313 1345 1314
f 1347 1314 1345
f 1347 1345 1346
f 1313 1344 1345
f 1346 1345 1344
f 1450 1451 1413
f 1450 1483 1484
f 825 862 890
f 889 890 862
f 825 800 862
f 825 826 802
f 825 890 826
f 802 826 803
f 891 863 917
f 917 863 890
f 891 864 863
f 1010 975 1038
f 891 917 947
f 891 947 918
f 1009 948 974
f 948 918 974
f 918 947 974
f 1620 1564 1592
f 1534 1564 1593
f 1534 1533 1564
f 1533 1592 1564
f 1532 1563 1498
f 1532 1619 1563
f 1533 1498 1563
f 1533 1563 1592
f 1619 1641 1563
f 1592 1563 1641
f 1620 1643 1564
f 1593 1564 1643
f 1610 1611 1584
f 1657 1611 1656
f 1610 1656 1611
f 1655 1656 1634
f 1610 1634 1656
f 1655 1654 1656
f 1654 1698 1656
f 1734 1700 1699
f 1700 1674 1699
f 1517 1549 1518
f 1519 1484 1518
f 1483 1518 1484
f 1286 1253 1284
f 1284 1253 1252
f 1222 1252 1253
f 1120 1119 1152
f 1063 1064 1005
f 1063 1093 1064
f 1120 1064 1093
f 1120 1065 1064
f 1221 1220 1252
f 1219 1220 1183
f 1483 1449 1482
f 1517 1518 1482
f 1483 1482 1518
f 1516 1517 1482
f 1481 1516 1482
f 1342 1373 1344
f 1409 1408 1447
f 1481 1447 1480
f 1368 1369 1337
f 1218 1281 1250
f 1282 1250 1281
f 1282 1310 1311
f 1282 1281 1310
f 1281 1279 1310
f 2816 2850 2851
f 2850 2881 2851
f 2785 2750 2784
f 2917 2948 2949
f 3016 3015 3047
f 3046 3047 3015
f 2727 2726 2752
f 2889 2854 2888
f 2854 2853 2888
f 2854 2855 2824
f 2789 2790 2754
f 2792 2756 2791
f 2944 2946 2915
f 2944 2980 2946
f 2947 2946 2980
f 2947 2884 2946
f 2915 2946 2884
f 2944 3011 3010
f 2944 3010 2980
f 3106 3197 3167
f 3109 3078 3108
f 3543 3562 3563
f 3542 3562 3543
f 3690 3672 3671
f 3690 3671 3708
f 2862 2896 2897
f 2961 2927 2960
f 2961 2960 2993
f 2993 2960 2992
f 3494 3447 3446
f 3419 3446 3447
f 3419 3447 3420
f 3580 3516 3558
f 3396 3395 3419
f 3396 3368 3395
f 3394 3395 3368
f 3419 3395 3446
f 3519 3497 3517
f 3497 3496 3517
f 3580 3517 3516
f 3496 3516 3517
f 3581 3605 3629
f 3581 3627 3605
f 3606 3630 3583
f 3630 3607 3583
f 3560 3583 3607
f 3606 3583 3582
f 3582 3583 3560
f 3649 3608 3607
f 3584 3607 3608
f 3609 3608 3649
f 3609 3585 3608
f 3584 3608 3585
f 3448 3450 3421
f 3448 3421 3397
f 3398 3397 3421
f 3451 3421 3450
f 3451 3422 3421
f 3399 3422 3423
f 3452 3423 3422
f 3452 3453 3423
f 3399 3401 3371
f 3314 3260 3258
f 3287 3260 3314
f 3258 3260 3259
f 3231 3259 3232
f 3262 3261 3289
f 3317 3289 3261
f 3317 3261 3316
f 3234 3261 3262
f 3234 3233 3261
f 3209 3177 3208
f 3344 3345 3318
f 3373 3345 3344
f 3374 3345 3373
f 3018 3019 3017
f 3019 2986 3017
f 3016 3017 2984
f 3018 3017 3016
f 2952 2921 2920
f 2889 2921 2890
f 2889 2920 2921
f 2922 2923 2921
f 2890 2921 2923
f 2952 2986 2953
f 2922 2953 2987
f 3020 2953 2986
f 3020 2987 2953
f 2922 2921 2953
f 2952 2953 2921
f 3021 2988 2987
f 2922 2954 2923
f 2922 2987 2954
f 2955 2954 2988
f 2955 2923 2954
f 2987 2988 2954
f 3112 3143 3113
f 3145 3113 3143
f 3145 3143 3144
f 3170 3171 3144
f 3145 3144 3171
f 2891 2925 2892
f 2891 2924 2925
f 3055 3024 3023
f 3056 3025 3024
f 3056 3024 3055
f 3513 3490 3489
f 3444 3489 3490
f 3467 3444 3490
f 2968 2967 2969
f 2997 2969 2967
f 2997 2998 2969
f 2970 2968 2969
f 2970 2969 2998
f 3064 3000 3031
f 2999 3031 3000
f 3064 3031 3063
f 3063 3031 3030
f 2999 3030 3031
f 2900 2869 2868
f 2929 2931 2930
f 2932 2899 2930
f 2898 2930 2899
f 2932 2930 2931
f 2929 2962 2931
f 2961 2962 2929
f 2993 2994 2962
f 2961 2993 2962
f 3412 3464 3441
f 3511 3441 3464
f 3440 3464 3412
f 3507 3462 3409
f 3438 3409 3360
f 3360 3409 3387
f 3410 3462 3485
f 3410 3485 3388
f 3458 3505 3459
f 3536 3510 3487
f 3536 3487 3463
f 3511 3487 3510
f 3511 3464 3487
f 3440 3463 3487
f 3440 3487 3464
f 3570 3596 3571
f 3619 3597 3596
f 3572 3596 3597
f 3572 3571 3596
f 3595 3618 3596
f 3595 3596 3570
f 3550 3549 3571
f 3508 3549 3535
f 3550 3535 3549
f 3508 3534 3549
f 3570 3571 3549
f 3328 3274 3299
f 3161 3160 3190
f 3161 3190 3219
f 3189 3190 3160
f 3189 3218 3190
f 3218 3219 3190
f 3591 3593 3567
f 3591 3592 3593
f 3567 3593 3546
f 3617 3546 3593
f 3617 3593 3616
f 3614 3632 3633
f 3614 3613 3632
f 3633 3632 3653
f 3677 3653 3632
f 3588 3613 3589
f 3588 3589 3563
f 3563 3589 3564
f 3588 3612 3613
f 3591 3590 3592
f 3591 3565 3590
f 3614 3590 3613
f 3564 3590 3565
f 3564 3589 3590
f 3613 3590 3589
f 3527 3504 3503
f 3527 3528 3504
f 3479 3503 3504
f 3479 3504 3480
f 3480 3504 3528
f 3525 3475 3502
f 3525 3502 3524
f 3501 3524 3502
f 3358 3331 3357
f 3358 3357 3383
f 3304 3357 3331
f 3302 3357 3279
f 3304 3279 3357
f 3356 3357 3355
f 3302 3355 3357
f 3356 3405 3357
f 3405 3383 3357
f 3570 3568 3569
f 3570 3569 3594
f 3617 3569 3568
f 3617 3594 3569
f 3529 3546 3531
f 3529 3531 3530
f 3546 3547 3531
f 3532 3531 3547
f 3532 3505 3531
f 3530 3531 3505
f 3282 3334 3360
f 3282 3308 3334
f 3438 3360 3334
f 3249 3248 3305
f 3358 3305 3331
f 3331 3305 3248
f 3250 3281 3225
f 3225 3281 3307
f 3702 3716 3735
f 3717 3702 3735
f 3717 3735 3748
f 3763 3748 3735
f 3732 3713 3730
f 3730 3713 3712
f 3697 3712 3713
f 3750 3766 3737
f 3751 3737 3766
f 3781 3766 3750
f 3781 3751 3766
f 3792 3778 3762
f 3793 3778 3792
f 3793 3794 3778
f 3763 3778 3779
f 3794 3779 3778
f 3716 3734 3735
f 3749 3780 3765
f 3796 3765 3780
f 3796 3780 3794
f 3794 3780 3779
f 3638 3658 3659
f 3660 3659 3658
f 3680 3658 3657
f 3636 3657 3658
f 3619 3638 3639
f 3638 3659 3639
f 3660 3639 3659
f 3660 3661 3639
f 3661 3640 3639
f 3663 3684 3702
f 3663 3683 3684
f 3663 3641 3662
f 3663 3662 3683
f 3641 3640 3662
f 3661 3662 3640
f 3660 3682 3661
f 3661 3682 3662
f 3683 3662 3682
f 3740 3725 3692
f 3692 3725 3724
f 3760 3761 3746
f 3776 3762 3746
f 3776 3746 3761
f 3760 3746 3745
f 3732 3745 3746
f 3712 3728 3729
f 3742 3730 3729
f 3730 3712 3729
f 3742 3729 3741
f 3741 3729 3728
f 3712 3696 3728
f 3697 3696 3712
f 3695 3694 3696
f 3694 3728 3696
f 3654 3656 3655
f 3655 3656 3657
f 3124 3094 3093
f 3095 3094 3124
f 3063 3062 3094
f 3095 3063 3094
f 3062 3093 3094
f 3214 3216 3215
f 3214 3239 3216
f 3239 3240 3216
f 3240 3217 3216
f 3215 3216 3217
f 3158 3157 3186
f 3215 3217 3188
f 3187 3186 3188
f 3215 3188 3186
f 3189 3188 3217
f 3189 3159 3188
f 3187 3188 3159
f 2913 3038 2943
f 3036 3069 3037
f 3070 3038 3037
f 3381 3380 3379
f 3381 3379 3432
f 3432 3379 3431
f 3380 3429 3379
f 3429 3431 3379
f 3349 3377 3378
f 3349 3378 3350
f 3404 3350 3378
f 3404 3427 3455
f 3404 3378 3427
f 3377 3427 3378
f 3376 3427 3377
f 3425 3426 3402
f 3375 3402 3426
f 3425 3455 3426
f 3455 3427 3426
f 3326 3327 3325
f 3297 3325 3327
f 3321 3347 3322
f 3425 3402 3424
f 3425 3424 3454
f 3453 3454 3424
f 3401 3424 3402
f 114 144 145
f 114 143 144
f 173 144 143
f 114 113 143
f 112 142 113
f 142 143 113
f 30 54 31
f 55 31 116
f 116 31 54
f 123 151 124
f 152 124 151
f 778 810 779
f 778 779 780
f 778 780 755
f 778 755 754
f 722 755 723
f 722 721 755
f 754 755 721
f 1201 1202 1168
f 1202 1133 1168
f 1201 1168 1167
f 1167 1168 1132
f 1266 1268 1235
f 1266 1267 1268
f 1235 1268 1236
f 1199 1130 1166
f 1129 1166 1130
f 1074 1129 1130
f 1074 1130 1104
f 1275 1243 1274
f 1275 1274 1304
f 1303 1304 1274
f 1273 1303 1274
f 1242 1273 1274
f 1242 1274 1243
f 1573 1542 1541
f 1508 1541 1542
f 1508 1542 1509
f 1475 1474 1510
f 1475 1441 1474
f 1333 1332 1365
f 1401 1333 1365
f 1401 1365 1400
f 758 783 813
f 841 813 783
f 812 783 782
f 812 841 783
f 725 757 726
f 725 781 757
f 782 757 781
f 782 783 757
f 758 726 757
f 758 757 783
f 692 726 693
f 877 902 842
f 877 842 841
f 814 813 842
f 841 842 813
f 991 962 990
f 991 990 1023
f 1022 1023 990
f 962 961 990
f 960 961 930
f 812 840 841
f 877 841 840
f 877 840 876
f 877 900 901
f 877 876 900
f 875 930 900
f 875 900 876
f 1136 1170 1137
f 1171 1137 1170
f 1136 1169 1170
f 1204 1170 1169
f 1204 1205 1170
f 1171 1170 1205
f 1138 1109 1137
f 1108 1137 1109
f 1242 1206 1205
f 1171 1205 1206
f 1242 1243 1206
f 983 982 1015
f 983 1015 1016
f 1016 1015 1048
f 1047 1015 1046
f 1047 1048 1015
f 1045 1014 1044
f 981 1044 1014
f 981 1014 982
f 1045 1046 1014
f 1046 1015 1014
f 982 1014 1015
f 532 560 533
f 559 560 532
f 559 591 560
f 592 560 591
f 475 504 505
f 503 504 474
f 475 474 504
f 503 533 504
f 534 504 533
f 505 504 534
f 272 298 237
f 272 297 298
f 211 177 210
f 211 210 238
f 237 238 210
f 424 361 360
f 329 360 361
f 394 422 423
f 424 394 423
f 478 423 422
f 424 423 425
f 425 423 479
f 478 479 423
f 205 206 172
f 235 207 206
f 205 235 206
f 173 206 174
f 173 172 206
f 207 174 206
f 267 231 266
f 291 292 266
f 267 266 292
f 291 266 265
f 231 265 266
f 352 387 353
f 388 353 387
f 386 387 352
f 386 416 387
f 388 387 416
f 324 354 355
f 354 389 355
f 390 356 355
f 324 355 356
f 390 355 389
f 418 389 417
f 450 418 417
f 450 417 449
f 388 417 389
f 388 416 417
f 416 449 417
f 718 686 685
f 685 686 653
f 654 653 686
f 687 686 718
f 654 686 655
f 687 655 686
f 626 661 627
f 692 627 661
f 692 693 627
f 568 599 600
f 155 154 187
f 155 129 154
f 129 127 153
f 129 153 154
f 185 153 127
f 339 338 370
f 249 189 216
f 249 216 308
f 308 216 307
f 248 307 216
f 187 186 188
f 247 188 186
f 247 248 188
f 248 216 188
f 187 188 189
f 189 188 216
f 370 434 400
f 332 331 363
f 331 362 363
f 568 600 569
f 601 569 600
f 602 632 540
f 250 218 217
f 218 190 217
f 250 217 249
f 249 217 190
f 786 761 760
f 760 761 729
f 787 761 786
f 573 541 634
f 634 541 633
f 572 633 541
f 572 541 515
f 636 667 702
f 636 702 668
f 732 702 701
f 667 701 702
f 543 542 577
f 575 576 542
f 577 542 576
f 488 519 490
f 543 491 521
f 491 490 521
f 543 521 542
f 404 437 463
f 436 437 402
f 436 488 437
f 636 637 604
f 637 605 604
f 577 604 605
f 577 576 604
f 786 844 845
f 843 844 815
f 879 845 844
f 879 844 843
f 814 815 784
f 759 784 728
f 759 758 784
f 758 813 784
f 814 784 813
f 537 563 506
f 537 536 563
f 562 563 536
f 562 596 563
f 626 627 597
f 598 564 597
f 598 597 627
f 594 624 625
f 659 624 623
f 661 625 660
f 691 692 660
f 692 661 660
f 691 660 658
f 658 660 659
f 659 660 624
f 625 624 660
f 832 807 806
f 831 832 806
f 807 776 806
f 805 806 775
f 805 831 806
f 775 806 776
f 867 923 894
f 867 894 868
f 923 924 894
f 925 895 894
f 924 925 894
f 895 868 894
f 895 869 833
f 896 869 926
f 895 926 869
f 754 720 753
f 225 200 199
f 198 225 199
f 44 42 104
f 75 103 104
f 75 104 42
f 134 104 103
f 136 164 165
f 165 164 200
f 200 164 199
f 225 226 200
f 201 226 261
f 201 200 226
f 1 6 2
f 2 6 7
f 42 22 41
f 42 23 22
f 44 43 23
f 9 23 43
f 44 24 43
f 198 134 163
f 134 197 163
f 258 163 197
f 198 163 258
f 1174 1140 1139
f 1174 1175 1140
f 1175 1142 1140
f 1141 1140 1142
f 987 1019 988
f 960 959 988
f 987 988 959
f 1143 1113 1142
f 1112 1113 1083
f 856 857 818
f 909 857 855
f 856 855 857
f 823 824 799
f 800 799 824
f 800 824 862
f 823 861 824
f 889 824 861
f 889 862 824
f 798 771 821
f 1005 1004 1003
f 887 942 860
f 887 913 942
f 1123 1156 1098
f 1069 1098 1156
f 1069 1068 1098
f 1009 974 1068
f 1009 1068 1038
f 1069 1010 1068
f 1010 1038 1068
f 916 889 972
f 944 972 889
f 944 945 972
f 1096 1037 1036
f 1214 1280 1215
f 1281 1280 1279
f 1214 1249 1280
f 1147 1089 1087
f 1088 1087 1089
f 1147 1087 1116
f 1086 1087 1088
f 1088 1089 1060
f 1092 1118 1093
f 1092 1117 1118
f 1117 1150 1118
f 1120 1154 1121
f 1185 1121 1154
f 909 966 911
f 909 1002 966
f 1002 1003 966
f 1275 1245 1244
f 1209 1244 1245
f 1246 1209 1245
f 1276 1245 1275
f 1276 1246 1245
f 1212 1178 1211
f 1247 1211 1210
f 1214 1213 1249
f 1214 1180 1213
f 1179 1213 1180
f 880 905 906
f 880 906 881
f 993 1024 994
f 1025 994 1024
f 993 1056 1024
f 1057 1024 1056
f 1057 1025 1024
f 908 885 907
f 908 907 940
f 908 940 941
f 1092 1063 1062
f 1063 1032 1062
f 1002 1001 1032
f 1002 941 1001
f 789 850 790
f 997 998 939
f 999 939 998
f 999 940 939
f 1631 1630 1629
f 1631 1605 1630
f 1575 1576 1544
f 1475 1476 1441
f 1442 1441 1476
f 1516 1515 1548
f 1548 1515 1547
f 1479 1515 1480
f 1516 1480 1515
f 1479 1478 1515
f 1577 1579 1578
f 1579 1547 1578
f 1672 1670 1691
f 1672 1671 1670
f 1652 1670 1671
f 1669 1691 1670
f 1693 1715 1729
f 1753 1752 1773
f 1773 1752 1772
f 1714 1752 1692
f 1772 1752 1751
f 375 376 343
f 344 343 376
f 377 344 376
f 377 376 405
f 375 404 376
f 404 405 376
f 522 544 545
f 578 545 544
f 607 545 578
f 607 546 545
f 523 545 546
f 159 221 193
f 221 222 193
f 740 739 766
f 709 738 739
f 738 766 739
f 547 546 579
f 607 579 546
f 607 609 579
f 609 608 579
f 748 747 772
f 748 749 747
f 746 682 681
f 648 681 682
f 649 648 682
f 649 682 715
f 613 644 678
f 745 743 771
f 740 766 741
f 818 857 819
f 413 414 385
f 918 919 892
f 949 920 919
f 893 919 920
f 893 892 919
f 948 919 918
f 948 975 919
f 949 919 975
f 865 828 864
f 864 828 826
f 803 826 828
f 774 773 801
f 774 801 803
f 802 803 801
f 800 801 773
f 678 743 645
f 614 645 646
f 613 645 614
f 613 678 645
f 647 616 615
f 648 616 647
f 648 615 616
f 586 585 615
f 2772 2771 2807
f 2806 2807 2771
f 2743 2715 2742
f 2714 2742 2715
f 2743 2742 2772
f 2772 2742 2771
f 2740 2770 2713
f 2714 2713 2770
f 2714 2770 2742
f 2806 2771 2769
f 2805 2806 2769
f 2740 2769 2770
f 2805 2769 2768
f 2740 2768 2769
f 2717 2744 2688
f 2745 2688 2774
f 2774 2688 2744
f 2745 2608 2688
f 2661 2688 2608
f 2908 2907 2906
f 2906 2907 2876
f 2908 2877 2907
f 3034 3035 3004
f 3035 3005 3004
f 2813 2912 2942
f 2972 2973 2939
f 2938 2972 2939
f 2938 2939 2908
f 2876 2907 2846
f 2877 2846 2907
f 2703 2702 2704
f 2759 2758 2795
f 2794 2795 2758
f 2794 2828 2795
f 2759 2795 2829
f 2828 2829 2795
f 2705 2704 2732
f 2705 2732 2733
f 2704 2702 2761
f 2760 2761 2702
f 2759 2761 2760
f 2704 2761 2732
f 2762 2732 2761
f 2830 2761 2829
f 2759 2829 2761
f 2792 2791 2825
f 2792 2825 2826
f 2658 2659 2633
f 2266 2456 2319
f 2266 2319 2267
f 2267 2319 2429
f 2399 2517 2456
f 2399 2487 2517
f 2548 2517 2487
f 2456 2517 2518
f 2900 2901 2869
f 2933 2901 2900
f 2934 2901 2933
f 2244 2115 2265
f 2399 2244 2265
f 2005 2030 2115
f 2686 2685 2713
f 2686 2684 2685
f 2872 2870 2871
f 2872 2871 2902
f 2902 2871 2901
f 2870 2869 2871
f 2869 2901 2871
f 1725 1709 1708
f 1685 1708 1709
f 1725 1748 1709
f 1748 1710 1709
f 1622 1648 1649
f 1747 1745 1746
f 1747 1746 1766
f 1706 1746 1745
f 1706 1766 1746
f 1840 1861 1862
f 1840 1862 1841
f 1863 1841 1862
f 1962 1961 1988
f 1987 1988 1961
f 1816 1838 1817
f 1796 1795 1819
f 1796 1819 1820
f 1818 1819 1817
f 1795 1817 1819
f 1820 1819 1840
f 1840 1819 1818
f 1790 1812 1813
f 1834 1813 1812
f 1790 1789 1812
f 1789 1832 1812
f 1835 1813 1854
f 1835 1854 1855
f 1834 1854 1813
f 1834 1853 1854
f 1879 1854 1853
f 1838 1860 1839
f 1838 1839 1817
f 1818 1817 1839
f 1861 1839 1860
f 1840 1818 1839
f 1840 1839 1861
f 2038 2013 2012
f 1987 2012 2013
f 1359 1360 1328
f 1330 1329 1362
f 1296 1328 1329
f 1432 1433 1431
f 1394 1431 1433
f 1394 1433 1395
f 1432 1434 1433
f 1434 1395 1433
f 1568 1538 1567
f 1504 1538 1505
f 1505 1538 1569
f 1568 1569 1538
f 1537 1567 1502
f 1567 1538 1502
f 1772 1771 1795
f 1772 1751 1771
f 1816 1793 1815
f 1816 1815 1837
f 1814 1815 1793
f 1814 1837 1815
f 1603 1602 1627
f 2782 2815 2749
f 2782 2749 2723
f 2815 2784 2749
f 2724 2723 2749
f 2724 2749 2750
f 2784 2750 2749
f 2693 2692 2723
f 2722 2723 2692
f 2663 2638 2664
f 2663 2690 2638
f 2691 2638 2690
f 2665 2638 2691
f 2665 2664 2638
f 2639 2693 2667
f 2693 2694 2667
f 2639 2667 2668
f 2695 2668 2667
f 2695 2667 2694
f 2646 2645 2647
f 2647 2645 2673
f 2646 2644 2645
f 2698 2699 2700
f 2698 2730 2699
f 2731 2700 2699
f 2731 2699 2730
f 2646 2647 2619
f 2647 2674 2648
f 2703 2674 2673
f 2647 2673 2674
f 2703 2704 2674
f 2731 2701 2700
f 1900 1930 1931
f 1955 1930 1929
f 1901 1957 1932
f 1901 1932 1902
f 1933 1932 1959
f 1933 1902 1932
f 1879 1902 1880
f 1879 1880 1854
f 1855 1854 1880
f 1855 1880 1882
f 2006 2031 2007
f 2032 2007 2031
f 2556 2555 2587
f 2587 2555 2586
f 2611 2586 2610
f 2611 2610 2612
f 2664 2612 2610
f 2584 2637 2610
f 2140 2141 2096
f 2142 2169 2170
f 2195 2169 2168
f 2058 2075 2076
f 2075 2095 2076
f 2401 2402 2374
f 2375 2374 2402
f 2375 2402 2404
f 2403 2404 2402
f 2351 2323 2322
f 2351 2322 2373
f 2323 2297 2322
f 2297 2296 2322
f 2403 2402 2460
f 2401 2460 2402
f 2403 2460 2431
f 2461 2431 2460
f 2523 2462 2493
f 2462 2461 2493
f 2268 2295 2245
f 2296 2295 2322
f 2373 2322 2295
f 2401 2373 2295
f 2401 2295 2460
f 2461 2460 2295
f 2461 2295 2493
f 2523 2493 2295
f 2523 2295 1466
f 2268 2074 2295
f 2074 1466 2295
f 2528 2529 2497
f 2530 2529 2557
f 2556 2529 2528
f 2556 2557 2529
f 2466 2497 2498
f 2530 2498 2529
f 2497 2529 2498
f 2270 2271 2272
f 2246 2270 2272
f 2273 2272 2271
f 2224 2198 2197
f 2171 2197 2198
f 2173 2171 2172
f 2200 2172 2199
f 2173 2172 2174
f 2200 2174 2172
f 2355 2354 2379
f 2378 2379 2354
f 2378 2354 2353
f 2439 2411 2410
f 2381 2410 2411
f 2380 2410 2381
f 2380 2409 2410
f 2406 2435 2407
f 2406 2434 2435
f 2436 2408 2435
f 2408 2407 2435
f 2378 2353 2377
f 2378 2377 2407
f 2406 2407 2377
f 2353 2376 2377
f 2439 2440 2411
f 2412 2411 2440
f 2412 2440 2441
f 2472 2441 2440
f 2381 2411 2382
f 2412 2383 2382
f 2412 2382 2411
f 2327 2356 2328
f 2101 2081 2080
f 2082 2084 2065
f 2082 2083 2084
f 2104 2084 2124
f 2083 2124 2084
f 1888 1912 1889
f 1865 1864 1889
f 1888 1889 1864
f 1890 1889 1912
f 2359 2360 2331
f 2360 2332 2331
f 2303 2331 2332
f 2233 2206 2205
f 2233 2205 2232
f 2181 2150 2149
f 2204 2177 2203
f 2204 2178 2177
f 2204 2205 2178
f 2104 2126 2105
f 2127 2126 2150
f 2127 2105 2126
f 2127 2128 2107
f 2105 2107 2106
f 2068 2067 2106
f 2043 2042 2041
f 2043 2016 2042
f 1991 2017 2018
f 2200 2226 2227
f 2249 2274 2250
f 2249 2250 2226
f 2226 2250 2227
f 2201 2175 2174
f 2054 2112 2003
f 2161 2003 2112
f 2190 2161 2112
f 2190 2112 2111
f 2054 2111 2112
f 2161 2027 2003
f 1897 2027 2072
f 1897 2003 2027
f 2210 2211 2183
f 2153 2182 2154
f 2182 2183 2154
f 2336 2364 2337
f 2365 2337 2364
f 2365 2338 2337
f 2335 2334 2363
f 2207 2256 2208
f 2207 2234 2256
f 2280 2307 2281
f 2336 2307 2335
f 1787 1925 1953
f 1924 1925 1875
f 1787 1875 1925
f 1999 1977 1978
f 2023 2051 2024
f 2023 2050 2051
f 2089 2051 2050
f 2089 2090 2051
f 1978 1977 2069
f 2024 2069 1977
f 2090 2069 2051
f 2024 2051 2069
f 2023 1998 2049
f 2049 1998 2022
f 1978 2069 2000
f 2002 2053 2093
f 2002 1926 2053
f 1926 2025 2053
f 2736 2711 2710
f 2736 2710 2709
f 2657 2681 2682
f 2658 2683 2684
f 2658 2632 2683
f 2657 2683 2631
f 2657 2682 2683
f 2605 2576 2632
f 2631 2576 2575
f 2631 2683 2576
f 2632 2576 2683
f 2516 2547 2548
f 2548 2547 2575
f 2631 2575 2603
f 2511 2481 2510
f 2766 2735 2765
f 2835 2834 2865
f 2864 2865 2834
f 2835 2803 2834
f 2801 2834 2803
f 2472 2504 2473
f 2472 2473 2441
f 2474 2441 2473
f 2505 2473 2504
f 2505 2475 2473
f 2474 2473 2475
f 2365 2364 2390
f 2481 2480 2510
f 2649 2650 2651
f 2652 2651 2650
f 2798 2763 2762
f 2762 2763 2732
f 2733 2732 2763
f 2649 2677 2650
f 2599 2625 2626
f 2600 2601 2571
f 2652 2654 2653
f 2626 2625 2653
f 2652 2653 2625
f 1642 1641 1680
f 1642 1680 1722
f 1661 1721 1702
f 1661 1702 1641
f 1641 1702 1680
f 1722 1680 1702
f 1426 1463 1464
f 1461 1494 1388
f 1423 1388 1494
f 1681 1644 1704
f 1744 1682 1742
f 1744 1763 1764
f 1744 1742 1763
f 1923 1763 1850
f 1742 1850 1763
f 1863 1842 1841
f 1863 1864 1842
f 1821 1841 1842
f 1822 1821 1842
f 1822 1842 1843
f 1864 1843 1842
f 1228 1290 1193
f 1260 1229 1290
f 1260 1290 1321
f 1194 1193 1290
f 1194 1290 1229
f 1322 1291 1354
f 1291 1321 1354
f 1321 1353 1354
f 1322 1354 1355
f 1421 1355 1354
f 1418 1457 1384
f 1457 1419 1384
f 1321 1385 1353
f 1457 1490 1419
f 1457 1489 1490
f 1491 1490 1525
f 1525 1490 1489
f 1071 1039 1099
f 1010 1099 1039
f 1124 1099 1069
f 1069 1099 1010
f 1226 1225 1257
f 1226 1189 1225
f 1226 1190 1189
f 1351 1289 1319
f 1289 1259 1319
f 1288 1318 1226
f 1226 1318 1259
f 1349 1350 1318
f 1350 1319 1318
f 1259 1318 1319
f 1288 1317 1318
f 1349 1318 1317
f 1586 1555 1585
f 1584 1585 1555
f 1586 1585 1612
f 1123 1157 1156
f 1376 1412 1377
f 1414 1412 1413
f 1414 1377 1412
f 1379 1414 1415
f 1414 1453 1415
f 1379 1415 1380
f 1380 1415 1416
f 1456 1488 1489
f 1456 1455 1488
f 1283 1311 1312
f 1283 1312 1285
f 1313 1285 1312
f 1313 1312 1344
f 1376 1346 1375
f 1346 1344 1375
f 1410 1375 1373
f 1344 1373 1375
f 1414 1413 1452
f 1413 1451 1452
f 1414 1452 1453
f 1485 1452 1451
f 1485 1453 1452
f 1485 1520 1486
f 1485 1486 1453
f 890 827 826
f 890 863 827
f 864 826 827
f 864 827 863
f 1681 1663 1644
f 1681 1723 1663
f 1645 1663 1723
f 1744 1663 1645
f 1744 1644 1663
f 1556 1557 1526
f 1700 1675 1674
f 1698 1658 1656
f 1657 1656 1658
f 1698 1699 1658
f 1635 1657 1658
f 1635 1658 1674
f 1674 1658 1699
f 1550 1551 1549
f 1549 1551 1518
f 1519 1518 1551
f 1552 1551 1550
f 1123 1098 1097
f 1096 1097 1037
f 1222 1253 1254
f 1286 1255 1254
f 1286 1254 1253
f 1120 1093 1094
f 1120 1094 1119
f 1093 1118 1094
f 1119 1094 1118
f 1005 1064 1033
f 1065 1033 1064
f 1005 1033 1004
f 1219 1251 1220
f 1252 1220 1251
f 1221 1184 1220
f 1221 1185 1184
f 1185 1154 1184
f 1154 1183 1184
f 1183 1220 1184
f 1409 1410 1374
f 1410 1373 1374
f 1409 1374 1408
f 1342 1372 1373
f 1408 1374 1372
f 1373 1372 1374
f 1409 1447 1448
f 1409 1448 1449
f 1449 1448 1482
f 1481 1482 1448
f 1481 1448 1447
f 1480 1447 1446
f 1408 1446 1447
f 1443 1478 1444
f 1479 1444 1478
f 1338 1339 1306
f 1338 1337 1339
f 1337 1369 1339
f 2724 2750 2725
f 2724 2725 2694
f 2785 2751 2750
f 2726 2751 2752
f 2726 2725 2751
f 2750 2751 2725
f 2983 2949 3014
f 3013 3044 3014
f 3013 3014 2948
f 2948 3014 2949
f 2983 3014 3015
f 3044 3015 3014
f 2727 2752 2753
f 2822 2823 2789
f 2789 2823 2790
f 2822 2853 2823
f 2854 2823 2853
f 2854 2824 2823
f 2791 2755 2790
f 2791 2756 2755
f 2754 2790 2755
f 2728 2754 2755
f 2728 2755 2729
f 2729 2755 2756
f 2793 2758 2757
f 2758 2730 2757
f 2792 2793 2757
f 2792 2757 2756
f 2729 2757 2730
f 2729 2756 2757
f 3106 3226 3198
f 3106 3198 3197
f 3168 3197 3198
f 2981 3010 3042
f 3011 3042 3010
f 3167 3138 3137
f 3106 3167 3137
f 3106 3137 3075
f 3107 3075 3137
f 3109 3139 3140
f 3109 3108 3139
f 3140 3139 3167
f 3167 3139 3138
f 3138 3139 3108
f 3045 3076 3077
f 3046 3045 3077
f 3046 3077 3078
f 3078 3077 3108
f 3138 3077 3076
f 3138 3108 3077
f 3563 3562 3587
f 3588 3563 3587
f 2956 2990 2957
f 2956 2957 2924
f 3495 3515 3516
f 3494 3514 3515
f 3558 3515 3514
f 3558 3516 3515
f 3394 3445 3395
f 3446 3395 3445
f 3467 3446 3445
f 3519 3517 3518
f 3580 3539 3518
f 3580 3518 3517
f 3448 3420 3449
f 3420 3470 3449
f 3448 3449 3450
f 3471 3450 3449
f 3471 3449 3470
f 3646 3629 3628
f 3629 3605 3628
f 3645 3646 3628
f 3399 3400 3401
f 3399 3423 3400
f 3453 3400 3423
f 3401 3372 3371
f 3401 3402 3372
f 3374 3373 3372
f 3374 3372 3402
f 3259 3260 3288
f 3259 3288 3232
f 3287 3288 3260
f 3316 3261 3288
f 3233 3232 3288
f 3233 3288 3261
f 3291 3318 3319
f 3318 3345 3319
f 3320 3319 3345
f 3291 3319 3320
f 3321 3320 3346
f 3320 3345 3346
f 3374 3346 3345
f 3321 3346 3347
f 3374 3375 3346
f 3375 3347 3346
f 2950 2919 2918
f 2918 2919 2853
f 2853 2919 2888
f 2952 2920 2951
f 2952 2951 2986
f 2920 2919 2951
f 2950 2951 2919
f 3145 3171 3172
f 3202 3172 3201
f 2866 2867 2836
f 2866 2898 2867
f 2898 2899 2867
f 2995 2965 2963
f 2932 2963 2965
f 3486 3439 3485
f 3388 3439 3411
f 3388 3485 3439
f 3509 3439 3486
f 3509 3463 3439
f 3505 3506 3483
f 3505 3483 3459
f 3458 3459 3436
f 3242 3273 3274
f 3274 3273 3299
f 3613 3631 3632
f 3613 3612 3631
f 3384 3332 3358
f 3358 3332 3305
f 3250 3332 3281
f 3250 3249 3332
f 3249 3305 3332
f 3763 3747 3778
f 3762 3778 3747
f 3763 3735 3747
f 3735 3734 3747
f 3762 3747 3746
f 3734 3746 3747
f 3749 3764 3795
f 3749 3795 3780
f 3779 3795 3764
f 3779 3780 3795
f 3621 3620 3640
f 3640 3620 3639
f 3598 3620 3621
f 3598 3619 3620
f 3619 3639 3620
f 3702 3701 3716
f 3702 3684 3701
f 3716 3701 3734
f 3660 3658 3681
f 3660 3681 3682
f 3680 3697 3681
f 3680 3681 3658
f 3679 3656 3678
f 3694 3679 3678
f 3654 3678 3656
f 3654 3653 3678
f 3677 3678 3653
f 3677 3693 3678
f 3693 3694 3678
f 3214 3185 3184
f 3214 3215 3185
f 3215 3186 3185
f 3102 3071 3039
f 3009 2979 3039
f 3009 3039 3071
f 2913 2879 3007
f 2978 3007 2879
f 2913 3007 3038
f 3038 3007 3037
f 3036 3007 2978
f 3036 3037 3007
f 3376 3375 3403
f 3375 3426 3403
f 3376 3403 3427
f 3427 3403 3426
f 3376 3348 3375
f 3375 3348 3347
f 3349 3348 3377
f 3376 3377 3348
f 152 151 181
f 215 184 183
f 781 780 811
f 780 779 811
f 838 811 810
f 810 811 779
f 723 755 756
f 780 756 755
f 724 723 756
f 781 756 780
f 1199 1131 1130
f 1104 1131 1105
f 1104 1130 1131
f 1509 1542 1543
f 1510 1509 1543
f 1441 1440 1474
f 1439 1474 1440
f 1441 1402 1440
f 1401 1440 1402
f 1438 1440 1401
f 1438 1439 1440
f 1510 1473 1509
f 1510 1474 1473
f 1472 1509 1473
f 1439 1473 1474
f 1438 1472 1473
f 1438 1473 1439
f 1400 1365 1364
f 1363 1399 1364
f 1400 1364 1399
f 1332 1364 1365
f 1363 1364 1331
f 1331 1364 1332
f 1022 990 989
f 962 931 961
f 901 931 962
f 901 900 931
f 930 961 931
f 930 931 900
f 1138 1110 1109
f 1138 1139 1110
f 1111 1110 1139
f 1108 1109 1080
f 1081 1080 1110
f 1109 1110 1080
f 1243 1207 1206
f 1243 1244 1207
f 237 273 238
f 299 273 298
f 237 298 273
f 274 300 275
f 274 275 239
f 276 239 275
f 241 239 276
f 241 240 239
f 176 209 177
f 177 209 210
f 176 208 209
f 237 210 209
f 236 209 208
f 236 237 209
f 663 598 662
f 598 627 662
f 663 662 693
f 693 662 627
f 664 628 663
f 663 628 598
f 598 628 599
f 600 599 628
f 629 600 628
f 664 665 628
f 629 628 665
f 598 599 566
f 598 566 564
f 215 245 246
f 575 574 576
f 436 435 461
f 436 461 488
f 488 461 487
f 435 400 461
f 426 480 427
f 426 427 363
f 602 540 570
f 511 570 540
f 632 571 540
f 430 456 457
f 668 702 703
f 488 487 518
f 488 518 519
f 575 519 518
f 575 518 574
f 490 519 520
f 490 520 521
f 542 521 520
f 575 542 520
f 575 520 519
f 463 437 462
f 488 462 437
f 404 403 437
f 375 403 404
f 375 374 403
f 402 403 374
f 402 437 403
f 636 604 603
f 576 603 604
f 576 574 603
f 786 760 785
f 786 785 844
f 815 844 785
f 760 728 785
f 728 784 785
f 815 785 784
f 834 833 870
f 833 869 870
f 896 870 869
f 871 834 870
f 720 719 753
f 687 718 719
f 687 719 720
f 752 753 719
f 752 719 751
f 751 719 718
f 44 104 76
f 105 76 104
f 77 76 105
f 44 76 45
f 45 76 77
f 105 104 106
f 136 107 106
f 77 106 107
f 77 105 106
f 225 259 226
f 225 258 259
f 260 259 258
f 7 6 21
f 7 21 22
f 41 22 21
f 1 5 20
f 5 19 20
f 1 20 6
f 6 20 21
f 40 20 19
f 40 41 20
f 41 21 20
f 7 22 8
f 23 8 22
f 2 8 3
f 2 7 8
f 9 3 8
f 9 8 23
f 960 1020 961
f 960 988 1020
f 1143 1144 1113
f 1114 1113 1144
f 1143 1145 1144
f 1145 1114 1144
f 1114 1085 1084
f 1114 1084 1113
f 1056 1084 1085
f 1055 1084 1056
f 1055 1083 1084
f 1083 1113 1084
f 909 911 910
f 909 910 857
f 911 886 910
f 912 911 967
f 911 966 967
f 889 861 914
f 1037 1067 1068
f 1098 1068 1067
f 1037 1097 1067
f 1098 1067 1097
f 945 1007 972
f 1037 972 1007
f 1037 1007 1036
f 1035 1036 1007
f 1037 1068 1008
f 1037 1008 972
f 947 1008 974
f 974 1008 1068
f 1027 1059 1060
f 1088 1060 1059
f 1088 1059 1058
f 1027 1060 1029
f 1027 1029 1028
f 999 998 1029
f 1218 1182 1217
f 1181 1217 1182
f 1218 1217 1281
f 1216 1281 1217
f 1216 1217 1181
f 1183 1153 1182
f 1152 1153 1154
f 1154 1153 1183
f 1096 1121 1122
f 1096 1122 1097
f 1185 1155 1122
f 1185 1122 1121
f 1123 1122 1155
f 1123 1097 1122
f 1120 1095 1065
f 1120 1121 1095
f 1096 1095 1121
f 1143 1177 1178
f 1178 1177 1211
f 1143 1176 1177
f 1176 1210 1177
f 1210 1211 1177
f 883 885 852
f 673 707 737
f 856 817 855
f 856 794 817
f 1032 1061 1062
f 941 940 1000
f 941 1000 1001
f 999 1000 940
f 764 790 791
f 762 763 735
f 762 789 763
f 789 790 763
f 764 763 790
f 1629 1630 1604
f 1605 1604 1630
f 1575 1603 1604
f 1575 1604 1576
f 1475 1511 1512
f 1475 1512 1476
f 1443 1477 1478
f 1547 1515 1514
f 1547 1514 1578
f 1478 1514 1515
f 1513 1514 1477
f 1478 1477 1514
f 1513 1546 1514
f 1578 1514 1546
f 1577 1546 1576
f 1577 1578 1546
f 1714 1728 1752
f 1751 1752 1728
f 1727 1751 1728
f 1713 1728 1714
f 1713 1727 1728
f 547 579 580
f 608 580 579
f 547 580 548
f 548 580 608
f 715 714 747
f 715 682 714
f 746 714 682
f 746 772 714
f 772 747 714
f 678 712 743
f 611 610 643
f 610 644 643
f 613 643 644
f 613 612 643
f 771 770 796
f 771 743 770
f 769 770 743
f 796 770 819
f 742 741 768
f 818 819 768
f 740 711 710
f 740 741 711
f 676 710 711
f 742 711 741
f 676 711 675
f 642 675 711
f 642 711 610
f 610 711 644
f 742 712 711
f 414 289 320
f 414 320 385
f 319 320 289
f 680 646 679
f 646 645 679
f 743 679 645
f 554 553 555
f 586 555 553
f 586 553 585
f 554 552 553
f 584 553 552
f 584 585 553
f 2839 2809 2808
f 2838 2808 2806
f 2838 2839 2808
f 2806 2808 2807
f 2771 2741 2769
f 2770 2769 2741
f 2771 2742 2741
f 2742 2770 2741
f 3034 3004 3003
f 3033 3034 3003
f 3033 3003 3001
f 2973 2940 2939
f 3036 3006 3035
f 3035 3006 3005
f 2942 3005 3006
f 2813 2781 2912
f 2976 2977 2912
f 2976 3004 2977
f 3004 3005 2977
f 2942 2977 3005
f 2942 2912 2977
f 2845 2875 2846
f 2876 2846 2875
f 2845 2906 2875
f 2906 2876 2875
f 2492 2609 2720
f 2720 2609 2522
f 2492 2661 2609
f 2661 2608 2609
f 2689 2609 2608
f 2776 2811 2777
f 2826 2825 2856
f 2857 2856 2855
f 2857 2826 2856
f 2855 2856 2824
f 2658 2578 2632
f 2658 2633 2578
f 2577 2632 2578
f 2550 2577 2578
f 2579 2578 2633
f 2579 2550 2578
f 2429 2518 2488
f 2429 2488 2519
f 2934 2935 2903
f 2902 2901 2903
f 2934 2903 2901
f 2935 2904 2903
f 2904 2902 2903
f 2115 2292 2265
f 2516 2487 2486
f 2399 2398 2487
f 2399 2265 2398
f 2265 2292 2398
f 2484 2454 2453
f 2194 2115 2165
f 2115 2030 2165
f 2194 2165 2137
f 2030 2137 2165
f 1711 1687 1710
f 1667 1687 1711
f 1624 1623 1667
f 1622 1649 1623
f 1859 1885 1860
f 1861 1860 1885
f 1906 1936 1937
f 1962 1937 1936
f 1967 1942 1940
f 2014 2040 2015
f 2016 2017 2015
f 2016 2015 2042
f 2040 2041 2015
f 2041 2042 2015
f 1855 1882 1856
f 1836 1855 1856
f 1836 1856 1857
f 1906 1935 1936
f 2038 2012 2037
f 1987 1961 1960
f 1933 1959 1960
f 2142 2097 2141
f 2096 2141 2097
f 1296 1327 1328
f 1296 1295 1327
f 1326 1327 1295
f 1326 1359 1327
f 1359 1328 1327
f 1397 1362 1361
f 1362 1329 1361
f 1397 1361 1360
f 1360 1361 1328
f 1328 1361 1329
f 1330 1299 1298
f 1330 1298 1329
f 1795 1771 1794
f 1816 1817 1794
f 1795 1794 1817
f 1816 1794 1793
f 1769 1792 1770
f 1793 1770 1792
f 1769 1770 1750
f 1793 1794 1770
f 1771 1770 1794
f 1750 1770 1751
f 1751 1770 1771
f 1572 1571 1600
f 1572 1539 1571
f 1505 1571 1539
f 1471 1505 1506
f 1471 1506 1507
f 1508 1506 1541
f 1508 1507 1506
f 1602 1651 1627
f 1669 1651 1626
f 1626 1651 1602
f 1652 1651 1670
f 1669 1670 1651
f 2696 2697 2669
f 2640 2668 2669
f 2640 2669 2641
f 2665 2691 2666
f 2665 2666 2693
f 2693 2666 2692
f 2722 2666 2691
f 2722 2692 2666
f 2700 2672 2671
f 2673 2645 2672
f 2671 2672 2644
f 2645 2644 2672
f 2673 2672 2701
f 2700 2701 2672
f 2593 2592 2620
f 2649 2648 2675
f 2648 2674 2675
f 2704 2675 2674
f 2649 2675 2677
f 2676 2677 2675
f 2624 2623 2651
f 2649 2651 2623
f 2647 2648 2621
f 2593 2620 2621
f 2647 2621 2619
f 2619 2621 2620
f 2472 2470 2503
f 2535 2536 2503
f 2472 2503 2504
f 2536 2504 2503
f 2560 2532 2531
f 2530 2558 2531
f 2530 2557 2558
f 1957 1958 1932
f 1959 1932 1958
f 1933 1903 1902
f 1902 1903 1880
f 1984 1958 1983
f 1957 1983 1958
f 2556 2528 2554
f 2556 2554 2555
f 2553 2555 2554
f 2584 2585 2553
f 2584 2610 2585
f 2586 2555 2585
f 2553 2585 2555
f 2586 2585 2610
f 2140 2168 2167
f 2140 2167 2141
f 2142 2141 2167
f 2142 2167 2169
f 2168 2169 2167
f 2170 2196 2197
f 2170 2169 2196
f 2223 2197 2196
f 2195 2196 2169
f 2195 2221 2196
f 2095 2116 2076
f 2096 2076 2116
f 2140 2116 2095
f 2140 2096 2116
f 2245 2295 2269
f 2296 2269 2295
f 2245 2269 2297
f 2297 2269 2296
f 2436 2468 2437
f 2246 2272 2247
f 2437 2468 2469
f 2472 2471 2470
f 2472 2440 2471
f 2439 2470 2471
f 2439 2471 2440
f 2381 2382 2357
f 2381 2357 2356
f 2356 2357 2328
f 2300 2328 2357
f 2099 2118 2119
f 2144 2120 2119
f 2041 2066 2067
f 2040 2066 2041
f 2040 2065 2066
f 2065 2084 2066
f 2104 2085 2084
f 2104 2105 2085
f 2105 2106 2085
f 2067 2085 2106
f 2067 2066 2085
f 2084 2085 2066
f 1890 1866 1889
f 1865 1889 1866
f 1865 1866 1844
f 1845 1844 1866
f 1779 1780 1757
f 1823 1824 1801
f 1846 1824 1845
f 2045 1993 1992
f 1967 1992 1993
f 2305 2304 2332
f 2303 2332 2304
f 2305 2279 2304
f 2279 2232 2254
f 2279 2254 2304
f 2253 2304 2254
f 2232 2205 2254
f 2303 2302 2331
f 2083 2103 2124
f 2124 2103 2123
f 2082 2103 2083
f 2206 2179 2205
f 2205 2179 2178
f 2144 2145 2120
f 2147 2146 2178
f 2177 2178 2146
f 2177 2146 2145
f 2150 2125 2149
f 2150 2126 2125
f 2104 2125 2126
f 2104 2124 2125
f 2124 2149 2125
f 2127 2151 2128
f 2209 2151 2150
f 2127 2150 2151
f 2068 2086 2044
f 1995 1994 2046
f 2086 2046 2044
f 2045 2044 2046
f 2144 2175 2176
f 2201 2176 2175
f 2144 2176 2145
f 2177 2145 2176
f 2005 1928 2029
f 2029 1928 2094
f 2236 2235 2258
f 2259 2260 2237
f 2157 2156 2186
f 2185 2186 2156
f 2185 2212 2186
f 2153 2154 2129
f 2109 2108 2130
f 2109 2130 2131
f 2154 2131 2130
f 2108 2129 2130
f 2154 2130 2129
f 2183 2211 2184
f 2310 2284 2283
f 2310 2338 2339
f 2310 2339 2311
f 2305 2306 2280
f 2305 2334 2306
f 2335 2306 2334
f 2335 2307 2306
f 2280 2306 2307
f 2360 2333 2332
f 2305 2332 2333
f 2305 2333 2334
f 2023 2024 1976
f 2024 1977 1976
f 1921 1951 1896
f 1921 1896 1849
f 1849 1896 1850
f 1921 1975 1951
f 2023 1975 1998
f 2021 2022 1997
f 2022 1998 1997
f 1921 1849 1895
f 2069 2092 2070
f 2025 1979 2070
f 2707 2709 2680
f 2707 2680 2679
f 2740 2712 2738
f 2711 2738 2712
f 2740 2713 2712
f 2713 2685 2712
f 2684 2712 2685
f 2684 2683 2712
f 2157 2186 2187
f 2157 2091 2090
f 2157 2092 2091
f 2090 2091 2069
f 2069 2091 2092
f 2511 2482 2481
f 2575 2574 2603
f 2657 2631 2630
f 2484 2485 2454
f 2454 2485 2455
f 2455 2485 2486
f 2516 2515 2546
f 2516 2546 2547
f 2573 2547 2546
f 2515 2545 2546
f 2542 2570 2543
f 2511 2510 2543
f 2542 2543 2510
f 2804 2767 2802
f 2766 2802 2767
f 2804 2802 2803
f 2801 2803 2802
f 2801 2802 2765
f 2766 2765 2802
f 2735 2764 2765
f 2862 2864 2863
f 2448 2449 2447
f 2448 2480 2449
f 2448 2479 2480
f 2509 2479 2478
f 2509 2478 2508
f 2476 2508 2478
f 2418 2388 2417
f 2418 2417 2446
f 2418 2446 2447
f 2448 2447 2446
f 2448 2446 2479
f 2478 2479 2446
f 2478 2446 2444
f 2706 2678 2676
f 2676 2678 2677
f 2652 2650 2678
f 2650 2677 2678
f 1464 1463 1497
f 1532 1464 1497
f 1426 1357 1425
f 1357 1389 1425
f 1426 1425 1463
f 1496 1425 1495
f 1496 1463 1425
f 1532 1562 1619
f 1640 1679 1562
f 1661 1619 1679
f 1619 1562 1679
f 1721 1783 1784
f 1721 1720 1783
f 1808 1848 1829
f 1785 1703 1807
f 1785 1704 1703
f 1722 1703 1704
f 1722 1702 1761
f 1721 1761 1702
f 1721 1784 1761
f 1784 1807 1761
f 1722 1704 1662
f 1643 1662 1704
f 1642 1722 1662
f 1642 1662 1620
f 1620 1662 1643
f 1643 1704 1594
f 1593 1643 1594
f 1744 1593 1594
f 1744 1645 1705
f 1744 1705 1682
f 1875 1764 1743
f 1764 1763 1743
f 1923 1875 1743
f 1923 1743 1763
f 1849 1850 1741
f 1321 1290 1320
f 1352 1385 1320
f 1321 1320 1385
f 1289 1352 1320
f 1228 1289 1320
f 1228 1320 1290
f 1421 1354 1386
f 1353 1386 1354
f 1421 1386 1420
f 1420 1386 1385
f 1353 1385 1386
f 1352 1383 1384
f 1351 1383 1352
f 1419 1458 1385
f 1419 1490 1458
f 1124 1125 1099
f 1187 1125 1157
f 1191 1258 1227
f 1227 1258 1259
f 1226 1259 1258
f 1226 1258 1190
f 1126 1071 1159
f 1071 1099 1159
f 1189 1159 1099
f 1189 1190 1159
f 1416 1415 1454
f 1455 1454 1453
f 1453 1454 1415
f 1489 1488 1523
f 1522 1523 1488
f 1524 1523 1522
f 1311 1343 1312
f 1450 1411 1449
f 1413 1412 1411
f 1450 1413 1411
f 1449 1411 1410
f 1410 1411 1375
f 1520 1521 1486
f 1552 1521 1520
f 1552 1553 1521
f 1453 1486 1487
f 1455 1453 1487
f 1455 1487 1488
f 1522 1488 1487
f 1522 1487 1521
f 1486 1521 1487
f 1558 1615 1588
f 1588 1638 1589
f 1558 1588 1527
f 1558 1527 1557
f 1222 1254 1186
f 1185 1222 1186
f 1185 1186 1155
f 1187 1157 1186
f 1123 1155 1186
f 1123 1186 1157
f 1065 1095 1066
f 1096 1036 1066
f 1096 1066 1095
f 1004 1033 1006
f 1278 1309 1279
f 1310 1279 1309
f 2819 2817 2818
f 2816 2817 2785
f 2816 2851 2817
f 2785 2786 2751
f 2785 2817 2786
f 2819 2786 2817
f 2752 2788 2753
f 3011 3041 3042
f 2944 3041 3011
f 3106 3075 3074
f 3075 3042 3074
f 3042 3041 3074
f 2944 3106 3074
f 2944 3074 3041
f 2981 3042 3012
f 3013 2982 3012
f 2982 2981 3012
f 2830 2796 2761
f 2830 2831 2796
f 2828 2858 2859
f 2830 2829 2859
f 2828 2859 2829
f 2927 2926 2960
f 3495 3469 3515
f 3420 3447 3469
f 3494 3469 3447
f 3494 3515 3469
f 3495 3470 3469
f 3420 3469 3470
f 2986 2985 3017
f 2986 2951 2985
f 2984 3017 2985
f 2950 2984 2985
f 2950 2985 2951
f 2962 2963 2964
f 2931 2962 2964
f 2932 2931 2964
f 2932 2964 2963
f 3506 3484 3483
f 3438 3484 3409
f 3458 3406 3435
f 3458 3436 3406
f 3435 3406 3383
f 3384 3383 3406
f 3384 3406 3385
f 3385 3407 3359
f 3386 3359 3407
f 3677 3632 3652
f 3632 3631 3652
f 3676 3677 3652
f 3676 3652 3675
f 3675 3652 3631
f 3281 3332 3306
f 3385 3359 3306
f 3384 3385 3306
f 3384 3306 3332
f 3683 3682 3700
f 3683 3700 3684
f 3684 3700 3701
f 3697 3713 3698
f 3697 3698 3681
f 3682 3681 3698
f 3126 3156 3157
f 3126 3125 3156
f 3184 3156 3125
f 3184 3185 3156
f 3070 3008 3038
f 2979 3008 3039
f 3349 3324 3323
f 3349 3323 3348
f 3324 3295 3323
f 3295 3322 3323
f 3322 3347 3323
f 3347 3348 3323
f 182 181 180
f 182 214 183
f 182 213 214
f 1542 1574 1543
f 1575 1574 1603
f 1573 1603 1574
f 1573 1574 1542
f 1544 1543 1574
f 1575 1544 1574
f 1081 1050 1080
f 1049 1080 1050
f 1049 1050 1018
f 1206 1207 1172
f 1138 1172 1139
f 1138 1171 1172
f 1171 1206 1172
f 1244 1208 1207
f 1174 1208 1209
f 1209 1208 1244
f 302 276 301
f 276 275 301
f 300 301 275
f 243 242 277
f 539 566 567
f 539 567 508
f 568 567 599
f 599 567 566
f 507 506 538
f 399 368 432
f 307 368 337
f 307 306 368
f 246 245 280
f 245 279 280
f 247 281 306
f 247 246 281
f 246 280 281
f 305 281 280
f 305 335 281
f 399 459 433
f 434 433 459
f 515 459 485
f 480 508 454
f 480 454 427
f 428 427 454
f 428 454 481
f 399 432 458
f 399 458 459
f 456 483 457
f 430 429 456
f 568 569 510
f 481 510 482
f 430 457 431
f 704 703 733
f 704 733 735
f 734 735 733
f 702 733 703
f 732 734 733
f 732 733 702
f 487 517 518
f 574 518 517
f 488 490 489
f 488 489 462
f 463 489 490
f 463 462 489
f 104 135 106
f 136 106 135
f 198 199 135
f 198 135 134
f 134 135 104
f 989 1020 1021
f 1022 1021 1053
f 1022 989 1021
f 886 858 820
f 796 820 858
f 796 819 820
f 857 820 819
f 887 797 858
f 887 859 797
f 771 797 821
f 771 796 797
f 796 858 797
f 944 969 970
f 970 969 1006
f 913 1006 969
f 860 942 888
f 861 888 914
f 944 889 915
f 889 914 915
f 944 915 969
f 944 971 945
f 945 971 1007
f 944 970 971
f 1035 971 970
f 1035 1007 971
f 972 1008 973
f 947 973 1008
f 1182 1153 1151
f 1152 1151 1153
f 1152 1119 1151
f 1119 1118 1151
f 1181 1182 1151
f 1150 1181 1151
f 1150 1151 1118
f 885 853 852
f 792 851 852
f 883 852 851
f 883 851 850
f 850 851 790
f 706 735 736
f 673 737 708
f 709 708 738
f 673 708 674
f 709 674 708
f 908 855 854
f 855 817 854
f 908 854 885
f 885 854 853
f 1092 1091 1117
f 999 1030 1000
f 1032 1001 1030
f 1001 1000 1030
f 939 938 937
f 997 939 937
f 997 937 996
f 965 996 937
f 965 937 936
f 936 937 906
f 883 884 885
f 883 882 884
f 938 884 937
f 882 937 884
f 1629 1604 1628
f 1652 1671 1628
f 1629 1628 1671
f 1513 1512 1545
f 1513 1545 1546
f 1576 1546 1545
f 1511 1545 1512
f 1544 1545 1511
f 1544 1576 1545
f 678 644 677
f 678 677 712
f 644 711 677
f 712 677 711
f 769 743 713
f 743 712 713
f 742 713 712
f 818 768 767
f 741 767 768
f 856 818 767
f 856 767 794
f 766 794 767
f 766 767 741
f 742 768 795
f 819 795 768
f 769 713 795
f 742 795 713
f 319 351 320
f 385 320 351
f 350 351 319
f 350 384 351
f 412 351 384
f 413 351 412
f 413 385 351
f 680 679 744
f 680 744 681
f 745 744 743
f 743 744 679
f 746 744 745
f 746 681 744
f 3001 3003 3002
f 2973 2975 2940
f 2976 2975 3004
f 3004 2975 3003
f 3003 2975 3002
f 2939 2940 2909
f 2878 2877 2909
f 2878 2909 2940
f 2940 2975 2941
f 2813 2780 2781
f 2776 2746 2775
f 2776 2777 2746
f 2878 2720 2847
f 2720 2779 2847
f 2878 2847 2877
f 2877 2847 2846
f 2846 2847 2779
f 2846 2779 2812
f 2845 2846 2812
f 2844 2845 2812
f 2519 2488 2549
f 2605 2519 2549
f 2548 2549 2517
f 2605 2549 2576
f 2548 2575 2549
f 2575 2576 2549
f 2455 2398 2346
f 2264 2346 2137
f 2194 2346 2138
f 2194 2137 2346
f 2344 2241 2289
f 2243 2291 2137
f 2264 2137 2291
f 2372 2264 2291
f 2372 2291 2243
f 1710 1686 1709
f 1710 1687 1686
f 1685 1709 1686
f 1664 1685 1686
f 1667 1666 1687
f 1667 1623 1666
f 1649 1666 1623
f 1859 1884 1885
f 1859 1858 1884
f 1861 1886 1862
f 1861 1885 1886
f 1863 1862 1886
f 1888 1911 1912
f 1942 1912 1911
f 2062 2080 2063
f 2062 2063 2037
f 2038 2037 2063
f 2081 2063 2080
f 2064 2063 2081
f 2038 2063 2064
f 2099 2079 2061
f 2062 2061 2079
f 2062 2079 2080
f 2062 2037 2036
f 2062 2036 2061
f 2060 2078 2061
f 2099 2061 2078
f 2096 2077 2076
f 2096 2097 2077
f 1267 1297 1268
f 1296 1297 1267
f 1296 1329 1297
f 1329 1298 1297
f 1236 1268 1269
f 1238 1236 1269
f 1268 1297 1269
f 1298 1269 1297
f 1238 1269 1270
f 1270 1269 1299
f 1299 1269 1298
f 1599 1600 1570
f 1600 1571 1570
f 1599 1570 1569
f 1505 1569 1570
f 1505 1570 1571
f 1541 1506 1540
f 1572 1541 1540
f 1572 1540 1539
f 1505 1539 1540
f 1505 1540 1506
f 2593 2562 2561
f 2593 2561 2592
f 2560 2592 2561
f 2560 2561 2532
f 2646 2618 2644
f 2646 2619 2618
f 2566 2597 2568
f 2649 2622 2648
f 2595 2622 2623
f 2649 2623 2622
f 2648 2622 2621
f 2505 2539 2506
f 2505 2537 2539
f 2535 2537 2536
f 2505 2504 2537
f 2536 2537 2504
f 2501 2503 2502
f 2470 2502 2503
f 2501 2502 2469
f 2640 2641 2614
f 2613 2640 2614
f 2556 2589 2557
f 2587 2588 2589
f 2556 2587 2589
f 2588 2590 2589
f 2617 2591 2590
f 2558 2590 2591
f 2557 2590 2558
f 2557 2589 2590
f 1882 1880 1881
f 1957 1982 1983
f 2007 1983 1982
f 1956 1982 1957
f 2007 2008 1983
f 2032 2008 2007
f 2528 2527 2554
f 2530 2499 2498
f 2530 2531 2499
f 2466 2498 2467
f 2466 2467 2435
f 2498 2499 2467
f 2468 2467 2499
f 2436 2435 2467
f 2436 2467 2468
f 2531 2532 2500
f 2468 2500 2469
f 2437 2469 2438
f 2437 2438 2409
f 2409 2438 2410
f 2439 2410 2438
f 2439 2438 2470
f 2470 2438 2502
f 2469 2502 2438
f 2382 2358 2357
f 2359 2358 2383
f 2383 2358 2382
f 2118 2174 2143
f 2118 2143 2119
f 2174 2175 2143
f 2120 2100 2119
f 2101 2080 2100
f 2099 2119 2100
f 2099 2100 2079
f 2080 2079 2100
f 1995 1971 1994
f 1995 1996 1971
f 1972 1971 1996
f 1947 1971 1972
f 1890 1891 1866
f 1890 1942 1943
f 1968 1943 1942
f 1734 1757 1735
f 1757 1780 1735
f 1734 1735 1700
f 1846 1869 1826
f 1801 1824 1802
f 1778 1801 1802
f 1778 1802 1779
f 1779 1802 1780
f 1994 1969 1993
f 1967 1969 1968
f 1967 1993 1969
f 2303 2304 2278
f 2253 2278 2304
f 2303 2278 2302
f 2251 2302 2278
f 2253 2254 2231
f 2230 2253 2231
f 2204 2203 2231
f 2230 2231 2203
f 2204 2231 2205
f 2205 2231 2254
f 2230 2229 2252
f 2251 2252 2229
f 2230 2252 2253
f 2300 2301 2275
f 2274 2300 2275
f 2274 2275 2250
f 2227 2250 2275
f 2207 2180 2206
f 2206 2180 2179
f 2207 2181 2180
f 2181 2149 2180
f 2149 2179 2180
f 2147 2178 2148
f 2178 2179 2148
f 2147 2148 2123
f 2149 2148 2179
f 2124 2148 2149
f 2124 2123 2148
f 2101 2122 2102
f 2101 2145 2122
f 2145 2146 2122
f 2147 2122 2146
f 2101 2121 2145
f 2120 2145 2121
f 2101 2100 2121
f 2120 2121 2100
f 2209 2152 2151
f 2128 2151 2152
f 2209 2182 2152
f 2153 2152 2182
f 2048 2088 2022
f 2089 2022 2088
f 2086 2087 2047
f 2177 2202 2203
f 2177 2176 2202
f 2201 2202 2176
f 2230 2203 2202
f 2230 2202 2229
f 2201 2229 2202
f 2161 2113 2027
f 2217 2191 2216
f 2217 2113 2191
f 2190 2191 2161
f 2161 2191 2113
f 2372 2317 2397
f 2397 2317 2290
f 2372 2243 2317
f 2397 2290 2263
f 2397 2263 2345
f 2316 2345 2263
f 2192 2241 2263
f 1898 2072 1876
f 1898 1876 2005
f 2005 1876 1928
f 2005 2029 1980
f 2005 1980 2055
f 2163 2290 2193
f 2183 2184 2155
f 2183 2155 2154
f 2154 2155 2131
f 2156 2131 2155
f 2185 2156 2155
f 2185 2155 2184
f 2281 2308 2283
f 2281 2307 2308
f 2336 2337 2308
f 2336 2308 2307
f 2256 2283 2257
f 2235 2208 2257
f 2208 2256 2257
f 2235 2257 2258
f 2284 2258 2257
f 2284 2257 2283
f 2281 2283 2282
f 2256 2282 2283
f 2234 2281 2282
f 2234 2282 2256
f 2311 2339 2340
f 2311 2313 2285
f 2311 2312 2313
f 2360 2384 2386
f 2363 2334 2362
f 2334 2333 2362
f 1924 2001 1925
f 1999 1922 1977
f 1977 1922 1976
f 1951 1976 1922
f 1951 1922 1896
f 1923 1922 1999
f 1923 1850 1922
f 1850 1896 1922
f 1947 1972 1949
f 1920 1895 1874
f 1849 1874 1895
f 1873 1809 1829
f 2092 2071 2070
f 2069 2052 2000
f 2069 2070 2052
f 2000 2052 2001
f 1979 2052 2070
f 1979 2001 2052
f 2654 2655 2653
f 2186 2213 2187
f 2212 2213 2186
f 2212 2237 2213
f 2260 2213 2237
f 2133 2158 2134
f 2157 2187 2158
f 2289 2217 2288
f 2217 2216 2288
f 2425 2423 2451
f 2422 2451 2423
f 2631 2603 2604
f 2631 2604 2630
f 2629 2630 2604
f 2484 2513 2485
f 2515 2513 2545
f 2571 2544 2570
f 2570 2544 2543
f 2603 2574 2602
f 2735 2734 2764
f 2735 2709 2734
f 2801 2765 2800
f 2765 2764 2800
f 2763 2800 2764
f 2798 2800 2763
f 2798 2796 2832
f 2831 2832 2796
f 2833 2832 2863
f 2364 2389 2390
f 2364 2363 2389
f 2363 2388 2389
f 2476 2477 2475
f 2476 2478 2477
f 2478 2444 2477
f 2417 2445 2446
f 2446 2445 2444
f 2542 2541 2567
f 2542 2567 2569
f 2569 2567 2568
f 2566 2568 2567
f 1495 1425 1462
f 1389 1462 1425
f 1496 1495 1590
f 1639 1618 1590
f 1496 1590 1531
f 1618 1531 1590
f 1496 1531 1463
f 1640 1561 1618
f 1618 1561 1531
f 1784 1783 1828
f 1808 1828 1848
f 1808 1807 1828
f 1784 1828 1807
f 1644 1621 1704
f 1704 1621 1594
f 1744 1621 1644
f 1744 1594 1621
f 1645 1723 1786
f 1645 1786 1705
f 1723 1809 1786
f 1189 1099 1158
f 1099 1125 1158
f 1224 1158 1187
f 1187 1158 1125
f 1635 1613 1612
f 1586 1612 1613
f 1587 1613 1614
f 1586 1613 1587
f 1701 1759 1718
f 1659 1676 1638
f 1659 1717 1676
f 1588 1616 1638
f 1659 1638 1616
f 1588 1615 1616
f 1639 1617 1638
f 1638 1617 1589
f 1639 1590 1617
f 1461 1422 1493
f 1459 1492 1420
f 1255 1223 1254
f 1254 1223 1186
f 912 968 913
f 913 968 1006
f 912 967 968
f 1004 968 967
f 1004 1006 968
f 1065 1034 1033
f 1033 1034 1006
f 1065 1066 1034
f 1036 1034 1066
f 1035 1034 1036
f 1369 1405 1406
f 1443 1444 1405
f 1443 1405 1404
f 1368 1404 1405
f 1368 1405 1369
f 1408 1407 1446
f 1408 1372 1407
f 1479 1480 1445
f 1480 1446 1445
f 1479 1445 1444
f 1446 1407 1445
f 1406 1445 1407
f 1369 1370 1339
f 1369 1406 1370
f 1406 1407 1370
f 1278 1308 1309
f 1307 1306 1308
f 1306 1339 1308
f 3075 3043 3042
f 3042 3043 3012
f 3107 3043 3075
f 3107 3076 3043
f 3013 3043 3044
f 3013 3012 3043
f 2762 2761 2797
f 2761 2796 2797
f 2798 2762 2797
f 2798 2797 2796
f 2892 2925 2893
f 2991 2992 2958
f 2992 2960 2958
f 3507 3409 3461
f 3409 3484 3461
f 3507 3461 3506
f 3506 3461 3484
f 3386 3437 3408
f 3386 3407 3437
f 3713 3699 3698
f 3682 3699 3700
f 3682 3698 3699
f 121 150 123
f 123 150 151
f 179 240 212
f 241 212 240
f 179 212 180
f 182 212 213
f 182 180 212
f 1018 1051 1019
f 1018 1050 1051
f 1081 1051 1050
f 1174 1173 1208
f 1207 1208 1173
f 1207 1173 1172
f 363 427 364
f 243 278 279
f 243 277 278
f 277 303 278
f 245 244 279
f 215 183 244
f 215 244 245
f 243 244 214
f 183 214 244
f 243 279 244
f 564 566 565
f 506 565 538
f 564 565 563
f 506 563 565
f 399 369 368
f 337 368 369
f 399 433 369
f 335 336 281
f 306 336 368
f 306 281 336
f 572 513 571
f 540 571 513
f 400 434 460
f 400 460 461
f 434 459 460
f 515 460 459
f 515 486 460
f 515 541 516
f 515 516 486
f 573 516 541
f 508 567 509
f 508 509 454
f 481 454 509
f 568 509 567
f 568 510 509
f 481 509 510
f 481 482 455
f 428 481 455
f 428 455 429
f 456 429 455
f 482 483 455
f 456 455 483
f 432 398 431
f 430 431 398
f 859 822 797
f 821 797 822
f 798 822 859
f 798 821 822
f 913 943 942
f 913 969 943
f 917 946 947
f 916 946 917
f 947 946 973
f 916 972 946
f 972 973 946
f 738 708 765
f 737 765 708
f 764 791 765
f 791 793 765
f 738 765 793
f 738 793 766
f 766 793 794
f 1089 1091 1090
f 1089 1090 1060
f 1060 1090 1061
f 1062 1061 1090
f 999 1029 1031
f 999 1031 1030
f 1060 1031 1029
f 1060 1061 1031
f 1032 1031 1061
f 1032 1030 1031
f 3001 2974 2973
f 3001 3002 2974
f 2973 2974 2975
f 3002 2975 2974
f 2912 2781 2911
f 2976 2912 2911
f 2781 2941 2911
f 2976 2911 2975
f 2975 2911 2941
f 2878 2780 2662
f 2878 2662 2720
f 2813 2662 2780
f 2781 2910 2941
f 2781 2780 2910
f 2878 2910 2780
f 2878 2940 2910
f 2940 2941 2910
f 2522 2609 2718
f 2689 2718 2609
f 2522 2718 2746
f 2689 2775 2718
f 2775 2746 2718
f 2779 2636 2812
f 2720 2636 2779
f 2138 2346 2056
f 2138 2056 2115
f 2115 2056 2292
f 2397 2426 2427
f 2454 2455 2427
f 2372 2427 2455
f 2372 2397 2427
f 2454 2427 2453
f 2453 2427 2426
f 2344 2343 2371
f 2395 2371 2370
f 2425 2451 2452
f 2482 2483 2452
f 2482 2452 2451
f 2344 2396 2345
f 2344 2371 2396
f 2397 2396 2426
f 2397 2345 2396
f 2344 2345 2219
f 2344 2219 2241
f 2316 2219 2345
f 2316 2263 2219
f 2241 2219 2263
f 2029 2094 2135
f 2029 2135 1980
f 2163 2162 2136
f 2192 2263 2162
f 2136 2162 2263
f 1649 1665 1666
f 1648 1665 1649
f 1664 1665 1648
f 1664 1686 1665
f 1687 1665 1686
f 1687 1666 1665
f 1906 1907 1884
f 1906 1937 1907
f 1908 1885 1907
f 1885 1884 1907
f 1858 1883 1884
f 1906 1884 1883
f 1908 1909 1885
f 1885 1909 1886
f 1937 1963 1907
f 1962 1963 1937
f 2014 2015 1989
f 1964 1963 1989
f 1962 1989 1963
f 1962 1988 1989
f 2014 1989 1988
f 1940 1941 1910
f 1910 1941 1911
f 1942 1941 1940
f 1942 1911 1941
f 2060 2061 2035
f 2061 2036 2035
f 2012 2011 2037
f 2037 2011 2036
f 2099 2078 2098
f 2117 2118 2098
f 2099 2098 2118
f 2058 2076 2059
f 2076 2077 2059
f 2535 2503 2534
f 2501 2534 2503
f 2644 2617 2616
f 2617 2590 2616
f 2698 2670 2697
f 2698 2671 2670
f 2697 2670 2669
f 2641 2669 2670
f 2568 2597 2598
f 2476 2475 2507
f 2476 2507 2508
f 2508 2507 2506
f 2508 2506 2540
f 2566 2540 2539
f 2539 2540 2506
f 2595 2594 2622
f 2621 2622 2594
f 2560 2559 2592
f 2558 2591 2559
f 2560 2531 2559
f 2531 2558 2559
f 2588 2614 2615
f 2588 2615 2590
f 2641 2615 2614
f 2643 2616 2615
f 2590 2615 2616
f 1961 1935 1934
f 1933 1934 1903
f 1933 1960 1934
f 1961 1934 1960
f 2526 2527 2495
f 2526 2495 2494
f 2532 2533 2500
f 2501 2533 2534
f 2357 2358 2329
f 2300 2329 2301
f 2300 2357 2329
f 1845 1866 1867
f 1866 1891 1867
f 1890 1913 1891
f 1914 1891 1913
f 1890 1943 1913
f 1914 1913 1943
f 1968 1944 1943
f 1914 1943 1944
f 1914 1944 1945
f 1994 1971 1970
f 1994 1970 1969
f 1968 1969 1970
f 1914 1892 1891
f 1914 1945 1892
f 1700 1735 1736
f 1780 1736 1735
f 1782 1804 1827
f 1870 1804 1869
f 1870 1827 1804
f 1869 1804 1826
f 1780 1738 1736
f 1824 1803 1802
f 1780 1802 1803
f 2251 2277 2302
f 2251 2275 2277
f 2201 2228 2229
f 2227 2275 2228
f 2251 2229 2228
f 2251 2228 2275
f 2200 2228 2201
f 2200 2227 2228
f 2086 2019 2046
f 2086 2047 2019
f 1995 2046 2019
f 2027 2113 2028
f 2094 2028 2113
f 2072 2027 2028
f 2072 2028 1876
f 2094 1928 2028
f 1928 1876 2028
f 2190 2160 2191
f 2216 2191 2160
f 2216 2160 2189
f 2190 2111 2160
f 2111 2134 2160
f 2290 2242 2263
f 2136 2263 2242
f 2163 2242 2290
f 2163 2136 2242
f 2163 2193 2004
f 2192 2004 2055
f 2005 2055 2004
f 2192 2162 2004
f 2163 2004 2162
f 2243 2164 2317
f 2290 2317 2164
f 2243 2137 2164
f 2337 2309 2308
f 2310 2309 2338
f 2338 2309 2337
f 2310 2283 2309
f 2283 2308 2309
f 2418 2447 2419
f 2447 2420 2419
f 2418 2419 2390
f 2259 2285 2261
f 2259 2261 2260
f 2360 2361 2333
f 2360 2386 2361
f 2333 2361 2362
f 2386 2362 2361
f 2363 2362 2387
f 2386 2387 2362
f 2363 2387 2388
f 2417 2388 2387
f 1972 1973 1949
f 1947 1949 1948
f 1919 1948 1949
f 1919 1893 1948
f 1849 1830 1874
f 1849 1741 1830
f 1873 1874 1830
f 1873 1830 1809
f 1741 1786 1830
f 1809 1830 1786
f 1681 1704 1762
f 1785 1762 1704
f 1829 1809 1762
f 1808 1829 1762
f 2657 2656 2681
f 2657 2630 2656
f 2629 2656 2630
f 2629 2602 2628
f 2601 2628 2602
f 2655 2656 2628
f 2629 2628 2656
f 2187 2213 2214
f 2134 2158 2188
f 2187 2188 2158
f 2187 2214 2188
f 2215 2188 2214
f 2133 2132 2158
f 2157 2132 2092
f 2157 2158 2132
f 2312 2314 2313
f 2481 2482 2450
f 2482 2451 2450
f 2481 2450 2480
f 2480 2450 2449
f 2422 2449 2450
f 2422 2450 2451
f 2515 2514 2513
f 2485 2513 2514
f 2486 2485 2514
f 2571 2601 2572
f 2601 2602 2572
f 2545 2572 2546
f 2573 2546 2572
f 2573 2572 2574
f 2574 2572 2602
f 2707 2708 2709
f 2709 2708 2734
f 2707 2706 2708
f 2706 2733 2708
f 2733 2734 2708
f 2834 2799 2833
f 2801 2799 2834
f 2801 2800 2799
f 2798 2799 2800
f 2862 2863 2861
f 2863 2832 2861
f 2862 2861 2896
f 2860 2861 2831
f 2831 2861 2832
f 1530 1424 1494
f 1423 1494 1424
f 1530 1462 1424
f 1423 1424 1389
f 1389 1424 1462
f 1495 1560 1590
f 1590 1560 1617
f 1497 1561 1591
f 1532 1497 1591
f 1532 1591 1562
f 1640 1562 1591
f 1640 1591 1561
f 1872 1848 1847
f 1848 1828 1847
f 1920 1894 1919
f 1919 1894 1893
f 1872 1894 1848
f 1872 1893 1894
f 1920 1874 1894
f 1873 1894 1874
f 1189 1188 1225
f 1189 1158 1188
f 1224 1188 1158
f 1674 1675 1636
f 1635 1674 1636
f 1635 1636 1613
f 1661 1679 1719
f 1701 1718 1677
f 1701 1677 1676
f 1638 1676 1677
f 1639 1638 1677
f 1675 1637 1636
f 1420 1492 1460
f 1421 1420 1460
f 1421 1460 1422
f 1422 1460 1493
f 1339 1370 1340
f 1339 1340 1308
f 1309 1308 1340
f 1372 1371 1407
f 1407 1371 1370
f 1370 1371 1340
f 2885 2820 2819
f 2852 2820 2885
f 2788 2820 2821
f 2860 2859 2894
f 2859 2893 2894
f 2926 2894 2893
f 2927 2894 2926
f 2957 2959 2893
f 2926 2893 2959
f 2957 2958 2959
f 2960 2926 2959
f 2960 2959 2958
f 3438 3460 3484
f 3483 3484 3460
f 3732 3746 3733
f 3734 3733 3746
f 428 395 427
f 427 395 364
f 303 304 278
f 279 278 304
f 305 280 304
f 279 304 280
f 432 368 367
f 368 336 367
f 366 398 367
f 432 367 398
f 572 514 513
f 572 515 514
f 515 485 514
f 485 484 514
f 513 514 484
f 511 512 483
f 511 540 512
f 540 513 512
f 483 512 484
f 513 484 512
f 366 397 398
f 430 398 397
f 396 429 397
f 430 397 429
f 791 816 793
f 792 816 791
f 2813 2747 2662
f 2720 2662 2747
f 2813 2492 2747
f 2492 2720 2747
f 2812 2636 2778
f 2811 2778 2777
f 2844 2778 2811
f 2844 2812 2778
f 2522 2746 2582
f 2777 2582 2746
f 2720 2522 2582
f 2425 2424 2423
f 2395 2423 2424
f 2395 2424 2371
f 2371 2424 2396
f 2192 2114 2241
f 1980 2135 2114
f 2192 2055 2114
f 2055 1980 2114
f 2289 2241 2218
f 2094 2113 2218
f 2094 2218 2135
f 2289 2218 2217
f 2217 2218 2113
f 1856 1905 1883
f 1882 1905 1856
f 1906 1905 1935
f 1906 1883 1905
f 1886 1909 1887
f 1940 1910 1887
f 1888 1887 1911
f 1910 1911 1887
f 1863 1887 1888
f 1863 1886 1887
f 1964 1938 1963
f 1964 1965 1938
f 1908 1907 1938
f 1907 1963 1938
f 1959 1986 1960
f 1987 1960 1986
f 1987 1986 2012
f 2012 1986 2011
f 1984 2009 2010
f 2009 2035 2010
f 2036 2010 2035
f 2036 2011 2010
f 2009 2008 2033
f 2032 2033 2008
f 2058 2033 2032
f 2058 2059 2033
f 2671 2643 2642
f 2671 2642 2670
f 2641 2670 2642
f 2641 2642 2615
f 2643 2615 2642
f 2539 2537 2538
f 2537 2565 2538
f 2566 2538 2597
f 2566 2539 2538
f 2597 2538 2565
f 2597 2565 2596
f 2623 2597 2596
f 2595 2623 2596
f 2537 2564 2565
f 2535 2564 2537
f 2565 2564 2596
f 1903 1934 1904
f 1880 1903 1904
f 1880 1904 1881
f 1935 1881 1904
f 1935 1904 1934
f 2465 2464 2496
f 2464 2495 2496
f 2527 2496 2495
f 2301 2329 2330
f 2358 2330 2329
f 2359 2330 2358
f 2359 2331 2330
f 2331 2302 2330
f 1846 1845 1868
f 1845 1867 1868
f 1846 1868 1869
f 1891 1868 1867
f 1945 1916 1892
f 1780 1781 1738
f 1780 1803 1781
f 1826 1781 1803
f 1782 1781 1804
f 1826 1804 1781
f 1700 1736 1737
f 1700 1737 1675
f 1736 1738 1737
f 1846 1826 1825
f 1826 1803 1825
f 1846 1825 1824
f 1824 1825 1803
f 1995 2020 1996
f 1995 2019 2020
f 2047 2020 2019
f 2134 2159 2160
f 2189 2160 2159
f 2134 2188 2159
f 2005 2004 2220
f 2193 2220 2004
f 2290 2073 2193
f 2290 2164 2073
f 2193 2073 2220
f 2005 2220 2073
f 2005 2073 2030
f 2030 2073 2137
f 2137 2073 2164
f 2365 2366 2338
f 2338 2366 2339
f 2422 2421 2449
f 2422 2423 2394
f 2395 2394 2423
f 2395 2370 2394
f 2342 2394 2370
f 2342 2341 2394
f 2285 2313 2286
f 2285 2286 2261
f 2260 2261 2262
f 2413 2442 2414
f 2474 2475 2442
f 2384 2385 2386
f 1919 1949 1950
f 1949 1973 1950
f 1920 1950 1975
f 1920 1919 1950
f 1870 1869 1871
f 1869 1917 1871
f 1870 1871 1847
f 1872 1847 1871
f 1872 1918 1893
f 1893 1918 1948
f 1872 1871 1918
f 1917 1918 1871
f 2601 2627 2628
f 2655 2628 2627
f 2626 2653 2627
f 2653 2655 2627
f 2215 2214 2238
f 2260 2238 2213
f 2213 2238 2214
f 2342 2343 2315
f 2342 2315 2314
f 2288 2314 2315
f 2344 2315 2343
f 2344 2289 2315
f 2289 2288 2315
f 2928 2896 2895
f 2896 2861 2895
f 2928 2895 2927
f 2927 2895 2894
f 2860 2895 2861
f 2860 2894 2895
f 1870 1806 1827
f 1827 1806 1805
f 1870 1847 1806
f 1783 1805 1806
f 1783 1806 1828
f 1828 1806 1847
f 1759 1740 1719
f 1759 1760 1740
f 1720 1740 1760
f 1661 1719 1740
f 1661 1740 1721
f 1721 1740 1720
f 1589 1529 1559
f 1588 1589 1559
f 1493 1559 1529
f 1527 1528 1492
f 1492 1528 1460
f 1493 1460 1528
f 1588 1528 1527
f 1588 1559 1528
f 1493 1528 1559
f 1310 1309 1341
f 1309 1340 1341
f 1340 1371 1341
f 1372 1341 1371
f 1342 1341 1372
f 1342 1343 1341
f 2819 2820 2787
f 2788 2787 2820
f 2819 2787 2786
f 2752 2787 2788
f 3732 3733 3714
f 3700 3699 3714
f 366 365 397
f 396 397 365
f 2777 2719 2582
f 2720 2719 2636
f 2720 2582 2719
f 1991 1966 1965
f 1967 1940 1966
f 1991 1992 1966
f 1967 1966 1992
f 1940 1887 1939
f 1909 1939 1887
f 1940 1939 1966
f 1965 1966 1939
f 1908 1939 1909
f 1908 1938 1939
f 1965 1939 1938
f 1964 1989 1990
f 2015 1990 1989
f 1964 1990 1965
f 1991 1965 1990
f 1991 1990 2017
f 2017 1990 2015
f 2011 1986 1985
f 2011 1985 2010
f 1959 1958 1985
f 1959 1985 1986
f 1984 1985 1958
f 1984 2010 1985
f 2009 2034 2035
f 2009 2033 2034
f 2059 2034 2033
f 2562 2594 2563
f 2594 2564 2563
f 2535 2563 2564
f 2535 2534 2563
f 2561 2563 2534
f 2562 2563 2561
f 2302 2277 2276
f 2302 2276 2330
f 2301 2330 2276
f 2301 2276 2275
f 2275 2276 2277
f 1869 1868 1915
f 1892 1916 1915
f 1891 1892 1915
f 1891 1915 1868
f 1869 1915 1917
f 1917 1915 1916
f 1947 1917 1946
f 1917 1916 1946
f 1945 1946 1916
f 1945 1970 1946
f 1947 1946 1971
f 1971 1946 1970
f 1782 1758 1781
f 2340 2369 2341
f 2368 2394 2369
f 2341 2369 2394
f 2340 2367 2369
f 2368 2369 2367
f 2368 2393 2394
f 2390 2419 2391
f 2366 2391 2367
f 2392 2367 2391
f 2365 2390 2391
f 2365 2391 2366
f 2215 2239 2189
f 2216 2189 2239
f 2260 2262 2239
f 2260 2239 2238
f 2215 2238 2239
f 2313 2314 2287
f 2313 2287 2286
f 2216 2240 2288
f 2216 2239 2240
f 2262 2240 2239
f 2262 2287 2240
f 2288 2240 2314
f 2314 2240 2287
f 2384 2415 2385
f 1973 1974 1950
f 1997 1974 1973
f 1998 1974 1997
f 1998 1975 1974
f 1975 1950 1974
f 1639 1660 1618
f 1639 1677 1660
f 3700 3714 3715
f 3733 3715 3714
f 3701 3700 3715
f 3734 3701 3715
f 3734 3715 3733
f 1759 1739 1758
f 1701 1739 1759
f 1701 1676 1739
f 1717 1739 1676
f 2385 2415 2443
f 2414 2443 2415
f 2475 2477 2443
f 2444 2443 2477
f 2444 2445 2443
f 2475 2443 2442
f 2414 2442 2443
f 2386 2416 2387
f 2386 2385 2416
f 2385 2443 2416
f 2417 2387 2416
f 2417 2416 2445
f 2445 2416 2443
f 372 435 401
f 372 371 435
f 3224 3165 3280
f 3223 3280 3165
f 56 117 57
f 118 57 117
f 70 35 34
f 70 34 69
f 372 340 371
f 371 340 339
f 316 315 347
f 315 346 347
f 1696 1697 1654
f 1653 1696 1654
f 1163 1194 1128
f 1164 1128 1194
f 1260 1291 1195
f 1230 1195 1291
f 1322 1261 1291
f 1230 1291 1261
f 3194 3136 3105
f 3194 3165 3136
f 3224 3136 3165
f 3224 3166 3136
f 3580 3579 3626
f 3581 3580 3626
f 3625 3665 3644
f 3664 3665 3625
f 3666 3665 3687
f 3666 3644 3665
f 3026 3058 3059
f 3026 3059 3027
f 3060 3059 3092
f 3091 3092 3059
f 3096 3032 3064
f 3096 3065 3032
f 3223 3165 3247
f 3194 3247 3165
f 3194 3164 3247
f 3193 3247 3164
f 13 27 14
f 13 26 27
f 169 229 202
f 169 168 229
f 170 203 171
f 204 171 203
f 202 229 264
f 263 264 229
f 156 96 95
f 155 156 95
f 156 157 96
f 97 96 157
f 691 724 692
f 725 692 724
f 657 656 689
f 688 689 656
f 621 620 655
f 654 655 620
f 342 313 284
f 285 284 313
f 526 497 525
f 496 525 497
f 496 495 525
f 549 525 495
f 444 412 443
f 411 443 412
f 1535 1501 1500
f 1535 1536 1501
f 1500 1501 1467
f 1468 1467 1501
f 1356 1422 1387
f 1356 1421 1422
f 1292 1355 1323
f 1356 1323 1355
f 2947 2885 2884
f 2947 2916 2885
f 3581 3559 3580
f 3580 3559 3539
f 3117 3149 3150
f 3118 3117 3150
f 3178 3179 3150
f 3178 3150 3149
f 3147 3176 3177
f 3147 3177 3148
f 3115 3116 3085
f 3086 3085 3116
f 3147 3148 3116
f 3147 3116 3115
f 3119 3089 3088
f 3118 3119 3088
f 3519 3520 3498
f 3519 3498 3497
f 3553 3512 3537
f 3553 3537 3574
f 3221 3243 3244
f 3220 3243 3221
f 3614 3633 3615
f 3634 3615 3633
f 3567 3527 3566
f 3526 3566 3527
f 3703 3685 3702
f 3717 3703 3702
f 3677 3710 3693
f 3676 3710 3677
f 3711 3727 3772
f 3711 3772 3741
f 3634 3633 3655
f 3654 3655 3633
f 3026 3027 2994
f 3026 2994 2993
f 3211 3237 3238
f 3212 3211 3238
f 3266 3267 3238
f 3266 3238 3237
f 3063 3030 3062
f 3061 3062 3030
f 3192 3191 3222
f 3192 3222 3193
f 3102 3134 3071
f 3103 3071 3134
f 3193 3164 3135
f 3192 3193 3135
f 3065 3066 3032
f 3033 3032 3066
f 3381 3351 3380
f 3381 3352 3351
f 3267 3268 3238
f 3267 3296 3268
f 3266 3294 3267
f 3267 3294 3295
f 55 116 56
f 56 116 117
f 26 50 27
f 49 50 26
f 118 117 148
f 118 148 178
f 809 808 834
f 809 834 835
f 502 529 530
f 502 501 529
f 530 529 557
f 556 557 529
f 33 66 68
f 67 68 66
f 94 68 67
f 94 95 68
f 65 64 92
f 93 65 92
f 631 630 698
f 697 698 630
f 631 632 630
f 602 630 632
f 732 788 734
f 762 734 788
f 933 932 992
f 991 992 932
f 530 557 558
f 530 558 559
f 657 689 690
f 658 657 690
f 622 623 592
f 593 592 623
f 657 623 656
f 622 656 623
f 746 745 772
f 798 772 745
f 991 1056 992
f 991 1023 1056
f 1631 1673 1632
f 1694 1632 1673
f 341 312 340
f 311 340 312
f 311 312 310
f 282 310 312
f 526 527 497
f 498 497 527
f 526 552 527
f 554 527 552
f 554 555 527
f 528 527 555
f 496 497 467
f 497 468 467
f 442 466 467
f 441 466 442
f 496 466 495
f 496 467 466
f 408 440 379
f 380 379 440
f 346 348 347
f 380 348 346
f 411 412 384
f 411 384 383
f 383 384 349
f 350 349 384
f 381 410 382
f 381 409 410
f 408 379 407
f 379 378 407
f 2606 2659 2660
f 2686 2660 2659
f 2457 2489 2400
f 2457 2400 2348
f 2551 2634 2717
f 2551 2717 2581
f 1748 1768 1749
f 1791 1749 1768
f 1536 1566 1537
f 1565 1566 1536
f 1999 1978 1952
f 1924 1952 1978
f 1696 1730 1697
f 1731 1697 1730
f 1100 1101 1041
f 1102 1041 1101
f 1316 1256 1255
f 1316 1255 1315
f 1293 1323 1389
f 1324 1293 1389
f 1387 1388 1389
f 1387 1389 1323
f 1550 1549 1582
f 1581 1582 1549
f 1581 1549 1580
f 1580 1549 1548
f 1516 1548 1549
f 1516 1549 1517
f 3362 3338 3310
f 3336 3362 3310
f 2727 2696 2726
f 2695 2726 2696
f 2918 2887 2886
f 2918 2886 2917
f 3048 3081 3049
f 3048 3080 3081
f 3018 3049 3050
f 3018 3050 3019
f 3170 3142 3254
f 3254 3142 3169
f 3768 3753 3767
f 3769 3753 3768
f 3690 3708 3709
f 3722 3709 3708
f 3689 3650 3648
f 3649 3648 3650
f 3230 3259 3231
f 3230 3258 3259
f 3342 3316 3341
f 3315 3341 3316
f 3175 3205 3207
f 3175 3207 3176
f 3290 3289 3318
f 3317 3318 3289
f 3317 3343 3318
f 3343 3344 3318
f 3115 3085 3114
f 3084 3114 3085
f 3147 3146 3176
f 3176 3146 3174
f 3147 3115 3146
f 3115 3114 3146
f 3082 3112 3113
f 3083 3082 3113
f 3084 3113 3114
f 3083 3113 3084
f 3054 3023 3053
f 3022 3053 3023
f 3118 3087 3117
f 3118 3088 3087
f 3520 3499 3498
f 3521 3499 3520
f 3365 3393 3366
f 3365 3366 3340
f 3033 3000 3032
f 3033 3001 3000
f 2933 2900 2899
f 2932 2933 2899
f 2866 2864 2897
f 2866 2897 2898
f 3551 3510 3536
f 3551 3573 3510
f 3507 3533 3534
f 3507 3534 3508
f 3102 3162 3134
f 3133 3162 3102
f 3245 3278 3279
f 3245 3244 3278
f 3354 3382 3355
f 3356 3355 3382
f 3354 3355 3353
f 3330 3353 3355
f 3329 3301 3352
f 3328 3352 3301
f 3586 3585 3610
f 3609 3610 3585
f 3634 3616 3615
f 3634 3635 3616
f 3526 3565 3566
f 3526 3525 3565
f 3356 3382 3433
f 3356 3433 3405
f 3505 3481 3482
f 3458 3481 3505
f 3529 3481 3480
f 3529 3482 3481
f 3736 3749 3765
f 3750 3736 3765
f 3617 3616 3636
f 3635 3636 3616
f 3774 3790 3761
f 3760 3774 3761
f 3123 3124 3093
f 3123 3093 3092
f 2934 2966 2967
f 2934 2933 2966
f 2932 2966 2933
f 2932 2965 2966
f 3027 3059 3028
f 3060 3028 3059
f 3212 3182 3211
f 3211 3182 3181
f 3120 3182 3152
f 3120 3181 3182
f 3155 3153 3184
f 3183 3184 3153
f 3065 3097 3066
f 3098 3066 3097
f 3241 3217 3240
f 3241 3242 3217
f 3133 3102 3070
f 3133 3070 3101
f 3099 3130 3100
f 3131 3100 3130
f 3131 3101 3100
f 3069 3100 3101
f 3292 3320 3293
f 3321 3293 3320
f 3525 3477 3476
f 3525 3476 3475
f 170 171 141
f 171 142 141
f 85 54 53
f 86 54 85
f 29 54 30
f 29 53 54
f 123 124 122
f 91 122 124
f 1134 1077 1133
f 1106 1133 1077
f 453 422 452
f 421 452 422
f 421 422 393
f 393 422 394
f 236 207 235
f 236 208 207
f 204 203 231
f 204 231 232
f 426 425 479
f 426 479 480
f 152 185 125
f 152 125 124
f 93 125 127
f 93 126 125
f 666 633 700
f 635 633 666
f 731 701 700
f 732 701 731
f 880 846 845
f 880 845 879
f 4 3 10
f 9 10 3
f 161 195 162
f 196 162 195
f 257 258 197
f 196 257 197
f 102 133 103
f 102 103 75
f 1146 1178 1179
f 1146 1145 1178
f 1146 1115 1145
f 1146 1116 1115
f 1277 1249 1248
f 1277 1278 1249
f 880 879 905
f 879 904 905
f 934 905 904
f 934 935 905
f 848 882 849
f 848 881 882
f 1693 1671 1672
f 1693 1673 1671
f 131 160 132
f 159 160 131
f 161 160 195
f 194 195 160
f 102 101 133
f 132 133 101
f 255 256 222
f 223 222 256
f 282 253 310
f 252 310 253
f 578 605 606
f 578 577 605
f 288 287 318
f 317 318 287
f 350 318 349
f 317 349 318
f 647 615 646
f 614 646 615
f 2839 2840 2809
f 2841 2809 2840
f 1833 1853 1834
f 1833 1877 1853
f 2323 2324 2270
f 2323 2270 2297
f 2432 2464 2433
f 2432 2463 2464
f 2324 2271 2270
f 2325 2271 2324
f 2433 2464 2434
f 2465 2434 2464
f 2375 2405 2376
f 2375 2404 2405
f 2326 2299 2298
f 2326 2327 2299
f 2273 2299 2274
f 2273 2298 2299
f 2064 2065 2039
f 2040 2039 2065
f 1927 2026 1954
f 1927 2002 2026
f 1525 1556 1526
f 1491 1525 1526
f 1822 1823 1801
f 1822 1801 1800
f 1800 1801 1777
f 1778 1777 1801
f 1756 1777 1778
f 1756 1755 1777
f 1822 1800 1799
f 1822 1799 1798
f 1774 1776 1754
f 1775 1776 1774
f 1381 1382 1350
f 1381 1350 1349
f 1316 1315 1348
f 1315 1378 1348
f 1379 1348 1378
f 1379 1380 1348
f 1347 1346 1377
f 1376 1377 1346
f 1519 1520 1484
f 1485 1484 1520
f 1450 1484 1451
f 1485 1451 1484
f 948 1038 975
f 1009 1038 948
f 1635 1611 1657
f 1635 1612 1611
f 1733 1699 1698
f 1734 1699 1733
f 2918 2917 2949
f 2950 2918 2949
f 2950 2949 2984
f 2983 2984 2949
f 2983 3015 2984
f 3016 2984 3015
f 3044 3045 3015
f 3046 3015 3045
f 2947 3010 2981
f 2947 2980 3010
f 3140 3167 3197
f 3140 3197 3168
f 3542 3541 3562
f 3561 3562 3541
f 3586 3562 3585
f 3561 3585 3562
f 3651 3671 3672
f 3651 3650 3671
f 3689 3671 3650
f 3689 3708 3671
f 2929 2897 2896
f 2929 2896 2928
f 3471 3470 3497
f 3497 3470 3496
f 3495 3516 3470
f 3496 3470 3516
f 3399 3421 3422
f 3398 3421 3399
f 3398 3399 3371
f 3398 3371 3370
f 3343 3371 3344
f 3370 3371 3343
f 3206 3232 3207
f 3231 3232 3206
f 3207 3232 3208
f 3233 3208 3232
f 3176 3208 3177
f 3176 3207 3208
f 3234 3208 3233
f 3234 3209 3208
f 3022 2988 3021
f 3022 2989 2988
f 2956 2988 2989
f 2956 2955 2988
f 3141 3142 3143
f 3141 3143 3112
f 3170 3143 3142
f 3170 3144 3143
f 3084 3085 3052
f 3051 3084 3052
f 3086 3052 3085
f 3086 3053 3052
f 3051 3052 3020
f 3020 3052 3021
f 3022 3052 3053
f 3022 3021 3052
f 2990 3023 3024
f 2991 2990 3024
f 2991 3024 2992
f 3025 2992 3024
f 3467 3490 3491
f 3513 3491 3490
f 2838 2868 2869
f 2838 2837 2868
f 2898 2897 2930
f 2929 2930 2897
f 3410 3409 3462
f 3410 3387 3409
f 3508 3535 3485
f 3486 3485 3535
f 3507 3508 3485
f 3507 3485 3462
f 3637 3596 3618
f 3637 3619 3596
f 3534 3548 3549
f 3570 3549 3548
f 3298 3327 3299
f 3328 3299 3327
f 3615 3616 3593
f 3615 3593 3592
f 3614 3615 3590
f 3615 3592 3590
f 3475 3474 3502
f 3501 3502 3474
f 3408 3334 3308
f 3438 3334 3408
f 3637 3636 3658
f 3637 3658 3638
f 3727 3726 3725
f 3740 3727 3725
f 3710 3725 3726
f 3710 3724 3725
f 3680 3696 3697
f 3680 3695 3696
f 3680 3657 3656
f 3680 3656 3679
f 3127 3157 3158
f 3126 3157 3127
f 3101 3070 3037
f 3069 3101 3037
f 3351 3325 3350
f 3326 3325 3351
f 3296 3324 3325
f 3296 3325 3297
f 3349 3325 3324
f 3349 3350 3325
f 85 84 113
f 114 85 113
f 83 112 113
f 83 113 84
f 1106 1168 1133
f 1106 1132 1168
f 664 663 693
f 664 693 694
f 694 693 727
f 727 693 726
f 843 815 842
f 814 842 815
f 903 843 842
f 903 842 902
f 839 876 840
f 812 839 840
f 593 560 592
f 593 561 560
f 561 534 560
f 534 533 560
f 178 240 179
f 211 240 178
f 299 329 300
f 330 300 329
f 299 298 329
f 328 329 298
f 328 298 327
f 327 298 297
f 424 425 361
f 425 362 361
f 330 329 361
f 330 361 362
f 146 174 175
f 145 174 146
f 208 174 207
f 208 175 174
f 145 144 174
f 173 174 144
f 187 153 186
f 187 154 153
f 186 153 184
f 185 184 153
f 309 308 338
f 339 309 338
f 426 363 425
f 425 363 362
f 730 729 761
f 787 730 761
f 596 625 597
f 626 597 625
f 596 597 563
f 564 563 597
f 593 623 624
f 593 624 594
f 808 754 753
f 752 808 753
f 9 43 10
f 10 43 24
f 1111 1139 1140
f 1111 1140 1141
f 1052 1081 1082
f 1053 1052 1082
f 1112 1083 1082
f 1053 1082 1083
f 1111 1141 1082
f 1112 1082 1141
f 1112 1141 1113
f 1141 1142 1113
f 1216 1215 1280
f 1216 1280 1281
f 1278 1280 1249
f 1278 1279 1280
f 1116 1087 1115
f 1086 1115 1087
f 1219 1183 1182
f 1218 1219 1182
f 1247 1248 1211
f 1212 1211 1248
f 1179 1178 1213
f 1212 1213 1178
f 1248 1249 1213
f 1212 1248 1213
f 935 906 905
f 936 906 935
f 1579 1606 1607
f 1580 1579 1607
f 1631 1632 1607
f 1631 1607 1606
f 1581 1580 1607
f 1581 1607 1608
f 1608 1607 1633
f 1633 1607 1632
f 1693 1672 1715
f 1672 1692 1715
f 1754 1729 1715
f 1753 1754 1715
f 1692 1752 1715
f 1753 1715 1752
f 523 493 545
f 522 545 493
f 159 193 160
f 194 160 193
f 223 193 222
f 223 194 193
f 740 710 739
f 709 739 710
f 716 715 747
f 749 716 747
f 866 829 828
f 865 866 828
f 804 828 829
f 804 803 828
f 825 801 800
f 825 802 801
f 614 615 585
f 584 614 585
f 2635 2717 2688
f 2635 2688 2661
f 2891 2892 2858
f 2857 2891 2858
f 2857 2858 2827
f 2827 2858 2828
f 2606 2633 2659
f 2579 2633 2606
f 2456 2518 2319
f 2429 2319 2518
f 1833 1834 1812
f 1833 1812 1832
f 1536 1502 1501
f 1536 1537 1502
f 1468 1501 1502
f 1468 1502 1503
f 1504 1503 1502
f 1504 1502 1538
f 2760 2702 2701
f 2731 2760 2701
f 2703 2673 2701
f 2703 2701 2702
f 1956 1931 1930
f 1956 1930 1955
f 1899 1930 1900
f 1899 1929 1930
f 2663 2664 2610
f 2637 2663 2610
f 2225 2199 2198
f 2224 2225 2198
f 2199 2172 2198
f 2171 2198 2172
f 2326 2353 2354
f 2326 2354 2355
f 2465 2435 2434
f 2465 2466 2435
f 2376 2405 2377
f 2406 2377 2405
f 2327 2328 2299
f 2300 2299 2328
f 2064 2081 2065
f 2082 2065 2081
f 2082 2081 2102
f 2101 2102 2081
f 2107 2086 2106
f 2068 2106 2086
f 2043 2017 2016
f 2043 2018 2017
f 2236 2211 2235
f 2210 2235 2211
f 2156 2110 2131
f 2109 2131 2110
f 2711 2681 2710
f 2711 2682 2681
f 2836 2803 2835
f 2836 2804 2803
f 2652 2625 2651
f 2624 2651 2625
f 1419 1385 1384
f 1352 1384 1385
f 1316 1225 1256
f 1316 1257 1225
f 1382 1319 1350
f 1351 1319 1382
f 1612 1585 1611
f 1584 1611 1585
f 1587 1558 1557
f 1587 1557 1556
f 1519 1551 1520
f 1552 1520 1551
f 1282 1251 1250
f 1283 1251 1282
f 1218 1251 1219
f 1218 1250 1251
f 1283 1284 1251
f 1284 1252 1251
f 2882 2818 2881
f 2883 2818 2882
f 2883 2885 2818
f 2885 2819 2818
f 2695 2725 2726
f 2695 2694 2725
f 2728 2753 2754
f 2728 2727 2753
f 2791 2790 2823
f 2791 2823 2824
f 3199 3198 3226
f 3168 3198 3199
f 3138 3076 3137
f 3107 3137 3076
f 3586 3587 3562
f 3611 3587 3586
f 3611 3612 3587
f 3588 3587 3612
f 3467 3445 3418
f 3394 3418 3445
f 3539 3540 3518
f 3519 3518 3540
f 3627 3628 3605
f 3627 3645 3628
f 3401 3400 3424
f 3453 3424 3400
f 3344 3371 3372
f 3373 3344 3372
f 3315 3316 3288
f 3287 3315 3288
f 2889 2888 2919
f 2889 2919 2920
f 3173 3145 3172
f 3202 3173 3172
f 3170 3172 3171
f 3170 3201 3172
f 2837 2867 2868
f 2836 2867 2837
f 2900 2867 2899
f 2900 2868 2867
f 2994 2963 2962
f 2995 2963 2994
f 3440 3411 3439
f 3440 3439 3463
f 3272 3273 3271
f 3242 3271 3273
f 3298 3299 3273
f 3298 3273 3272
f 3611 3631 3612
f 3611 3675 3631
f 152 183 185
f 185 183 184
f 152 181 183
f 182 183 181
f 812 811 839
f 838 839 811
f 812 782 811
f 782 781 811
f 725 724 756
f 725 756 781
f 1200 1167 1131
f 1200 1131 1199
f 1167 1132 1131
f 1132 1105 1131
f 1510 1543 1511
f 1544 1511 1543
f 1081 1110 1082
f 1111 1082 1110
f 1079 1108 1080
f 1049 1079 1080
f 299 300 273
f 274 273 300
f 274 239 273
f 238 273 239
f 211 239 240
f 211 238 239
f 480 479 508
f 507 508 479
f 308 337 338
f 308 307 337
f 248 306 307
f 247 306 248
f 601 570 569
f 602 570 601
f 632 633 571
f 572 571 633
f 668 703 669
f 704 669 703
f 635 603 634
f 635 636 603
f 573 634 603
f 573 603 574
f 927 871 870
f 896 927 870
f 261 226 259
f 261 259 260
f 1019 1020 988
f 1052 1020 1019
f 990 1020 989
f 990 961 1020
f 912 858 886
f 912 887 858
f 1003 967 966
f 1003 1004 967
f 1026 1058 1059
f 1027 1026 1059
f 997 1028 1029
f 997 1029 998
f 940 938 939
f 907 938 940
f 1577 1576 1604
f 1577 1604 1605
f 1442 1476 1477
f 1443 1442 1477
f 1513 1477 1512
f 1476 1512 1477
f 583 643 612
f 611 643 583
f 2772 2807 2808
f 2772 2808 2809
f 2978 2942 3006
f 3036 2978 3006
f 2791 2824 2856
f 2791 2856 2825
f 2455 2486 2398
f 2487 2398 2486
f 1598 1622 1623
f 1624 1598 1623
f 1962 1935 1961
f 1962 1936 1935
f 2695 2696 2669
f 2695 2669 2668
f 2705 2676 2675
f 2705 2675 2704
f 2222 2196 2221
f 2222 2223 2196
f 2224 2247 2225
f 2248 2225 2247
f 2248 2247 2273
f 2273 2247 2272
f 2246 2247 2223
f 2224 2223 2247
f 1822 1844 1823
f 1822 1843 1844
f 1865 1844 1864
f 1864 1844 1843
f 1734 1733 1757
f 1756 1757 1733
f 1756 1778 1757
f 1778 1779 1757
f 1823 1844 1824
f 1845 1824 1844
f 2082 2102 2103
f 2123 2103 2102
f 2107 2087 2086
f 2107 2108 2087
f 2043 2044 2018
f 2045 2018 2044
f 2043 2067 2044
f 2068 2044 2067
f 1994 1993 2046
f 2045 2046 1993
f 2259 2237 2258
f 2236 2258 2237
f 2236 2237 2211
f 2212 2211 2237
f 2107 2129 2108
f 2107 2128 2129
f 2212 2184 2211
f 2185 2184 2212
f 2259 2258 2285
f 2284 2285 2258
f 2310 2285 2284
f 2310 2311 2285
f 1926 1979 2025
f 1926 1953 1979
f 1951 1975 1976
f 2023 1976 1975
f 1920 1975 1895
f 1921 1895 1975
f 2710 2681 2680
f 2709 2710 2680
f 2711 2712 2682
f 2682 2712 2683
f 2573 2574 2547
f 2575 2547 2574
f 2834 2833 2863
f 2864 2834 2863
f 2510 2480 2479
f 2509 2510 2479
f 2509 2541 2510
f 2542 2510 2541
f 2654 2678 2679
f 2652 2678 2654
f 2707 2678 2706
f 2707 2679 2678
f 1807 1703 1761
f 1722 1761 1703
f 1742 1741 1850
f 1742 1682 1741
f 1351 1382 1383
f 1382 1417 1383
f 1418 1383 1417
f 1418 1384 1383
f 1420 1385 1458
f 1459 1420 1458
f 1491 1459 1458
f 1491 1458 1490
f 1156 1157 1125
f 1124 1156 1125
f 1160 1190 1258
f 1191 1160 1258
f 1160 1159 1190
f 1126 1159 1160
f 1456 1454 1455
f 1456 1416 1454
f 1525 1489 1523
f 1525 1523 1524
f 1344 1312 1343
f 1342 1344 1343
f 1376 1375 1411
f 1376 1411 1412
f 1554 1522 1521
f 1554 1521 1553
f 1587 1615 1558
f 1587 1614 1615
f 2881 2818 2817
f 2881 2817 2851
f 2754 2753 2788
f 2789 2754 2788
f 2860 2831 2859
f 2830 2859 2831
f 3436 3407 3406
f 3385 3406 3407
f 3307 3281 3306
f 3359 3307 3306
f 3186 3156 3185
f 3186 3157 3156
f 3102 3008 3070
f 3102 3039 3008
f 2979 2943 3008
f 2943 3038 3008
f 332 301 331
f 332 302 301
f 330 301 300
f 330 331 301
f 276 277 242
f 241 276 242
f 213 242 214
f 243 214 242
f 507 538 508
f 539 508 538
f 569 570 510
f 511 510 570
f 511 483 510
f 482 510 483
f 457 458 431
f 432 431 458
f 199 164 135
f 136 135 164
f 1053 1021 1052
f 1052 1021 1020
f 857 910 820
f 886 820 910
f 823 860 888
f 823 888 861
f 790 851 791
f 792 791 851
f 707 736 737
f 706 736 707
f 764 736 763
f 735 763 736
f 1148 1091 1089
f 1117 1091 1148
f 881 937 882
f 881 906 937
f 907 884 938
f 907 885 884
f 1627 1651 1628
f 1652 1628 1651
f 1603 1627 1628
f 1603 1628 1604
f 819 770 795
f 769 795 770
f 2908 2939 2909
f 2908 2909 2877
f 2518 2549 2488
f 2518 2517 2549
f 2372 2455 2346
f 2372 2346 2264
f 2511 2483 2482
f 2511 2512 2483
f 2592 2618 2620
f 2619 2620 2618
f 2587 2614 2588
f 2613 2614 2587
f 2644 2618 2591
f 2644 2591 2617
f 1956 1955 1982
f 1955 1981 1982
f 2006 1982 1981
f 2006 2007 1982
f 1984 1983 2008
f 1984 2008 2009
f 2553 2554 2527
f 2526 2553 2527
f 2468 2499 2500
f 2531 2500 2499
f 2144 2119 2143
f 2144 2143 2175
f 2251 2278 2252
f 2253 2252 2278
f 2123 2102 2122
f 2147 2123 2122
f 2128 2152 2129
f 2153 2129 2152
f 2108 2088 2087
f 2109 2088 2108
f 2109 2110 2088
f 2089 2088 2110
f 2087 2088 2047
f 2048 2047 2088
f 1953 2001 1979
f 1953 1925 2001
f 1924 1978 2001
f 1978 2000 2001
f 2093 2053 2071
f 2133 2093 2071
f 2025 2071 2053
f 2025 2070 2071
f 2654 2679 2655
f 2679 2680 2655
f 2512 2513 2483
f 2484 2483 2513
f 2512 2544 2513
f 2545 2513 2544
f 2511 2544 2512
f 2511 2543 2544
f 2603 2602 2604
f 2629 2604 2602
f 2733 2763 2734
f 2763 2764 2734
f 2418 2389 2388
f 2418 2390 2389
f 1463 1531 1561
f 1463 1561 1497
f 1682 1786 1741
f 1682 1705 1786
f 1491 1526 1492
f 1491 1492 1459
f 1526 1557 1492
f 1557 1527 1492
f 1256 1223 1255
f 1224 1223 1256
f 1224 1187 1223
f 1187 1186 1223
f 970 1006 1034
f 1035 970 1034
f 1406 1405 1445
f 1444 1445 1405
f 1277 1308 1278
f 1307 1308 1277
f 2887 2821 2886
f 2822 2821 2887
f 2789 2788 2821
f 2822 2789 2821
f 3044 3043 3045
f 3045 3043 3076
f 2892 2893 2858
f 2858 2893 2859
f 2924 2957 2893
f 2924 2893 2925
f 2991 2958 2990
f 2990 2958 2957
f 3436 3437 3407
f 3459 3437 3436
f 120 149 150
f 120 150 121
f 179 180 150
f 179 150 149
f 151 150 181
f 181 150 180
f 213 212 242
f 241 242 212
f 1052 1051 1081
f 1052 1019 1051
f 1139 1172 1173
f 1174 1139 1173
f 276 303 277
f 302 303 276
f 332 303 302
f 332 333 303
f 332 364 333
f 332 363 364
f 539 538 565
f 539 565 566
f 338 337 369
f 370 338 369
f 370 369 434
f 434 369 433
f 487 460 486
f 487 461 460
f 573 574 516
f 574 517 516
f 487 486 516
f 487 516 517
f 914 888 943
f 942 943 888
f 914 943 915
f 969 915 943
f 737 736 765
f 764 765 736
f 817 793 854
f 794 793 817
f 1092 1090 1091
f 1092 1062 1090
f 2398 2056 2346
f 2292 2056 2398
f 2342 2370 2371
f 2342 2371 2343
f 2453 2426 2452
f 2425 2452 2426
f 2484 2452 2483
f 2484 2453 2452
f 1857 1856 1883
f 1857 1883 1858
f 2142 2098 2097
f 2117 2098 2142
f 2097 2098 2077
f 2078 2077 2098
f 2078 2059 2077
f 2060 2059 2078
f 2671 2616 2643
f 2671 2644 2616
f 2623 2598 2597
f 2624 2598 2623
f 2624 2625 2598
f 2599 2598 2625
f 2599 2569 2598
f 2569 2568 2598
f 2505 2506 2507
f 2505 2507 2475
f 2541 2540 2567
f 2566 2567 2540
f 2509 2540 2541
f 2509 2508 2540
f 2593 2621 2594
f 2593 2594 2562
f 2592 2559 2618
f 2618 2559 2591
f 2463 2495 2464
f 2463 2494 2495
f 2469 2500 2533
f 2501 2469 2533
f 2561 2534 2533
f 2532 2561 2533
f 1945 1944 1970
f 1968 1970 1944
f 1997 1973 1996
f 1972 1996 1973
f 1723 1762 1809
f 1681 1762 1723
f 1785 1807 1762
f 1808 1762 1807
f 2681 2656 2680
f 2680 2656 2655
f 2133 2071 2132
f 2092 2132 2071
f 2516 2486 2514
f 2516 2514 2515
f 2545 2544 2572
f 2571 2572 2544
f 2833 2799 2832
f 2798 2832 2799
f 1495 1462 1560
f 1530 1560 1462
f 1530 1589 1560
f 1589 1617 1560
f 1829 1848 1894
f 1873 1829 1894
f 1256 1225 1188
f 1224 1256 1188
f 1827 1805 1760
f 1782 1827 1760
f 1783 1760 1805
f 1720 1760 1783
f 1659 1616 1637
f 1659 1637 1675
f 1614 1637 1615
f 1615 1637 1616
f 1614 1613 1637
f 1613 1636 1637
f 1530 1529 1589
f 1530 1494 1529
f 1461 1529 1494
f 1461 1493 1529
f 2886 2821 2820
f 2852 2886 2820
f 3438 3408 3460
f 3408 3437 3460
f 3459 3460 3437
f 3459 3483 3460
f 428 429 395
f 396 395 429
f 333 304 303
f 333 334 304
f 305 304 335
f 335 304 334
f 335 367 336
f 335 366 367
f 459 458 484
f 459 484 485
f 457 484 458
f 457 483 484
f 854 793 816
f 853 854 816
f 792 852 816
f 852 853 816
f 2425 2426 2424
f 2426 2396 2424
f 2135 2218 2114
f 2241 2114 2218
f 1935 1905 1881
f 1882 1881 1905
f 2595 2596 2564
f 2595 2564 2594
f 2465 2496 2466
f 2466 2496 2497
f 2528 2497 2496
f 2528 2496 2527
f 1659 1675 1737
f 1659 1737 1717
f 1997 1996 2020
f 2021 1997 2020
f 2048 2020 2047
f 2048 2021 2020
f 2215 2159 2188
f 2215 2189 2159
f 2311 2340 2341
f 2311 2341 2312
f 2342 2314 2341
f 2312 2341 2314
f 2447 2421 2420
f 2447 2449 2421
f 2474 2442 2441
f 2413 2441 2442
f 1947 1948 1918
f 1947 1918 1917
f 2600 2627 2601
f 2600 2626 2627
f 1679 1678 1719
f 1640 1678 1679
f 1759 1719 1678
f 1759 1678 1718
f 1311 1341 1343
f 1311 1310 1341
f 2751 2786 2787
f 2752 2751 2787
f 3713 3714 3699
f 3732 3714 3713
f 335 365 366
f 335 334 365
f 396 365 395
f 364 395 365
f 333 364 365
f 333 365 334
f 2636 2719 2778
f 2777 2778 2719
f 2060 2034 2059
f 2060 2035 2034
f 1782 1760 1758
f 1759 1758 1760
f 2339 2366 2367
f 2339 2367 2340
f 2392 2393 2367
f 2368 2367 2393
f 2420 2421 2393
f 2420 2393 2392
f 2422 2393 2421
f 2422 2394 2393
f 2420 2392 2391
f 2420 2391 2419
f 2261 2287 2262
f 2261 2286 2287
f 2413 2414 2415
f 2413 2415 2384
f 1640 1660 1678
f 1640 1618 1660
f 1718 1678 1660
f 1718 1660 1677
f 1717 1737 1739
f 1738 1739 1737
f 1738 1781 1739
f 1781 1758 1739

