# https://github.com/mikedh/trimesh
v -36.00000000 181.00000000 646.00000000 0.70588235 0.43529412 0.37647059
v -39.00000000 181.00000000 643.00000000 0.69411765 0.41176471 0.35686275
v -38.00000000 181.00000000 643.00000000 0.69803922 0.41568627 0.36078431
v -37.00000000 181.00000000 644.00000000 0.70588235 0.44313725 0.38039216
v -42.00000000 181.00000000 640.00000000 0.68235294 0.40000000 0.35294118
v -41.00000000 181.00000000 640.00000000 0.68235294 0.40000000 0.35294118
v -40.00000000 181.00000000 641.00000000 0.68235294 0.40000000 0.35294118
v -35.00000000 182.00000000 645.00000000 0.72549020 0.46274510 0.40000000
v -61.00000000 181.00000000 637.00000000 0.49803922 0.28235294 0.27058824
v -48.00000000 181.00000000 637.00000000 0.64313725 0.35686275 0.32156863
v -44.00000000 181.00000000 639.00000000 0.67450980 0.39215686 0.34509804
v -43.00000000 181.00000000 639.00000000 0.68235294 0.40000000 0.35294118
v -36.00000000 182.00000000 642.00000000 0.69803922 0.43137255 0.38039216
v -69.00000000 181.00000000 636.00000000 0.38039216 0.22352941 0.22745098
v -68.00000000 181.00000000 637.00000000 0.38431373 0.22745098 0.23137255
v -67.00000000 181.00000000 636.00000000 0.38431373 0.22745098 0.22745098
v -66.00000000 181.00000000 637.00000000 0.40784314 0.25098039 0.24313725
v -65.00000000 181.00000000 636.00000000 0.41960784 0.25882353 0.24313725
v -64.00000000 181.00000000 636.00000000 0.43137255 0.25490196 0.24313725
v -63.00000000 181.00000000 636.00000000 0.45098039 0.26274510 0.24705882
v -62.00000000 181.00000000 636.00000000 0.48235294 0.27450980 0.25882353
v -60.00000000 181.00000000 636.00000000 0.51764706 0.28627451 0.27058824
v -59.00000000 181.00000000 636.00000000 0.54117647 0.29411765 0.26666667
v -58.00000000 181.00000000 636.00000000 0.53725490 0.29019608 0.26274510
v -57.00000000 181.00000000 635.00000000 0.55686275 0.30980392 0.28235294
v -56.00000000 181.00000000 635.00000000 0.56078431 0.31372549 0.28627451
v -55.00000000 181.00000000 635.00000000 0.57647059 0.32549020 0.29019608
v -54.00000000 181.00000000 635.00000000 0.56862745 0.31764706 0.28235294
v -53.00000000 181.00000000 635.00000000 0.58039216 0.31764706 0.28627451
v -52.00000000 181.00000000 636.00000000 0.58823529 0.32156863 0.28627451
v -51.00000000 181.00000000 636.00000000 0.60000000 0.33333333 0.29803922
v -50.00000000 181.00000000 636.00000000 0.61568627 0.34117647 0.30980392
v -49.00000000 181.00000000 636.00000000 0.61960784 0.34509804 0.31372549
v -47.00000000 181.00000000 637.00000000 0.64705882 0.36470588 0.31764706
v -46.00000000 181.00000000 637.00000000 0.66666667 0.38431373 0.33725490
v -45.00000000 181.00000000 637.00000000 0.67450980 0.39215686 0.34509804
v -38.00000000 182.00000000 640.00000000 0.70980392 0.43529412 0.38823529
v -37.00000000 182.00000000 640.00000000 0.69803922 0.43137255 0.38039216
v -46.00000000 182.00000000 636.00000000 0.64313725 0.36862745 0.32156863
v -45.00000000 182.00000000 636.00000000 0.65882353 0.38431373 0.33725490
v -44.00000000 182.00000000 637.00000000 0.68235294 0.40784314 0.36078431
v -43.00000000 182.00000000 637.00000000 0.67450980 0.40000000 0.35294118
v -42.00000000 182.00000000 638.00000000 0.68235294 0.40784314 0.36078431
v -41.00000000 182.00000000 638.00000000 0.68235294 0.40784314 0.36078431
v -40.00000000 182.00000000 638.00000000 0.68235294 0.40784314 0.36078431
v -39.00000000 182.00000000 638.00000000 0.69019608 0.41568627 0.36862745
v -34.00000000 183.00000000 641.00000000 0.72941176 0.46666667 0.40392157
v -32.00000000 184.00000000 645.00000000 0.72941176 0.47450980 0.40392157
v -69.00000000 182.00000000 636.00000000 0.38039216 0.22745098 0.23137255
v -68.00000000 182.00000000 636.00000000 0.38039216 0.22745098 0.23137255
v -67.00000000 182.00000000 636.00000000 0.38823529 0.23921569 0.23529412
v -66.00000000 182.00000000 636.00000000 0.39607843 0.23921569 0.23137255
v -65.00000000 182.00000000 635.00000000 0.40784314 0.24705882 0.23921569
v -64.00000000 182.00000000 636.00000000 0.43529412 0.25882353 0.24705882
v -63.00000000 182.00000000 635.00000000 0.45882353 0.25882353 0.24705882
v -62.00000000 182.00000000 635.00000000 0.47450980 0.27450980 0.25882353
v -61.00000000 182.00000000 636.00000000 0.49019608 0.27450980 0.26274510
v -60.00000000 182.00000000 635.00000000 0.50980392 0.27450980 0.27058824
v -59.00000000 182.00000000 635.00000000 0.52156863 0.29019608 0.26666667
v -58.00000000 182.00000000 635.00000000 0.53725490 0.29803922 0.27843137
v -49.00000000 182.00000000 635.00000000 0.61960784 0.34509804 0.31372549
v -48.00000000 182.00000000 635.00000000 0.63137255 0.35686275 0.30980392
v -47.00000000 182.00000000 635.00000000 0.63529412 0.36078431 0.31372549
v -42.00000000 183.00000000 637.00000000 0.68235294 0.40784314 0.36078431
v -41.00000000 183.00000000 638.00000000 0.68235294 0.41568627 0.36470588
v -40.00000000 183.00000000 638.00000000 0.68627451 0.42352941 0.36078431
v -39.00000000 183.00000000 638.00000000 0.69803922 0.43529412 0.37254902
v -38.00000000 183.00000000 638.00000000 0.70980392 0.44705882 0.38431373
v -37.00000000 183.00000000 638.00000000 0.70980392 0.44705882 0.38039216
v -36.00000000 183.00000000 638.00000000 0.70588235 0.44313725 0.37647059
v -35.00000000 183.00000000 639.00000000 0.70980392 0.44705882 0.38039216
v -69.00000000 183.00000000 636.00000000 0.37647059 0.21568627 0.23137255
v -66.00000000 183.00000000 636.00000000 0.39215686 0.23529412 0.23529412
v -65.00000000 183.00000000 635.00000000 0.40392157 0.23921569 0.24313725
v -64.00000000 183.00000000 635.00000000 0.43529412 0.25490196 0.25490196
v -63.00000000 183.00000000 635.00000000 0.44313725 0.25490196 0.23921569
v -62.00000000 183.00000000 635.00000000 0.47058824 0.27058824 0.25490196
v -61.00000000 183.00000000 635.00000000 0.49019608 0.27450980 0.26274510
v -59.00000000 183.00000000 634.00000000 0.52156863 0.28235294 0.27058824
v -57.00000000 182.00000000 633.00000000 0.54901961 0.30196078 0.28235294
v -56.00000000 182.00000000 633.00000000 0.54509804 0.29803922 0.27058824
v -55.00000000 182.00000000 633.00000000 0.54117647 0.28627451 0.26274510
v -54.00000000 182.00000000 633.00000000 0.54117647 0.28627451 0.26274510
v -53.00000000 182.00000000 633.00000000 0.55294118 0.29803922 0.27450980
v -52.00000000 182.00000000 633.00000000 0.60000000 0.33725490 0.30588235
v -51.00000000 182.00000000 633.00000000 0.61176471 0.34117647 0.31372549
v -50.00000000 182.00000000 633.00000000 0.60784314 0.34117647 0.30588235
v -48.00000000 183.00000000 634.00000000 0.63137255 0.35686275 0.31764706
v -46.00000000 183.00000000 635.00000000 0.63921569 0.36470588 0.31764706
v -45.00000000 183.00000000 635.00000000 0.65490196 0.38039216 0.33333333
v -44.00000000 183.00000000 636.00000000 0.67450980 0.40784314 0.35686275
v -43.00000000 183.00000000 636.00000000 0.67843137 0.41176471 0.36078431
v -33.00000000 184.00000000 639.00000000 0.73333333 0.47843137 0.40784314
v -68.00000000 183.00000000 635.00000000 0.38431373 0.23137255 0.23529412
v -67.00000000 183.00000000 635.00000000 0.38431373 0.23529412 0.23137255
v -65.00000000 184.00000000 635.00000000 0.40392157 0.23921569 0.24313725
v -60.00000000 183.00000000 634.00000000 0.50980392 0.27450980 0.27450980
v -58.00000000 183.00000000 633.00000000 0.54509804 0.30588235 0.28627451
v -47.00000000 183.00000000 634.00000000 0.63529412 0.36078431 0.32156863
v -42.00000000 184.00000000 636.00000000 0.68627451 0.42352941 0.36078431
v -41.00000000 184.00000000 636.00000000 0.69411765 0.43137255 0.36862745
v -40.00000000 184.00000000 636.00000000 0.69411765 0.43137255 0.36862745
v -39.00000000 184.00000000 636.00000000 0.69803922 0.43529412 0.37254902
v -34.00000000 184.00000000 637.00000000 0.72549020 0.47058824 0.40000000
v -69.00000000 184.00000000 636.00000000 0.36078431 0.22745098 0.23137255
v -68.00000000 184.00000000 635.00000000 0.36862745 0.22745098 0.23529412
v -67.00000000 184.00000000 635.00000000 0.38823529 0.22352941 0.23137255
v -66.00000000 184.00000000 635.00000000 0.39607843 0.23137255 0.23921569
v -64.00000000 184.00000000 634.00000000 0.43137255 0.25882353 0.26274510
v -63.00000000 184.00000000 634.00000000 0.42352941 0.26274510 0.24705882
v -62.00000000 184.00000000 634.00000000 0.44313725 0.26666667 0.24705882
v -61.00000000 184.00000000 634.00000000 0.46274510 0.27058824 0.25490196
v -60.00000000 184.00000000 633.00000000 0.50196078 0.27450980 0.26666667
v -57.00000000 183.00000000 632.00000000 0.55686275 0.30196078 0.27843137
v -56.00000000 183.00000000 632.00000000 0.56078431 0.30588235 0.28235294
v -55.00000000 183.00000000 632.00000000 0.56470588 0.30980392 0.28627451
v -54.00000000 183.00000000 632.00000000 0.55686275 0.30196078 0.27843137
v -53.00000000 183.00000000 632.00000000 0.56078431 0.30980392 0.27450980
v -52.00000000 183.00000000 632.00000000 0.59215686 0.32941176 0.29803922
v -51.00000000 183.00000000 632.00000000 0.60000000 0.33725490 0.30588235
v -50.00000000 183.00000000 632.00000000 0.60392157 0.33333333 0.30588235
v -49.00000000 183.00000000 632.00000000 0.62745098 0.35686275 0.32941176
v -44.00000000 184.00000000 635.00000000 0.67843137 0.41176471 0.36862745
v -43.00000000 184.00000000 635.00000000 0.68627451 0.41960784 0.37647059
v -41.00000000 185.00000000 636.00000000 0.69803922 0.43529412 0.37254902
v -40.00000000 185.00000000 636.00000000 0.69019608 0.43529412 0.36470588
v -39.00000000 185.00000000 636.00000000 0.70588235 0.45882353 0.39215686
v -38.00000000 184.00000000 635.00000000 0.71372549 0.46666667 0.40000000
v -37.00000000 184.00000000 635.00000000 0.72549020 0.47058824 0.40000000
v -36.00000000 184.00000000 635.00000000 0.71372549 0.45882353 0.38823529
v -35.00000000 184.00000000 635.00000000 0.71764706 0.46274510 0.39215686
v -31.00000000 185.00000000 639.00000000 0.72549020 0.47843137 0.41176471
v -28.00000000 187.00000000 645.00000000 0.72156863 0.47450980 0.40784314
v -69.00000000 185.00000000 636.00000000 0.36078431 0.22745098 0.22352941
v -68.00000000 185.00000000 635.00000000 0.36470588 0.22352941 0.22352941
v -67.00000000 185.00000000 634.00000000 0.38823529 0.22352941 0.23137255
v -66.00000000 185.00000000 634.00000000 0.39215686 0.22745098 0.23137255
v -65.00000000 185.00000000 634.00000000 0.41176471 0.23921569 0.24313725
v -59.00000000 184.00000000 633.00000000 0.51764706 0.28627451 0.27058824
v -58.00000000 184.00000000 633.00000000 0.52549020 0.28627451 0.26666667
v -47.00000000 184.00000000 632.00000000 0.63921569 0.36470588 0.33333333
v -46.00000000 184.00000000 633.00000000 0.63529412 0.36078431 0.32156863
v -45.00000000 184.00000000 633.00000000 0.65490196 0.38039216 0.33333333
v -43.00000000 185.00000000 635.00000000 0.69411765 0.42745098 0.37647059
v -42.00000000 185.00000000 635.00000000 0.69411765 0.43529412 0.38039216
v -38.00000000 185.00000000 635.00000000 0.71764706 0.46274510 0.39215686
v -37.00000000 185.00000000 635.00000000 0.72549020 0.47058824 0.40000000
v -32.00000000 185.00000000 636.00000000 0.73333333 0.48627451 0.41568627
v -30.00000000 186.00000000 639.00000000 0.73333333 0.48627451 0.41568627
v -64.00000000 185.00000000 633.00000000 0.41960784 0.24705882 0.23529412
v -63.00000000 185.00000000 633.00000000 0.42745098 0.25882353 0.23529412
v -62.00000000 185.00000000 633.00000000 0.43137255 0.25490196 0.23529412
v -61.00000000 185.00000000 633.00000000 0.45490196 0.26274510 0.24313725
v -60.00000000 185.00000000 633.00000000 0.48627451 0.27843137 0.26274510
v -59.00000000 185.00000000 632.00000000 0.50980392 0.28235294 0.26666667
v -57.00000000 184.00000000 631.00000000 0.52156863 0.28235294 0.27058824
v -56.00000000 184.00000000 631.00000000 0.52549020 0.28627451 0.26666667
v -55.00000000 184.00000000 630.00000000 0.53725490 0.29019608 0.27058824
v -54.00000000 184.00000000 630.00000000 0.54509804 0.29803922 0.27843137
v -53.00000000 184.00000000 630.00000000 0.56862745 0.31372549 0.29019608
v -52.00000000 184.00000000 630.00000000 0.57254902 0.31764706 0.29411765
v -51.00000000 184.00000000 630.00000000 0.58431373 0.32156863 0.29803922
v -50.00000000 184.00000000 630.00000000 0.59215686 0.32941176 0.29803922
v -49.00000000 184.00000000 631.00000000 0.62745098 0.35686275 0.32941176
v -48.00000000 184.00000000 631.00000000 0.61960784 0.35294118 0.30980392
v -44.00000000 185.00000000 634.00000000 0.68627451 0.41960784 0.36862745
v -42.00000000 186.00000000 635.00000000 0.70588235 0.44313725 0.38039216
v -41.00000000 186.00000000 635.00000000 0.69411765 0.43137255 0.36470588
v -40.00000000 186.00000000 635.00000000 0.69019608 0.43529412 0.36470588
v -38.00000000 186.00000000 635.00000000 0.70980392 0.45490196 0.38431373
v -36.00000000 185.00000000 634.00000000 0.70980392 0.46666667 0.38431373
v -35.00000000 185.00000000 634.00000000 0.71764706 0.47450980 0.39215686
v -34.00000000 185.00000000 634.00000000 0.72941176 0.48235294 0.41176471
v -33.00000000 185.00000000 634.00000000 0.73725490 0.49019608 0.41960784
v -31.00000000 186.00000000 636.00000000 0.74117647 0.49411765 0.42352941
v -29.00000000 187.00000000 640.00000000 0.74117647 0.49411765 0.42352941
v -69.00000000 186.00000000 635.00000000 0.36078431 0.22745098 0.22352941
v -68.00000000 186.00000000 634.00000000 0.37647059 0.22352941 0.22745098
v -45.00000000 185.00000000 632.00000000 0.64705882 0.38039216 0.32941176
v -39.00000000 186.00000000 635.00000000 0.67843137 0.41568627 0.35294118
v -37.00000000 186.00000000 634.00000000 0.71372549 0.46666667 0.39607843
v -27.00000000 188.00000000 642.00000000 0.73333333 0.48627451 0.41960784
v -67.00000000 186.00000000 633.00000000 0.38431373 0.22745098 0.22745098
v -66.00000000 186.00000000 633.00000000 0.39215686 0.22745098 0.23137255
v -65.00000000 186.00000000 633.00000000 0.40000000 0.23921569 0.23137255
v -64.00000000 186.00000000 632.00000000 0.40784314 0.24705882 0.23137255
v -58.00000000 185.00000000 630.00000000 0.52156863 0.29019608 0.27450980
v -57.00000000 185.00000000 630.00000000 0.51764706 0.28627451 0.27058824
v -56.00000000 185.00000000 629.00000000 0.50980392 0.27058824 0.25098039
v -55.00000000 185.00000000 629.00000000 0.51372549 0.27450980 0.25490196
v -52.00000000 185.00000000 628.00000000 0.56470588 0.31372549 0.27843137
v -49.00000000 185.00000000 629.00000000 0.61960784 0.35686275 0.32156863
v -48.00000000 185.00000000 629.00000000 0.61960784 0.35294118 0.30980392
v -47.00000000 185.00000000 630.00000000 0.62745098 0.35294118 0.31372549
v -46.00000000 185.00000000 630.00000000 0.64313725 0.37647059 0.32549020
v -43.00000000 186.00000000 633.00000000 0.70196078 0.43529412 0.38431373
v -40.00000000 187.00000000 635.00000000 0.68235294 0.42352941 0.36078431
v -39.00000000 187.00000000 635.00000000 0.66274510 0.40392157 0.34117647
v -36.00000000 186.00000000 633.00000000 0.71764706 0.45882353 0.39607843
v -35.00000000 186.00000000 633.00000000 0.72941176 0.47058824 0.40784314
v -34.00000000 186.00000000 633.00000000 0.74509804 0.48627451 0.42352941
v -33.00000000 186.00000000 633.00000000 0.75294118 0.49411765 0.43137255
v -32.00000000 186.00000000 633.00000000 0.75294118 0.49411765 0.43137255
v -30.00000000 187.00000000 636.00000000 0.73725490 0.49019608 0.42352941
v -69.00000000 187.00000000 634.00000000 0.36078431 0.22745098 0.22352941
v -68.00000000 187.00000000 634.00000000 0.38039216 0.22745098 0.23137255
v -67.00000000 187.00000000 633.00000000 0.38823529 0.23137255 0.23137255
v -63.00000000 186.00000000 631.00000000 0.41960784 0.25098039 0.22745098
v -62.00000000 186.00000000 631.00000000 0.43137255 0.25490196 0.23529412
v -61.00000000 186.00000000 631.00000000 0.44313725 0.25490196 0.23921569
v -55.00000000 186.00000000 628.00000000 0.52156863 0.28235294 0.26274510
v -54.00000000 185.00000000 627.00000000 0.55686275 0.30980392 0.28235294
v -53.00000000 185.00000000 627.00000000 0.56078431 0.31372549 0.28627451
v -51.00000000 185.00000000 627.00000000 0.56078431 0.30980392 0.27450980
v -50.00000000 185.00000000 627.00000000 0.56470588 0.31372549 0.27843137
v -45.00000000 186.00000000 630.00000000 0.63137255 0.36470588 0.32156863
v -44.00000000 186.00000000 631.00000000 0.68627451 0.41960784 0.36862745
v -41.00000000 187.00000000 634.00000000 0.71764706 0.45882353 0.39607843
v -39.00000000 188.00000000 635.00000000 0.65882353 0.40000000 0.33725490
v -38.00000000 187.00000000 634.00000000 0.67843137 0.42352941 0.35294118
v -37.00000000 187.00000000 634.00000000 0.70196078 0.44705882 0.37647059
v -36.00000000 187.00000000 633.00000000 0.72941176 0.47058824 0.40784314
v -35.00000000 187.00000000 633.00000000 0.73725490 0.47843137 0.41568627
v -34.00000000 187.00000000 632.00000000 0.74509804 0.48627451 0.42352941
v -33.00000000 187.00000000 632.00000000 0.75294118 0.49411765 0.43137255
v -32.00000000 187.00000000 632.00000000 0.75294118 0.49411765 0.43137255
v -31.00000000 187.00000000 634.00000000 0.75294118 0.49411765 0.43137255
v -28.00000000 188.00000000 637.00000000 0.74509804 0.49803922 0.43921569
v -26.00000000 189.00000000 640.00000000 0.74901961 0.49019608 0.42745098
v -69.00000000 188.00000000 634.00000000 0.36470588 0.23137255 0.22745098
v -66.00000000 187.00000000 632.00000000 0.39607843 0.23529412 0.21960784
v -65.00000000 187.00000000 632.00000000 0.39607843 0.23529412 0.21960784
v -64.00000000 187.00000000 632.00000000 0.39215686 0.23137255 0.20784314
v -60.00000000 186.00000000 629.00000000 0.46274510 0.26666667 0.23921569
v -59.00000000 186.00000000 629.00000000 0.48627451 0.27058824 0.25098039
v -58.00000000 186.00000000 628.00000000 0.52156863 0.29019608 0.27450980
v -57.00000000 186.00000000 628.00000000 0.52941176 0.29803922 0.27450980
v -56.00000000 186.00000000 628.00000000 0.51764706 0.28627451 0.26274510
v -53.00000000 186.00000000 626.00000000 0.55686275 0.30980392 0.28235294
v -51.00000000 186.00000000 626.00000000 0.54901961 0.30196078 0.27450980
v -47.00000000 186.00000000 628.00000000 0.62745098 0.35294118 0.31372549
v -46.00000000 186.00000000 628.00000000 0.65098039 0.37647059 0.33725490
v -43.00000000 187.00000000 631.00000000 0.70980392 0.43921569 0.38039216
v -42.00000000 187.00000000 632.00000000 0.71764706 0.45490196 0.39215686
v -38.00000000 188.00000000 634.00000000 0.65882353 0.40392157 0.32549020
v -37.00000000 188.00000000 634.00000000 0.68235294 0.42745098 0.35686275
v -36.00000000 188.00000000 633.00000000 0.73333333 0.47450980 0.41176471
v -29.00000000 188.00000000 635.00000000 0.74901961 0.50196078 0.43529412
v -27.00000000 189.00000000 638.00000000 0.74901961 0.50196078 0.43529412
v -25.00000000 190.00000000 641.00000000 0.76078431 0.51372549 0.44705882
v -24.00000000 190.00000000 642.00000000 0.75686275 0.50980392 0.44313725
v -68.00000000 188.00000000 633.00000000 0.36470588 0.23137255 0.22352941
v -67.00000000 188.00000000 632.00000000 0.38431373 0.22745098 0.22745098
v -63.00000000 187.00000000 630.00000000 0.40000000 0.23921569 0.21568627
v -62.00000000 187.00000000 629.00000000 0.44705882 0.25882353 0.24313725
v -61.00000000 187.00000000 629.00000000 0.45098039 0.26666667 0.24313725
v -60.00000000 187.00000000 629.00000000 0.45882353 0.26274510 0.23529412
v -59.00000000 187.00000000 628.00000000 0.48235294 0.26666667 0.24705882
v -54.00000000 186.00000000 626.00000000 0.54509804 0.30588235 0.28627451
v -52.00000000 186.00000000 626.00000000 0.52549020 0.28627451 0.26666667
v -50.00000000 186.00000000 625.00000000 0.51764706 0.28235294 0.25098039
v -49.00000000 186.00000000 626.00000000 0.54117647 0.29411765 0.26666667
v -48.00000000 186.00000000 626.00000000 0.56862745 0.31764706 0.28235294
v -44.00000000 187.00000000 629.00000000 0.63921569 0.37254902 0.32156863
v -40.00000000 188.00000000 632.00000000 0.74117647 0.48627451 0.41568627
v -38.00000000 189.00000000 634.00000000 0.64705882 0.39215686 0.31372549
v -35.00000000 188.00000000 632.00000000 0.72941176 0.48235294 0.41568627
v -34.00000000 188.00000000 631.00000000 0.74901961 0.50196078 0.43529412
v -31.00000000 188.00000000 631.00000000 0.75294118 0.50588235 0.43529412
v -30.00000000 188.00000000 632.00000000 0.75686275 0.50980392 0.44313725
v -68.00000000 189.00000000 633.00000000 0.37254902 0.23137255 0.23137255
v -67.00000000 189.00000000 632.00000000 0.39215686 0.22745098 0.23137255
v -66.00000000 188.00000000 631.00000000 0.40000000 0.22352941 0.21176471
v -65.00000000 188.00000000 631.00000000 0.40000000 0.22352941 0.21176471
v -61.00000000 188.00000000 628.00000000 0.44705882 0.25490196 0.22745098
v -58.00000000 187.00000000 627.00000000 0.49019608 0.26274510 0.24705882
v -57.00000000 187.00000000 627.00000000 0.51372549 0.28235294 0.25882353
v -56.00000000 187.00000000 626.00000000 0.53333333 0.29411765 0.28235294
v -45.00000000 187.00000000 627.00000000 0.64705882 0.37254902 0.32549020
v -42.00000000 188.00000000 630.00000000 0.70980392 0.45098039 0.38823529
v -41.00000000 188.00000000 631.00000000 0.74509804 0.48627451 0.42352941
v -39.00000000 189.00000000 633.00000000 0.69411765 0.44705882 0.38039216
v -37.00000000 189.00000000 633.00000000 0.65882353 0.40392157 0.33333333
v -33.00000000 188.00000000 630.00000000 0.75686275 0.50980392 0.43921569
v -32.00000000 188.00000000 630.00000000 0.74901961 0.50196078 0.43137255
v -28.00000000 189.00000000 634.00000000 0.75686275 0.51764706 0.44705882
v -66.00000000 189.00000000 631.00000000 0.40392157 0.22352941 0.22352941
v -65.00000000 189.00000000 630.00000000 0.40784314 0.21960784 0.21176471
v -64.00000000 188.00000000 629.00000000 0.41568627 0.22745098 0.21176471
v -63.00000000 188.00000000 628.00000000 0.41960784 0.23137255 0.21568627
v -62.00000000 188.00000000 628.00000000 0.44313725 0.25098039 0.23137255
v -60.00000000 188.00000000 627.00000000 0.45490196 0.25882353 0.23137255
v -59.00000000 188.00000000 627.00000000 0.47058824 0.26274510 0.23921569
v -55.00000000 187.00000000 625.00000000 0.49019608 0.26666667 0.23921569
v -54.00000000 187.00000000 624.00000000 0.45882353 0.24313725 0.22352941
v -53.00000000 187.00000000 624.00000000 0.44313725 0.24313725 0.22745098
v -52.00000000 187.00000000 624.00000000 0.43921569 0.22745098 0.21960784
v -51.00000000 187.00000000 624.00000000 0.45098039 0.24313725 0.22745098
v -50.00000000 187.00000000 624.00000000 0.52156863 0.29019608 0.25882353
v -49.00000000 187.00000000 624.00000000 0.55294118 0.30588235 0.27058824
v -48.00000000 187.00000000 624.00000000 0.60000000 0.33333333 0.29019608
v -47.00000000 187.00000000 625.00000000 0.63137255 0.35686275 0.30980392
v -46.00000000 187.00000000 625.00000000 0.65098039 0.37647059 0.32941176
v -40.00000000 189.00000000 631.00000000 0.74901961 0.49019608 0.42745098
v -36.00000000 189.00000000 632.00000000 0.70588235 0.45098039 0.38039216
v -35.00000000 189.00000000 631.00000000 0.74509804 0.49019608 0.41960784
v -34.00000000 189.00000000 631.00000000 0.74509804 0.49803922 0.43137255
v -32.00000000 189.00000000 629.00000000 0.75686275 0.50196078 0.43137255
v -30.00000000 189.00000000 631.00000000 0.76078431 0.51372549 0.44705882
v -29.00000000 189.00000000 631.00000000 0.75686275 0.50980392 0.44313725
v -26.00000000 190.00000000 635.00000000 0.75294118 0.50588235 0.44705882
v -24.00000000 191.00000000 638.00000000 0.76470588 0.51764706 0.45098039
v -67.00000000 190.00000000 631.00000000 0.38431373 0.22352941 0.21568627
v -64.00000000 189.00000000 629.00000000 0.41960784 0.23137255 0.21568627
v -63.00000000 189.00000000 628.00000000 0.41960784 0.23137255 0.21568627
v -60.00000000 189.00000000 627.00000000 0.45490196 0.25882353 0.23137255
v -58.00000000 188.00000000 626.00000000 0.48235294 0.28235294 0.26666667
v -57.00000000 188.00000000 626.00000000 0.49803922 0.29019608 0.26666667
v -56.00000000 188.00000000 625.00000000 0.49411765 0.28627451 0.25490196
v -44.00000000 188.00000000 626.00000000 0.64705882 0.38039216 0.32941176
v -43.00000000 188.00000000 626.00000000 0.63529412 0.36862745 0.31764706
v -41.00000000 189.00000000 629.00000000 0.74117647 0.48235294 0.41960784
v -38.00000000 190.00000000 632.00000000 0.60000000 0.34117647 0.27843137
v -37.00000000 190.00000000 632.00000000 0.60000000 0.34509804 0.27450980
v -36.00000000 190.00000000 632.00000000 0.69411765 0.43921569 0.36862745
v -33.00000000 189.00000000 629.00000000 0.75686275 0.50196078 0.43137255
v -31.00000000 189.00000000 629.00000000 0.76470588 0.50588235 0.44313725
v -29.00000000 190.00000000 630.00000000 0.75686275 0.50980392 0.45098039
v -28.00000000 190.00000000 632.00000000 0.75686275 0.50980392 0.45098039
v -27.00000000 190.00000000 633.00000000 0.75294118 0.50588235 0.44705882
v -68.00000000 190.00000000 631.00000000 0.35686275 0.21960784 0.21176471
v -66.00000000 190.00000000 630.00000000 0.39215686 0.21960784 0.21568627
v -63.00000000 190.00000000 628.00000000 0.41568627 0.22745098 0.21176471
v -62.00000000 189.00000000 627.00000000 0.42745098 0.23921569 0.22352941
v -61.00000000 189.00000000 627.00000000 0.43921569 0.24705882 0.22745098
v -55.00000000 188.00000000 624.00000000 0.51372549 0.29019608 0.26274510
v -54.00000000 188.00000000 623.00000000 0.49019608 0.27450980 0.24705882
v -53.00000000 188.00000000 623.00000000 0.47843137 0.26274510 0.25098039
v -46.00000000 188.00000000 624.00000000 0.64705882 0.37254902 0.32549020
v -45.00000000 188.00000000 624.00000000 0.66274510 0.38823529 0.34117647
v -37.00000000 191.00000000 631.00000000 0.55686275 0.30196078 0.22352941
v -36.00000000 191.00000000 631.00000000 0.67450980 0.41960784 0.34901961
v -35.00000000 190.00000000 630.00000000 0.72549020 0.47058824 0.40000000
v -34.00000000 190.00000000 630.00000000 0.72941176 0.47450980 0.40392157
v -33.00000000 190.00000000 629.00000000 0.76078431 0.50588235 0.43529412
v -32.00000000 190.00000000 628.00000000 0.75686275 0.50196078 0.43137255
v -31.00000000 190.00000000 628.00000000 0.76862745 0.50980392 0.44705882
v -26.00000000 191.00000000 633.00000000 0.76862745 0.52156863 0.45490196
v -25.00000000 191.00000000 634.00000000 0.77254902 0.52549020 0.45882353
v -23.00000000 192.00000000 637.00000000 0.78039216 0.53333333 0.46666667
v -67.00000000 191.00000000 630.00000000 0.36078431 0.22352941 0.21568627
v -65.00000000 190.00000000 629.00000000 0.39215686 0.21960784 0.21568627
v -64.00000000 190.00000000 629.00000000 0.39215686 0.21960784 0.20784314
v -62.00000000 190.00000000 627.00000000 0.41568627 0.23921569 0.21960784
v -59.00000000 189.00000000 625.00000000 0.44313725 0.25098039 0.23137255
v -58.00000000 189.00000000 625.00000000 0.45098039 0.25490196 0.22745098
v -57.00000000 189.00000000 625.00000000 0.48627451 0.27843137 0.25490196
v -56.00000000 189.00000000 624.00000000 0.49803922 0.28235294 0.26274510
v -52.00000000 188.00000000 622.00000000 0.49803922 0.28235294 0.26274510
v -51.00000000 188.00000000 622.00000000 0.52549020 0.30196078 0.27450980
v -50.00000000 188.00000000 622.00000000 0.53725490 0.30588235 0.27450980
v -49.00000000 188.00000000 622.00000000 0.58431373 0.32156863 0.28627451
v -48.00000000 188.00000000 622.00000000 0.59607843 0.32941176 0.27843137
v -47.00000000 188.00000000 622.00000000 0.61176471 0.34117647 0.28235294
v -42.00000000 189.00000000 625.00000000 0.73725490 0.47450980 0.40784314
v -40.00000000 190.00000000 628.00000000 0.76078431 0.50588235 0.43529412
v -39.00000000 190.00000000 628.00000000 0.74901961 0.49411765 0.42352941
v -30.00000000 190.00000000 628.00000000 0.76470588 0.51764706 0.45098039
v -27.00000000 191.00000000 631.00000000 0.76862745 0.52156863 0.46274510
v -24.00000000 192.00000000 635.00000000 0.78431373 0.53725490 0.47058824
v -22.00000000 193.00000000 638.00000000 0.79215686 0.54509804 0.47843137
v -66.00000000 191.00000000 629.00000000 0.37647059 0.21960784 0.21960784
v -65.00000000 191.00000000 629.00000000 0.38039216 0.22352941 0.22352941
v -64.00000000 191.00000000 629.00000000 0.39215686 0.21960784 0.20784314
v -63.00000000 191.00000000 628.00000000 0.39607843 0.22352941 0.21176471
v -62.00000000 191.00000000 627.00000000 0.41176471 0.23921569 0.22745098
v -61.00000000 190.00000000 626.00000000 0.42352941 0.25490196 0.23137255
v -60.00000000 190.00000000 626.00000000 0.43137255 0.25490196 0.23529412
v -58.00000000 190.00000000 624.00000000 0.45882353 0.26274510 0.22745098
v -57.00000000 190.00000000 624.00000000 0.47843137 0.27058824 0.23921569
v -55.00000000 189.00000000 623.00000000 0.50980392 0.28235294 0.26666667
v -54.00000000 189.00000000 623.00000000 0.48235294 0.26666667 0.24705882
v -52.00000000 189.00000000 621.00000000 0.48235294 0.27450980 0.25098039
v -44.00000000 189.00000000 623.00000000 0.69411765 0.42352941 0.36078431
v -43.00000000 189.00000000 623.00000000 0.67450980 0.41176471 0.34509804
v -38.00000000 191.00000000 629.00000000 0.76470588 0.50980392 0.43137255
v -35.00000000 191.00000000 629.00000000 0.70588235 0.45098039 0.37254902
v -34.00000000 191.00000000 629.00000000 0.72549020 0.47058824 0.39215686
v -33.00000000 191.00000000 628.00000000 0.75294118 0.50588235 0.43529412
v -28.00000000 191.00000000 629.00000000 0.77254902 0.52549020 0.45882353
v -26.00000000 192.00000000 631.00000000 0.77647059 0.52941176 0.46274510
v -25.00000000 192.00000000 632.00000000 0.77254902 0.52549020 0.45882353
v -21.00000000 194.00000000 638.00000000 0.80000000 0.55294118 0.48627451
v -67.00000000 192.00000000 630.00000000 0.35686275 0.21568627 0.21568627
v -63.00000000 192.00000000 628.00000000 0.40000000 0.22745098 0.21568627
v -61.00000000 191.00000000 626.00000000 0.41960784 0.25098039 0.22352941
v -59.00000000 190.00000000 624.00000000 0.44705882 0.24705882 0.23137255
v -53.00000000 189.00000000 621.00000000 0.45882353 0.24313725 0.21568627
v -51.00000000 189.00000000 620.00000000 0.46274510 0.25490196 0.23137255
v -49.00000000 189.00000000 621.00000000 0.58039216 0.34509804 0.30196078
v -47.00000000 189.00000000 621.00000000 0.62745098 0.36470588 0.30196078
v -46.00000000 189.00000000 621.00000000 0.65098039 0.38039216 0.32156863
v -45.00000000 189.00000000 621.00000000 0.67450980 0.40392157 0.34509804
v -41.00000000 190.00000000 624.00000000 0.75294118 0.49019608 0.42352941
v -36.00000000 192.00000000 629.00000000 0.49803922 0.24313725 0.17254902
v -35.00000000 192.00000000 629.00000000 0.68235294 0.41960784 0.35294118
v -32.00000000 191.00000000 627.00000000 0.76862745 0.50980392 0.44705882
v -31.00000000 191.00000000 627.00000000 0.76862745 0.52156863 0.45490196
v -30.00000000 191.00000000 627.00000000 0.78039216 0.52549020 0.45490196
v -29.00000000 191.00000000 627.00000000 0.78431373 0.52941176 0.45882353
v -25.00000000 193.00000000 631.00000000 0.77647059 0.52941176 0.47058824
v -24.00000000 193.00000000 633.00000000 0.79215686 0.54509804 0.47843137
v -23.00000000 193.00000000 634.00000000 0.79215686 0.54509804 0.47843137
v -20.00000000 195.00000000 640.00000000 0.80000000 0.55294118 0.48627451
v -67.00000000 193.00000000 630.00000000 0.36078431 0.21176471 0.20784314
v -66.00000000 192.00000000 629.00000000 0.37647059 0.21176471 0.21568627
v -65.00000000 192.00000000 629.00000000 0.38039216 0.21960784 0.21176471
v -64.00000000 192.00000000 628.00000000 0.39607843 0.22352941 0.21176471
v -62.00000000 192.00000000 627.00000000 0.39607843 0.23529412 0.21176471
v -60.00000000 191.00000000 625.00000000 0.43137255 0.24705882 0.22352941
v -59.00000000 191.00000000 624.00000000 0.43921569 0.24313725 0.21568627
v -56.00000000 190.00000000 622.00000000 0.49803922 0.28627451 0.24705882
v -55.00000000 190.00000000 622.00000000 0.50980392 0.28627451 0.24313725
v -50.00000000 189.00000000 619.00000000 0.55686275 0.33333333 0.29803922
v -48.00000000 189.00000000 619.00000000 0.60784314 0.35294118 0.28235294
v -43.00000000 190.00000000 622.00000000 0.69803922 0.43529412 0.36862745
v -42.00000000 190.00000000 622.00000000 0.67450980 0.41176471 0.34509804
v -39.00000000 191.00000000 625.00000000 0.77254902 0.51764706 0.44705882
v -37.00000000 192.00000000 628.00000000 0.65490196 0.39215686 0.32941176
v -34.00000000 192.00000000 628.00000000 0.69411765 0.43137255 0.36470588
v -33.00000000 192.00000000 627.00000000 0.75294118 0.49411765 0.43137255
v -27.00000000 192.00000000 628.00000000 0.78039216 0.53333333 0.46666667
v -22.00000000 194.00000000 635.00000000 0.80392157 0.54509804 0.48235294
v -65.00000000 193.00000000 629.00000000 0.35294118 0.22352941 0.20392157
v -61.00000000 192.00000000 626.00000000 0.43137255 0.23921569 0.21176471
v -60.00000000 192.00000000 625.00000000 0.44313725 0.23529412 0.21176471
v -59.00000000 192.00000000 624.00000000 0.44705882 0.23137255 0.21960784
v -58.00000000 191.00000000 623.00000000 0.47450980 0.26666667 0.25098039
v -57.00000000 191.00000000 623.00000000 0.47450980 0.26666667 0.25098039
v -56.00000000 191.00000000 621.00000000 0.51764706 0.28627451 0.27058824
v -54.00000000 190.00000000 620.00000000 0.50588235 0.27058824 0.27058824
v -53.00000000 190.00000000 620.00000000 0.48627451 0.25098039 0.25098039
v -52.00000000 190.00000000 619.00000000 0.41176471 0.18431373 0.16862745
v -46.00000000 190.00000000 619.00000000 0.65098039 0.37647059 0.32941176
v -45.00000000 190.00000000 619.00000000 0.67058824 0.39607843 0.34901961
v -44.00000000 190.00000000 620.00000000 0.71372549 0.44313725 0.38039216
v -38.00000000 192.00000000 626.00000000 0.76078431 0.50196078 0.44705882
v -32.00000000 192.00000000 626.00000000 0.77647059 0.51764706 0.45490196
v -31.00000000 192.00000000 626.00000000 0.77254902 0.51372549 0.45098039
v -30.00000000 192.00000000 626.00000000 0.79607843 0.54117647 0.47058824
v -29.00000000 192.00000000 626.00000000 0.79215686 0.53725490 0.46666667
v -28.00000000 192.00000000 626.00000000 0.78823529 0.53333333 0.46274510
v -27.00000000 193.00000000 627.00000000 0.78431373 0.53725490 0.47058824
v -26.00000000 193.00000000 629.00000000 0.78823529 0.52941176 0.46666667
v -24.00000000 194.00000000 632.00000000 0.80000000 0.54117647 0.47843137
v -23.00000000 194.00000000 632.00000000 0.80392157 0.54509804 0.48235294
v -21.00000000 195.00000000 635.00000000 0.81176471 0.55294118 0.49019608
v -19.00000000 196.00000000 639.00000000 0.80392157 0.55686275 0.49019608
v -64.00000000 193.00000000 627.00000000 0.37254902 0.22745098 0.19607843
v -63.00000000 193.00000000 627.00000000 0.38823529 0.22745098 0.20392157
v -62.00000000 193.00000000 626.00000000 0.41176471 0.22745098 0.20392157
v -51.00000000 190.00000000 618.00000000 0.50196078 0.27843137 0.24313725
v -50.00000000 190.00000000 618.00000000 0.52156863 0.30196078 0.25098039
v -49.00000000 190.00000000 618.00000000 0.56470588 0.33725490 0.28235294
v -48.00000000 190.00000000 618.00000000 0.58431373 0.35294118 0.28235294
v -47.00000000 190.00000000 618.00000000 0.60000000 0.35294118 0.28627451
v -40.00000000 191.00000000 621.00000000 0.75294118 0.49019608 0.41568627
v -36.00000000 193.00000000 627.00000000 0.55294118 0.29019608 0.22745098
v -35.00000000 193.00000000 627.00000000 0.50588235 0.24313725 0.17647059
v -34.00000000 193.00000000 627.00000000 0.66274510 0.40000000 0.33333333
v -33.00000000 193.00000000 626.00000000 0.75686275 0.49803922 0.43529412
v -32.00000000 193.00000000 626.00000000 0.76470588 0.50588235 0.44313725
v -31.00000000 193.00000000 625.00000000 0.77647059 0.51764706 0.45490196
v -30.00000000 193.00000000 625.00000000 0.78823529 0.52941176 0.46666667
v -25.00000000 194.00000000 629.00000000 0.78431373 0.52549020 0.46274510
v -22.00000000 195.00000000 633.00000000 0.81568627 0.55686275 0.49411765
v -64.00000000 194.00000000 627.00000000 0.37254902 0.22745098 0.19607843
v -63.00000000 194.00000000 627.00000000 0.38431373 0.22352941 0.20000000
v -61.00000000 193.00000000 625.00000000 0.41568627 0.23921569 0.21960784
v -60.00000000 193.00000000 624.00000000 0.43137255 0.23921569 0.22352941
v -58.00000000 192.00000000 622.00000000 0.45098039 0.25098039 0.23921569
v -55.00000000 191.00000000 619.00000000 0.50588235 0.27843137 0.26274510
v -54.00000000 191.00000000 619.00000000 0.51372549 0.28627451 0.27058824
v -45.00000000 191.00000000 618.00000000 0.64313725 0.36862745 0.32156863
v -44.00000000 191.00000000 618.00000000 0.68627451 0.41568627 0.35294118
v -43.00000000 191.00000000 618.00000000 0.70196078 0.43529412 0.36078431
v -42.00000000 191.00000000 618.00000000 0.69411765 0.42745098 0.35294118
v -41.00000000 191.00000000 619.00000000 0.74901961 0.49019608 0.40392157
v -37.00000000 193.00000000 625.00000000 0.78431373 0.52156863 0.45882353
v -35.00000000 194.00000000 627.00000000 0.47843137 0.21568627 0.14901961
v -34.00000000 194.00000000 627.00000000 0.65098039 0.38823529 0.32156863
v -33.00000000 194.00000000 626.00000000 0.74901961 0.49019608 0.42745098
v -32.00000000 194.00000000 626.00000000 0.75294118 0.49411765 0.43137255
v -29.00000000 193.00000000 625.00000000 0.79607843 0.53725490 0.47450980
v -28.00000000 193.00000000 625.00000000 0.79607843 0.53725490 0.47450980
v -27.00000000 194.00000000 626.00000000 0.78823529 0.54117647 0.47450980
v -20.00000000 196.00000000 635.00000000 0.81176471 0.55294118 0.49019608
v -64.00000000 195.00000000 627.00000000 0.36078431 0.22352941 0.20000000
v -62.00000000 194.00000000 626.00000000 0.38039216 0.21960784 0.19607843
v -59.00000000 193.00000000 623.00000000 0.42745098 0.23921569 0.23137255
v -57.00000000 192.00000000 620.00000000 0.45490196 0.25882353 0.22352941
v -56.00000000 192.00000000 619.00000000 0.49019608 0.27450980 0.24705882
v -54.00000000 192.00000000 618.00000000 0.51372549 0.29019608 0.26274510
v -53.00000000 191.00000000 617.00000000 0.52156863 0.29803922 0.27058824
v -52.00000000 191.00000000 617.00000000 0.47058824 0.25490196 0.22745098
v -51.00000000 191.00000000 616.00000000 0.39215686 0.17647059 0.14901961
v -50.00000000 191.00000000 616.00000000 0.52941176 0.31764706 0.27843137
v -49.00000000 191.00000000 616.00000000 0.55686275 0.33333333 0.29019608
v -48.00000000 191.00000000 616.00000000 0.56862745 0.34117647 0.29803922
v -47.00000000 191.00000000 616.00000000 0.58431373 0.33725490 0.30196078
v -46.00000000 191.00000000 616.00000000 0.58823529 0.32156863 0.27843137
v -42.00000000 192.00000000 617.00000000 0.67843137 0.41568627 0.34117647
v -39.00000000 192.00000000 620.00000000 0.77647059 0.51372549 0.44705882
v -35.00000000 195.00000000 627.00000000 0.51764706 0.25490196 0.18823529
v -34.00000000 195.00000000 627.00000000 0.64705882 0.38431373 0.31764706
v -31.00000000 194.00000000 625.00000000 0.75686275 0.49803922 0.43529412
v -30.00000000 194.00000000 625.00000000 0.79215686 0.53333333 0.47058824
v -26.00000000 194.00000000 626.00000000 0.78823529 0.52941176 0.46666667
v -24.00000000 195.00000000 629.00000000 0.81176471 0.55294118 0.49019608
v -23.00000000 195.00000000 629.00000000 0.82745098 0.56862745 0.50588235
v -21.00000000 196.00000000 631.00000000 0.81568627 0.55686275 0.49411765
v -19.00000000 197.00000000 635.00000000 0.81960784 0.56078431 0.49803922
v -63.00000000 195.00000000 626.00000000 0.36862745 0.22352941 0.19215686
v -62.00000000 195.00000000 626.00000000 0.37647059 0.21568627 0.19215686
v -61.00000000 194.00000000 624.00000000 0.41176471 0.23529412 0.21568627
v -60.00000000 194.00000000 623.00000000 0.41960784 0.24313725 0.22352941
v -59.00000000 194.00000000 622.00000000 0.42352941 0.23529412 0.21960784
v -58.00000000 193.00000000 620.00000000 0.43921569 0.24705882 0.21960784
v -55.00000000 192.00000000 618.00000000 0.48627451 0.27058824 0.24313725
v -51.00000000 192.00000000 615.00000000 0.40000000 0.18823529 0.14901961
v -46.00000000 192.00000000 615.00000000 0.52156863 0.25490196 0.21960784
v -44.00000000 192.00000000 616.00000000 0.61176471 0.34901961 0.28627451
v -43.00000000 192.00000000 616.00000000 0.68235294 0.41960784 0.35294118
v -41.00000000 192.00000000 617.00000000 0.68627451 0.42352941 0.35686275
v -40.00000000 192.00000000 618.00000000 0.79215686 0.52941176 0.46274510
v -38.00000000 193.00000000 621.00000000 0.80392157 0.54117647 0.47843137
v -36.00000000 194.00000000 624.00000000 0.78823529 0.52549020 0.45882353
v -33.00000000 195.00000000 626.00000000 0.71764706 0.45490196 0.38823529
v -32.00000000 195.00000000 625.00000000 0.74509804 0.48235294 0.41568627
v -31.00000000 195.00000000 625.00000000 0.75686275 0.49803922 0.43529412
v -30.00000000 195.00000000 625.00000000 0.78823529 0.52941176 0.46666667
v -29.00000000 194.00000000 624.00000000 0.79215686 0.53333333 0.47058824
v -28.00000000 194.00000000 624.00000000 0.79215686 0.53333333 0.47058824
v -27.00000000 195.00000000 625.00000000 0.79607843 0.53725490 0.47450980
v -25.00000000 195.00000000 627.00000000 0.78823529 0.52941176 0.46666667
v -23.00000000 196.00000000 628.00000000 0.82352941 0.56470588 0.50196078
v -20.00000000 197.00000000 633.00000000 0.80784314 0.56078431 0.49411765
v -19.00000000 198.00000000 634.00000000 0.80784314 0.56078431 0.49411765
v -18.00000000 198.00000000 637.00000000 0.80784314 0.56078431 0.49411765
v -63.00000000 196.00000000 626.00000000 0.35294118 0.21568627 0.19215686
v -57.00000000 193.00000000 619.00000000 0.45490196 0.25882353 0.23137255
v -56.00000000 193.00000000 618.00000000 0.47058824 0.27450980 0.23921569
v -53.00000000 192.00000000 616.00000000 0.52549020 0.30196078 0.25882353
v -52.00000000 192.00000000 615.00000000 0.50588235 0.29411765 0.24705882
v -49.00000000 192.00000000 614.00000000 0.44705882 0.23137255 0.20392157
v -48.00000000 192.00000000 614.00000000 0.45490196 0.22352941 0.20784314
v -45.00000000 192.00000000 615.00000000 0.63529412 0.36862745 0.32549020
v -42.00000000 193.00000000 616.00000000 0.74117647 0.47843137 0.41176471
v -37.00000000 194.00000000 622.00000000 0.80784314 0.54117647 0.49019608
v -36.00000000 195.00000000 623.00000000 0.80392157 0.54117647 0.47843137
v -34.00000000 196.00000000 627.00000000 0.61176471 0.34901961 0.28235294
v -33.00000000 196.00000000 626.00000000 0.68627451 0.42352941 0.35686275
v -29.00000000 195.00000000 624.00000000 0.78823529 0.52941176 0.46666667
v -28.00000000 195.00000000 624.00000000 0.79215686 0.53333333 0.47058824
v -26.00000000 195.00000000 625.00000000 0.79607843 0.53725490 0.47450980
v -22.00000000 196.00000000 628.00000000 0.81568627 0.55686275 0.49411765
v -18.00000000 199.00000000 636.00000000 0.81176471 0.56470588 0.49803922
v -17.00000000 199.00000000 638.00000000 0.81176471 0.56470588 0.49803922
v -62.00000000 196.00000000 625.00000000 0.36078431 0.21568627 0.18431373
v -61.00000000 195.00000000 623.00000000 0.39607843 0.23529412 0.21176471
v -60.00000000 195.00000000 622.00000000 0.40784314 0.23921569 0.21568627
v -59.00000000 195.00000000 621.00000000 0.40784314 0.23137255 0.21176471
v -58.00000000 194.00000000 619.00000000 0.42745098 0.24313725 0.21176471
v -50.00000000 192.00000000 613.00000000 0.43137255 0.22352941 0.19215686
v -47.00000000 192.00000000 613.00000000 0.55294118 0.30196078 0.29411765
v -45.00000000 193.00000000 614.00000000 0.64705882 0.38039216 0.32941176
v -44.00000000 193.00000000 614.00000000 0.65490196 0.38823529 0.33725490
v -41.00000000 193.00000000 616.00000000 0.74901961 0.48627451 0.41960784
v -40.00000000 193.00000000 617.00000000 0.76470588 0.50980392 0.43921569
v -39.00000000 193.00000000 617.00000000 0.77254902 0.51372549 0.45098039
v -38.00000000 194.00000000 620.00000000 0.79215686 0.53333333 0.47843137
v -35.00000000 196.00000000 625.00000000 0.74901961 0.48627451 0.42352941
v -32.00000000 196.00000000 625.00000000 0.74117647 0.47843137 0.41176471
v -31.00000000 196.00000000 625.00000000 0.76862745 0.50588235 0.43921569
v -30.00000000 196.00000000 625.00000000 0.78431373 0.52156863 0.45490196
v -29.00000000 196.00000000 624.00000000 0.78823529 0.52941176 0.46666667
v -24.00000000 196.00000000 626.00000000 0.80784314 0.54901961 0.48627451
v -21.00000000 197.00000000 629.00000000 0.81960784 0.56078431 0.49803922
v -17.00000000 200.00000000 638.00000000 0.81568627 0.56862745 0.50196078
v -62.00000000 197.00000000 625.00000000 0.35294118 0.21568627 0.19215686
v -61.00000000 196.00000000 623.00000000 0.39215686 0.23137255 0.20784314
v -58.00000000 195.00000000 619.00000000 0.43529412 0.25098039 0.22745098
v -57.00000000 194.00000000 618.00000000 0.45098039 0.26666667 0.23529412
v -56.00000000 194.00000000 617.00000000 0.47058824 0.27843137 0.25098039
v -55.00000000 193.00000000 615.00000000 0.50588235 0.30980392 0.26666667
v -54.00000000 193.00000000 615.00000000 0.52156863 0.31764706 0.27450980
v -53.00000000 193.00000000 614.00000000 0.54117647 0.33333333 0.27843137
v -47.00000000 193.00000000 613.00000000 0.58039216 0.32941176 0.32156863
v -46.00000000 193.00000000 613.00000000 0.65490196 0.38039216 0.34901961
v -43.00000000 193.00000000 614.00000000 0.70196078 0.43921569 0.37647059
v -37.00000000 195.00000000 621.00000000 0.81568627 0.54901961 0.49803922
v -36.00000000 196.00000000 622.00000000 0.81176471 0.54901961 0.48627451
v -34.00000000 197.00000000 626.00000000 0.56470588 0.30196078 0.23921569
v -33.00000000 197.00000000 626.00000000 0.71372549 0.45098039 0.38431373
v -25.00000000 196.00000000 624.00000000 0.79215686 0.53333333 0.47058824
v -22.00000000 197.00000000 627.00000000 0.81176471 0.55294118 0.49019608
v -20.00000000 198.00000000 630.00000000 0.81960784 0.56078431 0.49803922
v -60.00000000 196.00000000 622.00000000 0.38431373 0.23137255 0.20392157
v -57.00000000 195.00000000 618.00000000 0.44313725 0.25490196 0.23921569
v -55.00000000 194.00000000 615.00000000 0.50980392 0.30196078 0.27843137
v -54.00000000 194.00000000 615.00000000 0.52941176 0.32156863 0.29803922
v -53.00000000 194.00000000 614.00000000 0.54901961 0.34117647 0.31764706
v -52.00000000 193.00000000 613.00000000 0.57254902 0.36470588 0.33333333
v -51.00000000 193.00000000 613.00000000 0.55294118 0.33725490 0.30980392
v -50.00000000 193.00000000 613.00000000 0.43921569 0.22745098 0.18039216
v -49.00000000 193.00000000 612.00000000 0.47058824 0.24313725 0.19607843
v -48.00000000 193.00000000 612.00000000 0.46274510 0.23921569 0.19607843
v -41.00000000 194.00000000 615.00000000 0.74901961 0.47843137 0.41960784
v -40.00000000 194.00000000 615.00000000 0.76078431 0.49803922 0.43137255
v -39.00000000 194.00000000 616.00000000 0.80000000 0.53725490 0.47058824
v -38.00000000 195.00000000 618.00000000 0.80000000 0.54509804 0.47450980
v -35.00000000 197.00000000 624.00000000 0.82352941 0.56862745 0.49803922
v -33.00000000 198.00000000 626.00000000 0.70588235 0.44705882 0.38431373
v -32.00000000 197.00000000 625.00000000 0.73333333 0.47450980 0.41176471
v -31.00000000 197.00000000 625.00000000 0.75686275 0.49803922 0.43529412
v -30.00000000 197.00000000 624.00000000 0.76078431 0.50196078 0.43921569
v -29.00000000 197.00000000 623.00000000 0.79215686 0.52941176 0.46666667
v -28.00000000 196.00000000 622.00000000 0.78823529 0.52549020 0.46274510
v -27.00000000 196.00000000 622.00000000 0.79215686 0.52549020 0.47450980
v -26.00000000 196.00000000 622.00000000 0.79215686 0.52549020 0.47450980
v -23.00000000 197.00000000 625.00000000 0.81176471 0.55294118 0.49019608
v -21.00000000 198.00000000 628.00000000 0.80784314 0.56078431 0.49411765
v -19.00000000 199.00000000 631.00000000 0.82352941 0.56470588 0.50196078
v -18.00000000 200.00000000 634.00000000 0.81176471 0.56470588 0.49803922
v -61.00000000 197.00000000 623.00000000 0.36078431 0.22745098 0.19215686
v -60.00000000 197.00000000 621.00000000 0.38039216 0.22745098 0.20000000
v -59.00000000 196.00000000 620.00000000 0.40000000 0.24313725 0.21176471
v -58.00000000 196.00000000 619.00000000 0.42745098 0.25098039 0.22745098
v -56.00000000 195.00000000 617.00000000 0.47058824 0.27058824 0.25490196
v -55.00000000 195.00000000 615.00000000 0.49803922 0.30196078 0.27450980
v -52.00000000 194.00000000 613.00000000 0.58039216 0.36862745 0.32941176
v -51.00000000 194.00000000 613.00000000 0.54901961 0.33725490 0.29803922
v -49.00000000 194.00000000 612.00000000 0.55294118 0.32549020 0.27843137
v -48.00000000 194.00000000 612.00000000 0.58431373 0.35686275 0.30980392
v -47.00000000 194.00000000 612.00000000 0.61568627 0.38039216 0.33725490
v -45.00000000 194.00000000 613.00000000 0.67058824 0.40784314 0.34509804
v -44.00000000 194.00000000 613.00000000 0.71764706 0.44705882 0.38823529
v -43.00000000 194.00000000 613.00000000 0.73333333 0.46274510 0.40392157
v -42.00000000 194.00000000 613.00000000 0.73725490 0.46666667 0.40784314
v -36.00000000 197.00000000 621.00000000 0.81176471 0.56470588 0.49411765
v -35.00000000 198.00000000 624.00000000 0.83529412 0.58039216 0.50980392
v -34.00000000 198.00000000 625.00000000 0.74901961 0.49411765 0.42352941
v -32.00000000 198.00000000 625.00000000 0.72941176 0.47058824 0.40784314
v -31.00000000 198.00000000 625.00000000 0.75294118 0.49411765 0.43137255
v -27.00000000 197.00000000 621.00000000 0.79215686 0.52941176 0.46666667
v -25.00000000 197.00000000 622.00000000 0.77647059 0.51764706 0.45490196
v -24.00000000 197.00000000 623.00000000 0.79607843 0.53333333 0.47058824
v -17.00000000 201.00000000 635.00000000 0.82352941 0.56470588 0.50196078
v -16.00000000 202.00000000 638.00000000 0.81568627 0.56862745 0.50196078
v -57.00000000 196.00000000 617.00000000 0.44705882 0.26274510 0.23921569
v -54.00000000 195.00000000 615.00000000 0.49411765 0.29803922 0.26274510
v -50.00000000 194.00000000 612.00000000 0.49019608 0.26274510 0.21960784
v -46.00000000 194.00000000 612.00000000 0.64313725 0.38431373 0.32941176
v -44.00000000 195.00000000 612.00000000 0.72549020 0.45490196 0.39215686
v -39.00000000 195.00000000 615.00000000 0.78823529 0.52549020 0.45882353
v -38.00000000 196.00000000 617.00000000 0.80392157 0.56078431 0.47843137
v -37.00000000 196.00000000 618.00000000 0.80784314 0.56862745 0.48627451
v -33.00000000 199.00000000 626.00000000 0.68627451 0.42745098 0.36470588
v -30.00000000 198.00000000 623.00000000 0.77647059 0.51764706 0.45490196
v -29.00000000 198.00000000 622.00000000 0.77254902 0.51372549 0.45098039
v -28.00000000 197.00000000 621.00000000 0.78823529 0.52941176 0.46666667
v -26.00000000 197.00000000 621.00000000 0.78039216 0.51764706 0.45490196
v -24.00000000 198.00000000 622.00000000 0.79215686 0.52941176 0.46666667
v -23.00000000 198.00000000 623.00000000 0.81960784 0.55686275 0.49411765
v -22.00000000 198.00000000 624.00000000 0.81960784 0.55686275 0.49411765
v -21.00000000 199.00000000 626.00000000 0.81568627 0.55686275 0.49411765
v -20.00000000 199.00000000 627.00000000 0.81176471 0.55294118 0.49019608
v -19.00000000 200.00000000 630.00000000 0.80784314 0.54901961 0.48627451
v -59.00000000 197.00000000 619.00000000 0.39215686 0.23921569 0.21176471
v -58.00000000 197.00000000 619.00000000 0.41176471 0.24313725 0.21960784
v -56.00000000 196.00000000 616.00000000 0.45490196 0.27058824 0.23921569
v -55.00000000 196.00000000 616.00000000 0.46666667 0.28235294 0.25098039
v -53.00000000 195.00000000 613.00000000 0.52549020 0.32941176 0.29411765
v -52.00000000 195.00000000 613.00000000 0.55294118 0.34509804 0.31372549
v -51.00000000 195.00000000 612.00000000 0.58039216 0.35686275 0.32156863
v -50.00000000 195.00000000 612.00000000 0.49803922 0.27058824 0.22745098
v -49.00000000 195.00000000 612.00000000 0.54117647 0.30588235 0.26666667
v -43.00000000 195.00000000 612.00000000 0.73725490 0.46666667 0.40392157
v -42.00000000 195.00000000 613.00000000 0.75294118 0.47058824 0.41176471
v -41.00000000 195.00000000 613.00000000 0.74509804 0.47450980 0.41176471
v -40.00000000 195.00000000 613.00000000 0.73725490 0.46666667 0.40392157
v -34.00000000 199.00000000 625.00000000 0.85882353 0.60392157 0.53333333
v -33.00000000 200.00000000 626.00000000 0.67843137 0.42352941 0.35294118
v -32.00000000 199.00000000 625.00000000 0.71764706 0.46274510 0.39215686
v -31.00000000 199.00000000 625.00000000 0.73725490 0.47843137 0.41568627
v -30.00000000 199.00000000 623.00000000 0.77647059 0.51764706 0.45490196
v -28.00000000 198.00000000 621.00000000 0.77647059 0.51764706 0.45490196
v -25.00000000 198.00000000 621.00000000 0.78431373 0.52549020 0.46274510
v -60.00000000 198.00000000 620.00000000 0.37254902 0.22745098 0.20392157
v -59.00000000 198.00000000 619.00000000 0.38431373 0.23137255 0.21176471
v -58.00000000 198.00000000 619.00000000 0.40392157 0.23137255 0.21960784
v -57.00000000 197.00000000 617.00000000 0.43137255 0.25490196 0.23137255
v -56.00000000 197.00000000 616.00000000 0.45490196 0.27058824 0.23921569
v -54.00000000 196.00000000 614.00000000 0.49803922 0.30196078 0.27450980
v -53.00000000 196.00000000 613.00000000 0.52549020 0.32941176 0.29411765
v -52.00000000 196.00000000 612.00000000 0.57254902 0.36078431 0.32156863
v -51.00000000 196.00000000 612.00000000 0.59215686 0.36078431 0.32941176
v -50.00000000 196.00000000 612.00000000 0.51764706 0.28235294 0.25098039
v -49.00000000 196.00000000 612.00000000 0.55686275 0.30980392 0.27450980
v -48.00000000 195.00000000 611.00000000 0.60392157 0.35294118 0.31764706
v -47.00000000 195.00000000 611.00000000 0.62352941 0.36078431 0.32549020
v -46.00000000 195.00000000 611.00000000 0.62745098 0.36862745 0.32156863
v -45.00000000 195.00000000 611.00000000 0.65490196 0.39215686 0.32941176
v -43.00000000 196.00000000 612.00000000 0.71372549 0.44313725 0.38039216
v -42.00000000 196.00000000 612.00000000 0.74509804 0.46274510 0.40392157
v -41.00000000 196.00000000 613.00000000 0.76078431 0.47843137 0.41960784
v -40.00000000 196.00000000 613.00000000 0.75686275 0.47450980 0.41568627
v -39.00000000 196.00000000 614.00000000 0.78823529 0.52549020 0.45882353
v -38.00000000 197.00000000 616.00000000 0.80392157 0.54901961 0.47843137
v -37.00000000 197.00000000 617.00000000 0.81176471 0.56862745 0.48627451
v -36.00000000 198.00000000 620.00000000 0.83137255 0.57647059 0.50588235
v -35.00000000 199.00000000 623.00000000 0.83529412 0.58039216 0.50980392
v -34.00000000 200.00000000 624.00000000 0.85490196 0.60000000 0.52941176
v -32.00000000 200.00000000 625.00000000 0.71372549 0.45882353 0.38823529
v -31.00000000 200.00000000 625.00000000 0.74117647 0.48235294 0.41960784
v -29.00000000 199.00000000 622.00000000 0.78039216 0.52156863 0.45882353
v -28.00000000 199.00000000 621.00000000 0.77647059 0.51764706 0.45490196
v -27.00000000 198.00000000 620.00000000 0.77647059 0.51764706 0.45490196
v -26.00000000 198.00000000 620.00000000 0.78039216 0.52156863 0.45882353
v -25.00000000 199.00000000 621.00000000 0.79215686 0.53333333 0.47058824
v -24.00000000 199.00000000 621.00000000 0.79607843 0.54901961 0.48235294
v -23.00000000 199.00000000 622.00000000 0.81176471 0.56470588 0.49803922
v -22.00000000 199.00000000 623.00000000 0.80784314 0.56078431 0.49411765
v -20.00000000 200.00000000 626.00000000 0.80784314 0.56078431 0.49411765
v -19.00000000 201.00000000 628.00000000 0.79607843 0.55686275 0.48627451
v -18.00000000 201.00000000 629.00000000 0.79607843 0.55686275 0.48627451
v -17.00000000 202.00000000 632.00000000 0.80392157 0.56470588 0.49411765
v -16.00000000 203.00000000 633.00000000 0.81176471 0.57254902 0.50196078
v -59.00000000 199.00000000 619.00000000 0.38039216 0.22745098 0.20784314
v -58.00000000 199.00000000 619.00000000 0.39215686 0.23137255 0.21568627
v -57.00000000 198.00000000 617.00000000 0.42352941 0.25490196 0.22745098
v -56.00000000 198.00000000 616.00000000 0.44705882 0.27058824 0.24705882
v -55.00000000 197.00000000 615.00000000 0.45882353 0.28235294 0.25882353
v -48.00000000 196.00000000 611.00000000 0.57647059 0.31372549 0.27843137
v -39.00000000 197.00000000 614.00000000 0.78823529 0.52549020 0.45882353
v -30.00000000 200.00000000 623.00000000 0.77254902 0.51372549 0.45098039
v -29.00000000 200.00000000 622.00000000 0.78431373 0.52549020 0.46274510
v -27.00000000 199.00000000 620.00000000 0.76862745 0.50980392 0.44705882
v -26.00000000 199.00000000 620.00000000 0.76862745 0.50980392 0.44705882
v -23.00000000 200.00000000 622.00000000 0.80784314 0.56078431 0.49411765
v -21.00000000 200.00000000 624.00000000 0.80000000 0.55294118 0.48627451
v -15.00000000 204.00000000 636.00000000 0.81568627 0.56862745 0.50196078
v -60.00000000 199.00000000 619.00000000 0.35686275 0.21960784 0.20392157
v -57.00000000 199.00000000 617.00000000 0.43137255 0.26274510 0.23529412
v -54.00000000 197.00000000 613.00000000 0.48235294 0.29019608 0.26274510
v -53.00000000 197.00000000 613.00000000 0.50588235 0.30980392 0.27450980
v -52.00000000 197.00000000 612.00000000 0.55294118 0.32941176 0.28627451
v -47.00000000 196.00000000 610.00000000 0.63921569 0.37254902 0.32156863
v -46.00000000 196.00000000 610.00000000 0.64313725 0.38039216 0.31764706
v -45.00000000 196.00000000 610.00000000 0.68235294 0.41960784 0.35686275
v -44.00000000 196.00000000 610.00000000 0.69803922 0.43529412 0.37254902
v -38.00000000 198.00000000 615.00000000 0.81176471 0.55686275 0.47843137
v -37.00000000 198.00000000 616.00000000 0.80000000 0.55686275 0.47450980
v -36.00000000 199.00000000 619.00000000 0.81960784 0.57254902 0.50196078
v -35.00000000 200.00000000 622.00000000 0.84705882 0.60000000 0.52941176
v -33.00000000 201.00000000 625.00000000 0.58823529 0.33333333 0.26274510
v -32.00000000 201.00000000 625.00000000 0.70196078 0.44705882 0.37647059
v -31.00000000 201.00000000 625.00000000 0.75686275 0.50196078 0.43137255
v -28.00000000 200.00000000 621.00000000 0.76862745 0.50980392 0.44705882
v -27.00000000 200.00000000 620.00000000 0.76470588 0.50588235 0.44313725
v -26.00000000 200.00000000 620.00000000 0.76078431 0.50196078 0.43921569
v -25.00000000 200.00000000 621.00000000 0.78039216 0.52156863 0.45882353
v -24.00000000 200.00000000 621.00000000 0.78039216 0.53333333 0.46666667
v -22.00000000 200.00000000 622.00000000 0.80784314 0.56078431 0.49411765
v -21.00000000 201.00000000 624.00000000 0.80392157 0.55686275 0.49019608
v -20.00000000 201.00000000 625.00000000 0.80784314 0.56078431 0.49411765
v -18.00000000 202.00000000 628.00000000 0.79215686 0.55294118 0.48235294
v -60.00000000 200.00000000 619.00000000 0.35686275 0.21960784 0.20392157
v -56.00000000 199.00000000 615.00000000 0.45098039 0.28235294 0.25490196
v -55.00000000 198.00000000 614.00000000 0.46274510 0.28627451 0.26274510
v -54.00000000 198.00000000 613.00000000 0.47843137 0.28627451 0.25882353
v -53.00000000 198.00000000 613.00000000 0.49803922 0.30196078 0.25882353
v -51.00000000 197.00000000 611.00000000 0.59607843 0.36078431 0.32156863
v -50.00000000 197.00000000 611.00000000 0.60000000 0.36470588 0.32549020
v -49.00000000 197.00000000 610.00000000 0.53725490 0.28627451 0.24705882
v -48.00000000 197.00000000 610.00000000 0.58823529 0.32549020 0.29019608
v -42.00000000 197.00000000 611.00000000 0.73725490 0.45490196 0.39607843
v -41.00000000 197.00000000 611.00000000 0.75294118 0.47450980 0.39607843
v -40.00000000 197.00000000 611.00000000 0.76862745 0.49019608 0.41176471
v -34.00000000 201.00000000 623.00000000 0.86666667 0.61960784 0.54901961
v -32.00000000 202.00000000 625.00000000 0.63529412 0.38039216 0.30980392
v -30.00000000 201.00000000 622.00000000 0.77647059 0.51764706 0.45490196
v -29.00000000 201.00000000 622.00000000 0.76470588 0.50588235 0.44313725
v -24.00000000 201.00000000 621.00000000 0.78039216 0.53333333 0.46666667
v -23.00000000 201.00000000 622.00000000 0.79607843 0.54901961 0.48235294
v -22.00000000 201.00000000 622.00000000 0.80000000 0.55294118 0.48627451
v -19.00000000 202.00000000 626.00000000 0.80000000 0.56078431 0.49019608
v -17.00000000 203.00000000 629.00000000 0.80784314 0.56862745 0.49803922
v -59.00000000 200.00000000 618.00000000 0.36078431 0.22352941 0.20784314
v -58.00000000 200.00000000 618.00000000 0.38823529 0.24313725 0.21960784
v -57.00000000 200.00000000 616.00000000 0.41568627 0.24705882 0.21960784
v -55.00000000 199.00000000 614.00000000 0.45490196 0.27843137 0.25490196
v -52.00000000 198.00000000 612.00000000 0.55294118 0.32941176 0.28627451
v -51.00000000 198.00000000 611.00000000 0.57647059 0.34117647 0.30196078
v -50.00000000 198.00000000 611.00000000 0.60000000 0.36470588 0.32156863
v -47.00000000 197.00000000 609.00000000 0.61960784 0.36078431 0.30588235
v -46.00000000 197.00000000 609.00000000 0.64705882 0.40000000 0.34117647
v -45.00000000 197.00000000 609.00000000 0.65490196 0.39607843 0.34117647
v -44.00000000 197.00000000 609.00000000 0.68235294 0.41568627 0.36470588
v -43.00000000 197.00000000 609.00000000 0.68235294 0.41176471 0.35294118
v -39.00000000 198.00000000 612.00000000 0.79215686 0.52941176 0.46274510
v -37.00000000 199.00000000 615.00000000 0.81176471 0.57647059 0.48235294
v -36.00000000 200.00000000 618.00000000 0.80000000 0.58039216 0.49019608
v -33.00000000 202.00000000 624.00000000 0.61176471 0.35294118 0.29019608
v -32.00000000 203.00000000 625.00000000 0.65098039 0.39607843 0.32549020
v -31.00000000 202.00000000 624.00000000 0.74901961 0.48627451 0.41960784
v -30.00000000 202.00000000 623.00000000 0.78823529 0.51764706 0.45882353
v -28.00000000 201.00000000 620.00000000 0.78039216 0.52156863 0.45882353
v -27.00000000 201.00000000 620.00000000 0.75686275 0.50980392 0.44313725
v -26.00000000 201.00000000 620.00000000 0.74509804 0.49803922 0.43137255
v -25.00000000 201.00000000 620.00000000 0.76078431 0.51372549 0.44705882
v -21.00000000 202.00000000 623.00000000 0.79607843 0.54901961 0.48235294
v -20.00000000 202.00000000 624.00000000 0.81176471 0.56470588 0.49803922
v -19.00000000 203.00000000 625.00000000 0.80000000 0.55294118 0.48627451
v -18.00000000 203.00000000 626.00000000 0.80392157 0.55686275 0.49019608
v -16.00000000 204.00000000 630.00000000 0.81568627 0.56862745 0.50196078
v -15.00000000 205.00000000 633.00000000 0.81960784 0.57254902 0.50588235
v -56.00000000 200.00000000 615.00000000 0.42745098 0.25098039 0.22745098
v -54.00000000 199.00000000 613.00000000 0.47450980 0.28235294 0.25490196
v -53.00000000 199.00000000 613.00000000 0.48235294 0.29411765 0.25490196
v -52.00000000 199.00000000 612.00000000 0.54117647 0.32941176 0.28235294
v -49.00000000 198.00000000 609.00000000 0.55294118 0.30196078 0.26274510
v -43.00000000 198.00000000 609.00000000 0.70588235 0.43137255 0.38431373
v -42.00000000 198.00000000 609.00000000 0.72941176 0.45882353 0.39607843
v -41.00000000 198.00000000 609.00000000 0.74117647 0.47058824 0.40784314
v -40.00000000 198.00000000 610.00000000 0.75686275 0.48627451 0.42352941
v -38.00000000 199.00000000 613.00000000 0.80784314 0.55294118 0.47450980
v -36.00000000 201.00000000 617.00000000 0.80784314 0.58823529 0.49803922
v -35.00000000 201.00000000 619.00000000 0.83137255 0.60392157 0.52549020
v -34.00000000 202.00000000 622.00000000 0.87843137 0.63137255 0.56470588
v -33.00000000 203.00000000 624.00000000 0.62352941 0.36470588 0.30196078
v -31.00000000 203.00000000 624.00000000 0.75294118 0.49019608 0.42745098
v -29.00000000 202.00000000 622.00000000 0.77647059 0.50588235 0.44705882
v -28.00000000 202.00000000 620.00000000 0.76862745 0.50588235 0.44313725
v -27.00000000 202.00000000 620.00000000 0.74901961 0.50196078 0.43529412
v -26.00000000 202.00000000 620.00000000 0.74117647 0.49411765 0.42745098
v -25.00000000 202.00000000 620.00000000 0.75686275 0.50980392 0.44313725
v -24.00000000 202.00000000 620.00000000 0.77647059 0.52941176 0.46274510
v -23.00000000 202.00000000 621.00000000 0.78823529 0.54117647 0.47450980
v -22.00000000 202.00000000 622.00000000 0.79215686 0.54509804 0.47843137
v -17.00000000 204.00000000 628.00000000 0.80784314 0.56078431 0.49411765
v -14.00000000 206.00000000 634.00000000 0.81960784 0.57254902 0.50588235
v -59.00000000 201.00000000 617.00000000 0.35294118 0.23137255 0.21176471
v -58.00000000 201.00000000 617.00000000 0.37254902 0.23529412 0.21176471
v -57.00000000 201.00000000 616.00000000 0.39607843 0.23921569 0.20784314
v -55.00000000 200.00000000 614.00000000 0.44313725 0.26666667 0.24313725
v -54.00000000 200.00000000 613.00000000 0.48235294 0.29019608 0.27058824
v -51.00000000 199.00000000 611.00000000 0.55686275 0.32549020 0.29411765
v -49.00000000 199.00000000 609.00000000 0.54509804 0.30196078 0.25882353
v -48.00000000 198.00000000 608.00000000 0.55686275 0.30588235 0.26666667
v -47.00000000 198.00000000 608.00000000 0.61960784 0.35686275 0.32156863
v -46.00000000 198.00000000 608.00000000 0.63137255 0.38039216 0.33333333
v -45.00000000 198.00000000 608.00000000 0.65882353 0.40000000 0.35294118
v -44.00000000 198.00000000 608.00000000 0.67450980 0.40784314 0.36470588
v -41.00000000 199.00000000 609.00000000 0.73333333 0.46274510 0.40392157
v -40.00000000 199.00000000 610.00000000 0.76078431 0.49803922 0.43137255
v -39.00000000 199.00000000 611.00000000 0.78431373 0.52156863 0.45490196
v -37.00000000 200.00000000 614.00000000 0.81176471 0.57647059 0.48235294
v -35.00000000 202.00000000 618.00000000 0.83529412 0.60784314 0.52941176
v -30.00000000 203.00000000 623.00000000 0.77254902 0.50980392 0.44705882
v -29.00000000 203.00000000 622.00000000 0.78823529 0.52549020 0.46274510
v -22.00000000 203.00000000 622.00000000 0.78431373 0.53725490 0.47058824
v -21.00000000 203.00000000 622.00000000 0.78823529 0.54117647 0.47450980
v -20.00000000 203.00000000 623.00000000 0.78823529 0.54117647 0.47450980
v -18.00000000 204.00000000 625.00000000 0.80784314 0.56078431 0.49411765
v -17.00000000 205.00000000 627.00000000 0.80784314 0.56078431 0.49411765
v -56.00000000 201.00000000 614.00000000 0.40392157 0.23529412 0.20784314
v -53.00000000 200.00000000 612.00000000 0.49411765 0.29803922 0.26274510
v -52.00000000 200.00000000 611.00000000 0.50980392 0.30196078 0.27058824
v -50.00000000 199.00000000 609.00000000 0.55686275 0.33333333 0.29019608
v -48.00000000 199.00000000 608.00000000 0.55294118 0.30196078 0.26666667
v -43.00000000 199.00000000 608.00000000 0.68235294 0.41568627 0.37254902
v -42.00000000 199.00000000 608.00000000 0.67058824 0.40000000 0.34117647
v -38.00000000 200.00000000 612.00000000 0.78431373 0.54117647 0.45882353
v -34.00000000 203.00000000 621.00000000 0.85882353 0.61176471 0.54509804
v -33.00000000 204.00000000 623.00000000 0.70588235 0.44705882 0.38431373
v -32.00000000 204.00000000 624.00000000 0.63137255 0.36862745 0.30588235
v -31.00000000 204.00000000 624.00000000 0.74901961 0.48627451 0.42352941
v -30.00000000 204.00000000 623.00000000 0.76862745 0.50588235 0.44313725
v -28.00000000 203.00000000 621.00000000 0.75294118 0.49411765 0.43137255
v -27.00000000 203.00000000 621.00000000 0.73333333 0.48627451 0.41960784
v -26.00000000 203.00000000 621.00000000 0.73725490 0.49019608 0.42352941
v -25.00000000 203.00000000 621.00000000 0.76078431 0.50196078 0.43921569
v -24.00000000 203.00000000 621.00000000 0.78431373 0.52549020 0.46274510
v -23.00000000 203.00000000 621.00000000 0.78823529 0.52941176 0.46666667
v -19.00000000 204.00000000 624.00000000 0.78823529 0.54117647 0.47450980
v -16.00000000 205.00000000 627.00000000 0.81176471 0.56470588 0.49803922
v -15.00000000 206.00000000 630.00000000 0.82352941 0.57647059 0.50980392
v -58.00000000 202.00000000 615.00000000 0.35294118 0.23137255 0.21176471
v -55.00000000 201.00000000 613.00000000 0.42352941 0.24705882 0.22352941
v -54.00000000 201.00000000 613.00000000 0.44313725 0.27058824 0.23529412
v -52.00000000 201.00000000 611.00000000 0.50196078 0.29411765 0.26274510
v -51.00000000 200.00000000 610.00000000 0.55686275 0.33333333 0.29803922
v -50.00000000 200.00000000 609.00000000 0.54901961 0.32549020 0.28235294
v -47.00000000 199.00000000 607.00000000 0.62352941 0.36078431 0.32549020
v -46.00000000 199.00000000 607.00000000 0.60784314 0.35686275 0.31764706
v -45.00000000 199.00000000 607.00000000 0.59215686 0.32941176 0.29411765
v -44.00000000 199.00000000 607.00000000 0.59215686 0.32941176 0.29411765
v -40.00000000 200.00000000 609.00000000 0.73725490 0.47450980 0.41176471
v -39.00000000 200.00000000 610.00000000 0.78431373 0.52941176 0.45882353
v -38.00000000 201.00000000 611.00000000 0.78431373 0.54117647 0.45882353
v -37.00000000 201.00000000 613.00000000 0.80000000 0.56078431 0.47843137
v -36.00000000 202.00000000 616.00000000 0.81960784 0.59215686 0.51372549
v -32.00000000 205.00000000 623.00000000 0.60784314 0.34509804 0.28235294
v -31.00000000 205.00000000 624.00000000 0.74117647 0.47058824 0.41176471
v -30.00000000 205.00000000 623.00000000 0.77254902 0.50980392 0.44705882
v -29.00000000 204.00000000 622.00000000 0.77647059 0.51372549 0.45098039
v -28.00000000 204.00000000 621.00000000 0.75686275 0.49803922 0.43529412
v -27.00000000 204.00000000 621.00000000 0.74117647 0.48235294 0.41960784
v -26.00000000 204.00000000 621.00000000 0.74117647 0.48235294 0.41960784
v -25.00000000 204.00000000 621.00000000 0.75686275 0.49803922 0.43529412
v -24.00000000 204.00000000 621.00000000 0.76470588 0.50588235 0.44313725
v -23.00000000 204.00000000 620.00000000 0.77647059 0.51764706 0.45490196
v -22.00000000 204.00000000 621.00000000 0.77647059 0.51764706 0.45490196
v -21.00000000 204.00000000 621.00000000 0.78431373 0.52549020 0.46274510
v -20.00000000 204.00000000 622.00000000 0.78039216 0.53333333 0.46666667
v -19.00000000 205.00000000 623.00000000 0.78823529 0.54117647 0.47450980
v -18.00000000 205.00000000 624.00000000 0.80392157 0.55686275 0.49019608
v -17.00000000 206.00000000 626.00000000 0.81176471 0.56470588 0.49803922
v -15.00000000 207.00000000 629.00000000 0.82745098 0.58039216 0.51372549
v -14.00000000 207.00000000 631.00000000 0.81568627 0.56862745 0.50196078
v -13.00000000 208.00000000 634.00000000 0.79607843 0.54901961 0.48235294
v -57.00000000 202.00000000 614.00000000 0.36470588 0.22745098 0.20392157
v -56.00000000 202.00000000 614.00000000 0.38431373 0.22745098 0.19607843
v -55.00000000 202.00000000 613.00000000 0.41568627 0.23921569 0.21568627
v -53.00000000 201.00000000 611.00000000 0.47450980 0.28235294 0.25490196
v -51.00000000 201.00000000 610.00000000 0.54117647 0.31764706 0.28235294
v -50.00000000 201.00000000 609.00000000 0.53333333 0.30980392 0.26666667
v -49.00000000 200.00000000 608.00000000 0.56470588 0.32941176 0.28627451
v -48.00000000 200.00000000 608.00000000 0.55686275 0.31372549 0.27058824
v -47.00000000 200.00000000 607.00000000 0.55686275 0.30588235 0.26666667
v -46.00000000 200.00000000 607.00000000 0.57254902 0.32156863 0.28235294
v -45.00000000 200.00000000 606.00000000 0.56862745 0.31764706 0.27843137
v -43.00000000 200.00000000 607.00000000 0.66666667 0.40000000 0.35686275
v -42.00000000 200.00000000 607.00000000 0.68627451 0.41960784 0.36862745
v -41.00000000 200.00000000 608.00000000 0.71764706 0.44313725 0.39607843
v -39.00000000 201.00000000 609.00000000 0.76078431 0.50588235 0.43529412
v -35.00000000 203.00000000 617.00000000 0.82745098 0.59607843 0.52549020
v -34.00000000 204.00000000 619.00000000 0.82352941 0.58431373 0.51372549
v -33.00000000 205.00000000 622.00000000 0.75686275 0.49803922 0.43529412
v -29.00000000 205.00000000 623.00000000 0.76862745 0.50588235 0.44313725
v -28.00000000 205.00000000 621.00000000 0.75294118 0.49411765 0.43137255
v -26.00000000 205.00000000 621.00000000 0.74901961 0.49019608 0.42745098
v -25.00000000 205.00000000 621.00000000 0.74901961 0.49019608 0.42745098
v -22.00000000 205.00000000 621.00000000 0.76470588 0.50588235 0.44313725
v -21.00000000 205.00000000 621.00000000 0.77254902 0.51372549 0.45098039
v -20.00000000 205.00000000 621.00000000 0.78823529 0.52941176 0.46666667
v -16.00000000 206.00000000 626.00000000 0.80000000 0.55294118 0.48627451
v -13.00000000 209.00000000 633.00000000 0.79607843 0.54901961 0.48235294
v -12.00000000 209.00000000 635.00000000 0.78823529 0.54117647 0.47450980
v -57.00000000 203.00000000 613.00000000 0.37254902 0.22352941 0.21176471
v -54.00000000 202.00000000 612.00000000 0.44705882 0.26274510 0.23921569
v -52.00000000 202.00000000 610.00000000 0.49019608 0.29411765 0.26666667
v -49.00000000 201.00000000 608.00000000 0.56862745 0.33333333 0.29019608
v -48.00000000 201.00000000 607.00000000 0.56078431 0.31764706 0.27450980
v -44.00000000 200.00000000 606.00000000 0.59607843 0.34509804 0.29803922
v -40.00000000 201.00000000 608.00000000 0.74117647 0.47450980 0.42352941
v -38.00000000 202.00000000 610.00000000 0.76862745 0.52941176 0.45490196
v -37.00000000 202.00000000 612.00000000 0.79215686 0.56470588 0.48627451
v -35.00000000 204.00000000 616.00000000 0.83137255 0.59215686 0.52156863
v -32.00000000 206.00000000 623.00000000 0.56862745 0.30588235 0.24313725
v -31.00000000 206.00000000 624.00000000 0.74117647 0.45882353 0.41176471
v -30.00000000 206.00000000 624.00000000 0.79607843 0.51372549 0.46666667
v -29.00000000 206.00000000 623.00000000 0.76078431 0.49803922 0.43529412
v -27.00000000 205.00000000 621.00000000 0.71764706 0.45882353 0.40392157
v -24.00000000 205.00000000 620.00000000 0.74901961 0.49019608 0.42745098
v -23.00000000 205.00000000 620.00000000 0.75294118 0.49411765 0.43137255
v -19.00000000 206.00000000 622.00000000 0.78823529 0.52941176 0.46666667
v -18.00000000 206.00000000 623.00000000 0.80392157 0.54509804 0.48235294
v -17.00000000 207.00000000 625.00000000 0.80000000 0.54117647 0.47843137
v -56.00000000 203.00000000 612.00000000 0.38039216 0.21960784 0.19607843
v -55.00000000 203.00000000 612.00000000 0.39607843 0.23529412 0.21176471
v -54.00000000 203.00000000 612.00000000 0.41568627 0.24705882 0.21960784
v -53.00000000 202.00000000 610.00000000 0.45490196 0.27058824 0.24705882
v -51.00000000 202.00000000 609.00000000 0.50196078 0.29411765 0.26274510
v -50.00000000 202.00000000 609.00000000 0.53725490 0.30980392 0.26666667
v -49.00000000 202.00000000 608.00000000 0.57254902 0.32941176 0.28627451
v -47.00000000 201.00000000 606.00000000 0.54901961 0.30196078 0.26666667
v -46.00000000 201.00000000 606.00000000 0.55686275 0.30980392 0.27450980
v -45.00000000 201.00000000 606.00000000 0.54901961 0.29803922 0.25882353
v -44.00000000 201.00000000 606.00000000 0.58823529 0.33725490 0.29019608
v -43.00000000 201.00000000 606.00000000 0.63137255 0.37254902 0.32549020
v -42.00000000 201.00000000 606.00000000 0.69411765 0.42745098 0.38431373
v -41.00000000 201.00000000 607.00000000 0.72549020 0.45882353 0.40784314
v -36.00000000 203.00000000 613.00000000 0.80784314 0.57647059 0.50588235
v -34.00000000 205.00000000 619.00000000 0.85490196 0.61568627 0.54509804
v -31.00000000 207.00000000 624.00000000 0.74509804 0.46274510 0.41568627
v -30.00000000 207.00000000 624.00000000 0.79607843 0.51372549 0.46666667
v -29.00000000 207.00000000 623.00000000 0.75686275 0.49411765 0.43137255
v -28.00000000 206.00000000 622.00000000 0.73333333 0.47450980 0.41176471
v -27.00000000 206.00000000 621.00000000 0.70588235 0.43921569 0.38823529
v -26.00000000 206.00000000 621.00000000 0.72549020 0.45882353 0.40784314
v -22.00000000 206.00000000 621.00000000 0.74901961 0.49019608 0.42745098
v -21.00000000 206.00000000 621.00000000 0.76470588 0.50588235 0.44313725
v -20.00000000 206.00000000 621.00000000 0.77254902 0.51372549 0.45098039
v -18.00000000 207.00000000 623.00000000 0.80000000 0.54117647 0.47843137
v -16.00000000 207.00000000 625.00000000 0.79607843 0.53725490 0.47450980
v -15.00000000 208.00000000 627.00000000 0.83137255 0.56862745 0.50588235
v -14.00000000 208.00000000 628.00000000 0.81568627 0.55294118 0.49019608
v -12.00000000 210.00000000 633.00000000 0.80784314 0.54509804 0.48235294
v -11.00000000 211.00000000 637.00000000 0.80000000 0.54117647 0.47843137
v -53.00000000 203.00000000 610.00000000 0.45882353 0.26666667 0.24705882
v -47.00000000 202.00000000 606.00000000 0.54901961 0.30588235 0.26274510
v -41.00000000 202.00000000 606.00000000 0.70196078 0.43529412 0.38431373
v -40.00000000 202.00000000 607.00000000 0.72941176 0.46666667 0.40392157
v -39.00000000 202.00000000 608.00000000 0.73725490 0.49019608 0.41960784
v -38.00000000 203.00000000 609.00000000 0.77254902 0.53333333 0.45098039
v -37.00000000 203.00000000 611.00000000 0.78431373 0.55686275 0.47058824
v -32.00000000 207.00000000 622.00000000 0.54901961 0.30196078 0.23529412
v -30.00000000 208.00000000 624.00000000 0.77254902 0.50980392 0.44705882
v -28.00000000 207.00000000 622.00000000 0.70588235 0.44313725 0.38039216
v -27.00000000 207.00000000 621.00000000 0.69411765 0.42352941 0.36470588
v -26.00000000 207.00000000 621.00000000 0.73725490 0.46666667 0.40784314
v -25.00000000 206.00000000 620.00000000 0.73725490 0.47450980 0.41176471
v -24.00000000 206.00000000 620.00000000 0.74117647 0.47843137 0.41568627
v -23.00000000 206.00000000 620.00000000 0.74509804 0.48235294 0.41960784
v -21.00000000 207.00000000 621.00000000 0.75686275 0.49411765 0.43137255
v -20.00000000 207.00000000 621.00000000 0.77254902 0.51372549 0.45098039
v -19.00000000 207.00000000 622.00000000 0.77647059 0.51764706 0.45490196
v -56.00000000 204.00000000 611.00000000 0.35294118 0.21568627 0.19215686
v -54.00000000 204.00000000 611.00000000 0.39607843 0.23529412 0.21176471
v -52.00000000 203.00000000 609.00000000 0.50196078 0.28627451 0.26666667
v -51.00000000 203.00000000 608.00000000 0.54509804 0.31372549 0.29019608
v -50.00000000 203.00000000 608.00000000 0.56078431 0.32549020 0.28627451
v -48.00000000 202.00000000 606.00000000 0.56470588 0.32156863 0.27843137
v -46.00000000 202.00000000 605.00000000 0.56470588 0.31372549 0.27450980
v -45.00000000 202.00000000 605.00000000 0.57647059 0.32549020 0.28627451
v -44.00000000 202.00000000 605.00000000 0.62352941 0.37254902 0.33333333
v -43.00000000 202.00000000 605.00000000 0.65490196 0.39607843 0.34901961
v -42.00000000 202.00000000 605.00000000 0.69019608 0.42352941 0.38039216
v -40.00000000 203.00000000 607.00000000 0.71764706 0.45098039 0.40000000
v -36.00000000 204.00000000 611.00000000 0.81960784 0.58039216 0.50588235
v -33.00000000 206.00000000 618.00000000 0.85882353 0.61960784 0.54901961
v -31.00000000 208.00000000 623.00000000 0.73333333 0.46666667 0.41568627
v -29.00000000 208.00000000 624.00000000 0.76470588 0.49803922 0.44705882
v -28.00000000 208.00000000 622.00000000 0.69803922 0.42352941 0.37647059
v -25.00000000 207.00000000 620.00000000 0.73333333 0.46666667 0.41568627
v -24.00000000 207.00000000 620.00000000 0.74117647 0.47450980 0.42352941
v -23.00000000 207.00000000 620.00000000 0.74509804 0.47843137 0.42745098
v -22.00000000 207.00000000 620.00000000 0.74509804 0.47843137 0.42745098
v -19.00000000 208.00000000 622.00000000 0.77254902 0.51372549 0.45098039
v -18.00000000 208.00000000 622.00000000 0.79215686 0.53333333 0.47058824
v -17.00000000 208.00000000 623.00000000 0.78431373 0.52549020 0.46274510
v -16.00000000 208.00000000 624.00000000 0.77254902 0.51372549 0.45098039
v -14.00000000 209.00000000 627.00000000 0.80784314 0.54901961 0.48627451
v -13.00000000 210.00000000 630.00000000 0.81176471 0.55294118 0.49019608
v -55.00000000 204.00000000 611.00000000 0.37647059 0.23137255 0.20784314
v -53.00000000 204.00000000 610.00000000 0.46274510 0.27058824 0.24313725
v -49.00000000 203.00000000 607.00000000 0.54509804 0.32156863 0.27843137
v -41.00000000 203.00000000 606.00000000 0.69019608 0.42352941 0.38039216
v -39.00000000 203.00000000 607.00000000 0.73333333 0.47450980 0.41960784
v -37.00000000 204.00000000 610.00000000 0.80000000 0.56078431 0.49019608
v -35.00000000 205.00000000 613.00000000 0.82352941 0.58039216 0.52156863
v -34.00000000 206.00000000 616.00000000 0.85882353 0.61568627 0.55686275
v -31.00000000 209.00000000 623.00000000 0.73725490 0.47058824 0.41960784
v -30.00000000 209.00000000 624.00000000 0.76470588 0.49803922 0.44705882
v -29.00000000 209.00000000 624.00000000 0.74901961 0.48235294 0.43137255
v -28.00000000 209.00000000 623.00000000 0.69019608 0.41568627 0.36862745
v -27.00000000 208.00000000 621.00000000 0.71764706 0.43529412 0.38823529
v -26.00000000 208.00000000 621.00000000 0.72941176 0.44705882 0.40000000
v -25.00000000 208.00000000 620.00000000 0.73725490 0.47058824 0.41960784
v -24.00000000 208.00000000 620.00000000 0.74117647 0.47450980 0.42352941
v -22.00000000 208.00000000 620.00000000 0.74901961 0.48235294 0.43137255
v -21.00000000 208.00000000 620.00000000 0.74901961 0.48627451 0.42352941
v -17.00000000 209.00000000 623.00000000 0.78431373 0.52549020 0.46274510
v -15.00000000 209.00000000 625.00000000 0.80000000 0.54117647 0.47843137
v -11.00000000 212.00000000 634.00000000 0.79215686 0.53333333 0.47058824
v -53.00000000 205.00000000 610.00000000 0.41960784 0.25098039 0.22745098
v -52.00000000 204.00000000 609.00000000 0.47058824 0.27843137 0.25882353
v -51.00000000 204.00000000 608.00000000 0.50980392 0.31372549 0.27843137
v -49.00000000 204.00000000 607.00000000 0.52549020 0.31372549 0.26666667
v -48.00000000 203.00000000 606.00000000 0.53333333 0.32156863 0.27450980
v -47.00000000 203.00000000 605.00000000 0.54117647 0.32156863 0.27058824
v -45.00000000 203.00000000 604.00000000 0.60000000 0.36470588 0.32549020
v -44.00000000 203.00000000 604.00000000 0.62352941 0.37647059 0.34117647
v -43.00000000 203.00000000 604.00000000 0.63529412 0.38431373 0.34509804
v -39.00000000 204.00000000 607.00000000 0.73333333 0.47450980 0.41960784
v -38.00000000 204.00000000 608.00000000 0.75686275 0.51372549 0.45490196
v -36.00000000 205.00000000 610.00000000 0.78823529 0.54509804 0.48627451
v -35.00000000 206.00000000 612.00000000 0.81568627 0.58431373 0.52156863
v -33.00000000 207.00000000 617.00000000 0.84313725 0.59607843 0.53725490
v -32.00000000 208.00000000 620.00000000 0.57647059 0.31764706 0.26274510
v -29.00000000 210.00000000 624.00000000 0.72156863 0.44705882 0.40000000
v -27.00000000 209.00000000 622.00000000 0.71764706 0.43529412 0.38823529
v -23.00000000 208.00000000 619.00000000 0.74117647 0.47450980 0.42352941
v -20.00000000 208.00000000 620.00000000 0.74901961 0.48627451 0.42352941
v -16.00000000 209.00000000 623.00000000 0.77647059 0.52156863 0.45098039
v -14.00000000 210.00000000 625.00000000 0.80392157 0.54509804 0.48235294
v -12.00000000 211.00000000 629.00000000 0.80000000 0.54117647 0.47843137
v -55.00000000 205.00000000 610.00000000 0.36078431 0.23137255 0.21176471
v -54.00000000 205.00000000 610.00000000 0.38431373 0.23921569 0.21568627
v -51.00000000 205.00000000 608.00000000 0.47058824 0.28627451 0.25490196
v -50.00000000 204.00000000 607.00000000 0.50588235 0.30980392 0.27450980
v -46.00000000 203.00000000 604.00000000 0.52941176 0.30588235 0.26274510
v -42.00000000 203.00000000 604.00000000 0.63137255 0.38823529 0.34509804
v -40.00000000 204.00000000 606.00000000 0.70980392 0.45098039 0.40392157
v -30.00000000 210.00000000 623.00000000 0.73333333 0.46666667 0.41568627
v -28.00000000 210.00000000 623.00000000 0.67843137 0.39607843 0.34901961
v -27.00000000 210.00000000 622.00000000 0.70196078 0.41960784 0.37254902
v -26.00000000 209.00000000 621.00000000 0.69803922 0.41568627 0.36862745
v -25.00000000 209.00000000 620.00000000 0.73725490 0.46274510 0.42352941
v -24.00000000 209.00000000 620.00000000 0.73333333 0.46666667 0.42352941
v -23.00000000 209.00000000 619.00000000 0.72941176 0.46274510 0.41176471
v -22.00000000 209.00000000 619.00000000 0.73725490 0.47058824 0.41960784
v -21.00000000 209.00000000 620.00000000 0.73725490 0.47058824 0.41960784
v -20.00000000 209.00000000 620.00000000 0.74509804 0.48235294 0.41960784
v -19.00000000 209.00000000 620.00000000 0.76078431 0.49803922 0.43529412
v -18.00000000 209.00000000 621.00000000 0.77254902 0.51372549 0.45098039
v -15.00000000 210.00000000 624.00000000 0.78823529 0.52941176 0.46666667
v -10.00000000 213.00000000 633.00000000 0.78039216 0.52156863 0.45882353
v -55.00000000 206.00000000 610.00000000 0.35294118 0.23137255 0.21960784
v -52.00000000 205.00000000 608.00000000 0.44313725 0.26666667 0.24705882
v -50.00000000 205.00000000 607.00000000 0.49019608 0.30196078 0.26274510
v -48.00000000 204.00000000 605.00000000 0.50980392 0.30588235 0.26274510
v -47.00000000 204.00000000 605.00000000 0.51372549 0.30980392 0.26666667
v -44.00000000 204.00000000 604.00000000 0.54509804 0.32156863 0.27843137
v -41.00000000 204.00000000 605.00000000 0.70196078 0.45098039 0.40392157
v -39.00000000 205.00000000 606.00000000 0.72549020 0.47450980 0.42745098
v -38.00000000 205.00000000 607.00000000 0.73725490 0.49019608 0.43137255
v -37.00000000 205.00000000 607.00000000 0.75294118 0.50588235 0.44705882
v -33.00000000 208.00000000 615.00000000 0.84705882 0.60000000 0.53333333
v -32.00000000 209.00000000 618.00000000 0.65490196 0.39607843 0.34117647
v -29.00000000 211.00000000 624.00000000 0.67843137 0.40392157 0.35686275
v -28.00000000 211.00000000 623.00000000 0.67058824 0.38823529 0.34117647
v -27.00000000 211.00000000 623.00000000 0.69411765 0.41176471 0.36470588
v -26.00000000 210.00000000 621.00000000 0.72156863 0.44705882 0.40784314
v -25.00000000 210.00000000 620.00000000 0.73725490 0.46274510 0.42352941
v -24.00000000 210.00000000 620.00000000 0.74117647 0.46666667 0.41960784
v -21.00000000 210.00000000 620.00000000 0.74117647 0.47450980 0.42352941
v -20.00000000 210.00000000 620.00000000 0.72549020 0.45882353 0.40784314
v -19.00000000 210.00000000 620.00000000 0.76862745 0.50588235 0.44313725
v -18.00000000 210.00000000 620.00000000 0.78039216 0.51764706 0.45490196
v -17.00000000 210.00000000 621.00000000 0.77647059 0.51764706 0.45490196
v -16.00000000 210.00000000 622.00000000 0.77254902 0.51372549 0.45098039
v -14.00000000 211.00000000 624.00000000 0.78431373 0.52549020 0.46274510
v -13.00000000 211.00000000 625.00000000 0.79215686 0.53333333 0.47058824
v -54.00000000 206.00000000 609.00000000 0.36078431 0.23921569 0.21960784
v -53.00000000 206.00000000 608.00000000 0.38431373 0.24705882 0.23137255
v -52.00000000 206.00000000 608.00000000 0.42745098 0.26666667 0.24313725
v -51.00000000 206.00000000 608.00000000 0.44313725 0.27450980 0.24705882
v -49.00000000 205.00000000 606.00000000 0.49019608 0.29411765 0.25882353
v -48.00000000 205.00000000 605.00000000 0.49803922 0.30196078 0.25882353
v -46.00000000 204.00000000 603.00000000 0.46666667 0.27843137 0.23921569
v -45.00000000 204.00000000 603.00000000 0.44313725 0.24705882 0.21176471
v -43.00000000 204.00000000 603.00000000 0.57647059 0.35294118 0.31764706
v -42.00000000 204.00000000 603.00000000 0.62745098 0.39215686 0.36078431
v -36.00000000 206.00000000 608.00000000 0.78431373 0.53725490 0.47843137
v -34.00000000 207.00000000 611.00000000 0.83529412 0.58823529 0.52941176
v -31.00000000 210.00000000 619.00000000 0.63137255 0.37254902 0.31764706
v -30.00000000 211.00000000 622.00000000 0.73725490 0.47058824 0.41960784
v -26.00000000 211.00000000 621.00000000 0.71764706 0.44313725 0.39607843
v -25.00000000 211.00000000 621.00000000 0.73725490 0.46274510 0.41568627
v -23.00000000 210.00000000 620.00000000 0.72941176 0.46274510 0.41176471
v -22.00000000 210.00000000 620.00000000 0.73333333 0.46666667 0.41568627
v -16.00000000 211.00000000 622.00000000 0.76862745 0.50980392 0.44705882
v -15.00000000 211.00000000 623.00000000 0.77254902 0.51372549 0.45098039
v -12.00000000 212.00000000 626.00000000 0.78823529 0.52941176 0.46666667
v -11.00000000 213.00000000 629.00000000 0.78823529 0.52941176 0.46666667
v -50.00000000 206.00000000 606.00000000 0.47058824 0.28627451 0.24705882
v -49.00000000 206.00000000 606.00000000 0.48235294 0.29411765 0.25490196
v -48.00000000 206.00000000 605.00000000 0.49411765 0.30588235 0.25882353
v -47.00000000 205.00000000 604.00000000 0.49803922 0.31764706 0.25882353
v -46.00000000 205.00000000 603.00000000 0.47843137 0.29019608 0.24313725
v -45.00000000 205.00000000 603.00000000 0.44313725 0.24705882 0.21176471
v -44.00000000 205.00000000 603.00000000 0.41960784 0.22352941 0.18823529
v -43.00000000 205.00000000 603.00000000 0.49019608 0.26666667 0.23137255
v -42.00000000 205.00000000 603.00000000 0.52549020 0.29019608 0.25882353
v -41.00000000 205.00000000 604.00000000 0.65882353 0.41176471 0.37647059
v -40.00000000 205.00000000 604.00000000 0.63137255 0.38039216 0.34117647
v -39.00000000 206.00000000 605.00000000 0.69411765 0.43137255 0.39607843
v -37.00000000 206.00000000 607.00000000 0.75686275 0.50980392 0.45098039
v -29.00000000 212.00000000 624.00000000 0.64705882 0.37254902 0.33333333
v -28.00000000 212.00000000 624.00000000 0.65098039 0.36470588 0.32941176
v -27.00000000 212.00000000 624.00000000 0.67450980 0.40000000 0.36078431
v -24.00000000 211.00000000 621.00000000 0.72549020 0.45098039 0.40392157
v -23.00000000 211.00000000 620.00000000 0.72156863 0.44705882 0.40000000
v -22.00000000 211.00000000 620.00000000 0.71764706 0.45098039 0.40000000
v -21.00000000 211.00000000 620.00000000 0.72156863 0.45490196 0.40392157
v -20.00000000 211.00000000 620.00000000 0.73725490 0.47058824 0.41960784
v -19.00000000 211.00000000 620.00000000 0.74509804 0.47843137 0.42745098
v -18.00000000 211.00000000 620.00000000 0.75686275 0.49019608 0.43921569
v -17.00000000 211.00000000 621.00000000 0.75686275 0.49019608 0.43921569
v -14.00000000 212.00000000 623.00000000 0.76862745 0.50980392 0.44705882
v -13.00000000 212.00000000 624.00000000 0.78823529 0.52941176 0.46666667
v -10.00000000 214.00000000 630.00000000 0.78039216 0.52156863 0.45882353
v -9.00000000 215.00000000 633.00000000 0.77647059 0.51764706 0.45490196
v -53.00000000 207.00000000 608.00000000 0.37647059 0.25882353 0.22745098
v -52.00000000 207.00000000 607.00000000 0.41568627 0.25882353 0.22745098
v -51.00000000 207.00000000 607.00000000 0.43529412 0.27058824 0.22352941
v -50.00000000 207.00000000 606.00000000 0.46666667 0.28627451 0.23529412
v -47.00000000 206.00000000 604.00000000 0.51372549 0.30588235 0.27450980
v -46.00000000 206.00000000 603.00000000 0.49411765 0.30196078 0.27450980
v -38.00000000 206.00000000 605.00000000 0.72549020 0.45882353 0.40784314
v -35.00000000 207.00000000 608.00000000 0.78823529 0.53333333 0.46274510
v -30.00000000 212.00000000 622.00000000 0.69803922 0.43529412 0.37254902
v -28.00000000 213.00000000 624.00000000 0.60784314 0.31764706 0.28235294
v -27.00000000 213.00000000 624.00000000 0.67058824 0.36078431 0.33333333
v -26.00000000 212.00000000 622.00000000 0.69411765 0.41176471 0.36470588
v -25.00000000 212.00000000 622.00000000 0.70980392 0.43529412 0.38823529
v -24.00000000 212.00000000 621.00000000 0.71764706 0.44313725 0.39607843
v -23.00000000 212.00000000 620.00000000 0.71372549 0.43921569 0.39215686
v -22.00000000 212.00000000 620.00000000 0.72549020 0.45098039 0.40392157
v -21.00000000 212.00000000 620.00000000 0.70588235 0.43921569 0.38823529
v -20.00000000 212.00000000 620.00000000 0.73333333 0.47058824 0.40784314
v -19.00000000 212.00000000 620.00000000 0.73725490 0.47450980 0.41176471
v -18.00000000 212.00000000 620.00000000 0.72941176 0.46666667 0.40392157
v -17.00000000 212.00000000 620.00000000 0.73333333 0.47450980 0.41176471
v -16.00000000 212.00000000 621.00000000 0.76078431 0.50196078 0.43921569
v -15.00000000 212.00000000 622.00000000 0.76078431 0.50196078 0.43921569
v -12.00000000 213.00000000 625.00000000 0.78823529 0.54117647 0.47450980
v -11.00000000 214.00000000 628.00000000 0.78039216 0.52156863 0.45882353
v -49.00000000 207.00000000 605.00000000 0.46666667 0.27843137 0.23137255
v -45.00000000 206.00000000 603.00000000 0.44313725 0.25098039 0.23137255
v -44.00000000 206.00000000 603.00000000 0.41960784 0.22352941 0.19607843
v -43.00000000 206.00000000 603.00000000 0.51372549 0.30588235 0.27450980
v -42.00000000 206.00000000 603.00000000 0.52941176 0.31372549 0.28627451
v -41.00000000 206.00000000 603.00000000 0.49411765 0.26274510 0.23137255
v -40.00000000 206.00000000 603.00000000 0.59607843 0.36862745 0.32549020
v -36.00000000 207.00000000 606.00000000 0.76862745 0.50196078 0.45098039
v -34.00000000 208.00000000 609.00000000 0.81568627 0.56862745 0.49803922
v -33.00000000 209.00000000 612.00000000 0.83529412 0.59607843 0.52156863
v -31.00000000 211.00000000 617.00000000 0.65882353 0.41960784 0.34901961
v -29.00000000 213.00000000 623.00000000 0.60784314 0.32549020 0.27843137
v -28.00000000 214.00000000 624.00000000 0.59215686 0.30980392 0.26274510
v -27.00000000 214.00000000 625.00000000 0.66666667 0.36470588 0.33333333
v -26.00000000 213.00000000 623.00000000 0.67843137 0.38823529 0.35294118
v -25.00000000 213.00000000 622.00000000 0.70196078 0.42745098 0.38823529
v -14.00000000 213.00000000 622.00000000 0.75686275 0.49803922 0.44313725
v -13.00000000 213.00000000 623.00000000 0.77254902 0.52549020 0.46666667
v -12.00000000 214.00000000 624.00000000 0.78431373 0.53725490 0.47058824
v -8.00000000 216.00000000 632.00000000 0.76470588 0.50588235 0.44313725
v -53.00000000 208.00000000 606.00000000 0.36862745 0.25490196 0.23137255
v -52.00000000 208.00000000 606.00000000 0.39215686 0.25882353 0.22352941
v -51.00000000 208.00000000 606.00000000 0.42745098 0.25882353 0.22352941
v -48.00000000 207.00000000 604.00000000 0.47450980 0.27843137 0.24313725
v -47.00000000 207.00000000 603.00000000 0.49411765 0.28627451 0.26274510
v -46.00000000 207.00000000 603.00000000 0.49411765 0.28627451 0.27058824
v -45.00000000 207.00000000 602.00000000 0.42745098 0.23529412 0.21960784
v -44.00000000 207.00000000 602.00000000 0.41176471 0.21176471 0.19607843
v -43.00000000 207.00000000 602.00000000 0.49019608 0.28235294 0.25882353
v -39.00000000 207.00000000 604.00000000 0.67450980 0.42352941 0.37647059
v -38.00000000 207.00000000 604.00000000 0.69411765 0.42745098 0.37647059
v -37.00000000 207.00000000 604.00000000 0.73333333 0.45882353 0.41176471
v -36.00000000 208.00000000 605.00000000 0.77647059 0.50980392 0.45882353
v -35.00000000 208.00000000 606.00000000 0.78039216 0.52549020 0.45490196
v -32.00000000 210.00000000 613.00000000 0.84313725 0.60392157 0.53333333
v -26.00000000 214.00000000 623.00000000 0.65882353 0.38431373 0.34509804
v -24.00000000 213.00000000 621.00000000 0.70196078 0.42745098 0.38823529
v -23.00000000 213.00000000 620.00000000 0.69411765 0.41960784 0.38039216
v -22.00000000 213.00000000 620.00000000 0.70980392 0.43529412 0.39607843
v -21.00000000 213.00000000 620.00000000 0.70980392 0.44313725 0.40000000
v -20.00000000 213.00000000 620.00000000 0.72549020 0.45882353 0.40784314
v -16.00000000 213.00000000 620.00000000 0.74901961 0.49019608 0.43529412
v -15.00000000 213.00000000 621.00000000 0.74901961 0.49019608 0.43529412
v -10.00000000 215.00000000 627.00000000 0.78823529 0.52941176 0.46666667
v -50.00000000 208.00000000 605.00000000 0.43921569 0.25490196 0.22352941
v -49.00000000 208.00000000 605.00000000 0.45098039 0.25882353 0.23137255
v -48.00000000 208.00000000 604.00000000 0.47450980 0.27843137 0.25098039
v -47.00000000 208.00000000 603.00000000 0.47843137 0.28235294 0.25490196
v -42.00000000 207.00000000 602.00000000 0.52549020 0.30980392 0.28235294
v -41.00000000 207.00000000 602.00000000 0.51372549 0.28235294 0.25882353
v -40.00000000 207.00000000 602.00000000 0.56078431 0.32549020 0.28627451
v -39.00000000 208.00000000 603.00000000 0.62745098 0.37647059 0.32941176
v -34.00000000 209.00000000 608.00000000 0.80392157 0.55686275 0.49019608
v -28.00000000 215.00000000 623.00000000 0.56862745 0.29411765 0.24705882
v -27.00000000 215.00000000 624.00000000 0.61960784 0.32941176 0.29411765
v -25.00000000 214.00000000 622.00000000 0.67843137 0.40392157 0.36470588
v -24.00000000 214.00000000 621.00000000 0.69019608 0.41568627 0.37647059
v -19.00000000 213.00000000 619.00000000 0.71764706 0.45098039 0.40000000
v -18.00000000 213.00000000 619.00000000 0.70196078 0.43529412 0.38431373
v -17.00000000 213.00000000 619.00000000 0.73333333 0.47450980 0.41960784
v -14.00000000 214.00000000 621.00000000 0.74901961 0.49019608 0.42745098
v -13.00000000 214.00000000 621.00000000 0.76078431 0.50196078 0.43921569
v -11.00000000 215.00000000 625.00000000 0.78039216 0.52156863 0.45882353
v -9.00000000 216.00000000 628.00000000 0.77254902 0.51372549 0.45098039
v -53.00000000 209.00000000 605.00000000 0.35294118 0.24313725 0.22745098
v -52.00000000 209.00000000 605.00000000 0.38039216 0.25098039 0.22352941
v -51.00000000 209.00000000 605.00000000 0.40392157 0.25490196 0.21960784
v -49.00000000 209.00000000 604.00000000 0.43921569 0.25490196 0.23137255
v -46.00000000 208.00000000 602.00000000 0.48627451 0.28627451 0.27058824
v -43.00000000 208.00000000 601.00000000 0.49803922 0.29803922 0.28235294
v -38.00000000 208.00000000 603.00000000 0.69411765 0.43529412 0.38823529
v -37.00000000 208.00000000 603.00000000 0.73333333 0.46666667 0.41568627
v -30.00000000 213.00000000 618.00000000 0.58823529 0.34117647 0.28235294
v -26.00000000 215.00000000 623.00000000 0.61960784 0.33333333 0.29803922
v -25.00000000 215.00000000 622.00000000 0.67450980 0.40000000 0.36078431
v -24.00000000 215.00000000 621.00000000 0.68235294 0.40784314 0.36862745
v -23.00000000 214.00000000 620.00000000 0.67450980 0.40000000 0.36078431
v -22.00000000 214.00000000 620.00000000 0.68627451 0.41176471 0.37254902
v -21.00000000 214.00000000 620.00000000 0.71764706 0.45098039 0.40784314
v -20.00000000 214.00000000 620.00000000 0.74117647 0.47450980 0.43137255
v -19.00000000 214.00000000 619.00000000 0.70980392 0.44313725 0.39215686
v -18.00000000 214.00000000 619.00000000 0.69803922 0.43137255 0.38039216
v -17.00000000 214.00000000 619.00000000 0.72549020 0.46666667 0.41176471
v -16.00000000 214.00000000 619.00000000 0.73725490 0.47843137 0.42352941
v -15.00000000 214.00000000 620.00000000 0.73725490 0.47843137 0.42352941
v -10.00000000 216.00000000 625.00000000 0.79607843 0.53725490 0.47450980
v -8.00000000 217.00000000 629.00000000 0.77254902 0.51372549 0.45098039
v -7.00000000 218.00000000 632.00000000 0.76470588 0.50588235 0.44313725
v -50.00000000 209.00000000 604.00000000 0.42745098 0.25882353 0.23137255
v -48.00000000 209.00000000 603.00000000 0.45098039 0.26274510 0.24705882
v -47.00000000 209.00000000 603.00000000 0.46274510 0.27450980 0.25882353
v -46.00000000 209.00000000 602.00000000 0.48235294 0.29411765 0.27843137
v -45.00000000 208.00000000 601.00000000 0.47843137 0.29411765 0.27058824
v -44.00000000 208.00000000 601.00000000 0.42745098 0.23529412 0.21568627
v -40.00000000 208.00000000 601.00000000 0.63921569 0.41176471 0.36470588
v -35.00000000 209.00000000 604.00000000 0.79607843 0.52549020 0.46666667
v -33.00000000 210.00000000 607.00000000 0.80784314 0.54901961 0.48627451
v -32.00000000 211.00000000 610.00000000 0.82745098 0.58039216 0.51372549
v -31.00000000 212.00000000 613.00000000 0.84313725 0.60000000 0.54117647
v -29.00000000 214.00000000 619.00000000 0.53333333 0.28235294 0.23529412
v -27.00000000 216.00000000 624.00000000 0.56862745 0.29411765 0.25490196
v -26.00000000 216.00000000 623.00000000 0.63529412 0.36078431 0.32941176
v -25.00000000 216.00000000 623.00000000 0.67058824 0.39607843 0.36470588
v -23.00000000 215.00000000 620.00000000 0.65882353 0.38431373 0.34509804
v -22.00000000 215.00000000 620.00000000 0.67450980 0.40000000 0.36078431
v -14.00000000 215.00000000 620.00000000 0.74901961 0.49019608 0.42745098
v -13.00000000 215.00000000 620.00000000 0.78039216 0.52156863 0.45882353
v -12.00000000 215.00000000 621.00000000 0.77647059 0.51764706 0.45490196
v -11.00000000 216.00000000 622.00000000 0.77254902 0.51372549 0.45098039
v -52.00000000 210.00000000 604.00000000 0.35294118 0.24313725 0.22745098
v -51.00000000 210.00000000 604.00000000 0.36862745 0.24705882 0.22745098
v -48.00000000 210.00000000 603.00000000 0.44313725 0.26666667 0.24705882
v -42.00000000 208.00000000 600.00000000 0.49019608 0.28235294 0.25882353
v -41.00000000 208.00000000 600.00000000 0.52941176 0.31764706 0.27843137
v -38.00000000 209.00000000 601.00000000 0.69803922 0.44705882 0.40784314
v -36.00000000 209.00000000 602.00000000 0.74901961 0.48235294 0.43137255
v -35.00000000 210.00000000 603.00000000 0.78039216 0.50980392 0.45098039
v -34.00000000 210.00000000 605.00000000 0.80000000 0.53725490 0.47450980
v -33.00000000 211.00000000 606.00000000 0.79607843 0.53333333 0.47058824
v -24.00000000 216.00000000 621.00000000 0.64313725 0.36862745 0.33725490
v -23.00000000 216.00000000 620.00000000 0.64705882 0.37254902 0.34117647
v -22.00000000 216.00000000 620.00000000 0.66666667 0.39215686 0.36078431
v -21.00000000 215.00000000 619.00000000 0.68627451 0.41960784 0.38431373
v -20.00000000 215.00000000 619.00000000 0.72549020 0.45882353 0.41568627
v -19.00000000 215.00000000 619.00000000 0.69411765 0.42745098 0.38431373
v -18.00000000 215.00000000 619.00000000 0.69411765 0.42745098 0.38431373
v -17.00000000 215.00000000 619.00000000 0.70196078 0.44313725 0.39607843
v -16.00000000 215.00000000 619.00000000 0.73333333 0.47450980 0.42745098
v -15.00000000 215.00000000 619.00000000 0.73333333 0.48627451 0.41960784
v -14.00000000 216.00000000 620.00000000 0.74117647 0.49411765 0.42745098
v -12.00000000 216.00000000 621.00000000 0.78039216 0.52156863 0.45882353
v -9.00000000 217.00000000 625.00000000 0.77647059 0.51764706 0.45490196
v -6.00000000 219.00000000 631.00000000 0.78039216 0.51764706 0.45098039
v -50.00000000 210.00000000 604.00000000 0.40000000 0.25490196 0.22352941
v -49.00000000 210.00000000 604.00000000 0.41176471 0.25098039 0.22745098
v -45.00000000 209.00000000 601.00000000 0.48627451 0.30196078 0.27843137
v -44.00000000 209.00000000 601.00000000 0.49019608 0.29803922 0.27843137
v -43.00000000 209.00000000 601.00000000 0.46274510 0.26666667 0.23921569
v -42.00000000 209.00000000 600.00000000 0.52156863 0.30588235 0.28627451
v -41.00000000 209.00000000 600.00000000 0.53333333 0.32156863 0.28235294
v -40.00000000 209.00000000 600.00000000 0.62352941 0.38823529 0.34901961
v -39.00000000 209.00000000 601.00000000 0.69019608 0.43921569 0.40392157
v -37.00000000 209.00000000 601.00000000 0.73725490 0.47058824 0.43529412
v -31.00000000 213.00000000 611.00000000 0.83529412 0.59215686 0.53333333
v -26.00000000 217.00000000 623.00000000 0.55686275 0.29019608 0.25490196
v -25.00000000 217.00000000 623.00000000 0.64313725 0.36470588 0.34117647
v -24.00000000 217.00000000 621.00000000 0.62745098 0.34901961 0.32549020
v -13.00000000 216.00000000 620.00000000 0.79215686 0.53333333 0.47843137
v -11.00000000 217.00000000 622.00000000 0.77647059 0.51764706 0.46274510
v -10.00000000 217.00000000 623.00000000 0.78823529 0.52941176 0.46666667
v -8.00000000 218.00000000 626.00000000 0.78823529 0.52549020 0.46274510
v -49.00000000 211.00000000 603.00000000 0.40784314 0.25098039 0.21960784
v -48.00000000 211.00000000 603.00000000 0.41960784 0.26274510 0.22352941
v -47.00000000 210.00000000 602.00000000 0.45098039 0.27843137 0.24313725
v -46.00000000 210.00000000 601.00000000 0.46666667 0.27450980 0.24705882
v -45.00000000 210.00000000 600.00000000 0.49411765 0.28627451 0.25490196
v -42.00000000 210.00000000 600.00000000 0.55686275 0.33333333 0.29019608
v -40.00000000 210.00000000 600.00000000 0.63137255 0.39607843 0.35294118
v -38.00000000 210.00000000 600.00000000 0.71764706 0.44313725 0.39607843
v -37.00000000 210.00000000 600.00000000 0.72941176 0.45490196 0.40784314
v -32.00000000 212.00000000 607.00000000 0.81960784 0.57254902 0.50196078
v -29.00000000 215.00000000 616.00000000 0.43529412 0.18823529 0.12941176
v -28.00000000 216.00000000 619.00000000 0.44705882 0.19607843 0.15686275
v -23.00000000 217.00000000 620.00000000 0.61568627 0.34509804 0.31764706
v -21.00000000 216.00000000 619.00000000 0.69411765 0.42352941 0.39607843
v -20.00000000 216.00000000 619.00000000 0.68627451 0.42352941 0.39215686
v -19.00000000 216.00000000 619.00000000 0.66666667 0.41568627 0.37647059
v -18.00000000 216.00000000 619.00000000 0.68627451 0.43529412 0.39607843
v -17.00000000 216.00000000 619.00000000 0.71764706 0.46666667 0.42745098
v -16.00000000 216.00000000 619.00000000 0.72156863 0.47058824 0.43137255
v -15.00000000 216.00000000 619.00000000 0.72549020 0.47450980 0.42745098
v -9.00000000 218.00000000 623.00000000 0.78823529 0.52941176 0.46666667
v -51.00000000 211.00000000 603.00000000 0.35686275 0.24705882 0.23137255
v -50.00000000 211.00000000 603.00000000 0.38039216 0.24313725 0.21960784
v -47.00000000 211.00000000 602.00000000 0.43921569 0.27058824 0.24313725
v -44.00000000 210.00000000 600.00000000 0.49019608 0.28627451 0.24313725
v -43.00000000 210.00000000 600.00000000 0.47450980 0.26274510 0.22352941
v -41.00000000 210.00000000 600.00000000 0.59215686 0.36470588 0.31764706
v -39.00000000 210.00000000 600.00000000 0.67843137 0.41960784 0.36470588
v -36.00000000 210.00000000 600.00000000 0.73333333 0.45098039 0.39607843
v -34.00000000 211.00000000 603.00000000 0.78823529 0.54117647 0.47450980
v -30.00000000 214.00000000 611.00000000 0.82352941 0.57647059 0.50980392
v -27.00000000 217.00000000 620.00000000 0.45882353 0.20392157 0.18039216
v -25.00000000 218.00000000 622.00000000 0.60000000 0.32156863 0.30588235
v -22.00000000 217.00000000 620.00000000 0.62745098 0.35686275 0.32941176
v -21.00000000 217.00000000 619.00000000 0.67058824 0.40000000 0.37254902
v -20.00000000 217.00000000 619.00000000 0.66666667 0.40392157 0.37254902
v -19.00000000 217.00000000 618.00000000 0.67058824 0.40784314 0.37254902
v -18.00000000 217.00000000 618.00000000 0.69411765 0.43137255 0.39607843
v -17.00000000 217.00000000 618.00000000 0.70588235 0.45490196 0.40784314
v -12.00000000 217.00000000 620.00000000 0.76862745 0.51764706 0.47058824
v -10.00000000 218.00000000 622.00000000 0.78431373 0.52549020 0.47058824
v -8.00000000 219.00000000 624.00000000 0.81176471 0.55294118 0.49803922
v -7.00000000 219.00000000 625.00000000 0.81960784 0.56078431 0.50588235
v -5.00000000 220.00000000 628.00000000 0.80784314 0.55294118 0.48235294
v -4.00000000 221.00000000 631.00000000 0.81960784 0.56078431 0.49803922
v -51.00000000 212.00000000 603.00000000 0.35294118 0.23921569 0.21568627
v -50.00000000 212.00000000 603.00000000 0.37647059 0.24705882 0.21960784
v -49.00000000 212.00000000 603.00000000 0.38039216 0.25098039 0.21568627
v -48.00000000 212.00000000 603.00000000 0.40000000 0.25490196 0.22352941
v -46.00000000 211.00000000 601.00000000 0.45098039 0.28235294 0.25490196
v -45.00000000 211.00000000 600.00000000 0.48235294 0.28627451 0.25098039
v -44.00000000 211.00000000 599.00000000 0.49411765 0.28627451 0.25490196
v -43.00000000 211.00000000 599.00000000 0.48627451 0.27450980 0.23529412
v -39.00000000 211.00000000 599.00000000 0.65098039 0.40000000 0.35294118
v -38.00000000 211.00000000 599.00000000 0.68627451 0.41960784 0.36862745
v -35.00000000 211.00000000 601.00000000 0.74117647 0.47843137 0.41568627
v -33.00000000 212.00000000 603.00000000 0.80000000 0.54117647 0.47843137
v -26.00000000 218.00000000 621.00000000 0.49411765 0.24705882 0.22745098
v -24.00000000 218.00000000 621.00000000 0.57254902 0.30196078 0.27450980
v -23.00000000 218.00000000 620.00000000 0.58431373 0.31372549 0.28627451
v -22.00000000 218.00000000 620.00000000 0.61568627 0.34509804 0.31764706
v -16.00000000 217.00000000 618.00000000 0.73333333 0.47058824 0.43529412
v -15.00000000 217.00000000 618.00000000 0.73333333 0.48235294 0.44705882
v -14.00000000 217.00000000 618.00000000 0.72549020 0.47450980 0.43921569
v -13.00000000 217.00000000 618.00000000 0.73333333 0.48235294 0.44705882
v -11.00000000 218.00000000 621.00000000 0.76078431 0.50980392 0.47058824
v -6.00000000 220.00000000 626.00000000 0.82745098 0.56862745 0.51372549
v -3.00000000 222.00000000 632.00000000 0.81960784 0.56078431 0.50588235
v -47.00000000 212.00000000 601.00000000 0.41568627 0.26274510 0.23529412
v -46.00000000 212.00000000 601.00000000 0.43529412 0.27843137 0.24705882
v -42.00000000 211.00000000 599.00000000 0.54117647 0.31764706 0.29019608
v -41.00000000 211.00000000 598.00000000 0.56470588 0.34117647 0.29803922
v -40.00000000 211.00000000 598.00000000 0.61176471 0.38039216 0.32549020
v -37.00000000 211.00000000 598.00000000 0.69803922 0.42745098 0.36862745
v -36.00000000 211.00000000 599.00000000 0.73333333 0.45098039 0.39607843
v -35.00000000 212.00000000 600.00000000 0.74117647 0.47058824 0.41176471
v -32.00000000 213.00000000 605.00000000 0.82352941 0.56078431 0.49411765
v -26.00000000 219.00000000 620.00000000 0.47058824 0.23137255 0.21960784
v -25.00000000 219.00000000 622.00000000 0.55294118 0.29019608 0.26666667
v -24.00000000 219.00000000 621.00000000 0.55294118 0.29019608 0.26666667
v -23.00000000 219.00000000 621.00000000 0.57254902 0.30980392 0.27843137
v -22.00000000 219.00000000 620.00000000 0.60392157 0.34117647 0.30980392
v -21.00000000 218.00000000 618.00000000 0.65490196 0.39215686 0.36078431
v -20.00000000 218.00000000 618.00000000 0.65882353 0.39607843 0.36470588
v -19.00000000 218.00000000 618.00000000 0.65882353 0.39607843 0.36078431
v -18.00000000 218.00000000 617.00000000 0.69019608 0.42745098 0.39215686
v -17.00000000 218.00000000 617.00000000 0.71372549 0.45098039 0.41568627
v -16.00000000 218.00000000 617.00000000 0.72941176 0.46666667 0.43137255
v -12.00000000 218.00000000 619.00000000 0.75686275 0.50196078 0.47843137
v -7.00000000 220.00000000 624.00000000 0.83137255 0.57254902 0.51764706
v -5.00000000 221.00000000 626.00000000 0.82745098 0.56862745 0.51372549
v -50.00000000 213.00000000 603.00000000 0.36078431 0.23921569 0.21960784
v -49.00000000 213.00000000 603.00000000 0.38431373 0.24705882 0.22352941
v -48.00000000 213.00000000 602.00000000 0.39215686 0.23921569 0.21960784
v -47.00000000 213.00000000 601.00000000 0.41176471 0.25882353 0.23921569
v -46.00000000 213.00000000 601.00000000 0.41960784 0.25882353 0.23529412
v -45.00000000 212.00000000 600.00000000 0.46274510 0.27843137 0.25490196
v -44.00000000 212.00000000 599.00000000 0.48627451 0.29019608 0.26274510
v -37.00000000 212.00000000 598.00000000 0.68627451 0.41176471 0.36470588
v -34.00000000 212.00000000 600.00000000 0.75294118 0.47058824 0.41568627
v -27.00000000 218.00000000 617.00000000 0.40784314 0.17647059 0.15294118
v -25.00000000 220.00000000 622.00000000 0.52156863 0.27450980 0.25490196
v -24.00000000 220.00000000 622.00000000 0.51372549 0.25882353 0.24313725
v -15.00000000 218.00000000 617.00000000 0.72156863 0.47058824 0.43529412
v -14.00000000 218.00000000 617.00000000 0.72941176 0.47843137 0.44313725
v -13.00000000 218.00000000 617.00000000 0.73725490 0.48235294 0.45882353
v -10.00000000 219.00000000 620.00000000 0.79215686 0.54117647 0.50588235
v -9.00000000 219.00000000 620.00000000 0.81176471 0.55294118 0.50588235
v -6.00000000 221.00000000 625.00000000 0.83921569 0.58039216 0.52549020
v -4.00000000 222.00000000 628.00000000 0.82745098 0.56862745 0.51372549
v -50.00000000 214.00000000 602.00000000 0.35294118 0.23137255 0.21960784
v -45.00000000 213.00000000 600.00000000 0.45882353 0.26666667 0.24705882
v -44.00000000 213.00000000 599.00000000 0.47450980 0.27843137 0.25098039
v -43.00000000 212.00000000 598.00000000 0.43529412 0.22745098 0.19607843
v -42.00000000 212.00000000 598.00000000 0.44705882 0.22352941 0.19607843
v -41.00000000 212.00000000 598.00000000 0.50588235 0.28235294 0.24705882
v -40.00000000 212.00000000 597.00000000 0.60784314 0.37254902 0.32941176
v -38.00000000 212.00000000 598.00000000 0.67058824 0.40392157 0.36078431
v -36.00000000 212.00000000 598.00000000 0.70588235 0.42352941 0.37647059
v -33.00000000 213.00000000 601.00000000 0.79215686 0.50980392 0.45490196
v -31.00000000 214.00000000 604.00000000 0.80784314 0.54901961 0.48627451
v -30.00000000 215.00000000 607.00000000 0.80392157 0.56078431 0.50196078
v -28.00000000 217.00000000 612.00000000 0.56078431 0.32549020 0.28627451
v -24.00000000 221.00000000 622.00000000 0.48627451 0.23921569 0.21960784
v -23.00000000 220.00000000 621.00000000 0.53725490 0.29019608 0.27058824
v -22.00000000 220.00000000 620.00000000 0.57254902 0.32549020 0.30588235
v -21.00000000 219.00000000 618.00000000 0.61568627 0.36078431 0.33725490
v -20.00000000 219.00000000 618.00000000 0.63529412 0.37254902 0.34901961
v -19.00000000 219.00000000 618.00000000 0.63921569 0.37647059 0.35294118
v -18.00000000 219.00000000 617.00000000 0.68627451 0.42352941 0.40000000
v -17.00000000 219.00000000 617.00000000 0.71372549 0.44313725 0.41568627
v -16.00000000 219.00000000 617.00000000 0.71764706 0.44705882 0.41960784
v -15.00000000 219.00000000 617.00000000 0.72549020 0.47450980 0.43921569
v -14.00000000 219.00000000 617.00000000 0.72941176 0.47843137 0.44313725
v -13.00000000 219.00000000 617.00000000 0.73725490 0.48627451 0.45098039
v -12.00000000 219.00000000 618.00000000 0.74509804 0.49411765 0.45882353
v -11.00000000 219.00000000 618.00000000 0.76470588 0.51372549 0.47843137
v -8.00000000 220.00000000 621.00000000 0.82745098 0.56862745 0.51372549
v -7.00000000 221.00000000 622.00000000 0.83137255 0.57254902 0.51764706
v -5.00000000 222.00000000 625.00000000 0.84313725 0.58431373 0.52941176
v -4.00000000 223.00000000 627.00000000 0.85098039 0.59215686 0.53725490
v -3.00000000 223.00000000 629.00000000 0.85490196 0.59607843 0.54117647
v -2.00000000 224.00000000 632.00000000 0.80000000 0.54117647 0.48627451
v -49.00000000 214.00000000 602.00000000 0.38431373 0.23529412 0.22352941
v -48.00000000 214.00000000 602.00000000 0.36470588 0.19215686 0.18823529
v -47.00000000 214.00000000 601.00000000 0.42745098 0.23921569 0.23921569
v -46.00000000 214.00000000 601.00000000 0.43529412 0.23921569 0.23529412
v -39.00000000 212.00000000 597.00000000 0.65098039 0.40000000 0.36470588
v -35.00000000 213.00000000 599.00000000 0.73725490 0.44705882 0.40392157
v -34.00000000 213.00000000 599.00000000 0.76470588 0.47450980 0.43137255
v -26.00000000 220.00000000 619.00000000 0.40392157 0.18039216 0.15294118
v -23.00000000 221.00000000 622.00000000 0.52941176 0.28235294 0.26274510
v -22.00000000 221.00000000 620.00000000 0.56862745 0.32156863 0.30196078
v -21.00000000 220.00000000 618.00000000 0.60392157 0.34901961 0.32549020
v -20.00000000 220.00000000 618.00000000 0.62352941 0.36078431 0.32941176
v -19.00000000 220.00000000 618.00000000 0.66274510 0.39215686 0.37254902
v -12.00000000 220.00000000 618.00000000 0.74901961 0.49803922 0.45882353
v -11.00000000 220.00000000 618.00000000 0.76862745 0.51764706 0.47843137
v -10.00000000 220.00000000 619.00000000 0.78039216 0.52941176 0.48235294
v -9.00000000 220.00000000 619.00000000 0.80000000 0.54901961 0.50196078
v -50.00000000 215.00000000 601.00000000 0.35294118 0.23137255 0.22352941
v -43.00000000 213.00000000 598.00000000 0.49803922 0.29019608 0.25882353
v -42.00000000 213.00000000 597.00000000 0.45882353 0.23529412 0.20000000
v -41.00000000 213.00000000 597.00000000 0.60000000 0.36470588 0.32549020
v -40.00000000 213.00000000 597.00000000 0.61960784 0.38431373 0.34509804
v -39.00000000 213.00000000 597.00000000 0.64313725 0.39215686 0.35294118
v -36.00000000 213.00000000 597.00000000 0.66274510 0.38823529 0.34117647
v -32.00000000 214.00000000 600.00000000 0.80784314 0.53725490 0.47843137
v -29.00000000 216.00000000 606.00000000 0.80392157 0.56078431 0.50980392
v -27.00000000 219.00000000 614.00000000 0.35294118 0.12941176 0.09411765
v -25.00000000 221.00000000 619.00000000 0.41176471 0.18823529 0.15294118
v -23.00000000 222.00000000 622.00000000 0.51372549 0.27450980 0.25490196
v -22.00000000 222.00000000 621.00000000 0.55686275 0.31764706 0.29803922
v -21.00000000 221.00000000 619.00000000 0.59607843 0.34117647 0.31764706
v -20.00000000 221.00000000 618.00000000 0.60784314 0.35686275 0.32156863
v -18.00000000 220.00000000 617.00000000 0.68627451 0.41568627 0.38823529
v -17.00000000 220.00000000 616.00000000 0.71372549 0.43529412 0.41176471
v -16.00000000 220.00000000 616.00000000 0.71764706 0.44313725 0.41176471
v -15.00000000 220.00000000 617.00000000 0.72156863 0.47058824 0.43529412
v -14.00000000 220.00000000 617.00000000 0.71372549 0.46666667 0.43137255
v -13.00000000 220.00000000 617.00000000 0.74117647 0.49803922 0.45490196
v -8.00000000 221.00000000 620.00000000 0.82745098 0.57647059 0.52941176
v -6.00000000 222.00000000 623.00000000 0.84313725 0.59607843 0.53725490
v -48.00000000 215.00000000 601.00000000 0.36862745 0.17647059 0.16078431
v -45.00000000 214.00000000 599.00000000 0.48235294 0.25490196 0.23921569
v -44.00000000 214.00000000 598.00000000 0.49411765 0.26666667 0.25098039
v -38.00000000 213.00000000 596.00000000 0.59607843 0.32941176 0.28627451
v -37.00000000 213.00000000 596.00000000 0.58823529 0.32156863 0.27843137
v -33.00000000 214.00000000 599.00000000 0.68627451 0.41176471 0.37254902
v -31.00000000 215.00000000 601.00000000 0.79215686 0.52156863 0.46274510
v -24.00000000 222.00000000 621.00000000 0.43921569 0.21568627 0.18823529
v -21.00000000 222.00000000 619.00000000 0.60000000 0.32941176 0.30980392
v -20.00000000 222.00000000 619.00000000 0.62352941 0.35294118 0.32549020
v -19.00000000 221.00000000 618.00000000 0.63921569 0.36078431 0.33725490
v -18.00000000 221.00000000 617.00000000 0.68235294 0.40392157 0.38039216
v -12.00000000 221.00000000 618.00000000 0.76862745 0.50980392 0.46274510
v -11.00000000 221.00000000 618.00000000 0.75686275 0.51372549 0.47058824
v -10.00000000 221.00000000 618.00000000 0.76470588 0.52156863 0.47843137
v -9.00000000 221.00000000 618.00000000 0.78039216 0.54901961 0.49411765
v -7.00000000 222.00000000 620.00000000 0.81960784 0.57647059 0.51764706
v -4.00000000 224.00000000 625.00000000 0.85882353 0.59215686 0.54117647
v -3.00000000 224.00000000 626.00000000 0.86274510 0.59607843 0.54509804
v -2.00000000 225.00000000 629.00000000 0.86274510 0.59607843 0.54509804
v -49.00000000 215.00000000 600.00000000 0.38039216 0.23137255 0.22745098
v -47.00000000 215.00000000 600.00000000 0.38431373 0.18431373 0.16862745
v -46.00000000 215.00000000 600.00000000 0.40392157 0.19607843 0.18039216
v -45.00000000 215.00000000 598.00000000 0.47843137 0.25098039 0.23529412
v -44.00000000 215.00000000 598.00000000 0.49803922 0.27450980 0.24705882
v -43.00000000 214.00000000 597.00000000 0.51764706 0.29411765 0.26666667
v -42.00000000 214.00000000 596.00000000 0.44705882 0.23137255 0.20392157
v -41.00000000 214.00000000 596.00000000 0.46666667 0.25490196 0.21568627
v -40.00000000 214.00000000 596.00000000 0.52156863 0.29803922 0.25490196
v -39.00000000 214.00000000 596.00000000 0.54509804 0.30980392 0.27058824
v -38.00000000 214.00000000 596.00000000 0.56862745 0.30588235 0.27058824
v -37.00000000 214.00000000 596.00000000 0.57254902 0.31372549 0.26666667
v -36.00000000 214.00000000 596.00000000 0.56470588 0.29019608 0.25882353
v -35.00000000 214.00000000 597.00000000 0.53725490 0.26274510 0.22352941
v -34.00000000 214.00000000 597.00000000 0.59215686 0.31764706 0.27843137
v -28.00000000 218.00000000 607.00000000 0.82745098 0.58431373 0.54117647
v -23.00000000 223.00000000 621.00000000 0.46666667 0.22745098 0.20784314
v -22.00000000 223.00000000 621.00000000 0.54901961 0.29411765 0.27843137
v -17.00000000 221.00000000 616.00000000 0.69803922 0.42352941 0.39215686
v -16.00000000 221.00000000 616.00000000 0.72156863 0.44705882 0.41568627
v -15.00000000 221.00000000 616.00000000 0.73725490 0.46274510 0.43137255
v -14.00000000 221.00000000 616.00000000 0.74509804 0.47058824 0.43921569
v -13.00000000 221.00000000 616.00000000 0.75686275 0.49019608 0.44705882
v -9.00000000 222.00000000 618.00000000 0.77254902 0.54117647 0.48627451
v -8.00000000 222.00000000 619.00000000 0.81960784 0.57647059 0.51764706
v -7.00000000 223.00000000 620.00000000 0.83137255 0.58431373 0.52549020
v -6.00000000 223.00000000 621.00000000 0.85490196 0.59607843 0.54117647
v -5.00000000 223.00000000 622.00000000 0.85490196 0.59607843 0.54117647
v -1.00000000 226.00000000 630.00000000 0.86666667 0.60000000 0.54901961
v -49.00000000 216.00000000 599.00000000 0.36862745 0.21960784 0.21568627
v -47.00000000 216.00000000 600.00000000 0.36078431 0.16078431 0.14901961
v -43.00000000 215.00000000 597.00000000 0.49803922 0.27450980 0.23921569
v -42.00000000 215.00000000 596.00000000 0.43921569 0.21568627 0.18039216
v -41.00000000 215.00000000 596.00000000 0.38431373 0.16078431 0.12549020
v -32.00000000 215.00000000 598.00000000 0.75686275 0.47450980 0.41960784
v -30.00000000 216.00000000 601.00000000 0.77647059 0.50588235 0.44313725
v -25.00000000 222.00000000 617.00000000 0.38431373 0.16078431 0.13333333
v -24.00000000 223.00000000 620.00000000 0.41960784 0.18823529 0.16470588
v -22.00000000 224.00000000 621.00000000 0.52941176 0.27450980 0.25098039
v -21.00000000 223.00000000 619.00000000 0.58039216 0.30980392 0.29019608
v -20.00000000 223.00000000 619.00000000 0.60784314 0.33725490 0.30980392
v -19.00000000 222.00000000 617.00000000 0.65098039 0.37647059 0.34509804
v -18.00000000 222.00000000 616.00000000 0.66666667 0.39215686 0.36078431
v -17.00000000 222.00000000 616.00000000 0.67450980 0.40000000 0.36862745
v -16.00000000 222.00000000 616.00000000 0.71764706 0.45098039 0.41568627
v -15.00000000 222.00000000 616.00000000 0.73333333 0.46666667 0.43137255
v -14.00000000 222.00000000 616.00000000 0.74901961 0.48235294 0.43921569
v -13.00000000 222.00000000 616.00000000 0.76862745 0.50980392 0.46274510
v -12.00000000 222.00000000 617.00000000 0.76862745 0.51764706 0.47058824
v -11.00000000 222.00000000 617.00000000 0.75686275 0.50588235 0.45882353
v -10.00000000 222.00000000 617.00000000 0.75686275 0.52549020 0.47058824
v -8.00000000 223.00000000 619.00000000 0.81960784 0.57647059 0.51764706
v -6.00000000 224.00000000 621.00000000 0.85098039 0.59215686 0.53725490
v -3.00000000 225.00000000 625.00000000 0.85882353 0.60000000 0.54509804
v -2.00000000 226.00000000 628.00000000 0.87450980 0.61568627 0.56078431
v -48.00000000 216.00000000 599.00000000 0.36078431 0.18823529 0.18431373
v -46.00000000 216.00000000 599.00000000 0.40000000 0.18431373 0.17254902
v -45.00000000 216.00000000 598.00000000 0.47450980 0.24313725 0.22745098
v -40.00000000 215.00000000 595.00000000 0.47058824 0.23921569 0.20784314
v -39.00000000 215.00000000 595.00000000 0.45882353 0.22352941 0.19215686
v -38.00000000 215.00000000 595.00000000 0.45882353 0.21176471 0.18431373
v -37.00000000 215.00000000 595.00000000 0.49803922 0.24705882 0.21176471
v -36.00000000 215.00000000 595.00000000 0.61176471 0.34509804 0.30980392
v -35.00000000 215.00000000 595.00000000 0.63137255 0.35686275 0.31764706
v -34.00000000 215.00000000 596.00000000 0.69803922 0.41568627 0.36078431
v -33.00000000 215.00000000 596.00000000 0.71372549 0.43137255 0.37647059
v -31.00000000 216.00000000 599.00000000 0.76470588 0.48235294 0.42352941
v -29.00000000 217.00000000 602.00000000 0.81568627 0.54901961 0.49803922
v -23.00000000 224.00000000 620.00000000 0.44313725 0.20392157 0.18431373
v -21.00000000 224.00000000 619.00000000 0.56862745 0.29803922 0.27843137
v -19.00000000 223.00000000 617.00000000 0.63921569 0.36470588 0.33333333
v -18.00000000 223.00000000 616.00000000 0.65490196 0.38039216 0.34901961
v -17.00000000 223.00000000 616.00000000 0.69019608 0.42352941 0.38823529
v -16.00000000 223.00000000 616.00000000 0.71372549 0.44705882 0.41176471
v -15.00000000 223.00000000 616.00000000 0.72549020 0.45882353 0.42352941
v -13.00000000 223.00000000 616.00000000 0.74509804 0.48627451 0.43921569
v -12.00000000 223.00000000 617.00000000 0.76078431 0.50980392 0.46274510
v -11.00000000 223.00000000 617.00000000 0.75294118 0.50196078 0.45490196
v -10.00000000 223.00000000 617.00000000 0.75686275 0.52549020 0.47058824
v -9.00000000 223.00000000 618.00000000 0.77254902 0.54117647 0.47843137
v -5.00000000 224.00000000 621.00000000 0.84705882 0.58823529 0.53333333
v -4.00000000 225.00000000 624.00000000 0.83529412 0.58823529 0.52941176
v -1.00000000 227.00000000 629.00000000 0.83529412 0.58823529 0.52941176
v -45.00000000 217.00000000 598.00000000 0.45882353 0.23137255 0.22352941
v -44.00000000 216.00000000 597.00000000 0.46666667 0.23529412 0.21960784
v -43.00000000 216.00000000 596.00000000 0.48235294 0.25098039 0.23529412
v -32.00000000 216.00000000 597.00000000 0.78039216 0.49411765 0.43529412
v -21.00000000 225.00000000 620.00000000 0.55294118 0.29019608 0.26666667
v -20.00000000 224.00000000 619.00000000 0.58431373 0.31372549 0.28627451
v -19.00000000 224.00000000 618.00000000 0.63137255 0.35686275 0.32549020
v -14.00000000 223.00000000 616.00000000 0.74117647 0.47450980 0.43137255
v -8.00000000 224.00000000 619.00000000 0.82352941 0.58039216 0.52156863
v -7.00000000 224.00000000 619.00000000 0.83529412 0.59215686 0.53333333
v -6.00000000 225.00000000 620.00000000 0.84705882 0.60000000 0.54117647
v -3.00000000 226.00000000 624.00000000 0.83921569 0.59215686 0.53333333
v -2.00000000 227.00000000 627.00000000 0.86274510 0.61568627 0.55686275
v -48.00000000 217.00000000 598.00000000 0.38039216 0.19215686 0.17647059
v -47.00000000 217.00000000 598.00000000 0.38431373 0.19215686 0.17647059
v -46.00000000 217.00000000 598.00000000 0.38823529 0.19607843 0.17647059
v -44.00000000 217.00000000 597.00000000 0.44705882 0.23137255 0.21960784
v -42.00000000 216.00000000 595.00000000 0.47058824 0.26274510 0.23921569
v -41.00000000 216.00000000 595.00000000 0.42352941 0.20784314 0.18039216
v -38.00000000 216.00000000 594.00000000 0.47450980 0.24313725 0.21176471
v -37.00000000 216.00000000 594.00000000 0.56078431 0.32549020 0.29411765
v -36.00000000 216.00000000 594.00000000 0.61568627 0.36470588 0.32941176
v -30.00000000 217.00000000 598.00000000 0.78039216 0.49411765 0.43529412
v -26.00000000 221.00000000 609.00000000 0.56862745 0.34509804 0.30196078
v -22.00000000 225.00000000 620.00000000 0.48627451 0.23137255 0.20784314
v -20.00000000 225.00000000 619.00000000 0.56862745 0.29803922 0.27058824
v -18.00000000 224.00000000 617.00000000 0.65098039 0.37647059 0.34509804
v -17.00000000 224.00000000 616.00000000 0.66666667 0.40000000 0.36470588
v -16.00000000 224.00000000 616.00000000 0.69803922 0.43137255 0.38823529
v -15.00000000 224.00000000 616.00000000 0.70980392 0.44313725 0.40000000
v -14.00000000 224.00000000 616.00000000 0.73725490 0.47058824 0.42745098
v -13.00000000 224.00000000 616.00000000 0.73333333 0.47450980 0.42745098
v -12.00000000 224.00000000 617.00000000 0.72941176 0.48627451 0.43529412
v -11.00000000 224.00000000 617.00000000 0.72941176 0.48627451 0.43529412
v -10.00000000 224.00000000 617.00000000 0.75294118 0.52156863 0.46666667
v -9.00000000 224.00000000 617.00000000 0.76078431 0.52941176 0.46666667
v -5.00000000 225.00000000 620.00000000 0.85490196 0.59607843 0.54117647
v -4.00000000 226.00000000 623.00000000 0.85882353 0.61176471 0.55294118
v -1.00000000 228.00000000 628.00000000 0.85098039 0.60392157 0.54509804
v -48.00000000 218.00000000 597.00000000 0.36470588 0.18823529 0.17647059
v -47.00000000 218.00000000 597.00000000 0.36470588 0.17647059 0.16862745
v -43.00000000 217.00000000 596.00000000 0.46274510 0.25490196 0.23921569
v -40.00000000 216.00000000 594.00000000 0.44313725 0.21960784 0.18431373
v -39.00000000 216.00000000 594.00000000 0.47058824 0.23921569 0.20784314
v -35.00000000 216.00000000 594.00000000 0.65098039 0.37647059 0.33725490
v -34.00000000 216.00000000 594.00000000 0.67450980 0.39215686 0.34509804
v -33.00000000 216.00000000 594.00000000 0.70588235 0.41960784 0.36078431
v -29.00000000 218.00000000 599.00000000 0.80000000 0.52941176 0.46666667
v -28.00000000 219.00000000 602.00000000 0.83529412 0.57647059 0.52156863
v -23.00000000 225.00000000 618.00000000 0.41176471 0.18039216 0.14901961
v -21.00000000 226.00000000 620.00000000 0.52549020 0.26274510 0.23137255
v -20.00000000 226.00000000 619.00000000 0.55686275 0.28627451 0.25882353
v -19.00000000 225.00000000 618.00000000 0.61960784 0.34509804 0.31372549
v -18.00000000 225.00000000 617.00000000 0.64313725 0.36862745 0.33725490
v -17.00000000 225.00000000 616.00000000 0.65882353 0.39215686 0.34901961
v -15.00000000 225.00000000 616.00000000 0.69803922 0.43137255 0.38823529
v -14.00000000 225.00000000 616.00000000 0.73333333 0.45882353 0.41960784
v -13.00000000 225.00000000 616.00000000 0.72941176 0.47058824 0.42352941
v -12.00000000 225.00000000 616.00000000 0.73333333 0.49019608 0.43921569
v -11.00000000 225.00000000 616.00000000 0.73333333 0.49019608 0.43921569
v -10.00000000 225.00000000 616.00000000 0.75686275 0.51372549 0.45490196
v -9.00000000 225.00000000 617.00000000 0.77647059 0.54509804 0.48235294
v -8.00000000 225.00000000 618.00000000 0.79607843 0.56470588 0.50196078
v -7.00000000 225.00000000 618.00000000 0.80392157 0.57254902 0.50980392
v -3.00000000 227.00000000 623.00000000 0.85490196 0.60784314 0.54901961
v -2.00000000 228.00000000 626.00000000 0.85882353 0.61176471 0.55294118
v -1.00000000 229.00000000 628.00000000 0.85882353 0.61568627 0.55686275
v -45.00000000 218.00000000 597.00000000 0.41176471 0.20392157 0.18823529
v -44.00000000 218.00000000 596.00000000 0.44705882 0.23921569 0.22352941
v -42.00000000 217.00000000 594.00000000 0.47843137 0.27058824 0.25490196
v -41.00000000 217.00000000 594.00000000 0.47058824 0.25490196 0.22745098
v -34.00000000 217.00000000 593.00000000 0.67843137 0.39607843 0.34117647
v -32.00000000 217.00000000 594.00000000 0.74509804 0.45882353 0.39215686
v -31.00000000 217.00000000 595.00000000 0.77254902 0.48627451 0.41960784
v -27.00000000 220.00000000 603.00000000 0.81960784 0.58039216 0.50980392
v -22.00000000 226.00000000 619.00000000 0.45490196 0.20784314 0.18039216
v -19.00000000 226.00000000 618.00000000 0.60392157 0.32941176 0.29803922
v -16.00000000 225.00000000 616.00000000 0.67843137 0.41176471 0.36862745
v -6.00000000 226.00000000 619.00000000 0.85098039 0.60392157 0.54509804
v -5.00000000 226.00000000 619.00000000 0.85490196 0.60784314 0.54117647
v -4.00000000 227.00000000 622.00000000 0.85098039 0.60392157 0.54509804
v -2.00000000 229.00000000 626.00000000 0.86274510 0.61568627 0.55686275
v -1.00000000 230.00000000 628.00000000 0.86274510 0.61960784 0.56078431
v -46.00000000 218.00000000 596.00000000 0.36862745 0.17647059 0.16078431
v -43.00000000 218.00000000 595.00000000 0.46666667 0.25882353 0.23529412
v -42.00000000 218.00000000 594.00000000 0.47843137 0.25490196 0.22745098
v -40.00000000 217.00000000 593.00000000 0.41176471 0.17647059 0.14509804
v -39.00000000 217.00000000 593.00000000 0.55686275 0.30196078 0.27843137
v -38.00000000 217.00000000 593.00000000 0.60000000 0.33725490 0.30588235
v -37.00000000 217.00000000 593.00000000 0.60392157 0.33725490 0.30196078
v -36.00000000 217.00000000 593.00000000 0.63137255 0.36470588 0.32941176
v -35.00000000 217.00000000 593.00000000 0.65882353 0.38431373 0.33725490
v -33.00000000 217.00000000 593.00000000 0.70196078 0.41960784 0.36470588
v -31.00000000 218.00000000 594.00000000 0.76078431 0.48235294 0.41176471
v -30.00000000 218.00000000 596.00000000 0.79607843 0.51764706 0.44705882
v -24.00000000 224.00000000 612.00000000 0.39607843 0.17254902 0.12941176
v -21.00000000 227.00000000 619.00000000 0.47058824 0.22352941 0.20392157
v -20.00000000 227.00000000 619.00000000 0.54117647 0.27450980 0.26274510
v -19.00000000 227.00000000 618.00000000 0.59607843 0.32549020 0.30588235
v -18.00000000 226.00000000 617.00000000 0.61960784 0.34117647 0.32549020
v -17.00000000 226.00000000 616.00000000 0.67058824 0.38431373 0.35686275
v -16.00000000 226.00000000 616.00000000 0.67843137 0.40392157 0.36470588
v -15.00000000 226.00000000 616.00000000 0.69803922 0.42352941 0.38431373
v -14.00000000 226.00000000 616.00000000 0.73725490 0.45098039 0.41568627
v -13.00000000 226.00000000 616.00000000 0.74117647 0.46666667 0.42745098
v -11.00000000 226.00000000 616.00000000 0.75294118 0.49411765 0.44705882
v -10.00000000 226.00000000 616.00000000 0.76078431 0.51764706 0.45882353
v -9.00000000 226.00000000 616.00000000 0.76078431 0.52941176 0.46666667
v -8.00000000 226.00000000 617.00000000 0.78431373 0.55294118 0.49019608
v -7.00000000 226.00000000 617.00000000 0.80000000 0.56862745 0.50588235
v -5.00000000 227.00000000 619.00000000 0.85098039 0.61176471 0.54117647
v -3.00000000 228.00000000 623.00000000 0.85098039 0.61176471 0.53725490
v -45.00000000 219.00000000 596.00000000 0.40392157 0.21176471 0.18431373
v -41.00000000 218.00000000 593.00000000 0.52156863 0.29803922 0.26274510
v -40.00000000 218.00000000 593.00000000 0.41176471 0.18431373 0.14117647
v -33.00000000 218.00000000 592.00000000 0.70980392 0.42745098 0.36862745
v -32.00000000 218.00000000 593.00000000 0.75686275 0.47058824 0.40392157
v -30.00000000 219.00000000 595.00000000 0.75686275 0.47843137 0.40784314
v -29.00000000 219.00000000 597.00000000 0.79607843 0.52941176 0.45490196
v -22.00000000 227.00000000 618.00000000 0.43137255 0.19215686 0.17254902
v -20.00000000 228.00000000 619.00000000 0.52549020 0.27058824 0.25490196
v -18.00000000 227.00000000 617.00000000 0.60392157 0.33333333 0.30588235
v -17.00000000 227.00000000 617.00000000 0.65490196 0.38039216 0.34901961
v -12.00000000 226.00000000 616.00000000 0.75686275 0.49019608 0.44705882
v -8.00000000 227.00000000 617.00000000 0.78823529 0.54509804 0.48627451
v -7.00000000 227.00000000 617.00000000 0.83529412 0.59215686 0.53333333
v -6.00000000 227.00000000 618.00000000 0.84313725 0.60000000 0.54117647
v -4.00000000 228.00000000 621.00000000 0.83921569 0.60784314 0.53725490
v -47.00000000 219.00000000 595.00000000 0.37647059 0.23137255 0.20784314
v -46.00000000 219.00000000 595.00000000 0.38039216 0.21176471 0.18823529
v -45.00000000 220.00000000 596.00000000 0.39607843 0.21176471 0.18039216
v -44.00000000 219.00000000 595.00000000 0.44313725 0.24705882 0.21176471
v -43.00000000 219.00000000 594.00000000 0.46274510 0.25490196 0.22352941
v -41.00000000 219.00000000 593.00000000 0.52549020 0.30196078 0.26666667
v -39.00000000 218.00000000 592.00000000 0.50196078 0.25490196 0.21960784
v -21.00000000 228.00000000 618.00000000 0.42352941 0.19215686 0.17647059
v -19.00000000 228.00000000 618.00000000 0.53725490 0.28235294 0.26666667
v -16.00000000 227.00000000 617.00000000 0.67450980 0.39215686 0.34509804
v -15.00000000 227.00000000 616.00000000 0.69803922 0.41568627 0.36862745
v -14.00000000 227.00000000 616.00000000 0.72549020 0.43529412 0.40000000
v -6.00000000 228.00000000 618.00000000 0.83921569 0.59607843 0.53725490
v -5.00000000 228.00000000 619.00000000 0.84705882 0.60000000 0.54117647
v -4.00000000 229.00000000 621.00000000 0.83529412 0.60392157 0.54117647
v -3.00000000 229.00000000 622.00000000 0.84705882 0.61568627 0.55294118
v -2.00000000 230.00000000 625.00000000 0.85098039 0.60784314 0.54901961
v -1.00000000 231.00000000 627.00000000 0.85882353 0.61176471 0.55294118
v -47.00000000 220.00000000 595.00000000 0.37254902 0.23529412 0.21176471
v -46.00000000 220.00000000 595.00000000 0.39215686 0.21568627 0.19215686
v -44.00000000 220.00000000 595.00000000 0.44313725 0.24705882 0.21176471
v -43.00000000 220.00000000 594.00000000 0.45098039 0.25490196 0.21960784
v -42.00000000 219.00000000 593.00000000 0.48627451 0.27450980 0.23529412
v -40.00000000 219.00000000 592.00000000 0.44313725 0.21568627 0.17254902
v -39.00000000 219.00000000 592.00000000 0.45098039 0.20392157 0.16862745
v -38.00000000 218.00000000 591.00000000 0.49803922 0.25490196 0.21176471
v -37.00000000 218.00000000 591.00000000 0.54901961 0.29019608 0.24313725
v -36.00000000 218.00000000 591.00000000 0.61176471 0.35294118 0.30588235
v -35.00000000 218.00000000 591.00000000 0.62745098 0.35294118 0.31372549
v -34.00000000 218.00000000 591.00000000 0.63921569 0.36862745 0.30980392
v -33.00000000 219.00000000 592.00000000 0.67058824 0.38431373 0.32549020
v -32.00000000 219.00000000 592.00000000 0.69411765 0.40784314 0.34117647
v -28.00000000 220.00000000 596.00000000 0.83137255 0.56862745 0.50196078
v -27.00000000 221.00000000 599.00000000 0.82745098 0.58039216 0.51372549
v -25.00000000 223.00000000 604.00000000 0.85882353 0.62352941 0.58039216
v -19.00000000 229.00000000 618.00000000 0.52156863 0.27450980 0.25490196
v -18.00000000 228.00000000 617.00000000 0.58823529 0.31764706 0.29803922
v -17.00000000 228.00000000 616.00000000 0.65098039 0.36470588 0.33725490
v -16.00000000 228.00000000 616.00000000 0.67058824 0.38823529 0.34117647
v -13.00000000 227.00000000 615.00000000 0.74901961 0.46274510 0.42745098
v -12.00000000 227.00000000 615.00000000 0.74509804 0.47843137 0.43529412
v -11.00000000 227.00000000 615.00000000 0.74117647 0.47450980 0.43137255
v -10.00000000 227.00000000 615.00000000 0.76862745 0.51764706 0.47058824
v -9.00000000 227.00000000 615.00000000 0.76470588 0.53333333 0.47058824
v -46.00000000 221.00000000 595.00000000 0.39215686 0.21568627 0.19607843
v -31.00000000 219.00000000 592.00000000 0.74509804 0.44705882 0.38431373
v -20.00000000 229.00000000 618.00000000 0.47058824 0.23921569 0.22352941
v -18.00000000 229.00000000 618.00000000 0.58823529 0.31764706 0.29803922
v -17.00000000 229.00000000 617.00000000 0.65098039 0.35686275 0.33333333
v -15.00000000 228.00000000 616.00000000 0.69411765 0.39215686 0.36078431
v -14.00000000 228.00000000 616.00000000 0.72156863 0.43137255 0.39607843
v -13.00000000 228.00000000 615.00000000 0.74117647 0.46666667 0.42745098
v -12.00000000 228.00000000 615.00000000 0.74509804 0.48627451 0.43921569
v -11.00000000 228.00000000 615.00000000 0.74117647 0.48235294 0.43529412
v -10.00000000 228.00000000 615.00000000 0.76078431 0.51764706 0.46666667
v -9.00000000 228.00000000 615.00000000 0.76470588 0.53333333 0.47058824
v -8.00000000 228.00000000 616.00000000 0.77647059 0.54509804 0.48235294
v -7.00000000 228.00000000 616.00000000 0.80392157 0.57254902 0.50980392
v -6.00000000 229.00000000 617.00000000 0.84313725 0.60000000 0.54117647
v -5.00000000 229.00000000 618.00000000 0.84705882 0.60392157 0.54509804
v -4.00000000 230.00000000 620.00000000 0.84313725 0.60000000 0.54901961
v -3.00000000 230.00000000 621.00000000 0.84705882 0.60392157 0.55294118
v -2.00000000 231.00000000 624.00000000 0.84705882 0.60000000 0.54117647
v -1.00000000 232.00000000 626.00000000 0.84705882 0.60000000 0.53333333
v -47.00000000 221.00000000 594.00000000 0.35294118 0.21960784 0.21176471
v -45.00000000 221.00000000 595.00000000 0.41568627 0.22352941 0.19607843
v -44.00000000 221.00000000 594.00000000 0.43137255 0.23529412 0.20000000
v -43.00000000 221.00000000 594.00000000 0.44705882 0.25098039 0.21568627
v -42.00000000 220.00000000 593.00000000 0.49803922 0.28627451 0.24705882
v -41.00000000 220.00000000 592.00000000 0.51764706 0.29411765 0.25882353
v -39.00000000 220.00000000 591.00000000 0.43529412 0.18823529 0.15294118
v -38.00000000 219.00000000 590.00000000 0.57254902 0.32156863 0.28235294
v -37.00000000 219.00000000 590.00000000 0.59607843 0.33725490 0.29019608
v -36.00000000 219.00000000 590.00000000 0.60784314 0.34117647 0.29803922
v -35.00000000 219.00000000 590.00000000 0.62745098 0.35294118 0.31372549
v -34.00000000 219.00000000 590.00000000 0.66666667 0.38431373 0.32941176
v -30.00000000 220.00000000 593.00000000 0.78039216 0.48627451 0.41176471
v -29.00000000 220.00000000 593.00000000 0.78431373 0.49803922 0.42352941
v -26.00000000 222.00000000 598.00000000 0.83137255 0.57254902 0.51764706
v -18.00000000 230.00000000 618.00000000 0.58039216 0.31764706 0.29411765
v -16.00000000 229.00000000 617.00000000 0.65098039 0.36078431 0.32549020
v -15.00000000 229.00000000 616.00000000 0.67843137 0.37647059 0.34509804
v -14.00000000 229.00000000 616.00000000 0.71372549 0.42352941 0.38823529
v -13.00000000 229.00000000 615.00000000 0.73333333 0.45882353 0.41960784
v -12.00000000 229.00000000 615.00000000 0.74117647 0.48235294 0.43529412
v -11.00000000 229.00000000 615.00000000 0.74117647 0.48235294 0.43529412
v -10.00000000 229.00000000 615.00000000 0.76078431 0.51764706 0.46666667
v -9.00000000 229.00000000 615.00000000 0.76862745 0.53725490 0.48235294
v -8.00000000 229.00000000 615.00000000 0.78039216 0.54901961 0.48627451
v -7.00000000 229.00000000 616.00000000 0.82745098 0.59607843 0.53333333
v 0.00000000 234.00000000 630.00000000 0.86666667 0.62745098 0.55294118
v -46.00000000 222.00000000 595.00000000 0.38431373 0.22352941 0.20784314
v -45.00000000 222.00000000 595.00000000 0.40000000 0.21568627 0.18431373
v -42.00000000 221.00000000 593.00000000 0.45882353 0.25490196 0.21176471
v -40.00000000 220.00000000 591.00000000 0.53333333 0.30588235 0.25882353
v -38.00000000 220.00000000 590.00000000 0.58823529 0.33725490 0.29803922
v -37.00000000 220.00000000 590.00000000 0.63137255 0.37254902 0.32549020
v -33.00000000 220.00000000 591.00000000 0.68627451 0.38823529 0.33333333
v -32.00000000 220.00000000 591.00000000 0.74117647 0.43921569 0.37647059
v -31.00000000 220.00000000 591.00000000 0.75686275 0.45490196 0.39215686
v -28.00000000 221.00000000 594.00000000 0.81568627 0.53725490 0.46666667
v -19.00000000 230.00000000 618.00000000 0.51764706 0.27843137 0.25882353
v -17.00000000 230.00000000 617.00000000 0.62352941 0.33725490 0.31372549
v -16.00000000 230.00000000 617.00000000 0.63921569 0.34509804 0.32156863
v -14.00000000 230.00000000 616.00000000 0.70196078 0.41176471 0.37647059
v -6.00000000 230.00000000 617.00000000 0.84705882 0.60392157 0.54509804
v -5.00000000 230.00000000 617.00000000 0.85490196 0.61176471 0.55294118
v -4.00000000 231.00000000 619.00000000 0.84705882 0.59607843 0.54901961
v -3.00000000 231.00000000 620.00000000 0.83921569 0.58823529 0.54117647
v -2.00000000 232.00000000 623.00000000 0.83921569 0.59607843 0.53725490
v -1.00000000 233.00000000 625.00000000 0.84705882 0.60784314 0.53725490
v -44.00000000 222.00000000 594.00000000 0.40392157 0.21568627 0.16862745
v -43.00000000 222.00000000 593.00000000 0.41176471 0.22352941 0.17647059
v -42.00000000 222.00000000 593.00000000 0.44313725 0.25098039 0.19607843
v -41.00000000 221.00000000 592.00000000 0.48235294 0.27843137 0.22745098
v -40.00000000 221.00000000 591.00000000 0.54901961 0.32156863 0.27843137
v -36.00000000 220.00000000 589.00000000 0.63921569 0.38039216 0.32549020
v -35.00000000 220.00000000 589.00000000 0.65490196 0.38039216 0.33333333
v -34.00000000 220.00000000 589.00000000 0.67058824 0.38039216 0.32941176
v -30.00000000 221.00000000 592.00000000 0.76862745 0.46666667 0.39607843
v -29.00000000 221.00000000 592.00000000 0.78431373 0.49019608 0.41568627
v -28.00000000 222.00000000 593.00000000 0.80784314 0.52941176 0.45882353
v -27.00000000 222.00000000 595.00000000 0.80000000 0.53725490 0.47450980
v -25.00000000 224.00000000 599.00000000 0.78823529 0.53725490 0.49019608
v -18.00000000 231.00000000 617.00000000 0.54509804 0.29803922 0.27843137
v -17.00000000 231.00000000 617.00000000 0.60784314 0.32941176 0.30588235
v -15.00000000 230.00000000 616.00000000 0.66274510 0.36078431 0.33725490
v -13.00000000 230.00000000 615.00000000 0.71372549 0.43921569 0.40000000
v -12.00000000 230.00000000 614.00000000 0.72156863 0.46274510 0.41568627
v -11.00000000 230.00000000 614.00000000 0.74117647 0.49019608 0.44313725
v -10.00000000 230.00000000 614.00000000 0.75294118 0.50196078 0.45490196
v -9.00000000 230.00000000 614.00000000 0.79215686 0.54901961 0.49803922
v -8.00000000 230.00000000 614.00000000 0.80000000 0.56862745 0.50588235
v -7.00000000 230.00000000 615.00000000 0.81960784 0.58823529 0.52549020
v -41.00000000 222.00000000 592.00000000 0.52156863 0.29411765 0.23921569
v -40.00000000 222.00000000 591.00000000 0.54901961 0.31764706 0.26274510
v -39.00000000 221.00000000 590.00000000 0.53725490 0.29803922 0.22745098
v -38.00000000 221.00000000 590.00000000 0.53333333 0.30196078 0.23921569
v -37.00000000 221.00000000 590.00000000 0.61568627 0.37254902 0.31372549
v -35.00000000 221.00000000 589.00000000 0.65490196 0.38431373 0.32549020
v -34.00000000 221.00000000 589.00000000 0.66666667 0.39607843 0.33333333
v -33.00000000 221.00000000 590.00000000 0.67843137 0.39215686 0.32549020
v -32.00000000 221.00000000 590.00000000 0.70588235 0.40784314 0.34509804
v -31.00000000 221.00000000 590.00000000 0.72549020 0.42352941 0.36078431
v -30.00000000 222.00000000 591.00000000 0.74117647 0.43529412 0.38431373
v -26.00000000 223.00000000 596.00000000 0.81568627 0.53333333 0.47843137
v -24.00000000 225.00000000 601.00000000 0.83137255 0.59607843 0.55686275
v -16.00000000 231.00000000 617.00000000 0.61568627 0.33725490 0.32156863
v -15.00000000 231.00000000 616.00000000 0.64313725 0.35686275 0.33333333
v -14.00000000 231.00000000 616.00000000 0.69411765 0.39215686 0.35294118
v -6.00000000 231.00000000 616.00000000 0.83921569 0.61176471 0.56470588
v -5.00000000 231.00000000 617.00000000 0.83529412 0.60392157 0.54901961
v -4.00000000 232.00000000 618.00000000 0.85098039 0.61176471 0.54117647
v -3.00000000 232.00000000 619.00000000 0.83921569 0.59215686 0.52156863
v -2.00000000 233.00000000 622.00000000 0.83921569 0.59215686 0.52156863
v -45.00000000 223.00000000 594.00000000 0.36470588 0.21960784 0.18431373
v -44.00000000 223.00000000 594.00000000 0.38431373 0.21568627 0.18039216
v -43.00000000 223.00000000 593.00000000 0.41568627 0.22745098 0.18823529
v -42.00000000 223.00000000 593.00000000 0.45490196 0.24313725 0.20392157
v -39.00000000 222.00000000 590.00000000 0.57647059 0.33725490 0.26666667
v -37.00000000 222.00000000 590.00000000 0.60000000 0.35294118 0.29411765
v -36.00000000 221.00000000 589.00000000 0.62352941 0.35686275 0.30588235
v -31.00000000 222.00000000 590.00000000 0.71764706 0.41176471 0.36078431
v -29.00000000 222.00000000 591.00000000 0.73725490 0.43137255 0.38431373
v -27.00000000 223.00000000 594.00000000 0.79607843 0.50588235 0.45490196
v -26.00000000 224.00000000 595.00000000 0.80784314 0.51764706 0.46666667
v -23.00000000 226.00000000 602.00000000 0.76078431 0.52941176 0.49803922
v -21.00000000 229.00000000 610.00000000 0.38823529 0.18039216 0.16470588
v -19.00000000 231.00000000 615.00000000 0.44705882 0.23137255 0.21960784
v -14.00000000 232.00000000 616.00000000 0.67843137 0.38823529 0.35294118
v -13.00000000 231.00000000 615.00000000 0.69803922 0.41176471 0.37647059
v -12.00000000 231.00000000 615.00000000 0.72549020 0.45098039 0.41176471
v -11.00000000 231.00000000 615.00000000 0.73725490 0.46274510 0.42352941
v -10.00000000 231.00000000 615.00000000 0.77254902 0.50588235 0.46274510
v -9.00000000 231.00000000 615.00000000 0.76862745 0.51764706 0.47843137
v -8.00000000 231.00000000 615.00000000 0.79607843 0.56078431 0.51764706
v -7.00000000 231.00000000 615.00000000 0.81176471 0.57647059 0.53333333
v 0.00000000 235.00000000 626.00000000 0.82352941 0.61568627 0.56078431
v -45.00000000 224.00000000 594.00000000 0.36078431 0.21568627 0.18431373
v -44.00000000 224.00000000 593.00000000 0.38431373 0.21568627 0.18823529
v -41.00000000 223.00000000 592.00000000 0.48627451 0.25882353 0.21568627
v -38.00000000 222.00000000 590.00000000 0.52941176 0.28235294 0.22352941
v -36.00000000 222.00000000 589.00000000 0.62745098 0.35294118 0.30588235
v -35.00000000 222.00000000 589.00000000 0.63921569 0.35686275 0.30980392
v -34.00000000 222.00000000 589.00000000 0.64313725 0.35686275 0.29803922
v -33.00000000 222.00000000 589.00000000 0.64705882 0.34901961 0.29411765
v -32.00000000 222.00000000 589.00000000 0.65490196 0.35686275 0.30196078
v -20.00000000 230.00000000 611.00000000 0.38431373 0.17647059 0.16078431
v -18.00000000 232.00000000 615.00000000 0.49411765 0.25490196 0.25098039
v -17.00000000 232.00000000 616.00000000 0.52941176 0.27843137 0.27058824
v -16.00000000 232.00000000 616.00000000 0.59215686 0.32549020 0.31372549
v -15.00000000 232.00000000 616.00000000 0.62745098 0.34901961 0.33333333
v -1.00000000 234.00000000 621.00000000 0.81176471 0.60392157 0.54901961
v 1.00000000 236.00000000 627.00000000 0.74509804 0.57254902 0.53725490
v -40.00000000 223.00000000 591.00000000 0.54509804 0.30196078 0.25098039
v -39.00000000 223.00000000 590.00000000 0.58039216 0.33333333 0.27450980
v -30.00000000 223.00000000 591.00000000 0.70980392 0.38823529 0.34509804
v -29.00000000 223.00000000 591.00000000 0.72156863 0.40784314 0.37254902
v -28.00000000 223.00000000 591.00000000 0.74901961 0.44313725 0.40392157
v -25.00000000 225.00000000 596.00000000 0.81568627 0.52941176 0.49411765
v -24.00000000 226.00000000 597.00000000 0.81960784 0.55686275 0.52549020
v -13.00000000 232.00000000 614.00000000 0.67450980 0.39607843 0.37254902
v -12.00000000 232.00000000 614.00000000 0.70980392 0.43921569 0.41176471
v -11.00000000 232.00000000 614.00000000 0.74117647 0.49019608 0.45490196
v -8.00000000 232.00000000 613.00000000 0.78823529 0.56078431 0.51764706
v -3.00000000 233.00000000 617.00000000 0.83137255 0.60392157 0.54901961
v -45.00000000 225.00000000 593.00000000 0.36470588 0.23529412 0.20000000
v -44.00000000 225.00000000 593.00000000 0.38039216 0.23529412 0.20000000
v -43.00000000 224.00000000 592.00000000 0.41568627 0.23137255 0.19215686
v -42.00000000 224.00000000 592.00000000 0.43921569 0.23529412 0.19215686
v -41.00000000 224.00000000 592.00000000 0.47450980 0.25098039 0.20784314
v -40.00000000 224.00000000 591.00000000 0.54117647 0.29803922 0.24705882
v -38.00000000 223.00000000 589.00000000 0.60000000 0.34117647 0.28627451
v -37.00000000 223.00000000 589.00000000 0.60784314 0.33333333 0.28627451
v -36.00000000 223.00000000 589.00000000 0.63137255 0.34117647 0.30588235
v -35.00000000 223.00000000 589.00000000 0.63921569 0.33725490 0.30588235
v -34.00000000 223.00000000 589.00000000 0.65882353 0.35294118 0.30588235
v -33.00000000 223.00000000 589.00000000 0.67058824 0.35686275 0.32156863
v -32.00000000 223.00000000 589.00000000 0.69019608 0.36470588 0.33333333
v -31.00000000 223.00000000 589.00000000 0.69411765 0.36862745 0.33725490
v -28.00000000 224.00000000 591.00000000 0.75294118 0.43921569 0.40392157
v -27.00000000 224.00000000 592.00000000 0.77647059 0.46274510 0.42745098
v -22.00000000 228.00000000 602.00000000 0.40000000 0.16862745 0.15294118
v -17.00000000 233.00000000 615.00000000 0.49803922 0.26666667 0.25098039
v -16.00000000 233.00000000 615.00000000 0.56862745 0.32156863 0.30196078
v -15.00000000 233.00000000 615.00000000 0.61176471 0.34509804 0.33333333
v -14.00000000 233.00000000 615.00000000 0.67058824 0.38431373 0.36078431
v -13.00000000 233.00000000 614.00000000 0.68235294 0.40392157 0.38039216
v -12.00000000 233.00000000 614.00000000 0.70588235 0.43529412 0.40784314
v -10.00000000 232.00000000 613.00000000 0.75686275 0.50588235 0.47058824
v -9.00000000 232.00000000 613.00000000 0.76078431 0.52549020 0.48627451
v -7.00000000 232.00000000 613.00000000 0.79607843 0.56862745 0.52549020
v -6.00000000 232.00000000 613.00000000 0.80392157 0.59215686 0.54509804
v -5.00000000 232.00000000 613.00000000 0.80392157 0.59215686 0.54509804
v -4.00000000 233.00000000 615.00000000 0.82745098 0.61568627 0.56862745
v -2.00000000 234.00000000 618.00000000 0.79215686 0.60392157 0.56470588
v -43.00000000 225.00000000 592.00000000 0.41960784 0.23529412 0.19607843
v -41.00000000 225.00000000 591.00000000 0.50980392 0.28235294 0.23529412
v -40.00000000 225.00000000 591.00000000 0.53725490 0.29411765 0.25098039
v -39.00000000 224.00000000 590.00000000 0.55686275 0.31372549 0.25490196
v -38.00000000 224.00000000 589.00000000 0.60000000 0.34117647 0.28627451
v -37.00000000 224.00000000 589.00000000 0.61176471 0.32941176 0.28235294
v -36.00000000 224.00000000 589.00000000 0.63137255 0.32941176 0.29019608
v -35.00000000 224.00000000 589.00000000 0.64705882 0.33725490 0.30980392
v -34.00000000 224.00000000 589.00000000 0.65098039 0.34509804 0.29803922
v -33.00000000 224.00000000 589.00000000 0.65882353 0.35294118 0.31372549
v -32.00000000 224.00000000 589.00000000 0.66274510 0.34901961 0.31372549
v -31.00000000 224.00000000 589.00000000 0.67843137 0.35294118 0.32156863
v -30.00000000 224.00000000 589.00000000 0.68235294 0.35686275 0.32549020
v -29.00000000 224.00000000 590.00000000 0.70980392 0.38431373 0.36078431
v -26.00000000 225.00000000 593.00000000 0.81568627 0.51372549 0.48235294
v -25.00000000 226.00000000 595.00000000 0.82352941 0.53725490 0.50980392
v -24.00000000 227.00000000 596.00000000 0.81960784 0.54117647 0.51764706
v -23.00000000 227.00000000 598.00000000 0.82745098 0.57254902 0.55686275
v -16.00000000 234.00000000 615.00000000 0.56078431 0.31372549 0.29411765
v -11.00000000 233.00000000 613.00000000 0.72941176 0.47450980 0.45098039
v -42.00000000 225.00000000 591.00000000 0.45098039 0.24705882 0.20392157
v -39.00000000 225.00000000 590.00000000 0.57647059 0.31764706 0.27058824
v -31.00000000 225.00000000 589.00000000 0.65098039 0.33725490 0.30980392
v -29.00000000 225.00000000 590.00000000 0.73333333 0.40784314 0.38431373
v -28.00000000 225.00000000 591.00000000 0.75294118 0.44313725 0.42352941
v -27.00000000 225.00000000 591.00000000 0.78431373 0.47450980 0.45490196
v -26.00000000 226.00000000 593.00000000 0.81176471 0.51764706 0.49411765
v -10.00000000 233.00000000 612.00000000 0.73333333 0.48627451 0.45882353
v -9.00000000 233.00000000 611.00000000 0.76078431 0.52941176 0.50588235
v -8.00000000 233.00000000 611.00000000 0.77647059 0.55294118 0.52549020
v -7.00000000 233.00000000 612.00000000 0.78823529 0.57254902 0.54509804
v -6.00000000 233.00000000 612.00000000 0.79215686 0.57647059 0.54901961
v -5.00000000 233.00000000 612.00000000 0.75686275 0.56470588 0.53725490
v -1.00000000 235.00000000 617.00000000 0.77647059 0.65882353 0.65882353
v 0.00000000 236.00000000 620.00000000 0.95686275 0.85882353 0.87058824
v -45.00000000 226.00000000 592.00000000 0.35686275 0.23921569 0.20784314
v -44.00000000 226.00000000 592.00000000 0.37254902 0.22745098 0.19607843
v -43.00000000 226.00000000 591.00000000 0.43137255 0.24313725 0.20392157
v -38.00000000 225.00000000 589.00000000 0.57254902 0.30588235 0.25490196
v -30.00000000 225.00000000 589.00000000 0.69411765 0.38039216 0.34509804
v -28.00000000 226.00000000 591.00000000 0.74901961 0.44705882 0.42352941
v -27.00000000 226.00000000 591.00000000 0.78039216 0.47843137 0.45490196
v -26.00000000 227.00000000 593.00000000 0.80392157 0.51764706 0.49411765
v -25.00000000 227.00000000 594.00000000 0.82352941 0.53725490 0.51372549
v -23.00000000 228.00000000 597.00000000 0.81568627 0.54901961 0.53725490
v -20.00000000 231.00000000 604.00000000 0.36078431 0.14901961 0.14117647
v -19.00000000 232.00000000 608.00000000 0.40000000 0.18823529 0.18039216
v -18.00000000 233.00000000 610.00000000 0.41568627 0.20392157 0.19607843
v -17.00000000 234.00000000 613.00000000 0.46666667 0.25098039 0.23921569
v -15.00000000 234.00000000 613.00000000 0.60000000 0.33725490 0.31372549
v -14.00000000 234.00000000 613.00000000 0.62352941 0.35294118 0.33333333
v -4.00000000 234.00000000 612.00000000 0.64705882 0.49019608 0.48235294
v -3.00000000 234.00000000 613.00000000 0.64705882 0.51372549 0.50980392
v 1.00000000 237.00000000 621.00000000 0.97254902 0.90588235 0.93725490
v 2.00000000 239.00000000 626.00000000 0.95686275 0.90588235 0.94117647
v -42.00000000 226.00000000 590.00000000 0.45098039 0.24313725 0.21176471
v -41.00000000 226.00000000 590.00000000 0.51372549 0.27843137 0.23921569
v -40.00000000 226.00000000 590.00000000 0.52941176 0.27843137 0.24313725
v -39.00000000 226.00000000 589.00000000 0.56470588 0.29803922 0.25490196
v -38.00000000 226.00000000 589.00000000 0.58039216 0.30588235 0.25882353
v -37.00000000 225.00000000 588.00000000 0.59215686 0.30196078 0.25882353
v -36.00000000 225.00000000 588.00000000 0.60392157 0.30196078 0.26274510
v -35.00000000 225.00000000 588.00000000 0.60000000 0.30980392 0.27450980
v -34.00000000 225.00000000 588.00000000 0.61176471 0.30980392 0.27058824
v -33.00000000 225.00000000 588.00000000 0.62352941 0.31764706 0.27843137
v -32.00000000 225.00000000 588.00000000 0.62745098 0.32156863 0.28235294
v -30.00000000 226.00000000 589.00000000 0.69411765 0.39215686 0.36078431
v -29.00000000 226.00000000 590.00000000 0.71764706 0.41568627 0.39215686
v -27.00000000 227.00000000 591.00000000 0.77647059 0.46666667 0.44705882
v -24.00000000 228.00000000 595.00000000 0.82352941 0.53333333 0.52156863
v -22.00000000 229.00000000 598.00000000 0.83529412 0.59607843 0.57647059
v -20.00000000 232.00000000 604.00000000 0.37647059 0.16078431 0.14117647
v -14.00000000 235.00000000 612.00000000 0.61176471 0.33333333 0.32549020
v -13.00000000 234.00000000 611.00000000 0.65882353 0.38039216 0.37254902
v -12.00000000 234.00000000 611.00000000 0.69411765 0.42745098 0.41568627
v -11.00000000 234.00000000 611.00000000 0.69019608 0.44313725 0.41568627
v -10.00000000 234.00000000 610.00000000 0.70588235 0.47058824 0.43921569
v -3.00000000 235.00000000 612.00000000 0.82745098 0.70980392 0.74117647
v -2.00000000 235.00000000 614.00000000 0.98039216 0.87843137 0.91372549
v -37.00000000 226.00000000 588.00000000 0.58823529 0.28627451 0.24705882
v -36.00000000 226.00000000 588.00000000 0.58823529 0.28627451 0.24705882
v -35.00000000 226.00000000 588.00000000 0.58823529 0.28627451 0.25490196
v -34.00000000 226.00000000 588.00000000 0.62352941 0.30980392 0.27450980
v -33.00000000 226.00000000 588.00000000 0.63921569 0.32549020 0.29019608
v -32.00000000 226.00000000 588.00000000 0.64313725 0.32941176 0.30196078
v -31.00000000 226.00000000 589.00000000 0.66274510 0.34901961 0.32156863
v -28.00000000 227.00000000 591.00000000 0.76078431 0.45098039 0.43529412
v -26.00000000 228.00000000 593.00000000 0.83529412 0.52941176 0.52156863
v -25.00000000 228.00000000 594.00000000 0.81960784 0.52549020 0.51372549
v -23.00000000 229.00000000 596.00000000 0.82352941 0.56078431 0.53725490
v -22.00000000 230.00000000 598.00000000 0.83137255 0.59215686 0.57254902
v -21.00000000 230.00000000 599.00000000 0.69803922 0.46666667 0.44313725
v -17.00000000 235.00000000 611.00000000 0.44313725 0.21568627 0.21176471
v -16.00000000 235.00000000 612.00000000 0.50196078 0.25882353 0.27058824
v -15.00000000 235.00000000 612.00000000 0.57647059 0.32156863 0.30588235
v -6.00000000 234.00000000 609.00000000 0.61176471 0.45490196 0.45490196
v -5.00000000 234.00000000 609.00000000 0.70196078 0.55294118 0.54901961
v -2.00000000 236.00000000 613.00000000 0.98823529 0.90588235 0.93333333
v -1.00000000 236.00000000 614.00000000 0.98431373 0.90588235 0.94117647
v 0.00000000 237.00000000 617.00000000 0.97647059 0.92549020 0.95294118
v 1.00000000 238.00000000 619.00000000 0.98039216 0.92941176 0.95686275
v -44.00000000 227.00000000 590.00000000 0.36078431 0.23137255 0.21176471
v -43.00000000 227.00000000 590.00000000 0.41960784 0.22745098 0.21176471
v -42.00000000 227.00000000 589.00000000 0.44313725 0.22745098 0.20784314
v -41.00000000 227.00000000 589.00000000 0.48627451 0.23921569 0.21176471
v -40.00000000 227.00000000 589.00000000 0.51372549 0.25098039 0.21960784
v -39.00000000 227.00000000 589.00000000 0.54509804 0.27058824 0.23137255
v -35.00000000 227.00000000 588.00000000 0.59215686 0.27843137 0.25098039
v -34.00000000 227.00000000 588.00000000 0.60000000 0.28627451 0.25882353
v -33.00000000 227.00000000 588.00000000 0.66274510 0.33725490 0.31372549
v -32.00000000 227.00000000 588.00000000 0.66666667 0.34117647 0.31764706
v -30.00000000 227.00000000 589.00000000 0.74117647 0.43137255 0.41176471
v -29.00000000 227.00000000 590.00000000 0.77254902 0.46666667 0.45098039
v -28.00000000 228.00000000 591.00000000 0.78823529 0.49411765 0.48235294
v -27.00000000 228.00000000 591.00000000 0.80392157 0.50980392 0.49803922
v -25.00000000 229.00000000 594.00000000 0.81176471 0.52156863 0.51764706
v -24.00000000 229.00000000 594.00000000 0.79215686 0.51372549 0.49803922
v -20.00000000 233.00000000 604.00000000 0.35686275 0.15686275 0.14117647
v -19.00000000 233.00000000 605.00000000 0.36470588 0.16470588 0.14901961
v -18.00000000 234.00000000 607.00000000 0.36862745 0.16862745 0.15686275
v -9.00000000 234.00000000 608.00000000 0.67450980 0.43921569 0.43921569
v -8.00000000 234.00000000 608.00000000 0.60784314 0.40784314 0.39607843
v -7.00000000 234.00000000 608.00000000 0.61176471 0.43137255 0.43137255
v -44.00000000 228.00000000 589.00000000 0.35686275 0.22352941 0.21568627
v -42.00000000 228.00000000 589.00000000 0.43921569 0.22352941 0.21176471
v -41.00000000 228.00000000 589.00000000 0.45882353 0.21960784 0.20784314
v -38.00000000 227.00000000 588.00000000 0.56862745 0.27843137 0.23529412
v -37.00000000 227.00000000 588.00000000 0.59215686 0.28627451 0.24705882
v -36.00000000 227.00000000 588.00000000 0.60000000 0.28627451 0.25098039
v -31.00000000 227.00000000 588.00000000 0.71372549 0.40392157 0.38431373
v -29.00000000 228.00000000 590.00000000 0.80392157 0.51372549 0.50196078
v -26.00000000 229.00000000 593.00000000 0.83137255 0.55686275 0.54901961
v -23.00000000 230.00000000 596.00000000 0.79215686 0.51764706 0.50980392
v -21.00000000 231.00000000 598.00000000 0.81568627 0.58431373 0.56078431
v -19.00000000 234.00000000 605.00000000 0.35294118 0.15294118 0.13725490
v -18.00000000 235.00000000 607.00000000 0.35294118 0.16078431 0.14509804
v -15.00000000 236.00000000 611.00000000 0.51372549 0.30588235 0.27450980
v -13.00000000 235.00000000 609.00000000 0.58431373 0.36078431 0.32549020
v -12.00000000 235.00000000 609.00000000 0.60784314 0.37647059 0.34509804
v -11.00000000 235.00000000 608.00000000 0.62352941 0.39215686 0.37647059
v -7.00000000 235.00000000 607.00000000 0.79607843 0.64313725 0.64705882
v -5.00000000 235.00000000 608.00000000 0.92941176 0.85098039 0.84705882
v -4.00000000 235.00000000 609.00000000 0.92156863 0.85490196 0.87843137
v -3.00000000 236.00000000 610.00000000 0.94509804 0.87843137 0.90980392
v -1.00000000 237.00000000 613.00000000 0.99607843 0.95294118 0.98431373
v 0.00000000 238.00000000 616.00000000 0.98039216 0.94117647 0.97254902
v 1.00000000 239.00000000 618.00000000 0.98823529 0.94901961 0.98039216
v 2.00000000 240.00000000 622.00000000 0.97254902 0.94509804 0.97254902
v -43.00000000 228.00000000 589.00000000 0.38431373 0.22352941 0.21568627
v -37.00000000 228.00000000 588.00000000 0.59215686 0.28235294 0.25490196
v -36.00000000 228.00000000 588.00000000 0.61176471 0.29803922 0.27058824
v -35.00000000 228.00000000 588.00000000 0.61176471 0.30196078 0.27450980
v -34.00000000 228.00000000 588.00000000 0.65098039 0.33725490 0.30980392
v -33.00000000 228.00000000 588.00000000 0.67450980 0.35686275 0.34117647
v -32.00000000 228.00000000 588.00000000 0.70980392 0.40000000 0.38039216
v -31.00000000 228.00000000 588.00000000 0.74901961 0.43921569 0.41960784
v -30.00000000 228.00000000 589.00000000 0.78431373 0.49019608 0.47058824
v -27.00000000 229.00000000 591.00000000 0.77647059 0.49803922 0.49019608
v -25.00000000 230.00000000 594.00000000 0.77647059 0.50196078 0.50196078
v -24.00000000 230.00000000 594.00000000 0.79215686 0.51372549 0.50588235
v -22.00000000 231.00000000 597.00000000 0.81176471 0.55686275 0.54901961
v -17.00000000 236.00000000 609.00000000 0.37254902 0.19607843 0.18431373
v -16.00000000 236.00000000 610.00000000 0.40392157 0.22352941 0.22352941
v -14.00000000 236.00000000 610.00000000 0.53333333 0.32549020 0.30196078
v -10.00000000 235.00000000 607.00000000 0.54117647 0.34901961 0.36078431
v -9.00000000 235.00000000 607.00000000 0.76078431 0.61960784 0.63529412
v -8.00000000 235.00000000 607.00000000 0.84705882 0.73333333 0.74117647
v -6.00000000 235.00000000 607.00000000 0.90196078 0.82745098 0.83529412
v -2.00000000 237.00000000 612.00000000 0.98823529 0.93725490 0.96470588
v -1.00000000 238.00000000 613.00000000 0.99215686 0.95686275 0.97647059
v -40.00000000 228.00000000 588.00000000 0.49411765 0.23921569 0.21568627
v -39.00000000 228.00000000 588.00000000 0.52156863 0.27058824 0.23137255
v -38.00000000 228.00000000 588.00000000 0.56862745 0.28235294 0.25490196
v -35.00000000 229.00000000 588.00000000 0.61568627 0.31372549 0.29019608
v -34.00000000 229.00000000 588.00000000 0.64705882 0.33725490 0.31764706
v -33.00000000 229.00000000 588.00000000 0.68627451 0.37647059 0.35686275
v -29.00000000 229.00000000 589.00000000 0.79607843 0.49803922 0.49803922
v -28.00000000 229.00000000 590.00000000 0.80000000 0.52156863 0.51372549
v -26.00000000 230.00000000 592.00000000 0.79215686 0.50980392 0.51372549
v -25.00000000 231.00000000 594.00000000 0.77254902 0.48235294 0.48627451
v -24.00000000 231.00000000 594.00000000 0.78431373 0.49411765 0.49019608
v -23.00000000 231.00000000 595.00000000 0.79607843 0.51764706 0.50980392
v -22.00000000 232.00000000 597.00000000 0.81568627 0.54901961 0.54509804
v -21.00000000 232.00000000 598.00000000 0.81568627 0.56470588 0.55686275
v -18.00000000 236.00000000 607.00000000 0.35294118 0.17647059 0.16470588
v -17.00000000 237.00000000 609.00000000 0.35294118 0.19215686 0.17647059
v -16.00000000 237.00000000 609.00000000 0.37254902 0.21176471 0.19607843
v -13.00000000 236.00000000 608.00000000 0.45882353 0.26274510 0.25882353
v -12.00000000 236.00000000 607.00000000 0.45490196 0.27450980 0.27450980
v -5.00000000 236.00000000 607.00000000 0.90588235 0.85882353 0.86666667
v -4.00000000 236.00000000 608.00000000 0.94509804 0.89803922 0.91372549
v 2.00000000 241.00000000 621.00000000 0.98039216 0.94117647 0.97254902
v -43.00000000 229.00000000 588.00000000 0.36470588 0.20784314 0.20784314
v -42.00000000 229.00000000 589.00000000 0.39607843 0.20784314 0.20784314
v -41.00000000 229.00000000 589.00000000 0.47058824 0.23921569 0.22352941
v -40.00000000 229.00000000 588.00000000 0.49411765 0.24705882 0.22745098
v -39.00000000 229.00000000 588.00000000 0.52156863 0.27450980 0.23921569
v -38.00000000 229.00000000 588.00000000 0.57254902 0.29411765 0.27058824
v -37.00000000 229.00000000 588.00000000 0.59607843 0.30196078 0.28235294
v -36.00000000 229.00000000 588.00000000 0.62745098 0.32156863 0.30588235
v -32.00000000 229.00000000 588.00000000 0.74509804 0.45098039 0.43137255
v -31.00000000 229.00000000 588.00000000 0.78431373 0.49019608 0.47843137
v -30.00000000 229.00000000 588.00000000 0.79607843 0.49803922 0.49803922
v -27.00000000 230.00000000 591.00000000 0.82745098 0.53725490 0.54117647
v -26.00000000 231.00000000 592.00000000 0.83921569 0.55686275 0.56862745
v -23.00000000 232.00000000 595.00000000 0.79215686 0.50196078 0.50588235
v -21.00000000 233.00000000 598.00000000 0.81568627 0.56078431 0.55294118
v -15.00000000 237.00000000 609.00000000 0.36470588 0.22745098 0.21176471
v -11.00000000 236.00000000 606.00000000 0.74509804 0.62352941 0.64313725
v -6.00000000 236.00000000 606.00000000 0.90196078 0.85490196 0.87058824
v -3.00000000 237.00000000 608.00000000 0.98823529 0.93725490 0.96470588
v 0.00000000 239.00000000 614.00000000 0.98039216 0.95294118 0.98039216
v 3.00000000 242.00000000 622.00000000 0.98431373 0.94509804 0.98039216
v -43.00000000 230.00000000 588.00000000 0.35294118 0.20392157 0.20000000
v -34.00000000 230.00000000 588.00000000 0.68627451 0.39607843 0.38431373
v -28.00000000 230.00000000 589.00000000 0.74509804 0.46274510 0.46666667
v -25.00000000 232.00000000 593.00000000 0.76470588 0.47058824 0.48627451
v -20.00000000 234.00000000 600.00000000 0.41176471 0.19607843 0.18431373
v -14.00000000 237.00000000 607.00000000 0.49019608 0.35686275 0.35294118
v -11.00000000 237.00000000 606.00000000 0.74117647 0.65882353 0.67843137
v -10.00000000 236.00000000 605.00000000 0.77647059 0.70980392 0.73333333
v -9.00000000 236.00000000 605.00000000 0.80784314 0.74117647 0.77254902
v -8.00000000 236.00000000 605.00000000 0.83921569 0.77254902 0.79607843
v -7.00000000 236.00000000 605.00000000 0.89411765 0.83529412 0.85490196
v -5.00000000 237.00000000 606.00000000 0.89803922 0.85882353 0.86274510
v -4.00000000 237.00000000 607.00000000 0.96470588 0.91372549 0.94117647
v -2.00000000 238.00000000 610.00000000 1.00000000 0.94901961 0.97647059
v 1.00000000 240.00000000 615.00000000 0.98039216 0.95294118 0.98431373
v 2.00000000 242.00000000 620.00000000 0.98823529 0.94901961 0.98431373
v -42.00000000 230.00000000 588.00000000 0.37647059 0.21960784 0.21176471
v -41.00000000 230.00000000 588.00000000 0.45098039 0.23137255 0.22745098
v -40.00000000 230.00000000 588.00000000 0.49019608 0.25098039 0.23921569
v -39.00000000 230.00000000 588.00000000 0.58039216 0.30980392 0.29019608
v -38.00000000 230.00000000 588.00000000 0.61568627 0.32549020 0.31372549
v -37.00000000 230.00000000 587.00000000 0.65098039 0.34509804 0.33725490
v -36.00000000 230.00000000 588.00000000 0.67058824 0.36470588 0.35686275
v -35.00000000 230.00000000 588.00000000 0.66666667 0.37647059 0.36470588
v -33.00000000 230.00000000 588.00000000 0.67843137 0.40392157 0.40392157
v -32.00000000 230.00000000 588.00000000 0.66666667 0.38431373 0.38823529
v -31.00000000 230.00000000 588.00000000 0.69803922 0.40784314 0.40392157
v -30.00000000 230.00000000 588.00000000 0.70980392 0.41960784 0.41568627
v -29.00000000 230.00000000 588.00000000 0.76078431 0.47058824 0.46666667
v -24.00000000 232.00000000 593.00000000 0.77647059 0.48235294 0.50196078
v -22.00000000 233.00000000 595.00000000 0.76862745 0.49411765 0.48627451
v -21.00000000 234.00000000 597.00000000 0.81568627 0.56078431 0.53725490
v -20.00000000 235.00000000 600.00000000 0.45490196 0.25490196 0.23921569
v -15.00000000 238.00000000 608.00000000 0.44313725 0.34117647 0.34509804
v -13.00000000 237.00000000 606.00000000 0.69803922 0.60000000 0.61568627
v -12.00000000 237.00000000 606.00000000 0.72549020 0.62745098 0.64313725
v -10.00000000 237.00000000 605.00000000 0.75686275 0.68235294 0.69803922
v -6.00000000 237.00000000 605.00000000 0.88627451 0.86274510 0.87058824
v -4.00000000 238.00000000 607.00000000 0.96078431 0.92156863 0.95294118
v -3.00000000 238.00000000 608.00000000 0.98823529 0.94509804 0.97647059
v -2.00000000 239.00000000 609.00000000 0.99607843 0.95294118 0.98431373
v -1.00000000 239.00000000 611.00000000 1.00000000 0.95686275 0.98823529
v 0.00000000 240.00000000 613.00000000 1.00000000 0.95686275 0.98823529
v 3.00000000 243.00000000 621.00000000 0.99215686 0.94901961 0.98039216
v -42.00000000 231.00000000 587.00000000 0.36862745 0.21960784 0.21568627
v -37.00000000 231.00000000 587.00000000 0.66274510 0.36862745 0.35686275
v -36.00000000 231.00000000 587.00000000 0.66666667 0.37254902 0.36078431
v -34.00000000 231.00000000 588.00000000 0.67843137 0.40392157 0.40392157
v -33.00000000 231.00000000 588.00000000 0.65882353 0.38431373 0.38431373
v -32.00000000 231.00000000 588.00000000 0.65490196 0.38039216 0.38039216
v -31.00000000 231.00000000 588.00000000 0.68235294 0.40784314 0.40784314
v -30.00000000 231.00000000 588.00000000 0.69803922 0.42352941 0.43137255
v -29.00000000 231.00000000 588.00000000 0.75294118 0.47843137 0.48627451
v -28.00000000 231.00000000 589.00000000 0.79215686 0.50980392 0.52156863
v -27.00000000 231.00000000 589.00000000 0.76862745 0.48627451 0.49803922
v -23.00000000 233.00000000 594.00000000 0.74117647 0.46666667 0.45882353
v -14.00000000 238.00000000 606.00000000 0.69019608 0.59215686 0.60784314
v -13.00000000 238.00000000 605.00000000 0.67058824 0.58431373 0.59607843
v -9.00000000 237.00000000 604.00000000 0.81176471 0.75294118 0.77254902
v -8.00000000 237.00000000 604.00000000 0.82745098 0.78431373 0.80000000
v -7.00000000 237.00000000 604.00000000 0.86274510 0.81960784 0.83529412
v -6.00000000 238.00000000 605.00000000 0.88235294 0.85882353 0.86666667
v -3.00000000 239.00000000 607.00000000 0.98823529 0.94509804 0.97647059
v 1.00000000 241.00000000 614.00000000 1.00000000 0.96078431 0.99215686
v -41.00000000 231.00000000 587.00000000 0.43921569 0.23921569 0.23529412
v -40.00000000 231.00000000 587.00000000 0.49019608 0.26274510 0.25490196
v -39.00000000 231.00000000 587.00000000 0.58039216 0.32549020 0.31764706
v -38.00000000 231.00000000 587.00000000 0.61568627 0.34901961 0.33725490
v -35.00000000 231.00000000 587.00000000 0.58039216 0.31372549 0.30980392
v -26.00000000 232.00000000 590.00000000 0.70588235 0.41176471 0.42745098
v -24.00000000 233.00000000 592.00000000 0.67450980 0.38039216 0.39607843
v -22.00000000 234.00000000 594.00000000 0.75686275 0.47843137 0.46274510
v -20.00000000 236.00000000 599.00000000 0.62352941 0.40784314 0.38823529
v -15.00000000 239.00000000 606.00000000 0.60784314 0.53725490 0.53725490
v -12.00000000 238.00000000 605.00000000 0.67450980 0.61176471 0.62352941
v -11.00000000 238.00000000 605.00000000 0.72549020 0.66274510 0.67450980
v -10.00000000 238.00000000 605.00000000 0.77647059 0.71764706 0.72941176
v -9.00000000 238.00000000 604.00000000 0.80784314 0.76078431 0.77647059
v -8.00000000 238.00000000 604.00000000 0.82745098 0.79215686 0.81176471
v -7.00000000 238.00000000 604.00000000 0.85882353 0.82352941 0.84313725
v -5.00000000 238.00000000 605.00000000 0.90588235 0.88235294 0.89803922
v -4.00000000 239.00000000 606.00000000 0.97647059 0.93725490 0.96862745
v -2.00000000 240.00000000 609.00000000 0.99607843 0.95294118 0.98431373
v -1.00000000 240.00000000 610.00000000 1.00000000 0.95686275 0.98823529
v 0.00000000 241.00000000 612.00000000 1.00000000 0.96078431 0.99215686
v 1.00000000 242.00000000 614.00000000 1.00000000 0.96078431 0.99215686
v 2.00000000 243.00000000 618.00000000 1.00000000 0.95686275 0.98823529
v 3.00000000 244.00000000 620.00000000 0.99215686 0.94901961 0.98039216
v -39.00000000 232.00000000 587.00000000 0.56078431 0.32156863 0.30980392
v -34.00000000 232.00000000 588.00000000 0.60392157 0.33725490 0.33333333
v -33.00000000 232.00000000 588.00000000 0.63137255 0.36470588 0.36078431
v -27.00000000 232.00000000 588.00000000 0.74901961 0.46666667 0.48235294
v -21.00000000 235.00000000 596.00000000 0.81960784 0.54117647 0.52549020
v -16.00000000 239.00000000 605.00000000 0.41176471 0.33333333 0.32941176
v -14.00000000 239.00000000 605.00000000 0.61176471 0.53725490 0.55294118
v -13.00000000 239.00000000 605.00000000 0.61568627 0.55294118 0.56470588
v -5.00000000 239.00000000 605.00000000 0.90980392 0.87058824 0.90196078
v -1.00000000 241.00000000 610.00000000 1.00000000 0.95686275 0.98823529
v -40.00000000 232.00000000 586.00000000 0.44705882 0.25098039 0.24705882
v -38.00000000 232.00000000 587.00000000 0.57254902 0.32156863 0.31372549
v -37.00000000 232.00000000 587.00000000 0.54117647 0.27450980 0.27058824
v -36.00000000 232.00000000 587.00000000 0.53725490 0.27058824 0.26666667
v -35.00000000 232.00000000 587.00000000 0.54509804 0.29411765 0.29411765
v -32.00000000 232.00000000 587.00000000 0.66666667 0.40000000 0.39607843
v -31.00000000 232.00000000 587.00000000 0.69019608 0.41568627 0.41568627
v -30.00000000 232.00000000 587.00000000 0.74117647 0.45882353 0.46274510
v -29.00000000 232.00000000 587.00000000 0.74509804 0.45490196 0.45882353
v -28.00000000 232.00000000 587.00000000 0.73725490 0.44705882 0.45098039
v -25.00000000 233.00000000 589.00000000 0.72549020 0.43137255 0.45098039
v -23.00000000 234.00000000 592.00000000 0.70980392 0.40392157 0.40392157
v -17.00000000 239.00000000 604.00000000 0.36470588 0.29019608 0.29803922
v -12.00000000 239.00000000 604.00000000 0.68235294 0.63529412 0.65098039
v -11.00000000 239.00000000 604.00000000 0.71372549 0.66666667 0.68235294
v -10.00000000 239.00000000 604.00000000 0.75686275 0.70588235 0.73333333
v -7.00000000 239.00000000 604.00000000 0.87058824 0.83137255 0.86274510
v -6.00000000 239.00000000 604.00000000 0.88235294 0.84313725 0.87450980
v -3.00000000 240.00000000 607.00000000 0.99215686 0.94901961 0.98039216
v 0.00000000 242.00000000 611.00000000 1.00000000 0.95686275 0.98823529
v 1.00000000 243.00000000 613.00000000 0.99607843 0.95294118 0.98431373
v 2.00000000 244.00000000 616.00000000 0.99607843 0.95294118 0.98431373
v -42.00000000 232.00000000 585.00000000 0.36470588 0.21176471 0.21568627
v -41.00000000 232.00000000 585.00000000 0.41568627 0.24313725 0.24705882
v -36.00000000 233.00000000 587.00000000 0.54117647 0.29019608 0.29019608
v -35.00000000 233.00000000 587.00000000 0.56078431 0.30980392 0.30980392
v -34.00000000 233.00000000 587.00000000 0.60784314 0.34901961 0.35686275
v -33.00000000 233.00000000 587.00000000 0.61568627 0.35686275 0.36078431
v -32.00000000 233.00000000 587.00000000 0.66274510 0.39607843 0.39215686
v -31.00000000 233.00000000 587.00000000 0.69411765 0.41176471 0.41568627
v -30.00000000 233.00000000 587.00000000 0.71764706 0.42745098 0.43137255
v -29.00000000 233.00000000 587.00000000 0.70980392 0.41960784 0.42352941
v -28.00000000 233.00000000 587.00000000 0.70980392 0.41568627 0.43137255
v -27.00000000 233.00000000 587.00000000 0.72156863 0.42745098 0.44313725
v -26.00000000 233.00000000 588.00000000 0.73725490 0.45490196 0.47058824
v -24.00000000 234.00000000 590.00000000 0.72941176 0.43529412 0.45098039
v -21.00000000 236.00000000 595.00000000 0.83137255 0.54117647 0.53725490
v -17.00000000 240.00000000 604.00000000 0.36862745 0.32156863 0.32941176
v -15.00000000 240.00000000 605.00000000 0.54509804 0.50588235 0.50980392
v -13.00000000 240.00000000 604.00000000 0.63921569 0.59215686 0.60784314
v -11.00000000 240.00000000 604.00000000 0.70588235 0.65882353 0.67450980
v -9.00000000 239.00000000 603.00000000 0.77254902 0.72941176 0.76078431
v -8.00000000 239.00000000 603.00000000 0.80000000 0.75686275 0.78823529
v -6.00000000 240.00000000 604.00000000 0.87843137 0.83921569 0.87058824
v -5.00000000 240.00000000 604.00000000 0.90196078 0.86274510 0.89803922
v -4.00000000 240.00000000 605.00000000 0.96470588 0.92156863 0.95294118
v -2.00000000 241.00000000 608.00000000 1.00000000 0.96470588 0.99607843
v 3.00000000 245.00000000 618.00000000 0.99607843 0.95294118 0.98431373
v -40.00000000 233.00000000 585.00000000 0.43921569 0.25882353 0.25882353
v -39.00000000 233.00000000 586.00000000 0.47450980 0.27450980 0.26274510
v -38.00000000 233.00000000 586.00000000 0.47058824 0.24313725 0.23921569
v -37.00000000 233.00000000 586.00000000 0.47058824 0.23529412 0.23529412
v -22.00000000 235.00000000 591.00000000 0.74901961 0.45098039 0.45098039
v -16.00000000 240.00000000 604.00000000 0.44313725 0.40000000 0.42352941
v -14.00000000 240.00000000 604.00000000 0.56470588 0.52941176 0.54117647
v -12.00000000 240.00000000 604.00000000 0.64313725 0.60000000 0.62352941
v -10.00000000 240.00000000 603.00000000 0.74509804 0.70980392 0.72941176
v -9.00000000 240.00000000 603.00000000 0.76862745 0.72941176 0.76078431
v -8.00000000 240.00000000 603.00000000 0.79607843 0.75686275 0.78823529
v -7.00000000 240.00000000 603.00000000 0.83921569 0.80000000 0.83137255
v -3.00000000 241.00000000 606.00000000 0.96862745 0.92549020 0.95686275
v 0.00000000 243.00000000 610.00000000 1.00000000 0.96078431 0.99215686
v 2.00000000 245.00000000 615.00000000 1.00000000 0.95686275 0.98823529
v 3.00000000 246.00000000 617.00000000 1.00000000 0.95686275 0.98823529
v -41.00000000 233.00000000 584.00000000 0.37254902 0.21960784 0.23137255
v -38.00000000 234.00000000 586.00000000 0.43137255 0.21176471 0.20784314
v -36.00000000 234.00000000 586.00000000 0.47450980 0.23921569 0.24705882
v -35.00000000 234.00000000 586.00000000 0.52941176 0.27450980 0.29019608
v -34.00000000 234.00000000 586.00000000 0.54901961 0.28235294 0.28627451
v -33.00000000 234.00000000 586.00000000 0.58039216 0.30588235 0.31372549
v -32.00000000 234.00000000 586.00000000 0.59607843 0.32156863 0.32941176
v -31.00000000 234.00000000 586.00000000 0.61176471 0.34117647 0.35294118
v -30.00000000 234.00000000 586.00000000 0.63529412 0.36470588 0.38431373
v -29.00000000 234.00000000 586.00000000 0.65490196 0.38431373 0.40392157
v -28.00000000 234.00000000 586.00000000 0.68627451 0.41568627 0.43529412
v -27.00000000 234.00000000 586.00000000 0.74509804 0.46666667 0.48235294
v -26.00000000 234.00000000 587.00000000 0.76862745 0.49019608 0.50588235
v -25.00000000 234.00000000 587.00000000 0.77254902 0.48235294 0.48627451
v -20.00000000 237.00000000 594.00000000 0.83137255 0.53333333 0.53333333
v -15.00000000 241.00000000 604.00000000 0.53333333 0.51764706 0.52156863
v -14.00000000 241.00000000 604.00000000 0.56862745 0.54509804 0.55294118
v -13.00000000 241.00000000 604.00000000 0.61960784 0.58431373 0.60392157
v -12.00000000 241.00000000 604.00000000 0.67450980 0.63921569 0.65882353
v -4.00000000 241.00000000 604.00000000 0.94901961 0.90980392 0.94117647
v -3.00000000 242.00000000 605.00000000 0.96862745 0.92549020 0.95686275
v -2.00000000 242.00000000 607.00000000 1.00000000 0.96470588 0.99607843
v -1.00000000 242.00000000 607.00000000 1.00000000 0.96078431 0.99215686
v 1.00000000 244.00000000 611.00000000 0.99607843 0.95294118 0.98431373
v -41.00000000 234.00000000 584.00000000 0.35686275 0.21568627 0.21568627
v -39.00000000 234.00000000 585.00000000 0.45490196 0.25490196 0.25098039
v -37.00000000 234.00000000 586.00000000 0.43921569 0.20392157 0.21176471
v -24.00000000 235.00000000 587.00000000 0.81176471 0.50196078 0.48627451
v -23.00000000 235.00000000 588.00000000 0.78039216 0.47058824 0.45098039
v -22.00000000 236.00000000 589.00000000 0.74901961 0.45490196 0.43137255
v -18.00000000 240.00000000 600.00000000 0.36078431 0.27843137 0.30588235
v -17.00000000 241.00000000 603.00000000 0.38823529 0.36862745 0.38431373
v -16.00000000 241.00000000 603.00000000 0.42745098 0.40392157 0.41960784
v -15.00000000 242.00000000 604.00000000 0.54509804 0.50588235 0.53725490
v -14.00000000 242.00000000 604.00000000 0.59607843 0.55294118 0.58431373
v -11.00000000 241.00000000 603.00000000 0.68627451 0.64313725 0.67450980
v -10.00000000 241.00000000 603.00000000 0.70980392 0.67058824 0.70196078
v -9.00000000 241.00000000 603.00000000 0.77647059 0.73725490 0.76862745
v -8.00000000 241.00000000 603.00000000 0.79607843 0.75686275 0.78823529
v -7.00000000 241.00000000 603.00000000 0.85882353 0.81960784 0.85098039
v -6.00000000 241.00000000 603.00000000 0.87843137 0.83921569 0.87058824
v -5.00000000 241.00000000 603.00000000 0.90196078 0.86274510 0.89411765
v -4.00000000 242.00000000 604.00000000 0.95294118 0.90980392 0.94117647
v -1.00000000 243.00000000 607.00000000 0.99215686 0.94901961 0.98039216
v 0.00000000 244.00000000 609.00000000 1.00000000 0.95686275 0.99215686
v -40.00000000 234.00000000 584.00000000 0.42745098 0.25490196 0.25882353
v -38.00000000 235.00000000 585.00000000 0.43137255 0.21568627 0.22745098
v -37.00000000 235.00000000 585.00000000 0.43529412 0.20392157 0.21176471
v -36.00000000 235.00000000 585.00000000 0.45490196 0.21960784 0.22745098
v -35.00000000 235.00000000 585.00000000 0.47450980 0.23529412 0.25490196
v -34.00000000 235.00000000 585.00000000 0.51764706 0.25882353 0.26666667
v -33.00000000 235.00000000 585.00000000 0.54117647 0.27058824 0.28235294
v -31.00000000 235.00000000 585.00000000 0.58431373 0.31372549 0.32549020
v -29.00000000 235.00000000 585.00000000 0.67843137 0.39607843 0.40784314
v -27.00000000 235.00000000 585.00000000 0.76470588 0.47450980 0.47843137
v -26.00000000 235.00000000 585.00000000 0.74901961 0.45882353 0.46274510
v -21.00000000 237.00000000 591.00000000 0.80392157 0.51372549 0.50980392
v -19.00000000 239.00000000 596.00000000 0.43921569 0.20392157 0.20000000
v -17.00000000 242.00000000 603.00000000 0.40000000 0.38039216 0.40392157
v -16.00000000 242.00000000 603.00000000 0.43137255 0.41176471 0.43529412
v -13.00000000 242.00000000 604.00000000 0.60784314 0.56862745 0.60000000
v -12.00000000 242.00000000 604.00000000 0.65490196 0.61568627 0.64705882
v -11.00000000 242.00000000 603.00000000 0.67450980 0.63529412 0.66666667
v -10.00000000 242.00000000 603.00000000 0.70588235 0.66666667 0.69803922
v -9.00000000 242.00000000 603.00000000 0.76862745 0.72941176 0.76078431
v -7.00000000 242.00000000 603.00000000 0.82745098 0.78823529 0.81960784
v -6.00000000 242.00000000 603.00000000 0.88235294 0.84313725 0.87450980
v -5.00000000 242.00000000 603.00000000 0.90588235 0.86666667 0.89803922
v -2.00000000 243.00000000 606.00000000 1.00000000 0.95686275 0.98823529
v 2.00000000 246.00000000 614.00000000 1.00000000 0.95294118 0.98823529
v -39.00000000 235.00000000 584.00000000 0.41176471 0.23137255 0.23137255
v -32.00000000 235.00000000 585.00000000 0.58823529 0.31372549 0.32156863
v -30.00000000 235.00000000 584.00000000 0.65490196 0.37254902 0.38431373
v -28.00000000 235.00000000 584.00000000 0.75294118 0.46274510 0.45882353
v -25.00000000 235.00000000 585.00000000 0.76470588 0.46666667 0.46666667
v -22.00000000 237.00000000 588.00000000 0.76078431 0.47450980 0.45098039
v -20.00000000 238.00000000 592.00000000 0.83921569 0.54901961 0.54509804
v -18.00000000 241.00000000 600.00000000 0.35686275 0.29019608 0.32156863
v -16.00000000 243.00000000 603.00000000 0.41960784 0.40784314 0.43529412
v -15.00000000 243.00000000 604.00000000 0.53725490 0.50588235 0.54901961
v -14.00000000 243.00000000 604.00000000 0.57254902 0.54509804 0.57647059
v -13.00000000 243.00000000 604.00000000 0.60000000 0.56078431 0.59607843
v -12.00000000 243.00000000 603.00000000 0.62352941 0.58431373 0.61960784
v -11.00000000 243.00000000 603.00000000 0.67450980 0.63529412 0.67058824
v -10.00000000 243.00000000 603.00000000 0.70196078 0.66274510 0.69411765
v -9.00000000 243.00000000 603.00000000 0.75686275 0.71764706 0.74901961
v -8.00000000 242.00000000 602.00000000 0.77647059 0.73725490 0.76862745
v -7.00000000 243.00000000 603.00000000 0.81176471 0.78431373 0.81176471
v -6.00000000 243.00000000 603.00000000 0.87058824 0.84313725 0.87058824
v -5.00000000 243.00000000 603.00000000 0.89803922 0.87058824 0.89803922
v -3.00000000 243.00000000 604.00000000 0.98039216 0.93725490 0.96862745
v 1.00000000 245.00000000 610.00000000 0.99215686 0.94901961 0.98039216
v 2.00000000 247.00000000 613.00000000 0.99607843 0.95294118 0.98431373
v 3.00000000 247.00000000 615.00000000 0.99607843 0.95294118 0.98431373
v -40.00000000 235.00000000 583.00000000 0.36078431 0.21960784 0.21960784
v -24.00000000 236.00000000 585.00000000 0.72549020 0.41960784 0.40392157
v -23.00000000 236.00000000 586.00000000 0.73333333 0.42745098 0.41176471
v -21.00000000 238.00000000 590.00000000 0.82352941 0.53333333 0.52941176
v -19.00000000 240.00000000 596.00000000 0.42352941 0.19607843 0.19215686
v -18.00000000 242.00000000 599.00000000 0.36470588 0.29803922 0.32941176
v -4.00000000 243.00000000 603.00000000 0.94509804 0.90588235 0.93725490
v -2.00000000 244.00000000 605.00000000 0.99215686 0.94901961 0.98039216
v -1.00000000 244.00000000 606.00000000 0.99215686 0.94901961 0.98039216
v 0.00000000 245.00000000 608.00000000 0.99607843 0.95294118 0.98431373
v -39.00000000 236.00000000 583.00000000 0.37254902 0.22352941 0.21960784
v -23.00000000 237.00000000 586.00000000 0.73333333 0.42745098 0.41176471
v -20.00000000 239.00000000 592.00000000 0.84705882 0.56862745 0.56078431
v -19.00000000 241.00000000 596.00000000 0.37254902 0.14509804 0.14117647
v -17.00000000 243.00000000 602.00000000 0.40000000 0.39607843 0.41960784
v -16.00000000 244.00000000 603.00000000 0.42352941 0.41960784 0.44313725
v -15.00000000 244.00000000 604.00000000 0.51372549 0.49019608 0.52941176
v -14.00000000 244.00000000 603.00000000 0.56862745 0.52941176 0.57254902
v -13.00000000 244.00000000 603.00000000 0.58431373 0.54509804 0.58823529
v -12.00000000 244.00000000 603.00000000 0.61960784 0.58039216 0.62352941
v -11.00000000 244.00000000 603.00000000 0.68235294 0.64313725 0.67843137
v -10.00000000 244.00000000 603.00000000 0.69411765 0.65490196 0.69019608
v -9.00000000 244.00000000 603.00000000 0.73725490 0.69803922 0.73333333
v -8.00000000 243.00000000 602.00000000 0.76470588 0.72549020 0.76078431
v -3.00000000 244.00000000 603.00000000 0.96470588 0.92156863 0.95294118
v 1.00000000 246.00000000 609.00000000 0.99607843 0.95294118 0.98431373
v 3.00000000 248.00000000 614.00000000 0.99607843 0.95294118 0.98431373
v -38.00000000 236.00000000 583.00000000 0.36078431 0.20392157 0.20392157
v -37.00000000 236.00000000 583.00000000 0.38823529 0.19215686 0.18823529
v -36.00000000 236.00000000 583.00000000 0.41960784 0.20000000 0.19607843
v -35.00000000 236.00000000 583.00000000 0.52941176 0.25882353 0.27058824
v -34.00000000 236.00000000 583.00000000 0.54509804 0.27058824 0.27843137
v -33.00000000 236.00000000 583.00000000 0.60392157 0.30980392 0.32549020
v -32.00000000 236.00000000 583.00000000 0.61960784 0.32549020 0.34117647
v -31.00000000 236.00000000 583.00000000 0.63529412 0.34117647 0.35686275
v -30.00000000 236.00000000 583.00000000 0.67843137 0.38039216 0.38823529
v -29.00000000 236.00000000 582.00000000 0.69411765 0.39607843 0.40392157
v -28.00000000 236.00000000 583.00000000 0.70588235 0.40784314 0.40784314
v -27.00000000 236.00000000 583.00000000 0.70980392 0.40392157 0.40392157
v -26.00000000 236.00000000 583.00000000 0.74117647 0.43529412 0.43529412
v -25.00000000 236.00000000 583.00000000 0.73333333 0.41960784 0.41568627
v -22.00000000 238.00000000 587.00000000 0.79607843 0.51764706 0.50196078
v -21.00000000 239.00000000 590.00000000 0.83921569 0.55686275 0.56078431
v -20.00000000 240.00000000 592.00000000 0.87058824 0.58823529 0.59215686
v -19.00000000 242.00000000 598.00000000 0.38431373 0.21960784 0.23529412
v -18.00000000 243.00000000 599.00000000 0.35294118 0.29411765 0.32156863
v -17.00000000 244.00000000 602.00000000 0.40000000 0.39607843 0.41960784
v -16.00000000 245.00000000 603.00000000 0.42745098 0.42352941 0.44705882
v -15.00000000 245.00000000 604.00000000 0.49803922 0.47450980 0.51372549
v -12.00000000 245.00000000 603.00000000 0.62745098 0.58823529 0.63137255
v -11.00000000 245.00000000 603.00000000 0.68235294 0.64313725 0.67843137
v -8.00000000 244.00000000 602.00000000 0.76078431 0.72156863 0.75686275
v -7.00000000 244.00000000 602.00000000 0.80784314 0.76862745 0.80392157
v -6.00000000 244.00000000 602.00000000 0.86666667 0.82745098 0.86274510
v -5.00000000 244.00000000 602.00000000 0.91764706 0.87843137 0.91372549
v -4.00000000 244.00000000 602.00000000 0.93725490 0.89803922 0.92941176
v -2.00000000 245.00000000 604.00000000 0.98823529 0.94509804 0.97647059
v -1.00000000 245.00000000 605.00000000 0.98823529 0.94509804 0.97647059
v 0.00000000 246.00000000 607.00000000 1.00000000 0.95686275 0.98823529
v 4.00000000 250.00000000 617.00000000 0.99215686 0.94901961 0.98039216
v -24.00000000 237.00000000 583.00000000 0.74509804 0.43137255 0.42745098
v -21.00000000 240.00000000 590.00000000 0.84705882 0.57254902 0.57254902
v -20.00000000 241.00000000 592.00000000 0.88627451 0.61176471 0.61176471
v -19.00000000 243.00000000 598.00000000 0.39215686 0.23137255 0.24705882
v -18.00000000 244.00000000 600.00000000 0.36470588 0.30196078 0.34117647
v -14.00000000 245.00000000 603.00000000 0.56470588 0.52549020 0.56862745
v -13.00000000 245.00000000 603.00000000 0.59607843 0.55686275 0.59215686
v 2.00000000 248.00000000 611.00000000 0.99607843 0.95294118 0.98431373
v -35.00000000 237.00000000 582.00000000 0.48627451 0.25098039 0.25098039
v -34.00000000 237.00000000 582.00000000 0.51764706 0.25882353 0.26666667
v -33.00000000 237.00000000 582.00000000 0.60784314 0.31764706 0.32156863
v -32.00000000 237.00000000 582.00000000 0.61568627 0.32549020 0.32941176
v -31.00000000 237.00000000 582.00000000 0.64313725 0.35294118 0.34901961
v -28.00000000 237.00000000 582.00000000 0.68627451 0.37254902 0.36862745
v -27.00000000 237.00000000 582.00000000 0.68627451 0.37254902 0.36862745
v -26.00000000 237.00000000 582.00000000 0.71372549 0.39607843 0.38431373
v -25.00000000 237.00000000 582.00000000 0.74117647 0.42352941 0.41176471
v -24.00000000 238.00000000 583.00000000 0.76078431 0.44705882 0.44313725
v -23.00000000 238.00000000 585.00000000 0.79215686 0.51372549 0.50588235
v -22.00000000 239.00000000 587.00000000 0.85098039 0.58431373 0.57254902
v -21.00000000 241.00000000 591.00000000 0.84313725 0.57647059 0.58039216
v -20.00000000 242.00000000 593.00000000 0.88235294 0.60784314 0.61568627
v -19.00000000 244.00000000 599.00000000 0.38039216 0.21960784 0.24313725
v -18.00000000 245.00000000 600.00000000 0.36078431 0.29803922 0.33725490
v -17.00000000 245.00000000 602.00000000 0.38431373 0.38431373 0.41568627
v -10.00000000 245.00000000 602.00000000 0.67843137 0.65098039 0.68235294
v -9.00000000 245.00000000 602.00000000 0.72156863 0.69411765 0.72549020
v -8.00000000 245.00000000 602.00000000 0.74509804 0.71764706 0.74901961
v -7.00000000 245.00000000 602.00000000 0.78431373 0.75686275 0.78823529
v -6.00000000 245.00000000 602.00000000 0.84705882 0.81568627 0.85882353
v -5.00000000 245.00000000 602.00000000 0.87843137 0.84705882 0.89019608
v -4.00000000 245.00000000 602.00000000 0.92549020 0.88627451 0.91764706
v -3.00000000 245.00000000 602.00000000 0.95294118 0.91372549 0.94509804
v -1.00000000 246.00000000 604.00000000 0.98823529 0.94509804 0.97647059
v 0.00000000 247.00000000 606.00000000 0.98823529 0.94901961 0.98039216
v 1.00000000 247.00000000 607.00000000 0.99215686 0.95294118 0.98431373
v 3.00000000 249.00000000 612.00000000 0.99607843 0.95294118 0.98431373
v 4.00000000 251.00000000 616.00000000 0.98823529 0.94509804 0.97647059
v -38.00000000 237.00000000 581.00000000 0.35294118 0.19607843 0.19607843
v -37.00000000 237.00000000 581.00000000 0.37647059 0.18823529 0.18823529
v -36.00000000 237.00000000 581.00000000 0.41176471 0.20000000 0.19215686
v -30.00000000 237.00000000 581.00000000 0.63529412 0.33333333 0.30980392
v -29.00000000 237.00000000 581.00000000 0.65098039 0.33725490 0.30980392
v -25.00000000 238.00000000 582.00000000 0.75294118 0.44313725 0.42745098
v -23.00000000 239.00000000 585.00000000 0.84705882 0.52941176 0.51372549
v -22.00000000 240.00000000 588.00000000 0.85098039 0.59607843 0.58823529
v -21.00000000 242.00000000 591.00000000 0.86274510 0.61960784 0.63921569
v -18.00000000 246.00000000 602.00000000 0.35294118 0.34117647 0.36862745
v -17.00000000 246.00000000 603.00000000 0.38431373 0.38039216 0.40392157
v -16.00000000 246.00000000 603.00000000 0.41568627 0.40392157 0.43921569
v -15.00000000 246.00000000 603.00000000 0.47450980 0.44705882 0.47843137
v -14.00000000 246.00000000 603.00000000 0.50980392 0.47843137 0.52156863
v -13.00000000 246.00000000 603.00000000 0.57647059 0.55294118 0.59215686
v -12.00000000 246.00000000 602.00000000 0.63137255 0.60784314 0.64705882
v -11.00000000 246.00000000 602.00000000 0.64705882 0.62352941 0.66274510
v -10.00000000 246.00000000 602.00000000 0.68235294 0.65490196 0.68627451
v -7.00000000 246.00000000 601.00000000 0.80784314 0.78039216 0.80784314
v -6.00000000 246.00000000 601.00000000 0.83529412 0.80784314 0.83529412
v -4.00000000 246.00000000 602.00000000 0.92156863 0.88235294 0.91764706
v -3.00000000 246.00000000 602.00000000 0.94509804 0.90588235 0.94117647
v -2.00000000 246.00000000 603.00000000 0.98039216 0.94117647 0.97647059
v -1.00000000 247.00000000 604.00000000 0.98039216 0.94117647 0.97254902
v 1.00000000 248.00000000 607.00000000 0.99607843 0.95294118 0.98431373
v 2.00000000 249.00000000 610.00000000 0.99607843 0.95294118 0.98431373
v -31.00000000 238.00000000 581.00000000 0.57647059 0.28235294 0.27058824
v -29.00000000 238.00000000 580.00000000 0.61960784 0.30980392 0.29019608
v -27.00000000 238.00000000 581.00000000 0.70588235 0.39607843 0.37647059
v -26.00000000 238.00000000 581.00000000 0.72549020 0.42352941 0.40000000
v -23.00000000 240.00000000 585.00000000 0.86274510 0.55686275 0.54117647
v -22.00000000 241.00000000 588.00000000 0.83137255 0.59215686 0.58823529
v -20.00000000 243.00000000 594.00000000 0.77647059 0.56078431 0.58039216
v -18.00000000 247.00000000 602.00000000 0.35686275 0.34509804 0.38039216
v -17.00000000 247.00000000 603.00000000 0.38431373 0.38039216 0.41176471
v -16.00000000 247.00000000 603.00000000 0.41176471 0.40392157 0.44705882
v -15.00000000 247.00000000 603.00000000 0.46666667 0.44705882 0.47450980
v -14.00000000 247.00000000 603.00000000 0.50196078 0.47843137 0.51764706
v -12.00000000 247.00000000 602.00000000 0.62745098 0.60392157 0.64313725
v -11.00000000 247.00000000 602.00000000 0.65098039 0.62745098 0.66666667
v -10.00000000 247.00000000 602.00000000 0.68235294 0.65490196 0.68627451
v -9.00000000 246.00000000 601.00000000 0.72941176 0.69019608 0.72549020
v -8.00000000 246.00000000 601.00000000 0.74901961 0.70980392 0.74509804
v -5.00000000 246.00000000 601.00000000 0.87058824 0.83137255 0.86274510
v -4.00000000 247.00000000 602.00000000 0.92156863 0.88235294 0.91764706
v -3.00000000 247.00000000 602.00000000 0.94117647 0.90196078 0.93725490
v -2.00000000 247.00000000 603.00000000 0.97647059 0.93725490 0.97254902
v 0.00000000 248.00000000 605.00000000 0.98823529 0.94509804 0.97647059
v 3.00000000 250.00000000 611.00000000 0.99607843 0.95294118 0.98431373
v -30.00000000 238.00000000 580.00000000 0.62745098 0.31764706 0.29803922
v -28.00000000 238.00000000 580.00000000 0.68627451 0.36078431 0.33725490
v -27.00000000 239.00000000 581.00000000 0.72941176 0.41568627 0.38823529
v -26.00000000 239.00000000 581.00000000 0.75294118 0.44313725 0.42352941
v -25.00000000 239.00000000 582.00000000 0.81960784 0.51764706 0.49411765
v -24.00000000 239.00000000 583.00000000 0.85882353 0.55686275 0.53333333
v -24.00000000 240.00000000 584.00000000 0.89019608 0.60392157 0.58039216
v -23.00000000 241.00000000 586.00000000 0.87450980 0.59607843 0.58039216
v -22.00000000 242.00000000 589.00000000 0.83529412 0.60000000 0.59607843
v -21.00000000 243.00000000 592.00000000 0.80784314 0.61568627 0.63137255
v -20.00000000 244.00000000 594.00000000 0.63921569 0.47450980 0.49019608
v -17.00000000 248.00000000 603.00000000 0.38039216 0.37647059 0.40784314
v -13.00000000 247.00000000 602.00000000 0.56078431 0.53725490 0.57647059
v -9.00000000 247.00000000 601.00000000 0.72156863 0.69411765 0.72549020
v -8.00000000 247.00000000 601.00000000 0.74117647 0.71372549 0.74509804
v -7.00000000 247.00000000 601.00000000 0.80000000 0.77254902 0.80000000
v -6.00000000 247.00000000 601.00000000 0.82745098 0.80000000 0.82745098
v 1.00000000 249.00000000 606.00000000 0.99215686 0.94901961 0.98039216
v 5.00000000 253.00000000 617.00000000 0.98823529 0.94509804 0.97647059
v -37.00000000 238.00000000 579.00000000 0.35294118 0.20392157 0.20000000
v -36.00000000 238.00000000 579.00000000 0.37254902 0.20000000 0.19607843
v -35.00000000 238.00000000 579.00000000 0.42352941 0.21176471 0.20392157
v -34.00000000 238.00000000 579.00000000 0.46666667 0.23137255 0.23137255
v -33.00000000 238.00000000 579.00000000 0.50588235 0.23137255 0.23921569
v -32.00000000 238.00000000 579.00000000 0.52156863 0.24313725 0.23529412
v -31.00000000 239.00000000 580.00000000 0.61176471 0.30196078 0.28627451
v -26.00000000 240.00000000 582.00000000 0.77254902 0.46274510 0.43529412
v -25.00000000 240.00000000 583.00000000 0.83529412 0.53333333 0.50980392
v -24.00000000 241.00000000 585.00000000 0.87058824 0.60000000 0.57254902
v -22.00000000 243.00000000 590.00000000 0.82745098 0.61176471 0.60000000
v -21.00000000 244.00000000 593.00000000 0.75686275 0.60000000 0.60392157
v -18.00000000 248.00000000 603.00000000 0.36862745 0.35686275 0.39215686
v -17.00000000 249.00000000 604.00000000 0.37647059 0.37254902 0.40392157
v -16.00000000 248.00000000 603.00000000 0.39215686 0.38823529 0.41960784
v -15.00000000 248.00000000 603.00000000 0.44705882 0.44705882 0.47843137
v -14.00000000 248.00000000 603.00000000 0.48627451 0.47450980 0.50980392
v -13.00000000 248.00000000 602.00000000 0.56470588 0.54117647 0.58039216
v -12.00000000 248.00000000 602.00000000 0.59607843 0.57254902 0.61176471
v -11.00000000 248.00000000 602.00000000 0.64705882 0.62352941 0.66274510
v -5.00000000 247.00000000 600.00000000 0.85490196 0.82745098 0.85490196
v -2.00000000 248.00000000 603.00000000 0.97254902 0.93333333 0.96862745
v -1.00000000 248.00000000 603.00000000 0.98039216 0.94117647 0.97254902
v 2.00000000 250.00000000 608.00000000 0.99215686 0.94901961 0.98039216
v 4.00000000 252.00000000 613.00000000 0.99215686 0.94901961 0.98039216
v -36.00000000 239.00000000 578.00000000 0.35686275 0.20000000 0.20000000
v -30.00000000 239.00000000 580.00000000 0.65098039 0.32549020 0.30196078
v -29.00000000 239.00000000 580.00000000 0.70196078 0.36078431 0.33333333
v -28.00000000 239.00000000 580.00000000 0.73333333 0.39215686 0.36470588
v -27.00000000 240.00000000 581.00000000 0.76862745 0.44313725 0.41176471
v -25.00000000 241.00000000 583.00000000 0.83137255 0.53725490 0.51372549
v -24.00000000 242.00000000 585.00000000 0.83137255 0.56862745 0.53725490
v -23.00000000 242.00000000 586.00000000 0.81960784 0.56470588 0.54117647
v -22.00000000 244.00000000 590.00000000 0.83529412 0.61568627 0.61176471
v -21.00000000 245.00000000 594.00000000 0.61960784 0.48235294 0.49803922
v -18.00000000 249.00000000 603.00000000 0.36862745 0.35686275 0.39215686
v -16.00000000 249.00000000 603.00000000 0.39607843 0.40784314 0.42745098
v -15.00000000 249.00000000 603.00000000 0.44705882 0.45098039 0.47058824
v -14.00000000 249.00000000 603.00000000 0.52156863 0.49803922 0.53725490
v -13.00000000 249.00000000 602.00000000 0.56862745 0.54509804 0.58431373
v -12.00000000 249.00000000 602.00000000 0.60000000 0.57647059 0.61568627
v -11.00000000 249.00000000 602.00000000 0.64705882 0.62352941 0.66274510
v -10.00000000 248.00000000 601.00000000 0.65490196 0.63529412 0.66274510
v -9.00000000 248.00000000 601.00000000 0.70980392 0.69019608 0.71764706
v -4.00000000 248.00000000 601.00000000 0.90588235 0.86666667 0.90196078
v -3.00000000 248.00000000 601.00000000 0.92156863 0.88235294 0.91764706
v -2.00000000 249.00000000 602.00000000 0.97254902 0.93333333 0.96862745
v 0.00000000 249.00000000 604.00000000 0.98823529 0.94509804 0.97647059
v 1.00000000 250.00000000 605.00000000 0.98823529 0.94509804 0.97647059
v 3.00000000 251.00000000 609.00000000 0.99607843 0.95294118 0.98431373
v -32.00000000 239.00000000 578.00000000 0.54901961 0.27843137 0.25882353
v -30.00000000 240.00000000 579.00000000 0.67058824 0.34509804 0.32156863
v -28.00000000 240.00000000 580.00000000 0.74509804 0.40392157 0.37647059
v -27.00000000 241.00000000 582.00000000 0.76862745 0.45490196 0.41960784
v -26.00000000 241.00000000 582.00000000 0.79607843 0.48627451 0.45882353
v -25.00000000 242.00000000 584.00000000 0.82745098 0.54117647 0.51372549
v -24.00000000 243.00000000 586.00000000 0.81960784 0.55686275 0.52549020
v -23.00000000 243.00000000 587.00000000 0.81960784 0.57254902 0.54509804
v -22.00000000 245.00000000 591.00000000 0.83921569 0.62745098 0.61960784
v -21.00000000 246.00000000 595.00000000 0.49019608 0.37647059 0.38431373
v -18.00000000 250.00000000 603.00000000 0.36078431 0.34901961 0.39215686
v -17.00000000 250.00000000 604.00000000 0.37647059 0.37254902 0.40392157
v -16.00000000 250.00000000 604.00000000 0.40784314 0.40784314 0.43921569
v -10.00000000 249.00000000 601.00000000 0.65882353 0.63921569 0.66666667
v -9.00000000 249.00000000 601.00000000 0.71372549 0.69411765 0.72156863
v -8.00000000 248.00000000 600.00000000 0.76078431 0.73333333 0.76470588
v -7.00000000 248.00000000 600.00000000 0.77647059 0.74901961 0.78039216
v -6.00000000 248.00000000 600.00000000 0.81960784 0.79215686 0.81960784
v -5.00000000 248.00000000 600.00000000 0.83921569 0.81176471 0.83921569
v -3.00000000 249.00000000 601.00000000 0.91372549 0.87450980 0.90980392
v -1.00000000 249.00000000 602.00000000 0.98039216 0.94117647 0.97254902
v 0.00000000 250.00000000 604.00000000 0.98823529 0.94509804 0.97647059
v 2.00000000 251.00000000 607.00000000 1.00000000 0.95686275 0.98823529
v 4.00000000 253.00000000 612.00000000 0.99215686 0.94901961 0.98039216
v -35.00000000 239.00000000 577.00000000 0.41960784 0.25490196 0.25882353
v -34.00000000 239.00000000 577.00000000 0.49019608 0.26274510 0.25490196
v -33.00000000 239.00000000 577.00000000 0.52549020 0.27450980 0.26666667
v -29.00000000 240.00000000 579.00000000 0.69803922 0.37254902 0.34901961
v -28.00000000 241.00000000 580.00000000 0.74509804 0.41176471 0.38431373
v -26.00000000 242.00000000 583.00000000 0.80392157 0.52941176 0.49019608
v -25.00000000 243.00000000 585.00000000 0.81176471 0.54509804 0.50980392
v -24.00000000 244.00000000 587.00000000 0.82745098 0.56470588 0.53333333
v -23.00000000 244.00000000 588.00000000 0.83921569 0.58431373 0.56078431
v -22.00000000 246.00000000 592.00000000 0.75294118 0.55294118 0.54117647
v -21.00000000 247.00000000 596.00000000 0.42352941 0.34509804 0.34901961
v -15.00000000 250.00000000 603.00000000 0.43921569 0.43137255 0.47450980
v -13.00000000 250.00000000 602.00000000 0.55686275 0.53333333 0.57254902
v -12.00000000 250.00000000 602.00000000 0.59215686 0.56862745 0.60784314
v -8.00000000 249.00000000 600.00000000 0.73725490 0.71764706 0.74509804
v -7.00000000 249.00000000 600.00000000 0.77647059 0.74901961 0.78039216
v -6.00000000 249.00000000 600.00000000 0.81960784 0.79215686 0.81960784
v -5.00000000 249.00000000 600.00000000 0.83529412 0.81568627 0.83921569
v -4.00000000 249.00000000 600.00000000 0.88627451 0.85882353 0.89019608
v -2.00000000 250.00000000 602.00000000 0.95294118 0.91372549 0.94901961
v -1.00000000 250.00000000 602.00000000 0.97254902 0.93333333 0.96470588
v 3.00000000 252.00000000 608.00000000 1.00000000 0.95686275 0.98823529
v 5.00000000 254.00000000 613.00000000 0.98431373 0.94117647 0.97254902
v -31.00000000 240.00000000 578.00000000 0.63529412 0.34117647 0.31764706
v -27.00000000 242.00000000 582.00000000 0.76862745 0.46666667 0.42745098
v -26.00000000 243.00000000 583.00000000 0.77254902 0.48627451 0.45098039
v -24.00000000 245.00000000 588.00000000 0.81960784 0.56862745 0.53333333
v -23.00000000 245.00000000 589.00000000 0.82352941 0.56862745 0.54509804
v -23.00000000 246.00000000 591.00000000 0.78039216 0.54901961 0.52549020
v -22.00000000 247.00000000 593.00000000 0.61176471 0.41960784 0.40392157
v -21.00000000 248.00000000 597.00000000 0.40784314 0.33725490 0.33725490
v -18.00000000 251.00000000 604.00000000 0.32549020 0.32156863 0.37647059
v -17.00000000 251.00000000 604.00000000 0.34901961 0.36470588 0.40000000
v -14.00000000 250.00000000 602.00000000 0.51372549 0.50196078 0.53725490
v -11.00000000 250.00000000 601.00000000 0.63529412 0.61176471 0.65098039
v -7.00000000 250.00000000 600.00000000 0.77254902 0.74509804 0.77647059
v -3.00000000 250.00000000 601.00000000 0.90196078 0.86274510 0.89803922
v 0.00000000 251.00000000 603.00000000 0.99215686 0.94901961 0.98039216
v 1.00000000 251.00000000 604.00000000 0.98823529 0.94509804 0.97647059
v 2.00000000 252.00000000 606.00000000 0.99607843 0.95294118 0.98431373
v 4.00000000 254.00000000 610.00000000 0.99215686 0.94901961 0.98039216
v 6.00000000 256.00000000 616.00000000 0.96862745 0.92549020 0.95686275
v -35.00000000 240.00000000 575.00000000 0.38039216 0.23921569 0.23921569
v -34.00000000 240.00000000 575.00000000 0.41960784 0.23921569 0.23921569
v -30.00000000 241.00000000 578.00000000 0.67058824 0.34117647 0.30196078
v -29.00000000 241.00000000 579.00000000 0.71764706 0.40392157 0.36078431
v -28.00000000 242.00000000 580.00000000 0.73333333 0.43137255 0.39215686
v -27.00000000 243.00000000 582.00000000 0.78039216 0.47058824 0.45098039
v -26.00000000 244.00000000 584.00000000 0.76862745 0.47450980 0.45098039
v -25.00000000 244.00000000 585.00000000 0.78431373 0.52941176 0.51372549
v -23.00000000 247.00000000 592.00000000 0.62352941 0.45882353 0.46274510
v -21.00000000 249.00000000 597.00000000 0.36078431 0.37254902 0.40000000
v -18.00000000 252.00000000 604.00000000 0.29411765 0.32156863 0.36078431
v -17.00000000 252.00000000 604.00000000 0.34117647 0.36862745 0.40784314
v -16.00000000 251.00000000 603.00000000 0.37647059 0.38431373 0.43529412
v -15.00000000 251.00000000 603.00000000 0.42352941 0.41568627 0.47058824
v -14.00000000 251.00000000 602.00000000 0.50588235 0.49803922 0.54117647
v -13.00000000 251.00000000 601.00000000 0.54509804 0.54117647 0.57254902
v -12.00000000 251.00000000 601.00000000 0.57647059 0.57254902 0.60392157
v -10.00000000 250.00000000 600.00000000 0.65098039 0.63921569 0.67450980
v -9.00000000 250.00000000 600.00000000 0.71764706 0.69803922 0.72549020
v -6.00000000 250.00000000 599.00000000 0.83137255 0.79215686 0.82352941
v -4.00000000 250.00000000 600.00000000 0.87058824 0.84313725 0.87450980
v -1.00000000 251.00000000 602.00000000 0.95294118 0.91372549 0.94901961
v 1.00000000 252.00000000 604.00000000 0.99215686 0.95294118 0.98431373
v 3.00000000 253.00000000 607.00000000 1.00000000 0.95686275 0.98823529
v -33.00000000 240.00000000 575.00000000 0.52156863 0.29803922 0.27058824
v -32.00000000 240.00000000 575.00000000 0.57254902 0.31764706 0.29411765
v -29.00000000 242.00000000 579.00000000 0.69019608 0.40000000 0.36470588
v -27.00000000 244.00000000 583.00000000 0.78039216 0.49019608 0.45490196
v -25.00000000 245.00000000 586.00000000 0.76470588 0.54117647 0.49803922
v -24.00000000 246.00000000 589.00000000 0.70196078 0.52941176 0.51764706
v -22.00000000 248.00000000 594.00000000 0.35686275 0.33333333 0.34901961
v -21.00000000 250.00000000 598.00000000 0.31764706 0.37647059 0.40392157
v -20.00000000 251.00000000 601.00000000 0.27450980 0.34117647 0.37254902
v -16.00000000 252.00000000 603.00000000 0.37254902 0.38823529 0.43137255
v -8.00000000 250.00000000 599.00000000 0.75686275 0.72941176 0.75686275
v -5.00000000 250.00000000 599.00000000 0.85098039 0.81176471 0.84313725
v -2.00000000 251.00000000 601.00000000 0.93333333 0.89411765 0.92941176
v 0.00000000 252.00000000 603.00000000 0.98039216 0.94117647 0.97254902
v 2.00000000 253.00000000 606.00000000 0.99215686 0.95294118 0.98431373
v 5.00000000 255.00000000 611.00000000 0.98823529 0.93725490 0.97254902
v -34.00000000 241.00000000 574.00000000 0.38431373 0.21960784 0.23529412
v -31.00000000 241.00000000 576.00000000 0.64705882 0.34509804 0.32156863
v -28.00000000 243.00000000 580.00000000 0.74509804 0.43529412 0.40784314
v -26.00000000 245.00000000 584.00000000 0.77647059 0.49019608 0.46274510
v -25.00000000 246.00000000 587.00000000 0.74509804 0.51764706 0.47450980
v -24.00000000 247.00000000 590.00000000 0.52156863 0.44313725 0.43921569
v -23.00000000 249.00000000 593.00000000 0.31764706 0.34901961 0.35686275
v -22.00000000 249.00000000 595.00000000 0.30980392 0.36862745 0.38039216
v -21.00000000 251.00000000 598.00000000 0.28627451 0.38431373 0.40392157
v -20.00000000 252.00000000 601.00000000 0.28627451 0.37647059 0.40784314
v -16.00000000 253.00000000 603.00000000 0.40392157 0.40392157 0.43529412
v -15.00000000 252.00000000 602.00000000 0.42352941 0.41568627 0.45882353
v -14.00000000 252.00000000 602.00000000 0.46666667 0.45882353 0.50196078
v -13.00000000 252.00000000 601.00000000 0.53333333 0.52549020 0.56862745
v -12.00000000 252.00000000 601.00000000 0.56862745 0.56078431 0.60392157
v -11.00000000 251.00000000 600.00000000 0.63529412 0.62352941 0.66666667
v -10.00000000 251.00000000 600.00000000 0.65882353 0.64705882 0.68235294
v -9.00000000 251.00000000 600.00000000 0.70980392 0.69019608 0.71764706
v -8.00000000 251.00000000 600.00000000 0.72549020 0.70588235 0.73333333
v -7.00000000 251.00000000 600.00000000 0.77647059 0.75686275 0.78039216
v -6.00000000 251.00000000 599.00000000 0.82352941 0.80000000 0.81568627
v -5.00000000 251.00000000 599.00000000 0.84313725 0.81568627 0.84313725
v -4.00000000 251.00000000 600.00000000 0.87058824 0.84313725 0.87450980
v -3.00000000 251.00000000 600.00000000 0.88235294 0.85490196 0.88627451
v -2.00000000 252.00000000 601.00000000 0.93333333 0.89411765 0.92941176
v -1.00000000 252.00000000 601.00000000 0.94117647 0.90196078 0.93725490
v 3.00000000 254.00000000 606.00000000 1.00000000 0.95686275 0.98823529
v 5.00000000 256.00000000 610.00000000 0.99215686 0.94117647 0.97647059
v 6.00000000 257.00000000 614.00000000 0.97254902 0.92941176 0.96078431
v 7.00000000 258.00000000 616.00000000 0.95686275 0.91372549 0.94509804
v -33.00000000 241.00000000 573.00000000 0.38039216 0.21960784 0.21176471
v -32.00000000 241.00000000 574.00000000 0.52549020 0.29411765 0.27058824
v -30.00000000 242.00000000 576.00000000 0.63921569 0.36078431 0.33725490
v -28.00000000 244.00000000 581.00000000 0.73333333 0.45882353 0.42745098
v -27.00000000 245.00000000 583.00000000 0.74509804 0.49803922 0.47058824
v -25.00000000 247.00000000 588.00000000 0.56470588 0.42745098 0.40392157
v -24.00000000 248.00000000 591.00000000 0.36078431 0.36078431 0.36862745
v -23.00000000 250.00000000 594.00000000 0.30980392 0.38431373 0.40000000
v -22.00000000 250.00000000 596.00000000 0.30196078 0.39607843 0.41176471
v -21.00000000 252.00000000 599.00000000 0.28235294 0.38039216 0.40000000
v -19.00000000 253.00000000 602.00000000 0.25098039 0.32941176 0.36470588
v -17.00000000 253.00000000 603.00000000 0.30588235 0.35686275 0.38039216
v -15.00000000 253.00000000 602.00000000 0.41960784 0.41960784 0.45098039
v -11.00000000 252.00000000 600.00000000 0.63529412 0.62745098 0.67058824
v -6.00000000 252.00000000 599.00000000 0.81568627 0.79607843 0.81960784
v -5.00000000 252.00000000 599.00000000 0.83529412 0.81568627 0.83137255
v -4.00000000 252.00000000 600.00000000 0.87058824 0.84313725 0.87058824
v -3.00000000 252.00000000 600.00000000 0.88235294 0.85490196 0.88627451
v 0.00000000 253.00000000 602.00000000 0.97647059 0.93725490 0.96862745
v 1.00000000 253.00000000 603.00000000 0.98823529 0.94901961 0.98039216
v 4.00000000 255.00000000 608.00000000 0.99607843 0.95294118 0.98431373
v -32.00000000 242.00000000 574.00000000 0.41568627 0.26666667 0.26274510
v -31.00000000 242.00000000 574.00000000 0.48235294 0.30588235 0.29411765
v -29.00000000 243.00000000 578.00000000 0.65098039 0.41568627 0.37254902
v -27.00000000 246.00000000 583.00000000 0.60784314 0.45882353 0.44705882
v -26.00000000 246.00000000 585.00000000 0.53333333 0.42352941 0.41960784
v -25.00000000 248.00000000 588.00000000 0.38039216 0.35686275 0.37254902
v -24.00000000 249.00000000 591.00000000 0.31764706 0.35294118 0.37254902
v -22.00000000 251.00000000 596.00000000 0.29411765 0.37254902 0.37647059
v -20.00000000 253.00000000 601.00000000 0.29019608 0.36470588 0.38823529
v -17.00000000 254.00000000 603.00000000 0.29803922 0.36470588 0.39215686
v -16.00000000 254.00000000 603.00000000 0.33333333 0.38431373 0.41568627
v -14.00000000 253.00000000 601.00000000 0.48627451 0.47843137 0.53333333
v -13.00000000 253.00000000 601.00000000 0.52156863 0.51372549 0.56470588
v -12.00000000 253.00000000 601.00000000 0.60000000 0.59215686 0.64313725
v -10.00000000 252.00000000 599.00000000 0.67450980 0.66274510 0.70588235
v -9.00000000 252.00000000 599.00000000 0.69803922 0.68627451 0.72156863
v -8.00000000 252.00000000 599.00000000 0.71372549 0.70196078 0.73725490
v -7.00000000 252.00000000 599.00000000 0.77647059 0.75686275 0.78431373
v -1.00000000 253.00000000 601.00000000 0.94509804 0.90588235 0.94117647
v 2.00000000 254.00000000 604.00000000 0.99215686 0.95294118 0.98431373
v 4.00000000 256.00000000 608.00000000 1.00000000 0.96078431 0.99215686
v 5.00000000 257.00000000 609.00000000 1.00000000 0.95686275 0.98823529
v -31.00000000 243.00000000 575.00000000 0.43137255 0.31372549 0.32156863
v -30.00000000 243.00000000 575.00000000 0.49019608 0.33333333 0.33725490
v -29.00000000 244.00000000 578.00000000 0.54509804 0.35686275 0.34901961
v -28.00000000 245.00000000 580.00000000 0.51372549 0.36078431 0.36470588
v -24.00000000 250.00000000 591.00000000 0.30588235 0.37254902 0.40000000
v -21.00000000 253.00000000 598.00000000 0.30980392 0.38823529 0.38431373
v -19.00000000 254.00000000 602.00000000 0.27450980 0.34901961 0.37254902
v -15.00000000 254.00000000 602.00000000 0.36862745 0.41176471 0.43529412
v -11.00000000 253.00000000 600.00000000 0.63137255 0.62352941 0.67450980
v -10.00000000 253.00000000 599.00000000 0.67058824 0.66274510 0.70588235
v -9.00000000 253.00000000 599.00000000 0.69803922 0.68627451 0.72156863
v -8.00000000 253.00000000 599.00000000 0.71372549 0.70196078 0.73725490
v -7.00000000 253.00000000 599.00000000 0.76470588 0.75294118 0.78039216
v -6.00000000 253.00000000 599.00000000 0.79215686 0.77254902 0.80000000
v -5.00000000 253.00000000 599.00000000 0.83137255 0.81176471 0.83529412
v -4.00000000 253.00000000 599.00000000 0.86666667 0.83921569 0.87058824
v -3.00000000 253.00000000 600.00000000 0.88627451 0.85882353 0.89019608
v -2.00000000 253.00000000 600.00000000 0.92156863 0.89411765 0.92549020
v 1.00000000 254.00000000 602.00000000 0.98039216 0.94117647 0.97254902
v 2.00000000 255.00000000 604.00000000 0.99607843 0.95686275 0.98823529
v 3.00000000 255.00000000 605.00000000 1.00000000 0.96078431 0.99215686
v 6.00000000 258.00000000 612.00000000 1.00000000 0.96078431 0.99215686
v 7.00000000 259.00000000 614.00000000 1.00000000 0.95686275 0.98823529
v -23.00000000 251.00000000 594.00000000 0.30588235 0.38431373 0.38823529
v -20.00000000 254.00000000 601.00000000 0.28235294 0.37647059 0.38431373
v -14.00000000 254.00000000 601.00000000 0.47450980 0.48235294 0.52941176
v -13.00000000 254.00000000 601.00000000 0.51764706 0.51764706 0.56470588
v -12.00000000 254.00000000 601.00000000 0.55686275 0.55686275 0.60392157
v -11.00000000 254.00000000 600.00000000 0.62745098 0.62745098 0.67450980
v -10.00000000 254.00000000 599.00000000 0.67450980 0.66666667 0.70980392
v -2.00000000 254.00000000 600.00000000 0.92156863 0.89411765 0.92549020
v -1.00000000 254.00000000 601.00000000 0.92941176 0.90196078 0.93333333
v 0.00000000 254.00000000 601.00000000 0.96862745 0.92941176 0.96078431
v 2.00000000 256.00000000 604.00000000 0.99607843 0.95686275 0.98823529
v 3.00000000 256.00000000 605.00000000 1.00000000 0.96078431 0.99215686
v 4.00000000 257.00000000 607.00000000 1.00000000 0.96470588 0.99607843
v 6.00000000 259.00000000 611.00000000 1.00000000 0.96078431 0.99215686
v 7.00000000 260.00000000 613.00000000 1.00000000 0.95686275 0.98823529
v -31.00000000 244.00000000 574.00000000 0.21960784 0.31372549 0.35294118
v -30.00000000 244.00000000 575.00000000 0.24313725 0.32156863 0.35686275
v -29.00000000 245.00000000 577.00000000 0.24705882 0.31764706 0.35686275
v -26.00000000 247.00000000 583.00000000 0.27450980 0.34509804 0.36078431
v -22.00000000 252.00000000 595.00000000 0.30196078 0.40392157 0.40784314
v -19.00000000 255.00000000 601.00000000 0.27843137 0.37647059 0.39215686
v -17.00000000 255.00000000 602.00000000 0.25882353 0.32549020 0.35294118
v -16.00000000 255.00000000 602.00000000 0.33333333 0.38431373 0.40784314
v -15.00000000 255.00000000 602.00000000 0.38039216 0.41568627 0.44313725
v -14.00000000 255.00000000 601.00000000 0.47058824 0.47843137 0.52549020
v -13.00000000 255.00000000 601.00000000 0.50196078 0.50980392 0.55686275
v -12.00000000 255.00000000 600.00000000 0.59215686 0.59215686 0.63921569
v -11.00000000 255.00000000 600.00000000 0.61960784 0.61960784 0.66666667
v -9.00000000 254.00000000 599.00000000 0.69803922 0.68627451 0.72156863
v -8.00000000 254.00000000 599.00000000 0.74509804 0.72156863 0.76078431
v -7.00000000 254.00000000 599.00000000 0.76470588 0.74117647 0.78039216
v -6.00000000 254.00000000 599.00000000 0.79215686 0.76862745 0.80784314
v -5.00000000 254.00000000 599.00000000 0.83921569 0.81960784 0.84705882
v -4.00000000 254.00000000 599.00000000 0.86666667 0.83921569 0.87058824
v -3.00000000 254.00000000 599.00000000 0.87843137 0.85098039 0.88235294
v -2.00000000 255.00000000 600.00000000 0.91764706 0.89019608 0.92156863
v 0.00000000 255.00000000 601.00000000 0.97254902 0.93333333 0.96470588
v 1.00000000 255.00000000 602.00000000 0.98431373 0.94509804 0.97647059
v 5.00000000 258.00000000 609.00000000 1.00000000 0.95686275 0.98823529
v -27.00000000 247.00000000 581.00000000 0.24313725 0.34117647 0.35686275
v -25.00000000 249.00000000 586.00000000 0.26274510 0.35686275 0.37254902
v -24.00000000 251.00000000 590.00000000 0.28627451 0.38823529 0.38431373
v -23.00000000 252.00000000 593.00000000 0.28235294 0.39215686 0.39607843
v -21.00000000 254.00000000 597.00000000 0.27843137 0.38823529 0.39215686
v -17.00000000 256.00000000 602.00000000 0.26666667 0.33333333 0.36078431
v -16.00000000 256.00000000 602.00000000 0.31764706 0.37647059 0.40392157
v -6.00000000 255.00000000 599.00000000 0.80784314 0.76862745 0.80000000
v -5.00000000 255.00000000 599.00000000 0.83921569 0.81568627 0.83137255
v -4.00000000 255.00000000 599.00000000 0.86666667 0.82745098 0.85882353
v -3.00000000 255.00000000 599.00000000 0.89019608 0.85098039 0.88235294
v -1.00000000 255.00000000 600.00000000 0.93333333 0.89411765 0.92549020
v 1.00000000 256.00000000 602.00000000 0.99215686 0.94901961 0.98039216
v 2.00000000 257.00000000 603.00000000 0.99607843 0.95294118 0.98431373
v 3.00000000 257.00000000 604.00000000 1.00000000 0.96078431 0.99215686
v -28.00000000 246.00000000 578.00000000 0.23529412 0.33333333 0.35294118
v -27.00000000 248.00000000 581.00000000 0.24313725 0.34117647 0.36078431
v -26.00000000 248.00000000 582.00000000 0.26274510 0.36078431 0.38039216
v -22.00000000 253.00000000 594.00000000 0.29019608 0.40784314 0.40784314
v -20.00000000 255.00000000 599.00000000 0.28235294 0.39215686 0.39607843
v -19.00000000 256.00000000 601.00000000 0.27058824 0.38039216 0.39215686
v -15.00000000 256.00000000 601.00000000 0.37254902 0.41176471 0.44705882
v -14.00000000 256.00000000 601.00000000 0.41568627 0.43921569 0.48627451
v -13.00000000 256.00000000 600.00000000 0.49411765 0.50196078 0.55294118
v -12.00000000 256.00000000 600.00000000 0.53333333 0.54117647 0.59215686
v -11.00000000 256.00000000 600.00000000 0.60392157 0.60392157 0.65098039
v -10.00000000 255.00000000 599.00000000 0.63921569 0.63137255 0.67450980
v -9.00000000 255.00000000 599.00000000 0.70196078 0.69019608 0.72549020
v -8.00000000 255.00000000 599.00000000 0.71764706 0.69411765 0.73333333
v -7.00000000 255.00000000 599.00000000 0.77647059 0.74901961 0.78039216
v 0.00000000 256.00000000 601.00000000 0.97254902 0.93333333 0.96470588
v 4.00000000 258.00000000 606.00000000 1.00000000 0.95686275 0.98823529
v 5.00000000 259.00000000 608.00000000 1.00000000 0.96078431 0.99215686
v 7.00000000 261.00000000 613.00000000 1.00000000 0.96078431 0.99215686
v -30.00000000 245.00000000 574.00000000 0.22745098 0.32549020 0.35294118
v -29.00000000 246.00000000 575.00000000 0.23529412 0.33333333 0.36078431
v -29.00000000 247.00000000 577.00000000 0.23921569 0.33725490 0.36470588
v -25.00000000 250.00000000 585.00000000 0.26274510 0.36078431 0.38039216
v -16.00000000 257.00000000 601.00000000 0.30196078 0.36078431 0.38823529
v -15.00000000 257.00000000 601.00000000 0.36862745 0.40784314 0.44705882
v -10.00000000 256.00000000 599.00000000 0.63529412 0.62745098 0.67058824
v -9.00000000 256.00000000 599.00000000 0.69411765 0.68235294 0.71764706
v -8.00000000 256.00000000 599.00000000 0.70980392 0.69803922 0.73333333
v -2.00000000 256.00000000 599.00000000 0.91764706 0.89019608 0.92156863
v -1.00000000 256.00000000 599.00000000 0.92156863 0.89411765 0.92549020
v 1.00000000 257.00000000 601.00000000 0.98431373 0.94509804 0.98039216
v 6.00000000 260.00000000 609.00000000 1.00000000 0.95686275 0.99215686
v -30.00000000 246.00000000 573.00000000 0.22745098 0.32549020 0.35294118
v -28.00000000 247.00000000 576.00000000 0.22352941 0.32941176 0.35686275
v -26.00000000 249.00000000 581.00000000 0.24705882 0.35686275 0.37254902
v -23.00000000 253.00000000 590.00000000 0.27058824 0.40392157 0.40000000
v -22.00000000 254.00000000 593.00000000 0.27058824 0.40392157 0.40000000
v -21.00000000 255.00000000 596.00000000 0.26666667 0.40000000 0.39607843
v -20.00000000 256.00000000 598.00000000 0.27843137 0.39607843 0.40392157
v -16.00000000 258.00000000 601.00000000 0.29411765 0.35294118 0.38039216
v -15.00000000 258.00000000 601.00000000 0.36862745 0.40784314 0.44705882
v -14.00000000 257.00000000 600.00000000 0.44705882 0.46274510 0.50588235
v -13.00000000 257.00000000 600.00000000 0.47058824 0.47843137 0.52549020
v -12.00000000 257.00000000 600.00000000 0.51764706 0.52549020 0.57254902
v -11.00000000 257.00000000 600.00000000 0.60000000 0.60000000 0.64705882
v -7.00000000 256.00000000 598.00000000 0.77647059 0.75686275 0.78431373
v -6.00000000 256.00000000 598.00000000 0.80000000 0.77254902 0.80392157
v -5.00000000 256.00000000 598.00000000 0.83137255 0.80392157 0.83137255
v -4.00000000 256.00000000 598.00000000 0.85098039 0.82352941 0.85490196
v -3.00000000 256.00000000 598.00000000 0.86666667 0.83921569 0.87058824
v 0.00000000 257.00000000 600.00000000 0.96078431 0.92156863 0.95686275
v 2.00000000 258.00000000 602.00000000 0.98823529 0.94901961 0.98431373
v 3.00000000 258.00000000 603.00000000 1.00000000 0.95686275 0.98823529
v 5.00000000 260.00000000 607.00000000 1.00000000 0.95686275 0.99215686
v 7.00000000 262.00000000 612.00000000 1.00000000 0.96078431 0.99215686
v 8.00000000 263.00000000 614.00000000 0.99607843 0.95686275 0.98823529
v -20.00000000 257.00000000 598.00000000 0.27843137 0.39607843 0.39607843
v -19.00000000 257.00000000 599.00000000 0.27843137 0.39607843 0.40392157
v -14.00000000 258.00000000 600.00000000 0.41568627 0.43921569 0.48627451
v -13.00000000 258.00000000 600.00000000 0.47058824 0.48627451 0.52941176
v -10.00000000 257.00000000 599.00000000 0.66274510 0.65490196 0.69803922
v -9.00000000 257.00000000 599.00000000 0.69411765 0.68235294 0.71764706
v -8.00000000 257.00000000 599.00000000 0.71764706 0.70588235 0.74117647
v -7.00000000 257.00000000 599.00000000 0.77254902 0.75294118 0.78039216
v -6.00000000 257.00000000 598.00000000 0.81568627 0.78823529 0.81960784
v -5.00000000 257.00000000 598.00000000 0.84313725 0.81568627 0.84705882
v -4.00000000 257.00000000 598.00000000 0.84705882 0.82745098 0.85490196
v -3.00000000 257.00000000 598.00000000 0.86666667 0.84705882 0.87450980
v -2.00000000 257.00000000 599.00000000 0.90588235 0.87843137 0.90980392
v -1.00000000 257.00000000 599.00000000 0.92156863 0.89411765 0.92549020
v 4.00000000 259.00000000 604.00000000 1.00000000 0.95686275 0.98823529
v 6.00000000 261.00000000 608.00000000 1.00000000 0.96470588 0.99607843
v -31.00000000 245.00000000 570.00000000 0.21960784 0.33333333 0.35686275
v -12.00000000 258.00000000 600.00000000 0.55294118 0.56078431 0.60784314
v -11.00000000 258.00000000 600.00000000 0.58431373 0.58431373 0.63137255
v -10.00000000 258.00000000 599.00000000 0.65490196 0.64705882 0.69019608
v -9.00000000 258.00000000 599.00000000 0.68627451 0.67450980 0.70980392
v 0.00000000 258.00000000 599.00000000 0.94509804 0.91764706 0.94509804
v 1.00000000 258.00000000 600.00000000 0.96078431 0.93333333 0.96078431
v 5.00000000 261.00000000 606.00000000 0.99607843 0.95294118 0.98431373
v -31.00000000 246.00000000 570.00000000 0.21568627 0.32941176 0.35294118
v -25.00000000 251.00000000 582.00000000 0.26274510 0.38431373 0.39607843
v -22.00000000 255.00000000 591.00000000 0.26274510 0.40392157 0.39607843
v -21.00000000 256.00000000 594.00000000 0.26666667 0.40784314 0.40784314
v -19.00000000 258.00000000 598.00000000 0.27450980 0.39607843 0.40392157
v -18.00000000 259.00000000 600.00000000 0.23529412 0.35294118 0.36078431
v -16.00000000 259.00000000 600.00000000 0.33333333 0.40784314 0.43529412
v -15.00000000 259.00000000 600.00000000 0.36078431 0.41568627 0.45098039
v -14.00000000 259.00000000 600.00000000 0.41176471 0.44313725 0.48627451
v -13.00000000 259.00000000 600.00000000 0.47058824 0.48627451 0.52941176
v -12.00000000 259.00000000 600.00000000 0.54509804 0.55294118 0.60000000
v -11.00000000 259.00000000 600.00000000 0.57647059 0.57647059 0.62352941
v -8.00000000 258.00000000 598.00000000 0.75294118 0.74117647 0.76862745
v -7.00000000 258.00000000 598.00000000 0.77647059 0.76470588 0.79215686
v -6.00000000 258.00000000 598.00000000 0.79607843 0.77647059 0.80000000
v -5.00000000 258.00000000 598.00000000 0.82745098 0.80000000 0.82745098
v -4.00000000 258.00000000 598.00000000 0.85882353 0.83137255 0.86274510
v -3.00000000 258.00000000 598.00000000 0.87450980 0.84705882 0.87843137
v -2.00000000 258.00000000 598.00000000 0.90196078 0.87450980 0.90588235
v -1.00000000 258.00000000 598.00000000 0.92941176 0.89019608 0.92549020
v 0.00000000 259.00000000 599.00000000 0.94509804 0.91764706 0.94901961
v 1.00000000 259.00000000 600.00000000 0.95686275 0.92941176 0.96078431
v 2.00000000 259.00000000 601.00000000 0.97647059 0.93725490 0.97254902
v 3.00000000 259.00000000 601.00000000 0.98431373 0.94509804 0.98039216
v 4.00000000 260.00000000 603.00000000 0.99607843 0.95294118 0.98431373
v 6.00000000 262.00000000 607.00000000 1.00000000 0.96078431 0.99607843
v 7.00000000 263.00000000 610.00000000 1.00000000 0.95294118 1.00000000
v -31.00000000 247.00000000 570.00000000 0.20784314 0.32156863 0.35294118
v -24.00000000 252.00000000 583.00000000 0.27843137 0.40000000 0.41176471
v -23.00000000 254.00000000 587.00000000 0.27450980 0.41568627 0.41568627
v -21.00000000 257.00000000 594.00000000 0.25490196 0.40784314 0.40392157
v -20.00000000 258.00000000 597.00000000 0.29019608 0.43137255 0.43137255
v -16.00000000 260.00000000 600.00000000 0.32941176 0.41960784 0.44313725
v -15.00000000 260.00000000 600.00000000 0.34901961 0.41568627 0.44705882
v -10.00000000 259.00000000 599.00000000 0.61960784 0.61960784 0.65882353
v -9.00000000 259.00000000 599.00000000 0.67843137 0.66666667 0.70196078
v 2.00000000 260.00000000 601.00000000 0.96470588 0.93725490 0.96862745
v 3.00000000 260.00000000 601.00000000 0.98431373 0.94509804 0.98039216
v 4.00000000 261.00000000 603.00000000 0.99607843 0.94901961 0.98823529
v 8.00000000 264.00000000 611.00000000 1.00000000 0.95294118 0.99215686
v -22.00000000 256.00000000 590.00000000 0.28235294 0.41960784 0.42745098
v -19.00000000 259.00000000 597.00000000 0.29019608 0.42352941 0.43137255
v -18.00000000 260.00000000 599.00000000 0.28627451 0.40784314 0.42745098
v -14.00000000 260.00000000 600.00000000 0.41176471 0.44313725 0.48627451
v -13.00000000 260.00000000 600.00000000 0.46666667 0.48235294 0.52549020
v -12.00000000 260.00000000 600.00000000 0.48235294 0.49803922 0.54117647
v -9.00000000 260.00000000 599.00000000 0.68627451 0.68235294 0.71372549
v -8.00000000 259.00000000 598.00000000 0.70980392 0.69803922 0.73333333
v -7.00000000 259.00000000 598.00000000 0.77647059 0.75686275 0.78431373
v -6.00000000 259.00000000 597.00000000 0.81568627 0.78823529 0.81568627
v -5.00000000 259.00000000 597.00000000 0.83529412 0.80784314 0.83921569
v -4.00000000 259.00000000 598.00000000 0.86274510 0.83137255 0.87450980
v -3.00000000 259.00000000 598.00000000 0.86666667 0.83529412 0.87843137
v -2.00000000 259.00000000 598.00000000 0.90196078 0.87058824 0.91372549
v -1.00000000 259.00000000 598.00000000 0.91764706 0.89019608 0.92156863
v 3.00000000 261.00000000 601.00000000 0.98431373 0.94509804 0.98039216
v 5.00000000 262.00000000 605.00000000 1.00000000 0.96078431 0.99607843
v 6.00000000 263.00000000 606.00000000 1.00000000 0.96078431 0.99607843
v -28.00000000 248.00000000 571.00000000 0.20392157 0.33333333 0.35294118
v -27.00000000 249.00000000 573.00000000 0.22745098 0.36470588 0.38039216
v -24.00000000 253.00000000 582.00000000 0.29019608 0.42745098 0.43529412
v -23.00000000 255.00000000 586.00000000 0.29411765 0.42745098 0.42352941
v -16.00000000 261.00000000 600.00000000 0.26666667 0.35686275 0.38039216
v -15.00000000 261.00000000 600.00000000 0.35686275 0.42352941 0.45490196
v -14.00000000 261.00000000 600.00000000 0.41176471 0.44313725 0.48627451
v -13.00000000 261.00000000 600.00000000 0.47843137 0.49411765 0.53725490
v -11.00000000 260.00000000 599.00000000 0.57254902 0.58431373 0.61960784
v -10.00000000 260.00000000 599.00000000 0.65098039 0.65098039 0.69019608
v -8.00000000 260.00000000 598.00000000 0.70980392 0.70588235 0.73725490
v -3.00000000 260.00000000 598.00000000 0.86666667 0.84705882 0.87450980
v -2.00000000 260.00000000 598.00000000 0.89411765 0.87450980 0.90196078
v -1.00000000 260.00000000 598.00000000 0.92156863 0.90196078 0.92941176
v 0.00000000 260.00000000 599.00000000 0.93725490 0.90980392 0.94117647
v 1.00000000 260.00000000 599.00000000 0.94509804 0.91764706 0.94901961
v 2.00000000 261.00000000 600.00000000 0.95686275 0.92941176 0.96078431
v 7.00000000 264.00000000 608.00000000 1.00000000 0.95686275 0.99607843
v -21.00000000 258.00000000 593.00000000 0.29019608 0.44313725 0.43921569
v -20.00000000 259.00000000 595.00000000 0.29411765 0.43529412 0.43529412
v -18.00000000 261.00000000 599.00000000 0.27450980 0.39607843 0.40784314
v -12.00000000 261.00000000 599.00000000 0.50588235 0.52156863 0.56470588
v -11.00000000 261.00000000 599.00000000 0.56470588 0.57254902 0.61960784
v -10.00000000 261.00000000 598.00000000 0.64705882 0.64705882 0.68627451
v -9.00000000 261.00000000 598.00000000 0.69019608 0.68627451 0.71764706
v -8.00000000 261.00000000 598.00000000 0.71372549 0.70980392 0.74117647
v -7.00000000 260.00000000 597.00000000 0.77254902 0.76078431 0.78823529
v -6.00000000 260.00000000 597.00000000 0.80000000 0.78823529 0.81568627
v -5.00000000 260.00000000 597.00000000 0.83921569 0.81960784 0.84705882
v -4.00000000 260.00000000 597.00000000 0.85490196 0.84313725 0.87058824
v 0.00000000 261.00000000 598.00000000 0.92549020 0.90588235 0.93333333
v 1.00000000 261.00000000 599.00000000 0.93725490 0.91764706 0.94509804
v 3.00000000 262.00000000 600.00000000 0.97647059 0.94901961 0.97647059
v 4.00000000 262.00000000 602.00000000 0.99607843 0.95686275 0.98823529
v 5.00000000 263.00000000 604.00000000 1.00000000 0.96470588 0.99607843
v 6.00000000 264.00000000 605.00000000 1.00000000 0.96470588 0.99607843
v 8.00000000 265.00000000 609.00000000 1.00000000 0.96078431 1.00000000
v -28.00000000 249.00000000 570.00000000 0.20392157 0.33333333 0.35294118
v -26.00000000 250.00000000 573.00000000 0.24313725 0.38039216 0.39607843
v -23.00000000 256.00000000 585.00000000 0.30196078 0.45490196 0.45098039
v -22.00000000 257.00000000 589.00000000 0.29019608 0.44705882 0.44313725
v -20.00000000 260.00000000 594.00000000 0.29019608 0.44313725 0.43921569
v -19.00000000 260.00000000 596.00000000 0.27450980 0.41568627 0.41568627
v -16.00000000 262.00000000 600.00000000 0.27450980 0.35294118 0.38039216
v -15.00000000 262.00000000 600.00000000 0.37647059 0.43137255 0.46666667
v -14.00000000 262.00000000 600.00000000 0.41176471 0.44313725 0.48627451
v -13.00000000 262.00000000 600.00000000 0.47843137 0.49411765 0.53725490
v -6.00000000 261.00000000 597.00000000 0.80000000 0.78823529 0.81568627
v -5.00000000 261.00000000 597.00000000 0.83137255 0.81960784 0.84705882
v -4.00000000 261.00000000 597.00000000 0.85098039 0.83921569 0.86666667
v -3.00000000 261.00000000 597.00000000 0.86274510 0.85098039 0.87843137
v 7.00000000 265.00000000 607.00000000 1.00000000 0.96470588 1.00000000
v 9.00000000 267.00000000 612.00000000 0.99607843 0.95686275 0.99215686
v -27.00000000 250.00000000 571.00000000 0.22352941 0.35294118 0.37254902
v -25.00000000 252.00000000 576.00000000 0.27450980 0.41176471 0.41960784
v -24.00000000 254.00000000 580.00000000 0.29411765 0.43137255 0.43921569
v -21.00000000 259.00000000 592.00000000 0.28235294 0.43921569 0.43529412
v -19.00000000 261.00000000 596.00000000 0.27450980 0.41176471 0.41960784
v -18.00000000 262.00000000 598.00000000 0.28235294 0.39607843 0.41176471
v -16.00000000 263.00000000 600.00000000 0.27058824 0.34901961 0.37647059
v -15.00000000 263.00000000 600.00000000 0.36862745 0.42352941 0.45882353
v -14.00000000 263.00000000 600.00000000 0.41176471 0.44313725 0.48627451
v -13.00000000 263.00000000 600.00000000 0.47450980 0.49019608 0.53725490
v -12.00000000 262.00000000 599.00000000 0.50196078 0.51764706 0.56470588
v -11.00000000 262.00000000 599.00000000 0.54509804 0.55294118 0.60000000
v -10.00000000 262.00000000 598.00000000 0.63137255 0.63137255 0.67058824
v -9.00000000 262.00000000 598.00000000 0.68627451 0.68235294 0.71372549
v -8.00000000 262.00000000 598.00000000 0.73725490 0.73333333 0.76470588
v -7.00000000 261.00000000 597.00000000 0.76470588 0.76078431 0.79215686
v -2.00000000 261.00000000 597.00000000 0.89411765 0.87450980 0.90196078
v -1.00000000 261.00000000 597.00000000 0.89803922 0.87843137 0.90588235
v 0.00000000 262.00000000 598.00000000 0.92549020 0.89803922 0.92941176
v 1.00000000 262.00000000 599.00000000 0.94117647 0.91372549 0.94509804
v 2.00000000 262.00000000 599.00000000 0.96078431 0.93333333 0.96470588
v 4.00000000 263.00000000 601.00000000 1.00000000 0.96078431 0.99607843
v 5.00000000 264.00000000 603.00000000 1.00000000 0.96078431 0.99607843
v 6.00000000 265.00000000 604.00000000 1.00000000 0.96470588 1.00000000
v -26.00000000 251.00000000 572.00000000 0.24705882 0.38039216 0.38823529
v -12.00000000 263.00000000 599.00000000 0.50980392 0.52549020 0.56862745
v -11.00000000 263.00000000 599.00000000 0.52549020 0.54117647 0.58431373
v -7.00000000 262.00000000 597.00000000 0.76078431 0.75686275 0.78823529
v -6.00000000 262.00000000 597.00000000 0.78431373 0.77254902 0.80000000
v -5.00000000 262.00000000 597.00000000 0.83529412 0.81568627 0.84313725
v -4.00000000 262.00000000 597.00000000 0.85098039 0.82745098 0.86666667
v -3.00000000 262.00000000 597.00000000 0.88627451 0.86274510 0.90196078
v -2.00000000 262.00000000 597.00000000 0.89411765 0.87058824 0.90980392
v -1.00000000 262.00000000 597.00000000 0.89803922 0.87450980 0.91372549
v 2.00000000 263.00000000 599.00000000 0.95686275 0.92941176 0.96078431
v 3.00000000 263.00000000 599.00000000 0.98039216 0.94117647 0.97647059
v 4.00000000 264.00000000 601.00000000 1.00000000 0.96078431 0.99607843
v 7.00000000 266.00000000 606.00000000 0.99607843 0.96862745 1.00000000
v 8.00000000 266.00000000 607.00000000 0.99607843 0.96862745 1.00000000
v -26.00000000 252.00000000 572.00000000 0.24313725 0.38039216 0.39607843
v -25.00000000 253.00000000 575.00000000 0.28627451 0.42352941 0.43921569
v -23.00000000 257.00000000 585.00000000 0.29803922 0.43921569 0.43921569
v -22.00000000 258.00000000 587.00000000 0.29411765 0.43529412 0.43529412
v -21.00000000 260.00000000 591.00000000 0.28235294 0.43529412 0.43137255
v -20.00000000 261.00000000 593.00000000 0.27843137 0.42745098 0.43137255
v -18.00000000 263.00000000 598.00000000 0.28627451 0.40784314 0.41960784
v -17.00000000 263.00000000 598.00000000 0.23137255 0.34117647 0.35686275
v -15.00000000 264.00000000 600.00000000 0.34901961 0.41960784 0.45882353
v -14.00000000 264.00000000 600.00000000 0.41568627 0.45490196 0.49411765
v -13.00000000 264.00000000 600.00000000 0.46666667 0.49019608 0.53725490
v -10.00000000 263.00000000 598.00000000 0.62352941 0.63529412 0.67058824
v -9.00000000 263.00000000 598.00000000 0.67843137 0.67843137 0.70980392
v -8.00000000 263.00000000 598.00000000 0.70196078 0.70196078 0.73333333
v -6.00000000 263.00000000 597.00000000 0.80000000 0.78823529 0.82352941
v -1.00000000 263.00000000 597.00000000 0.89803922 0.87843137 0.90588235
v 0.00000000 263.00000000 598.00000000 0.91372549 0.89411765 0.92156863
v 1.00000000 263.00000000 598.00000000 0.93333333 0.91372549 0.94117647
v 2.00000000 264.00000000 599.00000000 0.95686275 0.92941176 0.96078431
v 5.00000000 265.00000000 603.00000000 0.99215686 0.96470588 0.99607843
v 7.00000000 267.00000000 606.00000000 1.00000000 0.97254902 1.00000000
v 8.00000000 267.00000000 607.00000000 0.99607843 0.96862745 1.00000000
v 9.00000000 268.00000000 610.00000000 0.99607843 0.96862745 1.00000000
v -26.00000000 253.00000000 573.00000000 0.24313725 0.39215686 0.40392157
v -25.00000000 254.00000000 575.00000000 0.28627451 0.43529412 0.44705882
v -24.00000000 255.00000000 579.00000000 0.30980392 0.45882353 0.47058824
v -23.00000000 258.00000000 585.00000000 0.29019608 0.43137255 0.42352941
v -22.00000000 259.00000000 587.00000000 0.29411765 0.43529412 0.42745098
v -21.00000000 261.00000000 591.00000000 0.27843137 0.43137255 0.41960784
v -19.00000000 262.00000000 595.00000000 0.28235294 0.41960784 0.42745098
v -16.00000000 264.00000000 599.00000000 0.23921569 0.33725490 0.35294118
v -7.00000000 263.00000000 597.00000000 0.76078431 0.75686275 0.78823529
v -5.00000000 263.00000000 597.00000000 0.82745098 0.81568627 0.84313725
v -4.00000000 263.00000000 597.00000000 0.83921569 0.82745098 0.85490196
v -3.00000000 263.00000000 597.00000000 0.87843137 0.85882353 0.88627451
v -2.00000000 263.00000000 597.00000000 0.88627451 0.86666667 0.89411765
v 3.00000000 264.00000000 599.00000000 0.96862745 0.94901961 0.97647059
v 6.00000000 266.00000000 603.00000000 0.99607843 0.96862745 0.99607843
v -20.00000000 262.00000000 593.00000000 0.29411765 0.43529412 0.43529412
v -19.00000000 263.00000000 595.00000000 0.28627451 0.43921569 0.43529412
v -18.00000000 264.00000000 597.00000000 0.28627451 0.41960784 0.42352941
v -17.00000000 264.00000000 598.00000000 0.25098039 0.36862745 0.37647059
v -16.00000000 265.00000000 600.00000000 0.31372549 0.39607843 0.41568627
v -13.00000000 265.00000000 599.00000000 0.45882353 0.48627451 0.52549020
v -12.00000000 264.00000000 598.00000000 0.51372549 0.54117647 0.57254902
v -11.00000000 264.00000000 598.00000000 0.55686275 0.57254902 0.60784314
v -10.00000000 264.00000000 598.00000000 0.58823529 0.60392157 0.63921569
v -9.00000000 264.00000000 598.00000000 0.67450980 0.67450980 0.70588235
v -8.00000000 264.00000000 597.00000000 0.73725490 0.73725490 0.76862745
v -7.00000000 264.00000000 597.00000000 0.76078431 0.76078431 0.79215686
v -6.00000000 264.00000000 597.00000000 0.80000000 0.79607843 0.82745098
v -5.00000000 264.00000000 597.00000000 0.82352941 0.81176471 0.84705882
v -4.00000000 264.00000000 597.00000000 0.84705882 0.82745098 0.85490196
v -3.00000000 264.00000000 597.00000000 0.87450980 0.85490196 0.88235294
v -2.00000000 264.00000000 597.00000000 0.88235294 0.86274510 0.89019608
v -1.00000000 264.00000000 597.00000000 0.89803922 0.87843137 0.90588235
v 0.00000000 264.00000000 598.00000000 0.91764706 0.89803922 0.92549020
v 1.00000000 264.00000000 598.00000000 0.92549020 0.90588235 0.93333333
v 2.00000000 265.00000000 599.00000000 0.96078431 0.93333333 0.96078431
v 3.00000000 265.00000000 599.00000000 0.97647059 0.94901961 0.97647059
v 4.00000000 265.00000000 600.00000000 0.99215686 0.96470588 0.99215686
v 5.00000000 266.00000000 602.00000000 0.99215686 0.96470588 0.99215686
v -23.00000000 259.00000000 585.00000000 0.29019608 0.43921569 0.44313725
v -18.00000000 265.00000000 597.00000000 0.27843137 0.41176471 0.41568627
v -15.00000000 265.00000000 599.00000000 0.31372549 0.38823529 0.41176471
v -14.00000000 265.00000000 599.00000000 0.40784314 0.44313725 0.47843137
v -12.00000000 265.00000000 598.00000000 0.52941176 0.55686275 0.58823529
v -11.00000000 265.00000000 598.00000000 0.57647059 0.59215686 0.62745098
v -8.00000000 265.00000000 597.00000000 0.74117647 0.74117647 0.77254902
v -7.00000000 265.00000000 597.00000000 0.76078431 0.76078431 0.79215686
v -1.00000000 265.00000000 597.00000000 0.89803922 0.87843137 0.90588235
v 0.00000000 265.00000000 598.00000000 0.91372549 0.89411765 0.92156863
v 1.00000000 265.00000000 598.00000000 0.92156863 0.90196078 0.92941176
v 4.00000000 266.00000000 600.00000000 0.98823529 0.96078431 0.98823529
v 7.00000000 268.00000000 604.00000000 1.00000000 0.97254902 1.00000000
v 8.00000000 268.00000000 605.00000000 0.99607843 0.96862745 0.99607843
v -22.00000000 260.00000000 586.00000000 0.30196078 0.43529412 0.43921569
v -22.00000000 262.00000000 589.00000000 0.30980392 0.43137255 0.43921569
v -20.00000000 263.00000000 592.00000000 0.30196078 0.43529412 0.43921569
v -17.00000000 265.00000000 597.00000000 0.25490196 0.37254902 0.38039216
v -15.00000000 266.00000000 599.00000000 0.33333333 0.40784314 0.43137255
v -14.00000000 266.00000000 599.00000000 0.42352941 0.45882353 0.48627451
v -13.00000000 266.00000000 599.00000000 0.48627451 0.51372549 0.54509804
v -10.00000000 265.00000000 597.00000000 0.61568627 0.62745098 0.66274510
v -9.00000000 265.00000000 597.00000000 0.70196078 0.70196078 0.73333333
v 3.00000000 266.00000000 599.00000000 0.97254902 0.94509804 0.97254902
v 5.00000000 267.00000000 601.00000000 0.98823529 0.96078431 0.98823529
v 6.00000000 267.00000000 602.00000000 0.99215686 0.96470588 0.99215686
v -19.00000000 264.00000000 594.00000000 0.29411765 0.42745098 0.43137255
v -17.00000000 266.00000000 597.00000000 0.25490196 0.37254902 0.38039216
v -12.00000000 266.00000000 598.00000000 0.57647059 0.59215686 0.62745098
v -11.00000000 266.00000000 598.00000000 0.61176471 0.62745098 0.66274510
v -6.00000000 265.00000000 596.00000000 0.78431373 0.77254902 0.80000000
v -5.00000000 265.00000000 596.00000000 0.81176471 0.80000000 0.82745098
v -4.00000000 265.00000000 596.00000000 0.83921569 0.81960784 0.84705882
v -3.00000000 265.00000000 596.00000000 0.85098039 0.83137255 0.85882353
v -2.00000000 265.00000000 596.00000000 0.87843137 0.85882353 0.88627451
v -1.00000000 266.00000000 597.00000000 0.89803922 0.87843137 0.90588235
v 1.00000000 266.00000000 598.00000000 0.92549020 0.90588235 0.93333333
v 2.00000000 266.00000000 598.00000000 0.95686275 0.93725490 0.96078431
v 5.00000000 268.00000000 601.00000000 0.98823529 0.96078431 0.98823529
v 6.00000000 268.00000000 602.00000000 0.99215686 0.96470588 0.99215686
v -22.00000000 261.00000000 585.00000000 0.29803922 0.43137255 0.43529412
v -19.00000000 265.00000000 594.00000000 0.28235294 0.41568627 0.41960784
v -18.00000000 266.00000000 596.00000000 0.29803922 0.41960784 0.42745098
v -15.00000000 267.00000000 598.00000000 0.43137255 0.49019608 0.51764706
v -14.00000000 267.00000000 598.00000000 0.49019608 0.52549020 0.55294118
v -13.00000000 267.00000000 598.00000000 0.54901961 0.56470588 0.60000000
v -12.00000000 267.00000000 598.00000000 0.58039216 0.59607843 0.63137255
v -11.00000000 267.00000000 598.00000000 0.64313725 0.65490196 0.68235294
v -10.00000000 266.00000000 597.00000000 0.68235294 0.69411765 0.72156863
v -9.00000000 266.00000000 597.00000000 0.70588235 0.70588235 0.73725490
v -8.00000000 266.00000000 596.00000000 0.74901961 0.74509804 0.76862745
v -7.00000000 266.00000000 596.00000000 0.76862745 0.76470588 0.78823529
v -6.00000000 266.00000000 596.00000000 0.78823529 0.77647059 0.80392157
v -5.00000000 266.00000000 596.00000000 0.80784314 0.79607843 0.82352941
v -4.00000000 266.00000000 596.00000000 0.82745098 0.81568627 0.84313725
v -3.00000000 266.00000000 596.00000000 0.84313725 0.83137255 0.85882353
v -2.00000000 266.00000000 596.00000000 0.87843137 0.85882353 0.88627451
v 0.00000000 266.00000000 597.00000000 0.90980392 0.89019608 0.91764706
v 2.00000000 267.00000000 598.00000000 0.94901961 0.92941176 0.95294118
v 3.00000000 267.00000000 599.00000000 0.98039216 0.95294118 0.98039216
v 4.00000000 267.00000000 599.00000000 0.98431373 0.95686275 0.98431373
v -21.00000000 262.00000000 586.00000000 0.30196078 0.42352941 0.43137255
v -20.00000000 264.00000000 591.00000000 0.30196078 0.42352941 0.43137255
v -16.00000000 267.00000000 597.00000000 0.30588235 0.38823529 0.40784314
v -14.00000000 268.00000000 598.00000000 0.52941176 0.55686275 0.58823529
v -10.00000000 267.00000000 597.00000000 0.68627451 0.69803922 0.72549020
v -9.00000000 267.00000000 597.00000000 0.70588235 0.70980392 0.72941176
v 0.00000000 267.00000000 597.00000000 0.90588235 0.88627451 0.91372549
v 1.00000000 267.00000000 597.00000000 0.92156863 0.90196078 0.92941176
v 2.00000000 268.00000000 598.00000000 0.94509804 0.92549020 0.94901961
v 3.00000000 268.00000000 599.00000000 0.98039216 0.96078431 0.98431373
v 4.00000000 268.00000000 599.00000000 0.98823529 0.96078431 0.98823529
v -19.00000000 266.00000000 594.00000000 0.29803922 0.41960784 0.42745098
v -18.00000000 267.00000000 595.00000000 0.28627451 0.40392157 0.41176471
v -17.00000000 267.00000000 596.00000000 0.34117647 0.45098039 0.46274510
v -13.00000000 268.00000000 597.00000000 0.60392157 0.61568627 0.64313725
v -9.00000000 268.00000000 597.00000000 0.71764706 0.71372549 0.73725490
v -8.00000000 267.00000000 596.00000000 0.75294118 0.74117647 0.76862745
v -7.00000000 267.00000000 596.00000000 0.76862745 0.75686275 0.78431373
v -4.00000000 267.00000000 596.00000000 0.82745098 0.81568627 0.84313725
v -3.00000000 267.00000000 596.00000000 0.84313725 0.83137255 0.85882353
v -2.00000000 267.00000000 596.00000000 0.86666667 0.85490196 0.88235294
v -1.00000000 267.00000000 596.00000000 0.88235294 0.86274510 0.89019608
v 0.00000000 268.00000000 597.00000000 0.90588235 0.88627451 0.91372549
v 1.00000000 268.00000000 597.00000000 0.93333333 0.91372549 0.93725490
v -21.00000000 263.00000000 585.00000000 0.29019608 0.41176471 0.41960784
v -19.00000000 267.00000000 593.00000000 0.30588235 0.42352941 0.43137255
v -12.00000000 268.00000000 597.00000000 0.66274510 0.67450980 0.70196078
v -11.00000000 268.00000000 597.00000000 0.67843137 0.69019608 0.71764706
v -10.00000000 268.00000000 597.00000000 0.68627451 0.68627451 0.71764706
v -8.00000000 268.00000000 596.00000000 0.75294118 0.74117647 0.76862745
v -6.00000000 267.00000000 595.00000000 0.80000000 0.78039216 0.80392157
v -5.00000000 267.00000000 595.00000000 0.81568627 0.79607843 0.81960784
v -4.00000000 268.00000000 596.00000000 0.82352941 0.81176471 0.83921569
v -3.00000000 268.00000000 596.00000000 0.85098039 0.83921569 0.86666667
v -2.00000000 268.00000000 596.00000000 0.86274510 0.85098039 0.87843137
v -1.00000000 268.00000000 596.00000000 0.88235294 0.86274510 0.89019608
v -21.00000000 264.00000000 585.00000000 0.28235294 0.41568627 0.41960784
v -20.00000000 265.00000000 589.00000000 0.28235294 0.40784314 0.40392157
v -17.00000000 268.00000000 595.00000000 0.50980392 0.61176471 0.60784314
v -16.00000000 268.00000000 596.00000000 0.58039216 0.63529412 0.63921569
v -15.00000000 268.00000000 596.00000000 0.61176471 0.63137255 0.64313725
v -7.00000000 268.00000000 595.00000000 0.76078431 0.75686275 0.78039216
v -6.00000000 268.00000000 595.00000000 0.78823529 0.78431373 0.80784314
v -5.00000000 268.00000000 595.00000000 0.80000000 0.79607843 0.82745098
v -19.00000000 268.00000000 592.00000000 0.31372549 0.43137255 0.43137255
v -18.00000000 268.00000000 593.00000000 0.32549020 0.43529412 0.43921569
v -21.00000000 265.00000000 585.00000000 0.27843137 0.41176471 0.41960784
v -20.00000000 266.00000000 587.00000000 0.28235294 0.41568627 0.41960784
v -20.00000000 267.00000000 586.00000000 0.26274510 0.39607843 0.40000000
v -20.00000000 268.00000000 588.00000000 0.28235294 0.40392157 0.41176471
f 2422 3366 3071
f 1 8 48
f 47 48 8
f 1121 778 1533
f 3154 2843 3019
f 1604 1980 2077
f 2422 415 3366
f 1533 778 415
f 47 93 48
f 132 48 148
f 132 133 48
f 47 8 71
f 1 13 8
f 1121 1533 1286
f 1121 1286 1242
f 3071 3256 3217
f 3071 3271 3256
f 1604 2077 2235
f 498 434 415
f 132 149 133
f 1121 853 778
f 1148 1147 1197
f 1533 1418 1286
f 1331 1286 1418
f 2843 2909 3019
f 3019 2909 2924
f 3071 3217 3139
f 3071 2683 2658
f 1980 1725 1877
f 1897 1979 1877
f 271 252 230
f 251 133 182
f 251 182 229
f 132 175 149
f 47 104 93
f 1121 961 899
f 1121 899 853
f 778 550 415
f 498 415 550
f 778 590 550
f 3154 3138 3193
f 3366 3363 3071
f 3071 3363 3271
f 3283 3330 3319
f 3071 3139 2985
f 2077 2170 2235
f 2214 2235 2170
f 1851 2058 1993
f 2146 2058 415
f 1851 1533 2058
f 1533 415 2058
f 2422 3071 2492
f 3071 2502 2492
f 2683 2659 2658
f 1440 1241 1417
f 1440 1514 1515
f 1574 1515 1514
f 1604 1515 1575
f 1980 1877 1964
f 2077 2076 2123
f 2077 1980 2076
f 2077 2123 2169
f 271 230 331
f 230 415 331
f 351 331 394
f 415 394 331
f 149 204 176
f 133 149 176
f 133 228 182
f 229 182 249
f 752 738 826
f 778 853 799
f 590 569 550
f 498 477 434
f 1418 1464 1419
f 3154 3193 3215
f 3154 3019 3083
f 3154 3083 3138
f 3019 2982 3018
f 3019 2924 2982
f 3071 2985 2996
f 3219 3157 3218
f 3217 3256 3218
f 3219 3141 3105
f 3196 3141 3219
f 2551 2279 2323
f 2397 2551 2381
f 2551 2323 2381
f 1851 1993 1878
f 1851 1878 1831
f 2146 2124 2058
f 2059 2058 2124
f 2519 2502 2590
f 3071 2590 2502
f 3071 2658 2590
f 2346 2208 2455
f 2346 2455 2428
f 1415 1354 1309
f 1354 1241 1309
f 1354 1416 1241
f 1417 1241 1416
f 1417 1416 1463
f 1440 960 1011
f 1440 1011 1241
f 1980 1697 1725
f 1725 1741 1877
f 1877 1741 1804
f 1980 1964 2057
f 434 417 416
f 415 434 416
f 415 416 394
f 351 313 331
f 229 311 250
f 251 229 250
f 1440 568 960
f 752 960 568
f 961 1030 981
f 1100 1057 1030
f 1121 1100 1030
f 1121 1030 961
f 961 933 899
f 498 550 523
f 1533 1483 1418
f 1418 1483 1464
f 1851 1805 1698
f 1851 1698 1533
f 1805 1787 1698
f 1331 1418 1394
f 3271 3353 3341
f 3271 3363 3353
f 3366 3365 3363
f 3139 3155 3103
f 3217 3155 3139
f 2985 2984 2996
f 3071 2996 3044
f 2214 2251 2235
f 2551 2518 2588
f 2397 2491 2551
f 2551 2491 2518
f 1993 1965 1878
f 2658 2591 2590
f 2422 2492 2443
f 3071 3044 2814
f 2146 2236 2215
f 2146 415 2236
f 2146 2215 2171
f 2455 2496 2428
f 2346 2428 2371
f 1241 1308 1309
f 1354 1439 1416
f 1195 1196 1120
f 1241 1011 1120
f 1241 1120 1196
f 1241 1196 1285
f 1195 1265 1196
f 1604 1658 1980
f 1980 1658 1697
f 1604 1575 1630
f 1440 1417 1482
f 1897 1877 1850
f 1877 1804 1850
f 2589 2682 2657
f 2551 2589 2657
f 2843 2657 2773
f 2843 2235 2657
f 752 659 738
f 752 568 659
f 853 899 854
f 434 477 459
f 1672 1605 1698
f 1533 1698 1605
f 1672 1631 1605
f 2843 2773 2842
f 3196 3219 3220
f 3256 3220 3218
f 3219 3218 3220
f 3256 3270 3221
f 3271 3296 3256
f 3256 3296 3270
f 3354 3363 3364
f 3363 3365 3364
f 2844 2814 2865
f 3044 3036 2814
f 2985 3102 2997
f 3139 3102 2985
f 3217 3218 3195
f 2763 2718 2806
f 2551 2588 2638
f 752 852 960
f 2502 2468 2492
f 2683 2774 2732
f 3071 2774 2683
f 3071 2814 2774
f 2209 2329 2269
f 2309 2269 2329
f 2209 2269 2230
f 2184 2207 2208
f 2412 2207 2308
f 1309 1308 1372
f 1011 1077 1120
f 960 1010 1011
f 2813 2773 2754
f 2773 2657 2754
f 568 458 549
f 251 414 458
f 370 350 312
f 251 312 350
f 568 549 567
f 778 753 590
f 3019 3018 3070
f 2843 2842 2908
f 3271 3341 3317
f 3299 3274 3319
f 3283 3236 3273
f 2814 2775 2774
f 2925 2887 2865
f 2866 2865 2887
f 2823 2873 2854
f 752 827 852
f 2422 2398 2356
f 2280 2236 2356
f 2422 2356 415
f 415 2356 2236
f 2157 2158 2142
f 2157 2240 2268
f 2157 2268 2158
f 1120 1077 1168
f 548 549 522
f 549 458 522
f 568 589 659
f 1533 1605 1576
f 2844 2865 2845
f 3201 3160 3200
f 3049 3048 3085
f 2806 2805 2822
f 1878 1942 1879
f 1878 1965 1942
f 2398 2357 2356
f 2455 2474 2504
f 1011 1010 1099
f 737 659 658
f 659 589 658
f 414 393 457
f 251 393 414
f 2813 2841 2773
f 3201 3161 3145
f 3201 3145 3160
f 3140 3155 3179
f 2649 2669 2692
f 3049 3050 3003
f 2556 2574 2575
f 852 827 898
f 414 497 458
f 699 636 635
f 1331 1394 1332
f 1331 1287 1286
f 1787 1699 1698
f 3236 3274 3258
f 2850 2871 2820
f 3217 3194 3155
f 3155 3194 3179
f 2854 2855 2784
f 2855 2785 2784
f 2823 2854 2784
f 2955 2954 2987
f 3021 2954 2969
f 2821 2804 2820
f 960 932 959
f 852 931 932
f 960 852 932
f 2280 2252 2236
f 2682 2731 2657
f 433 393 371
f 350 413 371
f 251 350 371
f 251 371 393
f 2819 2850 2782
f 2804 2761 2782
f 931 1009 932
f 48 93 148
f 174 148 93
f 200 173 172
f 201 173 200
f 8 13 71
f 70 71 13
f 129 130 69
f 70 69 130
f 70 131 71
f 70 130 131
f 6 5 44
f 43 44 5
f 1147 1101 1100
f 1121 1147 1100
f 1121 1197 1147
f 1121 1242 1197
f 3355 3330 3362
f 3329 3362 3330
f 294 211 278
f 238 278 211
f 238 237 278
f 277 278 237
f 230 252 205
f 206 205 252
f 149 175 204
f 227 204 175
f 227 175 226
f 203 226 175
f 132 148 175
f 148 203 175
f 201 202 173
f 174 173 202
f 203 202 226
f 225 226 202
f 174 202 148
f 148 202 203
f 174 93 104
f 174 104 173
f 172 173 104
f 172 104 131
f 71 131 104
f 47 71 104
f 130 171 131
f 172 131 171
f 129 171 130
f 129 147 171
f 43 42 64
f 92 64 42
f 12 42 5
f 43 5 42
f 67 68 46
f 37 46 68
f 3 2 46
f 37 3 46
f 70 13 38
f 70 38 69
f 37 68 38
f 69 38 68
f 1 4 38
f 1 38 13
f 3 38 4
f 37 38 3
f 161 119 118
f 161 118 160
f 359 360 297
f 360 298 297
f 359 297 338
f 296 338 297
f 158 116 157
f 115 157 116
f 160 118 159
f 117 159 118
f 158 159 116
f 117 116 159
f 32 31 87
f 86 87 31
f 86 31 30
f 86 30 85
f 165 88 164
f 122 164 88
f 3335 3360 3349
f 3335 3348 3360
f 3334 3358 3347
f 3359 3347 3358
f 3348 3309 3347
f 3308 3347 3309
f 3348 3347 3360
f 3359 3360 3347
f 3329 3330 3298
f 3283 3298 3330
f 3334 3347 3307
f 3308 3307 3347
f 3334 3307 3333
f 3306 3333 3307
f 3073 3157 3105
f 3219 3105 3157
f 1807 1791 1790
f 1807 1808 1791
f 1877 1979 1964
f 2056 1964 1979
f 2250 2170 2169
f 2077 2169 2170
f 158 157 190
f 189 190 157
f 158 190 159
f 212 159 190
f 212 190 259
f 211 259 190
f 238 211 190
f 189 238 190
f 189 157 188
f 156 188 157
f 189 188 238
f 238 188 237
f 96 108 138
f 137 138 108
f 227 270 204
f 227 269 270
f 204 270 176
f 248 176 270
f 248 228 176
f 133 176 228
f 330 311 249
f 229 249 311
f 392 312 349
f 392 370 312
f 825 798 777
f 737 777 798
f 851 826 798
f 738 798 826
f 168 169 125
f 126 125 169
f 145 144 167
f 196 167 144
f 168 125 167
f 145 167 125
f 35 34 39
f 63 39 34
f 27 26 82
f 81 82 26
f 27 82 28
f 83 28 82
f 115 116 82
f 115 82 81
f 117 82 116
f 117 83 82
f 85 30 84
f 29 84 30
f 29 28 84
f 83 84 28
f 119 84 118
f 119 85 84
f 117 84 83
f 117 118 84
f 1101 1057 1100
f 1101 1031 1057
f 706 707 684
f 685 684 707
f 685 642 684
f 641 684 642
f 553 503 597
f 596 597 503
f 612 597 611
f 596 611 597
f 613 597 641
f 641 597 612
f 644 598 617
f 645 598 644
f 575 598 531
f 599 531 598
f 644 617 616
f 644 616 643
f 575 556 598
f 617 598 556
f 617 556 616
f 555 616 556
f 508 556 509
f 508 555 556
f 555 574 616
f 615 616 574
f 613 554 597
f 553 597 554
f 506 505 554
f 506 554 530
f 504 553 554
f 504 554 505
f 214 240 261
f 215 214 261
f 1426 1400 1445
f 1379 1445 1400
f 2103 2102 2151
f 2150 2151 2102
f 2088 2033 2087
f 2032 2087 2033
f 2032 2033 2004
f 2005 2004 2033
f 3268 3269 3215
f 3214 3268 3215
f 3216 3215 3269
f 3154 3215 3216
f 3280 3294 3295
f 3280 3295 3281
f 3214 3281 3295
f 3214 3295 3268
f 3349 3350 3336
f 3335 3349 3336
f 3325 3326 3314
f 3326 3315 3314
f 3325 3314 3340
f 3324 3340 3314
f 3324 3314 3292
f 3293 3292 3314
f 3266 3265 3292
f 3313 3292 3265
f 3313 3323 3292
f 3324 3292 3323
f 3324 3323 3340
f 3339 3340 3323
f 3339 3323 3352
f 3338 3352 3323
f 3338 3323 3291
f 3313 3291 3323
f 3313 3265 3291
f 3264 3291 3265
f 3018 2982 3069
f 3035 3069 2982
f 3134 3175 3189
f 3134 3189 3190
f 3329 3342 3362
f 3362 3342 3361
f 3355 3356 3330
f 3330 3356 3319
f 3299 3356 3357
f 3299 3319 3356
f 3322 3332 3346
f 3322 3346 3333
f 3334 3346 3358
f 3334 3333 3346
f 3306 3305 3333
f 3322 3333 3305
f 2123 2168 2169
f 2234 2169 2168
f 2122 2168 2076
f 2123 2076 2168
f 2122 2167 2168
f 2192 2168 2167
f 2250 2169 2278
f 2234 2278 2169
f 2192 2277 2168
f 2234 2168 2277
f 2319 2277 2318
f 2276 2318 2277
f 2234 2277 2278
f 2319 2278 2277
f 1807 1853 1808
f 1808 1853 1854
f 1851 1806 1805
f 1851 1831 1806
f 1932 1951 1952
f 2008 1952 1951
f 2009 2093 1794
f 1954 1794 2093
f 1545 1544 1593
f 1592 1593 1544
f 2683 2732 2660
f 2683 2660 2659
f 2286 2341 2287
f 2286 2340 2341
f 2286 2339 2340
f 2286 2285 2339
f 2326 2362 2339
f 2326 2361 2362
f 2128 2127 2193
f 2148 2193 2127
f 2147 2148 2127
f 2147 2127 2126
f 2564 2639 2593
f 2616 2639 2564
f 2174 2175 2130
f 2131 2130 2175
f 2173 2174 2130
f 2173 2130 2151
f 2665 2712 2666
f 2688 2666 2712
f 2688 2712 2713
f 2713 2712 2737
f 2602 2601 2626
f 2625 2626 2601
f 2192 2249 2277
f 2276 2277 2249
f 2276 2249 2298
f 2275 2298 2249
f 1695 1657 1573
f 1695 1573 1656
f 1724 1740 1697
f 1725 1697 1740
f 1657 1696 1629
f 1670 1629 1696
f 1657 1629 1573
f 1574 1573 1629
f 1574 1629 1515
f 1515 1629 1575
f 2122 2057 2167
f 2121 2167 2057
f 2122 2076 2057
f 1980 2057 2076
f 2056 2057 1964
f 2056 2121 2057
f 2056 2101 2121
f 2120 2121 2101
f 20 55 21
f 56 21 55
f 20 19 55
f 54 55 19
f 16 15 50
f 51 16 50
f 596 503 595
f 529 595 503
f 596 595 611
f 610 611 595
f 237 188 236
f 187 236 188
f 277 237 236
f 276 277 236
f 276 236 258
f 258 236 235
f 257 234 256
f 210 256 234
f 258 235 234
f 257 258 234
f 257 293 258
f 257 292 293
f 276 258 293
f 276 293 317
f 316 293 292
f 316 355 293
f 294 295 211
f 211 295 259
f 214 162 191
f 161 191 162
f 351 394 416
f 372 351 416
f 500 437 480
f 436 480 437
f 436 437 420
f 421 420 437
f 436 420 435
f 396 435 420
f 372 416 373
f 417 373 416
f 257 256 275
f 257 275 292
f 112 78 111
f 77 111 78
f 210 234 153
f 154 153 234
f 152 153 111
f 112 111 153
f 210 153 209
f 152 209 153
f 137 184 138
f 185 138 184
f 136 184 137
f 136 183 184
f 606 674 675
f 631 674 606
f 631 587 657
f 631 546 587
f 392 411 370
f 370 411 412
f 349 312 250
f 251 250 312
f 734 677 751
f 676 751 677
f 825 875 798
f 851 798 875
f 825 824 875
f 824 896 875
f 955 925 924
f 955 956 925
f 796 775 774
f 751 774 775
f 825 797 824
f 825 777 797
f 824 797 874
f 823 874 797
f 7 45 2
f 2 45 46
f 7 6 45
f 6 44 45
f 67 46 45
f 67 45 66
f 168 197 169
f 168 218 197
f 129 69 128
f 69 68 128
f 129 128 147
f 147 128 146
f 126 169 127
f 180 127 169
f 170 127 180
f 170 146 127
f 92 124 64
f 100 64 124
f 145 124 144
f 100 124 145
f 243 321 244
f 280 244 321
f 168 244 218
f 168 167 244
f 196 244 167
f 196 243 244
f 147 146 181
f 170 181 146
f 63 89 39
f 99 89 63
f 154 113 153
f 112 153 113
f 235 236 155
f 187 155 236
f 154 234 155
f 235 155 234
f 154 155 113
f 139 113 155
f 156 157 114
f 115 114 157
f 139 155 140
f 187 140 155
f 156 140 188
f 187 188 140
f 139 140 79
f 98 79 140
f 156 114 140
f 98 140 114
f 504 505 443
f 504 443 442
f 32 87 33
f 87 61 33
f 99 63 62
f 99 62 88
f 10 62 34
f 63 34 62
f 122 88 62
f 122 62 61
f 61 62 33
f 10 33 62
f 1031 982 1057
f 983 982 1031
f 1057 982 1030
f 981 1030 982
f 799 800 739
f 740 739 800
f 570 571 525
f 526 525 571
f 478 477 523
f 498 523 477
f 417 418 373
f 374 373 418
f 645 663 598
f 599 598 663
f 644 643 687
f 644 687 710
f 645 711 663
f 712 663 711
f 644 710 711
f 645 644 711
f 712 711 759
f 758 759 711
f 1147 1078 1101
f 1148 1078 1147
f 1248 1314 1249
f 1315 1249 1314
f 615 662 616
f 643 616 662
f 643 662 687
f 686 687 662
f 685 662 642
f 686 662 685
f 530 554 614
f 613 614 554
f 642 662 614
f 615 614 662
f 615 574 614
f 530 614 574
f 641 642 614
f 613 641 614
f 280 281 244
f 218 244 281
f 280 365 281
f 322 281 365
f 530 574 507
f 506 530 507
f 508 507 555
f 555 507 574
f 119 120 85
f 86 85 120
f 161 120 119
f 161 162 120
f 192 164 163
f 215 192 163
f 215 163 214
f 214 163 162
f 508 464 507
f 463 507 464
f 509 556 510
f 575 510 556
f 196 144 166
f 196 166 217
f 165 141 88
f 99 88 141
f 1315 1314 1358
f 1357 1358 1314
f 1377 1358 1357
f 1377 1397 1358
f 2090 2134 2135
f 2090 2089 2134
f 2103 2084 2102
f 2083 2102 2084
f 924 925 872
f 873 872 925
f 850 849 872
f 895 872 849
f 895 849 894
f 848 894 849
f 1419 1395 1394
f 1418 1419 1394
f 3294 3316 3327
f 3280 3316 3294
f 3326 3327 3316
f 3326 3316 3315
f 3338 3291 3337
f 3312 3337 3291
f 3338 3337 3352
f 3351 3352 3337
f 3351 3337 3350
f 3350 3337 3336
f 3335 3310 3348
f 3348 3310 3309
f 3251 3250 3266
f 3266 3250 3265
f 3266 3292 3252
f 3293 3252 3292
f 3097 3096 3114
f 3113 3114 3096
f 3061 3060 3096
f 3095 3096 3060
f 2992 3032 2993
f 3033 2993 3032
f 3366 3361 3365
f 3361 3342 3365
f 3331 3343 3301
f 3302 3301 3343
f 3103 3155 2998
f 3140 2998 3155
f 2985 2997 2984
f 2964 2984 2997
f 2949 2868 2997
f 2964 2997 2868
f 3103 2998 2965
f 2966 2965 2998
f 3073 2967 2999
f 3000 2967 3073
f 2929 2967 2853
f 2892 2853 2967
f 2467 2490 2491
f 2397 2467 2491
f 2615 2588 2559
f 2518 2559 2588
f 2490 2559 2491
f 2518 2491 2559
f 2490 2587 2559
f 2614 2559 2587
f 2397 2396 2467
f 2397 2381 2396
f 2498 2546 2547
f 2487 2546 2498
f 1852 1853 1789
f 1807 1789 1853
f 1831 1789 1806
f 1852 1789 1831
f 2125 2060 2124
f 2059 2124 2060
f 2078 2060 2126
f 2125 2126 2060
f 2078 2043 2060
f 2023 2060 2043
f 2023 2043 1995
f 1996 1995 2043
f 2023 1995 1994
f 1966 1994 1995
f 2059 1994 2058
f 1993 2058 1994
f 1966 1965 1994
f 1993 1994 1965
f 2023 1994 2060
f 2059 2060 1994
f 2008 1951 2007
f 1985 2007 1951
f 2110 2154 2111
f 2138 2111 2154
f 2288 2264 2263
f 2288 2263 2287
f 2264 2238 2199
f 2200 2199 2238
f 2264 2199 2263
f 2225 2263 2199
f 2366 2367 2327
f 2366 2327 2343
f 2008 2037 1952
f 2008 2048 2037
f 1986 2037 2038
f 2049 2038 2037
f 2005 1972 2004
f 1973 1972 2005
f 1861 1862 1815
f 1816 1815 1862
f 1562 1642 1494
f 1611 1494 1642
f 1111 1112 1071
f 1072 1071 1112
f 1137 1112 1111
f 1137 1138 1112
f 1404 1366 1323
f 1404 1323 1322
f 1567 1548 1566
f 1528 1566 1548
f 1528 1527 1566
f 1547 1566 1527
f 1547 1565 1566
f 1617 1566 1565
f 1595 1549 1594
f 1550 1549 1595
f 1567 1549 1548
f 1567 1594 1549
f 2592 2521 2591
f 2520 2591 2521
f 2592 2591 2659
f 2658 2659 2591
f 2519 2591 2520
f 2519 2590 2591
f 2520 2521 2446
f 2445 2520 2446
f 2521 2522 2446
f 2447 2446 2522
f 2287 2341 2342
f 2288 2287 2342
f 2340 2339 2363
f 2339 2362 2363
f 2452 2453 2409
f 2410 2409 2453
f 2366 2408 2409
f 2366 2409 2367
f 2403 2404 2361
f 2361 2404 2362
f 2405 2363 2404
f 2362 2404 2363
f 2382 2398 2443
f 2422 2443 2398
f 2125 2124 2171
f 2146 2171 2124
f 2125 2171 2126
f 2147 2126 2171
f 2078 2079 2043
f 2024 2043 2079
f 2025 2024 2079
f 2025 2079 2080
f 2128 2079 2127
f 2128 2080 2079
f 2126 2127 2079
f 2078 2126 2079
f 2155 2113 2112
f 2093 2112 2113
f 2139 2182 2112
f 2155 2112 2182
f 2410 2368 2409
f 2367 2409 2368
f 2203 2204 2182
f 2155 2182 2204
f 2140 2229 2240
f 2267 2240 2229
f 2140 2094 2229
f 2206 2229 2094
f 2570 2569 2596
f 2644 2596 2569
f 2408 2471 2409
f 2452 2409 2471
f 2529 2530 2471
f 2452 2471 2530
f 2032 2004 2003
f 2032 2003 2031
f 2029 2084 2030
f 2085 2030 2084
f 2031 2003 2030
f 2002 2030 2003
f 2031 2030 2086
f 2085 2086 2030
f 2032 2086 2087
f 2032 2031 2086
f 2174 2196 2175
f 2197 2175 2196
f 2173 2196 2174
f 2173 2222 2196
f 2258 2196 2222
f 2258 2259 2196
f 2218 2254 2219
f 2255 2219 2254
f 2150 2172 2151
f 2173 2151 2172
f 2302 2303 2256
f 2302 2256 2255
f 2220 2219 2256
f 2255 2256 2219
f 2085 2104 2086
f 2105 2086 2104
f 2085 2084 2104
f 2103 2104 2084
f 2103 2151 2104
f 2151 2130 2104
f 2131 2104 2130
f 2105 2104 2131
f 2197 2198 2176
f 2197 2176 2175
f 2178 2177 2223
f 2178 2223 2224
f 2198 2223 2176
f 2177 2176 2223
f 2644 2569 2643
f 2595 2643 2569
f 2619 2643 2595
f 2642 2643 2619
f 2644 2643 2645
f 2666 2645 2643
f 2665 2666 2643
f 2642 2665 2643
f 2209 2208 2329
f 2346 2329 2208
f 2389 2374 2348
f 2389 2348 2347
f 2374 2390 2348
f 2349 2348 2390
f 2309 2329 2372
f 2387 2372 2329
f 2413 2372 2430
f 2387 2430 2372
f 2388 2330 2372
f 2309 2372 2330
f 2387 2371 2430
f 2429 2430 2371
f 2387 2329 2371
f 2346 2371 2329
f 2349 2390 2375
f 2391 2375 2390
f 2120 2191 2121
f 2121 2191 2167
f 2275 2249 2191
f 2275 2191 2233
f 2192 2167 2191
f 2192 2191 2249
f 1601 1628 1602
f 1601 1668 1628
f 1695 1628 1669
f 1695 1656 1628
f 1462 1414 1510
f 1415 1414 1462
f 1415 1462 1439
f 1415 1439 1354
f 1463 1416 1439
f 1481 1463 1439
f 1353 1308 1285
f 1241 1285 1308
f 1569 1570 1530
f 1531 1530 1570
f 1569 1530 1568
f 1529 1568 1530
f 1724 1697 1658
f 1724 1658 1671
f 1739 1723 1696
f 1670 1696 1723
f 1575 1629 1630
f 1670 1630 1629
f 1670 1723 1630
f 1671 1630 1723
f 1671 1658 1630
f 1604 1630 1658
f 1531 1570 1532
f 1571 1532 1570
f 1480 1532 1414
f 1510 1414 1532
f 1725 1740 1803
f 1725 1803 1741
f 1896 1941 1850
f 1897 1850 1941
f 2075 2100 2022
f 2101 2022 2100
f 2056 1979 2022
f 2056 2022 2101
f 1897 1941 2022
f 1897 2022 1979
f 2021 1939 2055
f 2020 2055 1939
f 2021 2055 2074
f 2119 2074 2055
f 1941 1992 2022
f 2075 2022 1992
f 1896 1992 1941
f 1940 1992 1896
f 2021 2074 1992
f 2075 1992 2074
f 2021 1992 1939
f 1940 1939 1992
f 2796 2771 2770
f 2730 2770 2771
f 2551 2657 2279
f 2235 2279 2657
f 14 49 15
f 15 49 50
f 421 397 420
f 378 420 397
f 316 397 355
f 316 378 397
f 529 502 595
f 552 595 502
f 298 260 297
f 298 240 260
f 214 260 240
f 214 191 260
f 372 332 351
f 351 332 313
f 331 313 272
f 271 331 272
f 313 332 272
f 287 272 332
f 233 186 232
f 185 232 186
f 289 233 232
f 289 232 274
f 316 292 335
f 292 275 335
f 396 376 435
f 419 435 376
f 233 254 186
f 208 186 254
f 354 333 376
f 375 376 333
f 374 375 333
f 374 333 353
f 334 333 354
f 334 315 333
f 314 353 333
f 314 333 315
f 56 55 76
f 77 56 76
f 75 76 54
f 54 76 55
f 106 105 134
f 106 134 135
f 206 178 205
f 205 178 177
f 136 178 183
f 136 135 178
f 135 134 178
f 177 178 134
f 95 107 73
f 108 73 107
f 136 107 135
f 106 135 107
f 137 108 107
f 136 137 107
f 106 107 94
f 95 94 107
f 105 94 72
f 106 94 105
f 50 49 94
f 72 94 49
f 51 50 94
f 51 94 95
f 349 250 348
f 311 348 250
f 392 349 348
f 392 348 391
f 392 454 411
f 392 391 454
f 412 411 475
f 455 412 475
f 411 454 475
f 518 475 454
f 632 675 733
f 676 632 733
f 675 674 733
f 732 733 674
f 751 733 774
f 676 733 751
f 676 677 607
f 676 607 632
f 737 798 659
f 738 659 798
f 1072 1048 1071
f 1071 1048 1047
f 850 872 822
f 873 822 872
f 823 822 874
f 873 874 822
f 796 822 775
f 796 850 822
f 823 797 776
f 735 776 797
f 775 822 776
f 823 776 822
f 734 751 776
f 751 775 776
f 43 65 44
f 43 64 65
f 44 65 45
f 66 45 65
f 67 103 68
f 68 103 128
f 67 66 103
f 66 102 103
f 146 128 103
f 146 103 127
f 126 127 103
f 126 103 102
f 200 172 199
f 172 171 199
f 181 221 199
f 222 199 221
f 147 199 171
f 147 181 199
f 200 199 223
f 222 223 199
f 222 221 247
f 246 247 221
f 222 247 223
f 267 223 247
f 39 89 40
f 90 40 89
f 23 22 58
f 59 23 58
f 25 80 26
f 81 26 80
f 115 81 80
f 115 80 114
f 983 935 982
f 983 962 935
f 802 856 829
f 857 829 856
f 782 781 829
f 782 829 830
f 802 779 856
f 828 856 779
f 855 854 933
f 899 933 854
f 799 854 800
f 853 854 799
f 500 480 527
f 526 527 480
f 570 525 524
f 499 524 525
f 550 524 523
f 550 569 524
f 478 523 524
f 499 478 524
f 419 376 395
f 375 395 376
f 374 418 395
f 374 395 375
f 417 459 418
f 434 459 417
f 860 832 881
f 859 881 832
f 685 707 708
f 686 685 708
f 712 759 760
f 713 712 760
f 758 806 807
f 758 807 759
f 983 1031 1058
f 983 1058 1012
f 1101 1058 1031
f 1101 1078 1058
f 857 878 829
f 830 829 878
f 831 830 878
f 831 878 879
f 1082 1083 1035
f 1013 1035 1083
f 1125 1153 1083
f 1153 1104 1083
f 1248 1290 1314
f 1247 1290 1248
f 782 830 803
f 831 803 830
f 859 832 880
f 805 880 832
f 939 880 904
f 939 859 880
f 599 557 531
f 576 557 599
f 712 646 663
f 713 646 712
f 599 663 646
f 576 599 646
f 246 283 247
f 305 247 283
f 86 121 87
f 86 120 121
f 87 121 61
f 122 61 121
f 162 121 120
f 162 163 121
f 122 121 164
f 164 121 163
f 463 464 400
f 424 463 400
f 508 509 465
f 508 465 464
f 464 465 400
f 425 400 465
f 531 557 511
f 484 511 557
f 575 531 511
f 575 511 510
f 90 123 91
f 143 123 90
f 92 123 124
f 92 91 123
f 144 124 123
f 144 123 166
f 90 89 142
f 143 90 142
f 99 142 89
f 99 141 142
f 215 261 262
f 215 262 192
f 165 193 141
f 194 141 193
f 165 164 193
f 192 193 164
f 192 262 193
f 263 193 262
f 1400 1380 1363
f 1336 1363 1380
f 1490 1471 1427
f 1446 1427 1471
f 1446 1381 1427
f 1380 1427 1381
f 1426 1427 1400
f 1400 1427 1380
f 1397 1359 1358
f 1398 1359 1397
f 1446 1401 1381
f 1447 1401 1446
f 1273 1292 1251
f 1252 1251 1292
f 1336 1292 1363
f 1273 1363 1292
f 1293 1253 1292
f 1252 1292 1253
f 1293 1292 1364
f 1336 1364 1292
f 1380 1381 1364
f 1336 1380 1364
f 1381 1401 1364
f 1337 1364 1401
f 2108 2152 2089
f 2089 2152 2134
f 2225 2199 2179
f 2153 2179 2199
f 2178 2224 2179
f 2225 2179 2224
f 2135 2134 2179
f 2135 2179 2153
f 2134 2152 2179
f 2178 2179 2152
f 2005 2033 2034
f 2005 2034 2006
f 2131 2175 2132
f 2175 2176 2132
f 1160 1205 1133
f 1182 1133 1205
f 1206 1183 1233
f 1182 1233 1183
f 1182 1183 1133
f 1134 1133 1183
f 1184 1135 1183
f 1134 1183 1135
f 1046 1067 1068
f 1046 1045 1067
f 1045 1020 1067
f 1066 1067 1020
f 1447 1446 1491
f 1446 1471 1491
f 1448 1491 1521
f 1539 1521 1491
f 1590 1521 1589
f 1522 1521 1590
f 895 923 872
f 924 872 923
f 1805 1806 1788
f 1805 1788 1787
f 1396 1441 1422
f 1442 1422 1441
f 1421 1441 1374
f 1396 1374 1441
f 3280 3281 3231
f 3280 3231 3255
f 3264 3290 3291
f 3312 3291 3290
f 3264 3265 3249
f 3265 3250 3249
f 3189 3211 3212
f 3251 3212 3211
f 3251 3266 3212
f 3266 3252 3212
f 3069 3100 3101
f 3136 3101 3100
f 2961 2920 2947
f 2906 2947 2920
f 3133 3117 3132
f 3132 3117 3116
f 3132 3116 3115
f 3172 3132 3115
f 2943 2958 2959
f 2943 2959 2944
f 3041 3014 3063
f 3033 3063 3014
f 3198 3158 3221
f 3198 3221 3270
f 3198 3270 3296
f 3198 3296 3222
f 3308 3309 3286
f 3309 3287 3286
f 3308 3286 3307
f 3307 3286 3263
f 3095 3131 3096
f 3113 3096 3131
f 3094 3131 3095
f 3094 3130 3131
f 3094 3129 3130
f 3094 3093 3129
f 3299 3357 3300
f 3357 3320 3300
f 3331 3300 3320
f 3331 3301 3300
f 3306 3307 3262
f 3307 3263 3262
f 3306 3262 3305
f 3305 3262 3278
f 3302 3343 3303
f 3344 3303 3343
f 3284 3303 3285
f 3284 3302 3303
f 3278 3262 3241
f 3242 3241 3262
f 3301 3276 3300
f 3275 3300 3276
f 3302 3276 3301
f 3284 3276 3302
f 2732 2733 2660
f 2661 2660 2733
f 2661 2733 2662
f 2734 2662 2733
f 2817 2802 2780
f 2802 2781 2780
f 2814 3036 2865
f 2925 2865 3036
f 3103 2965 3102
f 3139 3103 3102
f 2949 2997 3102
f 2949 3102 2965
f 3198 3222 3143
f 3222 3199 3143
f 2929 2952 2967
f 2999 2967 2952
f 3073 3105 3046
f 3000 3073 3046
f 2506 2537 2538
f 2537 2556 2538
f 2693 2718 2671
f 2719 2671 2718
f 2250 2299 2170
f 2214 2170 2299
f 2589 2638 2707
f 2551 2638 2589
f 2467 2396 2517
f 2489 2517 2396
f 2467 2517 2490
f 2490 2517 2587
f 2550 2586 2517
f 2586 2587 2517
f 2381 2355 2396
f 2323 2355 2381
f 2379 2378 2417
f 2439 2417 2378
f 2276 2352 2318
f 2276 2298 2352
f 2379 2417 2352
f 2394 2352 2417
f 1729 1728 1772
f 1744 1772 1728
f 1996 2043 1997
f 2024 1997 2043
f 1852 1831 1879
f 1831 1878 1879
f 1524 1496 1563
f 1524 1563 1544
f 2008 2007 2047
f 2008 2047 2048
f 2138 2092 2111
f 2138 2139 2092
f 2267 2229 2307
f 2266 2307 2229
f 2224 2223 2262
f 2261 2262 2223
f 2286 2262 2285
f 2261 2285 2262
f 2225 2224 2262
f 2225 2262 2263
f 2286 2287 2262
f 2287 2263 2262
f 2201 2154 2226
f 2180 2226 2154
f 2200 2238 2226
f 2200 2226 2180
f 2110 2137 2154
f 2180 2154 2137
f 2110 2091 2137
f 2065 2091 2110
f 2110 2111 2066
f 2065 2110 2066
f 2111 2092 2066
f 2039 2066 2092
f 2049 2066 2038
f 2065 2066 2049
f 1206 1233 1234
f 1321 1234 1233
f 1322 1323 1276
f 1295 1276 1323
f 1275 1276 1234
f 1235 1234 1276
f 1322 1276 1384
f 1275 1384 1276
f 1818 1775 1817
f 1774 1817 1775
f 1816 1862 1817
f 1816 1817 1774
f 1985 1951 1908
f 1909 1908 1951
f 1907 1864 1906
f 1863 1906 1864
f 1182 1294 1233
f 1182 1205 1294
f 1275 1234 1383
f 1321 1383 1234
f 1275 1383 1384
f 1541 1384 1383
f 1541 1383 1611
f 1611 1383 1494
f 1047 1048 1024
f 1025 1024 1048
f 896 928 875
f 927 928 896
f 1206 1207 1183
f 1184 1183 1207
f 1206 1234 1207
f 1235 1207 1234
f 1137 1185 1138
f 1137 1162 1185
f 1163 1138 1185
f 1163 1185 1186
f 1258 1278 1259
f 1298 1259 1278
f 1138 1113 1112
f 1163 1113 1138
f 1072 1112 1113
f 1072 1113 1095
f 1567 1566 1618
f 1617 1618 1566
f 1756 1755 1779
f 1794 1779 1755
f 1645 1614 1663
f 1683 1663 1614
f 1592 1614 1593
f 1592 1644 1614
f 1612 1865 1821
f 1932 1821 1865
f 1932 1865 1951
f 1909 1951 1865
f 1612 1543 1865
f 1682 1865 1543
f 1496 1543 1563
f 1612 1563 1543
f 1474 1523 1543
f 1523 1682 1543
f 1474 1450 1523
f 1474 1451 1450
f 1499 1455 1454
f 1433 1454 1455
f 1496 1475 1543
f 1474 1543 1475
f 1524 1497 1475
f 1524 1475 1496
f 1386 1407 1387
f 1408 1387 1407
f 1433 1455 1407
f 1406 1433 1407
f 1408 1409 1388
f 1408 1388 1387
f 1297 1341 1325
f 1342 1325 1341
f 1298 1278 1325
f 1297 1325 1278
f 1406 1407 1343
f 1386 1343 1407
f 1342 1343 1325
f 1326 1325 1343
f 1387 1388 1345
f 1346 1345 1388
f 1645 1615 1614
f 1593 1614 1615
f 1564 1545 1615
f 1545 1593 1615
f 1548 1549 1503
f 1548 1503 1502
f 2382 2443 2383
f 2423 2383 2443
f 2400 2358 2424
f 2385 2424 2358
f 2445 2446 2424
f 2400 2424 2446
f 2423 2443 2468
f 2492 2468 2443
f 2592 2659 2560
f 2659 2660 2560
f 2592 2560 2521
f 2521 2560 2522
f 2408 2407 2471
f 2451 2471 2407
f 2525 2524 2563
f 2562 2563 2524
f 2138 2154 2181
f 2201 2181 2154
f 2139 2181 2182
f 2138 2181 2139
f 1954 2093 2114
f 2093 2113 2114
f 2344 2305 2368
f 2344 2239 2305
f 2367 2305 2327
f 2367 2368 2305
f 2155 2183 2113
f 2155 2204 2183
f 2593 2639 2617
f 2593 2617 2594
f 2640 2617 2686
f 2685 2686 2617
f 2757 2756 2779
f 2757 2737 2756
f 2737 2712 2756
f 2711 2756 2712
f 2816 2779 2756
f 2816 2756 2778
f 2711 2736 2756
f 2736 2778 2756
f 1927 1971 1928
f 1928 1971 1972
f 2004 1972 1971
f 2004 1971 2003
f 2303 2281 2256
f 2257 2256 2281
f 2403 2361 2402
f 2361 2360 2402
f 2150 2102 2149
f 2082 2149 2102
f 2257 2221 2256
f 2220 2256 2221
f 2258 2222 2221
f 2257 2258 2221
f 2173 2221 2222
f 2173 2172 2221
f 2326 2339 2284
f 2285 2284 2339
f 2713 2737 2738
f 2757 2738 2737
f 2781 2738 2780
f 2757 2780 2738
f 2802 2739 2781
f 2758 2739 2802
f 2690 2646 2667
f 2690 2667 2689
f 2688 2713 2667
f 2713 2689 2667
f 2688 2667 2666
f 2666 2667 2645
f 2309 2330 2269
f 2292 2269 2330
f 2158 2207 2115
f 2184 2115 2207
f 2209 2185 2208
f 2184 2208 2185
f 2570 2596 2533
f 2571 2533 2596
f 2645 2667 2620
f 2646 2620 2667
f 2644 2620 2596
f 2644 2645 2620
f 2571 2596 2620
f 2571 2620 2597
f 2602 2540 2601
f 2539 2601 2540
f 2374 2433 2390
f 2434 2390 2433
f 2389 2433 2374
f 2389 2416 2433
f 2696 2674 2695
f 2673 2695 2674
f 2673 2674 2627
f 2673 2627 2626
f 2375 2376 2313
f 2314 2313 2376
f 2013 2014 1956
f 1988 1956 2014
f 2163 2246 2190
f 2232 2190 2246
f 2119 2190 2164
f 2119 2118 2190
f 2391 2390 2435
f 2434 2435 2390
f 2652 2653 2631
f 2632 2631 2653
f 2722 2746 2701
f 2723 2701 2746
f 2652 2701 2653
f 2723 2653 2701
f 2164 2190 2212
f 2232 2212 2190
f 2273 2212 2232
f 2273 2247 2212
f 2247 2248 2212
f 2213 2212 2248
f 1974 1888 1833
f 1822 1833 1888
f 1974 1833 2114
f 1954 2114 1833
f 1954 1833 1794
f 1794 1833 1779
f 1571 1570 1599
f 1570 1626 1599
f 1668 1722 1628
f 1669 1628 1722
f 1626 1654 1599
f 1655 1599 1654
f 1415 1372 1414
f 1415 1309 1372
f 1502 1503 1459
f 1458 1502 1459
f 1460 1476 1435
f 1460 1435 1434
f 1240 1283 1329
f 1328 1329 1283
f 1328 1369 1329
f 1369 1352 1329
f 1353 1285 1307
f 1353 1307 1371
f 1330 1370 1307
f 1371 1307 1370
f 1196 1307 1285
f 1196 1265 1307
f 1621 1622 1596
f 1597 1596 1622
f 1822 1888 1834
f 1866 1834 1888
f 1626 1625 1654
f 1653 1654 1625
f 1569 1625 1570
f 1570 1625 1626
f 1531 1532 1479
f 1480 1479 1532
f 1531 1509 1530
f 1531 1479 1509
f 1724 1671 1770
f 1671 1723 1770
f 1739 1770 1723
f 1739 1786 1770
f 1574 1513 1573
f 1574 1514 1513
f 1440 1513 1514
f 1440 1482 1513
f 1896 1850 1849
f 1804 1849 1850
f 1940 1896 1849
f 1895 1940 1849
f 1741 1803 1849
f 1804 1741 1849
f 2213 2248 2166
f 2233 2166 2248
f 2120 2166 2191
f 2233 2191 2166
f 2120 2101 2166
f 2101 2100 2166
f 1940 1894 1939
f 1895 1894 1940
f 2213 2165 2212
f 2164 2212 2165
f 2100 2165 2166
f 2213 2166 2165
f 2075 2165 2100
f 2075 2074 2165
f 2119 2165 2074
f 2119 2164 2165
f 2589 2707 2753
f 2589 2753 2682
f 2730 2771 2753
f 2730 2753 2707
f 2707 2638 2681
f 2730 2707 2681
f 2615 2681 2588
f 2588 2681 2638
f 2880 2897 2881
f 2898 2881 2897
f 2614 2587 2637
f 2586 2637 2587
f 2613 2637 2586
f 2613 2680 2637
f 2751 2810 2752
f 2795 2752 2810
f 355 397 356
f 379 356 397
f 317 293 356
f 355 356 293
f 379 380 356
f 357 356 380
f 357 318 356
f 317 356 318
f 276 317 318
f 276 318 277
f 277 318 278
f 278 318 319
f 212 213 159
f 160 159 213
f 161 160 213
f 161 213 191
f 436 479 480
f 436 435 479
f 526 479 525
f 526 480 479
f 419 479 435
f 419 461 479
f 499 525 479
f 499 479 461
f 374 352 373
f 374 353 352
f 372 373 352
f 372 352 332
f 185 184 231
f 185 231 232
f 354 376 377
f 396 377 376
f 396 420 377
f 378 377 420
f 334 354 377
f 334 377 335
f 316 377 378
f 316 335 377
f 210 209 255
f 210 255 256
f 208 254 255
f 208 255 209
f 314 315 290
f 289 314 290
f 289 290 233
f 233 290 254
f 185 186 150
f 185 150 138
f 51 52 16
f 16 52 17
f 95 73 52
f 51 95 52
f 96 74 108
f 108 74 73
f 182 286 249
f 182 228 286
f 248 286 228
f 248 310 286
f 655 672 629
f 630 629 672
f 455 475 545
f 455 545 519
f 735 678 776
f 734 776 678
f 777 736 797
f 735 797 736
f 735 736 678
f 634 678 736
f 631 566 546
f 631 606 566
f 1072 1049 1048
f 1072 1095 1049
f 1025 1048 1049
f 1025 1049 1026
f 873 925 926
f 873 926 874
f 824 926 896
f 824 874 926
f 956 926 925
f 956 957 926
f 927 896 926
f 927 926 957
f 126 101 125
f 126 102 101
f 145 125 101
f 100 145 101
f 66 101 102
f 66 65 101
f 100 101 64
f 64 101 65
f 170 220 181
f 181 220 221
f 201 224 202
f 225 202 224
f 201 200 224
f 200 223 224
f 35 39 36
f 39 40 36
f 12 41 42
f 12 11 41
f 92 42 41
f 92 41 91
f 40 41 36
f 11 36 41
f 90 41 40
f 90 91 41
f 77 78 57
f 77 57 56
f 9 21 57
f 56 57 21
f 9 57 22
f 22 57 58
f 58 57 97
f 78 97 57
f 112 97 78
f 112 113 97
f 139 97 113
f 139 79 97
f 59 58 97
f 59 97 79
f 23 60 24
f 59 60 23
f 98 60 79
f 59 79 60
f 25 24 60
f 25 60 80
f 98 114 60
f 114 80 60
f 440 502 482
f 529 482 502
f 319 318 358
f 357 358 318
f 357 380 358
f 422 358 380
f 296 337 338
f 296 295 337
f 338 337 398
f 398 337 382
f 442 443 383
f 442 383 398
f 359 338 383
f 338 398 383
f 359 383 360
f 360 383 399
f 399 383 462
f 443 462 383
f 506 507 462
f 463 462 507
f 506 462 505
f 505 462 443
f 424 462 463
f 424 399 462
f 961 934 933
f 961 981 934
f 981 982 934
f 982 935 934
f 799 739 753
f 778 799 753
f 699 635 753
f 590 753 635
f 699 753 700
f 739 700 753
f 610 595 594
f 552 594 595
f 552 551 594
f 593 594 551
f 592 572 638
f 637 638 572
f 526 571 572
f 526 572 527
f 527 572 573
f 592 573 572
f 593 551 573
f 528 573 551
f 500 527 573
f 528 500 573
f 419 395 460
f 419 460 461
f 499 460 478
f 499 461 460
f 418 460 395
f 418 459 460
f 478 460 477
f 477 460 459
f 758 711 744
f 710 744 711
f 807 862 808
f 863 808 862
f 809 808 864
f 863 864 808
f 759 808 760
f 759 807 808
f 1197 1198 1149
f 1148 1197 1149
f 1148 1149 1078
f 1078 1149 1122
f 1032 1012 1079
f 1012 1058 1079
f 1078 1079 1058
f 1078 1122 1079
f 857 856 901
f 900 901 856
f 962 901 935
f 900 935 901
f 1122 1149 1102
f 1150 1102 1149
f 1122 1102 1079
f 1080 1079 1102
f 1150 1169 1102
f 1123 1102 1169
f 1103 1102 1123
f 1080 1102 1103
f 1249 1225 1224
f 1249 1250 1225
f 1247 1248 1223
f 1247 1223 1202
f 1248 1249 1223
f 1249 1224 1223
f 859 940 881
f 939 940 859
f 1013 1083 1036
f 1104 1036 1083
f 965 988 940
f 941 940 988
f 1013 1036 988
f 989 988 1036
f 1013 988 1035
f 1035 988 965
f 941 988 942
f 942 988 989
f 1059 1034 1081
f 1034 1103 1081
f 1202 1223 1173
f 1174 1173 1223
f 1201 1202 1173
f 1201 1173 1172
f 1125 1173 1153
f 1125 1172 1173
f 707 783 708
f 784 708 783
f 784 783 805
f 805 783 804
f 706 684 683
f 706 683 705
f 641 612 683
f 641 683 684
f 612 611 683
f 611 661 683
f 424 361 399
f 360 399 361
f 194 193 241
f 263 241 193
f 301 241 263
f 301 302 241
f 196 264 243
f 196 217 264
f 243 264 321
f 321 264 320
f 1226 1225 1270
f 1250 1270 1225
f 1273 1251 1272
f 1316 1273 1272
f 1379 1399 1445
f 1445 1399 1444
f 1379 1400 1362
f 1400 1363 1362
f 1316 1362 1273
f 1273 1362 1363
f 1379 1362 1399
f 1361 1399 1362
f 1271 1270 1335
f 1334 1335 1270
f 1316 1272 1335
f 1271 1335 1272
f 1361 1362 1335
f 1316 1335 1362
f 1490 1427 1520
f 1426 1520 1427
f 1488 1444 1487
f 1443 1487 1444
f 1398 1397 1424
f 1398 1424 1425
f 1334 1360 1335
f 1361 1335 1360
f 1334 1270 1291
f 1250 1291 1270
f 1315 1291 1249
f 1249 1291 1250
f 1334 1291 1360
f 1359 1360 1291
f 1315 1358 1291
f 1358 1359 1291
f 1064 1158 1043
f 1091 1043 1158
f 1092 1044 1019
f 997 1019 1044
f 997 972 1019
f 971 1019 972
f 1091 1019 1043
f 971 1043 1019
f 1091 1131 1019
f 1092 1019 1131
f 1091 1158 1131
f 1230 1131 1158
f 2108 2045 2107
f 2088 2107 2045
f 2088 2045 2033
f 2033 2045 2034
f 2006 2034 2035
f 1983 2006 2035
f 2088 2087 2106
f 2088 2106 2107
f 2087 2086 2106
f 2105 2106 2086
f 2105 2131 2106
f 2131 2132 2106
f 2132 2133 2106
f 2107 2106 2133
f 2178 2133 2177
f 2178 2152 2133
f 2108 2133 2152
f 2108 2107 2133
f 2177 2133 2176
f 2176 2133 2132
f 1046 1068 1069
f 1068 1094 1069
f 1161 1162 1136
f 1137 1136 1162
f 1160 1133 1093
f 1160 1093 1107
f 1134 1093 1133
f 1108 1093 1134
f 1066 1093 1067
f 1066 1107 1093
f 1068 1067 1093
f 1108 1068 1093
f 1066 1020 1065
f 1044 1065 1020
f 1066 1065 1107
f 1107 1065 1159
f 1318 1402 1340
f 1318 1339 1402
f 1230 1274 1131
f 1231 1131 1274
f 1318 1274 1339
f 1318 1231 1274
f 1490 1520 1559
f 1538 1559 1520
f 1585 1559 1538
f 1585 1586 1559
f 1635 1702 1636
f 1678 1636 1702
f 1585 1635 1636
f 1585 1636 1586
f 955 924 977
f 924 923 977
f 894 893 922
f 921 922 893
f 895 894 922
f 895 922 923
f 921 893 920
f 892 920 893
f 921 920 954
f 954 920 953
f 1608 1607 1676
f 1661 1676 1607
f 1729 1676 1728
f 1729 1677 1676
f 1807 1790 1771
f 1807 1771 1789
f 1806 1789 1771
f 1806 1771 1788
f 1661 1700 1676
f 1728 1676 1700
f 1744 1728 1700
f 1744 1700 1743
f 1790 1727 1771
f 1726 1771 1727
f 1790 1791 1727
f 1791 1743 1727
f 1421 1466 1441
f 1467 1441 1466
f 1464 1465 1420
f 1464 1420 1419
f 1465 1466 1420
f 1421 1420 1466
f 1419 1420 1395
f 1395 1420 1373
f 1421 1374 1420
f 1374 1373 1420
f 1357 1314 1313
f 1314 1290 1313
f 1377 1357 1313
f 1377 1313 1376
f 1376 1313 1375
f 1312 1375 1313
f 1311 1333 1375
f 1311 1375 1312
f 1396 1375 1374
f 1333 1374 1375
f 1396 1422 1375
f 1422 1376 1375
f 3134 3190 3176
f 3134 3176 3135
f 3136 3100 3176
f 3135 3176 3100
f 3136 3176 3177
f 3191 3177 3176
f 3280 3255 3267
f 3280 3267 3316
f 3018 3069 3070
f 3069 3101 3070
f 3214 3215 3192
f 3193 3192 3215
f 3214 3192 3281
f 3281 3192 3231
f 3172 3188 3132
f 3132 3188 3173
f 3173 3188 3210
f 3209 3210 3188
f 3250 3210 3249
f 3209 3249 3210
f 3251 3210 3250
f 3251 3211 3210
f 3211 3174 3210
f 3173 3210 3174
f 3132 3173 3174
f 3133 3132 3174
f 3175 3174 3189
f 3189 3174 3211
f 3209 3188 3229
f 3187 3229 3188
f 3190 3230 3176
f 3191 3176 3230
f 3190 3189 3230
f 3189 3212 3230
f 2842 2886 2908
f 2948 2908 2886
f 3035 2982 2995
f 2924 2995 2982
f 2906 2920 2921
f 2907 2906 2921
f 3134 3135 3099
f 3135 3082 3099
f 3011 3028 3029
f 3011 3010 3028
f 3094 3059 3093
f 3058 3093 3059
f 3095 3060 3059
f 3094 3095 3059
f 3029 3028 3059
f 3058 3059 3028
f 2920 2962 2921
f 2963 2921 2962
f 3116 3117 3065
f 3064 3116 3065
f 3064 3065 3041
f 3041 3065 3042
f 3097 3114 3098
f 3114 3115 3098
f 3116 3098 3115
f 3064 3098 3116
f 3064 3041 3098
f 3041 3063 3098
f 3063 3062 3098
f 3097 3098 3062
f 3097 3062 3096
f 3061 3096 3062
f 3033 3032 3062
f 3033 3062 3063
f 3297 3257 3282
f 3234 3282 3257
f 3222 3296 3317
f 3271 3317 3296
f 3222 3317 3199
f 3232 3199 3317
f 3283 3274 3236
f 3283 3319 3274
f 3299 3300 3274
f 3275 3274 3300
f 3234 3257 3273
f 3234 3273 3235
f 3283 3273 3298
f 3298 3273 3257
f 3236 3224 3273
f 3235 3273 3224
f 3234 3235 3200
f 3235 3201 3200
f 3298 3257 3328
f 3297 3328 3257
f 3329 3298 3328
f 3329 3328 3342
f 3354 3328 3297
f 3354 3364 3328
f 3342 3328 3365
f 3365 3328 3364
f 3287 3244 3286
f 3245 3244 3287
f 3322 3321 3332
f 3332 3321 3345
f 3344 3345 3321
f 3344 3321 3303
f 3008 2974 3007
f 2973 3007 2974
f 2989 2974 3024
f 3008 3024 2974
f 2616 2564 2663
f 2564 2563 2663
f 2562 2663 2563
f 2562 2662 2663
f 2732 2775 2733
f 2732 2774 2775
f 2736 2800 2778
f 2777 2800 2736
f 2814 2798 2775
f 2844 2798 2814
f 2734 2733 2798
f 2733 2775 2798
f 2984 2927 2983
f 2996 2984 2983
f 2996 2983 3044
f 3044 2983 3036
f 2573 2572 2598
f 2554 2572 2573
f 2744 2697 2765
f 2696 2765 2697
f 2696 2695 2765
f 2743 2765 2695
f 2787 2788 2765
f 2743 2787 2765
f 2744 2765 2789
f 2788 2789 2765
f 3232 3159 3199
f 3223 3159 3232
f 3144 3143 3159
f 3199 3159 3143
f 2892 2873 2853
f 2823 2853 2873
f 2743 2786 2787
f 2743 2720 2786
f 2999 2952 3104
f 3072 3104 2952
f 3073 3104 3157
f 3073 2999 3104
f 3157 3104 3218
f 3218 3104 3195
f 3144 3086 3085
f 3049 3085 3086
f 3105 3084 3046
f 3105 3141 3084
f 3196 3084 3141
f 3196 3142 3084
f 2743 2695 2694
f 2743 2694 2720
f 2719 2694 2671
f 2719 2720 2694
f 2929 2872 2952
f 2910 2952 2872
f 2693 2805 2718
f 2783 2805 2693
f 2806 2718 2805
f 2821 2852 2805
f 2821 2805 2783
f 2489 2501 2517
f 2550 2517 2501
f 2547 2546 2582
f 2547 2582 2583
f 2487 2498 2440
f 2487 2440 2465
f 2439 2440 2417
f 2439 2465 2440
f 1744 1743 1809
f 1791 1809 1743
f 1808 1809 1791
f 1808 1855 1809
f 2025 1998 2024
f 2024 1998 1997
f 2083 2061 2102
f 2082 2102 2061
f 2083 2084 2028
f 2029 2028 2084
f 2083 2028 2061
f 2027 2061 2028
f 1923 1902 1946
f 1922 1946 1902
f 1996 1945 1995
f 1944 1995 1945
f 1899 1854 1898
f 1854 1853 1898
f 1852 1898 1853
f 1852 1879 1898
f 2007 2046 2047
f 2036 2046 2007
f 2009 2067 2093
f 2093 2067 2112
f 2139 2112 2067
f 2139 2067 2092
f 2039 2067 2040
f 2039 2092 2067
f 2640 2565 2617
f 2594 2617 2565
f 2529 2565 2530
f 2530 2565 2566
f 2642 2619 2618
f 2642 2618 2641
f 2641 2618 2686
f 2640 2686 2618
f 2566 2565 2618
f 2640 2618 2565
f 2410 2411 2368
f 2344 2368 2411
f 2410 2453 2411
f 2472 2411 2453
f 2493 2425 2532
f 2472 2532 2425
f 2472 2425 2411
f 2369 2411 2425
f 2369 2425 2345
f 2426 2345 2425
f 2266 2345 2307
f 2291 2345 2266
f 2327 2305 2290
f 2227 2290 2305
f 2201 2226 2290
f 2227 2201 2290
f 2135 2153 2136
f 2135 2136 2109
f 2200 2136 2199
f 2153 2199 2136
f 2137 2091 2136
f 2109 2136 2091
f 2200 2180 2136
f 2180 2137 2136
f 2090 2135 2063
f 2135 2109 2063
f 2047 2046 2063
f 2090 2063 2046
f 1639 1640 1589
f 1590 1589 1640
f 1522 1590 1561
f 1522 1561 1492
f 1540 1449 1561
f 1449 1492 1561
f 1590 1640 1561
f 1641 1561 1640
f 1540 1561 1610
f 1641 1610 1561
f 1732 1731 1752
f 1775 1752 1731
f 1774 1775 1731
f 1774 1731 1751
f 1750 1815 1730
f 1816 1730 1815
f 1816 1774 1730
f 1774 1751 1730
f 1818 1817 1884
f 1818 1884 1885
f 1908 1887 1950
f 1907 1950 1887
f 1973 1929 1972
f 1928 1972 1929
f 1885 1884 1929
f 1928 1929 1884
f 1818 1832 1775
f 1775 1832 1752
f 1611 1642 1681
f 1732 1681 1642
f 1540 1610 1493
f 1562 1493 1610
f 1047 1024 1002
f 1023 1047 1002
f 954 953 1002
f 954 1002 1024
f 826 897 827
f 752 826 827
f 1406 1343 1385
f 1342 1385 1343
f 1366 1367 1323
f 1324 1323 1367
f 1184 1208 1135
f 1161 1135 1208
f 1295 1323 1296
f 1324 1296 1323
f 1297 1296 1341
f 1324 1341 1296
f 2009 1778 2067
f 2040 2067 1778
f 2009 1794 1778
f 1794 1755 1778
f 1612 1613 1563
f 1612 1821 1613
f 1592 1544 1613
f 1544 1563 1613
f 1592 1613 1644
f 1644 1613 1754
f 1952 2037 1910
f 1986 1910 2037
f 1932 1952 1910
f 1932 1910 1821
f 1754 1613 1910
f 1821 1910 1613
f 1366 1430 1367
f 1405 1367 1430
f 1404 1430 1366
f 1404 1473 1430
f 1451 1430 1450
f 1451 1405 1430
f 1450 1430 1542
f 1473 1542 1430
f 1523 1450 1542
f 1733 1523 1542
f 1524 1544 1525
f 1545 1525 1544
f 1455 1456 1407
f 1408 1407 1456
f 1408 1456 1409
f 1409 1456 1457
f 1528 1548 1501
f 1548 1502 1501
f 1458 1501 1502
f 1458 1457 1501
f 2445 2424 2444
f 2399 2444 2424
f 2519 2520 2444
f 2445 2444 2520
f 2423 2468 2444
f 2423 2444 2399
f 2519 2444 2502
f 2502 2444 2468
f 2661 2662 2561
f 2562 2561 2662
f 2661 2561 2660
f 2660 2561 2560
f 2366 2343 2365
f 2343 2342 2365
f 2366 2365 2408
f 2408 2365 2407
f 2403 2449 2404
f 2469 2404 2449
f 2403 2402 2449
f 2448 2449 2402
f 2525 2449 2524
f 2469 2449 2525
f 2525 2563 2526
f 2564 2526 2563
f 2564 2593 2526
f 2593 2527 2526
f 2529 2528 2565
f 2594 2565 2528
f 2529 2471 2528
f 2451 2528 2471
f 2593 2528 2527
f 2593 2594 2528
f 2451 2470 2528
f 2527 2528 2470
f 2147 2171 2216
f 2215 2216 2171
f 2255 2254 2301
f 2302 2255 2301
f 2227 2305 2202
f 2239 2202 2305
f 2203 2202 2265
f 2239 2265 2202
f 2203 2182 2202
f 2182 2181 2202
f 2201 2202 2181
f 2227 2202 2201
f 2113 2156 2114
f 2113 2183 2156
f 2369 2306 2411
f 2344 2411 2306
f 2291 2306 2345
f 2369 2345 2306
f 2239 2306 2265
f 2344 2306 2239
f 2206 2205 2229
f 2266 2229 2205
f 2183 2205 2156
f 2206 2156 2205
f 2665 2687 2712
f 2711 2712 2687
f 2642 2687 2665
f 2642 2641 2687
f 2337 2338 2282
f 2304 2282 2338
f 2258 2282 2259
f 2304 2259 2282
f 2257 2281 2282
f 2257 2282 2258
f 2447 2401 2446
f 2400 2446 2401
f 2448 2402 2401
f 2447 2448 2401
f 2283 2325 2284
f 2326 2284 2325
f 2326 2325 2361
f 2361 2325 2360
f 2304 2338 2325
f 2304 2325 2283
f 2128 2129 2080
f 2081 2080 2129
f 2082 2129 2149
f 2082 2081 2129
f 2259 2237 2196
f 2197 2196 2237
f 2304 2237 2259
f 2304 2283 2237
f 2713 2738 2714
f 2713 2714 2689
f 2690 2689 2714
f 2690 2714 2715
f 2781 2714 2738
f 2781 2739 2714
f 2715 2714 2740
f 2739 2740 2714
f 2292 2241 2269
f 2230 2269 2241
f 2073 2013 2072
f 2013 2012 2072
f 2158 2115 2142
f 2071 2142 2115
f 2070 2141 2142
f 2157 2142 2141
f 2140 2240 2141
f 2157 2141 2240
f 1975 2141 2070
f 1975 2069 2141
f 2140 2141 2094
f 2094 2141 2069
f 2429 2371 2475
f 2428 2475 2371
f 2455 2504 2496
f 2535 2496 2504
f 2570 2503 2569
f 2552 2569 2503
f 2158 2268 2207
f 2207 2268 2308
f 2429 2457 2430
f 2429 2456 2457
f 2506 2457 2456
f 2506 2476 2457
f 2538 2576 2507
f 2539 2507 2576
f 2506 2538 2507
f 2506 2507 2476
f 2413 2414 2372
f 2388 2372 2414
f 2388 2373 2330
f 2330 2373 2331
f 2389 2347 2373
f 2347 2331 2373
f 2388 2414 2373
f 2415 2373 2414
f 2389 2373 2416
f 2416 2373 2415
f 2652 2631 2630
f 2607 2630 2631
f 2436 2437 2392
f 2393 2392 2437
f 2391 2435 2392
f 2436 2392 2435
f 2391 2392 2375
f 2375 2392 2376
f 2376 2392 2350
f 2393 2350 2392
f 2393 2377 2350
f 2351 2350 2377
f 2351 2297 2350
f 2315 2350 2297
f 2314 2376 2350
f 2314 2350 2315
f 2013 1956 1978
f 2013 1978 2012
f 2315 2297 2296
f 2273 2296 2297
f 2232 2246 2296
f 2273 2232 2296
f 2543 2483 2514
f 2543 2515 2483
f 2514 2483 2513
f 2482 2513 2483
f 2439 2378 2438
f 2378 2377 2438
f 2393 2437 2438
f 2393 2438 2377
f 2723 2654 2653
f 2723 2724 2654
f 2378 2332 2377
f 2351 2377 2332
f 1866 1888 1911
f 1955 1911 1888
f 1975 1911 2069
f 1955 2069 1911
f 1889 1866 1911
f 1889 1911 1912
f 1602 1555 1572
f 1601 1602 1572
f 1915 1916 1871
f 1872 1871 1916
f 1872 1840 1871
f 1839 1871 1840
f 1691 1717 1692
f 1718 1692 1717
f 1601 1667 1668
f 1601 1627 1667
f 1653 1693 1654
f 1653 1692 1693
f 1480 1393 1479
f 1413 1479 1393
f 1353 1371 1393
f 1413 1393 1371
f 1480 1414 1393
f 1414 1372 1393
f 1353 1393 1308
f 1308 1393 1372
f 1330 1412 1370
f 1330 1352 1412
f 1077 1167 1168
f 1220 1168 1167
f 1346 1303 1302
f 1346 1347 1303
f 1460 1434 1411
f 1460 1411 1459
f 1550 1595 1551
f 1595 1596 1551
f 1503 1504 1459
f 1460 1459 1504
f 1550 1504 1549
f 1549 1504 1503
f 1460 1504 1476
f 1476 1504 1505
f 1550 1551 1504
f 1505 1504 1551
f 1328 1283 1327
f 1282 1327 1283
f 1330 1307 1284
f 1265 1284 1307
f 1352 1284 1329
f 1330 1284 1352
f 1240 1239 1283
f 1220 1239 1240
f 1282 1283 1239
f 1282 1239 1238
f 1306 1264 1305
f 1263 1305 1264
f 1282 1238 1264
f 1282 1264 1306
f 1529 1598 1568
f 1553 1598 1529
f 1553 1529 1508
f 1553 1508 1507
f 1529 1530 1508
f 1530 1509 1508
f 1509 1438 1508
f 1461 1508 1438
f 1461 1438 1412
f 1370 1412 1438
f 1371 1370 1438
f 1413 1371 1438
f 1479 1438 1509
f 1413 1438 1479
f 1656 1603 1628
f 1602 1628 1603
f 1656 1573 1603
f 1573 1513 1603
f 2118 2145 2190
f 2163 2190 2145
f 2119 2055 2054
f 2119 2054 2118
f 2053 2145 2054
f 2118 2054 2145
f 1724 1802 1740
f 1724 1770 1802
f 2020 1939 1938
f 1939 1894 1938
f 3033 2979 2993
f 3033 3014 2979
f 2993 2979 2960
f 2946 2960 2979
f 2961 2947 2979
f 2947 2946 2979
f 2839 2811 2769
f 2839 2769 2795
f 2796 2770 2769
f 2796 2769 2811
f 2813 2754 2772
f 2813 2772 2864
f 3090 3112 3091
f 3090 3091 3079
f 3040 3079 3091
f 3040 3091 3056
f 2703 2702 2727
f 2750 2727 2702
f 2723 2746 2747
f 2723 2747 2724
f 2748 2725 2747
f 2724 2747 2725
f 2748 2747 2793
f 2767 2793 2747
f 2795 2810 2838
f 2839 2795 2838
f 2837 2838 2810
f 2837 2861 2838
f 2858 2834 2882
f 2833 2882 2834
f 2767 2834 2793
f 2833 2834 2767
f 2835 2836 2809
f 2794 2809 2836
f 2793 2834 2809
f 2835 2809 2834
f 500 481 437
f 528 481 500
f 296 297 239
f 297 260 239
f 259 295 239
f 296 239 295
f 191 239 260
f 191 213 239
f 212 259 239
f 212 239 213
f 289 274 288
f 289 288 314
f 287 332 288
f 332 352 288
f 314 288 353
f 353 288 352
f 183 178 207
f 206 207 178
f 183 207 184
f 184 207 231
f 274 273 288
f 287 288 273
f 274 232 273
f 232 231 273
f 256 291 275
f 256 255 291
f 275 291 335
f 334 335 291
f 254 291 255
f 254 290 291
f 334 291 315
f 315 291 290
f 208 209 151
f 152 151 209
f 208 151 186
f 186 151 150
f 18 17 53
f 17 52 53
f 54 19 53
f 18 53 19
f 73 53 52
f 73 74 53
f 75 54 53
f 75 53 74
f 489 468 429
f 405 429 468
f 330 369 311
f 311 369 348
f 390 329 410
f 328 410 329
f 330 329 369
f 390 369 329
f 310 328 329
f 310 329 286
f 330 249 329
f 249 286 329
f 850 795 849
f 796 795 850
f 848 849 795
f 848 795 794
f 729 656 672
f 729 698 656
f 747 793 769
f 818 769 793
f 848 847 894
f 894 847 893
f 848 794 847
f 794 821 847
f 634 589 567
f 568 567 589
f 734 633 677
f 734 678 633
f 677 633 607
f 548 607 633
f 634 633 678
f 634 567 633
f 548 633 549
f 549 633 567
f 1095 1113 1114
f 1095 1114 1073
f 956 1004 957
f 1005 957 1004
f 246 245 283
f 266 283 245
f 246 221 245
f 221 220 245
f 169 197 198
f 180 169 198
f 170 180 198
f 170 198 220
f 227 226 285
f 227 285 269
f 225 285 226
f 225 284 285
f 408 347 407
f 346 407 347
f 504 483 553
f 553 483 503
f 529 503 483
f 529 483 482
f 422 423 358
f 381 358 423
f 440 482 423
f 422 440 423
f 319 358 336
f 381 336 358
f 294 278 336
f 278 319 336
f 382 337 336
f 382 336 381
f 294 336 295
f 295 336 337
f 828 877 856
f 900 856 877
f 900 877 935
f 935 877 934
f 855 933 877
f 933 934 877
f 855 877 801
f 828 801 877
f 855 801 854
f 800 854 801
f 740 800 801
f 740 801 754
f 828 779 801
f 779 754 801
f 637 572 608
f 571 608 572
f 758 786 806
f 758 744 786
f 881 940 905
f 941 905 940
f 941 942 906
f 941 906 905
f 937 903 902
f 879 902 903
f 965 940 964
f 939 964 940
f 1032 1079 1033
f 1080 1033 1079
f 1034 1033 1103
f 1080 1103 1033
f 805 858 880
f 805 804 858
f 831 858 803
f 804 803 858
f 904 880 858
f 904 858 903
f 831 879 858
f 879 903 858
f 989 1036 990
f 1037 990 1036
f 1174 1154 1173
f 1153 1173 1154
f 945 883 944
f 882 944 883
f 1123 1169 1151
f 1170 1151 1169
f 1103 1123 1151
f 1103 1151 1081
f 1242 1243 1197
f 1197 1243 1198
f 1201 1246 1202
f 1247 1202 1246
f 782 803 757
f 782 757 756
f 706 705 757
f 756 757 705
f 804 757 803
f 804 783 757
f 706 757 707
f 707 757 783
f 705 683 704
f 661 704 683
f 610 640 611
f 611 640 661
f 661 640 704
f 682 704 640
f 280 321 385
f 280 385 365
f 427 385 426
f 427 365 385
f 322 404 304
f 366 304 404
f 322 365 404
f 427 404 365
f 366 404 467
f 488 467 404
f 618 578 649
f 558 649 578
f 809 761 808
f 760 808 761
f 713 760 761
f 713 761 664
f 618 619 578
f 579 578 619
f 405 341 429
f 405 342 341
f 267 247 306
f 305 306 247
f 284 326 285
f 308 285 326
f 225 224 268
f 225 268 284
f 267 268 223
f 223 268 224
f 284 268 326
f 307 326 268
f 267 306 268
f 307 268 306
f 485 446 445
f 484 485 445
f 166 123 179
f 143 179 123
f 217 166 179
f 217 179 216
f 263 262 300
f 301 263 300
f 1252 1253 1181
f 1252 1181 1203
f 1203 1181 1129
f 1130 1129 1181
f 1251 1180 1272
f 1228 1272 1180
f 1203 1129 1180
f 1128 1180 1129
f 1252 1180 1251
f 1252 1203 1180
f 1228 1180 1179
f 1128 1179 1180
f 1271 1227 1270
f 1226 1270 1227
f 1228 1227 1272
f 1271 1272 1227
f 1228 1179 1227
f 1178 1227 1179
f 1536 1537 1489
f 1536 1489 1488
f 1445 1444 1489
f 1488 1489 1444
f 1538 1520 1489
f 1538 1489 1537
f 1426 1445 1489
f 1426 1489 1520
f 1467 1468 1441
f 1442 1441 1468
f 1607 1581 1580
f 1558 1580 1581
f 1558 1581 1485
f 1534 1485 1581
f 1608 1581 1607
f 1608 1582 1581
f 1425 1424 1486
f 1470 1486 1424
f 1534 1486 1485
f 1470 1485 1486
f 1443 1486 1487
f 1443 1425 1486
f 1582 1583 1535
f 1536 1535 1583
f 1582 1535 1581
f 1534 1581 1535
f 1487 1486 1535
f 1534 1535 1486
f 1488 1487 1535
f 1536 1488 1535
f 1442 1423 1422
f 1442 1469 1423
f 1422 1423 1376
f 1377 1376 1423
f 1470 1424 1423
f 1470 1423 1469
f 1377 1423 1397
f 1397 1423 1424
f 1444 1399 1378
f 1443 1444 1378
f 1398 1425 1378
f 1443 1378 1425
f 1361 1378 1399
f 1361 1360 1378
f 1398 1378 1359
f 1359 1378 1360
f 1253 1229 1181
f 1157 1181 1229
f 1071 1047 1070
f 1023 1070 1047
f 1068 1109 1094
f 1108 1109 1068
f 1134 1135 1109
f 1108 1134 1109
f 1161 1136 1109
f 1161 1109 1135
f 1318 1132 1231
f 1318 1256 1132
f 1092 1131 1132
f 1231 1132 1131
f 1159 1065 1132
f 1159 1132 1256
f 1092 1132 1044
f 1044 1132 1065
f 1337 1401 1338
f 1337 1338 1317
f 1339 1274 1338
f 1317 1338 1274
f 1522 1492 1472
f 1492 1429 1472
f 1448 1521 1472
f 1522 1472 1521
f 1340 1402 1472
f 1340 1472 1429
f 1750 1703 1749
f 1680 1749 1703
f 1471 1560 1491
f 1539 1491 1560
f 1490 1560 1471
f 1490 1559 1560
f 1025 1026 976
f 1026 977 976
f 1025 976 1024
f 954 1024 976
f 923 976 977
f 923 922 976
f 921 976 922
f 921 954 976
f 1661 1607 1660
f 1607 1580 1660
f 1578 1606 1632
f 1577 1606 1578
f 3315 3279 3314
f 3293 3314 3279
f 3315 3316 3279
f 3316 3267 3279
f 3191 3254 3177
f 3213 3177 3254
f 3255 3254 3267
f 3255 3213 3254
f 3136 3137 3101
f 3136 3177 3137
f 3245 3287 3288
f 3245 3288 3246
f 3309 3310 3288
f 3309 3288 3287
f 3247 3246 3288
f 3247 3288 3289
f 3289 3288 3311
f 3310 3311 3288
f 3336 3337 3311
f 3312 3311 3337
f 3335 3336 3311
f 3335 3311 3310
f 3312 3290 3311
f 3290 3289 3311
f 3187 3188 3171
f 3172 3171 3188
f 3172 3115 3171
f 3114 3171 3115
f 3113 3171 3114
f 3113 3152 3171
f 3264 3248 3290
f 3264 3249 3248
f 3290 3248 3289
f 3247 3289 3248
f 3209 3248 3249
f 3209 3229 3248
f 2907 2921 2885
f 2907 2885 2864
f 2948 2923 2908
f 2948 2981 2923
f 2843 2923 2909
f 2843 2908 2923
f 2981 3017 2923
f 2995 2923 3017
f 2924 2923 2995
f 2924 2909 2923
f 3175 3118 3174
f 3133 3174 3118
f 3134 3118 3175
f 3134 3099 3118
f 3058 3028 3027
f 3058 3027 3057
f 2906 2905 2947
f 2906 2884 2905
f 2944 2959 2945
f 2944 2945 2917
f 2918 2917 2945
f 2918 2945 2960
f 2992 2993 2945
f 2993 2960 2945
f 3029 3059 3030
f 3060 3030 3059
f 3011 3029 3030
f 3011 3030 3012
f 2959 3013 2945
f 2992 2945 3013
f 2958 3013 2959
f 2958 3012 3013
f 2961 2979 2994
f 3014 2994 2979
f 3041 2994 3014
f 3041 3042 2994
f 2961 2994 2920
f 2920 2994 2962
f 3042 3065 3015
f 3066 3015 3065
f 2962 2994 3015
f 3042 3015 2994
f 2963 2962 3015
f 2963 3015 3016
f 3363 3318 3353
f 3354 3318 3363
f 3297 3282 3318
f 3354 3297 3318
f 3235 3224 3161
f 3235 3161 3201
f 3275 3276 3259
f 3237 3259 3276
f 3182 3169 3225
f 3207 3225 3169
f 3305 3278 3304
f 3277 3304 3278
f 3285 3303 3304
f 3303 3321 3304
f 3322 3305 3304
f 3322 3304 3321
f 3168 3125 3167
f 3168 3126 3125
f 3090 3125 3126
f 3090 3111 3125
f 3167 3125 3166
f 3124 3166 3125
f 3181 3205 3166
f 3167 3166 3205
f 3180 3166 3165
f 3180 3181 3166
f 3204 3238 3164
f 3180 3164 3238
f 3284 3260 3276
f 3237 3276 3260
f 3204 3260 3238
f 3237 3260 3204
f 3180 3239 3181
f 3180 3238 3239
f 2888 2846 2887
f 2866 2887 2846
f 2866 2845 2865
f 2866 2815 2845
f 2685 2617 2684
f 2639 2684 2617
f 2685 2684 2735
f 2735 2684 2709
f 2910 2872 2851
f 2852 2851 2872
f 2966 2998 2870
f 2998 2950 2870
f 2819 2849 2870
f 2819 2870 2850
f 3072 2952 2951
f 2910 2951 2952
f 3140 2986 2998
f 2998 2986 2950
f 3072 3156 3104
f 3195 3104 3156
f 3072 2951 3156
f 3045 3156 2951
f 2757 2801 2780
f 2757 2779 2801
f 2816 2778 2867
f 2778 2800 2867
f 2888 2867 2846
f 2800 2846 2867
f 2888 2926 2867
f 2889 2867 2926
f 2888 2887 2926
f 2925 2926 2887
f 2927 2926 2983
f 2927 2889 2926
f 2925 3036 2926
f 3036 2983 2926
f 2817 2818 2802
f 2817 2869 2818
f 2849 2928 2870
f 2966 2870 2928
f 2966 2928 2965
f 2949 2965 2928
f 2869 2928 2818
f 2849 2818 2928
f 2949 2928 2868
f 2868 2928 2869
f 2554 2553 2572
f 2554 2535 2553
f 2646 2621 2620
f 2597 2620 2621
f 2690 2621 2646
f 2690 2647 2621
f 2572 2553 2621
f 2597 2621 2553
f 2647 2598 2621
f 2598 2572 2621
f 2573 2622 2536
f 2555 2536 2622
f 2537 2574 2556
f 2555 2574 2537
f 2649 2574 2622
f 2555 2622 2574
f 2696 2675 2674
f 2696 2697 2675
f 2651 2627 2675
f 2674 2675 2627
f 2698 2676 2675
f 2698 2675 2697
f 2787 2786 2825
f 2807 2825 2786
f 2744 2745 2697
f 2698 2697 2745
f 2744 2789 2745
f 2790 2745 2789
f 2787 2826 2788
f 2787 2825 2826
f 2896 2916 2897
f 2938 2897 2916
f 2895 2916 2896
f 2895 2915 2916
f 3076 3106 3107
f 3076 3107 3077
f 2719 2718 2764
f 2763 2764 2718
f 2720 2764 2786
f 2719 2764 2720
f 3049 3086 3050
f 3076 3050 3086
f 3198 3121 3158
f 3198 3143 3121
f 3144 3121 3143
f 3144 3085 3121
f 3196 3197 3142
f 3196 3220 3197
f 3256 3197 3220
f 3256 3221 3197
f 3158 3197 3221
f 3158 3120 3197
f 2716 2741 2692
f 2717 2692 2741
f 2693 2671 2670
f 2671 2650 2670
f 2624 2623 2670
f 2624 2670 2650
f 2783 2693 2670
f 2783 2670 2762
f 2673 2672 2695
f 2695 2672 2694
f 2625 2672 2626
f 2673 2626 2672
f 2671 2694 2672
f 2671 2672 2650
f 2624 2650 2672
f 2624 2672 2625
f 2823 2822 2853
f 2823 2806 2822
f 2929 2853 2822
f 2929 2822 2872
f 2852 2822 2805
f 2852 2872 2822
f 2550 2585 2586
f 2613 2586 2585
f 2394 2380 2352
f 2318 2352 2380
f 2323 2322 2355
f 2323 2279 2322
f 2235 2322 2279
f 2235 2251 2322
f 2703 2635 2702
f 2634 2702 2635
f 2583 2582 2610
f 2633 2610 2582
f 2633 2678 2610
f 2634 2610 2678
f 2584 2583 2610
f 2584 2610 2611
f 2634 2635 2610
f 2611 2610 2635
f 1744 1792 1772
f 1744 1809 1792
f 1856 1792 1855
f 1855 1792 1809
f 1922 1982 1946
f 1981 1982 1922
f 2025 2080 2044
f 2081 2044 2080
f 2082 2061 2044
f 2082 2044 2081
f 2029 2030 2001
f 2002 2001 2030
f 1925 1883 1924
f 1882 1924 1883
f 1857 1923 1924
f 1857 1924 1882
f 1856 1881 1792
f 1810 1792 1881
f 1923 1881 1902
f 1857 1881 1923
f 1997 1998 1967
f 1981 1967 1998
f 1996 1997 1967
f 1996 1967 1945
f 2034 2045 2062
f 2034 2062 2035
f 2108 2089 2062
f 2108 2062 2045
f 2036 2062 2046
f 2036 2035 2062
f 2090 2062 2089
f 2090 2046 2062
f 2566 2618 2567
f 2619 2567 2618
f 2288 2289 2264
f 2264 2289 2238
f 2288 2342 2289
f 2343 2289 2342
f 2238 2289 2226
f 2226 2289 2290
f 2343 2327 2289
f 2327 2290 2289
f 2065 2064 2091
f 2065 2049 2064
f 2048 2064 2037
f 2049 2037 2064
f 2109 2091 2064
f 2109 2064 2063
f 2048 2047 2064
f 2047 2063 2064
f 1562 1662 1642
f 1562 1610 1662
f 1641 1662 1610
f 1705 1662 1641
f 1732 1642 1662
f 1732 1662 1731
f 1751 1731 1662
f 1705 1751 1662
f 1639 1704 1640
f 1639 1703 1704
f 1641 1640 1704
f 1705 1641 1704
f 1750 1704 1703
f 1750 1730 1704
f 1705 1704 1751
f 1751 1704 1730
f 1861 1905 1862
f 1861 1904 1905
f 1927 1905 1926
f 1904 1926 1905
f 1862 1905 1817
f 1817 1905 1884
f 1927 1928 1905
f 1928 1884 1905
f 1523 1820 1682
f 1733 1820 1523
f 1909 1865 1820
f 1682 1820 1865
f 1909 1820 1908
f 1908 1820 1887
f 1733 1542 1819
f 1707 1819 1542
f 1887 1820 1819
f 1733 1819 1820
f 1777 1819 1707
f 1777 1864 1819
f 1907 1819 1864
f 1907 1887 1819
f 1907 1906 1931
f 1907 1931 1950
f 1985 1984 2007
f 2036 2007 1984
f 1983 2035 1984
f 2036 1984 2035
f 1985 1908 1984
f 1908 1950 1984
f 1950 1931 1984
f 1983 1984 1931
f 1863 1864 1776
f 1777 1776 1864
f 1541 1611 1643
f 1611 1681 1643
f 1321 1233 1403
f 1233 1294 1403
f 1321 1403 1383
f 1494 1383 1403
f 1562 1494 1403
f 1562 1403 1493
f 851 876 826
f 826 876 897
f 851 875 876
f 875 928 876
f 1342 1341 1368
f 1342 1368 1385
f 1324 1368 1341
f 1324 1367 1368
f 1405 1368 1367
f 1431 1368 1405
f 1162 1209 1185
f 1210 1185 1209
f 1161 1209 1162
f 1161 1208 1209
f 1186 1185 1211
f 1210 1211 1185
f 1258 1259 1211
f 1210 1258 1211
f 1187 1186 1211
f 1187 1211 1212
f 1621 1596 1620
f 1595 1620 1596
f 1756 1710 1755
f 1755 1710 1709
f 1986 1933 1910
f 1754 1910 1933
f 1755 1734 1778
f 1755 1709 1734
f 1683 1734 1663
f 1663 1734 1709
f 2040 1778 1734
f 2040 1734 1953
f 1051 1117 1052
f 1118 1052 1117
f 1431 1432 1368
f 1385 1368 1432
f 1406 1432 1433
f 1406 1385 1432
f 1433 1432 1454
f 1454 1432 1453
f 1453 1432 1452
f 1431 1452 1432
f 1451 1452 1405
f 1431 1405 1452
f 1474 1452 1451
f 1474 1475 1452
f 1497 1452 1475
f 1497 1453 1452
f 1547 1546 1565
f 1564 1565 1546
f 1564 1546 1545
f 1545 1546 1525
f 1326 1299 1325
f 1298 1325 1299
f 1346 1301 1345
f 1346 1302 1301
f 1345 1301 1344
f 1300 1344 1301
f 1326 1343 1344
f 1386 1344 1343
f 1386 1387 1344
f 1387 1345 1344
f 1300 1299 1344
f 1326 1344 1299
f 1499 1500 1455
f 1455 1500 1456
f 1457 1456 1500
f 1457 1500 1501
f 1528 1500 1527
f 1528 1501 1500
f 2302 2301 2324
f 2334 2324 2301
f 2382 2383 2324
f 2382 2324 2334
f 2302 2324 2303
f 2303 2324 2335
f 2335 2324 2384
f 2383 2384 2324
f 2385 2384 2424
f 2399 2424 2384
f 2423 2384 2383
f 2423 2399 2384
f 2281 2336 2282
f 2337 2282 2336
f 2385 2336 2384
f 2335 2384 2336
f 2385 2358 2336
f 2358 2337 2336
f 2303 2336 2281
f 2303 2335 2336
f 2524 2449 2523
f 2448 2523 2449
f 2447 2522 2523
f 2447 2523 2448
f 2562 2524 2523
f 2562 2523 2561
f 2522 2560 2523
f 2560 2561 2523
f 2340 2364 2341
f 2340 2363 2364
f 2341 2364 2342
f 2342 2364 2365
f 2405 2404 2450
f 2469 2450 2404
f 2527 2450 2526
f 2527 2470 2450
f 2469 2525 2450
f 2525 2526 2450
f 2334 2301 2357
f 2300 2357 2301
f 2382 2357 2398
f 2382 2334 2357
f 2280 2357 2300
f 2280 2356 2357
f 2148 2217 2193
f 2218 2193 2217
f 2147 2217 2148
f 2147 2216 2217
f 1955 2068 2069
f 2094 2069 2068
f 1974 2068 1888
f 1955 1888 2068
f 2206 2094 2068
f 2206 2068 2156
f 1974 2114 2068
f 2114 2156 2068
f 2203 2228 2204
f 2203 2265 2228
f 2291 2228 2306
f 2265 2306 2228
f 2204 2228 2183
f 2183 2228 2205
f 2291 2266 2228
f 2266 2205 2228
f 2685 2710 2686
f 2685 2735 2710
f 2777 2736 2710
f 2777 2710 2735
f 2641 2686 2710
f 2641 2710 2687
f 2711 2710 2736
f 2711 2687 2710
f 2338 2359 2325
f 2360 2325 2359
f 2337 2359 2338
f 2358 2359 2337
f 2360 2359 2402
f 2402 2359 2401
f 2400 2359 2358
f 2400 2401 2359
f 2218 2219 2194
f 2218 2194 2193
f 2128 2193 2194
f 2128 2194 2129
f 2261 2260 2285
f 2285 2260 2284
f 2198 2260 2223
f 2261 2223 2260
f 2283 2284 2260
f 2283 2260 2237
f 2197 2260 2198
f 2197 2237 2260
f 2760 2741 2759
f 2716 2759 2741
f 2758 2759 2739
f 2739 2759 2740
f 2013 2096 2014
f 2073 2096 2013
f 2097 2096 2161
f 2160 2161 2096
f 1915 1871 1914
f 1870 1914 1871
f 1958 1915 1914
f 1958 1914 1957
f 1957 1914 1936
f 1891 1936 1914
f 1913 1936 1891
f 1935 1936 1913
f 1956 1936 1978
f 1935 1978 1936
f 1988 1936 1956
f 1988 1957 1936
f 1839 1838 1871
f 1870 1871 1838
f 1890 1868 1867
f 1913 1868 1890
f 2071 2116 2041
f 2071 2115 2116
f 2184 2116 2115
f 2184 2185 2116
f 2555 2537 2497
f 2555 2497 2536
f 2506 2497 2537
f 2506 2456 2497
f 2429 2475 2497
f 2429 2497 2456
f 2475 2505 2497
f 2536 2497 2505
f 2554 2505 2535
f 2535 2505 2496
f 2554 2573 2505
f 2573 2536 2505
f 2428 2505 2475
f 2428 2496 2505
f 2208 2207 2474
f 2412 2474 2207
f 2455 2208 2474
f 2539 2540 2508
f 2539 2508 2507
f 2416 2415 2459
f 2415 2458 2459
f 2652 2700 2701
f 2652 2630 2700
f 2676 2628 2675
f 2651 2675 2628
f 1935 1913 1934
f 1913 1890 1934
f 1889 1912 1934
f 1889 1934 1890
f 2314 2295 2313
f 2294 2313 2295
f 2314 2315 2295
f 2315 2296 2295
f 2246 2245 2296
f 2296 2245 2295
f 1958 1957 1989
f 1988 1989 1957
f 2050 2051 2016
f 2017 2016 2051
f 2050 2016 2042
f 1990 2042 2016
f 2434 2462 2435
f 2434 2461 2462
f 2436 2435 2462
f 2484 2436 2462
f 2482 2483 2462
f 2482 2462 2461
f 2484 2462 2515
f 2515 2462 2483
f 2543 2514 2578
f 2543 2578 2579
f 2632 2579 2578
f 2632 2578 2631
f 2487 2486 2546
f 2546 2486 2545
f 2724 2655 2654
f 2724 2725 2655
f 2275 2233 2274
f 2233 2248 2274
f 1481 1439 1511
f 1462 1511 1439
f 1555 1511 1572
f 1481 1511 1555
f 1990 2016 1959
f 1960 1959 2016
f 1960 1917 1959
f 1916 1959 1917
f 1958 1989 1959
f 1990 1959 1989
f 1915 1959 1916
f 1958 1959 1915
f 1841 1828 1840
f 1829 1828 1841
f 1937 1938 1892
f 1893 1892 1938
f 1920 1963 1892
f 1937 1892 1963
f 1893 1846 1892
f 1845 1892 1846
f 1920 1892 1876
f 1845 1876 1892
f 1695 1738 1657
f 1657 1738 1696
f 1739 1696 1738
f 1739 1738 1769
f 1720 1766 1721
f 1767 1721 1766
f 1668 1721 1722
f 1668 1667 1721
f 1718 1719 1692
f 1692 1719 1693
f 1667 1694 1721
f 1720 1721 1694
f 1627 1694 1667
f 1655 1694 1627
f 1693 1719 1694
f 1720 1694 1719
f 1655 1654 1694
f 1654 1693 1694
f 1461 1478 1508
f 1507 1508 1478
f 1077 1099 1167
f 1011 1099 1077
f 1010 1056 1099
f 1146 1099 1056
f 960 1056 1010
f 960 959 1056
f 1217 1281 1218
f 1263 1218 1281
f 1458 1410 1457
f 1409 1457 1410
f 1458 1459 1410
f 1459 1411 1410
f 1348 1390 1349
f 1391 1349 1390
f 1434 1390 1411
f 1391 1390 1434
f 1434 1435 1392
f 1391 1434 1392
f 1220 1221 1168
f 1220 1240 1221
f 1195 1120 1221
f 1120 1168 1221
f 1240 1329 1221
f 1329 1284 1221
f 1265 1221 1284
f 1195 1221 1265
f 1167 1099 1194
f 1146 1194 1099
f 1220 1167 1194
f 1220 1194 1239
f 1653 1652 1692
f 1691 1692 1652
f 1760 1759 1796
f 1781 1796 1759
f 1781 1759 1780
f 1758 1780 1759
f 1564 1615 1616
f 1564 1616 1565
f 1645 1616 1615
f 1645 1664 1616
f 1417 1512 1482
f 1417 1463 1512
f 1481 1512 1463
f 1481 1555 1512
f 1482 1512 1513
f 1513 1512 1603
f 1602 1512 1555
f 1602 1603 1512
f 2163 2189 2246
f 2246 2189 2245
f 2018 2052 2053
f 2018 1991 2052
f 2017 2052 1991
f 2017 2051 2052
f 1937 2019 1938
f 2020 1938 2019
f 1937 1963 2019
f 2018 2019 1963
f 2018 2053 2019
f 2053 2054 2019
f 2020 2019 2055
f 2055 2019 2054
f 1803 1848 1849
f 1895 1849 1848
f 1740 1848 1803
f 1740 1802 1848
f 2615 2559 2656
f 2614 2656 2559
f 2907 2840 2906
f 2906 2840 2884
f 2864 2772 2840
f 2907 2864 2840
f 3011 3012 2957
f 2958 2957 3012
f 2943 2957 2958
f 2943 2942 2957
f 2898 2897 2939
f 2938 2939 2897
f 2977 2978 2939
f 2940 2939 2978
f 2938 2976 2939
f 2977 2939 2976
f 2746 2808 2747
f 2767 2747 2808
f 2751 2752 2704
f 2728 2704 2752
f 2679 2704 2680
f 2728 2680 2704
f 2703 2727 2704
f 2679 2703 2704
f 2727 2768 2704
f 2751 2704 2768
f 2751 2768 2810
f 2837 2810 2768
f 2794 2836 2768
f 2837 2768 2836
f 2750 2768 2727
f 2750 2794 2768
f 2634 2726 2702
f 2634 2678 2726
f 2725 2726 2655
f 2678 2655 2726
f 2940 2899 2939
f 2898 2939 2899
f 2900 2899 2941
f 2940 2941 2899
f 2898 2899 2881
f 2881 2899 2882
f 2900 2858 2899
f 2858 2882 2899
f 2900 2941 2901
f 2942 2901 2941
f 2944 2917 2904
f 2944 2904 2903
f 2918 2904 2917
f 2918 2883 2904
f 2861 2904 2838
f 2861 2903 2904
f 2839 2838 2904
f 2839 2904 2883
f 552 502 501
f 552 501 551
f 528 551 501
f 528 501 481
f 206 252 253
f 206 253 207
f 271 272 253
f 271 253 252
f 231 207 253
f 231 253 273
f 287 253 272
f 287 273 253
f 96 109 74
f 75 74 109
f 96 138 109
f 138 150 109
f 496 543 544
f 564 544 543
f 516 540 517
f 541 517 540
f 561 582 603
f 622 603 582
f 408 449 450
f 409 408 450
f 794 773 821
f 772 821 773
f 729 749 730
f 729 730 698
f 772 730 771
f 749 771 730
f 772 773 730
f 731 730 773
f 731 673 730
f 698 730 673
f 631 673 674
f 631 657 673
f 698 673 656
f 657 656 673
f 732 674 673
f 732 673 731
f 519 545 605
f 587 519 605
f 630 672 605
f 672 656 605
f 657 587 605
f 657 605 656
f 541 563 517
f 542 517 563
f 564 543 563
f 542 563 543
f 626 625 669
f 654 669 625
f 653 625 624
f 654 625 653
f 971 950 1043
f 971 914 950
f 630 605 565
f 545 565 605
f 518 565 475
f 475 565 545
f 630 565 629
f 629 565 544
f 496 544 565
f 518 496 565
f 548 547 607
f 548 522 547
f 737 658 777
f 777 658 736
f 634 736 658
f 634 658 589
f 546 520 587
f 587 520 519
f 455 519 456
f 519 520 456
f 1005 1004 1027
f 1028 1005 1027
f 218 265 197
f 218 281 265
f 322 265 281
f 322 304 265
f 516 517 473
f 474 473 517
f 449 473 450
f 474 450 473
f 269 285 327
f 308 327 285
f 346 347 327
f 346 327 308
f 328 368 410
f 409 410 368
f 408 368 347
f 409 368 408
f 449 448 473
f 472 473 448
f 472 448 471
f 431 471 448
f 408 407 448
f 408 448 449
f 652 603 651
f 622 651 603
f 762 719 811
f 745 811 719
f 867 811 866
f 836 866 811
f 504 442 441
f 504 441 483
f 398 382 441
f 442 398 441
f 482 483 441
f 482 441 423
f 381 423 441
f 382 381 441
f 637 679 638
f 638 679 680
f 590 635 591
f 590 591 569
f 569 591 524
f 570 524 591
f 570 591 571
f 571 591 608
f 779 741 754
f 742 741 779
f 805 832 785
f 784 805 785
f 860 785 832
f 860 786 785
f 806 861 807
f 807 861 862
f 806 786 861
f 860 861 786
f 905 906 861
f 862 861 906
f 860 881 861
f 881 905 861
f 983 1012 984
f 983 984 962
f 1082 1035 987
f 1059 1082 987
f 1035 965 987
f 965 964 987
f 1039 1086 1040
f 1105 1040 1086
f 1037 1038 990
f 991 990 1038
f 1039 1038 1086
f 1085 1086 1038
f 1085 1038 1084
f 1037 1084 1038
f 1104 1084 1036
f 1037 1036 1084
f 1126 1085 1084
f 1126 1084 1154
f 1153 1084 1104
f 1153 1154 1084
f 1127 1060 1156
f 1105 1156 1060
f 1174 1175 1154
f 1126 1154 1175
f 1224 1175 1223
f 1174 1223 1175
f 1224 1225 1175
f 1225 1176 1175
f 1105 1060 1014
f 1105 1014 1040
f 993 1040 1014
f 993 1014 994
f 865 946 866
f 909 866 946
f 945 946 883
f 883 946 865
f 993 994 946
f 945 993 946
f 1039 992 1038
f 991 1038 992
f 993 992 1040
f 1039 1040 992
f 945 992 993
f 945 944 992
f 863 862 907
f 862 906 907
f 1125 1083 1124
f 1082 1124 1083
f 1059 1081 1124
f 1059 1124 1082
f 1374 1356 1373
f 1333 1356 1374
f 1395 1373 1356
f 1395 1356 1355
f 1311 1312 1269
f 1311 1269 1268
f 1290 1269 1313
f 1312 1313 1269
f 1247 1269 1290
f 1247 1246 1269
f 1246 1245 1269
f 1268 1269 1245
f 1170 1222 1245
f 1170 1245 1171
f 1222 1267 1245
f 1268 1245 1267
f 1201 1245 1246
f 1201 1171 1245
f 802 829 780
f 781 780 829
f 802 780 779
f 742 779 780
f 781 755 780
f 743 780 755
f 782 755 781
f 782 756 755
f 682 743 755
f 682 755 704
f 756 705 755
f 705 704 755
f 610 594 639
f 610 639 640
f 403 384 340
f 320 340 384
f 446 384 445
f 403 445 384
f 321 320 384
f 321 384 385
f 426 385 384
f 446 426 384
f 429 341 447
f 386 447 341
f 489 429 447
f 489 447 536
f 618 690 619
f 691 619 690
f 488 404 487
f 427 487 404
f 484 557 532
f 484 532 485
f 688 664 714
f 664 761 714
f 266 324 283
f 266 323 324
f 305 283 324
f 305 324 325
f 386 341 324
f 386 324 323
f 342 324 341
f 325 324 342
f 305 343 306
f 305 325 343
f 431 448 389
f 407 389 448
f 431 430 471
f 470 471 430
f 431 389 430
f 388 430 389
f 509 510 466
f 509 466 465
f 217 279 264
f 217 216 279
f 320 264 279
f 320 279 340
f 194 195 141
f 141 195 142
f 143 142 195
f 143 195 179
f 424 400 362
f 424 362 361
f 425 363 362
f 425 362 400
f 301 300 362
f 301 362 363
f 300 299 362
f 361 362 299
f 240 299 261
f 298 299 240
f 360 299 298
f 360 361 299
f 261 299 262
f 262 299 300
f 1577 1578 1519
f 1577 1519 1518
f 1467 1519 1468
f 1518 1519 1467
f 1635 1634 1702
f 1701 1702 1634
f 1337 1254 1364
f 1293 1364 1254
f 1293 1254 1253
f 1253 1254 1229
f 1136 1110 1109
f 1094 1109 1110
f 1137 1111 1110
f 1137 1110 1136
f 1094 1110 1069
f 1069 1110 1070
f 1111 1071 1110
f 1071 1070 1110
f 1318 1340 1319
f 1318 1319 1256
f 1493 1403 1365
f 1294 1365 1403
f 1540 1365 1449
f 1540 1493 1365
f 1205 1365 1294
f 1205 1320 1365
f 1402 1428 1472
f 1448 1472 1428
f 1447 1491 1428
f 1448 1428 1491
f 1339 1428 1402
f 1339 1338 1428
f 1447 1428 1401
f 1401 1428 1338
f 1861 1903 1904
f 1861 1860 1903
f 1904 1903 1926
f 1948 1926 1903
f 1859 1903 1860
f 1859 1883 1903
f 1925 1903 1883
f 1925 1948 1903
f 1861 1815 1814
f 1861 1814 1860
f 1750 1814 1815
f 1750 1749 1814
f 1678 1747 1748
f 1678 1748 1679
f 1680 1679 1748
f 1680 1748 1749
f 1639 1638 1703
f 1680 1703 1638
f 1044 1020 998
f 997 1044 998
f 1045 998 1020
f 1045 999 998
f 1069 1070 1022
f 1023 1022 1070
f 971 972 915
f 971 915 914
f 953 920 919
f 953 919 975
f 892 919 920
f 892 891 919
f 1743 1700 1675
f 1743 1675 1727
f 1726 1675 1659
f 1726 1727 1675
f 1661 1675 1700
f 1661 1660 1675
f 1660 1633 1675
f 1659 1675 1633
f 1578 1632 1633
f 1579 1578 1633
f 1580 1633 1660
f 1579 1633 1580
f 1632 1674 1633
f 1659 1633 1674
f 1467 1466 1517
f 1518 1467 1517
f 3293 3253 3252
f 3293 3279 3253
f 3252 3253 3212
f 3212 3253 3230
f 3267 3253 3279
f 3267 3254 3253
f 3191 3230 3253
f 3191 3253 3254
f 3019 3070 3119
f 3019 3119 3083
f 3101 3119 3070
f 3101 3137 3119
f 3130 3129 3150
f 3149 3150 3129
f 3183 3184 3150
f 3183 3150 3149
f 3245 3246 3226
f 3246 3227 3226
f 2842 2841 2886
f 2773 2841 2842
f 2813 2864 2841
f 2864 2885 2841
f 2885 2922 2841
f 2886 2841 2922
f 2980 2922 3016
f 2963 3016 2922
f 2948 2886 2922
f 2980 2948 2922
f 2963 2922 2921
f 2921 2922 2885
f 2980 3034 2948
f 2948 3034 2981
f 3035 3043 3069
f 3069 3043 3100
f 3135 3100 3043
f 3135 3043 3082
f 3035 2995 3043
f 2995 3017 3043
f 3117 3080 3065
f 3066 3065 3080
f 3133 3080 3117
f 3133 3118 3080
f 3112 3092 3091
f 3128 3092 3112
f 3093 3092 3129
f 3128 3129 3092
f 3056 3091 3092
f 3056 3092 3057
f 3058 3092 3093
f 3058 3057 3092
f 2796 2863 2771
f 2812 2771 2863
f 2884 2863 2905
f 2812 2863 2884
f 3061 3031 3060
f 3060 3031 3030
f 3061 3062 3031
f 3032 3031 3062
f 3012 3030 3031
f 3012 3031 3013
f 2992 3031 3032
f 2992 3013 3031
f 3200 3160 3233
f 3223 3233 3160
f 3234 3233 3282
f 3234 3200 3233
f 3106 3145 3107
f 3146 3107 3145
f 3162 3146 3145
f 3162 3145 3161
f 3224 3202 3161
f 3162 3161 3202
f 3090 3127 3112
f 3090 3126 3127
f 3168 3127 3126
f 3168 3169 3127
f 3263 3286 3243
f 3286 3244 3243
f 3242 3262 3243
f 3263 3243 3262
f 3207 3243 3225
f 3242 3243 3207
f 3242 3206 3241
f 3242 3207 3206
f 3207 3169 3206
f 3168 3206 3169
f 3167 3205 3206
f 3168 3167 3206
f 3090 3079 3078
f 3090 3078 3111
f 3165 3166 3123
f 3124 3123 3166
f 3180 3165 3148
f 3180 3148 3164
f 3057 3027 3026
f 3056 3057 3026
f 3040 3056 3026
f 3040 3026 3025
f 3205 3240 3206
f 3241 3206 3240
f 3278 3241 3240
f 3277 3278 3240
f 3181 3240 3205
f 3181 3239 3240
f 3239 3261 3240
f 3277 3240 3261
f 3277 3261 3304
f 3285 3304 3261
f 3284 3285 3261
f 3284 3261 3260
f 3238 3260 3261
f 3238 3261 3239
f 2777 2735 2776
f 2735 2709 2776
f 2866 2846 2776
f 2866 2776 2815
f 2777 2776 2800
f 2800 2776 2846
f 2815 2776 2755
f 2709 2755 2776
f 2821 2820 2852
f 2852 2820 2851
f 3140 3179 2986
f 3045 2986 3179
f 2817 2848 2869
f 2868 2869 2848
f 2817 2780 2848
f 2780 2801 2848
f 2816 2867 2847
f 2889 2847 2867
f 2816 2847 2779
f 2779 2847 2801
f 2758 2803 2759
f 2760 2759 2803
f 2819 2803 2849
f 2849 2803 2818
f 2758 2802 2803
f 2802 2818 2803
f 2874 2824 2855
f 2874 2875 2824
f 2790 2789 2827
f 2790 2827 2828
f 2788 2827 2789
f 2788 2826 2827
f 2973 2974 2937
f 2973 2937 2936
f 2936 2937 2914
f 2915 2914 2937
f 2828 2878 2857
f 2895 2857 2878
f 2828 2827 2878
f 2877 2878 2827
f 2895 2878 2915
f 2915 2878 2914
f 3144 3159 3122
f 3144 3122 3086
f 3223 3122 3159
f 3223 3160 3122
f 3076 3122 3106
f 3076 3086 3122
f 3106 3122 3145
f 3160 3145 3122
f 2874 2855 2893
f 2854 2893 2855
f 2874 2893 2931
f 2930 2931 2893
f 2855 2824 2785
f 2807 2785 2824
f 2807 2786 2785
f 2786 2764 2785
f 3050 3051 3003
f 3004 3003 3051
f 3076 3077 3051
f 3076 3051 3050
f 3077 3087 3051
f 3052 3051 3087
f 3077 3107 3087
f 3108 3087 3107
f 3053 3052 3087
f 3053 3087 3088
f 3120 3074 3197
f 3142 3197 3074
f 3142 3074 3084
f 3047 3084 3074
f 3047 3074 3002
f 3020 3002 3074
f 3020 3074 3075
f 3120 3075 3074
f 3158 3121 3075
f 3158 3075 3120
f 3085 3075 3121
f 3085 3048 3075
f 3021 3075 3048
f 3021 3020 3075
f 2717 2742 2599
f 2623 2599 2742
f 2623 2742 2670
f 2762 2670 2742
f 2649 2692 2575
f 2649 2575 2574
f 2717 2575 2692
f 2717 2599 2575
f 2556 2575 2538
f 2538 2575 2576
f 2539 2600 2601
f 2539 2576 2600
f 2625 2601 2600
f 2624 2625 2600
f 2576 2575 2600
f 2599 2600 2575
f 2623 2600 2599
f 2624 2600 2623
f 2547 2583 2516
f 2584 2516 2583
f 2498 2547 2516
f 2498 2516 2488
f 2394 2417 2418
f 2417 2440 2418
f 2394 2418 2380
f 2419 2380 2418
f 2498 2418 2440
f 2498 2488 2418
f 2419 2418 2466
f 2488 2466 2418
f 2319 2318 2333
f 2318 2380 2333
f 2251 2321 2322
f 2354 2322 2321
f 2214 2299 2321
f 2214 2321 2251
f 2354 2321 2395
f 2353 2395 2321
f 2354 2421 2322
f 2355 2322 2421
f 2354 2395 2421
f 2442 2421 2395
f 2489 2396 2421
f 2396 2355 2421
f 2489 2421 2501
f 2501 2421 2442
f 2612 2636 2585
f 2613 2585 2636
f 2613 2636 2680
f 2679 2680 2636
f 2611 2635 2636
f 2612 2611 2636
f 2703 2636 2635
f 2679 2636 2703
f 1810 1881 1811
f 1857 1811 1881
f 2002 1970 2001
f 1969 2001 1970
f 2002 2003 1970
f 2003 1971 1970
f 1948 1970 1926
f 1948 1969 1970
f 1927 1970 1971
f 1927 1926 1970
f 1981 2026 1982
f 1981 1998 2026
f 2025 2026 1998
f 2025 2044 2026
f 2027 2026 2061
f 2061 2026 2044
f 2027 1999 2026
f 1982 2026 1999
f 1981 1922 1921
f 1981 1921 1967
f 1899 1898 1943
f 1899 1943 1944
f 1966 1995 1943
f 1944 1943 1995
f 1879 1943 1898
f 1879 1942 1943
f 1966 1943 1965
f 1965 1943 1942
f 2493 2532 2568
f 2552 2493 2568
f 2595 2569 2568
f 2552 2568 2569
f 2619 2595 2568
f 2619 2568 2567
f 2567 2568 2531
f 2532 2531 2568
f 2452 2530 2531
f 2452 2531 2453
f 2472 2453 2531
f 2472 2531 2532
f 2530 2566 2531
f 2566 2567 2531
f 1818 1885 1886
f 1818 1886 1832
f 1863 1776 1886
f 1832 1886 1776
f 1885 1929 1886
f 1929 1930 1886
f 1863 1886 1906
f 1906 1886 1930
f 1983 1949 2006
f 1983 1931 1949
f 2005 2006 1949
f 1973 2005 1949
f 1906 1949 1931
f 1906 1930 1949
f 1973 1949 1929
f 1929 1949 1930
f 1005 978 957
f 927 957 978
f 930 931 898
f 852 898 931
f 1184 1207 1236
f 1184 1236 1208
f 1685 1665 1712
f 1711 1712 1665
f 1711 1665 1684
f 1664 1684 1665
f 1645 1663 1684
f 1645 1684 1664
f 1709 1710 1684
f 1663 1709 1684
f 2039 2040 1987
f 2040 1953 1987
f 2038 2066 1987
f 2039 1987 2066
f 1986 2038 1987
f 1986 1987 1933
f 1953 1734 1708
f 1683 1708 1734
f 1933 1987 1708
f 1953 1708 1987
f 1644 1708 1614
f 1683 1614 1708
f 1644 1754 1708
f 1754 1933 1708
f 1028 1027 1096
f 1074 1096 1027
f 1165 1192 1218
f 1217 1218 1192
f 1165 1144 1192
f 1144 1143 1192
f 1141 1142 1117
f 1118 1117 1142
f 1118 1142 1075
f 1075 1142 1143
f 1187 1212 1188
f 1213 1188 1212
f 1213 1214 1188
f 1214 1189 1188
f 1454 1453 1498
f 1497 1498 1453
f 1524 1498 1497
f 1524 1525 1498
f 1259 1260 1211
f 1212 1211 1260
f 1298 1260 1259
f 1298 1299 1260
f 2470 2406 2450
f 2405 2450 2406
f 2451 2407 2406
f 2451 2406 2470
f 2407 2365 2406
f 2365 2364 2406
f 2405 2406 2363
f 2363 2406 2364
f 2254 2253 2301
f 2300 2301 2253
f 2218 2253 2254
f 2218 2217 2253
f 2150 2195 2172
f 2150 2149 2195
f 2220 2221 2195
f 2172 2195 2221
f 2149 2129 2195
f 2129 2194 2195
f 2220 2195 2219
f 2219 2195 2194
f 2271 2211 2270
f 2210 2270 2211
f 2210 2211 2160
f 2160 2211 2161
f 2347 2348 2311
f 2347 2311 2310
f 2347 2293 2331
f 2347 2310 2293
f 2292 2330 2293
f 2330 2331 2293
f 2271 2270 2293
f 2271 2293 2310
f 2292 2293 2241
f 2241 2293 2270
f 1866 1835 1834
f 1889 1835 1866
f 1890 1867 1835
f 1889 1890 1835
f 1870 1838 1869
f 1837 1869 1838
f 1870 1869 1914
f 1891 1914 1869
f 1836 1869 1837
f 1836 1868 1869
f 1913 1891 1869
f 1913 1869 1868
f 2241 2270 2186
f 2210 2186 2270
f 2412 2495 2474
f 2412 2454 2495
f 2267 2328 2240
f 2240 2328 2268
f 2552 2503 2494
f 2552 2494 2493
f 2426 2425 2494
f 2493 2494 2425
f 2503 2473 2494
f 2427 2494 2473
f 2454 2473 2495
f 2533 2495 2473
f 2570 2533 2473
f 2570 2473 2503
f 2476 2507 2477
f 2507 2508 2477
f 2511 2480 2510
f 2479 2510 2480
f 2458 2480 2459
f 2479 2480 2458
f 2722 2701 2721
f 2701 2700 2721
f 2540 2557 2508
f 2509 2508 2557
f 1912 1911 1976
f 1975 1976 1911
f 2243 2272 2244
f 2294 2244 2272
f 2245 2189 2244
f 2188 2244 2189
f 2294 2295 2244
f 2295 2245 2244
f 2042 2015 2098
f 2097 2098 2015
f 2014 2096 2015
f 2097 2015 2096
f 1988 2014 2015
f 1988 2015 1989
f 1990 1989 2015
f 1990 2015 2042
f 2511 2542 2512
f 2511 2541 2542
f 2543 2485 2515
f 2543 2544 2485
f 2544 2545 2485
f 2545 2486 2485
f 2439 2464 2465
f 2439 2438 2464
f 2487 2465 2464
f 2487 2464 2486
f 2633 2609 2678
f 2678 2609 2655
f 2379 2317 2378
f 2378 2317 2332
f 2379 2352 2317
f 2298 2317 2352
f 2275 2317 2298
f 2275 2274 2317
f 2274 2316 2317
f 2332 2317 2316
f 2273 2297 2316
f 2273 2316 2247
f 2351 2316 2297
f 2351 2332 2316
f 2247 2316 2248
f 2248 2316 2274
f 1655 1600 1599
f 1655 1627 1600
f 1601 1572 1600
f 1601 1600 1627
f 1767 1766 1783
f 1766 1830 1783
f 1784 1783 1844
f 1843 1844 1783
f 1845 1844 1876
f 1799 1844 1845
f 1786 1801 1770
f 1770 1801 1802
f 1739 1800 1786
f 1739 1769 1800
f 1799 1845 1800
f 1845 1846 1800
f 1786 1800 1801
f 1846 1801 1800
f 1695 1669 1737
f 1695 1737 1738
f 1766 1765 1830
f 1829 1830 1765
f 1829 1765 1828
f 1764 1828 1765
f 1720 1765 1766
f 1720 1719 1765
f 1718 1765 1719
f 1718 1764 1765
f 1214 1215 1189
f 1190 1189 1215
f 1348 1349 1304
f 1349 1305 1304
f 1347 1304 1303
f 1348 1304 1347
f 1263 1304 1305
f 1263 1281 1304
f 1409 1389 1388
f 1409 1410 1389
f 1346 1389 1347
f 1346 1388 1389
f 1411 1389 1410
f 1411 1390 1389
f 1348 1389 1390
f 1348 1347 1389
f 1597 1552 1596
f 1596 1552 1551
f 1553 1552 1598
f 1597 1598 1552
f 1505 1551 1552
f 1505 1552 1506
f 1553 1507 1552
f 1507 1506 1552
f 1282 1350 1327
f 1282 1306 1350
f 1306 1305 1350
f 1349 1350 1305
f 1391 1350 1349
f 1391 1392 1350
f 1146 1056 1145
f 1098 1145 1056
f 1779 1833 1795
f 1822 1795 1833
f 1756 1779 1757
f 1779 1795 1757
f 2163 2145 2144
f 2163 2144 2189
f 2188 2189 2144
f 2143 2188 2144
f 2053 2144 2145
f 2053 2052 2144
f 2051 2144 2052
f 2143 2144 2051
f 2680 2705 2637
f 2728 2705 2680
f 2614 2637 2705
f 2614 2705 2656
f 2771 2797 2753
f 2812 2797 2771
f 2884 2840 2797
f 2812 2884 2797
f 3025 3026 2990
f 2991 2990 3026
f 2989 3024 2990
f 3024 3025 2990
f 2977 2976 2990
f 2991 2977 2990
f 2942 2956 2957
f 2942 2941 2956
f 3011 2956 3010
f 3011 2957 2956
f 2940 2956 2941
f 2940 2978 2956
f 2991 3026 3009
f 3027 3009 3026
f 2978 3009 2956
f 3010 2956 3009
f 3010 3009 3028
f 3028 3009 3027
f 2991 3009 2977
f 2977 3009 2978
f 2880 2881 2832
f 2880 2832 2831
f 2833 2832 2882
f 2881 2882 2832
f 2833 2767 2832
f 2767 2808 2832
f 2808 2792 2832
f 2831 2832 2792
f 2722 2721 2792
f 2791 2792 2721
f 2722 2792 2746
f 2746 2792 2808
f 2748 2793 2749
f 2793 2809 2749
f 2794 2749 2809
f 2750 2749 2794
f 2748 2749 2725
f 2725 2749 2726
f 2750 2702 2749
f 2702 2726 2749
f 2835 2834 2859
f 2858 2859 2834
f 2900 2859 2858
f 2900 2901 2859
f 2943 2944 2902
f 2944 2903 2902
f 2943 2902 2942
f 2942 2902 2901
f 379 397 438
f 421 438 397
f 421 437 438
f 437 481 438
f 152 111 110
f 152 110 151
f 77 110 111
f 77 76 110
f 150 151 110
f 150 110 109
f 75 110 76
f 75 109 110
f 602 582 560
f 514 560 582
f 537 560 490
f 514 490 560
f 796 774 750
f 796 750 795
f 774 733 750
f 732 750 733
f 794 795 750
f 794 750 773
f 732 731 750
f 731 773 750
f 654 653 695
f 653 694 695
f 541 540 584
f 541 584 585
f 626 585 584
f 626 584 625
f 624 625 584
f 583 624 584
f 729 672 728
f 655 728 672
f 747 769 727
f 726 747 727
f 670 727 697
f 726 727 670
f 541 585 586
f 541 586 563
f 818 793 843
f 818 843 844
f 791 815 816
f 842 816 815
f 1064 1043 996
f 1043 950 996
f 1064 996 1090
f 1090 996 1063
f 1157 1089 1181
f 1130 1181 1089
f 1090 1063 1089
f 1157 1090 1089
f 606 675 588
f 632 588 675
f 632 607 588
f 607 547 588
f 522 497 547
f 458 497 522
f 433 476 393
f 457 393 476
f 520 476 456
f 433 456 476
f 546 566 476
f 546 476 520
f 370 412 413
f 370 413 350
f 455 413 412
f 455 456 413
f 1095 1050 1049
f 1095 1073 1050
f 1074 1027 1050
f 1074 1050 1073
f 220 219 245
f 220 198 219
f 197 219 198
f 197 265 219
f 269 309 270
f 269 327 309
f 248 270 309
f 248 309 310
f 347 309 327
f 347 368 309
f 310 309 328
f 328 309 368
f 472 493 473
f 516 473 493
f 665 718 666
f 665 666 621
f 745 666 718
f 745 719 666
f 602 650 582
f 622 582 650
f 867 837 811
f 762 811 837
f 812 837 868
f 884 868 837
f 1060 1041 1014
f 1015 1014 1041
f 884 837 910
f 867 910 837
f 909 910 866
f 867 866 910
f 994 967 946
f 909 946 967
f 1015 967 1014
f 994 1014 967
f 909 967 910
f 947 910 967
f 947 911 910
f 884 910 911
f 884 911 868
f 912 868 911
f 969 911 968
f 969 912 911
f 968 911 1016
f 947 1016 911
f 1061 1016 1041
f 1015 1041 1016
f 947 967 1016
f 1015 1016 967
f 882 883 833
f 883 834 833
f 608 591 636
f 635 636 591
f 637 608 636
f 637 636 679
f 699 700 636
f 700 679 636
f 680 679 701
f 700 701 679
f 740 701 739
f 739 701 700
f 740 754 701
f 754 741 701
f 710 687 709
f 710 709 744
f 686 709 687
f 686 708 709
f 744 709 786
f 786 709 785
f 784 709 708
f 784 785 709
f 937 902 963
f 937 963 985
f 1032 1033 963
f 985 963 1033
f 1032 963 1012
f 1012 963 984
f 984 963 936
f 902 936 963
f 857 936 878
f 857 901 936
f 879 878 936
f 879 936 902
f 962 936 901
f 962 984 936
f 937 938 903
f 904 903 938
f 939 904 938
f 939 938 964
f 1176 1155 1175
f 1126 1175 1155
f 1085 1155 1086
f 1126 1155 1085
f 1105 1086 1155
f 1105 1155 1156
f 1156 1155 1177
f 1176 1177 1155
f 1226 1227 1177
f 1178 1177 1227
f 1226 1177 1225
f 1225 1177 1176
f 1127 1156 1177
f 1127 1177 1178
f 944 966 992
f 991 992 966
f 1170 1152 1151
f 1170 1171 1152
f 1201 1172 1152
f 1201 1152 1171
f 1081 1151 1152
f 1081 1152 1124
f 1125 1152 1172
f 1125 1124 1152
f 1395 1332 1394
f 1395 1355 1332
f 1310 1288 1332
f 1310 1332 1355
f 1198 1199 1149
f 1150 1149 1199
f 1242 1287 1243
f 1242 1286 1287
f 1288 1287 1332
f 1331 1332 1287
f 1268 1267 1289
f 1311 1268 1289
f 1310 1355 1289
f 1355 1356 1289
f 1311 1289 1333
f 1333 1289 1356
f 593 573 609
f 592 609 573
f 593 609 594
f 594 609 639
f 579 535 578
f 534 578 535
f 488 535 467
f 534 535 488
f 691 620 619
f 665 620 691
f 621 581 620
f 665 621 620
f 489 559 468
f 468 559 537
f 489 536 559
f 536 581 559
f 618 649 689
f 618 689 690
f 558 578 512
f 534 512 578
f 534 488 512
f 488 487 512
f 487 486 512
f 533 512 486
f 485 486 446
f 446 486 426
f 485 532 486
f 533 486 532
f 427 426 486
f 427 486 487
f 576 577 557
f 557 577 532
f 307 306 344
f 306 343 344
f 388 387 430
f 406 430 387
f 405 387 342
f 406 387 405
f 343 387 344
f 388 344 387
f 325 342 387
f 325 387 343
f 484 444 511
f 484 445 444
f 510 511 444
f 510 444 466
f 303 242 302
f 302 242 241
f 216 242 279
f 303 279 242
f 194 241 242
f 194 242 195
f 216 179 242
f 179 195 242
f 1558 1557 1580
f 1579 1580 1557
f 1578 1557 1519
f 1579 1557 1578
f 1608 1609 1582
f 1582 1609 1583
f 1677 1609 1676
f 1608 1676 1609
f 1701 1634 1609
f 1701 1609 1677
f 1634 1584 1609
f 1583 1609 1584
f 1538 1537 1584
f 1585 1538 1584
f 1536 1584 1537
f 1536 1583 1584
f 1585 1584 1635
f 1635 1584 1634
f 1230 1255 1274
f 1317 1274 1255
f 1337 1317 1255
f 1337 1255 1254
f 1320 1382 1365
f 1449 1365 1382
f 1449 1382 1492
f 1492 1382 1429
f 1340 1429 1382
f 1340 1382 1319
f 1319 1382 1232
f 1320 1232 1382
f 1107 1159 1232
f 1160 1107 1232
f 1160 1232 1205
f 1205 1232 1320
f 1159 1256 1232
f 1256 1319 1232
f 1859 1860 1813
f 1860 1814 1813
f 1749 1813 1814
f 1749 1748 1813
f 1747 1812 1813
f 1747 1813 1748
f 1678 1679 1637
f 1678 1637 1636
f 1680 1637 1679
f 1680 1638 1637
f 953 1001 1002
f 953 975 1001
f 1023 1002 1001
f 1023 1001 1022
f 1046 1021 1045
f 1045 1021 999
f 1046 1069 1021
f 1069 1022 1021
f 887 888 815
f 842 815 888
f 914 915 888
f 887 914 888
f 997 973 972
f 997 998 973
f 818 819 769
f 770 769 819
f 818 844 819
f 844 845 819
f 1605 1556 1576
f 1631 1556 1605
f 1577 1556 1606
f 1631 1606 1556
f 1577 1518 1556
f 1518 1517 1556
f 1517 1516 1556
f 1576 1556 1516
f 1464 1516 1465
f 1464 1483 1516
f 1533 1516 1483
f 1533 1576 1516
f 1465 1516 1466
f 1466 1516 1517
f 3193 3153 3192
f 3193 3138 3153
f 3083 3119 3153
f 3138 3083 3153
f 3113 3131 3151
f 3113 3151 3152
f 3130 3151 3131
f 3130 3150 3151
f 3229 3228 3248
f 3247 3248 3228
f 3247 3228 3246
f 3246 3228 3227
f 3225 3243 3208
f 3244 3208 3243
f 3182 3225 3208
f 3183 3182 3208
f 3245 3208 3244
f 3245 3226 3208
f 3183 3208 3184
f 3184 3208 3226
f 3016 3015 3067
f 3066 3067 3015
f 2980 3016 3067
f 2980 3067 3034
f 3082 3043 3068
f 3017 3068 3043
f 2981 3068 3017
f 2981 3034 3068
f 2946 2919 2960
f 2918 2960 2919
f 2947 2919 2946
f 2947 2905 2919
f 3353 3318 3272
f 3341 3353 3272
f 3232 3317 3272
f 3341 3272 3317
f 3282 3272 3318
f 3282 3233 3272
f 3223 3232 3272
f 3223 3272 3233
f 3237 3203 3259
f 3237 3204 3203
f 3275 3258 3274
f 3275 3259 3258
f 3259 3203 3258
f 3202 3258 3203
f 3236 3258 3224
f 3224 3258 3202
f 3183 3149 3170
f 3183 3170 3182
f 3149 3129 3170
f 3128 3170 3129
f 3182 3170 3169
f 3169 3170 3127
f 3128 3112 3170
f 3112 3127 3170
f 3052 3022 3051
f 3004 3051 3022
f 3040 3025 3039
f 3024 3039 3025
f 3040 3039 3079
f 3079 3039 3078
f 3088 3087 3109
f 3108 3109 3087
f 3088 3109 3089
f 3123 3089 3109
f 3165 3123 3109
f 3165 3109 3148
f 3146 3147 3107
f 3108 3107 3147
f 3108 3147 3109
f 3148 3109 3147
f 2734 2708 2662
f 2662 2708 2663
f 2950 2871 2870
f 2850 2870 2871
f 3195 3156 3194
f 3217 3195 3194
f 3045 3194 3156
f 3045 3179 3194
f 2964 2868 2890
f 2868 2848 2890
f 2964 2890 2984
f 2984 2890 2927
f 2801 2890 2848
f 2801 2847 2890
f 2927 2890 2889
f 2889 2890 2847
f 2573 2598 2648
f 2573 2648 2622
f 2649 2622 2648
f 2649 2648 2669
f 2790 2829 2745
f 2766 2745 2829
f 2790 2828 2829
f 2828 2857 2829
f 2896 2897 2879
f 2880 2879 2897
f 2895 2896 2879
f 2895 2879 2857
f 2933 2932 2970
f 2955 2970 2932
f 2874 2931 2932
f 2874 2932 2875
f 2955 2932 2954
f 2954 2932 2931
f 2976 2975 2990
f 2989 2990 2975
f 2938 2916 2975
f 2938 2975 2976
f 2915 2975 2916
f 2915 2937 2975
f 2989 2975 2974
f 2974 2975 2937
f 2763 2784 2764
f 2764 2784 2785
f 2823 2784 2806
f 2763 2806 2784
f 3021 2987 2954
f 3049 2987 3048
f 3021 3048 2987
f 3049 3003 2987
f 2955 2987 2970
f 2988 2970 2987
f 3004 2987 3003
f 3004 2988 2987
f 3020 2969 3002
f 3021 2969 3020
f 2930 2969 2931
f 2954 2931 2969
f 3047 3001 3084
f 3046 3084 3001
f 2783 2762 2804
f 2821 2783 2804
f 2488 2516 2499
f 2488 2499 2466
f 2353 2321 2320
f 2299 2320 2321
f 2250 2278 2320
f 2250 2320 2299
f 2319 2320 2278
f 2319 2333 2320
f 2353 2420 2395
f 2441 2395 2420
f 2333 2420 2320
f 2353 2320 2420
f 2419 2466 2420
f 2441 2420 2466
f 2419 2420 2380
f 2380 2420 2333
f 1729 1745 1677
f 1701 1677 1745
f 1812 1858 1813
f 1859 1813 1858
f 1882 1883 1858
f 1859 1858 1883
f 1857 1882 1858
f 1857 1858 1811
f 2029 2000 2028
f 2029 2001 2000
f 2027 2028 2000
f 2027 2000 1999
f 1808 1854 1880
f 1808 1880 1855
f 1707 1542 1591
f 1473 1591 1542
f 1777 1707 1591
f 1777 1591 1706
f 1752 1832 1753
f 1832 1776 1753
f 1732 1752 1753
f 1732 1753 1681
f 1777 1753 1776
f 1777 1706 1753
f 1681 1753 1643
f 1643 1753 1706
f 980 929 979
f 980 979 1006
f 928 979 876
f 929 876 979
f 927 979 928
f 927 978 979
f 978 1029 979
f 1006 979 1029
f 1028 1096 1029
f 1051 1029 1096
f 1051 1052 1029
f 1052 1006 1029
f 1028 1029 1005
f 1005 1029 978
f 897 876 958
f 929 958 876
f 897 958 827
f 827 958 898
f 1144 1097 1143
f 1075 1143 1097
f 1118 1053 1052
f 1118 1075 1053
f 1052 1053 1006
f 980 1006 1053
f 1054 1053 1097
f 1075 1097 1053
f 1297 1278 1277
f 1297 1277 1296
f 1621 1650 1622
f 1666 1622 1650
f 1621 1620 1650
f 1649 1650 1620
f 1839 1840 1827
f 1840 1828 1827
f 1595 1594 1619
f 1595 1619 1620
f 1567 1619 1594
f 1567 1618 1619
f 1649 1619 1648
f 1649 1620 1619
f 1618 1647 1619
f 1648 1619 1647
f 1758 1759 1713
f 1758 1713 1712
f 1217 1192 1191
f 1217 1191 1216
f 1190 1215 1191
f 1216 1191 1215
f 1143 1191 1192
f 1143 1142 1191
f 1141 1191 1142
f 1190 1191 1141
f 1163 1186 1164
f 1187 1164 1186
f 1163 1164 1113
f 1113 1164 1114
f 1547 1527 1526
f 1547 1526 1546
f 1499 1526 1500
f 1527 1500 1526
f 1525 1546 1526
f 1525 1526 1498
f 1499 1454 1526
f 1454 1498 1526
f 1300 1301 1261
f 1262 1261 1301
f 1213 1261 1214
f 1262 1214 1261
f 1300 1261 1299
f 1299 1261 1260
f 1213 1212 1261
f 1212 1260 1261
f 2215 2252 2216
f 2215 2236 2252
f 2216 2252 2217
f 2217 2252 2253
f 2280 2300 2252
f 2300 2253 2252
f 2294 2312 2313
f 2294 2272 2312
f 2349 2375 2312
f 2375 2313 2312
f 2349 2312 2348
f 2348 2312 2311
f 2311 2312 2242
f 2272 2242 2312
f 2271 2242 2211
f 2231 2211 2242
f 2243 2242 2272
f 2231 2242 2243
f 2310 2311 2242
f 2271 2310 2242
f 2160 2096 2095
f 2073 2095 2096
f 2210 2160 2095
f 2210 2095 2186
f 2535 2504 2534
f 2535 2534 2553
f 2571 2597 2534
f 2597 2553 2534
f 2474 2495 2534
f 2504 2474 2534
f 2571 2534 2533
f 2533 2534 2495
f 2427 2386 2494
f 2426 2494 2386
f 2307 2345 2386
f 2426 2386 2345
f 2267 2307 2386
f 2267 2386 2328
f 2454 2370 2473
f 2427 2473 2370
f 2328 2386 2370
f 2427 2370 2386
f 2412 2370 2454
f 2412 2308 2370
f 2308 2268 2370
f 2268 2328 2370
f 2479 2478 2510
f 2509 2510 2478
f 2508 2478 2477
f 2509 2478 2508
f 2413 2430 2431
f 2430 2457 2431
f 2476 2431 2457
f 2476 2477 2431
f 2434 2433 2460
f 2434 2460 2461
f 2416 2460 2433
f 2416 2459 2460
f 2676 2677 2628
f 2629 2628 2677
f 2630 2677 2700
f 2629 2677 2630
f 2602 2626 2603
f 2626 2627 2603
f 2602 2603 2540
f 2540 2603 2557
f 2511 2510 2558
f 2511 2558 2541
f 2509 2557 2558
f 2509 2558 2510
f 2070 2142 2010
f 2071 2010 2142
f 1975 2070 2010
f 1975 2010 1976
f 2161 2211 2162
f 2231 2162 2211
f 2097 2161 2162
f 2097 2162 2098
f 2514 2513 2577
f 2514 2577 2578
f 2607 2631 2577
f 2631 2578 2577
f 2512 2542 2577
f 2513 2512 2577
f 2542 2606 2577
f 2607 2577 2606
f 2607 2606 2630
f 2629 2630 2606
f 2629 2606 2628
f 2605 2628 2606
f 2541 2606 2542
f 2605 2606 2541
f 2484 2515 2463
f 2515 2485 2463
f 2484 2463 2436
f 2436 2463 2437
f 2486 2463 2485
f 2486 2464 2463
f 2437 2463 2438
f 2438 2463 2464
f 2543 2580 2544
f 2543 2579 2580
f 1462 1510 1554
f 1462 1554 1511
f 1510 1532 1554
f 1571 1554 1532
f 1572 1511 1554
f 1572 1554 1600
f 1571 1599 1554
f 1599 1600 1554
f 1843 1875 1844
f 1876 1844 1875
f 1843 1783 1842
f 1830 1842 1783
f 1829 1841 1842
f 1829 1842 1830
f 1874 1875 1842
f 1843 1842 1875
f 1874 1842 1873
f 1841 1873 1842
f 1872 1873 1840
f 1841 1840 1873
f 1872 1916 1873
f 1916 1917 1873
f 1895 1847 1894
f 1895 1848 1847
f 1894 1847 1938
f 1893 1938 1847
f 1802 1847 1848
f 1802 1801 1847
f 1893 1847 1846
f 1846 1847 1801
f 1767 1783 1768
f 1784 1768 1783
f 1767 1768 1721
f 1722 1721 1768
f 1669 1722 1768
f 1669 1768 1737
f 1737 1768 1785
f 1784 1785 1768
f 1769 1785 1800
f 1799 1800 1785
f 1784 1844 1785
f 1799 1785 1844
f 1769 1738 1785
f 1738 1737 1785
f 1461 1412 1437
f 1461 1437 1478
f 1369 1437 1352
f 1352 1437 1412
f 1392 1351 1350
f 1327 1350 1351
f 1369 1351 1437
f 1436 1437 1351
f 1328 1351 1369
f 1328 1327 1351
f 1435 1351 1392
f 1435 1436 1351
f 1436 1477 1437
f 1478 1437 1477
f 1476 1505 1477
f 1505 1506 1477
f 1507 1478 1477
f 1507 1477 1506
f 1476 1477 1435
f 1435 1477 1436
f 1302 1279 1301
f 1262 1301 1279
f 1214 1279 1215
f 1262 1279 1214
f 1263 1264 1219
f 1263 1219 1218
f 1691 1652 1690
f 1652 1651 1690
f 1597 1622 1623
f 1597 1623 1598
f 1666 1623 1622
f 1666 1651 1623
f 1711 1684 1735
f 1710 1735 1684
f 1711 1735 1712
f 1758 1712 1735
f 1756 1735 1710
f 1756 1757 1735
f 1758 1735 1780
f 1780 1735 1757
f 2795 2729 2752
f 2795 2769 2729
f 2728 2752 2729
f 2728 2729 2705
f 2754 2731 2772
f 2657 2731 2754
f 2772 2731 2840
f 2840 2731 2797
f 2682 2753 2731
f 2753 2797 2731
f 2835 2860 2836
f 2835 2859 2860
f 2837 2836 2860
f 2837 2860 2861
f 2901 2860 2859
f 2901 2902 2860
f 2861 2860 2903
f 2903 2860 2902
f 440 439 502
f 502 439 501
f 422 380 439
f 422 439 440
f 481 501 439
f 481 439 438
f 379 439 380
f 379 438 439
f 518 454 453
f 518 453 496
f 496 453 543
f 543 453 495
f 562 561 604
f 561 603 604
f 583 604 624
f 562 604 583
f 652 604 603
f 652 623 604
f 653 624 604
f 653 604 623
f 405 468 469
f 406 405 469
f 470 430 469
f 406 469 430
f 537 490 469
f 468 537 469
f 817 792 816
f 768 816 792
f 793 792 843
f 817 843 792
f 747 792 793
f 747 746 792
f 768 792 725
f 725 792 746
f 654 696 669
f 654 695 696
f 726 670 696
f 670 669 696
f 725 746 696
f 725 696 695
f 747 696 746
f 726 696 747
f 729 748 749
f 729 728 748
f 749 748 771
f 770 771 748
f 697 727 748
f 697 748 728
f 769 748 727
f 770 748 769
f 655 671 728
f 697 728 671
f 842 888 870
f 889 870 888
f 842 870 816
f 817 816 870
f 1063 996 970
f 949 970 996
f 949 885 970
f 948 970 885
f 1061 1017 1016
f 968 1016 1017
f 969 968 1017
f 969 1017 1018
f 1130 1062 1129
f 1088 1129 1062
f 1018 1017 1062
f 1088 1062 1017
f 566 521 476
f 457 476 521
f 606 521 566
f 606 588 521
f 547 521 588
f 547 497 521
f 414 457 521
f 414 521 497
f 433 371 456
f 456 371 413
f 955 1003 956
f 956 1003 1004
f 955 977 1003
f 1026 1003 977
f 1004 1003 1027
f 1027 1003 1050
f 1026 1049 1003
f 1049 1050 1003
f 366 282 304
f 366 367 282
f 266 282 323
f 367 323 282
f 304 282 265
f 265 282 219
f 266 245 282
f 245 219 282
f 583 584 539
f 540 539 584
f 516 539 540
f 516 493 539
f 762 837 763
f 812 763 837
f 765 722 813
f 764 813 722
f 838 839 813
f 765 813 839
f 812 868 813
f 764 812 813
f 912 813 868
f 838 813 912
f 653 623 668
f 653 668 694
f 1128 1129 1087
f 1088 1087 1129
f 1061 1087 1017
f 1088 1017 1087
f 836 811 789
f 745 789 811
f 883 865 835
f 883 835 834
f 836 835 866
f 865 866 835
f 787 835 788
f 787 834 835
f 788 835 789
f 836 789 835
f 809 810 761
f 761 810 714
f 787 810 834
f 834 810 833
f 809 864 810
f 864 833 810
f 1059 986 1034
f 1059 987 986
f 1034 986 1033
f 985 1033 986
f 964 986 987
f 964 938 986
f 937 985 986
f 937 986 938
f 942 943 906
f 906 943 907
f 942 989 943
f 989 990 943
f 991 943 990
f 991 966 943
f 966 908 943
f 907 943 908
f 882 833 908
f 864 908 833
f 863 908 864
f 863 907 908
f 882 908 944
f 944 908 966
f 1170 1200 1222
f 1170 1169 1200
f 1150 1200 1169
f 1150 1199 1200
f 743 703 780
f 742 780 703
f 602 560 601
f 667 602 601
f 621 666 601
f 667 601 666
f 537 601 560
f 537 559 601
f 621 601 581
f 581 601 559
f 714 810 715
f 787 715 810
f 688 714 715
f 688 715 689
f 649 648 689
f 688 689 648
f 346 345 407
f 407 345 389
f 308 326 345
f 346 308 345
f 388 389 345
f 388 345 344
f 307 345 326
f 307 344 345
f 301 363 364
f 301 364 302
f 1442 1468 1484
f 1442 1484 1469
f 1470 1484 1485
f 1470 1469 1484
f 1468 1519 1484
f 1519 1557 1484
f 1558 1485 1484
f 1558 1484 1557
f 1157 1229 1204
f 1157 1204 1090
f 1064 1204 1158
f 1064 1090 1204
f 1229 1254 1204
f 1254 1255 1204
f 1230 1158 1204
f 1230 1204 1255
f 1589 1521 1588
f 1539 1588 1521
f 1639 1589 1588
f 1639 1588 1638
f 914 886 950
f 887 886 914
f 950 886 996
f 949 996 886
f 948 885 869
f 840 869 885
f 840 790 869
f 790 839 869
f 915 916 888
f 889 888 916
f 972 916 915
f 972 973 916
f 772 771 820
f 772 820 821
f 770 819 820
f 770 820 771
f 1726 1659 1742
f 1659 1674 1742
f 1726 1742 1771
f 1788 1771 1742
f 1787 1788 1742
f 1787 1742 1699
f 1699 1742 1673
f 1674 1673 1742
f 1631 1673 1606
f 1672 1673 1631
f 1632 1606 1673
f 1632 1673 1674
f 1672 1698 1673
f 1698 1699 1673
f 3213 3178 3177
f 3177 3178 3137
f 3255 3178 3213
f 3255 3231 3178
f 3137 3178 3119
f 3119 3178 3153
f 3231 3192 3178
f 3192 3153 3178
f 3152 3186 3171
f 3187 3171 3186
f 3187 3186 3229
f 3229 3186 3228
f 3066 3080 3081
f 3066 3081 3067
f 3099 3081 3118
f 3118 3081 3080
f 3034 3067 3081
f 3034 3081 3068
f 3082 3081 3099
f 3082 3068 3081
f 2796 2811 2862
f 2796 2862 2863
f 2839 2862 2811
f 2839 2883 2862
f 2905 2863 2862
f 2905 2862 2919
f 2918 2862 2883
f 2918 2919 2862
f 2988 3005 2970
f 2971 2970 3005
f 3004 3022 3005
f 3004 3005 2988
f 3053 3023 3052
f 3052 3023 3022
f 3008 3007 3038
f 3007 3037 3038
f 3078 3039 3038
f 3055 3078 3038
f 3008 3038 3024
f 3024 3038 3039
f 3111 3078 3110
f 3055 3110 3078
f 3111 3110 3125
f 3124 3125 3110
f 3124 3110 3123
f 3123 3110 3089
f 3055 3038 3054
f 3037 3054 3038
f 3089 3110 3054
f 3055 3054 3110
f 3053 3054 3023
f 3037 3023 3054
f 3053 3088 3054
f 3088 3089 3054
f 3204 3164 3163
f 3204 3163 3203
f 3162 3202 3163
f 3202 3203 3163
f 3164 3148 3163
f 3148 3147 3163
f 3162 3163 3146
f 3146 3163 3147
f 2815 2799 2845
f 2815 2755 2799
f 2844 2799 2798
f 2844 2845 2799
f 2734 2798 2799
f 2734 2799 2708
f 2708 2799 2664
f 2755 2664 2799
f 2616 2664 2639
f 2639 2664 2684
f 2709 2684 2664
f 2709 2664 2755
f 2616 2663 2664
f 2663 2708 2664
f 3045 2951 2891
f 3045 2891 2986
f 2910 2851 2891
f 2910 2891 2951
f 2950 2986 2891
f 2950 2891 2871
f 2851 2820 2891
f 2820 2871 2891
f 2690 2668 2647
f 2690 2715 2668
f 2647 2668 2598
f 2598 2668 2648
f 2766 2829 2830
f 2791 2766 2830
f 2831 2792 2830
f 2791 2830 2792
f 2857 2830 2829
f 2857 2879 2830
f 2880 2831 2830
f 2880 2830 2879
f 2973 2936 2935
f 2973 2935 2972
f 2877 2827 2876
f 2826 2876 2827
f 3000 2953 2967
f 2892 2967 2953
f 3000 3046 2953
f 3046 3001 2953
f 2820 2804 2782
f 2850 2820 2782
f 2819 2782 2803
f 2760 2803 2782
f 2442 2395 2500
f 2441 2500 2395
f 2466 2499 2500
f 2441 2466 2500
f 1678 1746 1747
f 1678 1702 1746
f 1701 1746 1702
f 1701 1745 1746
f 1923 1946 1968
f 1923 1968 1924
f 1946 1982 1968
f 1982 1999 1968
f 1945 1967 1900
f 1967 1921 1900
f 1944 1945 1900
f 1899 1944 1900
f 1899 1900 1854
f 1854 1900 1880
f 1880 1900 1901
f 1921 1901 1900
f 1902 1881 1901
f 1856 1901 1881
f 1922 1902 1901
f 1922 1901 1921
f 1856 1855 1901
f 1855 1880 1901
f 1541 1495 1384
f 1541 1643 1495
f 1404 1322 1495
f 1322 1384 1495
f 1706 1591 1495
f 1643 1706 1495
f 1404 1495 1473
f 1473 1495 1591
f 1054 1007 1053
f 980 1053 1007
f 930 898 1007
f 898 958 1007
f 980 1007 929
f 929 1007 958
f 1098 1056 1055
f 959 1055 1056
f 1235 1257 1207
f 1207 1257 1236
f 1295 1257 1276
f 1235 1276 1257
f 1295 1296 1257
f 1296 1277 1257
f 1277 1237 1257
f 1236 1257 1237
f 1210 1209 1237
f 1210 1237 1258
f 1208 1237 1209
f 1208 1236 1237
f 1258 1237 1278
f 1278 1237 1277
f 1836 1837 1797
f 1837 1798 1797
f 1760 1796 1797
f 1760 1797 1761
f 1664 1646 1616
f 1664 1665 1646
f 1617 1565 1646
f 1565 1616 1646
f 1685 1646 1665
f 1685 1647 1646
f 1617 1646 1618
f 1618 1646 1647
f 1760 1761 1736
f 1714 1736 1761
f 1760 1736 1759
f 1759 1736 1713
f 1073 1114 1115
f 1074 1073 1115
f 1796 1825 1797
f 1836 1797 1825
f 1867 1868 1825
f 1836 1825 1868
f 1867 1825 1835
f 1835 1825 1824
f 1781 1825 1796
f 1781 1824 1825
f 1795 1823 1757
f 1780 1757 1823
f 1822 1834 1823
f 1822 1823 1795
f 1781 1780 1823
f 1781 1823 1824
f 1834 1835 1823
f 1835 1824 1823
f 2209 2159 2185
f 2209 2230 2159
f 2230 2241 2159
f 2241 2186 2159
f 2479 2458 2432
f 2479 2432 2478
f 2415 2432 2458
f 2415 2414 2432
f 2477 2478 2432
f 2477 2432 2431
f 2413 2432 2414
f 2413 2431 2432
f 2511 2481 2480
f 2511 2512 2481
f 2482 2481 2513
f 2513 2481 2512
f 2459 2480 2481
f 2459 2481 2460
f 2482 2461 2481
f 2461 2460 2481
f 2791 2721 2699
f 2791 2699 2766
f 2698 2745 2699
f 2766 2699 2745
f 2700 2699 2721
f 2700 2677 2699
f 2698 2699 2676
f 2676 2699 2677
f 2651 2604 2627
f 2627 2604 2603
f 2651 2628 2604
f 2605 2604 2628
f 2557 2603 2604
f 2557 2604 2558
f 2541 2558 2604
f 2605 2541 2604
f 2012 2011 2072
f 2041 2072 2011
f 2071 2041 2011
f 2071 2011 2010
f 2050 2099 2051
f 2143 2051 2099
f 2050 2042 2099
f 2042 2098 2099
f 2633 2582 2581
f 2633 2581 2609
f 2546 2545 2581
f 2546 2581 2582
f 2544 2581 2545
f 2544 2580 2581
f 2580 2608 2581
f 2609 2581 2608
f 2632 2653 2608
f 2653 2654 2608
f 2654 2655 2608
f 2655 2609 2608
f 2632 2608 2579
f 2579 2608 2580
f 1920 1876 1919
f 1876 1875 1919
f 1217 1280 1281
f 1217 1216 1280
f 1303 1304 1280
f 1281 1280 1304
f 1216 1215 1280
f 1215 1279 1280
f 1302 1303 1280
f 1302 1280 1279
f 1146 1193 1194
f 1146 1145 1193
f 1238 1239 1193
f 1239 1194 1193
f 1238 1193 1264
f 1264 1193 1219
f 1219 1193 1166
f 1145 1166 1193
f 1165 1166 1144
f 1144 1166 1119
f 1098 1166 1145
f 1098 1119 1166
f 1165 1218 1166
f 1218 1219 1166
f 1666 1650 1689
f 1688 1689 1650
f 1651 1689 1690
f 1666 1689 1651
f 1653 1625 1624
f 1653 1624 1652
f 1569 1568 1624
f 1569 1624 1625
f 1652 1624 1651
f 1651 1624 1623
f 1568 1598 1624
f 1598 1623 1624
f 2615 2706 2681
f 2615 2656 2706
f 2730 2706 2770
f 2730 2681 2706
f 2656 2705 2706
f 2705 2729 2706
f 2770 2706 2769
f 2769 2706 2729
f 391 432 454
f 454 432 453
f 391 348 432
f 348 369 432
f 495 453 432
f 495 432 452
f 390 432 369
f 390 452 432
f 474 517 494
f 542 494 517
f 542 543 494
f 543 495 494
f 564 563 628
f 563 586 628
f 629 544 628
f 564 628 544
f 655 629 628
f 655 628 671
f 671 628 627
f 586 627 628
f 626 669 627
f 670 627 669
f 626 627 585
f 585 627 586
f 670 697 627
f 697 671 627
f 1063 1042 1089
f 1063 970 1042
f 948 1042 970
f 995 1042 948
f 1130 1089 1042
f 1130 1042 1062
f 1018 1062 1042
f 995 1018 1042
f 472 471 492
f 472 492 493
f 602 720 650
f 667 720 602
f 719 720 666
f 667 666 720
f 762 720 719
f 762 763 720
f 763 721 720
f 650 720 721
f 764 722 721
f 651 721 722
f 622 721 651
f 622 650 721
f 812 721 763
f 764 721 812
f 765 839 723
f 790 723 839
f 1127 1106 1060
f 1060 1106 1041
f 1178 1179 1106
f 1127 1178 1106
f 1061 1041 1106
f 1061 1106 1087
f 1128 1106 1179
f 1128 1087 1106
f 690 689 716
f 689 715 716
f 787 788 716
f 787 716 715
f 1267 1266 1289
f 1310 1289 1266
f 1222 1266 1267
f 1222 1200 1266
f 741 702 701
f 680 701 702
f 742 702 741
f 742 703 702
f 581 580 620
f 536 580 581
f 579 619 580
f 619 620 580
f 536 447 580
f 447 513 580
f 579 580 535
f 535 580 513
f 366 467 428
f 366 428 367
f 386 323 428
f 367 428 323
f 467 535 428
f 535 513 428
f 386 428 447
f 447 428 513
f 576 646 647
f 576 647 577
f 713 647 646
f 713 664 647
f 688 647 664
f 688 648 647
f 648 600 647
f 577 647 600
f 533 600 512
f 558 512 600
f 533 532 600
f 532 577 600
f 558 600 649
f 649 600 648
f 303 339 279
f 340 279 339
f 303 302 339
f 302 364 339
f 1586 1636 1587
f 1636 1637 1587
f 1586 1587 1559
f 1559 1587 1560
f 1638 1587 1637
f 1638 1588 1587
f 1539 1560 1587
f 1539 1587 1588
f 840 885 841
f 840 841 814
f 791 841 815
f 791 814 841
f 949 841 885
f 949 886 841
f 887 815 841
f 887 841 886
f 969 1018 913
f 995 913 1018
f 969 913 912
f 838 912 913
f 948 869 913
f 995 948 913
f 838 913 839
f 839 913 869
f 1022 1001 1000
f 1022 1000 1021
f 975 1000 1001
f 975 952 1000
f 817 871 843
f 817 870 871
f 892 846 891
f 891 846 845
f 892 893 846
f 893 847 846
f 845 846 819
f 819 846 820
f 821 846 847
f 821 820 846
f 3184 3185 3150
f 3150 3185 3151
f 3227 3185 3226
f 3184 3226 3185
f 3152 3151 3185
f 3152 3185 3186
f 3227 3228 3185
f 3228 3186 3185
f 2971 3005 3006
f 2971 3006 2972
f 2973 3006 3007
f 2973 2972 3006
f 3022 3006 3005
f 3022 3023 3006
f 3037 3006 3023
f 3007 3006 3037
f 2716 2692 2691
f 2692 2669 2691
f 2740 2759 2691
f 2716 2691 2759
f 2669 2648 2691
f 2648 2668 2691
f 2715 2740 2691
f 2715 2691 2668
f 2877 2876 2913
f 2912 2913 2876
f 2914 2878 2913
f 2877 2913 2878
f 2936 2914 2913
f 2936 2913 2935
f 2935 2913 2934
f 2912 2934 2913
f 2933 2970 2934
f 2971 2934 2970
f 2972 2935 2934
f 2971 2972 2934
f 2933 2894 2932
f 2875 2932 2894
f 2912 2894 2934
f 2933 2934 2894
f 2854 2911 2893
f 2854 2873 2911
f 2892 2911 2873
f 2892 2953 2911
f 2717 2741 2761
f 2717 2761 2742
f 2762 2742 2761
f 2762 2761 2804
f 2760 2761 2741
f 2760 2782 2761
f 2550 2501 2549
f 2550 2549 2585
f 2501 2442 2549
f 2442 2500 2549
f 1812 1793 1858
f 1811 1858 1793
f 1747 1793 1812
f 1747 1746 1793
f 1969 1947 2001
f 2001 1947 2000
f 1948 1947 1969
f 1925 1947 1948
f 1999 2000 1947
f 1999 1947 1968
f 1925 1924 1947
f 1924 1968 1947
f 1144 1076 1097
f 1144 1119 1076
f 1098 1055 1076
f 1098 1076 1119
f 1688 1715 1689
f 1714 1715 1688
f 1764 1782 1828
f 1828 1782 1827
f 1718 1717 1782
f 1718 1782 1764
f 1827 1782 1826
f 1763 1826 1782
f 1837 1838 1826
f 1837 1826 1798
f 1839 1826 1838
f 1839 1827 1826
f 1649 1687 1650
f 1688 1650 1687
f 1714 1687 1736
f 1714 1688 1687
f 1190 1141 1140
f 1190 1140 1189
f 2073 2072 2117
f 2073 2117 2095
f 2041 2116 2117
f 2041 2117 2072
f 2186 2095 2117
f 2186 2117 2159
f 2185 2117 2116
f 2185 2159 2117
f 1912 1977 1934
f 1912 1976 1977
f 1935 1977 1978
f 1935 1934 1977
f 1976 2010 1977
f 2010 2011 1977
f 2012 1978 1977
f 2012 1977 2011
f 2231 2243 2187
f 2231 2187 2162
f 2188 2187 2244
f 2243 2244 2187
f 2098 2162 2187
f 2098 2187 2099
f 2143 2187 2188
f 2143 2099 2187
f 2018 1963 1962
f 2018 1962 1991
f 1920 1962 1963
f 1920 1919 1962
f 390 410 451
f 390 451 452
f 409 451 410
f 409 450 451
f 495 452 451
f 495 451 494
f 474 451 450
f 474 494 451
f 514 582 515
f 561 515 582
f 840 814 766
f 840 766 790
f 652 651 692
f 651 722 692
f 652 692 623
f 623 692 668
f 765 692 722
f 765 723 692
f 745 718 717
f 745 717 789
f 665 717 718
f 665 691 717
f 788 789 717
f 788 717 716
f 691 690 717
f 690 716 717
f 1198 1243 1244
f 1198 1244 1199
f 1243 1287 1244
f 1288 1244 1287
f 1199 1244 1200
f 1200 1244 1266
f 1310 1244 1288
f 1310 1266 1244
f 592 638 660
f 592 660 609
f 638 680 660
f 680 702 660
f 403 402 445
f 445 402 444
f 403 340 402
f 340 339 402
f 973 974 916
f 951 916 974
f 999 974 998
f 998 974 973
f 952 974 1000
f 951 974 952
f 999 1021 974
f 1021 1000 974
f 844 890 845
f 891 845 890
f 844 843 890
f 843 871 890
f 2825 2856 2826
f 2826 2856 2876
f 2807 2856 2825
f 2807 2824 2856
f 2912 2876 2856
f 2912 2856 2894
f 2875 2856 2824
f 2875 2894 2856
f 3047 3002 2968
f 3047 2968 3001
f 2930 2968 2969
f 3002 2969 2968
f 3001 2968 2953
f 2953 2968 2911
f 2930 2893 2968
f 2893 2911 2968
f 2584 2548 2516
f 2516 2548 2499
f 2612 2548 2611
f 2584 2611 2548
f 2499 2548 2500
f 2500 2548 2549
f 2612 2585 2548
f 2585 2549 2548
f 1729 1772 1773
f 1729 1773 1745
f 1810 1773 1792
f 1772 1792 1773
f 1745 1773 1746
f 1746 1773 1793
f 1810 1811 1773
f 1811 1793 1773
f 930 1007 1008
f 1054 1008 1007
f 1054 1097 1008
f 1097 1076 1008
f 1798 1826 1762
f 1763 1762 1826
f 1761 1797 1762
f 1798 1762 1797
f 1714 1761 1762
f 1714 1762 1715
f 1763 1782 1716
f 1717 1716 1782
f 1715 1762 1716
f 1763 1716 1762
f 1691 1716 1717
f 1691 1690 1716
f 1690 1689 1716
f 1689 1715 1716
f 1685 1712 1686
f 1712 1713 1686
f 1648 1647 1686
f 1685 1686 1647
f 1713 1736 1686
f 1736 1687 1686
f 1649 1648 1686
f 1649 1686 1687
f 1074 1116 1096
f 1074 1115 1116
f 1051 1116 1117
f 1051 1096 1116
f 1141 1117 1116
f 1141 1116 1140
f 1140 1116 1139
f 1115 1139 1116
f 1187 1188 1139
f 1187 1139 1164
f 1114 1164 1139
f 1114 1139 1115
f 1189 1139 1188
f 1189 1140 1139
f 1960 2016 1961
f 2017 1961 2016
f 2017 1991 1961
f 1991 1962 1961
f 470 491 471
f 471 491 492
f 490 491 469
f 470 469 491
f 514 491 490
f 514 515 491
f 515 538 491
f 492 491 538
f 562 583 538
f 583 539 538
f 493 538 539
f 493 492 538
f 562 538 561
f 561 538 515
f 768 767 816
f 791 816 767
f 791 767 814
f 814 767 766
f 682 681 743
f 743 681 703
f 682 640 681
f 640 639 681
f 703 681 702
f 702 681 660
f 639 609 681
f 609 660 681
f 425 401 363
f 363 401 364
f 425 465 401
f 465 466 401
f 364 401 339
f 339 401 402
f 466 444 401
f 444 402 401
f 975 919 918
f 975 918 952
f 891 918 919
f 891 890 918
f 959 1009 1055
f 959 932 1009
f 1055 1009 1076
f 1076 1009 1008
f 930 1009 931
f 930 1008 1009
f 1874 1918 1875
f 1875 1918 1919
f 1917 1918 1873
f 1874 1873 1918
f 1919 1918 1962
f 1962 1918 1961
f 1960 1918 1917
f 1960 1961 1918
f 725 695 724
f 694 724 695
f 768 725 724
f 768 724 767
f 889 917 870
f 870 917 871
f 889 916 917
f 951 917 916
f 871 917 890
f 890 917 918
f 951 952 917
f 952 918 917
f 790 693 723
f 790 766 693
f 668 692 693
f 723 693 692
f 766 767 693
f 767 724 693
f 694 668 693
f 694 693 724

