# https://github.com/mikedh/trimesh
v -56.00000000 174.83300000 637.66700000 0.54901961 0.31372549 0.27450980
v -55.00000000 174.83300000 637.50000000 0.54509804 0.30980392 0.27058824
v -54.83330000 174.83300000 637.50000000 0.54509804 0.30980392 0.27058824
v -56.83330000 175.83300000 637.66700000 0.54509804 0.30980392 0.27058824
v -56.00000000 175.66700000 637.33300000 0.54509804 0.30980392 0.27058824
v -55.00000000 175.50000000 637.16700000 0.54509804 0.30980392 0.27058824
v -54.83330000 175.33300000 637.16700000 0.54509804 0.30980392 0.27058824
v -54.00000000 175.50000000 637.50000000 0.56078431 0.31764706 0.27450980
v -53.00000000 175.50000000 637.33300000 0.57254902 0.32156863 0.28235294
v -52.66670000 175.50000000 637.33300000 0.59215686 0.33333333 0.28627451
v -51.83330000 175.50000000 637.00000000 0.60784314 0.33333333 0.29411765
v -51.00000000 175.50000000 636.83300000 0.60784314 0.33333333 0.28627451
v -50.50000000 175.33300000 636.66700000 0.61960784 0.33725490 0.29019608
v -58.00000000 175.83300000 637.00000000 0.52941176 0.29411765 0.26274510
v -57.00000000 175.83300000 637.16700000 0.53725490 0.30196078 0.27058824
v -56.83330000 176.00000000 637.50000000 0.54117647 0.30588235 0.26666667
v -56.00000000 175.83300000 637.16700000 0.54509804 0.30980392 0.27058824
v -55.00000000 175.83300000 637.16700000 0.55294118 0.30588235 0.27058824
v -54.83330000 176.00000000 637.33300000 0.55686275 0.30588235 0.27058824
v -54.00000000 176.00000000 637.16700000 0.56470588 0.31372549 0.27450980
v -53.00000000 176.16700000 637.50000000 0.58431373 0.32156863 0.28627451
v -52.66670000 176.00000000 637.33300000 0.59607843 0.32941176 0.28627451
v -52.00000000 176.00000000 637.33300000 0.60392157 0.33725490 0.29411765
v -51.00000000 176.00000000 637.00000000 0.61176471 0.33725490 0.29803922
v -50.33330000 176.16700000 637.00000000 0.61960784 0.34509804 0.30588235
v -49.83330000 176.16700000 637.16700000 0.62745098 0.34117647 0.30588235
v -59.00000000 176.66700000 636.16700000 0.50980392 0.27843137 0.24705882
v -58.83330000 176.83300000 636.66700000 0.51372549 0.28235294 0.25098039
v -58.00000000 176.83300000 636.83300000 0.52549020 0.29019608 0.25882353
v -57.00000000 176.83300000 637.16700000 0.53333333 0.29803922 0.26666667
v -56.83330000 176.83300000 637.16700000 0.54901961 0.30196078 0.26666667
v -56.00000000 176.66700000 636.66700000 0.55294118 0.30588235 0.27058824
v -55.00000000 176.83300000 636.83300000 0.56078431 0.30980392 0.27450980
v -54.83330000 176.83300000 637.00000000 0.56862745 0.30588235 0.27450980
v -54.00000000 176.66700000 636.83300000 0.57647059 0.31372549 0.27843137
v -53.00000000 176.66700000 636.66700000 0.58431373 0.31764706 0.28235294
v -52.33330000 176.83300000 636.83300000 0.59215686 0.31764706 0.27843137
v -52.00000000 176.83300000 636.83300000 0.60000000 0.32549020 0.28627451
v -51.00000000 176.66700000 636.66700000 0.60784314 0.33333333 0.29411765
v -50.00000000 176.66700000 636.66700000 0.61960784 0.34509804 0.30588235
v -49.83330000 176.66700000 637.16700000 0.62352941 0.34901961 0.30980392
v -49.00000000 176.66700000 637.16700000 0.62352941 0.34901961 0.30980392
v -59.83330000 177.16700000 636.00000000 0.49411765 0.27058824 0.24313725
v -59.00000000 177.16700000 636.33300000 0.50588235 0.27450980 0.24313725
v -58.83330000 177.16700000 636.66700000 0.50980392 0.27843137 0.24705882
v -58.00000000 177.33300000 637.00000000 0.51764706 0.28627451 0.25490196
v -57.00000000 177.33300000 637.16700000 0.53333333 0.29803922 0.26666667
v -56.66670000 177.16700000 636.83300000 0.54117647 0.30588235 0.27450980
v -56.00000000 177.16700000 636.83300000 0.56078431 0.30588235 0.28235294
v -55.00000000 177.00000000 636.66700000 0.57647059 0.31372549 0.28235294
v -54.83330000 177.16700000 637.00000000 0.58039216 0.30980392 0.28235294
v -54.00000000 177.00000000 636.50000000 0.59215686 0.31764706 0.28627451
v -53.00000000 177.00000000 636.50000000 0.59215686 0.31764706 0.28627451
v -52.00000000 177.00000000 636.50000000 0.59607843 0.32156863 0.29019608
v -51.00000000 177.00000000 636.50000000 0.60784314 0.34117647 0.29803922
v -50.00000000 177.33300000 636.83300000 0.61568627 0.34901961 0.30588235
v -49.83330000 177.33300000 636.83300000 0.62352941 0.34901961 0.30980392
v -49.00000000 177.66700000 637.50000000 0.62745098 0.35294118 0.31372549
v -48.16670000 177.50000000 637.50000000 0.62745098 0.35686275 0.29803922
v -47.83330000 177.50000000 637.66700000 0.62745098 0.35686275 0.29803922
v -59.83330000 177.66700000 635.66700000 0.49019608 0.26666667 0.23921569
v -59.00000000 177.66700000 635.83300000 0.50588235 0.27450980 0.24313725
v -58.83330000 177.83300000 636.33300000 0.50588235 0.27450980 0.24313725
v -58.00000000 177.83300000 636.33300000 0.51764706 0.28235294 0.25098039
v -57.00000000 177.83300000 636.50000000 0.53725490 0.29019608 0.26274510
v -56.50000000 178.00000000 636.50000000 0.54509804 0.29803922 0.27058824
v -56.00000000 177.83300000 636.33300000 0.56862745 0.30588235 0.28235294
v -55.00000000 177.66700000 636.16700000 0.57647059 0.31372549 0.28235294
v -54.50000000 177.83300000 636.50000000 0.58431373 0.31372549 0.28627451
v -54.00000000 177.66700000 636.16700000 0.59215686 0.31764706 0.28627451
v -53.00000000 177.66700000 636.16700000 0.59607843 0.32156863 0.29019608
v -52.00000000 177.83300000 636.50000000 0.60392157 0.32941176 0.29803922
v -51.00000000 177.66700000 636.33300000 0.60784314 0.34117647 0.29803922
v -50.00000000 177.66700000 636.33300000 0.61176471 0.34509804 0.30196078
v -50.00000000 177.83300000 636.83300000 0.61176471 0.34509804 0.30196078
v -49.00000000 177.83300000 637.16700000 0.61960784 0.35294118 0.30980392
v -48.00000000 178.16700000 637.66700000 0.62352941 0.36078431 0.29803922
v -47.83330000 178.50000000 637.83300000 0.62745098 0.36470588 0.30196078
v -47.00000000 178.50000000 638.00000000 0.63137255 0.36862745 0.30588235
v -59.83330000 178.00000000 635.00000000 0.48235294 0.25882353 0.23137255
v -59.00000000 178.00000000 635.33300000 0.50196078 0.27058824 0.23921569
v -58.66670000 178.16700000 635.66700000 0.50588235 0.27450980 0.24313725
v -58.00000000 178.33300000 636.00000000 0.52156863 0.28627451 0.25490196
v -57.00000000 178.33300000 636.00000000 0.54117647 0.29411765 0.26666667
v -56.16670000 178.16700000 635.66700000 0.54901961 0.30196078 0.27450980
v -56.00000000 178.00000000 635.33300000 0.56470588 0.30196078 0.27843137
v -55.00000000 178.16700000 635.66700000 0.57254902 0.30196078 0.27450980
v -54.16670000 178.16700000 635.66700000 0.57647059 0.29803922 0.27450980
v -54.00000000 178.16700000 635.66700000 0.59607843 0.30980392 0.28235294
v -53.00000000 178.00000000 635.33300000 0.59607843 0.30980392 0.28235294
v -52.00000000 178.00000000 635.66700000 0.58823529 0.31372549 0.28235294
v -51.00000000 178.33300000 636.00000000 0.60000000 0.33333333 0.29019608
v -50.00000000 178.66700000 636.33300000 0.60392157 0.34509804 0.29803922
v -49.00000000 178.66700000 637.00000000 0.61176471 0.35294118 0.30588235
v -48.00000000 178.66700000 637.33300000 0.61960784 0.35686275 0.29411765
v -47.83330000 178.83300000 637.66700000 0.62745098 0.36470588 0.30196078
v -47.00000000 178.83300000 637.66700000 0.64313725 0.38039216 0.31764706
v -60.50000000 178.50000000 634.16700000 0.47058824 0.25490196 0.23529412
v -59.83330000 178.66700000 635.00000000 0.48627451 0.25490196 0.23921569
v -59.00000000 178.83300000 635.33300000 0.49411765 0.26274510 0.23137255
v -58.66670000 179.00000000 635.66700000 0.50588235 0.27058824 0.23921569
v -58.00000000 179.00000000 635.50000000 0.52156863 0.27450980 0.24705882
v -57.00000000 179.00000000 635.66700000 0.53725490 0.29019608 0.26274510
v -53.00000000 179.00000000 635.33300000 0.57647059 0.31764706 0.27058824
v -52.00000000 179.00000000 635.33300000 0.58431373 0.31764706 0.27450980
v -51.00000000 179.00000000 635.83300000 0.60000000 0.32549020 0.28627451
v -50.00000000 179.00000000 635.66700000 0.60392157 0.32941176 0.29019608
v -49.00000000 179.00000000 636.66700000 0.61176471 0.33725490 0.29019608
v -48.00000000 179.00000000 636.66700000 0.62745098 0.35294118 0.30588235
v -48.00000000 179.50000000 637.33300000 0.63529412 0.36078431 0.31372549
v -47.00000000 179.66700000 637.33300000 0.65098039 0.37647059 0.32941176
v -46.00000000 179.83300000 637.83300000 0.65882353 0.38431373 0.33725490
v -45.83330000 179.83300000 638.33300000 0.65098039 0.38039216 0.32156863
v -61.66670000 179.16700000 633.33300000 0.45098039 0.25098039 0.23529412
v -60.83330000 179.33300000 633.83300000 0.45882353 0.25098039 0.23529412
v -60.16670000 178.83300000 633.83300000 0.47058824 0.25490196 0.23529412
v -59.83330000 179.00000000 634.16700000 0.48235294 0.25490196 0.23921569
v -59.00000000 179.00000000 634.33300000 0.49411765 0.26274510 0.23921569
v -58.16670000 179.16700000 634.66700000 0.49803922 0.25882353 0.23921569
v -58.00000000 179.16700000 634.83300000 0.50588235 0.26666667 0.24705882
v -57.00000000 179.16700000 634.83300000 0.52156863 0.28235294 0.26274510
v -56.00000000 179.16700000 634.83300000 0.53333333 0.28627451 0.25882353
v -56.00000000 179.00000000 634.16700000 0.52941176 0.28235294 0.25490196
v -55.00000000 179.00000000 634.50000000 0.53333333 0.28235294 0.24705882
v -54.00000000 179.00000000 634.50000000 0.54509804 0.29411765 0.25882353
v -54.00000000 179.50000000 634.50000000 0.56078431 0.29803922 0.26274510
v -53.00000000 179.50000000 634.33300000 0.57254902 0.30980392 0.27450980
v -52.00000000 179.66700000 634.50000000 0.57647059 0.31372549 0.27843137
v -51.66670000 179.66700000 634.66700000 0.58039216 0.31764706 0.28235294
v -51.00000000 179.83300000 635.16700000 0.59215686 0.32549020 0.28235294
v -47.83330000 180.00000000 636.66700000 0.63137255 0.35686275 0.30980392
v -47.00000000 180.00000000 637.00000000 0.64705882 0.37647059 0.31764706
v -46.00000000 180.00000000 637.00000000 0.65882353 0.38823529 0.32941176
v -45.83330000 180.16700000 637.66700000 0.65882353 0.38823529 0.32941176
v -61.66670000 179.33300000 632.83300000 0.44705882 0.25490196 0.23529412
v -60.83330000 179.50000000 633.50000000 0.46274510 0.25490196 0.23921569
v -60.16670000 179.66700000 633.66700000 0.47058824 0.26274510 0.24705882
v -59.83330000 179.83300000 634.16700000 0.49019608 0.26274510 0.25490196
v -59.00000000 179.83300000 634.33300000 0.49411765 0.27058824 0.24313725
v -58.16670000 180.00000000 634.66700000 0.49803922 0.26666667 0.24313725
v -58.00000000 180.00000000 634.50000000 0.50588235 0.27450980 0.25098039
v -57.00000000 180.00000000 634.50000000 0.51764706 0.28627451 0.26274510
v -56.00000000 180.00000000 634.00000000 0.51372549 0.27450980 0.25490196
v -55.00000000 180.00000000 634.16700000 0.52156863 0.27450980 0.23921569
v -54.00000000 180.00000000 634.50000000 0.53333333 0.28627451 0.25098039
v -53.00000000 180.00000000 634.33300000 0.56078431 0.30980392 0.27058824
v -52.00000000 180.00000000 634.33300000 0.57647059 0.31372549 0.27843137
v -51.66670000 180.00000000 634.50000000 0.57647059 0.31372549 0.27843137
v -51.00000000 180.00000000 634.50000000 0.58823529 0.32156863 0.27843137
v -50.00000000 180.00000000 635.00000000 0.60000000 0.33333333 0.29019608
v -49.83330000 180.00000000 635.16700000 0.60784314 0.34117647 0.29019608
v -49.00000000 180.00000000 635.66700000 0.61176471 0.34509804 0.29411765
v -48.00000000 180.00000000 635.66700000 0.61568627 0.35294118 0.29019608
v -47.83330000 180.16700000 636.00000000 0.62352941 0.36078431 0.29803922
v -47.00000000 180.50000000 636.33300000 0.63921569 0.37647059 0.31372549
v -46.00000000 180.83300000 637.00000000 0.65098039 0.38823529 0.32549020
v -45.83330000 180.83300000 637.00000000 0.65490196 0.39215686 0.32941176
v -45.00000000 180.83300000 637.50000000 0.64705882 0.38431373 0.32156863
v -60.83330000 180.50000000 632.83300000 0.46274510 0.25490196 0.23921569
v -60.16670000 180.66700000 633.50000000 0.47058824 0.26274510 0.24705882
v -59.83330000 180.50000000 633.50000000 0.48627451 0.25882353 0.25098039
v -59.00000000 180.66700000 633.66700000 0.49411765 0.26666667 0.25098039
v -58.00000000 180.66700000 633.66700000 0.50588235 0.27450980 0.25882353
v -57.83330000 180.66700000 633.66700000 0.51372549 0.28235294 0.25882353
v -57.00000000 180.50000000 633.66700000 0.52549020 0.29411765 0.27058824
v -56.00000000 180.50000000 633.66700000 0.52941176 0.29019608 0.27058824
v -55.66670000 180.50000000 633.16700000 0.51372549 0.27450980 0.25490196
v -55.00000000 180.50000000 633.50000000 0.51764706 0.27058824 0.23529412
v -54.00000000 180.50000000 633.50000000 0.53333333 0.28627451 0.25098039
v -53.50000000 180.50000000 633.50000000 0.54901961 0.29803922 0.25882353
v -53.00000000 180.50000000 633.50000000 0.56470588 0.31372549 0.27450980
v -52.00000000 180.66700000 633.83300000 0.58039216 0.32156863 0.27450980
v -51.16670000 180.66700000 633.83300000 0.58039216 0.32156863 0.27450980
v -51.00000000 180.83300000 634.00000000 0.58039216 0.32156863 0.27450980
v -50.00000000 181.00000000 634.16700000 0.59607843 0.33725490 0.29019608
v -49.66670000 181.00000000 634.66700000 0.61568627 0.34901961 0.29803922
v -49.00000000 181.00000000 634.66700000 0.61960784 0.35294118 0.30196078
v -48.00000000 181.00000000 635.16700000 0.61568627 0.35294118 0.29019608
v -47.33330000 181.00000000 635.33300000 0.61960784 0.35686275 0.29411765
v -47.00000000 181.00000000 636.00000000 0.63529412 0.37254902 0.30980392
v -46.00000000 181.00000000 636.16700000 0.64705882 0.38431373 0.32156863
v -45.50000000 181.16700000 636.50000000 0.65098039 0.38823529 0.32549020
v -45.00000000 181.16700000 636.66700000 0.64705882 0.38431373 0.32156863
v -62.66670000 180.16700000 632.00000000 0.41960784 0.23137255 0.21568627
v -61.66670000 180.33300000 632.00000000 0.42745098 0.23529412 0.21568627
v -60.83330000 180.66700000 632.66700000 0.45098039 0.24313725 0.22745098
v -60.00000000 180.66700000 633.00000000 0.45882353 0.25098039 0.23529412
v -59.83330000 181.00000000 633.33300000 0.47843137 0.25098039 0.24313725
v -59.00000000 180.83300000 633.16700000 0.48627451 0.25882353 0.24313725
v -58.00000000 181.00000000 633.33300000 0.50196078 0.27058824 0.25490196
v -57.83330000 181.00000000 633.00000000 0.50980392 0.27843137 0.25490196
v -57.00000000 181.16700000 633.33300000 0.51764706 0.28627451 0.26274510
v -56.00000000 181.16700000 633.00000000 0.52549020 0.29019608 0.25882353
v -55.50000000 181.00000000 632.83300000 0.50588235 0.27058824 0.23921569
v -55.00000000 181.00000000 633.16700000 0.50980392 0.26274510 0.22745098
v -54.00000000 181.00000000 633.00000000 0.52941176 0.28235294 0.24705882
v -53.33330000 181.00000000 633.16700000 0.54901961 0.29803922 0.25882353
v -53.00000000 181.00000000 633.16700000 0.56862745 0.31764706 0.27843137
v -52.00000000 181.00000000 633.50000000 0.58823529 0.32941176 0.28235294
v -51.00000000 181.00000000 633.33300000 0.58431373 0.32549020 0.27843137
v -51.00000000 181.16700000 633.66700000 0.58039216 0.32156863 0.26666667
v -50.00000000 181.16700000 634.00000000 0.59607843 0.33725490 0.28235294
v -49.16670000 181.16700000 634.16700000 0.61568627 0.34901961 0.29803922
v -49.00000000 181.33300000 634.33300000 0.61960784 0.35294118 0.30196078
v -48.00000000 181.50000000 634.50000000 0.61960784 0.35686275 0.29411765
v -47.00000000 181.83300000 634.83300000 0.61960784 0.35686275 0.29411765
v -46.00000000 182.00000000 635.83300000 0.65098039 0.38823529 0.32549020
v -45.16670000 182.00000000 636.00000000 0.65098039 0.38823529 0.32549020
v -45.00000000 182.00000000 636.50000000 0.64705882 0.38431373 0.32156863
v -62.66670000 181.00000000 631.00000000 0.39607843 0.23529412 0.21176471
v -61.83330000 181.16700000 631.33300000 0.40784314 0.23137255 0.21176471
v -61.83330000 181.33300000 632.00000000 0.41960784 0.23529412 0.21176471
v -60.00000000 181.66700000 632.33300000 0.45098039 0.25098039 0.23529412
v -59.83330000 181.66700000 632.50000000 0.46666667 0.25098039 0.23921569
v -59.00000000 181.66700000 632.66700000 0.48235294 0.25882353 0.23137255
v -58.00000000 181.50000000 632.33300000 0.50588235 0.27450980 0.25098039
v -57.66670000 181.66700000 632.50000000 0.50588235 0.27450980 0.25098039
v -57.00000000 181.33300000 632.33300000 0.50980392 0.27843137 0.25490196
v -56.00000000 181.33300000 632.16700000 0.52549020 0.29019608 0.25882353
v -55.33330000 181.33300000 632.00000000 0.50588235 0.27058824 0.23921569
v -55.00000000 181.50000000 632.16700000 0.50588235 0.25882353 0.22352941
v -54.00000000 181.50000000 632.16700000 0.52549020 0.27843137 0.24313725
v -53.00000000 181.33300000 632.16700000 0.56470588 0.32156863 0.27843137
v -52.00000000 181.50000000 632.50000000 0.58431373 0.33333333 0.28627451
v -51.00000000 181.50000000 632.50000000 0.57647059 0.32549020 0.27843137
v -51.00000000 181.66700000 632.83300000 0.58039216 0.32156863 0.26666667
v -47.00000000 182.00000000 634.00000000 0.61568627 0.35294118 0.29019608
v -46.00000000 182.16700000 635.00000000 0.64313725 0.38039216 0.31764706
v -45.16670000 182.66700000 635.83300000 0.65098039 0.38039216 0.32156863
v -45.00000000 182.83300000 636.00000000 0.65490196 0.38431373 0.32549020
v -63.50000000 181.83300000 630.33300000 0.38039216 0.22745098 0.20784314
v -62.66670000 182.00000000 630.83300000 0.39607843 0.23529412 0.21176471
v -61.83330000 182.16700000 631.50000000 0.41176471 0.23529412 0.21568627
v -61.83330000 181.83300000 631.66700000 0.41568627 0.23921569 0.21960784
v -60.83330000 181.66700000 631.83300000 0.43529412 0.24313725 0.22745098
v -60.00000000 181.83300000 632.00000000 0.44705882 0.25490196 0.23529412
v -59.83330000 181.83300000 632.33300000 0.46666667 0.25882353 0.24313725
v -59.00000000 181.83300000 632.00000000 0.47843137 0.26274510 0.24313725
v -58.00000000 182.00000000 632.00000000 0.50196078 0.27450980 0.25882353
v -57.00000000 182.00000000 631.83300000 0.50196078 0.27843137 0.25098039
v -57.00000000 181.83300000 631.66700000 0.50196078 0.27843137 0.25098039
v -56.00000000 181.83300000 631.66700000 0.52156863 0.29019608 0.25882353
v -55.16670000 181.83300000 631.50000000 0.51372549 0.28235294 0.25098039
v -55.00000000 182.00000000 631.66700000 0.50980392 0.27450980 0.24313725
v -54.00000000 182.00000000 631.50000000 0.52549020 0.29019608 0.25882353
v -53.00000000 182.00000000 631.33300000 0.56078431 0.31372549 0.27843137
v -52.00000000 182.00000000 631.50000000 0.58039216 0.32941176 0.28235294
v -51.00000000 182.00000000 631.83300000 0.58039216 0.32941176 0.28235294
v -50.00000000 182.00000000 632.16700000 0.58039216 0.32941176 0.28235294
v -49.00000000 182.00000000 632.50000000 0.60784314 0.34901961 0.30196078
v -48.00000000 182.00000000 632.83300000 0.62352941 0.35686275 0.30588235
v -47.00000000 182.83300000 633.83300000 0.61568627 0.34901961 0.29803922
v -45.00000000 183.00000000 635.00000000 0.64705882 0.38431373 0.32156863
v -44.00000000 183.00000000 635.66700000 0.66666667 0.40392157 0.34117647
v -64.50000000 182.16700000 629.50000000 0.33725490 0.20392157 0.19607843
v -64.16670000 182.16700000 630.00000000 0.34901961 0.21960784 0.20000000
v -63.50000000 182.00000000 629.83300000 0.36470588 0.21568627 0.20392157
v -62.66670000 182.16700000 630.50000000 0.38039216 0.22745098 0.20784314
v -61.83330000 182.33300000 631.00000000 0.40392157 0.23137255 0.21960784
v -61.83330000 182.50000000 631.50000000 0.41568627 0.23921569 0.21960784
v -60.83330000 182.66700000 631.33300000 0.43529412 0.24705882 0.23137255
v -59.66670000 182.66700000 631.83300000 0.45490196 0.25490196 0.24313725
v -59.00000000 182.33300000 631.16700000 0.47450980 0.26666667 0.24313725
v -58.00000000 182.33300000 631.16700000 0.48627451 0.27058824 0.25098039
v -57.00000000 182.33300000 631.16700000 0.49411765 0.27058824 0.24313725
v -56.00000000 182.33300000 630.83300000 0.51764706 0.28627451 0.25490196
v -55.00000000 182.33300000 630.83300000 0.51764706 0.28627451 0.25490196
v -55.00000000 182.16700000 630.83300000 0.51372549 0.28235294 0.25098039
v -54.00000000 182.33300000 631.00000000 0.52549020 0.29411765 0.26274510
v -53.00000000 182.33300000 631.00000000 0.52549020 0.29019608 0.25098039
v -52.00000000 182.33300000 631.16700000 0.57647059 0.33333333 0.29019608
v -51.00000000 182.33300000 631.16700000 0.57647059 0.33333333 0.29019608
v -51.00000000 182.66700000 631.66700000 0.57254902 0.32156863 0.27450980
v -50.00000000 182.83300000 631.83300000 0.58039216 0.32941176 0.28235294
v -47.00000000 183.00000000 632.83300000 0.61568627 0.34901961 0.29803922
v -46.00000000 183.00000000 633.83300000 0.63137255 0.36470588 0.31372549
v -45.00000000 183.83300000 634.83300000 0.66666667 0.40392157 0.34117647
v -64.50000000 182.50000000 629.00000000 0.33333333 0.20000000 0.20392157
v -63.66670000 182.66700000 629.50000000 0.34117647 0.20784314 0.20392157
v -62.66670000 182.83300000 629.83300000 0.36470588 0.22745098 0.21176471
v -61.83330000 183.00000000 630.50000000 0.38823529 0.23921569 0.22745098
v -61.83330000 182.83300000 630.66700000 0.40000000 0.23921569 0.21568627
v -60.83330000 182.83300000 630.50000000 0.42352941 0.24705882 0.22745098
v -60.00000000 182.83300000 630.83300000 0.45098039 0.25882353 0.23137255
v -59.00000000 182.83300000 630.83300000 0.47843137 0.27058824 0.24705882
v -58.00000000 182.83300000 630.16700000 0.49019608 0.26274510 0.24705882
v -57.00000000 182.83300000 630.16700000 0.50196078 0.27058824 0.24705882
v -56.00000000 182.83300000 630.16700000 0.51764706 0.27843137 0.25882353
v -55.00000000 182.66700000 630.00000000 0.51764706 0.27843137 0.25882353
v -54.66670000 182.66700000 630.00000000 0.52549020 0.27843137 0.25098039
v -54.00000000 182.83300000 630.16700000 0.54117647 0.29411765 0.26666667
v -53.00000000 182.83300000 630.16700000 0.55294118 0.30196078 0.26666667
v -52.83330000 182.83300000 630.16700000 0.55686275 0.30588235 0.27058824
v -50.66670000 183.00000000 630.66700000 0.58431373 0.33333333 0.29411765
v -49.00000000 183.00000000 631.16700000 0.59215686 0.34901961 0.30588235
v -48.00000000 183.00000000 631.83300000 0.61960784 0.35294118 0.30196078
v -47.00000000 183.16700000 632.16700000 0.62352941 0.35294118 0.29411765
v -47.00000000 183.83300000 632.83300000 0.61176471 0.33725490 0.29019608
v -45.00000000 184.00000000 633.83300000 0.66274510 0.38823529 0.34117647
v -44.00000000 184.00000000 634.50000000 0.68235294 0.41960784 0.35686275
v -43.00000000 184.00000000 634.83300000 0.69803922 0.43529412 0.36862745
v -65.33330000 183.16700000 628.50000000 0.33725490 0.20392157 0.20784314
v -64.50000000 183.00000000 628.66700000 0.33725490 0.20392157 0.20784314
v -63.66670000 183.16700000 629.33300000 0.34509804 0.21176471 0.20784314
v -63.66670000 183.00000000 629.33300000 0.34901961 0.21568627 0.21176471
v -62.66670000 183.33300000 629.50000000 0.36862745 0.23137255 0.21568627
v -61.33330000 183.66700000 630.16700000 0.40000000 0.23921569 0.21568627
v -60.00000000 183.83300000 630.66700000 0.44705882 0.25490196 0.23529412
v -59.00000000 183.83300000 630.83300000 0.46666667 0.25882353 0.24313725
v -59.00000000 183.33300000 630.16700000 0.48627451 0.27058824 0.25098039
v -58.00000000 183.33300000 630.16700000 0.49803922 0.27058824 0.25490196
v -57.00000000 183.33300000 630.00000000 0.49803922 0.26666667 0.25098039
v -56.83330000 183.33300000 630.00000000 0.49411765 0.26274510 0.24705882
v -56.00000000 183.16700000 629.66700000 0.49411765 0.26274510 0.23921569
v -55.00000000 183.16700000 629.66700000 0.48627451 0.25490196 0.23137255
v -54.66670000 183.16700000 629.83300000 0.49803922 0.26666667 0.23529412
v -54.00000000 183.16700000 629.66700000 0.52549020 0.29411765 0.26274510
v -53.00000000 183.00000000 629.50000000 0.53725490 0.30196078 0.26274510
v -52.50000000 183.00000000 629.50000000 0.54509804 0.29803922 0.26274510
v -52.00000000 183.00000000 629.66700000 0.55294118 0.30980392 0.26666667
v -51.00000000 183.00000000 629.66700000 0.56862745 0.31764706 0.27843137
v -50.00000000 183.00000000 630.00000000 0.57254902 0.32156863 0.28235294
v -50.00000000 183.16700000 630.16700000 0.58431373 0.33333333 0.29411765
v -49.00000000 183.50000000 630.50000000 0.59607843 0.34509804 0.29803922
v -48.50000000 183.50000000 630.66700000 0.61176471 0.35294118 0.30588235
v -46.00000000 184.00000000 632.16700000 0.63137255 0.36470588 0.31372549
v -45.00000000 184.16700000 633.16700000 0.67843137 0.41176471 0.36078431
v -65.50000000 183.50000000 627.83300000 0.34117647 0.20784314 0.21176471
v -64.50000000 183.66700000 628.33300000 0.34117647 0.20784314 0.21176471
v -63.66670000 183.83300000 628.66700000 0.34901961 0.21568627 0.21176471
v -63.33330000 183.66700000 628.66700000 0.35294118 0.21960784 0.21568627
v -62.83330000 184.00000000 629.33300000 0.36470588 0.22745098 0.21176471
v -61.83330000 183.50000000 629.33300000 0.38431373 0.23529412 0.22352941
v -61.00000000 183.66700000 629.83300000 0.40000000 0.23921569 0.21568627
v -60.83330000 183.83300000 629.83300000 0.41960784 0.24313725 0.22352941
v -60.00000000 184.00000000 630.00000000 0.43921569 0.24705882 0.22745098
v -59.00000000 184.00000000 630.00000000 0.46274510 0.25490196 0.23921569
v -58.83330000 184.00000000 629.83300000 0.48235294 0.26666667 0.24705882
v -58.00000000 184.00000000 629.33300000 0.49803922 0.27058824 0.25490196
v -57.00000000 184.00000000 629.16700000 0.49411765 0.26666667 0.25098039
v -56.33330000 184.00000000 629.16700000 0.48627451 0.25882353 0.24313725
v -56.00000000 183.83300000 629.00000000 0.48235294 0.25882353 0.23137255
v -55.00000000 183.83300000 628.66700000 0.48235294 0.25882353 0.23137255
v -54.16670000 184.00000000 628.83300000 0.50196078 0.27843137 0.24313725
v -53.00000000 184.00000000 628.66700000 0.53725490 0.30980392 0.26666667
v -52.00000000 184.00000000 628.66700000 0.52941176 0.29411765 0.25490196
v -51.00000000 184.00000000 628.66700000 0.55686275 0.30588235 0.26666667
v -50.00000000 184.00000000 629.00000000 0.56862745 0.31764706 0.27843137
v -49.00000000 184.00000000 629.66700000 0.61568627 0.34901961 0.30588235
v -48.16670000 184.00000000 629.83300000 0.61960784 0.35294118 0.30980392
v -48.00000000 184.00000000 630.16700000 0.60784314 0.34901961 0.29411765
v -47.00000000 184.00000000 630.50000000 0.61176471 0.35294118 0.29803922
v -46.16670000 184.16700000 631.16700000 0.61960784 0.36078431 0.30588235
v -46.00000000 184.66700000 631.66700000 0.62745098 0.36862745 0.31372549
v -43.00000000 185.00000000 633.83300000 0.69019608 0.43137255 0.36862745
v -43.00000000 185.33300000 634.16700000 0.68627451 0.42745098 0.36470588
v -66.33330000 183.83300000 627.16700000 0.33333333 0.20000000 0.20392157
v -65.50000000 184.16700000 627.16700000 0.33725490 0.20392157 0.20784314
v -64.50000000 184.33300000 628.33300000 0.34117647 0.20784314 0.21176471
v -63.66670000 184.00000000 628.16700000 0.34901961 0.21568627 0.21176471
v -63.16670000 184.16700000 628.66700000 0.34901961 0.21568627 0.21176471
v -62.83330000 184.50000000 629.00000000 0.36470588 0.22745098 0.21176471
v -61.83330000 184.50000000 629.50000000 0.38431373 0.23529412 0.22352941
v -61.00000000 184.66700000 629.33300000 0.40000000 0.23921569 0.21568627
v -60.83330000 184.83300000 629.66700000 0.41568627 0.23921569 0.21960784
v -60.00000000 184.83300000 629.83300000 0.43529412 0.24313725 0.22352941
v -59.00000000 184.83300000 630.00000000 0.45882353 0.25098039 0.23529412
v -58.83330000 184.50000000 629.33300000 0.47450980 0.26666667 0.25098039
v -58.00000000 184.50000000 629.33300000 0.48627451 0.27058824 0.25882353
v -57.00000000 184.33300000 629.16700000 0.48627451 0.27058824 0.25882353
v -56.00000000 184.00000000 628.50000000 0.48627451 0.27058824 0.25098039
v -55.00000000 184.00000000 628.33300000 0.49019608 0.27450980 0.25490196
v -54.00000000 184.00000000 628.33300000 0.51372549 0.29019608 0.26274510
v -54.00000000 184.50000000 628.16700000 0.53725490 0.31372549 0.28627451
v -53.00000000 184.50000000 628.16700000 0.53725490 0.30588235 0.27450980
v -52.00000000 184.16700000 627.83300000 0.52549020 0.29019608 0.25882353
v -52.00000000 184.33300000 628.33300000 0.53725490 0.30196078 0.26274510
v -51.00000000 184.33300000 628.33300000 0.54509804 0.29803922 0.26274510
v -50.00000000 184.33300000 628.33300000 0.56470588 0.31372549 0.27450980
v -49.00000000 184.83300000 628.83300000 0.60000000 0.34117647 0.29411765
v -48.00000000 184.83300000 628.83300000 0.60784314 0.34901961 0.30196078
v -45.00000000 185.00000000 631.66700000 0.64705882 0.38823529 0.33333333
v -44.00000000 185.00000000 632.00000000 0.68627451 0.42745098 0.37254902
v -42.00000000 186.00000000 634.00000000 0.70196078 0.44313725 0.38039216
v -66.33330000 184.33300000 626.66700000 0.33725490 0.20392157 0.20784314
v -65.50000000 184.50000000 626.83300000 0.33725490 0.20392157 0.20784314
v -65.50000000 184.66700000 627.16700000 0.34117647 0.20784314 0.21176471
v -64.50000000 184.83300000 627.66700000 0.34509804 0.21176471 0.21568627
v -63.66670000 185.00000000 628.33300000 0.34509804 0.21176471 0.20784314
v -62.83330000 184.83300000 628.16700000 0.34901961 0.20784314 0.20784314
v -62.83330000 185.00000000 628.83300000 0.36078431 0.22352941 0.20784314
v -61.83330000 185.00000000 629.16700000 0.38823529 0.23137255 0.22352941
v -61.00000000 184.83300000 629.16700000 0.39607843 0.23529412 0.21176471
v -60.83330000 185.00000000 629.33300000 0.40784314 0.23137255 0.21176471
v -60.00000000 185.00000000 629.00000000 0.43137255 0.23921569 0.21960784
v -59.00000000 185.00000000 629.16700000 0.45098039 0.25098039 0.23529412
v -58.50000000 185.00000000 628.66700000 0.47058824 0.27058824 0.25490196
v -58.00000000 185.00000000 628.50000000 0.47450980 0.27450980 0.25882353
v -57.00000000 185.00000000 628.16700000 0.47843137 0.27058824 0.25490196
v -56.00000000 185.00000000 628.16700000 0.47843137 0.27058824 0.25490196
v -56.00000000 184.83300000 627.50000000 0.48627451 0.27058824 0.25098039
v -55.00000000 184.83300000 627.50000000 0.49411765 0.26666667 0.25098039
v -54.00000000 184.83300000 627.33300000 0.50196078 0.27843137 0.25098039
v -53.00000000 184.83300000 627.33300000 0.54509804 0.30980392 0.27843137
v -52.00000000 184.83300000 627.33300000 0.53725490 0.30196078 0.27058824
v -47.00000000 185.00000000 628.83300000 0.62352941 0.36470588 0.30980392
v -46.00000000 185.00000000 629.50000000 0.62745098 0.36862745 0.31372549
v -43.00000000 186.00000000 632.50000000 0.70588235 0.44705882 0.39215686
v -42.66670000 186.00000000 632.66700000 0.70980392 0.45098039 0.38823529
v -42.00000000 186.50000000 633.50000000 0.71372549 0.45490196 0.39215686
v -67.00000000 184.83300000 626.16700000 0.32941176 0.20784314 0.20000000
v -66.33330000 185.00000000 626.50000000 0.34117647 0.20784314 0.20392157
v -65.50000000 185.33300000 626.83300000 0.34117647 0.20784314 0.20392157
v -64.66670000 185.50000000 627.83300000 0.34901961 0.21568627 0.21960784
v -63.66670000 185.16700000 627.66700000 0.34901961 0.21568627 0.21176471
v -62.83330000 185.33300000 628.33300000 0.34901961 0.20784314 0.20784314
v -62.83330000 185.50000000 628.83300000 0.36078431 0.22352941 0.20784314
v -61.83330000 185.66700000 629.16700000 0.38823529 0.23137255 0.22352941
v -61.00000000 185.83300000 629.00000000 0.40392157 0.23529412 0.21176471
v -60.83330000 185.83300000 629.33300000 0.41176471 0.22352941 0.20784314
v -58.33330000 186.00000000 628.33300000 0.45882353 0.26666667 0.24705882
v -58.00000000 185.83300000 628.00000000 0.46666667 0.27450980 0.25490196
v -57.00000000 185.83300000 628.00000000 0.46666667 0.26666667 0.25098039
v -56.00000000 185.50000000 627.33300000 0.47450980 0.26666667 0.25098039
v -55.00000000 185.00000000 626.83300000 0.49019608 0.26274510 0.24705882
v -54.00000000 185.00000000 626.33300000 0.53725490 0.30588235 0.28235294
v -53.00000000 185.00000000 626.33300000 0.54901961 0.31372549 0.28235294
v -52.00000000 185.00000000 626.66700000 0.54117647 0.30588235 0.27450980
v -51.66670000 185.00000000 626.66700000 0.54117647 0.30588235 0.26666667
v -51.00000000 185.00000000 626.33300000 0.53333333 0.29803922 0.25882353
v -50.00000000 185.00000000 626.83300000 0.53333333 0.29803922 0.25490196
v -49.83330000 185.00000000 626.83300000 0.53725490 0.30196078 0.25882353
v -49.00000000 185.00000000 627.00000000 0.54901961 0.31372549 0.27058824
v -48.00000000 185.00000000 627.00000000 0.59215686 0.34901961 0.30588235
v -48.00000000 185.66700000 627.66700000 0.60784314 0.36078431 0.30196078
v -45.00000000 186.00000000 629.83300000 0.63137255 0.37254902 0.31764706
v -44.00000000 186.00000000 630.16700000 0.67058824 0.41176471 0.35686275
v -43.00000000 186.50000000 631.50000000 0.71372549 0.45490196 0.40000000
v -42.16670000 187.00000000 632.16700000 0.71372549 0.45490196 0.39215686
v -67.16670000 185.66700000 625.83300000 0.32941176 0.20784314 0.20000000
v -66.33330000 185.83300000 626.66700000 0.34117647 0.20784314 0.21176471
v -65.50000000 185.66700000 627.00000000 0.33725490 0.20392157 0.20784314
v -65.33330000 185.83300000 627.00000000 0.34117647 0.20784314 0.21176471
v -64.66670000 186.00000000 627.50000000 0.34901961 0.21568627 0.21960784
v -63.66670000 186.16700000 627.66700000 0.34117647 0.21960784 0.21176471
v -62.83330000 186.16700000 628.16700000 0.36078431 0.22352941 0.20784314
v -61.83330000 186.33300000 628.66700000 0.38823529 0.23137255 0.22352941
v -61.00000000 186.00000000 628.50000000 0.40392157 0.23529412 0.21176471
v -60.83330000 186.16700000 628.83300000 0.41176471 0.22352941 0.20784314
v -60.00000000 186.00000000 628.16700000 0.41568627 0.23137255 0.20784314
v -59.00000000 186.00000000 628.16700000 0.44313725 0.24313725 0.22745098
v -58.00000000 186.00000000 627.16700000 0.47058824 0.26274510 0.24705882
v -57.00000000 186.00000000 626.83300000 0.47450980 0.26666667 0.25098039
v -56.00000000 186.00000000 626.66700000 0.47843137 0.27058824 0.25490196
v -55.83330000 185.83300000 626.16700000 0.48235294 0.27450980 0.25098039
v -55.00000000 185.83300000 626.16700000 0.47843137 0.26274510 0.24313725
v -54.00000000 185.33300000 625.33300000 0.48627451 0.27058824 0.24313725
v -53.33330000 185.33300000 625.33300000 0.52156863 0.29803922 0.27058824
v -53.00000000 185.33300000 625.33300000 0.52549020 0.29411765 0.26274510
v -52.00000000 185.66700000 625.66700000 0.50588235 0.27450980 0.24313725
v -51.00000000 185.66700000 625.66700000 0.49411765 0.26274510 0.23137255
v -51.00000000 185.33300000 625.33300000 0.49803922 0.26666667 0.23529412
v -50.00000000 185.83300000 625.83300000 0.49803922 0.27058824 0.22745098
v -49.00000000 185.83300000 625.83300000 0.49803922 0.27058824 0.22745098
v -47.83330000 186.00000000 626.83300000 0.60392157 0.35294118 0.30588235
v -46.00000000 186.00000000 627.83300000 0.63921569 0.38039216 0.32549020
v -45.83330000 186.00000000 627.83300000 0.63529412 0.37647059 0.32156863
v -43.00000000 187.00000000 630.83300000 0.71372549 0.45490196 0.40000000
v -42.00000000 187.00000000 631.16700000 0.71764706 0.45882353 0.40392157
v -42.00000000 187.16700000 632.00000000 0.72941176 0.47058824 0.41568627
v -41.00000000 187.16700000 632.00000000 0.72549020 0.47843137 0.41176471
v -67.16670000 186.00000000 625.83300000 0.33333333 0.20000000 0.19607843
v -66.33330000 186.33300000 626.33300000 0.33725490 0.20392157 0.20784314
v -65.50000000 186.50000000 626.83300000 0.33725490 0.19607843 0.20392157
v -65.33330000 186.66700000 627.00000000 0.33333333 0.20000000 0.20392157
v -64.66670000 186.66700000 627.50000000 0.34509804 0.21176471 0.21568627
v -63.66670000 186.83300000 627.66700000 0.34509804 0.22352941 0.21568627
v -62.83330000 186.83300000 628.16700000 0.35294118 0.21960784 0.21568627
v -62.83330000 186.66700000 628.16700000 0.35686275 0.21960784 0.20392157
v -61.83330000 186.83300000 628.16700000 0.38431373 0.22745098 0.21960784
v -61.00000000 186.83300000 628.50000000 0.40392157 0.23529412 0.21176471
v -60.16670000 187.00000000 628.00000000 0.40784314 0.21960784 0.20392157
v -60.00000000 187.00000000 628.00000000 0.40784314 0.22352941 0.20000000
v -59.00000000 187.00000000 627.33300000 0.43921569 0.23921569 0.22352941
v -58.00000000 186.50000000 626.66700000 0.47450980 0.25882353 0.24705882
v -57.00000000 186.50000000 626.66700000 0.47843137 0.27058824 0.25490196
v -56.00000000 186.16700000 625.83300000 0.48627451 0.27843137 0.26274510
v -55.66670000 186.16700000 625.83300000 0.48627451 0.27843137 0.25490196
v -55.00000000 186.00000000 625.16700000 0.46274510 0.25490196 0.23137255
v -54.00000000 186.00000000 625.16700000 0.44705882 0.23921569 0.20784314
v -53.33330000 186.00000000 625.00000000 0.45490196 0.24705882 0.21568627
v -53.00000000 186.00000000 624.50000000 0.47058824 0.25490196 0.22745098
v -48.00000000 186.00000000 625.33300000 0.59215686 0.34117647 0.30588235
v -47.00000000 186.00000000 625.83300000 0.60784314 0.35686275 0.30980392
v -46.00000000 186.83300000 626.83300000 0.64313725 0.38431373 0.32941176
v -45.00000000 186.83300000 626.83300000 0.64313725 0.38431373 0.32941176
v -44.00000000 187.00000000 628.16700000 0.65490196 0.39607843 0.34117647
v -43.00000000 187.83300000 629.83300000 0.69803922 0.45098039 0.39215686
v -67.16670000 187.00000000 625.83300000 0.30980392 0.19215686 0.19215686
v -66.33330000 187.00000000 626.00000000 0.32156863 0.19607843 0.20000000
v -65.50000000 186.83300000 626.33300000 0.32549020 0.19215686 0.19607843
v -65.16670000 187.00000000 626.83300000 0.32941176 0.19607843 0.19215686
v -64.66670000 187.00000000 627.16700000 0.36078431 0.20784314 0.21176471
v -63.83330000 187.33300000 627.16700000 0.36470588 0.21568627 0.21176471
v -62.66670000 187.66700000 627.83300000 0.37254902 0.21176471 0.20392157
v -61.83330000 187.66700000 627.83300000 0.39607843 0.21568627 0.21568627
v -61.00000000 187.83300000 627.83300000 0.40392157 0.22745098 0.21568627
v -60.16670000 187.66700000 627.83300000 0.40784314 0.21960784 0.21176471
v -60.00000000 187.33300000 627.33300000 0.41176471 0.22352941 0.21568627
v -59.00000000 187.16700000 627.16700000 0.41960784 0.23137255 0.22352941
v -58.00000000 187.00000000 626.33300000 0.45490196 0.26274510 0.24705882
v -57.00000000 187.00000000 625.66700000 0.46274510 0.27058824 0.25098039
v -56.00000000 187.00000000 625.66700000 0.47843137 0.27843137 0.26274510
v -55.16670000 186.66700000 624.83300000 0.48235294 0.27450980 0.25098039
v -55.00000000 186.50000000 624.50000000 0.46274510 0.25490196 0.23921569
v -54.00000000 186.50000000 624.33300000 0.44313725 0.24313725 0.22745098
v -53.00000000 186.33300000 624.00000000 0.42352941 0.22745098 0.22352941
v -52.00000000 186.00000000 623.66700000 0.42352941 0.22352941 0.21960784
v -51.00000000 186.00000000 623.66700000 0.43921569 0.23137255 0.21568627
v -50.00000000 186.00000000 624.00000000 0.54117647 0.30980392 0.28627451
v -49.00000000 186.00000000 624.00000000 0.56078431 0.31372549 0.28627451
v -49.00000000 186.16700000 624.16700000 0.57647059 0.32549020 0.28627451
v -48.00000000 186.16700000 624.16700000 0.60000000 0.34117647 0.29411765
v -47.00000000 186.83300000 624.83300000 0.61176471 0.34509804 0.29411765
v -44.00000000 187.33300000 627.33300000 0.65490196 0.39607843 0.34117647
v -42.00000000 188.00000000 629.16700000 0.72156863 0.46274510 0.40000000
v -41.00000000 188.00000000 630.50000000 0.74117647 0.49411765 0.43529412
v -67.16670000 187.50000000 625.50000000 0.30980392 0.19215686 0.19215686
v -66.50000000 187.50000000 625.83300000 0.31372549 0.19215686 0.18431373
v -65.50000000 187.50000000 626.33300000 0.32549020 0.19215686 0.18823529
v -64.66670000 187.66700000 626.33300000 0.33333333 0.20000000 0.19215686
v -63.83330000 188.00000000 627.16700000 0.36078431 0.21176471 0.20000000
v -62.83330000 187.50000000 627.00000000 0.36862745 0.20784314 0.20000000
v -62.50000000 187.66700000 627.50000000 0.37254902 0.21176471 0.19607843
v -61.83330000 187.83300000 627.33300000 0.39607843 0.21960784 0.20784314
v -61.00000000 188.00000000 627.66700000 0.40784314 0.23137255 0.21960784
v -60.00000000 188.00000000 627.00000000 0.41568627 0.22352941 0.20784314
v -57.33330000 187.33300000 625.33300000 0.45490196 0.25490196 0.24313725
v -57.00000000 187.33300000 625.33300000 0.47058824 0.27058824 0.25490196
v -56.00000000 187.16700000 624.66700000 0.49411765 0.28627451 0.27058824
v -55.00000000 187.00000000 623.83300000 0.47843137 0.26274510 0.24313725
v -54.00000000 186.83300000 623.33300000 0.44705882 0.24705882 0.23137255
v -53.00000000 186.83300000 623.33300000 0.42352941 0.22352941 0.20784314
v -52.66670000 186.66700000 623.00000000 0.42352941 0.22352941 0.21176471
v -52.00000000 186.83300000 623.16700000 0.45098039 0.23921569 0.23137255
v -51.00000000 186.66700000 622.66700000 0.46666667 0.25882353 0.24313725
v -50.66670000 186.66700000 622.66700000 0.50196078 0.27450980 0.25882353
v -46.00000000 187.00000000 624.66700000 0.65098039 0.38823529 0.32549020
v -45.00000000 187.00000000 624.83300000 0.65882353 0.39607843 0.33333333
v -45.00000000 187.83300000 625.83300000 0.65490196 0.39607843 0.33333333
v -43.16670000 188.00000000 627.16700000 0.67058824 0.41176471 0.34901961
v -43.00000000 188.00000000 627.66700000 0.72156863 0.46274510 0.40000000
v -42.00000000 188.33300000 628.33300000 0.72941176 0.47058824 0.40784314
v -40.00000000 189.00000000 630.33300000 0.74117647 0.49411765 0.43529412
v -67.16670000 188.00000000 625.33300000 0.30588235 0.18823529 0.18823529
v -66.50000000 188.00000000 625.83300000 0.30980392 0.18823529 0.18039216
v -65.50000000 188.00000000 625.83300000 0.32549020 0.19215686 0.18823529
v -64.66670000 188.16700000 626.33300000 0.33725490 0.20392157 0.19607843
v -63.83330000 188.50000000 627.16700000 0.35686275 0.20784314 0.19607843
v -62.83330000 188.50000000 627.00000000 0.36862745 0.20784314 0.20000000
v -62.16670000 188.66700000 627.16700000 0.37254902 0.21176471 0.19607843
v -61.83330000 188.83300000 627.33300000 0.39607843 0.21960784 0.20784314
v -61.00000000 188.83300000 626.83300000 0.40784314 0.23137255 0.21960784
v -60.00000000 188.83300000 626.83300000 0.41176471 0.22352941 0.21568627
v -60.00000000 188.33300000 626.33300000 0.41176471 0.21960784 0.20392157
v -59.00000000 188.00000000 626.00000000 0.41960784 0.22745098 0.21176471
v -58.00000000 188.00000000 625.16700000 0.43137255 0.23921569 0.22352941
v -57.16670000 188.00000000 624.66700000 0.45098039 0.25098039 0.23921569
v -56.00000000 187.50000000 623.66700000 0.49411765 0.28627451 0.27058824
v -55.00000000 187.33300000 623.33300000 0.49803922 0.28235294 0.26274510
v -55.00000000 187.16700000 622.83300000 0.47843137 0.26274510 0.24313725
v -54.00000000 187.16700000 622.66700000 0.45490196 0.24705882 0.23137255
v -53.00000000 187.00000000 622.50000000 0.43137255 0.22352941 0.20784314
v -52.33330000 187.00000000 622.33300000 0.42745098 0.22745098 0.21568627
v -52.00000000 187.00000000 622.33300000 0.47450980 0.26274510 0.25490196
v -51.00000000 187.00000000 622.16700000 0.49019608 0.28235294 0.25882353
v -49.00000000 187.00000000 622.16700000 0.55686275 0.31372549 0.27058824
v -48.66670000 187.00000000 622.66700000 0.57254902 0.32156863 0.27450980
v -48.00000000 187.00000000 622.66700000 0.59607843 0.32941176 0.27843137
v -47.00000000 187.00000000 623.00000000 0.61568627 0.35294118 0.28627451
v -47.00000000 187.16700000 623.16700000 0.63921569 0.36862745 0.30588235
v -46.00000000 187.66700000 623.66700000 0.65882353 0.39607843 0.32941176
v -45.00000000 187.66700000 623.66700000 0.67843137 0.41568627 0.34901961
v -44.00000000 188.00000000 625.33300000 0.66666667 0.40392157 0.34117647
v -43.00000000 188.16700000 626.16700000 0.65882353 0.39607843 0.32941176
v -43.00000000 188.50000000 626.66700000 0.74117647 0.47843137 0.41176471
v -41.16670000 189.00000000 628.16700000 0.74509804 0.48627451 0.42352941
v -41.00000000 189.00000000 628.83300000 0.74117647 0.49411765 0.43529412
v -40.00000000 189.66700000 629.66700000 0.73725490 0.49019608 0.43137255
v -66.66670000 188.50000000 625.00000000 0.30588235 0.18823529 0.18823529
v -66.50000000 188.83300000 625.66700000 0.30980392 0.19215686 0.18431373
v -65.66670000 188.83300000 625.66700000 0.32549020 0.19215686 0.18823529
v -64.66670000 189.00000000 626.33300000 0.33333333 0.20000000 0.19215686
v -63.83330000 189.33300000 627.16700000 0.35686275 0.20784314 0.20392157
v -62.83330000 189.33300000 626.83300000 0.36862745 0.20392157 0.20784314
v -62.16670000 189.50000000 627.00000000 0.37254902 0.21176471 0.20392157
v -61.83330000 189.00000000 626.66700000 0.39215686 0.21960784 0.21568627
v -61.00000000 189.00000000 626.66700000 0.40392157 0.22745098 0.21568627
v -60.00000000 189.00000000 625.83300000 0.40392157 0.22745098 0.21568627
v -59.83330000 189.00000000 625.83300000 0.41176471 0.22352941 0.21568627
v -58.00000000 188.33300000 624.33300000 0.43137255 0.23529412 0.23137255
v -57.00000000 188.16700000 624.16700000 0.45098039 0.25098039 0.24705882
v -57.00000000 188.00000000 623.50000000 0.47450980 0.26666667 0.25098039
v -56.00000000 188.00000000 623.33300000 0.48627451 0.27843137 0.26274510
v -55.00000000 188.00000000 622.33300000 0.48235294 0.26666667 0.24705882
v -54.33330000 188.00000000 622.33300000 0.47058824 0.25490196 0.23529412
v -54.00000000 187.50000000 621.66700000 0.46274510 0.25490196 0.23921569
v -53.00000000 187.50000000 621.66700000 0.44313725 0.23529412 0.21960784
v -52.00000000 187.33300000 621.33300000 0.45882353 0.25882353 0.24705882
v -52.00000000 187.16700000 621.16700000 0.48627451 0.28627451 0.27450980
v -51.00000000 187.16700000 621.16700000 0.49803922 0.29019608 0.27450980
v -50.00000000 187.00000000 621.00000000 0.50588235 0.29019608 0.27058824
v -50.00000000 187.16700000 621.16700000 0.53725490 0.30588235 0.27450980
v -49.00000000 187.16700000 621.16700000 0.56470588 0.32156863 0.27843137
v -48.00000000 187.50000000 621.50000000 0.58039216 0.32941176 0.28235294
v -48.00000000 187.66700000 621.66700000 0.60000000 0.33333333 0.28235294
v -46.16670000 188.00000000 622.16700000 0.62745098 0.35686275 0.29411765
v -44.00000000 188.33300000 624.33300000 0.67843137 0.41568627 0.34901961
v -42.00000000 189.00000000 626.16700000 0.73333333 0.47450980 0.41176471
v -41.00000000 189.16700000 627.16700000 0.74509804 0.48627451 0.42352941
v -41.00000000 189.66700000 627.66700000 0.74117647 0.49411765 0.43529412
v -66.66670000 189.33300000 625.16700000 0.30196078 0.18823529 0.19607843
v -66.50000000 189.50000000 625.66700000 0.30980392 0.19215686 0.19215686
v -65.66670000 189.33300000 625.83300000 0.31764706 0.19215686 0.19607843
v -64.66670000 189.33300000 626.33300000 0.32156863 0.20000000 0.19215686
v -64.50000000 189.50000000 626.50000000 0.33725490 0.19607843 0.19607843
v -63.83330000 189.50000000 626.83300000 0.34901961 0.21176471 0.20392157
v -62.83330000 189.66700000 626.83300000 0.36078431 0.20392157 0.20392157
v -62.00000000 189.66700000 626.50000000 0.37254902 0.21568627 0.20784314
v -61.83330000 189.83300000 626.66700000 0.39607843 0.22352941 0.21960784
v -61.00000000 189.83300000 626.00000000 0.39607843 0.22352941 0.21176471
v -60.00000000 189.33300000 625.16700000 0.40392157 0.22745098 0.21568627
v -59.16670000 189.16700000 625.00000000 0.41176471 0.23529412 0.22352941
v -59.00000000 189.00000000 624.33300000 0.42745098 0.23921569 0.23137255
v -58.00000000 189.00000000 623.66700000 0.43529412 0.24705882 0.23921569
v -57.00000000 189.00000000 623.33300000 0.45098039 0.25490196 0.25098039
v -57.00000000 188.66700000 623.00000000 0.47058824 0.27058824 0.25882353
v -56.00000000 188.50000000 622.50000000 0.48235294 0.28235294 0.27058824
v -55.00000000 188.33300000 622.00000000 0.48235294 0.27450980 0.25882353
v -54.00000000 188.00000000 621.33300000 0.47058824 0.26274510 0.24705882
v -48.00000000 188.00000000 620.66700000 0.59215686 0.34117647 0.29411765
v -47.00000000 188.00000000 621.33300000 0.62352941 0.36078431 0.29411765
v -46.00000000 188.00000000 621.33300000 0.63137255 0.36078431 0.29803922
v -45.00000000 188.00000000 621.83300000 0.67058824 0.40000000 0.33725490
v -44.66670000 188.66700000 622.66700000 0.69803922 0.43529412 0.36862745
v -44.00000000 188.83300000 623.00000000 0.69019608 0.42745098 0.36078431
v -42.00000000 189.16700000 625.16700000 0.73725490 0.47843137 0.41568627
v -41.00000000 189.83300000 625.83300000 0.74901961 0.49019608 0.42745098
v -40.00000000 190.00000000 627.33300000 0.74509804 0.49803922 0.43921569
v -39.00000000 190.33300000 628.33300000 0.75294118 0.50588235 0.44705882
v -66.66670000 189.66700000 625.16700000 0.30588235 0.19215686 0.20000000
v -66.50000000 189.83300000 625.50000000 0.30588235 0.19607843 0.19215686
v -65.66670000 190.00000000 625.50000000 0.31372549 0.18823529 0.19215686
v -64.66670000 190.33300000 626.16700000 0.31764706 0.19607843 0.18823529
v -64.00000000 190.33300000 626.16700000 0.33725490 0.19607843 0.19607843
v -63.83330000 190.50000000 626.50000000 0.34117647 0.20392157 0.19607843
v -62.83330000 190.50000000 626.33300000 0.35686275 0.20000000 0.20000000
v -62.00000000 190.66700000 626.66700000 0.37254902 0.21568627 0.20784314
v -61.83330000 190.33300000 626.00000000 0.38823529 0.22745098 0.21960784
v -61.00000000 190.00000000 625.33300000 0.39607843 0.22352941 0.21960784
v -60.00000000 190.00000000 625.16700000 0.39607843 0.22352941 0.21960784
v -59.00000000 189.83300000 624.16700000 0.41568627 0.23921569 0.22745098
v -59.00000000 189.33300000 623.50000000 0.43529412 0.24705882 0.23921569
v -58.00000000 189.33300000 622.83300000 0.43529412 0.24705882 0.23921569
v -57.00000000 189.33300000 622.83300000 0.44705882 0.25098039 0.24705882
v -56.66670000 189.00000000 622.00000000 0.46666667 0.26666667 0.25490196
v -56.00000000 189.00000000 621.83300000 0.48235294 0.28235294 0.27058824
v -55.00000000 188.66700000 621.00000000 0.48627451 0.27843137 0.26274510
v -54.00000000 188.66700000 621.00000000 0.48627451 0.27843137 0.26274510
v -54.00000000 188.33300000 620.33300000 0.46666667 0.25882353 0.24313725
v -53.00000000 188.00000000 620.00000000 0.41568627 0.20784314 0.19215686
v -52.00000000 188.00000000 619.33300000 0.41176471 0.21176471 0.20000000
v -51.00000000 188.00000000 619.33300000 0.45098039 0.24313725 0.22745098
v -50.00000000 188.00000000 619.00000000 0.50588235 0.29019608 0.27058824
v -49.00000000 188.00000000 619.16700000 0.58039216 0.34509804 0.30588235
v -48.00000000 188.16700000 619.66700000 0.61960784 0.35294118 0.30196078
v -47.00000000 188.33300000 620.16700000 0.63137255 0.36862745 0.30196078
v -46.00000000 188.33300000 620.33300000 0.64313725 0.37254902 0.30980392
v -46.00000000 188.66700000 620.66700000 0.67058824 0.40000000 0.33725490
v -45.00000000 188.83300000 620.83300000 0.67843137 0.40784314 0.34509804
v -43.00000000 189.00000000 622.66700000 0.67843137 0.41568627 0.35294118
v -42.33330000 189.33300000 623.33300000 0.70588235 0.44313725 0.38039216
v -40.00000000 190.33300000 626.33300000 0.76078431 0.50196078 0.43921569
v -66.66670000 190.66700000 625.00000000 0.30196078 0.18823529 0.19607843
v -66.50000000 190.66700000 625.16700000 0.30196078 0.19215686 0.18823529
v -65.66670000 190.66700000 625.66700000 0.31372549 0.18823529 0.19215686
v -64.83330000 190.83300000 626.00000000 0.32156863 0.20000000 0.19215686
v -64.00000000 190.66700000 626.16700000 0.33725490 0.19607843 0.19607843
v -63.83330000 191.16700000 626.16700000 0.33725490 0.20000000 0.19215686
v -62.83330000 191.00000000 626.00000000 0.35686275 0.20000000 0.20000000
v -62.00000000 190.83300000 625.83300000 0.37254902 0.21568627 0.20784314
v -61.33330000 190.83300000 625.00000000 0.39215686 0.23137255 0.22352941
v -61.00000000 190.83300000 624.83300000 0.39215686 0.21960784 0.21568627
v -60.00000000 190.33300000 624.16700000 0.39215686 0.21960784 0.21568627
v -59.00000000 190.16700000 624.00000000 0.41176471 0.23529412 0.22352941
v -59.00000000 190.00000000 623.16700000 0.43529412 0.24705882 0.23921569
v -58.00000000 190.00000000 622.66700000 0.43137255 0.24313725 0.22745098
v -57.00000000 189.83300000 622.16700000 0.44313725 0.25098039 0.23529412
v -56.00000000 189.66700000 621.66700000 0.46666667 0.26666667 0.25098039
v -56.00000000 189.33300000 620.83300000 0.47843137 0.27843137 0.26274510
v -55.00000000 189.00000000 620.50000000 0.48235294 0.27450980 0.25882353
v -51.66670000 189.00000000 618.66700000 0.42745098 0.22745098 0.21568627
v -49.66670000 189.00000000 618.66700000 0.56470588 0.33333333 0.30980392
v -47.66670000 189.00000000 619.00000000 0.61176471 0.34509804 0.29411765
v -45.00000000 189.00000000 619.83300000 0.67450980 0.40392157 0.34117647
v -44.00000000 189.00000000 620.50000000 0.69019608 0.41960784 0.35686275
v -43.00000000 189.66700000 621.66700000 0.66666667 0.40784314 0.34509804
v -42.00000000 189.83300000 621.83300000 0.67058824 0.41176471 0.34901961
v -41.00000000 190.00000000 623.33300000 0.76078431 0.50196078 0.43921569
v -40.83330000 190.16700000 624.00000000 0.74901961 0.49019608 0.42745098
v -40.00000000 190.66700000 624.83300000 0.76078431 0.50196078 0.43921569
v -39.00000000 191.00000000 626.33300000 0.75294118 0.49411765 0.43137255
v -38.00000000 191.66700000 627.83300000 0.75294118 0.50588235 0.44705882
v -66.66670000 191.00000000 624.66700000 0.29411765 0.18431373 0.18039216
v -66.50000000 191.00000000 625.00000000 0.29803922 0.18823529 0.18431373
v -65.66670000 191.16700000 625.16700000 0.31372549 0.18823529 0.19215686
v -64.83330000 191.50000000 625.83300000 0.32549020 0.20392157 0.19607843
v -64.00000000 191.33300000 626.00000000 0.33333333 0.19215686 0.19215686
v -63.83330000 191.66700000 625.83300000 0.33725490 0.20000000 0.19215686
v -62.83330000 191.66700000 625.66700000 0.35686275 0.20000000 0.20000000
v -62.00000000 191.50000000 625.16700000 0.37254902 0.21568627 0.20784314
v -61.33330000 191.33300000 625.00000000 0.39215686 0.23137255 0.22352941
v -61.00000000 191.00000000 623.83300000 0.39215686 0.21960784 0.20784314
v -60.00000000 191.00000000 623.83300000 0.38431373 0.21176471 0.20000000
v -59.00000000 190.83300000 623.00000000 0.40000000 0.22352941 0.21176471
v -59.00000000 190.33300000 622.50000000 0.42745098 0.23921569 0.23137255
v -58.00000000 190.16700000 621.66700000 0.43921569 0.25490196 0.23137255
v -57.00000000 190.00000000 621.50000000 0.45098039 0.25882353 0.23921569
v -55.00000000 189.50000000 619.50000000 0.47843137 0.27058824 0.24705882
v -54.00000000 189.00000000 619.00000000 0.49019608 0.28235294 0.25882353
v -53.00000000 189.00000000 618.16700000 0.43137255 0.22352941 0.20784314
v -52.00000000 189.00000000 618.16700000 0.41176471 0.20392157 0.18823529
v -51.00000000 189.00000000 617.66700000 0.51372549 0.29803922 0.28627451
v -50.00000000 189.00000000 617.50000000 0.54117647 0.31372549 0.29803922
v -49.00000000 189.00000000 617.50000000 0.56470588 0.33333333 0.30980392
v -48.00000000 189.00000000 618.00000000 0.60392157 0.34509804 0.29803922
v -47.33330000 189.00000000 618.00000000 0.61960784 0.35294118 0.30196078
v -47.00000000 189.00000000 618.16700000 0.62352941 0.36078431 0.29411765
v -46.00000000 189.00000000 618.16700000 0.64705882 0.38431373 0.31764706
v -45.50000000 189.00000000 618.50000000 0.65882353 0.38823529 0.32549020
v -45.00000000 189.66700000 618.66700000 0.67843137 0.40784314 0.34509804
v -41.00000000 190.50000000 622.33300000 0.76078431 0.50196078 0.43921569
v -40.16670000 190.83300000 623.00000000 0.74117647 0.48627451 0.41568627
v -39.00000000 191.33300000 625.33300000 0.74901961 0.49411765 0.42352941
v -66.50000000 191.66700000 624.16700000 0.26274510 0.17647059 0.18823529
v -66.50000000 191.83300000 624.83300000 0.27843137 0.19215686 0.20000000
v -65.66670000 192.00000000 625.00000000 0.30196078 0.20000000 0.20392157
v -63.83330000 192.33300000 625.50000000 0.32941176 0.19607843 0.19215686
v -62.83330000 191.83300000 625.16700000 0.35294118 0.19607843 0.19607843
v -62.00000000 191.83300000 625.16700000 0.37254902 0.21176471 0.20392157
v -61.00000000 191.83300000 623.83300000 0.39607843 0.21960784 0.20784314
v -60.00000000 191.33300000 623.33300000 0.40000000 0.20392157 0.20000000
v -59.00000000 191.16700000 623.00000000 0.41176471 0.21960784 0.20000000
v -59.00000000 191.00000000 622.16700000 0.42745098 0.23529412 0.21568627
v -56.00000000 190.00000000 619.66700000 0.48235294 0.28235294 0.26666667
v -55.00000000 190.00000000 619.00000000 0.48627451 0.27843137 0.26274510
v -51.00000000 189.83300000 617.16700000 0.48627451 0.27058824 0.25098039
v -51.00000000 189.66700000 616.66700000 0.51764706 0.30196078 0.27450980
v -50.00000000 189.50000000 616.50000000 0.56078431 0.32941176 0.30588235
v -49.00000000 189.50000000 616.50000000 0.57647059 0.32941176 0.30196078
v -48.00000000 189.66700000 616.83300000 0.59607843 0.34901961 0.32941176
v -47.00000000 189.66700000 616.83300000 0.61960784 0.35686275 0.33333333
v -47.00000000 189.83300000 617.00000000 0.62745098 0.36078431 0.31764706
v -46.00000000 189.83300000 617.00000000 0.63921569 0.36470588 0.31764706
v -45.16670000 190.00000000 617.66700000 0.68627451 0.40392157 0.35686275
v -45.00000000 190.00000000 617.66700000 0.70196078 0.41960784 0.37254902
v -44.00000000 190.00000000 618.33300000 0.69803922 0.42745098 0.36862745
v -43.66670000 190.00000000 618.66700000 0.70980392 0.43921569 0.38039216
v -43.00000000 190.00000000 619.50000000 0.68627451 0.42352941 0.34901961
v -42.00000000 190.00000000 619.83300000 0.65882353 0.39607843 0.32156863
v -42.00000000 190.83300000 620.83300000 0.72549020 0.46274510 0.39607843
v -41.00000000 190.83300000 621.33300000 0.76078431 0.49803922 0.43137255
v -39.00000000 191.66700000 623.83300000 0.74901961 0.49019608 0.43529412
v -38.00000000 192.00000000 625.83300000 0.75294118 0.50196078 0.45490196
v -66.00000000 192.16700000 624.16700000 0.27843137 0.19607843 0.19215686
v -65.66670000 192.16700000 624.50000000 0.29803922 0.19607843 0.20000000
v -64.83330000 192.33300000 624.66700000 0.30588235 0.19607843 0.18431373
v -63.83330000 192.50000000 625.16700000 0.31764706 0.19607843 0.18823529
v -63.83330000 192.66700000 625.00000000 0.32941176 0.19607843 0.18823529
v -63.00000000 192.83300000 625.33300000 0.34901961 0.20000000 0.19607843
v -62.00000000 192.83300000 624.66700000 0.36470588 0.20784314 0.20000000
v -61.00000000 192.16700000 624.00000000 0.38039216 0.20784314 0.20392157
v -61.00000000 192.00000000 623.16700000 0.38039216 0.21176471 0.18823529
v -60.00000000 192.00000000 623.00000000 0.40000000 0.21176471 0.19607843
v -58.00000000 191.00000000 621.00000000 0.42745098 0.25098039 0.22745098
v -57.00000000 191.00000000 620.00000000 0.43529412 0.25098039 0.22745098
v -55.83330000 190.83300000 618.83300000 0.48235294 0.27450980 0.25882353
v -55.00000000 190.66700000 618.66700000 0.49019608 0.28235294 0.25882353
v -54.00000000 190.00000000 617.83300000 0.50588235 0.29019608 0.27058824
v -53.00000000 190.00000000 616.66700000 0.47450980 0.25882353 0.23921569
v -52.00000000 190.00000000 616.66700000 0.40784314 0.19215686 0.17254902
v -51.00000000 190.00000000 616.16700000 0.47450980 0.25882353 0.23921569
v -50.00000000 190.00000000 615.50000000 0.54117647 0.31764706 0.28235294
v -49.00000000 190.00000000 615.50000000 0.57647059 0.34509804 0.31372549
v -48.00000000 190.00000000 615.83300000 0.58431373 0.33725490 0.30980392
v -47.00000000 190.00000000 615.83300000 0.61176471 0.34901961 0.31764706
v -46.00000000 190.00000000 616.00000000 0.64705882 0.37254902 0.32549020
v -45.00000000 190.16700000 616.66700000 0.67058824 0.39607843 0.34901961
v -44.00000000 190.50000000 617.50000000 0.68235294 0.41176471 0.35294118
v -43.00000000 190.50000000 617.50000000 0.70196078 0.43137255 0.37254902
v -41.00000000 191.00000000 620.00000000 0.75686275 0.50196078 0.43137255
v -40.00000000 191.00000000 620.83300000 0.76078431 0.50588235 0.43529412
v -40.00000000 191.66700000 621.66700000 0.76470588 0.50588235 0.45098039
v -38.83330000 192.16700000 624.00000000 0.77254902 0.51372549 0.46666667
v -37.00000000 193.00000000 625.83300000 0.76862745 0.52156863 0.46274510
v -65.83330000 193.00000000 623.83300000 0.26274510 0.18431373 0.18039216
v -65.66670000 193.16700000 624.16700000 0.28235294 0.18823529 0.18823529
v -64.83330000 193.33300000 624.50000000 0.29019608 0.19215686 0.17647059
v -63.83330000 193.50000000 625.00000000 0.30980392 0.19215686 0.18431373
v -63.66670000 193.50000000 625.00000000 0.31764706 0.19607843 0.17647059
v -63.00000000 193.16700000 624.83300000 0.34117647 0.20392157 0.18823529
v -62.00000000 193.00000000 624.66700000 0.36078431 0.21568627 0.19215686
v -61.00000000 192.83300000 623.00000000 0.36470588 0.20784314 0.17647059
v -60.00000000 192.50000000 622.50000000 0.40000000 0.22352941 0.20000000
v -59.00000000 192.00000000 621.66700000 0.41568627 0.24313725 0.20784314
v -57.00000000 191.83300000 619.83300000 0.43921569 0.24705882 0.21960784
v -56.00000000 191.00000000 618.83300000 0.45882353 0.26274510 0.23529412
v -55.50000000 191.00000000 618.50000000 0.48627451 0.27058824 0.25098039
v -55.00000000 191.00000000 617.83300000 0.50196078 0.28627451 0.26666667
v -52.00000000 190.66700000 615.66700000 0.40000000 0.18431373 0.15686275
v -51.00000000 190.66700000 615.66700000 0.44705882 0.23137255 0.20392157
v -51.00000000 190.33300000 615.33300000 0.52941176 0.31764706 0.27843137
v -50.00000000 190.33300000 615.33300000 0.54901961 0.32549020 0.29019608
v -49.00000000 190.50000000 615.50000000 0.53725490 0.31372549 0.27843137
v -48.00000000 190.50000000 615.50000000 0.56078431 0.32549020 0.29411765
v -47.00000000 190.50000000 615.50000000 0.56470588 0.31372549 0.27843137
v -47.00000000 190.66700000 615.83300000 0.55686275 0.29803922 0.25098039
v -46.00000000 190.83300000 616.00000000 0.56470588 0.29803922 0.24705882
v -45.00000000 190.83300000 616.00000000 0.57254902 0.30588235 0.25490196
v -42.00000000 191.00000000 617.83300000 0.63921569 0.38431373 0.30588235
v -41.66670000 191.00000000 618.66700000 0.69803922 0.44313725 0.36470588
v -41.00000000 191.33300000 619.16700000 0.76470588 0.50980392 0.43921569
v -40.00000000 191.83300000 620.00000000 0.77647059 0.52156863 0.45098039
v -39.00000000 192.00000000 621.83300000 0.77254902 0.51372549 0.45882353
v -38.00000000 192.83300000 623.00000000 0.78039216 0.52156863 0.46666667
v -37.00000000 193.33300000 625.33300000 0.76862745 0.52156863 0.46274510
v -65.66670000 193.83300000 623.66700000 0.25098039 0.17647059 0.16078431
v -65.66670000 194.00000000 624.33300000 0.26666667 0.17254902 0.16470588
v -64.83330000 193.83300000 624.66700000 0.27450980 0.17647059 0.15686275
v -63.83330000 194.00000000 625.00000000 0.30196078 0.18823529 0.17254902
v -63.50000000 193.83300000 624.83300000 0.31764706 0.20000000 0.16862745
v -63.00000000 193.83300000 624.83300000 0.34117647 0.20392157 0.18039216
v -62.00000000 193.83300000 624.16700000 0.36470588 0.21960784 0.18823529
v -61.00000000 193.66700000 623.66700000 0.36862745 0.20784314 0.18431373
v -61.00000000 193.00000000 622.66700000 0.36862745 0.21176471 0.17254902
v -60.00000000 193.00000000 621.66700000 0.39607843 0.22352941 0.18823529
v -58.00000000 192.50000000 620.50000000 0.41568627 0.23137255 0.19215686
v -58.00000000 192.00000000 620.00000000 0.42352941 0.23921569 0.20784314
v -57.00000000 192.00000000 619.00000000 0.44705882 0.25490196 0.22745098
v -55.00000000 191.50000000 617.50000000 0.48627451 0.27058824 0.25098039
v -55.00000000 191.33300000 617.33300000 0.50980392 0.29411765 0.26666667
v -54.00000000 191.00000000 616.66700000 0.52549020 0.30196078 0.27450980
v -53.00000000 191.00000000 615.66700000 0.53333333 0.31764706 0.29019608
v -52.00000000 191.00000000 615.66700000 0.41568627 0.20784314 0.17647059
v -51.00000000 191.00000000 614.66700000 0.40392157 0.19607843 0.16470588
v -50.50000000 191.00000000 614.50000000 0.50980392 0.30588235 0.26274510
v -48.50000000 191.00000000 614.50000000 0.44705882 0.21568627 0.18431373
v -46.00000000 191.00000000 615.16700000 0.54509804 0.27843137 0.23529412
v -45.00000000 191.00000000 615.33300000 0.58431373 0.31764706 0.26666667
v -44.00000000 191.00000000 615.83300000 0.65882353 0.39607843 0.32941176
v -43.00000000 191.00000000 615.83300000 0.68235294 0.41960784 0.35294118
v -43.00000000 191.83300000 616.83300000 0.69411765 0.43921569 0.36078431
v -42.00000000 191.83300000 616.83300000 0.68627451 0.43137255 0.35294118
v -40.00000000 192.00000000 619.33300000 0.78039216 0.52549020 0.45490196
v -38.00000000 193.50000000 623.50000000 0.78823529 0.52941176 0.48235294
v -65.66670000 194.16700000 623.33300000 0.24705882 0.17254902 0.15686275
v -65.66670000 194.33300000 623.66700000 0.25882353 0.16470588 0.15686275
v -64.83330000 194.50000000 624.16700000 0.26666667 0.16862745 0.14901961
v -63.83330000 194.50000000 624.33300000 0.29411765 0.18039216 0.16470588
v -63.33330000 194.66700000 624.66700000 0.31764706 0.20000000 0.16862745
v -63.00000000 194.66700000 624.33300000 0.34117647 0.20392157 0.18039216
v -62.00000000 194.33300000 624.16700000 0.36078431 0.21568627 0.18039216
v -61.00000000 194.00000000 623.16700000 0.37647059 0.21960784 0.18823529
v -60.83330000 193.83300000 622.16700000 0.38431373 0.21568627 0.18039216
v -60.00000000 193.66700000 621.66700000 0.39215686 0.21960784 0.18431373
v -59.00000000 193.00000000 620.83300000 0.40784314 0.22352941 0.18431373
v -58.00000000 193.00000000 619.00000000 0.43529412 0.25098039 0.21960784
v -57.00000000 192.66700000 618.66700000 0.45098039 0.25882353 0.23137255
v -56.00000000 192.00000000 617.83300000 0.46666667 0.27450980 0.24705882
v -55.00000000 192.00000000 616.66700000 0.50980392 0.30196078 0.27843137
v -53.00000000 191.83300000 615.66700000 0.52156863 0.30588235 0.27843137
v -52.66670000 191.66700000 615.16700000 0.55294118 0.33725490 0.30980392
v -52.00000000 191.66700000 614.66700000 0.46274510 0.25490196 0.22352941
v -51.00000000 191.50000000 614.50000000 0.35294118 0.14509804 0.11372549
v -50.50000000 191.50000000 614.50000000 0.41960784 0.22352941 0.18823529
v -50.00000000 191.00000000 614.00000000 0.39607843 0.18823529 0.15686275
v -49.00000000 191.00000000 614.00000000 0.38039216 0.17647059 0.13333333
v -48.00000000 191.00000000 614.00000000 0.47843137 0.24705882 0.21568627
v -47.00000000 191.00000000 614.00000000 0.54117647 0.29411765 0.25882353
v -46.16670000 191.16700000 614.16700000 0.58823529 0.32549020 0.29019608
v -46.00000000 191.16700000 614.16700000 0.62352941 0.35686275 0.31372549
v -45.00000000 191.33300000 614.33300000 0.67058824 0.40392157 0.35294118
v -44.50000000 191.50000000 614.50000000 0.71372549 0.44705882 0.39607843
v -44.00000000 191.83300000 614.83300000 0.72549020 0.46274510 0.39607843
v -42.00000000 192.00000000 616.33300000 0.70980392 0.44705882 0.37254902
v -41.00000000 192.00000000 616.83300000 0.68627451 0.42352941 0.34901961
v -40.00000000 192.33300000 618.33300000 0.78431373 0.52941176 0.45882353
v -39.00000000 193.00000000 620.00000000 0.78431373 0.52549020 0.46274510
v -38.00000000 193.00000000 621.00000000 0.79215686 0.53333333 0.47843137
v -37.00000000 194.00000000 623.83300000 0.79607843 0.53725490 0.48235294
v -65.83330000 194.83300000 622.83300000 0.24705882 0.17254902 0.15686275
v -65.50000000 194.83300000 623.33300000 0.25882353 0.16470588 0.15686275
v -64.83330000 195.16700000 624.16700000 0.26274510 0.16470588 0.14509804
v -64.00000000 195.00000000 624.33300000 0.29019608 0.17647059 0.16078431
v -63.00000000 194.83300000 623.66700000 0.33725490 0.20000000 0.17647059
v -62.00000000 195.00000000 623.83300000 0.35686275 0.21176471 0.17647059
v -61.00000000 194.83300000 622.83300000 0.38039216 0.22352941 0.19215686
v -60.33330000 194.33300000 622.16700000 0.39607843 0.22745098 0.19215686
v -60.00000000 194.00000000 621.16700000 0.39215686 0.21960784 0.18431373
v -59.00000000 194.00000000 620.83300000 0.40392157 0.21960784 0.18823529
v -58.00000000 193.83300000 619.83300000 0.42745098 0.24313725 0.21176471
v -57.66670000 193.00000000 618.66700000 0.43137255 0.25882353 0.22352941
v -57.00000000 193.00000000 617.66700000 0.45098039 0.26666667 0.23529412
v -56.00000000 192.83300000 617.50000000 0.46274510 0.27843137 0.24705882
v -55.00000000 192.66700000 616.50000000 0.48627451 0.29019608 0.26274510
v -54.00000000 192.00000000 615.66700000 0.52549020 0.31764706 0.29411765
v -53.00000000 192.00000000 614.66700000 0.52549020 0.31764706 0.28627451
v -52.66670000 192.00000000 614.50000000 0.54901961 0.34117647 0.30980392
v -51.00000000 192.00000000 613.66700000 0.36470588 0.16862745 0.13333333
v -44.00000000 192.00000000 614.00000000 0.70196078 0.43921569 0.37647059
v -43.00000000 192.00000000 614.50000000 0.72549020 0.46274510 0.39607843
v -43.00000000 192.50000000 615.50000000 0.73725490 0.47450980 0.40000000
v -42.00000000 192.50000000 615.50000000 0.72156863 0.45882353 0.38431373
v -39.00000000 193.16700000 619.16700000 0.79215686 0.53333333 0.47058824
v -36.16670000 195.00000000 624.16700000 0.81176471 0.54901961 0.48235294
v -36.00000000 195.16700000 625.16700000 0.77647059 0.51372549 0.43921569
v -64.83330000 195.33300000 622.83300000 0.25098039 0.16862745 0.15686275
v -64.83330000 195.50000000 623.33300000 0.25882353 0.16470588 0.14901961
v -64.00000000 195.66700000 623.66700000 0.28627451 0.17647059 0.16470588
v -63.00000000 195.66700000 623.33300000 0.29803922 0.18431373 0.16078431
v -62.00000000 195.16700000 623.00000000 0.35294118 0.21960784 0.18431373
v -61.00000000 195.00000000 622.66700000 0.38039216 0.22745098 0.20000000
v -60.00000000 194.83300000 621.00000000 0.39607843 0.22745098 0.20000000
v -59.00000000 194.33300000 620.33300000 0.40392157 0.22745098 0.20392157
v -58.00000000 194.00000000 619.66700000 0.41568627 0.23921569 0.21568627
v -57.33330000 194.00000000 618.33300000 0.42745098 0.25882353 0.22352941
v -57.00000000 193.66700000 617.66700000 0.44313725 0.27058824 0.23529412
v -56.00000000 193.00000000 616.83300000 0.45882353 0.28627451 0.25098039
v -55.00000000 193.00000000 616.50000000 0.49411765 0.30196078 0.27450980
v -54.83330000 192.83300000 615.66700000 0.51372549 0.31764706 0.29019608
v -54.00000000 192.83300000 614.66700000 0.52549020 0.31764706 0.29411765
v -53.00000000 192.66700000 614.50000000 0.53725490 0.33333333 0.29019608
v -52.00000000 192.00000000 613.50000000 0.54509804 0.34117647 0.29803922
v -52.00000000 192.66700000 613.50000000 0.52549020 0.32156863 0.27843137
v -51.00000000 192.16700000 613.00000000 0.46666667 0.26274510 0.21960784
v -50.00000000 192.00000000 612.66700000 0.37647059 0.16470588 0.12549020
v -49.00000000 192.00000000 612.66700000 0.33333333 0.12156863 0.07450980
v -48.00000000 192.00000000 612.50000000 0.54901961 0.31372549 0.27450980
v -47.00000000 192.00000000 612.66700000 0.61568627 0.36470588 0.32549020
v -46.00000000 192.00000000 612.83300000 0.65098039 0.38431373 0.34117647
v -45.00000000 192.00000000 613.00000000 0.69019608 0.42745098 0.36470588
v -44.00000000 192.50000000 613.50000000 0.70588235 0.44313725 0.38039216
v -43.00000000 192.83300000 614.33300000 0.73333333 0.47058824 0.39607843
v -42.00000000 193.00000000 615.33300000 0.74117647 0.47843137 0.40392157
v -41.00000000 193.00000000 615.33300000 0.71372549 0.45882353 0.38039216
v -40.00000000 193.00000000 617.00000000 0.77254902 0.52549020 0.45490196
v -38.00000000 194.00000000 620.00000000 0.78823529 0.54117647 0.48235294
v -37.00000000 195.00000000 622.50000000 0.80784314 0.54901961 0.49411765
v -36.00000000 195.83300000 623.83300000 0.80784314 0.55294118 0.48235294
v -64.83330000 195.66700000 622.16700000 0.24313725 0.16470588 0.16078431
v -64.83330000 196.00000000 623.00000000 0.25098039 0.16862745 0.15686275
v -64.00000000 195.83300000 622.83300000 0.27843137 0.17647059 0.17254902
v -63.00000000 195.83300000 623.16700000 0.29803922 0.18823529 0.17254902
v -62.83330000 195.83300000 622.83300000 0.32156863 0.20000000 0.18823529
v -62.00000000 196.00000000 623.00000000 0.35294118 0.21568627 0.19215686
v -61.00000000 195.83300000 622.00000000 0.37647059 0.22352941 0.20392157
v -60.00000000 195.66700000 621.66700000 0.38039216 0.22745098 0.20000000
v -60.00000000 195.00000000 620.66700000 0.39215686 0.23137255 0.20784314
v -59.00000000 195.00000000 620.33300000 0.40392157 0.23529412 0.21176471
v -58.00000000 194.83300000 618.83300000 0.40784314 0.23921569 0.21176471
v -57.33330000 194.33300000 618.16700000 0.42745098 0.25882353 0.22352941
v -57.00000000 194.00000000 617.16700000 0.44313725 0.27058824 0.22745098
v -56.00000000 193.83300000 616.16700000 0.46274510 0.29019608 0.25490196
v -55.00000000 193.83300000 615.66700000 0.50196078 0.30980392 0.28235294
v -54.83330000 193.00000000 614.66700000 0.50588235 0.31764706 0.27843137
v -54.00000000 193.00000000 614.66700000 0.52156863 0.31372549 0.28235294
v -53.00000000 193.00000000 613.66700000 0.54117647 0.33725490 0.29411765
v -44.00000000 193.00000000 612.66700000 0.71372549 0.45098039 0.38431373
v -43.00000000 193.00000000 613.33300000 0.73725490 0.48235294 0.40392157
v -42.83330000 193.50000000 614.33300000 0.74117647 0.48627451 0.40784314
v -42.00000000 193.50000000 614.50000000 0.73725490 0.48235294 0.40392157
v -39.00000000 194.00000000 617.66700000 0.78431373 0.53725490 0.47058824
v -36.00000000 196.00000000 623.00000000 0.81176471 0.55686275 0.48627451
v -64.83330000 196.33300000 621.50000000 0.22352941 0.16078431 0.16078431
v -63.83330000 196.50000000 622.33300000 0.26666667 0.18431373 0.17254902
v -63.00000000 196.50000000 622.16700000 0.29019608 0.19215686 0.17254902
v -62.50000000 196.50000000 622.16700000 0.31372549 0.20000000 0.18431373
v -62.00000000 196.33300000 622.16700000 0.34117647 0.21176471 0.18431373
v -61.00000000 196.16700000 621.83300000 0.36862745 0.22352941 0.20000000
v -59.00000000 195.33300000 619.33300000 0.39215686 0.23529412 0.20392157
v -58.00000000 195.00000000 618.83300000 0.41176471 0.24313725 0.21568627
v -57.00000000 195.00000000 617.83300000 0.43137255 0.26274510 0.23529412
v -57.00000000 194.83300000 617.00000000 0.43529412 0.25882353 0.23529412
v -56.00000000 194.33300000 616.16700000 0.46666667 0.28235294 0.25882353
v -55.00000000 194.00000000 615.00000000 0.49411765 0.30980392 0.28627451
v -54.66670000 193.83300000 614.50000000 0.50588235 0.31372549 0.28627451
v -54.00000000 193.83300000 614.00000000 0.51764706 0.32156863 0.29411765
v -53.00000000 193.83300000 613.66700000 0.53333333 0.33725490 0.30196078
v -52.00000000 193.00000000 612.66700000 0.56862745 0.35686275 0.30980392
v -51.00000000 193.00000000 612.16700000 0.51372549 0.29019608 0.24705882
v -50.00000000 193.00000000 611.33300000 0.58039216 0.34509804 0.30588235
v -49.00000000 193.00000000 611.33300000 0.59607843 0.36078431 0.31764706
v -48.00000000 193.00000000 611.33300000 0.61960784 0.36862745 0.32156863
v -47.00000000 193.00000000 611.66700000 0.62745098 0.36862745 0.32156863
v -46.00000000 193.00000000 611.66700000 0.66274510 0.40000000 0.33725490
v -45.00000000 193.00000000 611.83300000 0.70196078 0.43137255 0.37254902
v -44.00000000 193.33300000 612.33300000 0.72941176 0.45882353 0.40000000
v -44.00000000 193.50000000 612.50000000 0.74117647 0.47058824 0.41176471
v -43.00000000 193.83300000 612.83300000 0.74117647 0.47058824 0.41176471
v -42.50000000 193.83300000 613.33300000 0.74117647 0.47843137 0.41568627
v -41.00000000 194.00000000 614.33300000 0.73725490 0.47450980 0.40784314
v -40.00000000 194.00000000 615.83300000 0.78431373 0.52549020 0.46274510
v -39.00000000 194.66700000 616.66700000 0.79607843 0.53725490 0.47450980
v -38.00000000 195.00000000 619.00000000 0.80784314 0.54901961 0.48627451
v -37.00000000 196.00000000 621.33300000 0.78823529 0.54117647 0.47058824
v -64.83330000 196.50000000 620.66700000 0.20784314 0.15294118 0.14901961
v -64.66670000 196.66700000 621.50000000 0.23137255 0.17254902 0.16078431
v -63.83330000 196.83300000 621.66700000 0.26274510 0.18431373 0.18039216
v -63.00000000 196.83300000 622.16700000 0.28235294 0.18823529 0.17254902
v -62.33330000 196.83300000 622.00000000 0.30588235 0.19607843 0.18431373
v -62.00000000 196.83300000 622.00000000 0.32941176 0.20784314 0.18823529
v -61.00000000 196.83300000 621.33300000 0.35686275 0.21960784 0.20392157
v -60.00000000 196.66700000 621.00000000 0.36862745 0.22352941 0.20000000
v -60.00000000 196.00000000 619.66700000 0.37647059 0.22352941 0.20392157
v -59.00000000 196.00000000 618.83300000 0.38823529 0.22745098 0.20392157
v -58.00000000 195.83300000 618.00000000 0.40784314 0.23921569 0.21568627
v -57.00000000 195.16700000 617.00000000 0.42745098 0.25882353 0.23137255
v -56.83330000 195.16700000 616.66700000 0.43529412 0.25882353 0.23529412
v -56.00000000 194.83300000 615.66700000 0.46274510 0.27843137 0.25490196
v -55.00000000 194.83300000 615.00000000 0.49019608 0.30588235 0.28235294
v -54.33330000 194.33300000 614.16700000 0.50980392 0.31764706 0.29019608
v -54.00000000 194.16700000 613.83300000 0.52549020 0.32941176 0.30196078
v -53.00000000 194.00000000 613.00000000 0.53725490 0.34117647 0.30588235
v -44.00000000 194.00000000 611.83300000 0.72549020 0.45098039 0.40392157
v -43.00000000 194.00000000 612.50000000 0.73333333 0.47058824 0.40784314
v -42.16670000 194.00000000 613.00000000 0.74117647 0.47843137 0.41568627
v -42.00000000 194.00000000 613.16700000 0.74901961 0.48627451 0.42352941
v -39.00000000 195.00000000 616.50000000 0.80784314 0.54901961 0.48627451
v -36.00000000 197.00000000 622.16700000 0.81960784 0.56470588 0.49411765
v -36.00000000 197.16700000 623.16700000 0.83529412 0.58039216 0.50980392
v -35.00000000 198.00000000 624.66700000 0.80000000 0.54509804 0.47450980
v -64.00000000 197.50000000 620.66700000 0.21568627 0.16078431 0.14901961
v -63.83330000 197.50000000 621.00000000 0.24313725 0.17254902 0.16470588
v -63.00000000 197.50000000 621.16700000 0.26274510 0.18039216 0.16862745
v -62.00000000 197.50000000 621.33300000 0.29019608 0.18823529 0.18431373
v -62.00000000 197.33300000 621.00000000 0.32156863 0.20784314 0.19215686
v -61.00000000 197.16700000 620.66700000 0.34509804 0.21176471 0.20392157
v -60.00000000 197.00000000 619.50000000 0.37254902 0.22352941 0.21176471
v -59.00000000 196.66700000 618.66700000 0.38823529 0.23529412 0.21568627
v -58.00000000 196.00000000 617.66700000 0.40000000 0.23921569 0.22352941
v -57.00000000 196.00000000 617.00000000 0.42745098 0.25882353 0.23137255
v -56.83330000 195.83300000 616.00000000 0.43921569 0.26274510 0.23921569
v -56.00000000 195.50000000 615.33300000 0.46274510 0.27843137 0.25490196
v -55.00000000 195.00000000 614.66700000 0.48235294 0.29803922 0.27450980
v -54.00000000 195.00000000 613.50000000 0.52549020 0.32941176 0.30196078
v -53.00000000 194.66700000 612.83300000 0.54117647 0.34509804 0.30980392
v -52.00000000 194.16700000 612.16700000 0.56862745 0.35294118 0.32549020
v -52.00000000 194.00000000 611.83300000 0.58823529 0.37647059 0.32941176
v -51.00000000 194.00000000 611.33300000 0.57254902 0.34509804 0.30196078
v -50.00000000 194.00000000 610.83300000 0.50196078 0.27450980 0.23137255
v -49.00000000 194.00000000 610.83300000 0.60784314 0.36470588 0.32156863
v -47.00000000 194.00000000 610.00000000 0.61176471 0.36078431 0.31372549
v -46.00000000 194.00000000 610.83300000 0.63921569 0.37647059 0.31372549
v -45.00000000 194.00000000 611.00000000 0.69019608 0.42352941 0.37254902
v -44.00000000 194.33300000 611.33300000 0.72941176 0.46666667 0.40392157
v -43.00000000 194.83300000 611.83300000 0.73725490 0.47450980 0.41176471
v -42.00000000 194.83300000 612.00000000 0.74117647 0.48235294 0.41960784
v -40.00000000 195.00000000 614.66700000 0.75294118 0.50588235 0.43529412
v -39.00000000 195.50000000 615.50000000 0.80000000 0.55294118 0.48235294
v -38.00000000 196.00000000 617.66700000 0.81176471 0.56470588 0.49411765
v -37.00000000 197.00000000 620.16700000 0.81568627 0.56862745 0.49803922
v -36.00000000 197.83300000 621.83300000 0.82352941 0.56862745 0.49803922
v -35.00000000 198.66700000 624.66700000 0.84705882 0.59215686 0.52156863
v -64.00000000 197.66700000 620.16700000 0.19607843 0.14117647 0.12941176
v -63.00000000 197.83300000 620.83300000 0.25098039 0.16862745 0.15686275
v -62.00000000 197.83300000 620.66700000 0.28235294 0.18039216 0.17647059
v -61.00000000 197.83300000 620.66700000 0.33333333 0.21176471 0.20392157
v -60.00000000 197.66700000 619.83300000 0.34901961 0.21960784 0.20000000
v -60.00000000 197.50000000 619.50000000 0.36470588 0.22745098 0.21176471
v -59.00000000 197.00000000 618.50000000 0.38823529 0.23921569 0.22745098
v -58.00000000 197.00000000 617.33300000 0.40392157 0.24705882 0.23921569
v -57.00000000 196.33300000 616.33300000 0.42745098 0.25882353 0.23529412
v -56.83330000 196.00000000 615.83300000 0.43921569 0.26274510 0.24313725
v -56.00000000 196.00000000 614.83300000 0.46274510 0.27843137 0.25490196
v -54.00000000 195.66700000 613.66700000 0.49411765 0.30196078 0.27450980
v -54.00000000 195.50000000 613.50000000 0.51372549 0.31764706 0.29019608
v -53.00000000 195.00000000 612.16700000 0.53725490 0.34117647 0.30588235
v -51.00000000 194.83300000 610.83300000 0.59607843 0.36862745 0.32549020
v -50.00000000 194.83300000 610.83300000 0.52941176 0.30196078 0.25490196
v -49.66670000 194.66700000 610.66700000 0.54509804 0.30980392 0.26666667
v -49.00000000 194.83300000 610.83300000 0.58431373 0.34117647 0.29019608
v -48.00000000 194.00000000 610.00000000 0.58823529 0.34509804 0.29411765
v -41.00000000 195.00000000 613.00000000 0.73333333 0.47843137 0.40784314
v -40.33330000 195.33300000 613.33300000 0.72549020 0.47058824 0.40000000
v -39.00000000 196.00000000 615.16700000 0.80392157 0.54901961 0.47843137
v -37.16670000 197.00000000 618.16700000 0.81176471 0.56862745 0.48627451
v -37.00000000 197.83300000 620.00000000 0.81960784 0.57647059 0.49411765
v -36.00000000 198.00000000 621.33300000 0.83137255 0.57647059 0.50588235
v -35.00000000 199.00000000 624.50000000 0.86274510 0.60784314 0.53725490
v -64.00000000 197.83300000 618.83300000 0.17647059 0.13333333 0.12549020
v -63.83330000 197.83300000 619.33300000 0.21176471 0.14901961 0.14901961
v -63.00000000 198.16700000 619.66700000 0.23921569 0.16470588 0.14901961
v -62.00000000 198.33300000 619.83300000 0.27450980 0.18039216 0.17254902
v -61.00000000 198.16700000 619.66700000 0.32941176 0.21176471 0.20392157
v -60.00000000 198.16700000 619.50000000 0.34117647 0.21960784 0.20784314
v -59.66670000 198.00000000 618.83300000 0.36862745 0.23137255 0.22352941
v -59.00000000 197.83300000 618.33300000 0.38039216 0.24313725 0.22745098
v -58.00000000 197.33300000 617.16700000 0.40392157 0.24705882 0.23921569
v -57.00000000 197.00000000 616.16700000 0.43137255 0.26274510 0.23921569
v -56.50000000 196.83300000 615.33300000 0.43921569 0.26274510 0.24313725
v -56.00000000 196.83300000 614.83300000 0.45882353 0.27450980 0.25098039
v -55.00000000 196.00000000 613.83300000 0.47058824 0.28627451 0.26274510
v -54.00000000 196.00000000 612.50000000 0.50196078 0.30588235 0.27843137
v -53.00000000 195.66700000 611.66700000 0.52941176 0.33333333 0.29803922
v -52.00000000 195.16700000 611.16700000 0.56862745 0.35294118 0.32549020
v -52.00000000 195.00000000 611.00000000 0.57254902 0.36078431 0.31372549
v -51.00000000 195.00000000 610.33300000 0.59607843 0.36862745 0.32549020
v -50.00000000 195.00000000 610.00000000 0.54509804 0.31764706 0.27058824
v -49.00000000 195.00000000 609.83300000 0.55294118 0.30980392 0.25882353
v -46.00000000 195.00000000 609.83300000 0.65490196 0.38823529 0.33725490
v -45.00000000 195.00000000 610.00000000 0.68235294 0.41176471 0.35294118
v -44.00000000 195.00000000 610.33300000 0.70588235 0.44313725 0.38039216
v -43.00000000 195.00000000 610.83300000 0.72549020 0.46274510 0.40000000
v -42.00000000 195.00000000 610.83300000 0.73725490 0.47450980 0.41176471
v -42.00000000 195.83300000 611.83300000 0.74117647 0.47843137 0.41568627
v -40.00000000 196.00000000 613.00000000 0.74901961 0.49411765 0.42352941
v -39.00000000 196.66700000 614.66700000 0.80392157 0.54901961 0.47843137
v -38.00000000 197.00000000 616.83300000 0.80392157 0.54901961 0.47058824
v -36.00000000 198.83300000 621.00000000 0.83529412 0.58039216 0.50196078
v -36.00000000 199.00000000 622.50000000 0.82352941 0.56862745 0.49019608
v -35.00000000 199.83300000 624.33300000 0.84705882 0.59215686 0.51372549
v -34.50000000 200.00000000 625.33300000 0.71764706 0.46274510 0.38431373
v -64.00000000 198.50000000 618.00000000 0.16470588 0.12156863 0.11372549
v -63.66670000 198.66700000 618.16700000 0.20000000 0.13725490 0.13725490
v -62.00000000 198.66700000 618.83300000 0.26666667 0.17254902 0.16470588
v -61.66670000 198.66700000 619.00000000 0.29803922 0.20000000 0.18431373
v -61.00000000 198.66700000 619.00000000 0.32941176 0.21176471 0.20392157
v -60.00000000 198.66700000 618.33300000 0.33725490 0.22352941 0.20784314
v -59.50000000 198.50000000 618.16700000 0.36078431 0.22745098 0.21960784
v -59.00000000 198.00000000 617.33300000 0.37254902 0.24313725 0.22352941
v -58.00000000 198.00000000 616.83300000 0.39215686 0.24705882 0.22352941
v -57.00000000 197.83300000 615.83300000 0.42352941 0.25490196 0.23137255
v -56.50000000 197.50000000 615.33300000 0.43529412 0.25882353 0.23529412
v -56.00000000 197.00000000 614.33300000 0.45882353 0.27450980 0.24313725
v -54.00000000 196.66700000 612.66700000 0.47843137 0.29019608 0.25098039
v -53.83330000 196.00000000 611.83300000 0.49411765 0.29803922 0.26274510
v -53.00000000 196.00000000 611.50000000 0.52156863 0.32549020 0.29019608
v -52.00000000 196.00000000 611.00000000 0.57254902 0.36078431 0.31372549
v -49.00000000 195.83300000 609.83300000 0.53725490 0.30196078 0.25882353
v -48.00000000 195.00000000 609.00000000 0.59215686 0.34901961 0.29803922
v -47.00000000 195.00000000 609.00000000 0.62352941 0.37254902 0.32549020
v -46.00000000 195.83300000 609.83300000 0.67058824 0.40784314 0.34509804
v -45.83330000 195.83300000 609.83300000 0.68627451 0.41568627 0.35686275
v -41.00000000 196.00000000 612.00000000 0.74901961 0.48627451 0.41960784
v -40.00000000 196.16700000 612.16700000 0.77254902 0.50980392 0.44313725
v -39.00000000 197.00000000 614.00000000 0.80392157 0.54901961 0.47843137
v -37.00000000 198.00000000 617.16700000 0.80784314 0.56078431 0.49019608
v -36.00000000 199.16700000 620.66700000 0.83921569 0.58431373 0.50588235
v -35.00000000 200.16700000 624.00000000 0.84705882 0.59215686 0.52156863
v -34.50000000 200.83300000 625.33300000 0.76862745 0.51372549 0.44313725
v -63.00000000 198.66700000 617.16700000 0.17647059 0.12156863 0.12156863
v -63.00000000 198.83300000 617.66700000 0.21568627 0.14509804 0.13725490
v -62.00000000 199.00000000 617.83300000 0.24705882 0.16470588 0.16078431
v -61.50000000 199.16700000 618.33300000 0.28627451 0.19215686 0.17647059
v -61.00000000 199.00000000 618.16700000 0.32156863 0.21176471 0.20000000
v -60.00000000 199.00000000 618.00000000 0.33333333 0.22352941 0.20784314
v -59.00000000 198.83300000 617.16700000 0.36078431 0.23921569 0.22745098
v -58.00000000 198.50000000 616.50000000 0.38823529 0.23921569 0.22745098
v -57.00000000 198.00000000 615.83300000 0.41176471 0.25098039 0.22745098
v -56.00000000 197.83300000 613.83300000 0.45490196 0.27058824 0.23921569
v -55.00000000 197.00000000 613.00000000 0.47450980 0.28235294 0.25490196
v -54.00000000 197.00000000 612.50000000 0.47843137 0.29019608 0.25098039
v -53.66670000 197.00000000 611.66700000 0.48627451 0.29019608 0.25490196
v -53.00000000 197.00000000 611.16700000 0.52156863 0.31372549 0.28235294
v -52.00000000 196.50000000 610.50000000 0.55686275 0.34117647 0.31372549
v -51.00000000 196.16700000 610.16700000 0.57254902 0.36078431 0.31372549
v -51.00000000 196.00000000 610.00000000 0.58431373 0.35686275 0.31372549
v -50.00000000 196.00000000 609.50000000 0.57254902 0.34509804 0.29803922
v -49.00000000 196.00000000 609.16700000 0.57254902 0.32941176 0.27843137
v -48.00000000 196.00000000 608.83300000 0.61568627 0.37254902 0.32156863
v -47.00000000 196.00000000 608.66700000 0.63921569 0.38823529 0.34117647
v -46.00000000 196.00000000 608.83300000 0.66666667 0.40392157 0.34117647
v -45.00000000 196.00000000 609.00000000 0.68235294 0.41176471 0.35294118
v -44.00000000 196.00000000 609.00000000 0.69803922 0.42745098 0.36470588
v -43.33330000 196.00000000 609.33300000 0.70196078 0.43921569 0.37254902
v -43.00000000 196.00000000 610.00000000 0.71372549 0.45098039 0.38431373
v -42.00000000 196.00000000 610.00000000 0.72941176 0.46666667 0.40392157
v -42.00000000 196.83300000 610.83300000 0.74117647 0.47843137 0.41568627
v -41.00000000 197.00000000 611.00000000 0.75686275 0.50196078 0.43137255
v -40.00000000 197.00000000 612.00000000 0.77254902 0.51764706 0.44705882
v -39.00000000 197.50000000 613.50000000 0.81176471 0.55686275 0.48627451
v -38.00000000 198.00000000 616.00000000 0.80000000 0.55686275 0.47450980
v -36.00000000 200.16700000 621.66700000 0.85882353 0.60392157 0.53333333
v -34.00000000 201.00000000 624.50000000 0.80784314 0.55294118 0.48235294
v -63.00000000 199.00000000 616.33300000 0.15294118 0.10588235 0.10588235
v -63.00000000 199.16700000 616.83300000 0.19607843 0.13333333 0.13333333
v -62.00000000 199.16700000 616.83300000 0.23137255 0.15294118 0.15686275
v -61.16670000 199.50000000 617.50000000 0.26666667 0.18431373 0.17254902
v -61.00000000 199.50000000 617.50000000 0.30980392 0.20784314 0.20392157
v -60.00000000 199.33300000 617.16700000 0.32549020 0.22745098 0.21176471
v -59.00000000 199.33300000 617.16700000 0.34901961 0.23137255 0.22352941
v -59.00000000 199.00000000 616.66700000 0.35686275 0.24313725 0.22745098
v -58.00000000 199.00000000 616.16700000 0.37647059 0.23921569 0.22352941
v -56.00000000 198.33300000 614.33300000 0.43137255 0.25490196 0.23137255
v -56.00000000 198.00000000 613.83300000 0.45098039 0.26666667 0.23529412
v -55.00000000 198.00000000 612.83300000 0.47450980 0.28235294 0.25490196
v -54.00000000 198.00000000 612.50000000 0.48235294 0.29411765 0.25490196
v -53.50000000 197.50000000 611.50000000 0.48627451 0.29019608 0.25490196
v -53.00000000 197.16700000 611.16700000 0.50980392 0.30196078 0.27058824
v -52.00000000 197.00000000 610.16700000 0.54901961 0.33333333 0.30588235
v -51.00000000 197.00000000 609.50000000 0.57647059 0.34901961 0.30588235
v -48.00000000 196.66700000 608.66700000 0.61960784 0.37647059 0.32549020
v -47.00000000 196.66700000 608.66700000 0.63137255 0.38039216 0.33333333
v -46.00000000 196.83300000 608.83300000 0.65490196 0.39215686 0.32941176
v -45.00000000 196.83300000 608.83300000 0.67058824 0.40000000 0.34117647
v -40.00000000 197.16700000 611.16700000 0.76470588 0.50980392 0.43921569
v -39.00000000 198.00000000 613.16700000 0.81176471 0.56470588 0.49411765
v -37.00000000 199.00000000 616.00000000 0.80784314 0.56078431 0.49019608
v -36.00000000 200.00000000 619.66700000 0.84313725 0.58823529 0.51764706
v -35.00000000 201.00000000 623.00000000 0.88627451 0.62745098 0.56470588
v -34.00000000 202.00000000 624.50000000 0.82352941 0.56470588 0.50196078
v -62.66670000 199.66700000 615.66700000 0.18431373 0.12941176 0.12549020
v -58.00000000 199.50000000 615.50000000 0.36862745 0.23137255 0.21568627
v -57.00000000 199.00000000 615.00000000 0.38431373 0.23921569 0.21568627
v -56.00000000 199.00000000 613.50000000 0.42745098 0.27058824 0.23921569
v -55.00000000 198.83300000 612.83300000 0.45490196 0.27843137 0.25490196
v -54.00000000 198.33300000 612.33300000 0.47058824 0.28627451 0.25490196
v -53.50000000 198.00000000 611.50000000 0.48235294 0.28627451 0.25882353
v -53.00000000 198.00000000 610.83300000 0.50588235 0.29803922 0.26666667
v -51.00000000 197.83300000 609.83300000 0.56862745 0.34117647 0.29803922
v -51.00000000 197.16700000 609.16700000 0.59215686 0.35686275 0.31764706
v -50.00000000 197.00000000 609.00000000 0.57647059 0.33333333 0.29019608
v -49.00000000 197.00000000 608.50000000 0.57254902 0.32156863 0.27450980
v -48.00000000 197.00000000 608.16700000 0.61960784 0.36862745 0.32156863
v -46.00000000 197.00000000 608.00000000 0.65098039 0.39215686 0.32941176
v -45.00000000 197.00000000 608.00000000 0.65490196 0.39607843 0.33333333
v -44.00000000 197.00000000 608.00000000 0.69019608 0.43137255 0.36862745
v -43.00000000 197.00000000 608.00000000 0.69803922 0.43529412 0.37254902
v -42.00000000 197.00000000 609.00000000 0.74509804 0.47450980 0.41176471
v -40.00000000 198.00000000 611.00000000 0.76862745 0.49803922 0.43529412
v -39.00000000 198.33300000 612.33300000 0.80784314 0.55294118 0.48235294
v -38.33330000 199.00000000 613.33300000 0.80392157 0.55686275 0.48627451
v -38.00000000 199.00000000 614.66700000 0.81176471 0.56470588 0.49411765
v -35.00000000 202.00000000 622.50000000 0.87843137 0.63137255 0.56470588
v -34.00000000 202.16700000 624.00000000 0.81176471 0.56470588 0.49803922
v -62.00000000 200.00000000 614.83300000 0.18039216 0.12549020 0.12156863
v -61.00000000 200.00000000 615.66700000 0.25882353 0.17647059 0.16470588
v -60.66670000 200.00000000 615.66700000 0.29803922 0.19607843 0.19215686
v -60.00000000 200.00000000 616.00000000 0.32941176 0.21176471 0.20392157
v -59.00000000 200.00000000 615.66700000 0.34509804 0.22352941 0.21568627
v -58.66670000 200.00000000 615.66700000 0.35294118 0.21960784 0.21176471
v -58.00000000 200.00000000 615.00000000 0.36078431 0.22352941 0.20784314
v -57.00000000 200.00000000 614.83300000 0.38039216 0.23529412 0.21176471
v -56.00000000 199.83300000 613.83300000 0.40000000 0.24705882 0.21960784
v -56.00000000 199.50000000 613.50000000 0.41960784 0.26274510 0.23137255
v -55.00000000 199.00000000 612.50000000 0.44313725 0.27450980 0.24705882
v -54.00000000 199.00000000 612.33300000 0.46666667 0.28235294 0.25098039
v -53.33330000 199.00000000 611.33300000 0.47843137 0.28235294 0.25490196
v -53.00000000 198.83300000 610.83300000 0.50196078 0.29411765 0.26274510
v -52.00000000 198.00000000 609.83300000 0.52941176 0.30588235 0.27843137
v -51.00000000 198.00000000 608.83300000 0.57254902 0.34117647 0.30980392
v -50.00000000 198.00000000 608.33300000 0.56078431 0.32549020 0.28235294
v -49.00000000 197.83300000 607.83300000 0.56470588 0.32156863 0.27058824
v -48.00000000 197.83300000 607.83300000 0.60784314 0.36470588 0.31372549
v -47.00000000 197.00000000 607.00000000 0.62352941 0.38039216 0.32941176
v -47.00000000 197.16700000 607.16700000 0.62352941 0.38039216 0.32941176
v -46.00000000 197.16700000 607.16700000 0.64313725 0.39607843 0.32941176
v -45.00000000 197.16700000 607.16700000 0.64705882 0.40000000 0.33333333
v -45.00000000 197.66700000 607.66700000 0.67450980 0.41568627 0.35294118
v -44.00000000 197.66700000 607.66700000 0.68627451 0.42745098 0.36470588
v -42.00000000 198.00000000 609.00000000 0.73333333 0.46274510 0.40000000
v -41.00000000 198.00000000 609.00000000 0.74117647 0.47058824 0.40784314
v -40.00000000 198.33300000 610.33300000 0.76862745 0.49803922 0.43529412
v -39.00000000 199.00000000 612.16700000 0.80392157 0.54901961 0.47843137
v -38.16670000 199.16700000 613.16700000 0.80392157 0.55686275 0.48627451
v -37.00000000 200.00000000 615.50000000 0.81960784 0.58039216 0.49803922
v -36.00000000 201.00000000 618.50000000 0.83921569 0.59215686 0.52156863
v -35.00000000 202.33300000 622.33300000 0.87843137 0.61960784 0.55686275
v -34.00000000 203.00000000 623.50000000 0.82745098 0.56862745 0.50588235
v -62.00000000 200.16700000 614.00000000 0.16862745 0.12156863 0.12156863
v -62.00000000 200.33300000 614.33300000 0.20000000 0.13725490 0.14117647
v -60.33330000 201.00000000 615.33300000 0.29019608 0.19607843 0.19607843
v -59.00000000 201.00000000 615.66700000 0.33333333 0.21568627 0.20784314
v -58.16670000 201.00000000 615.16700000 0.34509804 0.22352941 0.21568627
v -58.00000000 200.83300000 614.83300000 0.34901961 0.21568627 0.20784314
v -57.00000000 200.50000000 614.50000000 0.36078431 0.22352941 0.20000000
v -56.00000000 200.00000000 613.16700000 0.40784314 0.25882353 0.22352941
v -55.00000000 200.00000000 612.50000000 0.43921569 0.27058824 0.24313725
v -54.00000000 199.83300000 612.00000000 0.45882353 0.28235294 0.25882353
v -53.33330000 199.33300000 611.33300000 0.47450980 0.28235294 0.26274510
v -53.00000000 199.00000000 610.50000000 0.48627451 0.29019608 0.25490196
v -52.00000000 199.00000000 609.83300000 0.51372549 0.29803922 0.27058824
v -51.00000000 198.83300000 608.83300000 0.54901961 0.32549020 0.29019608
v -50.00000000 198.16700000 608.16700000 0.56078431 0.32549020 0.28627451
v -49.00000000 198.16700000 608.16700000 0.54901961 0.31372549 0.27450980
v -49.00000000 198.00000000 607.83300000 0.55294118 0.31764706 0.27450980
v -48.00000000 198.00000000 607.50000000 0.58823529 0.35294118 0.30980392
v -47.00000000 198.00000000 607.00000000 0.60784314 0.37647059 0.32156863
v -46.00000000 198.00000000 607.16700000 0.62352941 0.38039216 0.32156863
v -45.00000000 198.00000000 607.00000000 0.62352941 0.37647059 0.31764706
v -44.00000000 198.00000000 607.50000000 0.64313725 0.39607843 0.33725490
v -43.00000000 198.00000000 607.66700000 0.64705882 0.38823529 0.32549020
v -42.00000000 198.16700000 608.16700000 0.70196078 0.43921569 0.37647059
v -41.00000000 198.83300000 608.83300000 0.71372549 0.44313725 0.38431373
v -40.00000000 199.00000000 610.00000000 0.76470588 0.49411765 0.43137255
v -39.00000000 199.33300000 611.50000000 0.79607843 0.54117647 0.47058824
v -38.00000000 200.00000000 612.33300000 0.80392157 0.55686275 0.48627451
v -37.00000000 200.66700000 614.66700000 0.81960784 0.58039216 0.49803922
v -36.00000000 201.83300000 618.33300000 0.84313725 0.59607843 0.52549020
v -35.50000000 202.00000000 619.50000000 0.86666667 0.60784314 0.54509804
v -34.00000000 203.16700000 623.16700000 0.85882353 0.60000000 0.53725490
v -62.00000000 201.00000000 613.33300000 0.18431373 0.12941176 0.12941176
v -61.00000000 201.00000000 614.00000000 0.23137255 0.15294118 0.14901961
v -60.00000000 201.00000000 614.16700000 0.27843137 0.18431373 0.18431373
v -60.00000000 201.16700000 615.00000000 0.30588235 0.20392157 0.20000000
v -59.00000000 201.16700000 615.00000000 0.32549020 0.20784314 0.20784314
v -58.16670000 201.16700000 615.00000000 0.33725490 0.21960784 0.21176471
v -58.00000000 201.00000000 614.16700000 0.34509804 0.21176471 0.20392157
v -57.00000000 201.00000000 614.16700000 0.35294118 0.21568627 0.19215686
v -55.00000000 200.16700000 612.16700000 0.43529412 0.26666667 0.23921569
v -54.00000000 200.16700000 612.00000000 0.45490196 0.28235294 0.24705882
v -53.16670000 200.00000000 611.00000000 0.47450980 0.28235294 0.25490196
v -52.00000000 199.50000000 609.50000000 0.51372549 0.29803922 0.27058824
v -51.00000000 199.00000000 608.83300000 0.53725490 0.31372549 0.27843137
v -50.00000000 199.00000000 607.83300000 0.56078431 0.33333333 0.29019608
v -49.00000000 199.00000000 607.16700000 0.54117647 0.31372549 0.26666667
v -47.00000000 198.50000000 606.50000000 0.57254902 0.34509804 0.29803922
v -46.50000000 198.50000000 606.50000000 0.58039216 0.34509804 0.30196078
v -46.00000000 198.50000000 606.50000000 0.56078431 0.32941176 0.26666667
v -45.00000000 198.50000000 606.50000000 0.56078431 0.31764706 0.25882353
v -45.00000000 198.83300000 606.83300000 0.57647059 0.32941176 0.27058824
v -44.00000000 198.83300000 606.83300000 0.60784314 0.36078431 0.30196078
v -42.00000000 199.00000000 607.83300000 0.71764706 0.45490196 0.39215686
v -41.00000000 199.00000000 608.16700000 0.72941176 0.46666667 0.40392157
v -40.00000000 199.16700000 609.16700000 0.76078431 0.49803922 0.43529412
v -39.00000000 200.00000000 611.16700000 0.79215686 0.53725490 0.46666667
v -38.00000000 200.16700000 612.16700000 0.80392157 0.55686275 0.48627451
v -37.00000000 201.00000000 614.50000000 0.81960784 0.58039216 0.49803922
v -37.00000000 201.83300000 616.00000000 0.82352941 0.58431373 0.50980392
v -36.00000000 202.00000000 617.33300000 0.84313725 0.59607843 0.52941176
v -35.33330000 203.00000000 619.33300000 0.85490196 0.60784314 0.54901961
v -35.00000000 203.33300000 621.33300000 0.87843137 0.61960784 0.56470588
v -34.00000000 204.00000000 622.66700000 0.88235294 0.62352941 0.56862745
v -61.50000000 201.00000000 612.50000000 0.17254902 0.11764706 0.11764706
v -61.00000000 201.16700000 613.00000000 0.21176471 0.14117647 0.13333333
v -60.00000000 201.66700000 613.50000000 0.25882353 0.17647059 0.17254902
v -57.00000000 201.50000000 613.50000000 0.35686275 0.22352941 0.18823529
v -56.00000000 201.33300000 613.33300000 0.38039216 0.23137255 0.19607843
v -56.00000000 201.00000000 612.50000000 0.40000000 0.25098039 0.21568627
v -55.00000000 201.00000000 612.16700000 0.42352941 0.25490196 0.22745098
v -54.00000000 201.00000000 611.16700000 0.43921569 0.26666667 0.23137255
v -53.00000000 200.66700000 610.66700000 0.46666667 0.27450980 0.24705882
v -53.00000000 200.00000000 609.66700000 0.49019608 0.29411765 0.25882353
v -52.00000000 200.00000000 609.16700000 0.51372549 0.29803922 0.27058824
v -51.00000000 200.00000000 608.00000000 0.52549020 0.30196078 0.26666667
v -50.00000000 199.83300000 607.83300000 0.55294118 0.32549020 0.28235294
v -49.00000000 199.50000000 607.50000000 0.55294118 0.32549020 0.28235294
v -49.00000000 199.16700000 607.16700000 0.53333333 0.30588235 0.25882353
v -48.00000000 199.00000000 607.00000000 0.52941176 0.30196078 0.25490196
v -47.00000000 199.00000000 606.50000000 0.53725490 0.30980392 0.25490196
v -46.50000000 199.00000000 606.50000000 0.53333333 0.30588235 0.25098039
v -46.00000000 199.00000000 606.50000000 0.54901961 0.31764706 0.26274510
v -45.00000000 199.00000000 606.33300000 0.58823529 0.34509804 0.28627451
v -44.00000000 199.00000000 606.66700000 0.62745098 0.38039216 0.32156863
v -43.00000000 199.00000000 606.66700000 0.65490196 0.40784314 0.34901961
v -42.00000000 199.16700000 607.16700000 0.70980392 0.44705882 0.38431373
v -41.00000000 199.83300000 607.83300000 0.71372549 0.45098039 0.38823529
v -40.00000000 200.00000000 608.83300000 0.75686275 0.49411765 0.43137255
v -39.00000000 200.16700000 610.16700000 0.79215686 0.53725490 0.46666667
v -38.00000000 201.00000000 611.50000000 0.79607843 0.55686275 0.48235294
v -37.00000000 201.66700000 613.83300000 0.81176471 0.58431373 0.50588235
v -36.00000000 202.66700000 617.00000000 0.83137255 0.59215686 0.52156863
v -35.00000000 203.00000000 618.66700000 0.84313725 0.59607843 0.53725490
v -34.00000000 204.16700000 622.16700000 0.87843137 0.61960784 0.56470588
v -61.00000000 201.33300000 611.33300000 0.14509804 0.09803922 0.09803922
v -61.00000000 201.83300000 612.16700000 0.18823529 0.12941176 0.11764706
v -60.00000000 201.83300000 612.50000000 0.23921569 0.16078431 0.15686275
v -59.83330000 202.00000000 613.16700000 0.27058824 0.18823529 0.17647059
v -59.00000000 202.00000000 613.33300000 0.29803922 0.19607843 0.19215686
v -58.00000000 202.00000000 613.16700000 0.33333333 0.21960784 0.20392157
v -57.00000000 202.00000000 613.16700000 0.35686275 0.21960784 0.19607843
v -56.00000000 202.00000000 612.33300000 0.39607843 0.24705882 0.21176471
v -55.00000000 201.66700000 611.66700000 0.41960784 0.25098039 0.22352941
v -54.00000000 201.16700000 611.16700000 0.42352941 0.25098039 0.21568627
v -53.00000000 201.00000000 610.33300000 0.45490196 0.26274510 0.23529412
v -53.00000000 200.83300000 609.16700000 0.48235294 0.28627451 0.25098039
v -52.00000000 200.66700000 608.83300000 0.50588235 0.29019608 0.26274510
v -51.00000000 200.16700000 608.16700000 0.52156863 0.30980392 0.27058824
v -50.00000000 200.00000000 607.00000000 0.54509804 0.31764706 0.27058824
v -49.00000000 200.00000000 607.00000000 0.55294118 0.32549020 0.27843137
v -48.50000000 200.00000000 606.50000000 0.53725490 0.30980392 0.26274510
v -48.00000000 200.00000000 606.50000000 0.52941176 0.30196078 0.25490196
v -47.00000000 200.00000000 606.00000000 0.52549020 0.29803922 0.24313725
v -46.00000000 200.00000000 606.00000000 0.52156863 0.29411765 0.23921569
v -44.83330000 199.83300000 606.00000000 0.60392157 0.36078431 0.30196078
v -44.00000000 199.83300000 606.00000000 0.65098039 0.40392157 0.34509804
v -43.00000000 199.83300000 606.00000000 0.67058824 0.42352941 0.36470588
v -42.83330000 199.83300000 606.33300000 0.69803922 0.43921569 0.38431373
v -42.00000000 200.00000000 606.83300000 0.71372549 0.45490196 0.40000000
v -41.00000000 200.00000000 607.33300000 0.71764706 0.45882353 0.40392157
v -40.00000000 200.33300000 608.33300000 0.74901961 0.49019608 0.42745098
v -39.16670000 201.00000000 609.16700000 0.76470588 0.51764706 0.45098039
v -38.00000000 201.16700000 611.16700000 0.79607843 0.55686275 0.48235294
v -37.00000000 202.00000000 613.50000000 0.81176471 0.58431373 0.50588235
v -37.00000000 202.66700000 614.83300000 0.81960784 0.58039216 0.50980392
v -36.00000000 203.00000000 616.33300000 0.83137255 0.58431373 0.51764706
v -35.00000000 203.83300000 618.16700000 0.84705882 0.58823529 0.53333333
v -35.00000000 204.16700000 620.00000000 0.85098039 0.59215686 0.53725490
v -34.00000000 205.00000000 621.50000000 0.87058824 0.61176471 0.55686275
v -61.00000000 202.00000000 611.00000000 0.11764706 0.07843137 0.07450980
v -60.00000000 202.00000000 611.83300000 0.20392157 0.14117647 0.14117647
v -59.66670000 202.66700000 612.66700000 0.24313725 0.17254902 0.16470588
v -57.00000000 202.50000000 612.50000000 0.34901961 0.21960784 0.19215686
v -56.00000000 202.50000000 612.50000000 0.37254902 0.22745098 0.19607843
v -55.66670000 202.00000000 611.66700000 0.38823529 0.24313725 0.21176471
v -55.00000000 202.00000000 611.16700000 0.40392157 0.24313725 0.21960784
v -53.00000000 201.50000000 609.50000000 0.45098039 0.26666667 0.24313725
v -53.00000000 201.16700000 608.83300000 0.47843137 0.29019608 0.25098039
v -52.00000000 201.00000000 608.50000000 0.49803922 0.29019608 0.25882353
v -51.00000000 201.00000000 608.16700000 0.51764706 0.30588235 0.26666667
v -50.66670000 201.00000000 607.66700000 0.52941176 0.30588235 0.27058824
v -49.00000000 200.83300000 606.83300000 0.54901961 0.32156863 0.27843137
v -48.50000000 200.50000000 606.50000000 0.54509804 0.31764706 0.27058824
v -48.00000000 200.33300000 606.33300000 0.53333333 0.30588235 0.25882353
v -45.00000000 200.00000000 605.66700000 0.55294118 0.32156863 0.26666667
v -44.66670000 200.16700000 605.83300000 0.61176471 0.36862745 0.30980392
v -44.00000000 200.16700000 605.83300000 0.65098039 0.40392157 0.34509804
v -43.00000000 200.16700000 606.00000000 0.67058824 0.42352941 0.36470588
v -42.83330000 200.16700000 606.00000000 0.69803922 0.43921569 0.38431373
v -42.00000000 200.50000000 606.33300000 0.71372549 0.45490196 0.40000000
v -41.00000000 200.83300000 606.83300000 0.71764706 0.45882353 0.40392157
v -40.00000000 201.00000000 607.66700000 0.74901961 0.49019608 0.43529412
v -39.00000000 201.00000000 608.33300000 0.76078431 0.51372549 0.44705882
v -39.00000000 201.16700000 609.16700000 0.78039216 0.53333333 0.46666667
v -38.00000000 202.00000000 610.16700000 0.79607843 0.55686275 0.48627451
v -37.00000000 202.50000000 612.66700000 0.80392157 0.58039216 0.50588235
v -36.00000000 203.66700000 615.66700000 0.83137255 0.58431373 0.52549020
v -35.00000000 204.00000000 617.50000000 0.85490196 0.59607843 0.54117647
v -34.00000000 205.16700000 621.00000000 0.85882353 0.60000000 0.54509804
v -60.00000000 202.83300000 610.83300000 0.18823529 0.13333333 0.13333333
v -58.00000000 203.00000000 612.16700000 0.29019608 0.20784314 0.19607843
v -57.16670000 203.00000000 612.16700000 0.31764706 0.21960784 0.20392157
v -57.00000000 203.00000000 612.16700000 0.33725490 0.21568627 0.19607843
v -56.00000000 203.00000000 612.00000000 0.36470588 0.22745098 0.20392157
v -55.33330000 203.00000000 611.33300000 0.37647059 0.24313725 0.20784314
v -54.00000000 202.00000000 610.00000000 0.40784314 0.25098039 0.21960784
v -53.00000000 202.00000000 608.50000000 0.48235294 0.29019608 0.26274510
v -52.00000000 202.00000000 608.33300000 0.50588235 0.29803922 0.27450980
v -51.00000000 201.66700000 607.66700000 0.50196078 0.29803922 0.25490196
v -50.33330000 201.33300000 607.33300000 0.52156863 0.30980392 0.27058824
v -50.00000000 201.00000000 606.66700000 0.53725490 0.31372549 0.27058824
v -49.00000000 201.00000000 606.66700000 0.53333333 0.30980392 0.26666667
v -48.16670000 201.00000000 606.00000000 0.54117647 0.31372549 0.26666667
v -48.00000000 201.00000000 605.50000000 0.52941176 0.30196078 0.25490196
v -47.00000000 201.00000000 605.33300000 0.52549020 0.29803922 0.24313725
v -46.00000000 201.00000000 605.33300000 0.58039216 0.34901961 0.29411765
v -45.00000000 200.66700000 605.00000000 0.60000000 0.35686275 0.30588235
v -44.33330000 200.66700000 605.00000000 0.62352941 0.38039216 0.32156863
v -44.00000000 200.83300000 605.16700000 0.64705882 0.40000000 0.34117647
v -43.00000000 201.00000000 605.33300000 0.67450980 0.41568627 0.36078431
v -42.83330000 201.00000000 605.83300000 0.70196078 0.44313725 0.38823529
v -42.00000000 201.00000000 605.83300000 0.71764706 0.45882353 0.40392157
v -41.00000000 201.00000000 606.50000000 0.71764706 0.45882353 0.40392157
v -41.00000000 201.16700000 606.66700000 0.71764706 0.47058824 0.41176471
v -40.00000000 201.16700000 607.33300000 0.74117647 0.49411765 0.43529412
v -39.00000000 202.00000000 608.16700000 0.76078431 0.51372549 0.44705882
v -38.00000000 202.16700000 610.16700000 0.78823529 0.55686275 0.48627451
v -37.00000000 203.00000000 612.16700000 0.79607843 0.58039216 0.50196078
v -36.50000000 203.50000000 613.50000000 0.81568627 0.59215686 0.51764706
v -35.00000000 204.50000000 616.50000000 0.85882353 0.60000000 0.53725490
v -34.00000000 206.16700000 622.16700000 0.55294118 0.30588235 0.24705882
v -59.00000000 203.00000000 611.00000000 0.23529412 0.15686275 0.16078431
v -57.00000000 203.83300000 612.00000000 0.33725490 0.21960784 0.21176471
v -56.00000000 203.33300000 611.33300000 0.36078431 0.22745098 0.21960784
v -55.16670000 203.16700000 611.16700000 0.36862745 0.23921569 0.21176471
v -55.00000000 203.00000000 610.16700000 0.38431373 0.23921569 0.21568627
v -54.00000000 203.00000000 610.00000000 0.41176471 0.26274510 0.22745098
v -53.00000000 202.50000000 608.50000000 0.47058824 0.28627451 0.24705882
v -52.00000000 202.16700000 608.16700000 0.49411765 0.29803922 0.26274510
v -51.00000000 202.00000000 607.66700000 0.51372549 0.30980392 0.25882353
v -50.00000000 202.00000000 606.66700000 0.52941176 0.30588235 0.26274510
v -49.00000000 201.83300000 606.00000000 0.53725490 0.31372549 0.27058824
v -48.16670000 201.83300000 606.00000000 0.53725490 0.30980392 0.26666667
v -48.00000000 201.33300000 605.33300000 0.52941176 0.30196078 0.25882353
v -47.00000000 201.33300000 605.33300000 0.53725490 0.30588235 0.27450980
v -46.00000000 201.33300000 605.16700000 0.59607843 0.36078431 0.31764706
v -45.00000000 201.33300000 605.00000000 0.61568627 0.37254902 0.32941176
v -44.33330000 201.33300000 605.00000000 0.63921569 0.38823529 0.34117647
v -44.00000000 201.33300000 605.00000000 0.65490196 0.40392157 0.35686275
v -43.00000000 201.33300000 605.16700000 0.68235294 0.42352941 0.36862745
v -42.33330000 201.33300000 605.16700000 0.70588235 0.44705882 0.39215686
v -41.00000000 201.83300000 605.83300000 0.71372549 0.44705882 0.39607843
v -40.00000000 202.00000000 606.83300000 0.74509804 0.48235294 0.41960784
v -39.00000000 202.16700000 607.33300000 0.76470588 0.50980392 0.43921569
v -38.00000000 203.00000000 609.16700000 0.79215686 0.54901961 0.46666667
v -37.00000000 203.16700000 611.16700000 0.80392157 0.57647059 0.49803922
v -36.00000000 204.00000000 613.00000000 0.81176471 0.57254902 0.50196078
v -36.00000000 204.50000000 614.50000000 0.84313725 0.59607843 0.52941176
v -35.00000000 205.00000000 616.00000000 0.85882353 0.60000000 0.54509804
v -35.00000000 205.83300000 617.83300000 0.86274510 0.61568627 0.55686275
v -34.00000000 206.00000000 619.33300000 0.82745098 0.58039216 0.52156863
v -33.00000000 207.00000000 622.66700000 0.47450980 0.22745098 0.16862745
v -60.00000000 203.00000000 609.66700000 0.16470588 0.11764706 0.11764706
v -59.00000000 203.16700000 610.16700000 0.21960784 0.14901961 0.14901961
v -59.00000000 203.50000000 610.50000000 0.26274510 0.17647059 0.18431373
v -54.00000000 203.16700000 609.16700000 0.41176471 0.26274510 0.22745098
v -53.00000000 203.00000000 608.00000000 0.45490196 0.28235294 0.23921569
v -52.00000000 203.00000000 607.50000000 0.48627451 0.29803922 0.25882353
v -51.00000000 203.00000000 607.16700000 0.49019608 0.29803922 0.24313725
v -50.00000000 202.66700000 606.66700000 0.50196078 0.29803922 0.24705882
v -50.00000000 202.16700000 606.16700000 0.50588235 0.29411765 0.24705882
v -49.00000000 202.00000000 605.66700000 0.50980392 0.29803922 0.25098039
v -48.00000000 202.00000000 604.66700000 0.52549020 0.30196078 0.26666667
v -47.00000000 202.00000000 604.66700000 0.53725490 0.31372549 0.27843137
v -46.00000000 202.00000000 604.33300000 0.59215686 0.36470588 0.31764706
v -45.00000000 201.83300000 604.16700000 0.64313725 0.40000000 0.35686275
v -44.00000000 201.83300000 604.16700000 0.63921569 0.38823529 0.34117647
v -43.00000000 201.83300000 604.16700000 0.66274510 0.40392157 0.34901961
v -42.00000000 201.83300000 604.66700000 0.70588235 0.44705882 0.39215686
v -42.00000000 202.00000000 604.83300000 0.72549020 0.46666667 0.41176471
v -41.00000000 202.00000000 605.66700000 0.70196078 0.44313725 0.38823529
v -41.00000000 202.16700000 605.83300000 0.71372549 0.45490196 0.39215686
v -40.00000000 202.50000000 606.66700000 0.73333333 0.47450980 0.41176471
v -39.00000000 203.00000000 607.16700000 0.75294118 0.49803922 0.42745098
v -38.00000000 203.16700000 609.16700000 0.77647059 0.53725490 0.45490196
v -37.00000000 204.00000000 611.16700000 0.80784314 0.58039216 0.50196078
v -36.00000000 204.16700000 612.16700000 0.82745098 0.58823529 0.51764706
v -35.00000000 205.50000000 615.50000000 0.85882353 0.60000000 0.54509804
v -34.00000000 206.83300000 618.83300000 0.83921569 0.59215686 0.53333333
v -33.00000000 207.83300000 621.83300000 0.47058824 0.22352941 0.16470588
v -60.00000000 204.00000000 609.00000000 0.14117647 0.10980392 0.10196078
v -58.00000000 204.00000000 610.33300000 0.27843137 0.20000000 0.19607843
v -57.00000000 204.00000000 610.00000000 0.29019608 0.19607843 0.18823529
v -56.00000000 204.00000000 610.16700000 0.34901961 0.22745098 0.21568627
v -53.00000000 204.00000000 608.00000000 0.44313725 0.27450980 0.23921569
v -52.00000000 203.16700000 607.16700000 0.47450980 0.29019608 0.25098039
v -51.00000000 203.16700000 607.16700000 0.49019608 0.30980392 0.25882353
v -48.00000000 202.50000000 604.66700000 0.50980392 0.30588235 0.26274510
v -47.00000000 202.50000000 604.50000000 0.52549020 0.32156863 0.27843137
v -46.00000000 202.33300000 604.33300000 0.57647059 0.35686275 0.30588235
v -45.00000000 202.33300000 604.16700000 0.60000000 0.36470588 0.32156863
v -44.00000000 202.33300000 604.16700000 0.63921569 0.39607843 0.34509804
v -43.00000000 202.33300000 604.16700000 0.66666667 0.41960784 0.36078431
v -42.00000000 202.33300000 604.16700000 0.67843137 0.43137255 0.37254902
v -42.00000000 202.83300000 604.66700000 0.71372549 0.45490196 0.40000000
v -41.00000000 202.83300000 605.00000000 0.70588235 0.44705882 0.39215686
v -41.00000000 203.00000000 605.66700000 0.70980392 0.45098039 0.38823529
v -40.00000000 203.00000000 605.83300000 0.72549020 0.46666667 0.40392157
v -39.00000000 203.16700000 606.66700000 0.73333333 0.48627451 0.41568627
v -38.00000000 204.00000000 608.16700000 0.76078431 0.52156863 0.44705882
v -37.00000000 204.16700000 610.16700000 0.79215686 0.56470588 0.48627451
v -36.00000000 205.16700000 613.16700000 0.81960784 0.58039216 0.50980392
v -33.83330000 207.83300000 619.83300000 0.56862745 0.30980392 0.25490196
v -59.00000000 204.00000000 608.83300000 0.16470588 0.12549020 0.11764706
v -58.00000000 204.50000000 609.50000000 0.27058824 0.20784314 0.20784314
v -57.00000000 204.50000000 609.50000000 0.28235294 0.20392157 0.20000000
v -56.00000000 204.50000000 609.50000000 0.34509804 0.22745098 0.21960784
v -55.00000000 204.50000000 609.50000000 0.35294118 0.23921569 0.21568627
v -55.00000000 204.00000000 609.00000000 0.38039216 0.25098039 0.23137255
v -54.00000000 204.00000000 609.00000000 0.40784314 0.27450980 0.23921569
v -52.83330000 204.00000000 607.83300000 0.42745098 0.27058824 0.23137255
v -51.00000000 203.83300000 606.83300000 0.47058824 0.29803922 0.24705882
v -50.00000000 203.00000000 605.66700000 0.49019608 0.30196078 0.25490196
v -49.00000000 203.00000000 605.00000000 0.49803922 0.30980392 0.26274510
v -48.00000000 203.00000000 604.33300000 0.50980392 0.31372549 0.27058824
v -46.00000000 202.83300000 604.00000000 0.53725490 0.32941176 0.27450980
v -43.00000000 203.00000000 603.66700000 0.63921569 0.39607843 0.33725490
v -40.83330000 203.16700000 605.00000000 0.70588235 0.44705882 0.38431373
v -38.00000000 204.16700000 608.00000000 0.76078431 0.52156863 0.44705882
v -37.83330000 204.83300000 608.83300000 0.78039216 0.54117647 0.46666667
v -36.00000000 205.00000000 610.66700000 0.79607843 0.56862745 0.49019608
v -35.00000000 206.00000000 614.00000000 0.83137255 0.58823529 0.52941176
v -34.00000000 207.00000000 617.00000000 0.85490196 0.60784314 0.54901961
v -33.00000000 208.33300000 620.33300000 0.42745098 0.16862745 0.11372549
v -59.00000000 204.83300000 607.83300000 0.14117647 0.10980392 0.10196078
v -56.50000000 205.00000000 608.50000000 0.30588235 0.22352941 0.21176471
v -56.00000000 205.00000000 608.50000000 0.34117647 0.23137255 0.21960784
v -55.00000000 205.00000000 608.50000000 0.35294118 0.24313725 0.22745098
v -54.50000000 205.00000000 608.50000000 0.37254902 0.25098039 0.23921569
v -52.83330000 204.83300000 607.83300000 0.42352941 0.27450980 0.23921569
v -52.00000000 204.00000000 606.83300000 0.44313725 0.27450980 0.23921569
v -51.00000000 204.00000000 606.33300000 0.45490196 0.28235294 0.23921569
v -50.00000000 204.00000000 605.33300000 0.48627451 0.29803922 0.25882353
v -49.00000000 203.83300000 604.83300000 0.50196078 0.31372549 0.27450980
v -48.00000000 203.83300000 604.83300000 0.51372549 0.32549020 0.28627451
v -48.00000000 203.16700000 604.16700000 0.50588235 0.31764706 0.27843137
v -47.00000000 203.00000000 604.00000000 0.48235294 0.29411765 0.25490196
v -46.00000000 203.00000000 603.83300000 0.45882353 0.26274510 0.21960784
v -45.00000000 203.00000000 603.66700000 0.47843137 0.25882353 0.20784314
v -44.00000000 203.00000000 603.50000000 0.60784314 0.37647059 0.32156863
v -42.00000000 203.00000000 603.00000000 0.68235294 0.43921569 0.38823529
v -41.00000000 203.16700000 604.00000000 0.70588235 0.45882353 0.40000000
v -40.66670000 203.66700000 604.66700000 0.70588235 0.44705882 0.38431373
v -40.00000000 203.66700000 604.83300000 0.72941176 0.47058824 0.40784314
v -39.00000000 204.16700000 606.16700000 0.74901961 0.49411765 0.42352941
v -37.33330000 205.00000000 608.16700000 0.78431373 0.53725490 0.46666667
v -37.00000000 205.33300000 609.16700000 0.78823529 0.54901961 0.46666667
v -33.00000000 208.00000000 618.00000000 0.72549020 0.46666667 0.41176471
v -59.00000000 205.00000000 606.50000000 0.11764706 0.09411765 0.09411765
v -58.00000000 205.00000000 607.33300000 0.18823529 0.14901961 0.15294118
v -57.00000000 205.00000000 607.83300000 0.26274510 0.20000000 0.20000000
v -56.50000000 205.50000000 608.33300000 0.30196078 0.21960784 0.21568627
v -56.00000000 205.50000000 608.50000000 0.33725490 0.22745098 0.22352941
v -55.00000000 205.33300000 608.33300000 0.35294118 0.24313725 0.22745098
v -54.33330000 205.33300000 608.33300000 0.37254902 0.25098039 0.23921569
v -54.00000000 205.00000000 607.83300000 0.39215686 0.26274510 0.23529412
v -53.00000000 205.00000000 607.83300000 0.40784314 0.26274510 0.23921569
v -52.16670000 205.00000000 607.16700000 0.41568627 0.26666667 0.23137255
v -52.00000000 205.00000000 606.50000000 0.43921569 0.27058824 0.24313725
v -50.00000000 204.33300000 605.33300000 0.46666667 0.28235294 0.24313725
v -49.00000000 204.00000000 604.50000000 0.49803922 0.30980392 0.27058824
v -48.00000000 204.00000000 603.83300000 0.50588235 0.31372549 0.28627451
v -44.00000000 203.83300000 602.83300000 0.57254902 0.35294118 0.30196078
v -43.00000000 203.83300000 602.83300000 0.62745098 0.40000000 0.35294118
v -40.16670000 204.00000000 604.00000000 0.68627451 0.42745098 0.37254902
v -40.00000000 204.00000000 604.50000000 0.72549020 0.46666667 0.41176471
v -39.00000000 204.00000000 604.83300000 0.74117647 0.48235294 0.41960784
v -39.00000000 204.66700000 605.66700000 0.74901961 0.49019608 0.42745098
v -37.00000000 205.00000000 607.50000000 0.77254902 0.52549020 0.45882353
v -33.00000000 209.16700000 619.00000000 0.43137255 0.17254902 0.11764706
v -32.00000000 210.00000000 620.83300000 0.56078431 0.30196078 0.24705882
v -58.00000000 205.33300000 606.33300000 0.16078431 0.13725490 0.14509804
v -58.00000000 205.50000000 606.50000000 0.22352941 0.18823529 0.19215686
v -57.00000000 205.83300000 607.33300000 0.25882353 0.21176471 0.21176471
v -56.00000000 205.83300000 607.33300000 0.29411765 0.21176471 0.20784314
v -55.00000000 206.00000000 607.50000000 0.34509804 0.23529412 0.22352941
v -54.00000000 206.00000000 607.16700000 0.38823529 0.25882353 0.23921569
v -53.00000000 205.83300000 606.83300000 0.40392157 0.25882353 0.23529412
v -52.00000000 205.66700000 606.66700000 0.41176471 0.26274510 0.22745098
v -52.00000000 205.16700000 606.16700000 0.43529412 0.26666667 0.23921569
v -51.00000000 205.00000000 606.00000000 0.45490196 0.28235294 0.24705882
v -50.00000000 205.00000000 604.83300000 0.47450980 0.28235294 0.25490196
v -48.00000000 204.50000000 603.50000000 0.51764706 0.32156863 0.29411765
v -47.00000000 204.00000000 602.83300000 0.50196078 0.30588235 0.27843137
v -46.00000000 204.00000000 602.33300000 0.46274510 0.26666667 0.22352941
v -45.00000000 204.00000000 602.33300000 0.48627451 0.29411765 0.23921569
v -44.00000000 204.00000000 602.00000000 0.47450980 0.27058824 0.22745098
v -43.00000000 204.00000000 602.16700000 0.55294118 0.34117647 0.29411765
v -42.00000000 204.00000000 602.16700000 0.62352941 0.39607843 0.35294118
v -41.00000000 204.00000000 602.66700000 0.58039216 0.32941176 0.29019608
v -40.00000000 204.33300000 603.33300000 0.63921569 0.38823529 0.34117647
v -40.00000000 204.50000000 603.50000000 0.70196078 0.44313725 0.39607843
v -38.00000000 205.00000000 605.66700000 0.76078431 0.50196078 0.44705882
v -37.00000000 205.50000000 606.50000000 0.77647059 0.51764706 0.46274510
v -36.00000000 206.00000000 609.00000000 0.80000000 0.54117647 0.47843137
v -33.00000000 209.00000000 616.16700000 0.85098039 0.59215686 0.53725490
v -32.00000000 210.16700000 619.83300000 0.54509804 0.28627451 0.23137255
v -56.00000000 206.00000000 606.66700000 0.28235294 0.20392157 0.20000000
v -56.00000000 206.16700000 606.83300000 0.32941176 0.21960784 0.21568627
v -55.00000000 206.16700000 607.00000000 0.34117647 0.23137255 0.21960784
v -54.00000000 206.16700000 607.16700000 0.38823529 0.25882353 0.23921569
v -53.00000000 206.00000000 606.66700000 0.40784314 0.26274510 0.23921569
v -52.00000000 206.00000000 606.00000000 0.43529412 0.26666667 0.23921569
v -50.00000000 205.83300000 604.83300000 0.46274510 0.27058824 0.24313725
v -50.00000000 205.33300000 604.33300000 0.47843137 0.28627451 0.25882353
v -49.00000000 205.00000000 603.83300000 0.49411765 0.29803922 0.27058824
v -48.00000000 205.00000000 603.50000000 0.50980392 0.31372549 0.28627451
v -47.83330000 205.00000000 603.00000000 0.51764706 0.32156863 0.29411765
v -47.00000000 205.00000000 602.83300000 0.49803922 0.29803922 0.28235294
v -46.00000000 205.00000000 602.33300000 0.41568627 0.22745098 0.18823529
v -45.00000000 205.00000000 602.16700000 0.47843137 0.29019608 0.24313725
v -44.00000000 204.83300000 601.83300000 0.47058824 0.27450980 0.23921569
v -43.83330000 204.83300000 601.83300000 0.46666667 0.25882353 0.22745098
v -40.00000000 205.00000000 602.66700000 0.63921569 0.38823529 0.34901961
v -39.00000000 205.00000000 603.83300000 0.73333333 0.47058824 0.43529412
v -38.50000000 205.50000000 604.50000000 0.73725490 0.47450980 0.43921569
v -37.00000000 206.00000000 606.16700000 0.77254902 0.51372549 0.46666667
v -34.00000000 208.83300000 613.83300000 0.83921569 0.57254902 0.52156863
v -33.00000000 209.66700000 615.66700000 0.86274510 0.60392157 0.54901961
v -32.00000000 210.66700000 618.83300000 0.53725490 0.27843137 0.22352941
v -58.00000000 206.00000000 604.83300000 0.09803922 0.08235294 0.08627451
v -57.00000000 206.00000000 604.83300000 0.18039216 0.16078431 0.14901961
v -57.00000000 206.66700000 605.66700000 0.24313725 0.19607843 0.19607843
v -56.00000000 206.66700000 605.66700000 0.28235294 0.21176471 0.20392157
v -55.83330000 206.83300000 606.00000000 0.31372549 0.21960784 0.21960784
v -55.00000000 206.83300000 606.00000000 0.32156863 0.22745098 0.21176471
v -54.00000000 207.00000000 606.16700000 0.36862745 0.25490196 0.23137255
v -52.00000000 206.66700000 605.66700000 0.41568627 0.25490196 0.23137255
v -51.00000000 206.00000000 605.00000000 0.44313725 0.27450980 0.23921569
v -50.00000000 206.00000000 604.83300000 0.45882353 0.27450980 0.24313725
v -49.83330000 206.00000000 603.83300000 0.47058824 0.28627451 0.24705882
v -49.00000000 206.00000000 603.83300000 0.48627451 0.29803922 0.25882353
v -48.00000000 205.83300000 602.83300000 0.50196078 0.30588235 0.27843137
v -47.83330000 205.83300000 602.83300000 0.50588235 0.30980392 0.28235294
v -47.00000000 205.33300000 602.16700000 0.49019608 0.28235294 0.26666667
v -46.00000000 205.33300000 602.16700000 0.45490196 0.24705882 0.23137255
v -45.66670000 205.16700000 601.83300000 0.39607843 0.20784314 0.16862745
v -45.00000000 205.16700000 601.50000000 0.45098039 0.25490196 0.21960784
v -44.00000000 205.00000000 601.33300000 0.50196078 0.30588235 0.27058824
v -43.33330000 205.00000000 601.33300000 0.54901961 0.33333333 0.30588235
v -43.00000000 205.00000000 601.33300000 0.56862745 0.35686275 0.31764706
v -42.00000000 205.00000000 601.33300000 0.48627451 0.25490196 0.22352941
v -41.00000000 205.00000000 601.50000000 0.63137255 0.38823529 0.34509804
v -40.00000000 205.33300000 602.33300000 0.67450980 0.42745098 0.36862745
v -38.00000000 206.00000000 603.50000000 0.72549020 0.46666667 0.41176471
v -37.00000000 206.16700000 605.16700000 0.76862745 0.50980392 0.44705882
v -36.00000000 207.00000000 607.00000000 0.78431373 0.52941176 0.45882353
v -35.00000000 207.00000000 608.00000000 0.80784314 0.55294118 0.48235294
v -34.00000000 208.00000000 611.00000000 0.84313725 0.58039216 0.51372549
v -33.00000000 209.83300000 614.83300000 0.85490196 0.59215686 0.52941176
v -33.00000000 210.16700000 616.16700000 0.68627451 0.42352941 0.36078431
v -32.00000000 211.00000000 617.83300000 0.52941176 0.26274510 0.21176471
v -31.33330000 211.33300000 619.33300000 0.62352941 0.35686275 0.30588235
v -58.00000000 206.83300000 604.00000000 0.10196078 0.07843137 0.08627451
v -56.00000000 207.00000000 605.33300000 0.27843137 0.20784314 0.20000000
v -55.66670000 207.00000000 605.66700000 0.30196078 0.21960784 0.21568627
v -55.00000000 207.00000000 605.83300000 0.30980392 0.22745098 0.20784314
v -54.00000000 207.16700000 606.00000000 0.33725490 0.23921569 0.22352941
v -53.00000000 207.00000000 606.00000000 0.38823529 0.25882353 0.23921569
v -52.00000000 207.00000000 605.33300000 0.40784314 0.25490196 0.22745098
v -51.00000000 207.00000000 605.00000000 0.42352941 0.26666667 0.23529412
v -50.00000000 207.00000000 604.66700000 0.44705882 0.27058824 0.24705882
v -49.83330000 206.83300000 603.83300000 0.46274510 0.29019608 0.25490196
v -49.00000000 206.83300000 603.83300000 0.47450980 0.29019608 0.25882353
v -48.00000000 206.00000000 602.83300000 0.48235294 0.29019608 0.26274510
v -47.83330000 206.00000000 602.83300000 0.49019608 0.29803922 0.27058824
v -47.00000000 206.00000000 602.16700000 0.47843137 0.28627451 0.26666667
v -46.00000000 206.00000000 602.00000000 0.45490196 0.26274510 0.24313725
v -45.16670000 206.00000000 601.50000000 0.42352941 0.23921569 0.20784314
v -45.00000000 206.00000000 601.50000000 0.46274510 0.27058824 0.24313725
v -44.00000000 206.00000000 601.16700000 0.45882353 0.26666667 0.23921569
v -43.33330000 206.00000000 601.33300000 0.47058824 0.26274510 0.23921569
v -40.00000000 206.00000000 601.50000000 0.61960784 0.37647059 0.32549020
v -39.00000000 206.00000000 602.33300000 0.66274510 0.40392157 0.34901961
v -38.00000000 206.16700000 603.16700000 0.71764706 0.45882353 0.40392157
v -38.00000000 206.50000000 603.50000000 0.74901961 0.49019608 0.42745098
v -36.00000000 207.33300000 606.33300000 0.78823529 0.53333333 0.46274510
v -33.00000000 210.33300000 615.33300000 0.75294118 0.49019608 0.42745098
v -57.00000000 207.00000000 603.33300000 0.12156863 0.09803922 0.09803922
v -57.00000000 207.33300000 604.33300000 0.20392157 0.15686275 0.15686275
v -56.00000000 207.33300000 604.33300000 0.26666667 0.20392157 0.20392157
v -53.00000000 208.00000000 605.16700000 0.38039216 0.25882353 0.23921569
v -51.00000000 207.50000000 604.50000000 0.41568627 0.25882353 0.22745098
v -50.00000000 207.50000000 604.50000000 0.44313725 0.26666667 0.24313725
v -49.66670000 207.00000000 603.66700000 0.45490196 0.28235294 0.24705882
v -49.00000000 207.00000000 603.66700000 0.46274510 0.27843137 0.24705882
v -48.00000000 207.00000000 602.83300000 0.46666667 0.27450980 0.25490196
v -47.33330000 207.00000000 602.33300000 0.47843137 0.28627451 0.26666667
v -47.00000000 206.83300000 601.83300000 0.47843137 0.28627451 0.26666667
v -46.00000000 206.50000000 601.50000000 0.47058824 0.27843137 0.25882353
v -45.00000000 206.16700000 601.16700000 0.43137255 0.25490196 0.23137255
v -44.00000000 206.16700000 601.00000000 0.44705882 0.26274510 0.23921569
v -43.00000000 206.00000000 600.33300000 0.50980392 0.31372549 0.28627451
v -42.00000000 206.00000000 600.33300000 0.54509804 0.32941176 0.30980392
v -41.66670000 206.00000000 600.66700000 0.53725490 0.31372549 0.27843137
v -41.00000000 206.00000000 600.50000000 0.58823529 0.35294118 0.32156863
v -40.00000000 206.16700000 601.16700000 0.63529412 0.38431373 0.34509804
v -39.00000000 206.83300000 602.00000000 0.66666667 0.40784314 0.36078431
v -37.00000000 207.00000000 603.33300000 0.76078431 0.50196078 0.44705882
v -37.00000000 207.33300000 604.33300000 0.78039216 0.52156863 0.45882353
v -35.00000000 208.00000000 606.50000000 0.79215686 0.54509804 0.47843137
v -35.00000000 208.83300000 608.00000000 0.81176471 0.56470588 0.49803922
v -34.00000000 209.00000000 609.50000000 0.83529412 0.57647059 0.52156863
v -34.00000000 209.66700000 610.66700000 0.85098039 0.59215686 0.53725490
v -33.00000000 210.00000000 612.50000000 0.85490196 0.59607843 0.54117647
v -32.00000000 211.16700000 616.16700000 0.51764706 0.25882353 0.21176471
v -31.00000000 212.00000000 617.66700000 0.57647059 0.31764706 0.27058824
v -55.00000000 208.00000000 604.16700000 0.29803922 0.21568627 0.21176471
v -54.00000000 208.00000000 605.00000000 0.34117647 0.24313725 0.22745098
v -54.00000000 208.16700000 605.16700000 0.37254902 0.25882353 0.23529412
v -53.00000000 208.16700000 605.16700000 0.38823529 0.25882353 0.23921569
v -52.00000000 208.00000000 605.00000000 0.38823529 0.25490196 0.21960784
v -51.83330000 208.00000000 604.83300000 0.40000000 0.24705882 0.21960784
v -51.00000000 208.00000000 604.50000000 0.41568627 0.25882353 0.22745098
v -50.00000000 208.00000000 604.00000000 0.43921569 0.26274510 0.23921569
v -49.66670000 208.00000000 603.66700000 0.45098039 0.27450980 0.25098039
v -48.00000000 207.33300000 602.33300000 0.46274510 0.27058824 0.25098039
v -47.33330000 207.33300000 602.33300000 0.47450980 0.28235294 0.26274510
v -47.00000000 207.00000000 601.50000000 0.47843137 0.28627451 0.27058824
v -46.00000000 207.00000000 601.50000000 0.46666667 0.27843137 0.26274510
v -41.16670000 207.00000000 600.16700000 0.61960784 0.39607843 0.36078431
v -40.00000000 207.00000000 600.33300000 0.67450980 0.43921569 0.39607843
v -39.00000000 207.00000000 601.16700000 0.70980392 0.45882353 0.41176471
v -38.00000000 207.00000000 602.00000000 0.72941176 0.47058824 0.42352941
v -38.00000000 207.16700000 602.16700000 0.74117647 0.48235294 0.42745098
v -34.00000000 209.50000000 608.50000000 0.82745098 0.58039216 0.52156863
v -33.00000000 210.66700000 611.66700000 0.83137255 0.58431373 0.52549020
v -32.33330000 211.00000000 613.33300000 0.85882353 0.61176471 0.55294118
v -31.00000000 212.16700000 617.16700000 0.54117647 0.29019608 0.24313725
v -57.00000000 207.66700000 601.66700000 0.07450980 0.07058824 0.06274510
v -57.00000000 208.00000000 602.50000000 0.14509804 0.11372549 0.10588235
v -56.00000000 208.16700000 602.83300000 0.23529412 0.17254902 0.17254902
v -55.00000000 208.33300000 603.33300000 0.30980392 0.22745098 0.21568627
v -53.16670000 209.00000000 604.16700000 0.36470588 0.25490196 0.23921569
v -53.00000000 209.00000000 604.33300000 0.37647059 0.25490196 0.23529412
v -52.00000000 209.00000000 604.33300000 0.38823529 0.25490196 0.21960784
v -51.33330000 209.00000000 604.33300000 0.40000000 0.24705882 0.21960784
v -51.00000000 208.83300000 603.83300000 0.41176471 0.25490196 0.22352941
v -50.00000000 208.50000000 603.50000000 0.43137255 0.26274510 0.23529412
v -49.00000000 208.00000000 602.83300000 0.44313725 0.26666667 0.24313725
v -48.00000000 208.00000000 602.33300000 0.45882353 0.27058824 0.25490196
v -47.16670000 208.00000000 601.50000000 0.46666667 0.27843137 0.26274510
v -47.00000000 208.00000000 601.33300000 0.47058824 0.28235294 0.26666667
v -46.00000000 207.50000000 600.50000000 0.46666667 0.27843137 0.26274510
v -45.00000000 207.50000000 600.50000000 0.43529412 0.26666667 0.23921569
v -45.00000000 207.00000000 600.00000000 0.43921569 0.26274510 0.23921569
v -44.00000000 207.00000000 600.00000000 0.44705882 0.27450980 0.23921569
v -43.00000000 207.00000000 599.66700000 0.46274510 0.27058824 0.24313725
v -42.00000000 207.00000000 599.33300000 0.54509804 0.32941176 0.30196078
v -41.00000000 207.00000000 599.50000000 0.64313725 0.40784314 0.37647059
v -40.00000000 207.16700000 600.16700000 0.68235294 0.43921569 0.39607843
v -37.00000000 208.00000000 602.00000000 0.76078431 0.50196078 0.43921569
v -36.00000000 208.00000000 603.00000000 0.78039216 0.52156863 0.45882353
v -36.00000000 208.83300000 603.83300000 0.78431373 0.52549020 0.46274510
v -35.00000000 209.00000000 605.16700000 0.79607843 0.54901961 0.49019608
v -35.00000000 209.16700000 606.16700000 0.81176471 0.56470588 0.50588235
v -34.00000000 210.00000000 607.66700000 0.82352941 0.57647059 0.51764706
v -34.00000000 210.33300000 609.33300000 0.82352941 0.57647059 0.51764706
v -33.00000000 211.00000000 610.66700000 0.82745098 0.58039216 0.52156863
v -32.00000000 211.33300000 612.33300000 0.85490196 0.60784314 0.54901961
v -31.00000000 213.16700000 617.66700000 0.60000000 0.34117647 0.29411765
v -56.00000000 208.00000000 601.83300000 0.11372549 0.08235294 0.07450980
v -56.00000000 208.33300000 602.33300000 0.19215686 0.14901961 0.14117647
v -55.00000000 208.66700000 602.66700000 0.26274510 0.19215686 0.18431373
v -54.00000000 209.00000000 603.33300000 0.32156863 0.23921569 0.22745098
v -53.16670000 209.16700000 604.00000000 0.34901961 0.25098039 0.23137255
v -51.33330000 209.33300000 604.33300000 0.39215686 0.25882353 0.22352941
v -51.00000000 209.00000000 603.50000000 0.40000000 0.25490196 0.21960784
v -48.00000000 208.83300000 602.00000000 0.44705882 0.27058824 0.25098039
v -47.00000000 208.33300000 601.33300000 0.45490196 0.27843137 0.25882353
v -47.00000000 208.16700000 601.16700000 0.45882353 0.28235294 0.26274510
v -43.00000000 207.66700000 599.66700000 0.47843137 0.28235294 0.24705882
v -39.83330000 208.00000000 600.00000000 0.70196078 0.45098039 0.40392157
v -38.00000000 208.00000000 600.66700000 0.72941176 0.47058824 0.41568627
v -37.00000000 208.50000000 601.50000000 0.75686275 0.50196078 0.43137255
v -35.00000000 209.33300000 604.33300000 0.78823529 0.54117647 0.47450980
v -34.00000000 210.16700000 606.50000000 0.81568627 0.56862745 0.50980392
v -33.00000000 211.16700000 609.83300000 0.83529412 0.58823529 0.52941176
v -32.00000000 212.16700000 613.16700000 0.78823529 0.53725490 0.49019608
v -31.00000000 213.00000000 615.00000000 0.53725490 0.28627451 0.23921569
v -31.00000000 213.66700000 616.83300000 0.56078431 0.30980392 0.26274510
v -55.00000000 209.00000000 602.16700000 0.28235294 0.21176471 0.20392157
v -54.00000000 209.16700000 603.00000000 0.30980392 0.22745098 0.22352941
v -53.00000000 209.16700000 603.00000000 0.33333333 0.23921569 0.22352941
v -53.00000000 209.33300000 603.33300000 0.35294118 0.24313725 0.22745098
v -52.00000000 209.33300000 603.33300000 0.37254902 0.25098039 0.23137255
v -51.00000000 209.33300000 603.33300000 0.40000000 0.25490196 0.21960784
v -50.00000000 209.00000000 602.66700000 0.41960784 0.26274510 0.23137255
v -49.00000000 209.00000000 602.00000000 0.43529412 0.26666667 0.23921569
v -48.00000000 209.16700000 602.00000000 0.44313725 0.26666667 0.24705882
v -47.00000000 208.66700000 600.66700000 0.45882353 0.28235294 0.26274510
v -46.00000000 208.00000000 600.00000000 0.47843137 0.29411765 0.27058824
v -45.00000000 208.00000000 599.16700000 0.49019608 0.30196078 0.26274510
v -44.00000000 208.00000000 599.16700000 0.48627451 0.29019608 0.24705882
v -43.00000000 208.00000000 599.00000000 0.54117647 0.32941176 0.28235294
v -42.00000000 208.00000000 598.66700000 0.55294118 0.32549020 0.28235294
v -41.00000000 208.00000000 598.66700000 0.60392157 0.36862745 0.32941176
v -40.00000000 208.00000000 599.00000000 0.68627451 0.43529412 0.38823529
v -39.16670000 208.00000000 599.00000000 0.70588235 0.44705882 0.40000000
v -39.00000000 208.00000000 599.66700000 0.71764706 0.45490196 0.39215686
v -38.00000000 208.66700000 599.66700000 0.73333333 0.47058824 0.40784314
v -36.00000000 209.00000000 601.50000000 0.76078431 0.50588235 0.43529412
v -36.00000000 209.50000000 602.50000000 0.78039216 0.52156863 0.45882353
v -35.00000000 210.00000000 603.50000000 0.78431373 0.54509804 0.47450980
v -33.16670000 211.16700000 607.50000000 0.81960784 0.57647059 0.51764706
v -33.00000000 211.66700000 608.83300000 0.82352941 0.58039216 0.52156863
v -32.00000000 212.00000000 610.33300000 0.83529412 0.59215686 0.53333333
v -32.00000000 212.83300000 612.00000000 0.82352941 0.57254902 0.52549020
v -31.00000000 213.33300000 614.16700000 0.58431373 0.33333333 0.28627451
v -30.00000000 214.50000000 617.50000000 0.51764706 0.26666667 0.22745098
v -56.00000000 209.00000000 600.33300000 0.08627451 0.06274510 0.06274510
v -56.00000000 209.16700000 600.66700000 0.12549020 0.07843137 0.07843137
v -55.00000000 209.16700000 601.16700000 0.22352941 0.15294118 0.15294118
v -54.50000000 209.50000000 601.66700000 0.27450980 0.20392157 0.19607843
v -54.00000000 210.00000000 602.16700000 0.30196078 0.21960784 0.21568627
v -53.00000000 210.00000000 602.83300000 0.32941176 0.23137255 0.21568627
v -52.00000000 210.00000000 603.16700000 0.38039216 0.25098039 0.23137255
v -51.00000000 210.00000000 602.83300000 0.40784314 0.25882353 0.22352941
v -49.00000000 209.83300000 602.00000000 0.43529412 0.25882353 0.23529412
v -48.00000000 209.50000000 601.50000000 0.45098039 0.26274510 0.24705882
v -47.00000000 209.16700000 600.83300000 0.45882353 0.27058824 0.25490196
v -47.00000000 209.00000000 600.66700000 0.47058824 0.28627451 0.26274510
v -46.00000000 209.00000000 600.00000000 0.49019608 0.29803922 0.27843137
v -44.00000000 209.00000000 599.00000000 0.50588235 0.30196078 0.25882353
v -42.00000000 208.66700000 598.66700000 0.61568627 0.38039216 0.34117647
v -41.00000000 208.66700000 598.66700000 0.63137255 0.39607843 0.35294118
v -41.00000000 208.50000000 598.50000000 0.65490196 0.40392157 0.36470588
v -40.00000000 208.66700000 598.66700000 0.67058824 0.41960784 0.37254902
v -39.16670000 208.83300000 599.00000000 0.69803922 0.43921569 0.39215686
v -39.00000000 208.83300000 599.16700000 0.71372549 0.45098039 0.38823529
v -38.00000000 209.00000000 599.66700000 0.71764706 0.45490196 0.39215686
v -37.00000000 209.00000000 600.50000000 0.73333333 0.47058824 0.40392157
v -36.00000000 209.16700000 601.00000000 0.76078431 0.50588235 0.43529412
v -36.00000000 209.66700000 601.83300000 0.77647059 0.51764706 0.45490196
v -35.00000000 210.66700000 603.83300000 0.79607843 0.55294118 0.49411765
v -34.00000000 211.00000000 605.33300000 0.80392157 0.57254902 0.50980392
v -33.00000000 211.33300000 606.50000000 0.80000000 0.56862745 0.50588235
v -32.00000000 212.66700000 609.83300000 0.82352941 0.59215686 0.53725490
v -31.00000000 213.83300000 613.00000000 0.65098039 0.40784314 0.36470588
v -56.00000000 209.50000000 599.66700000 0.08235294 0.06274510 0.07843137
v -55.00000000 210.00000000 600.66700000 0.18431373 0.12156863 0.13333333
v -54.16670000 210.00000000 600.83300000 0.25882353 0.19607843 0.19607843
v -54.00000000 210.16700000 601.66700000 0.30196078 0.22352941 0.21960784
v -53.00000000 210.16700000 601.83300000 0.32549020 0.23137255 0.22352941
v -52.00000000 210.16700000 602.16700000 0.36470588 0.24313725 0.22352941
v -51.00000000 210.66700000 602.66700000 0.38823529 0.25490196 0.21960784
v -50.00000000 210.00000000 601.83300000 0.41176471 0.24313725 0.20784314
v -49.00000000 210.00000000 601.50000000 0.43137255 0.25882353 0.21568627
v -48.00000000 210.00000000 601.50000000 0.45882353 0.27450980 0.23529412
v -47.00000000 210.00000000 600.50000000 0.44705882 0.26274510 0.22352941
v -46.00000000 209.66700000 599.66700000 0.47450980 0.28627451 0.24705882
v -45.00000000 209.66700000 599.66700000 0.49019608 0.28627451 0.23529412
v -45.00000000 209.00000000 599.00000000 0.47450980 0.26274510 0.21568627
v -43.00000000 209.00000000 598.33300000 0.59215686 0.36470588 0.31764706
v -42.00000000 209.00000000 598.33300000 0.62352941 0.39607843 0.34901961
v -41.00000000 209.00000000 598.00000000 0.63921569 0.40784314 0.35294118
v -40.00000000 209.00000000 598.50000000 0.67450980 0.43137255 0.37254902
v -39.00000000 209.00000000 598.50000000 0.68235294 0.43529412 0.37647059
v -39.00000000 209.16700000 598.83300000 0.69411765 0.44705882 0.38823529
v -38.00000000 209.16700000 598.83300000 0.71372549 0.45490196 0.40000000
v -38.00000000 209.50000000 599.50000000 0.70980392 0.44705882 0.38431373
v -37.00000000 209.66700000 599.66700000 0.72156863 0.45882353 0.39607843
v -36.00000000 210.00000000 600.33300000 0.74901961 0.49019608 0.42745098
v -35.00000000 210.16700000 601.83300000 0.77254902 0.53333333 0.46274510
v -34.66670000 210.66700000 602.83300000 0.79215686 0.55294118 0.48235294
v -34.00000000 211.33300000 604.50000000 0.79215686 0.56078431 0.49019608
v -33.00000000 212.00000000 605.50000000 0.79215686 0.56078431 0.49019608
v -32.00000000 213.16700000 610.16700000 0.83137255 0.58823529 0.53725490
v -30.66670000 214.66700000 613.83300000 0.48627451 0.25098039 0.20784314
v -30.00000000 215.16700000 616.00000000 0.44705882 0.21176471 0.17254902
v -56.00000000 210.16700000 599.50000000 0.09803922 0.06274510 0.06666667
v -55.00000000 210.16700000 599.66700000 0.14901961 0.09019608 0.10196078
v -54.00000000 210.33300000 600.16700000 0.21960784 0.16470588 0.16078431
v -54.00000000 210.66700000 600.83300000 0.27450980 0.20392157 0.19607843
v -52.00000000 211.00000000 602.16700000 0.36470588 0.24313725 0.22352941
v -51.00000000 211.00000000 602.16700000 0.38431373 0.24705882 0.22352941
v -50.00000000 211.00000000 601.83300000 0.41568627 0.25882353 0.22745098
v -49.00000000 211.00000000 601.50000000 0.42745098 0.25490196 0.21960784
v -48.00000000 211.00000000 601.33300000 0.44705882 0.26274510 0.23137255
v -47.00000000 210.50000000 600.50000000 0.44313725 0.25882353 0.22745098
v -47.00000000 210.16700000 600.16700000 0.47058824 0.28627451 0.25490196
v -46.00000000 210.00000000 599.66700000 0.47843137 0.29019608 0.25098039
v -45.00000000 210.00000000 599.00000000 0.45882353 0.25490196 0.20392157
v -41.00000000 209.83300000 597.83300000 0.63137255 0.40392157 0.34901961
v -40.00000000 209.83300000 598.00000000 0.65490196 0.42352941 0.36078431
v -38.00000000 210.00000000 598.83300000 0.71372549 0.45490196 0.39215686
v -37.66670000 210.00000000 598.83300000 0.70588235 0.45098039 0.38039216
v -37.00000000 210.00000000 599.50000000 0.72156863 0.45882353 0.39215686
v -36.00000000 210.16700000 599.83300000 0.74901961 0.48627451 0.41960784
v -36.00000000 210.50000000 600.66700000 0.76470588 0.50196078 0.43529412
v -35.00000000 210.83300000 601.16700000 0.77254902 0.52549020 0.45490196
v -34.00000000 211.16700000 603.33300000 0.79607843 0.55686275 0.48627451
v -32.00000000 213.00000000 607.33300000 0.83137255 0.58823529 0.52941176
v -31.00000000 214.16700000 611.16700000 0.79607843 0.55294118 0.50980392
v -30.16670000 215.00000000 612.83300000 0.52549020 0.29019608 0.24705882
v -55.33330000 210.33300000 598.50000000 0.08627451 0.06274510 0.06274510
v -55.00000000 210.66700000 599.00000000 0.12156863 0.07450980 0.08235294
v -54.00000000 210.83300000 599.16700000 0.17647059 0.13333333 0.12549020
v -54.00000000 211.00000000 600.16700000 0.24705882 0.18823529 0.17647059
v -53.00000000 211.00000000 600.50000000 0.29803922 0.22352941 0.20784314
v -53.00000000 211.16700000 601.16700000 0.33333333 0.23921569 0.22352941
v -52.00000000 211.33300000 601.33300000 0.36470588 0.25098039 0.22745098
v -51.00000000 211.50000000 601.50000000 0.39607843 0.25098039 0.21960784
v -50.00000000 211.66700000 601.66700000 0.41176471 0.25098039 0.22745098
v -49.00000000 211.66700000 601.66700000 0.41176471 0.25490196 0.22352941
v -49.00000000 211.33300000 601.33300000 0.42352941 0.24705882 0.22352941
v -48.00000000 211.33300000 601.33300000 0.43921569 0.26274510 0.23921569
v -47.00000000 211.00000000 600.16700000 0.46666667 0.28235294 0.25882353
v -45.00000000 210.33300000 598.33300000 0.46274510 0.26666667 0.23137255
v -44.00000000 210.00000000 598.00000000 0.46666667 0.26274510 0.21960784
v -43.00000000 210.00000000 597.50000000 0.51764706 0.30588235 0.25882353
v -42.00000000 210.00000000 597.50000000 0.54509804 0.33333333 0.28627451
v -41.00000000 210.00000000 597.50000000 0.63529412 0.40784314 0.36078431
v -40.00000000 210.00000000 597.50000000 0.64705882 0.42352941 0.35686275
v -39.00000000 210.00000000 597.50000000 0.66274510 0.41960784 0.36078431
v -39.00000000 210.16700000 597.83300000 0.69019608 0.45098039 0.38039216
v -38.00000000 210.16700000 597.83300000 0.70588235 0.44705882 0.38431373
v -37.50000000 210.50000000 598.66700000 0.69803922 0.44313725 0.37254902
v -37.00000000 210.66700000 598.83300000 0.72156863 0.45882353 0.39215686
v -36.00000000 211.00000000 599.50000000 0.74509804 0.48235294 0.41568627
v -35.00000000 211.16700000 600.66700000 0.77254902 0.51764706 0.44705882
v -34.16670000 211.16700000 601.33300000 0.79215686 0.53725490 0.46666667
v -33.00000000 212.16700000 603.50000000 0.79607843 0.54901961 0.48235294
v -30.00000000 215.00000000 611.66700000 0.60392157 0.36862745 0.32549020
v -29.00000000 216.66700000 615.66700000 0.41568627 0.18431373 0.15294118
v -55.33330000 211.16700000 598.50000000 0.09019608 0.07450980 0.07058824
v -55.00000000 211.16700000 598.50000000 0.11372549 0.07450980 0.07843137
v -54.00000000 211.33300000 598.83300000 0.15294118 0.10980392 0.10196078
v -53.00000000 211.83300000 600.00000000 0.29019608 0.21568627 0.20000000
v -52.33330000 212.00000000 600.33300000 0.32549020 0.23137255 0.21568627
v -52.00000000 212.00000000 600.50000000 0.36078431 0.24705882 0.22352941
v -51.00000000 212.00000000 600.50000000 0.37647059 0.24705882 0.22745098
v -50.83330000 212.00000000 600.83300000 0.39607843 0.25098039 0.21960784
v -50.00000000 212.00000000 601.00000000 0.39215686 0.23137255 0.20784314
v -49.00000000 212.00000000 600.66700000 0.41176471 0.22745098 0.20392157
v -48.00000000 212.00000000 600.50000000 0.43529412 0.25098039 0.22745098
v -47.00000000 211.33300000 599.33300000 0.45882353 0.26666667 0.24705882
v -46.00000000 211.00000000 599.00000000 0.45882353 0.26666667 0.24705882
v -45.00000000 211.00000000 598.00000000 0.45098039 0.25882353 0.23137255
v -38.00000000 211.00000000 597.66700000 0.69411765 0.43529412 0.38039216
v -37.16670000 211.00000000 597.66700000 0.69803922 0.43921569 0.37647059
v -37.00000000 211.16700000 598.50000000 0.72156863 0.45882353 0.39607843
v -36.00000000 211.16700000 598.83300000 0.73333333 0.47058824 0.40392157
v -35.00000000 211.83300000 600.00000000 0.77254902 0.50980392 0.44313725
v -34.00000000 212.00000000 600.50000000 0.79215686 0.52941176 0.46274510
v -33.00000000 212.83300000 603.00000000 0.80392157 0.54509804 0.48235294
v -32.00000000 213.33300000 605.33300000 0.82352941 0.57647059 0.51764706
v -31.00000000 214.00000000 607.00000000 0.81960784 0.57647059 0.52549020
v -30.00000000 215.66700000 610.66700000 0.69411765 0.46666667 0.41960784
v -55.00000000 211.33300000 597.66700000 0.10196078 0.06666667 0.07058824
v -54.00000000 211.83300000 598.16700000 0.12549020 0.08627451 0.07843137
v -54.00000000 212.00000000 598.83300000 0.20000000 0.14509804 0.13333333
v -53.00000000 212.00000000 599.00000000 0.27450980 0.20392157 0.18823529
v -52.16670000 212.16700000 600.00000000 0.32156863 0.22745098 0.21176471
v -52.00000000 212.16700000 600.00000000 0.34901961 0.24313725 0.21568627
v -51.00000000 212.33300000 600.33300000 0.36862745 0.23921569 0.21960784
v -50.33330000 212.33300000 600.33300000 0.39607843 0.25098039 0.21960784
v -50.00000000 212.66700000 600.66700000 0.36470588 0.20392157 0.18039216
v -49.00000000 212.33300000 600.33300000 0.39215686 0.20784314 0.18431373
v -48.00000000 212.16700000 599.66700000 0.42352941 0.23137255 0.21176471
v -47.00000000 212.00000000 599.33300000 0.43529412 0.24313725 0.22352941
v -46.50000000 212.00000000 598.50000000 0.45490196 0.25490196 0.23921569
v -46.00000000 212.00000000 598.50000000 0.46274510 0.26274510 0.24705882
v -44.00000000 211.00000000 597.00000000 0.43921569 0.24313725 0.21568627
v -43.00000000 211.00000000 597.00000000 0.52549020 0.32156863 0.27843137
v -41.00000000 211.00000000 596.50000000 0.61176471 0.38823529 0.34509804
v -40.00000000 211.00000000 596.50000000 0.64705882 0.41568627 0.36078431
v -39.00000000 211.00000000 596.50000000 0.65882353 0.41568627 0.36470588
v -39.00000000 211.16700000 597.00000000 0.68235294 0.43529412 0.37647059
v -38.00000000 211.16700000 597.00000000 0.69019608 0.43137255 0.37647059
v -37.16670000 211.50000000 597.66700000 0.69411765 0.43529412 0.37254902
v -37.00000000 211.50000000 597.66700000 0.70980392 0.44705882 0.38431373
v -36.00000000 212.00000000 598.50000000 0.73725490 0.46666667 0.40392157
v -35.00000000 212.16700000 599.50000000 0.75294118 0.49019608 0.42352941
v -34.00000000 212.16700000 600.16700000 0.78431373 0.52156863 0.45490196
v -34.00000000 212.33300000 600.50000000 0.79215686 0.53333333 0.47058824
v -33.00000000 213.00000000 602.00000000 0.79215686 0.53333333 0.47058824
v -33.00000000 213.33300000 603.16700000 0.80000000 0.55294118 0.49411765
v -31.00000000 214.33300000 606.16700000 0.80392157 0.57254902 0.51764706
v -29.00000000 217.00000000 613.50000000 0.34117647 0.12941176 0.09019608
v -55.00000000 211.83300000 597.16700000 0.09411765 0.07058824 0.07058824
v -53.66670000 212.33300000 598.00000000 0.16470588 0.12156863 0.10588235
v -52.00000000 212.83300000 599.00000000 0.31372549 0.23137255 0.21176471
v -51.00000000 213.00000000 599.50000000 0.36078431 0.23921569 0.21960784
v -50.16670000 213.00000000 599.83300000 0.38431373 0.23921569 0.20784314
v -50.00000000 213.00000000 599.83300000 0.35686275 0.19607843 0.17254902
v -49.00000000 213.00000000 600.33300000 0.34509804 0.16862745 0.14509804
v -48.83330000 213.00000000 600.16700000 0.41176471 0.21960784 0.20000000
v -48.00000000 213.00000000 599.33300000 0.43529412 0.24313725 0.22352941
v -47.00000000 213.00000000 599.33300000 0.44313725 0.24313725 0.22745098
v -46.50000000 212.50000000 598.50000000 0.45882353 0.25098039 0.23529412
v -46.00000000 212.50000000 598.50000000 0.47450980 0.26666667 0.25098039
v -45.00000000 212.00000000 597.50000000 0.46274510 0.26666667 0.23137255
v -44.33330000 212.00000000 597.33300000 0.47450980 0.27843137 0.24313725
v -43.00000000 211.83300000 596.83300000 0.45490196 0.24705882 0.21568627
v -42.00000000 211.00000000 596.00000000 0.55686275 0.35294118 0.30980392
v -40.50000000 211.50000000 595.66700000 0.62745098 0.39215686 0.34901961
v -40.00000000 211.50000000 595.66700000 0.65098039 0.41960784 0.36470588
v -39.00000000 211.50000000 595.83300000 0.65490196 0.41176471 0.36078431
v -39.00000000 211.83300000 596.00000000 0.65882353 0.41176471 0.35294118
v -38.00000000 212.00000000 596.33300000 0.65882353 0.41176471 0.35294118
v -37.00000000 212.00000000 596.66700000 0.67843137 0.41960784 0.35686275
v -36.00000000 212.16700000 597.50000000 0.69803922 0.43529412 0.36862745
v -35.66670000 212.16700000 597.83300000 0.74117647 0.47843137 0.41176471
v -35.00000000 212.33300000 598.50000000 0.77647059 0.51372549 0.44705882
v -33.00000000 213.16700000 600.66700000 0.80784314 0.54901961 0.48627451
v -32.83330000 213.83300000 602.16700000 0.79215686 0.54509804 0.48627451
v -32.00000000 214.00000000 603.33300000 0.79607843 0.54509804 0.49803922
v -54.00000000 212.33300000 597.00000000 0.10196078 0.08235294 0.07058824
v -53.66670000 212.66700000 598.00000000 0.13725490 0.09803922 0.09019608
v -53.00000000 212.66700000 598.00000000 0.22352941 0.16470588 0.15294118
v -50.00000000 213.50000000 599.50000000 0.37254902 0.22745098 0.19607843
v -50.00000000 213.66700000 599.83300000 0.36078431 0.20000000 0.17647059
v -49.00000000 213.50000000 599.66700000 0.35294118 0.17647059 0.15294118
v -48.83330000 213.83300000 600.16700000 0.41568627 0.22352941 0.20392157
v -48.00000000 213.33300000 599.33300000 0.42745098 0.23529412 0.21568627
v -47.00000000 213.33300000 599.33300000 0.43137255 0.23137255 0.21568627
v -46.50000000 213.00000000 598.50000000 0.44705882 0.23921569 0.22352941
v -45.00000000 212.50000000 597.50000000 0.47843137 0.28235294 0.24705882
v -44.33330000 212.33300000 597.33300000 0.48235294 0.28627451 0.25098039
v -44.00000000 212.00000000 596.83300000 0.45882353 0.26274510 0.22745098
v -43.00000000 212.00000000 596.66700000 0.44313725 0.23529412 0.20392157
v -42.00000000 212.00000000 595.83300000 0.53725490 0.33333333 0.29019608
v -40.50000000 212.00000000 595.50000000 0.60784314 0.38039216 0.33725490
v -40.00000000 212.00000000 595.66700000 0.60392157 0.37647059 0.32941176
v -39.00000000 212.00000000 595.66700000 0.59607843 0.36078431 0.31764706
v -36.00000000 212.83300000 597.00000000 0.65490196 0.39607843 0.33333333
v -35.16670000 213.00000000 597.16700000 0.69411765 0.43529412 0.37254902
v -34.00000000 213.00000000 598.33300000 0.78823529 0.52549020 0.46274510
v -34.00000000 213.33300000 599.33300000 0.80784314 0.54509804 0.48235294
v -32.16670000 214.00000000 601.16700000 0.80000000 0.55294118 0.49411765
v -32.00000000 214.50000000 602.50000000 0.79607843 0.54509804 0.49803922
v -31.00000000 215.00000000 604.16700000 0.79215686 0.56078431 0.50588235
v -31.00000000 215.33300000 605.33300000 0.79215686 0.55686275 0.51372549
v -30.00000000 216.00000000 607.33300000 0.81960784 0.59607843 0.55294118
v -28.33330000 218.33300000 613.33300000 0.31764706 0.10980392 0.07843137
v -54.00000000 213.00000000 596.83300000 0.09803922 0.08235294 0.07843137
v -53.33330000 213.00000000 597.00000000 0.11764706 0.08627451 0.07843137
v -53.00000000 213.00000000 597.66700000 0.19215686 0.13725490 0.13333333
v -52.00000000 213.00000000 597.66700000 0.28235294 0.20784314 0.19215686
v -52.00000000 213.33300000 598.33300000 0.31764706 0.22352941 0.20784314
v -51.00000000 213.50000000 598.50000000 0.34509804 0.22352941 0.20392157
v -50.00000000 213.83300000 599.16700000 0.36470588 0.20392157 0.18039216
v -49.00000000 214.00000000 599.50000000 0.34509804 0.16862745 0.14509804
v -48.50000000 214.00000000 599.50000000 0.38039216 0.18823529 0.16862745
v -48.00000000 213.83300000 599.16700000 0.38431373 0.19215686 0.17254902
v -47.00000000 213.50000000 598.66700000 0.40392157 0.20392157 0.18823529
v -46.33330000 213.33300000 598.33300000 0.43137255 0.22352941 0.20784314
v -46.00000000 213.00000000 598.00000000 0.45882353 0.25098039 0.23529412
v -45.00000000 213.00000000 597.50000000 0.49019608 0.28235294 0.25882353
v -42.00000000 212.66700000 595.66700000 0.49411765 0.28627451 0.25490196
v -42.00000000 212.16700000 595.16700000 0.52941176 0.31372549 0.28627451
v -41.00000000 212.00000000 595.00000000 0.53725490 0.32549020 0.28627451
v -40.16670000 212.16700000 594.83300000 0.55294118 0.32941176 0.29411765
v -40.00000000 212.33300000 595.00000000 0.56470588 0.33725490 0.29411765
v -39.00000000 212.16700000 595.00000000 0.55294118 0.32549020 0.28235294
v -38.83330000 212.33300000 595.16700000 0.54901961 0.31372549 0.27058824
v -38.00000000 212.16700000 595.16700000 0.57254902 0.33725490 0.29411765
v -37.00000000 212.33300000 595.33300000 0.59215686 0.34901961 0.30588235
v -35.00000000 213.16700000 596.83300000 0.59215686 0.33333333 0.27058824
v -34.00000000 213.66700000 597.66700000 0.64705882 0.38431373 0.32156863
v -32.00000000 214.16700000 600.16700000 0.78823529 0.52941176 0.48235294
v -31.00000000 215.16700000 602.83300000 0.80392157 0.56078431 0.51764706
v -30.00000000 216.33300000 606.16700000 0.79215686 0.56862745 0.52549020
v -53.00000000 213.66700000 596.66700000 0.09411765 0.07058824 0.07843137
v -51.66670000 214.00000000 597.66700000 0.30980392 0.21568627 0.21568627
v -51.00000000 214.00000000 598.33300000 0.34901961 0.22745098 0.21960784
v -50.00000000 214.00000000 598.33300000 0.37254902 0.23529412 0.22745098
v -50.00000000 214.33300000 599.16700000 0.35686275 0.19607843 0.18039216
v -49.00000000 214.33300000 599.16700000 0.33725490 0.14901961 0.13333333
v -48.50000000 214.50000000 599.50000000 0.34509804 0.14509804 0.12941176
v -48.00000000 214.16700000 598.66700000 0.36078431 0.15294118 0.12156863
v -47.00000000 214.16700000 598.66700000 0.37254902 0.14901961 0.12156863
v -46.16670000 214.00000000 598.16700000 0.41960784 0.19607843 0.16078431
v -46.00000000 214.00000000 598.00000000 0.47843137 0.24705882 0.21568627
v -45.00000000 214.00000000 597.00000000 0.50196078 0.27843137 0.25098039
v -44.00000000 213.00000000 596.00000000 0.51372549 0.29019608 0.25490196
v -43.00000000 213.00000000 595.83300000 0.42352941 0.20000000 0.16470588
v -42.00000000 213.00000000 595.00000000 0.50196078 0.29019608 0.25098039
v -41.00000000 213.00000000 595.00000000 0.50588235 0.29411765 0.24705882
v -39.00000000 213.00000000 594.66700000 0.52941176 0.30196078 0.25882353
v -38.83330000 213.00000000 594.83300000 0.49019608 0.26274510 0.21568627
v -37.00000000 213.00000000 595.16700000 0.50980392 0.24705882 0.21176471
v -36.00000000 213.00000000 596.00000000 0.55686275 0.29019608 0.24705882
v -35.00000000 213.00000000 596.00000000 0.63137255 0.36470588 0.32156863
v -35.00000000 213.33300000 596.33300000 0.67450980 0.40000000 0.35294118
v -34.00000000 213.83300000 596.83300000 0.69411765 0.41960784 0.37254902
v -33.00000000 214.00000000 598.83300000 0.76078431 0.49411765 0.44313725
v -32.00000000 214.83300000 599.83300000 0.77647059 0.51764706 0.46274510
v -31.00000000 215.50000000 601.50000000 0.80392157 0.56078431 0.50196078
v -30.00000000 216.83300000 605.00000000 0.76862745 0.54117647 0.48627451
v -29.66670000 217.00000000 606.66700000 0.82745098 0.60392157 0.56078431
v -28.00000000 218.83300000 611.00000000 0.28235294 0.07450980 0.04313725
v -53.00000000 214.00000000 596.16700000 0.09019608 0.06666667 0.06666667
v -52.00000000 214.00000000 596.50000000 0.23529412 0.16470588 0.16470588
v -51.33330000 214.33300000 597.33300000 0.30588235 0.21176471 0.20392157
v -51.00000000 214.66700000 597.66700000 0.34509804 0.22352941 0.21568627
v -49.00000000 215.00000000 598.50000000 0.35686275 0.16862745 0.15294118
v -48.00000000 215.00000000 598.50000000 0.36078431 0.15294118 0.12156863
v -47.00000000 214.83300000 598.16700000 0.40000000 0.18431373 0.15686275
v -46.00000000 214.66700000 597.66700000 0.45098039 0.22745098 0.19215686
v -46.00000000 214.16700000 597.16700000 0.46274510 0.23921569 0.20392157
v -44.00000000 214.00000000 596.00000000 0.49019608 0.26666667 0.23921569
v -43.00000000 214.00000000 595.00000000 0.41176471 0.19607843 0.16862745
v -42.00000000 213.16700000 594.16700000 0.46666667 0.25490196 0.21568627
v -41.00000000 213.16700000 594.16700000 0.47843137 0.26666667 0.21960784
v -40.00000000 213.00000000 594.00000000 0.48627451 0.27450980 0.22745098
v -40.00000000 213.16700000 593.83300000 0.43921569 0.21568627 0.17254902
v -39.00000000 213.16700000 594.00000000 0.43921569 0.21176471 0.16862745
v -38.00000000 213.00000000 593.83300000 0.45098039 0.21568627 0.17254902
v -37.00000000 213.16700000 594.16700000 0.57254902 0.32156863 0.27450980
v -37.00000000 213.66700000 594.66700000 0.61960784 0.36078431 0.31372549
v -34.00000000 214.00000000 596.00000000 0.73725490 0.45490196 0.40784314
v -33.83330000 214.00000000 596.83300000 0.75294118 0.47843137 0.43137255
v -33.00000000 214.83300000 597.83300000 0.76862745 0.49411765 0.44705882
v -31.00000000 215.83300000 600.83300000 0.80000000 0.55686275 0.49803922
v -31.00000000 216.33300000 602.33300000 0.80000000 0.56862745 0.50588235
v -29.00000000 217.33300000 605.33300000 0.82745098 0.60784314 0.55686275
v -28.00000000 219.66700000 611.83300000 0.29411765 0.09803922 0.06274510
v -51.00000000 215.00000000 596.66700000 0.28627451 0.20392157 0.19215686
v -50.00000000 215.00000000 597.66700000 0.35294118 0.21960784 0.21176471
v -50.00000000 215.33300000 598.33300000 0.35686275 0.20392157 0.18431373
v -49.00000000 215.33300000 598.16700000 0.37647059 0.20000000 0.18039216
v -48.00000000 215.66700000 598.50000000 0.37254902 0.18039216 0.16078431
v -48.00000000 215.33300000 598.16700000 0.36862745 0.17254902 0.13725490
v -47.00000000 215.16700000 597.83300000 0.41960784 0.21176471 0.18039216
v -46.00000000 215.00000000 597.00000000 0.45098039 0.23921569 0.20000000
v -45.00000000 215.00000000 596.16700000 0.46274510 0.24705882 0.21960784
v -44.00000000 214.33300000 595.33300000 0.47843137 0.26274510 0.23529412
v -42.00000000 214.00000000 594.00000000 0.41960784 0.21568627 0.17254902
v -36.66670000 214.00000000 593.66700000 0.65098039 0.39215686 0.34509804
v -35.00000000 214.00000000 594.66700000 0.68627451 0.41176471 0.37254902
v -34.00000000 214.50000000 595.33300000 0.74901961 0.46666667 0.41176471
v -33.50000000 214.83300000 596.33300000 0.75686275 0.48627451 0.42745098
v -32.00000000 215.00000000 597.83300000 0.75686275 0.49803922 0.43529412
v -31.00000000 216.00000000 600.00000000 0.80000000 0.56078431 0.49019608
v -30.33330000 216.33300000 601.33300000 0.80784314 0.56470588 0.50588235
v -28.00000000 219.00000000 608.50000000 0.48627451 0.28235294 0.23921569
v -27.00000000 220.66700000 612.66700000 0.31764706 0.12549020 0.09803922
v -53.00000000 215.00000000 595.33300000 0.08235294 0.06666667 0.07058824
v -52.00000000 215.00000000 595.66700000 0.16862745 0.10588235 0.10588235
v -51.00000000 215.50000000 596.50000000 0.27058824 0.18823529 0.18431373
v -49.00000000 216.00000000 597.83300000 0.37647059 0.20784314 0.18431373
v -48.00000000 215.83300000 597.50000000 0.38039216 0.18823529 0.16078431
v -47.00000000 215.83300000 597.16700000 0.40392157 0.20784314 0.17254902
v -46.00000000 215.83300000 597.00000000 0.44313725 0.23921569 0.19607843
v -46.00000000 215.50000000 596.50000000 0.44313725 0.23529412 0.20392157
v -45.00000000 215.16700000 596.16700000 0.45882353 0.25098039 0.21960784
v -44.00000000 215.00000000 595.16700000 0.47450980 0.26666667 0.24313725
v -42.00000000 214.83300000 593.83300000 0.37254902 0.16862745 0.12549020
v -42.00000000 214.16700000 593.16700000 0.40392157 0.20000000 0.15686275
v -41.00000000 214.00000000 593.00000000 0.43529412 0.23137255 0.18823529
v -40.00000000 214.00000000 592.66700000 0.43921569 0.23137255 0.17647059
v -39.00000000 214.00000000 592.66700000 0.51764706 0.29019608 0.24313725
v -38.00000000 214.00000000 592.66700000 0.58823529 0.36078431 0.31372549
v -37.00000000 214.00000000 592.50000000 0.63529412 0.38431373 0.33725490
v -36.00000000 214.00000000 593.00000000 0.63529412 0.37647059 0.32941176
v -33.00000000 215.00000000 595.33300000 0.76470588 0.48235294 0.42745098
v -33.00000000 215.16700000 596.00000000 0.78431373 0.50196078 0.44705882
v -32.00000000 215.83300000 596.83300000 0.76862745 0.50588235 0.43921569
v -31.00000000 216.16700000 599.16700000 0.80000000 0.55294118 0.48627451
v -28.00000000 219.33300000 607.33300000 0.62745098 0.42352941 0.38039216
v -53.00000000 215.16700000 595.16700000 0.08627451 0.05098039 0.05490196
v -52.00000000 215.66700000 595.66700000 0.14901961 0.08627451 0.09019608
v -51.00000000 215.83300000 595.83300000 0.24705882 0.16862745 0.16470588
v -50.00000000 216.00000000 596.83300000 0.33333333 0.21176471 0.20392157
v -49.83330000 216.50000000 597.33300000 0.32941176 0.18039216 0.16862745
v -49.00000000 216.50000000 597.33300000 0.35686275 0.19607843 0.18039216
v -48.00000000 216.66700000 597.50000000 0.37254902 0.19607843 0.17647059
v -48.00000000 216.50000000 597.33300000 0.36470588 0.18039216 0.14901961
v -47.00000000 216.33300000 597.16700000 0.38823529 0.19215686 0.16470588
v -46.00000000 216.00000000 596.33300000 0.44313725 0.23529412 0.20392157
v -45.00000000 216.00000000 595.66700000 0.46666667 0.25882353 0.23529412
v -44.00000000 215.66700000 594.66700000 0.48235294 0.27450980 0.25098039
v -43.00000000 215.00000000 593.83300000 0.48627451 0.27843137 0.24705882
v -40.00000000 214.66700000 592.66700000 0.50196078 0.29411765 0.23921569
v -39.00000000 214.33300000 592.33300000 0.54901961 0.32941176 0.27843137
v -38.00000000 214.33300000 592.33300000 0.58039216 0.35294118 0.30588235
v -38.00000000 214.16700000 592.16700000 0.60392157 0.36078431 0.31764706
v -37.00000000 214.16700000 592.16700000 0.61568627 0.37254902 0.32156863
v -36.00000000 214.66700000 592.66700000 0.63137255 0.37254902 0.32549020
v -34.00000000 215.00000000 594.00000000 0.75294118 0.46274510 0.41176471
v -32.00000000 216.00000000 596.16700000 0.77647059 0.51372549 0.44705882
v -30.00000000 217.00000000 599.33300000 0.79607843 0.55686275 0.48627451
v -29.00000000 218.00000000 602.50000000 0.79607843 0.56862745 0.51372549
v -53.00000000 216.00000000 594.33300000 0.08235294 0.07450980 0.08627451
v -52.00000000 216.00000000 594.83300000 0.13333333 0.07843137 0.07843137
v -51.00000000 216.00000000 595.66700000 0.22352941 0.15294118 0.15294118
v -50.00000000 216.66700000 596.50000000 0.32156863 0.20392157 0.19607843
v -49.66670000 216.66700000 596.50000000 0.32549020 0.18823529 0.18039216
v -49.00000000 216.83300000 596.66700000 0.34117647 0.18039216 0.16470588
v -48.00000000 216.83300000 596.66700000 0.34117647 0.16470588 0.15294118
v -47.83330000 216.83300000 596.66700000 0.34509804 0.16078431 0.13725490
v -47.00000000 216.83300000 596.50000000 0.38039216 0.18823529 0.16862745
v -46.00000000 216.83300000 595.83300000 0.43921569 0.23137255 0.20000000
v -45.00000000 216.50000000 595.50000000 0.47450980 0.26666667 0.23529412
v -44.00000000 216.00000000 594.33300000 0.49411765 0.28627451 0.25490196
v -43.00000000 215.66700000 593.66700000 0.49019608 0.28235294 0.25098039
v -42.00000000 215.16700000 593.16700000 0.41176471 0.20784314 0.16470588
v -42.00000000 215.00000000 592.83300000 0.37647059 0.17254902 0.12941176
v -41.00000000 215.00000000 592.16700000 0.47450980 0.27058824 0.21960784
v -40.00000000 215.00000000 591.83300000 0.54901961 0.33725490 0.29019608
v -39.00000000 215.00000000 591.66700000 0.58039216 0.35294118 0.30980392
v -38.00000000 215.00000000 591.50000000 0.58823529 0.36078431 0.31372549
v -37.00000000 215.00000000 591.33300000 0.62745098 0.37647059 0.32941176
v -36.00000000 215.00000000 592.00000000 0.64313725 0.38431373 0.33725490
v -35.00000000 215.00000000 592.83300000 0.69019608 0.41568627 0.37647059
v -34.83330000 215.00000000 592.83300000 0.70980392 0.42745098 0.37254902
v -34.00000000 215.50000000 593.50000000 0.73725490 0.44705882 0.39607843
v -33.00000000 215.66700000 593.66700000 0.74117647 0.45882353 0.40000000
v -32.00000000 216.16700000 595.16700000 0.77254902 0.50980392 0.44313725
v -30.00000000 217.50000000 598.50000000 0.79215686 0.55294118 0.48235294
v -29.00000000 218.33300000 601.33300000 0.79607843 0.56862745 0.51372549
v -26.00000000 222.00000000 611.33300000 0.33333333 0.14117647 0.11372549
v -52.16670000 216.16700000 594.16700000 0.09019608 0.06666667 0.06666667
v -52.00000000 216.50000000 594.50000000 0.10980392 0.06274510 0.06274510
v -51.00000000 216.83300000 594.83300000 0.19215686 0.12156863 0.12156863
v -50.00000000 217.00000000 595.83300000 0.31764706 0.20000000 0.19215686
v -49.50000000 217.00000000 596.33300000 0.33725490 0.20000000 0.19215686
v -49.00000000 217.00000000 596.66700000 0.34117647 0.18039216 0.16470588
v -48.00000000 217.00000000 596.66700000 0.34117647 0.16470588 0.14509804
v -47.00000000 217.66700000 596.50000000 0.39215686 0.20000000 0.17254902
v -46.00000000 217.66700000 596.50000000 0.42352941 0.22745098 0.19215686
v -46.00000000 217.00000000 595.83300000 0.43921569 0.23137255 0.20000000
v -44.00000000 216.50000000 594.50000000 0.49803922 0.27450980 0.24705882
v -44.00000000 216.33300000 594.33300000 0.50196078 0.27843137 0.25098039
v -43.00000000 216.00000000 593.33300000 0.49803922 0.27450980 0.24705882
v -42.00000000 216.00000000 593.16700000 0.45882353 0.24705882 0.20784314
v -41.16670000 216.00000000 592.16700000 0.37647059 0.16470588 0.12549020
v -40.00000000 215.66700000 591.66700000 0.55294118 0.32941176 0.28627451
v -40.00000000 215.50000000 591.50000000 0.56862745 0.34117647 0.29803922
v -39.00000000 215.50000000 591.50000000 0.58823529 0.35294118 0.31372549
v -38.00000000 215.50000000 591.50000000 0.60000000 0.36470588 0.32156863
v -38.00000000 215.33300000 591.33300000 0.61568627 0.36470588 0.32549020
v -37.00000000 215.33300000 591.33300000 0.62352941 0.37254902 0.32549020
v -36.00000000 215.33300000 591.33300000 0.63921569 0.37254902 0.32941176
v -36.00000000 215.50000000 591.50000000 0.65882353 0.39215686 0.34901961
v -34.33330000 216.00000000 592.33300000 0.70196078 0.41960784 0.36470588
v -33.00000000 216.00000000 593.16700000 0.74509804 0.46274510 0.40392157
v -32.00000000 216.50000000 594.50000000 0.77647059 0.51372549 0.44705882
v -31.33330000 217.00000000 595.33300000 0.78039216 0.51764706 0.45098039
v -26.00000000 222.33300000 610.33300000 0.32156863 0.12549020 0.09019608
v -52.00000000 217.00000000 593.66700000 0.08235294 0.06666667 0.06274510
v -51.00000000 217.00000000 594.50000000 0.17254902 0.10196078 0.10196078
v -50.00000000 217.66700000 595.50000000 0.32156863 0.20392157 0.19607843
v -49.00000000 217.66700000 595.50000000 0.34509804 0.20784314 0.19215686
v -49.00000000 217.83300000 596.16700000 0.34901961 0.18823529 0.17254902
v -48.00000000 217.83300000 596.16700000 0.36470588 0.18823529 0.16862745
v -47.83330000 217.83300000 596.16700000 0.38823529 0.20392157 0.17254902
v -47.00000000 217.83300000 596.00000000 0.40000000 0.20784314 0.18039216
v -46.00000000 217.83300000 595.83300000 0.42352941 0.22745098 0.19215686
v -45.83330000 217.83300000 595.66700000 0.44313725 0.23529412 0.20392157
v -45.00000000 217.00000000 594.83300000 0.48235294 0.25882353 0.23137255
v -44.00000000 217.00000000 594.50000000 0.50980392 0.27843137 0.25490196
v -43.83330000 217.00000000 594.00000000 0.50980392 0.27843137 0.24705882
v -43.00000000 217.00000000 593.33300000 0.50980392 0.27843137 0.24705882
v -42.00000000 216.33300000 592.33300000 0.51372549 0.29019608 0.25490196
v -41.16670000 216.16700000 592.16700000 0.38823529 0.16470588 0.12941176
v -41.00000000 216.00000000 591.16700000 0.48235294 0.25882353 0.21568627
v -40.00000000 216.00000000 591.16700000 0.54509804 0.31764706 0.27450980
v -39.66670000 216.00000000 590.66700000 0.60392157 0.37647059 0.33333333
v -39.00000000 216.00000000 590.66700000 0.60392157 0.35686275 0.32156863
v -38.00000000 216.00000000 590.50000000 0.61960784 0.35686275 0.32156863
v -37.00000000 216.00000000 590.33300000 0.63137255 0.36862745 0.33333333
v -36.00000000 216.00000000 590.50000000 0.67058824 0.39607843 0.35686275
v -35.00000000 216.00000000 591.33300000 0.69411765 0.41176471 0.36470588
v -34.00000000 216.00000000 591.33300000 0.70980392 0.42745098 0.37254902
v -34.00000000 216.33300000 592.16700000 0.74117647 0.45490196 0.39607843
v -33.00000000 216.33300000 592.33300000 0.77647059 0.49803922 0.42745098
v -32.00000000 217.00000000 593.66700000 0.78823529 0.52549020 0.45098039
v -31.00000000 217.00000000 594.66700000 0.78039216 0.51764706 0.44313725
v -31.00000000 217.33300000 595.33300000 0.76862745 0.52156863 0.45098039
v -30.00000000 218.00000000 596.83300000 0.79215686 0.54509804 0.47450980
v -30.00000000 218.83300000 597.83300000 0.79607843 0.56470588 0.49411765
v -29.00000000 219.00000000 599.33300000 0.81176471 0.58039216 0.51764706
v -29.00000000 219.83300000 600.83300000 0.80392157 0.58431373 0.51764706
v -28.00000000 220.00000000 602.66700000 0.83529412 0.61568627 0.56470588
v -52.00000000 217.16700000 593.16700000 0.08235294 0.07450980 0.08627451
v -52.00000000 217.50000000 593.50000000 0.08235294 0.04705882 0.05098039
v -51.00000000 217.83300000 593.83300000 0.13725490 0.09019608 0.09019608
v -50.00000000 218.00000000 594.83300000 0.30980392 0.20784314 0.20392157
v -49.00000000 218.00000000 595.33300000 0.34509804 0.21176471 0.20392157
v -48.00000000 218.16700000 596.00000000 0.38039216 0.20784314 0.19607843
v -47.83330000 218.16700000 596.00000000 0.39607843 0.21176471 0.18823529
v -47.00000000 218.00000000 595.83300000 0.41176471 0.21960784 0.20000000
v -46.00000000 218.00000000 595.83300000 0.42745098 0.23137255 0.20392157
v -45.83330000 218.00000000 594.83300000 0.43137255 0.22352941 0.20000000
v -44.00000000 217.83300000 594.00000000 0.49019608 0.27843137 0.23921569
v -43.50000000 217.50000000 593.50000000 0.49411765 0.29019608 0.24705882
v -43.00000000 217.16700000 593.16700000 0.51372549 0.30980392 0.26666667
v -42.00000000 217.00000000 592.16700000 0.50980392 0.29803922 0.25882353
v -40.00000000 216.83300000 591.00000000 0.56862745 0.33333333 0.29411765
v -39.66670000 216.66700000 590.66700000 0.59215686 0.34901961 0.30588235
v -39.00000000 216.50000000 590.50000000 0.59215686 0.34117647 0.30196078
v -37.00000000 216.33300000 590.33300000 0.61960784 0.35294118 0.30980392
v -36.00000000 216.33300000 590.33300000 0.63529412 0.36862745 0.32549020
v -35.00000000 216.50000000 590.50000000 0.69411765 0.41960784 0.37254902
v -33.00000000 217.00000000 592.16700000 0.75686275 0.48627451 0.42745098
v -32.00000000 217.16700000 593.16700000 0.74509804 0.47450980 0.41176471
v -30.00000000 218.16700000 596.16700000 0.78823529 0.52549020 0.45882353
v -28.33330000 220.00000000 600.16700000 0.82745098 0.60392157 0.53725490
v -28.00000000 220.66700000 601.66700000 0.82745098 0.61960784 0.56470588
v -27.00000000 221.00000000 603.33300000 0.79215686 0.58823529 0.53333333
v -52.00000000 218.00000000 592.83300000 0.07058824 0.05098039 0.03921569
v -51.00000000 218.00000000 593.50000000 0.12156863 0.07843137 0.07058824
v -50.50000000 218.00000000 593.50000000 0.23529412 0.16470588 0.14901961
v -50.00000000 218.33300000 594.33300000 0.29411765 0.20000000 0.18431373
v -49.00000000 218.50000000 594.66700000 0.33725490 0.21568627 0.19607843
v -49.00000000 218.83300000 595.16700000 0.35686275 0.21960784 0.19607843
v -48.00000000 218.83300000 595.16700000 0.38039216 0.21960784 0.19607843
v -47.33330000 218.83300000 595.16700000 0.39607843 0.22352941 0.18823529
v -47.00000000 218.83300000 595.16700000 0.41176471 0.21960784 0.19215686
v -46.00000000 218.83300000 594.83300000 0.41960784 0.23137255 0.19215686
v -45.83330000 218.83300000 594.83300000 0.42352941 0.22745098 0.19215686
v -45.00000000 218.00000000 593.83300000 0.45098039 0.24705882 0.20392157
v -44.00000000 218.00000000 593.83300000 0.47450980 0.27058824 0.22745098
v -43.16670000 218.00000000 593.00000000 0.49803922 0.29411765 0.25098039
v -43.00000000 218.00000000 592.83300000 0.50980392 0.30588235 0.26274510
v -42.00000000 217.83300000 592.00000000 0.51372549 0.30196078 0.25490196
v -41.00000000 217.00000000 590.83300000 0.43137255 0.20392157 0.15686275
v -40.00000000 217.00000000 590.83300000 0.50980392 0.26666667 0.22352941
v -39.33330000 216.83300000 590.16700000 0.50196078 0.25882353 0.21568627
v -39.00000000 216.83300000 590.16700000 0.53725490 0.28627451 0.24705882
v -38.00000000 216.50000000 589.50000000 0.60000000 0.34117647 0.29411765
v -37.50000000 216.50000000 589.50000000 0.63529412 0.37647059 0.32941176
v -37.00000000 216.50000000 589.50000000 0.64313725 0.37647059 0.32549020
v -36.00000000 216.66700000 589.83300000 0.65098039 0.38431373 0.33333333
v -36.00000000 216.50000000 589.66700000 0.66666667 0.39215686 0.34509804
v -35.00000000 217.00000000 590.16700000 0.67843137 0.40392157 0.35686275
v -34.00000000 217.00000000 590.16700000 0.67843137 0.39607843 0.34117647
v -33.00000000 217.33300000 591.33300000 0.70196078 0.41960784 0.36078431
v -32.00000000 218.00000000 592.66700000 0.74901961 0.47843137 0.41568627
v -31.00000000 218.00000000 593.33300000 0.78823529 0.51764706 0.45490196
v -31.00000000 218.16700000 594.16700000 0.80784314 0.54509804 0.47843137
v -29.00000000 219.33300000 597.33300000 0.83137255 0.58823529 0.52941176
v -27.00000000 221.33300000 602.33300000 0.83137255 0.62745098 0.57254902
v -52.00000000 218.50000000 592.50000000 0.08235294 0.07843137 0.07058824
v -51.00000000 218.83300000 592.83300000 0.10196078 0.05882353 0.05098039
v -50.50000000 219.00000000 593.50000000 0.21176471 0.14117647 0.12549020
v -49.00000000 219.00000000 594.33300000 0.32941176 0.22352941 0.19607843
v -49.00000000 219.16700000 594.66700000 0.36078431 0.23137255 0.20392157
v -48.00000000 219.16700000 595.00000000 0.37647059 0.23137255 0.20000000
v -47.16670000 219.16700000 595.00000000 0.39607843 0.22745098 0.19215686
v -47.00000000 219.33300000 595.16700000 0.41176471 0.22745098 0.19607843
v -46.00000000 219.00000000 594.83300000 0.41176471 0.22745098 0.18823529
v -45.50000000 219.00000000 594.50000000 0.41960784 0.22352941 0.18823529
v -45.00000000 219.00000000 593.83300000 0.43921569 0.24313725 0.20000000
v -44.00000000 219.00000000 593.33300000 0.46666667 0.26274510 0.21960784
v -43.16670000 218.83300000 593.00000000 0.50588235 0.30196078 0.25882353
v -43.00000000 218.33300000 592.33300000 0.50980392 0.29803922 0.25882353
v -42.00000000 218.16700000 592.00000000 0.51372549 0.30196078 0.25490196
v -41.00000000 217.83300000 590.83300000 0.42745098 0.20000000 0.15294118
v -40.00000000 217.50000000 590.50000000 0.46666667 0.22352941 0.18039216
v -39.33330000 217.33300000 590.16700000 0.49019608 0.24705882 0.19607843
v -39.00000000 217.00000000 589.66700000 0.53333333 0.28235294 0.23529412
v -38.00000000 217.00000000 589.50000000 0.59607843 0.33725490 0.28235294
v -37.50000000 217.00000000 589.50000000 0.63137255 0.36470588 0.31372549
v -37.00000000 217.00000000 589.50000000 0.63921569 0.37647059 0.31372549
v -36.00000000 217.00000000 589.50000000 0.63921569 0.36862745 0.30980392
v -36.00000000 217.16700000 589.66700000 0.64705882 0.36470588 0.30980392
v -35.00000000 217.16700000 589.66700000 0.64705882 0.36470588 0.30980392
v -34.00000000 217.16700000 590.16700000 0.66666667 0.38039216 0.32156863
v -32.00000000 218.16700000 592.00000000 0.77647059 0.49803922 0.42745098
v -31.00000000 218.66700000 592.66700000 0.81176471 0.53333333 0.46274510
v -30.00000000 219.00000000 594.50000000 0.82352941 0.56078431 0.49411765
v -30.00000000 219.50000000 595.50000000 0.82352941 0.56862745 0.49803922
v -28.00000000 220.33300000 598.33300000 0.83137255 0.60784314 0.54117647
v -26.00000000 223.00000000 605.83300000 0.29411765 0.11372549 0.06274510
v -52.00000000 218.83300000 592.00000000 0.08235294 0.05882353 0.05882353
v -51.00000000 219.00000000 592.66700000 0.10196078 0.05490196 0.05490196
v -50.00000000 219.00000000 592.66700000 0.18431373 0.12549020 0.11372549
v -50.00000000 219.33300000 593.33300000 0.26274510 0.18039216 0.16862745
v -49.00000000 219.33300000 593.33300000 0.32156863 0.22352941 0.20392157
v -49.00000000 219.83300000 594.16700000 0.35686275 0.23529412 0.21568627
v -48.00000000 219.83300000 594.16700000 0.37254902 0.23529412 0.21176471
v -47.00000000 220.00000000 594.66700000 0.40392157 0.22745098 0.20392157
v -46.00000000 219.83300000 594.33300000 0.41176471 0.22745098 0.19607843
v -45.50000000 219.83300000 594.33300000 0.41176471 0.21960784 0.19215686
v -45.00000000 219.50000000 593.50000000 0.43137255 0.23529412 0.19215686
v -44.00000000 219.33300000 593.33300000 0.45882353 0.26274510 0.21960784
v -42.00000000 218.33300000 591.33300000 0.50588235 0.29411765 0.24705882
v -41.00000000 218.16700000 591.00000000 0.53333333 0.30588235 0.26274510
v -41.00000000 218.00000000 590.16700000 0.44705882 0.21960784 0.17254902
v -40.00000000 218.00000000 590.16700000 0.45490196 0.21960784 0.17647059
v -39.00000000 218.00000000 589.50000000 0.55294118 0.30980392 0.25882353
v -38.00000000 217.66700000 588.66700000 0.59215686 0.34509804 0.28627451
v -37.16670000 217.66700000 588.83300000 0.60392157 0.33725490 0.28627451
v -37.00000000 217.66700000 588.83300000 0.61960784 0.35686275 0.29411765
v -36.00000000 217.66700000 588.83300000 0.65882353 0.37647059 0.32156863
v -35.00000000 217.83300000 589.16700000 0.67058824 0.38039216 0.32941176
v -34.00000000 218.00000000 589.50000000 0.69019608 0.40392157 0.34509804
v -33.00000000 218.00000000 590.33300000 0.73725490 0.45098039 0.38431373
v -32.83330000 218.33300000 591.16700000 0.76078431 0.47450980 0.40784314
v -32.00000000 218.33300000 591.33300000 0.77647059 0.49019608 0.42352941
v -30.00000000 219.66700000 593.66700000 0.81176471 0.54901961 0.48235294
v -29.83330000 220.00000000 594.83300000 0.81568627 0.56078431 0.49019608
v -29.00000000 220.16700000 596.16700000 0.81960784 0.57647059 0.51764706
v -26.00000000 223.66700000 604.66700000 0.42352941 0.24313725 0.19215686
v -26.00000000 224.16700000 607.00000000 0.25882353 0.08627451 0.05098039
v -25.00000000 225.16700000 609.00000000 0.29803922 0.12941176 0.10196078
v -52.00000000 219.16700000 591.66700000 0.08627451 0.07058824 0.07450980
v -51.00000000 219.16700000 592.00000000 0.09803922 0.05882353 0.06274510
v -50.00000000 219.50000000 592.50000000 0.16078431 0.10588235 0.10196078
v -50.00000000 219.66700000 592.66700000 0.25098039 0.17254902 0.16862745
v -48.00000000 220.33300000 594.16700000 0.36470588 0.23529412 0.20784314
v -47.00000000 220.50000000 594.33300000 0.38431373 0.23137255 0.20392157
v -47.00000000 220.66700000 594.66700000 0.40000000 0.23137255 0.20392157
v -46.00000000 220.50000000 594.33300000 0.40392157 0.23137255 0.19607843
v -44.00000000 219.66700000 592.66700000 0.45098039 0.25490196 0.21960784
v -43.00000000 219.33300000 592.33300000 0.47843137 0.28235294 0.23921569
v -43.00000000 219.00000000 591.66700000 0.51764706 0.30588235 0.26666667
v -42.00000000 219.00000000 591.33300000 0.51372549 0.30196078 0.25490196
v -41.00000000 218.83300000 590.16700000 0.47450980 0.24705882 0.20000000
v -40.00000000 218.66700000 589.66700000 0.44705882 0.21176471 0.16862745
v -39.00000000 218.50000000 589.50000000 0.56470588 0.32156863 0.27058824
v -38.00000000 218.00000000 588.66700000 0.62352941 0.37647059 0.31764706
v -37.00000000 218.00000000 588.66700000 0.63529412 0.36862745 0.31764706
v -37.00000000 218.16700000 588.83300000 0.65490196 0.39215686 0.32941176
v -36.00000000 218.16700000 588.83300000 0.68235294 0.40000000 0.34509804
v -35.00000000 218.16700000 588.83300000 0.68627451 0.39607843 0.34509804
v -34.00000000 218.33300000 589.16700000 0.69803922 0.41176471 0.35294118
v -34.00000000 218.50000000 589.50000000 0.72549020 0.42745098 0.37254902
v -33.00000000 218.83300000 590.00000000 0.74509804 0.44705882 0.39215686
v -32.33330000 219.00000000 590.33300000 0.75294118 0.45490196 0.40000000
v -32.00000000 219.00000000 591.16700000 0.75294118 0.46666667 0.40000000
v -31.00000000 219.00000000 591.33300000 0.77254902 0.48627451 0.41960784
v -31.00000000 219.16700000 592.16700000 0.78823529 0.51764706 0.45490196
v -29.00000000 220.00000000 594.00000000 0.81568627 0.55686275 0.49411765
v -28.00000000 221.00000000 596.66700000 0.82352941 0.59215686 0.52941176
v -27.00000000 222.00000000 599.50000000 0.78823529 0.57647059 0.52941176
v -25.50000000 224.50000000 605.50000000 0.26274510 0.07843137 0.04705882
v -51.83330000 219.83300000 591.00000000 0.08235294 0.07843137 0.07058824
v -51.00000000 220.00000000 591.50000000 0.09411765 0.06274510 0.05490196
v -50.00000000 220.00000000 591.66700000 0.12941176 0.07450980 0.06274510
v -49.00000000 220.00000000 592.50000000 0.30196078 0.21176471 0.18823529
v -49.00000000 220.50000000 593.50000000 0.34509804 0.23137255 0.20784314
v -48.00000000 220.50000000 593.50000000 0.35686275 0.22745098 0.20000000
v -47.00000000 220.83300000 594.00000000 0.38039216 0.23137255 0.19607843
v -46.00000000 220.66700000 593.66700000 0.40000000 0.23137255 0.19607843
v -45.00000000 220.66700000 593.66700000 0.40392157 0.21960784 0.18823529
v -45.00000000 220.00000000 592.83300000 0.41568627 0.22745098 0.18823529
v -44.00000000 220.00000000 592.66700000 0.45098039 0.25490196 0.21960784
v -43.00000000 220.00000000 591.66700000 0.52549020 0.31372549 0.27450980
v -42.00000000 219.66700000 590.66700000 0.53333333 0.32156863 0.27450980
v -41.00000000 219.66700000 590.50000000 0.54117647 0.31764706 0.27450980
v -41.00000000 219.00000000 589.66700000 0.50980392 0.28235294 0.23529412
v -40.00000000 219.00000000 588.66700000 0.45098039 0.21568627 0.17254902
v -39.00000000 219.00000000 588.50000000 0.62352941 0.37254902 0.32549020
v -38.00000000 219.00000000 588.50000000 0.64705882 0.40000000 0.34117647
v -37.00000000 218.66700000 588.00000000 0.65490196 0.38823529 0.33725490
v -36.00000000 218.83300000 588.16700000 0.67450980 0.40000000 0.35294118
v -35.83330000 218.83300000 588.16700000 0.68235294 0.41176471 0.35294118
v -35.00000000 218.83300000 588.50000000 0.69803922 0.41568627 0.36078431
v -34.00000000 219.00000000 588.66700000 0.70196078 0.41568627 0.35686275
v -33.00000000 219.00000000 589.33300000 0.72549020 0.42745098 0.37254902
v -32.33330000 219.33300000 590.00000000 0.74117647 0.44313725 0.38823529
v -32.00000000 219.33300000 590.33300000 0.76470588 0.46666667 0.40392157
v -30.00000000 220.00000000 592.16700000 0.80000000 0.52941176 0.46666667
v -29.00000000 220.50000000 593.50000000 0.80784314 0.54509804 0.48235294
v -28.00000000 221.50000000 595.50000000 0.81176471 0.56862745 0.50980392
v -27.00000000 222.50000000 598.50000000 0.80784314 0.58823529 0.53725490
v -24.00000000 226.00000000 608.66700000 0.26666667 0.11372549 0.08627451
v -51.00000000 220.16700000 590.66700000 0.07843137 0.06274510 0.05098039
v -50.00000000 220.33300000 591.50000000 0.09803922 0.05490196 0.03921569
v -50.00000000 220.66700000 592.00000000 0.20784314 0.13725490 0.12156863
v -49.00000000 221.00000000 592.33300000 0.29019608 0.20000000 0.17647059
v -48.00000000 221.00000000 593.33300000 0.34901961 0.21960784 0.19215686
v -47.00000000 221.00000000 593.33300000 0.37254902 0.22745098 0.19215686
v -46.00000000 221.00000000 593.33300000 0.39215686 0.22352941 0.18823529
v -45.00000000 221.00000000 592.83300000 0.42745098 0.23137255 0.18823529
v -43.00000000 220.66700000 591.33300000 0.52549020 0.31372549 0.26666667
v -42.00000000 220.00000000 590.50000000 0.54901961 0.32549020 0.28235294
v -41.00000000 220.00000000 589.66700000 0.54901961 0.32156863 0.27450980
v -40.00000000 219.66700000 588.66700000 0.47450980 0.23921569 0.19607843
v -39.00000000 219.66700000 588.66700000 0.51372549 0.28235294 0.22745098
v -39.00000000 219.50000000 588.50000000 0.61176471 0.36078431 0.31372549
v -38.00000000 219.50000000 588.50000000 0.65098039 0.39215686 0.33725490
v -37.00000000 219.33300000 588.00000000 0.65490196 0.38039216 0.33333333
v -36.00000000 219.33300000 588.00000000 0.66666667 0.39215686 0.34509804
v -35.83330000 219.33300000 588.16700000 0.67058824 0.40000000 0.34117647
v -35.00000000 219.33300000 588.16700000 0.69019608 0.40784314 0.35294118
v -34.00000000 219.50000000 588.66700000 0.70196078 0.41568627 0.35686275
v -34.00000000 219.66700000 588.83300000 0.71372549 0.41568627 0.36078431
v -33.00000000 219.83300000 589.16700000 0.72156863 0.42352941 0.36862745
v -32.00000000 219.83300000 589.33300000 0.74117647 0.44313725 0.38823529
v -32.00000000 220.00000000 590.00000000 0.76470588 0.46666667 0.40392157
v -31.00000000 220.00000000 590.33300000 0.77647059 0.47843137 0.41568627
v -31.00000000 220.16700000 591.16700000 0.77254902 0.49411765 0.42352941
v -27.00000000 223.50000000 599.50000000 0.80784314 0.59607843 0.54901961
v -25.00000000 224.66700000 603.16700000 0.48235294 0.29803922 0.25882353
v -24.00000000 226.33300000 607.16700000 0.25098039 0.09803922 0.07058824
v -51.00000000 221.00000000 590.66700000 0.07058824 0.06666667 0.05098039
v -50.00000000 221.00000000 590.83300000 0.08627451 0.04705882 0.03921569
v -50.00000000 221.16700000 591.66700000 0.18039216 0.12156863 0.10196078
v -49.00000000 221.16700000 592.00000000 0.27843137 0.18823529 0.16470588
v -48.83330000 221.83300000 593.00000000 0.32156863 0.21568627 0.18823529
v -48.00000000 221.83300000 593.00000000 0.34509804 0.21568627 0.18823529
v -45.00000000 221.83300000 593.16700000 0.40392157 0.21960784 0.18039216
v -45.00000000 221.50000000 592.50000000 0.41568627 0.21960784 0.17647059
v -44.00000000 221.00000000 591.83300000 0.45490196 0.24313725 0.19607843
v -43.00000000 221.00000000 590.66700000 0.51372549 0.30196078 0.25490196
v -42.00000000 220.83300000 590.50000000 0.54117647 0.32156863 0.27058824
v -41.00000000 220.66700000 589.50000000 0.56470588 0.34509804 0.29411765
v -41.00000000 220.50000000 589.33300000 0.57254902 0.34509804 0.29019608
v -40.00000000 220.00000000 588.66700000 0.49411765 0.26274510 0.20784314
v -39.00000000 220.00000000 588.66700000 0.50588235 0.26274510 0.21176471
v -39.00000000 219.83300000 588.00000000 0.61176471 0.35294118 0.30588235
v -38.00000000 219.83300000 588.00000000 0.64705882 0.38823529 0.33333333
v -37.00000000 219.66700000 587.66700000 0.65490196 0.38431373 0.32549020
v -36.00000000 219.66700000 587.83300000 0.67058824 0.40000000 0.34117647
v -35.66670000 219.66700000 587.83300000 0.66274510 0.40000000 0.33725490
v -35.00000000 219.83300000 588.00000000 0.67450980 0.40392157 0.34509804
v -34.00000000 219.83300000 588.00000000 0.68235294 0.39607843 0.33725490
v -34.00000000 220.00000000 588.66700000 0.69803922 0.40000000 0.34509804
v -33.00000000 220.00000000 588.66700000 0.71372549 0.41176471 0.34901961
v -32.00000000 220.33300000 589.16700000 0.72941176 0.42745098 0.36470588
v -32.00000000 220.50000000 589.50000000 0.73725490 0.43921569 0.37647059
v -30.00000000 221.00000000 591.83300000 0.77647059 0.49803922 0.42745098
v -29.00000000 221.00000000 592.00000000 0.77647059 0.51372549 0.44705882
v -28.00000000 222.00000000 594.00000000 0.78823529 0.54117647 0.47450980
v -28.00000000 222.50000000 595.50000000 0.78823529 0.55686275 0.50196078
v -26.50000000 224.00000000 598.50000000 0.79215686 0.58431373 0.52941176
v -26.00000000 224.50000000 600.50000000 0.83529412 0.63137255 0.58039216
v -25.00000000 225.00000000 602.33300000 0.65490196 0.47450980 0.42352941
v -25.00000000 225.66700000 604.00000000 0.18823529 0.03137255 0.00000000
v -24.00000000 226.83300000 606.16700000 0.24705882 0.10196078 0.07058824
v -24.00000000 227.33300000 608.16700000 0.28235294 0.12941176 0.10196078
v -51.00000000 221.16700000 589.83300000 0.09411765 0.07450980 0.06274510
v -50.00000000 221.50000000 590.50000000 0.09803922 0.05882353 0.05098039
v -49.00000000 222.00000000 591.50000000 0.27058824 0.20000000 0.19215686
v -48.33330000 222.00000000 592.16700000 0.31372549 0.21960784 0.20392157
v -48.00000000 222.00000000 592.33300000 0.32941176 0.21568627 0.20000000
v -47.00000000 222.00000000 592.33300000 0.38039216 0.22745098 0.20000000
v -46.00000000 222.00000000 592.33300000 0.38431373 0.21568627 0.18039216
v -45.00000000 222.00000000 592.33300000 0.40392157 0.21960784 0.18039216
v -44.00000000 222.00000000 591.50000000 0.44705882 0.24313725 0.19215686
v -43.00000000 221.50000000 590.50000000 0.51372549 0.29019608 0.24705882
v -42.00000000 221.00000000 589.66700000 0.53725490 0.31764706 0.26666667
v -41.00000000 220.83300000 589.00000000 0.57254902 0.32941176 0.27843137
v -40.00000000 220.66700000 588.66700000 0.55686275 0.29803922 0.25098039
v -39.00000000 220.50000000 588.50000000 0.50588235 0.24705882 0.19215686
v -39.00000000 220.16700000 588.00000000 0.60000000 0.33333333 0.28235294
v -38.00000000 220.16700000 588.00000000 0.65490196 0.38039216 0.33333333
v -37.00000000 220.00000000 587.66700000 0.65098039 0.37647059 0.32941176
v -36.00000000 220.00000000 587.66700000 0.65098039 0.38039216 0.32156863
v -35.66670000 220.16700000 587.83300000 0.65882353 0.38823529 0.32941176
v -35.00000000 220.16700000 587.83300000 0.65490196 0.37254902 0.31764706
v -34.00000000 220.16700000 588.00000000 0.66274510 0.38039216 0.32156863
v -34.00000000 220.50000000 588.33300000 0.68235294 0.39607843 0.33725490
v -33.00000000 220.66700000 588.66700000 0.70588235 0.41960784 0.36078431
v -32.00000000 220.66700000 588.66700000 0.71372549 0.42745098 0.36862745
v -32.00000000 220.83300000 589.00000000 0.72156863 0.42352941 0.36078431
v -31.00000000 221.00000000 589.33300000 0.73725490 0.43921569 0.37647059
v -30.00000000 221.83300000 590.83300000 0.75686275 0.47058824 0.40392157
v -28.00000000 222.83300000 593.83300000 0.78823529 0.52549020 0.46274510
v -27.00000000 223.00000000 595.83300000 0.79215686 0.54901961 0.49803922
v -25.00000000 225.33300000 601.16700000 0.79215686 0.56862745 0.53333333
v -51.16670000 221.16700000 589.16700000 0.08235294 0.09019608 0.07843137
v -51.00000000 221.66700000 589.83300000 0.09411765 0.08235294 0.06274510
v -50.00000000 221.66700000 589.83300000 0.10196078 0.07058824 0.05882353
v -49.00000000 222.16700000 590.83300000 0.24705882 0.18823529 0.17647059
v -48.16670000 222.66700000 591.83300000 0.30196078 0.21960784 0.20000000
v -45.00000000 222.50000000 591.50000000 0.41568627 0.22745098 0.18039216
v -44.00000000 222.16700000 591.00000000 0.43921569 0.24313725 0.20000000
v -43.00000000 222.16700000 591.00000000 0.47058824 0.26666667 0.22352941
v -43.00000000 221.83300000 590.00000000 0.49411765 0.28235294 0.24313725
v -42.00000000 221.66700000 589.66700000 0.52156863 0.29803922 0.25490196
v -41.00000000 221.16700000 588.83300000 0.55294118 0.31764706 0.27843137
v -40.00000000 221.00000000 588.33300000 0.57254902 0.30980392 0.27450980
v -39.00000000 221.00000000 587.50000000 0.58823529 0.32156863 0.27843137
v -38.00000000 221.00000000 587.50000000 0.63137255 0.35686275 0.30980392
v -37.00000000 221.00000000 587.50000000 0.63529412 0.35294118 0.29803922
v -36.00000000 221.00000000 587.50000000 0.63529412 0.35294118 0.29803922
v -35.50000000 221.00000000 587.50000000 0.62745098 0.35686275 0.29803922
v -35.00000000 221.00000000 587.50000000 0.63137255 0.34901961 0.29411765
v -34.00000000 221.00000000 587.50000000 0.64705882 0.36078431 0.30196078
v -33.00000000 221.00000000 588.16700000 0.69019608 0.39215686 0.33725490
v -32.00000000 221.00000000 588.50000000 0.69411765 0.39607843 0.34117647
v -31.00000000 221.33300000 589.33300000 0.72549020 0.42745098 0.36470588
v -30.66670000 221.66700000 589.66700000 0.74509804 0.44705882 0.38431373
v -30.00000000 222.00000000 590.66700000 0.76078431 0.46274510 0.40000000
v -29.00000000 222.00000000 591.00000000 0.76470588 0.48235294 0.42352941
v -28.00000000 223.00000000 592.83300000 0.78431373 0.52156863 0.45882353
v -26.00000000 224.00000000 596.66700000 0.81176471 0.56078431 0.52156863
v -25.00000000 225.83300000 600.00000000 0.81568627 0.59215686 0.55686275
v -23.83330000 227.83300000 605.66700000 0.27058824 0.11372549 0.08235294
v -51.00000000 222.00000000 589.00000000 0.08235294 0.07843137 0.05882353
v -50.00000000 222.00000000 589.66700000 0.08627451 0.06666667 0.05098039
v -49.66670000 222.00000000 589.66700000 0.12549020 0.08235294 0.06666667
v -49.00000000 222.66700000 590.66700000 0.22352941 0.16470588 0.15294118
v -48.00000000 222.66700000 590.83300000 0.29411765 0.21176471 0.19215686
v -47.00000000 223.00000000 591.33300000 0.34901961 0.22745098 0.20784314
v -46.50000000 223.00000000 591.50000000 0.37647059 0.23137255 0.20000000
v -46.00000000 223.00000000 591.50000000 0.39215686 0.23529412 0.20392157
v -45.00000000 223.00000000 591.33300000 0.41568627 0.23137255 0.19215686
v -44.00000000 222.50000000 590.50000000 0.44705882 0.25098039 0.21568627
v -43.00000000 222.50000000 590.50000000 0.46666667 0.27058824 0.22745098
v -43.00000000 222.00000000 589.83300000 0.49411765 0.28235294 0.24313725
v -42.00000000 222.00000000 589.33300000 0.51764706 0.29411765 0.25882353
v -41.00000000 222.00000000 588.50000000 0.56862745 0.32156863 0.28627451
v -40.00000000 221.83300000 588.00000000 0.58823529 0.32549020 0.29411765
v -39.00000000 221.66700000 587.66700000 0.58431373 0.31764706 0.27450980
v -39.00000000 221.50000000 587.50000000 0.59607843 0.32156863 0.28235294
v -38.00000000 221.50000000 587.50000000 0.63137255 0.34901961 0.30196078
v -37.00000000 221.16700000 587.16700000 0.63529412 0.35294118 0.30588235
v -36.00000000 221.16700000 587.16700000 0.63137255 0.34901961 0.30196078
v -35.00000000 221.16700000 587.16700000 0.64313725 0.35294118 0.30196078
v -34.00000000 221.50000000 587.50000000 0.68627451 0.38823529 0.33333333
v -33.00000000 221.66700000 587.83300000 0.69019608 0.38823529 0.32549020
v -32.00000000 222.00000000 588.16700000 0.68235294 0.38039216 0.31764706
v -31.00000000 222.00000000 588.83300000 0.70980392 0.40784314 0.34509804
v -30.50000000 222.00000000 589.50000000 0.72156863 0.42352941 0.36078431
v -30.00000000 222.16700000 590.16700000 0.74117647 0.44313725 0.38039216
v -29.00000000 222.83300000 590.83300000 0.75686275 0.47058824 0.41176471
v -27.00000000 224.00000000 594.66700000 0.80784314 0.54901961 0.50196078
v -26.00000000 224.66700000 595.66700000 0.80784314 0.55686275 0.52156863
v -25.00000000 226.33300000 600.33300000 0.67450980 0.47843137 0.45098039
v -24.00000000 227.00000000 602.50000000 0.22745098 0.05098039 0.02745098
v -23.50000000 227.83300000 604.33300000 0.21568627 0.06274510 0.03529412
v -50.00000000 222.66700000 588.83300000 0.07058824 0.05490196 0.04313725
v -49.33330000 222.83300000 589.16700000 0.10196078 0.06274510 0.05490196
v -48.00000000 223.00000000 590.50000000 0.27450980 0.20000000 0.18431373
v -48.00000000 223.16700000 590.83300000 0.31372549 0.21568627 0.20000000
v -47.00000000 223.33300000 591.33300000 0.34117647 0.22745098 0.21176471
v -46.33330000 223.33300000 591.33300000 0.37254902 0.23529412 0.21176471
v -46.00000000 223.50000000 591.50000000 0.39215686 0.23921569 0.21176471
v -45.00000000 223.33300000 591.33300000 0.43529412 0.24705882 0.20784314
v -44.00000000 223.00000000 590.50000000 0.45490196 0.25882353 0.22352941
v -43.00000000 223.00000000 589.50000000 0.49803922 0.28235294 0.25490196
v -42.00000000 223.00000000 589.33300000 0.51764706 0.29411765 0.25882353
v -41.00000000 222.66700000 588.66700000 0.54117647 0.30588235 0.27450980
v -41.00000000 222.50000000 588.50000000 0.56862745 0.31764706 0.28235294
v -40.00000000 222.00000000 587.66700000 0.59215686 0.32156863 0.29411765
v -39.00000000 222.00000000 587.50000000 0.60392157 0.32941176 0.29803922
v -38.00000000 222.00000000 587.50000000 0.63137255 0.34901961 0.30196078
v -37.00000000 222.00000000 587.00000000 0.63137255 0.34901961 0.30196078
v -36.00000000 222.00000000 587.00000000 0.64313725 0.35294118 0.30980392
v -35.00000000 222.00000000 587.00000000 0.63529412 0.35294118 0.29803922
v -34.00000000 222.00000000 587.00000000 0.67843137 0.39215686 0.33333333
v -33.00000000 222.00000000 587.50000000 0.68235294 0.37647059 0.32549020
v -32.00000000 222.16700000 588.16700000 0.68235294 0.38039216 0.31764706
v -31.00000000 222.83300000 588.83300000 0.70196078 0.40000000 0.33725490
v -30.16670000 223.00000000 589.16700000 0.72549020 0.42352941 0.36078431
v -29.00000000 223.00000000 590.66700000 0.75686275 0.47058824 0.41176471
v -29.00000000 223.33300000 591.33300000 0.78431373 0.49411765 0.45098039
v -28.00000000 223.83300000 591.83300000 0.78823529 0.51372549 0.46666667
v -27.83330000 224.00000000 592.83300000 0.80000000 0.53333333 0.49803922
v -27.00000000 224.83300000 593.83300000 0.81176471 0.54901961 0.51372549
v -26.00000000 225.00000000 594.83300000 0.81176471 0.55686275 0.53333333
v -26.00000000 225.16700000 596.00000000 0.81568627 0.56862745 0.54117647
v -25.00000000 226.16700000 598.00000000 0.80784314 0.57647059 0.56078431
v -24.00000000 227.16700000 601.00000000 0.32941176 0.14509804 0.12156863
v -23.00000000 228.83300000 605.16700000 0.25098039 0.10588235 0.08235294
v -51.00000000 222.33300000 587.66700000 0.08627451 0.09411765 0.08235294
v -50.00000000 222.83300000 588.16700000 0.08235294 0.06666667 0.06274510
v -49.00000000 223.00000000 588.33300000 0.09019608 0.05882353 0.05098039
v -49.00000000 223.33300000 589.16700000 0.18823529 0.13333333 0.13333333
v -48.00000000 223.50000000 589.50000000 0.26274510 0.19215686 0.18431373
v -47.00000000 224.00000000 590.50000000 0.34117647 0.22745098 0.21176471
v -46.16670000 224.00000000 590.83300000 0.36862745 0.23137255 0.21568627
v -46.00000000 224.00000000 590.83300000 0.39215686 0.23921569 0.21176471
v -45.00000000 224.00000000 590.66700000 0.40784314 0.23921569 0.21176471
v -44.66670000 224.00000000 590.66700000 0.44313725 0.25098039 0.22352941
v -44.00000000 224.00000000 590.33300000 0.46666667 0.25882353 0.22745098
v -43.00000000 223.33300000 589.33300000 0.50588235 0.28235294 0.25490196
v -42.00000000 223.16700000 589.16700000 0.51764706 0.28627451 0.25490196
v -41.00000000 223.00000000 588.33300000 0.56470588 0.31372549 0.27843137
v -40.00000000 223.00000000 587.66700000 0.58823529 0.31764706 0.29019608
v -39.00000000 223.00000000 587.33300000 0.59215686 0.32549020 0.29019608
v -38.00000000 222.83300000 587.00000000 0.62352941 0.34117647 0.29411765
v -37.00000000 222.83300000 587.00000000 0.61960784 0.33725490 0.29019608
v -37.00000000 222.66700000 586.83300000 0.62745098 0.33725490 0.29411765
v -36.00000000 222.66700000 586.83300000 0.63921569 0.34901961 0.30588235
v -35.00000000 222.66700000 586.83300000 0.63137255 0.34117647 0.29019608
v -34.00000000 222.83300000 587.00000000 0.64705882 0.34901961 0.29803922
v -34.00000000 223.00000000 587.16700000 0.64705882 0.34901961 0.29803922
v -33.00000000 223.00000000 587.33300000 0.66666667 0.36078431 0.31372549
v -32.00000000 223.00000000 587.66700000 0.67058824 0.36470588 0.31764706
v -31.00000000 223.00000000 588.66700000 0.70980392 0.40392157 0.35294118
v -30.00000000 223.00000000 588.83300000 0.73333333 0.42745098 0.38039216
v -30.00000000 223.50000000 589.50000000 0.75294118 0.44705882 0.40000000
v -28.00000000 224.00000000 591.83300000 0.79215686 0.51764706 0.47843137
v -27.66670000 224.66700000 592.66700000 0.80784314 0.53725490 0.50980392
v -25.00000000 226.00000000 596.83300000 0.79607843 0.55686275 0.54509804
v -24.83330000 226.83300000 598.00000000 0.81568627 0.60000000 0.58823529
v -23.00000000 228.00000000 601.66700000 0.19607843 0.02745098 0.00392157
v -22.00000000 229.83300000 605.83300000 0.24313725 0.11372549 0.09411765
v -49.00000000 223.83300000 588.00000000 0.08627451 0.06274510 0.06274510
v -48.00000000 224.00000000 589.33300000 0.24705882 0.18431373 0.18431373
v -47.00000000 224.33300000 590.16700000 0.33333333 0.22352941 0.21176471
v -46.00000000 224.50000000 590.50000000 0.35686275 0.22745098 0.20784314
v -45.00000000 224.33300000 590.33300000 0.40784314 0.23921569 0.21176471
v -44.50000000 224.50000000 590.50000000 0.43921569 0.25490196 0.22352941
v -44.00000000 224.16700000 590.16700000 0.47058824 0.26274510 0.23137255
v -43.00000000 224.16700000 590.16700000 0.49411765 0.28627451 0.25490196
v -43.00000000 224.00000000 589.16700000 0.51372549 0.29019608 0.26274510
v -42.00000000 224.00000000 588.33300000 0.52549020 0.29411765 0.26274510
v -41.00000000 224.00000000 588.33300000 0.54901961 0.30196078 0.27450980
v -40.66670000 223.66700000 587.66700000 0.56862745 0.31764706 0.28235294
v -40.00000000 223.66700000 587.66700000 0.58823529 0.31764706 0.29019608
v -39.00000000 223.33300000 587.33300000 0.58823529 0.32156863 0.28627451
v -38.00000000 223.16700000 587.00000000 0.61568627 0.32941176 0.29411765
v -37.00000000 223.16700000 586.83300000 0.61568627 0.32549020 0.28235294
v -36.00000000 223.16700000 586.83300000 0.63137255 0.34117647 0.29803922
v -35.00000000 223.16700000 586.66700000 0.62352941 0.33333333 0.29019608
v -34.00000000 223.16700000 587.00000000 0.63137255 0.32941176 0.29019608
v -33.00000000 223.16700000 587.16700000 0.66274510 0.35686275 0.30980392
v -32.00000000 223.66700000 587.66700000 0.67450980 0.36862745 0.32156863
v -32.00000000 223.83300000 587.83300000 0.68627451 0.38039216 0.33333333
v -30.00000000 224.00000000 588.66700000 0.73333333 0.42745098 0.38039216
v -29.00000000 224.00000000 589.83300000 0.77254902 0.48235294 0.43921569
v -29.00000000 224.83300000 590.83300000 0.78823529 0.49803922 0.46274510
v -28.00000000 225.00000000 591.50000000 0.80000000 0.52549020 0.49411765
v -27.00000000 225.00000000 591.83300000 0.81960784 0.54117647 0.51764706
v -26.00000000 225.33300000 593.33300000 0.82352941 0.55686275 0.54509804
v -25.00000000 226.83300000 596.00000000 0.79215686 0.55294118 0.54117647
v -24.33330000 227.00000000 597.16700000 0.83529412 0.60392157 0.58823529
v -24.00000000 227.83300000 598.83300000 0.67450980 0.46666667 0.45098039
v -49.00000000 224.00000000 587.16700000 0.08627451 0.07058824 0.06666667
v -48.00000000 224.50000000 588.50000000 0.21568627 0.16078431 0.15686275
v -47.83330000 224.83300000 589.16700000 0.28235294 0.20784314 0.19215686
v -47.00000000 225.00000000 589.33300000 0.31372549 0.22352941 0.20000000
v -46.00000000 225.00000000 589.83300000 0.37254902 0.24313725 0.20784314
v -45.00000000 225.00000000 590.00000000 0.39215686 0.23921569 0.21176471
v -44.00000000 225.00000000 589.66700000 0.43529412 0.24313725 0.21568627
v -43.00000000 225.00000000 589.16700000 0.51372549 0.28235294 0.25882353
v -42.00000000 224.50000000 588.50000000 0.52156863 0.29019608 0.26666667
v -41.00000000 224.33300000 588.33300000 0.54901961 0.30196078 0.28235294
v -40.83330000 224.00000000 587.83300000 0.56078431 0.30588235 0.28235294
v -40.00000000 224.00000000 587.66700000 0.58039216 0.30980392 0.29019608
v -39.00000000 224.00000000 587.16700000 0.59215686 0.31372549 0.29019608
v -38.00000000 223.66700000 586.83300000 0.60392157 0.30980392 0.28627451
v -37.00000000 223.66700000 586.83300000 0.60784314 0.31764706 0.28235294
v -36.00000000 223.50000000 586.66700000 0.61960784 0.32941176 0.29411765
v -35.00000000 223.33300000 586.33300000 0.62745098 0.33725490 0.29411765
v -35.00000000 223.50000000 586.50000000 0.63137255 0.32941176 0.29019608
v -34.00000000 223.83300000 587.00000000 0.62745098 0.32549020 0.29411765
v -33.00000000 224.00000000 587.16700000 0.66666667 0.35294118 0.31764706
v -32.00000000 224.00000000 587.50000000 0.68235294 0.36862745 0.33333333
v -31.00000000 224.00000000 588.00000000 0.71764706 0.40392157 0.36078431
v -30.00000000 224.66700000 588.66700000 0.73725490 0.43137255 0.39215686
v -29.00000000 225.00000000 589.50000000 0.77647059 0.47450980 0.44313725
v -28.00000000 225.50000000 591.33300000 0.81176471 0.52549020 0.49803922
v -27.00000000 225.50000000 591.50000000 0.81568627 0.53725490 0.51372549
v -26.00000000 226.00000000 593.33300000 0.82352941 0.55686275 0.54509804
v -26.00000000 226.33300000 594.33300000 0.82352941 0.56862745 0.55294118
v -25.00000000 227.00000000 595.50000000 0.81176471 0.55686275 0.54901961
v -24.00000000 227.66700000 596.66700000 0.81960784 0.58039216 0.56862745
v -23.00000000 228.66700000 599.66700000 0.41176471 0.23529412 0.21568627
v -22.00000000 230.00000000 603.33300000 0.20000000 0.07843137 0.05882353
v -49.00000000 224.16700000 587.00000000 0.09019608 0.07450980 0.07058824
v -49.00000000 224.33300000 587.33300000 0.12156863 0.09019608 0.08235294
v -47.33330000 225.00000000 588.33300000 0.26274510 0.19215686 0.17647059
v -46.00000000 225.33300000 589.16700000 0.34117647 0.23529412 0.20784314
v -45.00000000 225.66700000 589.83300000 0.38431373 0.23137255 0.20392157
v -44.00000000 225.50000000 589.50000000 0.46666667 0.25098039 0.23137255
v -43.00000000 225.16700000 589.16700000 0.49019608 0.25882353 0.24313725
v -42.00000000 225.00000000 588.50000000 0.50588235 0.26666667 0.24705882
v -41.00000000 225.00000000 588.50000000 0.53725490 0.28235294 0.26666667
v -40.83330000 224.83300000 587.83300000 0.55294118 0.29019608 0.26666667
v -40.00000000 224.83300000 587.83300000 0.56862745 0.29019608 0.27450980
v -39.00000000 224.16700000 587.16700000 0.57647059 0.29803922 0.27450980
v -38.00000000 224.16700000 586.83300000 0.58431373 0.29019608 0.26666667
v -37.00000000 224.16700000 586.83300000 0.59607843 0.30196078 0.27843137
v -36.00000000 224.16700000 586.66700000 0.60392157 0.30980392 0.28627451
v -35.00000000 224.00000000 586.33300000 0.61960784 0.33333333 0.29803922
v -34.00000000 224.00000000 586.50000000 0.62352941 0.31372549 0.28627451
v -34.00000000 224.16700000 587.16700000 0.64313725 0.32941176 0.30196078
v -33.00000000 224.16700000 587.16700000 0.66666667 0.35294118 0.31764706
v -32.00000000 224.16700000 587.16700000 0.68235294 0.36862745 0.33333333
v -32.00000000 224.50000000 587.50000000 0.70196078 0.38823529 0.34509804
v -30.00000000 225.00000000 588.50000000 0.74117647 0.42745098 0.39215686
v -29.00000000 225.50000000 589.50000000 0.77647059 0.47450980 0.44313725
v -28.00000000 226.00000000 591.16700000 0.80392157 0.51764706 0.49019608
v -27.00000000 226.00000000 591.33300000 0.81176471 0.52549020 0.50196078
v -27.00000000 226.16700000 592.16700000 0.81176471 0.54117647 0.51372549
v -26.00000000 226.83300000 592.83300000 0.82352941 0.54901961 0.54117647
v -24.00000000 228.00000000 596.33300000 0.81568627 0.56470588 0.56470588
v -24.00000000 228.66700000 597.66700000 0.80784314 0.58039216 0.57647059
v -23.00000000 229.00000000 599.16700000 0.54117647 0.35294118 0.33725490
v -23.00000000 229.66700000 600.83300000 0.20784314 0.05882353 0.04705882
v -49.00000000 225.00000000 587.00000000 0.09411765 0.07843137 0.06666667
v -48.00000000 225.00000000 587.33300000 0.15294118 0.12549020 0.10196078
v -47.16670000 225.16700000 588.00000000 0.24705882 0.19607843 0.17254902
v -47.00000000 225.16700000 588.00000000 0.29019608 0.21568627 0.18823529
v -46.00000000 225.50000000 588.66700000 0.36470588 0.23137255 0.22352941
v -45.00000000 225.83300000 589.16700000 0.38431373 0.22745098 0.21960784
v -44.00000000 225.83300000 589.16700000 0.44313725 0.25490196 0.21568627
v -43.00000000 225.66700000 588.83300000 0.46274510 0.24705882 0.21960784
v -42.66670000 225.66700000 588.83300000 0.47450980 0.24313725 0.21960784
v -42.00000000 225.33300000 588.33300000 0.50588235 0.25098039 0.22745098
v -41.00000000 225.33300000 588.33300000 0.53725490 0.26666667 0.24705882
v -40.50000000 225.00000000 587.50000000 0.55294118 0.27450980 0.25882353
v -40.00000000 225.00000000 587.50000000 0.56862745 0.27843137 0.26666667
v -39.00000000 225.00000000 587.00000000 0.58431373 0.29019608 0.27058824
v -38.00000000 225.00000000 586.66700000 0.58431373 0.29803922 0.27058824
v -37.00000000 225.00000000 586.66700000 0.58431373 0.29803922 0.26274510
v -36.00000000 225.00000000 586.66700000 0.59607843 0.30980392 0.27450980
v -35.00000000 225.00000000 586.50000000 0.64705882 0.34509804 0.31372549
v -33.50000000 225.00000000 586.50000000 0.65882353 0.35294118 0.30588235
v -33.00000000 225.00000000 587.16700000 0.67450980 0.36078431 0.31764706
v -32.00000000 225.00000000 587.16700000 0.69411765 0.38039216 0.33725490
v -31.00000000 225.00000000 587.50000000 0.72941176 0.41960784 0.39215686
v -30.00000000 225.16700000 588.16700000 0.73333333 0.44313725 0.40784314
v -30.00000000 225.33300000 588.33300000 0.75686275 0.46274510 0.43921569
v -29.00000000 226.00000000 589.33300000 0.77254902 0.48627451 0.46274510
v -27.00000000 227.00000000 591.16700000 0.78823529 0.50980392 0.50196078
v -26.00000000 227.00000000 592.83300000 0.80784314 0.53333333 0.53333333
v -26.00000000 227.83300000 593.83300000 0.81568627 0.54901961 0.54509804
v -25.00000000 228.00000000 594.83300000 0.82352941 0.55686275 0.55294118
v -23.00000000 229.33300000 598.33300000 0.64313725 0.45098039 0.43137255
v -22.00000000 230.66700000 601.83300000 0.16470588 0.05098039 0.02745098
v -21.66670000 231.66700000 603.83300000 0.20000000 0.09019608 0.07450980
v -49.00000000 225.33300000 586.33300000 0.09411765 0.07843137 0.06666667
v -48.00000000 225.83300000 587.00000000 0.12941176 0.10980392 0.09411765
v -47.00000000 225.83300000 587.00000000 0.22745098 0.18431373 0.16862745
v -47.00000000 226.00000000 587.50000000 0.28235294 0.21568627 0.18823529
v -46.00000000 226.00000000 588.00000000 0.32941176 0.23137255 0.21568627
v -46.00000000 226.16700000 588.50000000 0.36470588 0.23137255 0.22352941
v -45.00000000 226.16700000 588.66700000 0.39215686 0.23529412 0.22745098
v -44.00000000 226.16700000 588.66700000 0.40784314 0.23137255 0.20784314
v -43.00000000 226.16700000 588.83300000 0.45490196 0.23921569 0.21960784
v -42.66670000 226.00000000 588.66700000 0.47450980 0.23529412 0.22352941
v -42.00000000 226.00000000 588.33300000 0.50588235 0.25098039 0.23529412
v -41.00000000 226.00000000 588.33300000 0.54117647 0.26274510 0.25490196
v -40.50000000 226.00000000 587.50000000 0.55686275 0.26666667 0.25490196
v -40.00000000 226.00000000 587.50000000 0.57254902 0.27843137 0.26666667
v -39.00000000 225.83300000 586.83300000 0.60000000 0.30588235 0.28627451
v -38.00000000 225.50000000 586.50000000 0.59607843 0.30196078 0.27843137
v -37.00000000 225.16700000 586.00000000 0.58823529 0.29803922 0.26274510
v -36.00000000 225.16700000 586.16700000 0.61176471 0.32156863 0.28627451
v -35.00000000 225.16700000 586.16700000 0.63529412 0.33333333 0.30196078
v -34.00000000 225.00000000 586.00000000 0.65882353 0.35294118 0.31372549
v -33.16670000 225.16700000 586.16700000 0.66666667 0.36078431 0.32156863
v -33.00000000 225.33300000 586.33300000 0.68627451 0.38039216 0.34117647
v -32.00000000 225.66700000 586.66700000 0.71372549 0.40784314 0.36862745
v -31.00000000 226.00000000 587.33300000 0.76862745 0.45882353 0.43921569
v -30.00000000 226.00000000 588.16700000 0.76862745 0.47450980 0.45098039
v -29.00000000 226.16700000 589.16700000 0.79607843 0.50588235 0.49411765
v -28.00000000 227.00000000 591.00000000 0.84705882 0.55686275 0.55294118
v -27.00000000 227.50000000 591.50000000 0.82352941 0.53333333 0.52941176
v -26.00000000 228.00000000 593.00000000 0.80784314 0.52549020 0.52941176
v -25.00000000 228.66700000 594.66700000 0.80784314 0.53333333 0.54117647
v -24.00000000 229.00000000 595.50000000 0.82745098 0.56078431 0.55686275
v -24.00000000 229.83300000 596.83300000 0.82352941 0.57254902 0.57254902
v -23.00000000 230.00000000 598.00000000 0.71372549 0.50588235 0.49019608
v -23.00000000 230.33300000 599.33300000 0.33333333 0.15686275 0.14509804
v -22.00000000 231.00000000 601.16700000 0.16078431 0.03137255 0.01176471
v -21.16670000 231.66700000 602.83300000 0.19607843 0.08235294 0.06666667
v -48.83330000 225.83300000 586.00000000 0.08627451 0.08235294 0.06666667
v -48.00000000 226.00000000 586.16700000 0.10980392 0.09019608 0.07450980
v -45.00000000 226.66700000 587.83300000 0.39215686 0.23529412 0.22745098
v -44.00000000 226.66700000 587.83300000 0.40000000 0.23137255 0.20784314
v -44.00000000 226.83300000 588.00000000 0.43137255 0.23921569 0.21960784
v -43.00000000 226.83300000 588.00000000 0.45098039 0.24313725 0.21960784
v -42.16670000 226.83300000 588.00000000 0.47058824 0.23921569 0.22352941
v -42.00000000 226.66700000 587.66700000 0.50196078 0.25490196 0.23529412
v -41.00000000 226.66700000 587.66700000 0.53725490 0.26274510 0.25490196
v -40.33330000 226.33300000 587.33300000 0.56078431 0.27058824 0.25882353
v -40.00000000 226.33300000 587.33300000 0.57647059 0.28235294 0.27058824
v -39.00000000 226.00000000 586.66700000 0.59607843 0.29019608 0.27450980
v -38.00000000 226.00000000 586.50000000 0.60000000 0.30588235 0.28235294
v -37.00000000 226.00000000 586.50000000 0.60392157 0.30196078 0.27058824
v -36.00000000 226.00000000 586.50000000 0.62745098 0.32549020 0.29411765
v -35.00000000 225.83300000 586.16700000 0.66666667 0.35686275 0.32941176
v -34.00000000 226.00000000 586.16700000 0.67058824 0.36862745 0.33725490
v -33.16670000 226.00000000 586.16700000 0.68235294 0.38039216 0.34901961
v -33.00000000 226.00000000 586.83300000 0.71372549 0.41176471 0.38823529
v -32.00000000 226.00000000 586.83300000 0.74901961 0.44705882 0.42352941
v -32.00000000 226.16700000 587.16700000 0.77647059 0.48235294 0.46274510
v -31.00000000 226.16700000 587.16700000 0.81176471 0.51764706 0.49803922
v -30.00000000 227.00000000 588.00000000 0.81960784 0.52941176 0.51764706
v -29.00000000 227.00000000 589.16700000 0.81176471 0.53333333 0.52549020
v -29.00000000 227.16700000 590.16700000 0.81960784 0.54117647 0.53333333
v -28.00000000 228.00000000 591.16700000 0.85098039 0.56862745 0.57254902
v -27.00000000 228.00000000 591.50000000 0.83529412 0.55294118 0.55686275
v -25.00000000 229.00000000 594.66700000 0.80392157 0.52941176 0.53725490
v -24.00000000 229.16700000 595.16700000 0.82745098 0.55294118 0.55294118
v -23.00000000 230.16700000 597.16700000 0.78823529 0.56078431 0.55294118
v -22.00000000 231.16700000 600.16700000 0.16078431 0.01176471 0.00000000
v -21.00000000 232.00000000 602.16700000 0.20392157 0.07058824 0.06666667
v -48.33330000 226.00000000 585.33300000 0.08627451 0.09019608 0.07058824
v -48.00000000 226.16700000 586.00000000 0.08235294 0.07058824 0.05098039
v -47.00000000 226.16700000 586.16700000 0.17254902 0.13725490 0.11764706
v -47.00000000 226.33300000 586.50000000 0.27058824 0.21176471 0.18431373
v -46.00000000 226.50000000 586.66700000 0.31372549 0.21960784 0.20392157
v -43.00000000 227.16700000 588.00000000 0.44705882 0.24705882 0.23137255
v -42.00000000 227.00000000 587.66700000 0.49411765 0.25490196 0.24313725
v -40.33330000 227.00000000 587.33300000 0.56078431 0.28235294 0.27450980
v -39.00000000 226.83300000 586.83300000 0.60000000 0.30588235 0.29411765
v -39.00000000 226.66700000 586.66700000 0.60784314 0.31372549 0.30196078
v -38.00000000 226.50000000 586.50000000 0.62352941 0.32941176 0.30588235
v -37.00000000 226.33300000 586.16700000 0.61568627 0.32156863 0.29803922
v -37.00000000 226.66700000 586.66700000 0.62352941 0.32156863 0.29019608
v -36.00000000 226.50000000 586.50000000 0.63529412 0.33333333 0.30196078
v -35.00000000 226.66700000 586.66700000 0.65098039 0.34117647 0.31372549
v -35.00000000 226.83300000 586.00000000 0.67058824 0.36862745 0.34509804
v -34.00000000 227.00000000 586.33300000 0.68627451 0.39215686 0.36862745
v -33.16670000 227.00000000 586.16700000 0.70980392 0.42352941 0.40000000
v -33.00000000 227.00000000 586.66700000 0.74509804 0.45882353 0.43529412
v -32.00000000 227.00000000 586.83300000 0.76470588 0.47843137 0.45490196
v -31.00000000 227.00000000 587.33300000 0.80000000 0.50980392 0.49803922
v -30.00000000 227.33300000 588.33300000 0.77647059 0.49803922 0.48235294
v -29.00000000 228.00000000 589.16700000 0.80392157 0.52941176 0.52156863
v -28.00000000 228.16700000 591.16700000 0.79607843 0.52156863 0.52156863
v -27.00000000 228.50000000 591.50000000 0.82352941 0.54901961 0.54901961
v -26.00000000 229.00000000 592.83300000 0.78039216 0.50588235 0.50588235
v -26.00000000 229.50000000 593.50000000 0.78823529 0.51372549 0.52156863
v -25.00000000 230.00000000 594.50000000 0.78431373 0.50980392 0.51764706
v -24.00000000 230.00000000 595.16700000 0.81568627 0.54117647 0.54117647
v -24.00000000 230.16700000 596.16700000 0.82352941 0.55686275 0.56078431
v -23.00000000 231.00000000 597.16700000 0.82745098 0.58823529 0.58431373
v -22.00000000 232.00000000 600.16700000 0.17254902 0.01176471 0.00392157
v -21.00000000 232.33300000 601.33300000 0.20392157 0.07058824 0.06666667
v -21.00000000 233.50000000 603.50000000 0.20000000 0.07843137 0.07058824
v -48.00000000 226.33300000 584.33300000 0.09019608 0.09411765 0.07450980
v -47.00000000 227.00000000 585.50000000 0.13333333 0.10588235 0.08235294
v -46.00000000 227.16700000 586.66700000 0.29411765 0.21176471 0.19215686
v -45.50000000 227.16700000 586.66700000 0.33725490 0.22352941 0.20784314
v -45.00000000 227.16700000 587.00000000 0.37647059 0.23921569 0.22352941
v -44.00000000 227.16700000 587.00000000 0.40000000 0.23921569 0.22352941
v -44.00000000 227.33300000 587.33300000 0.42352941 0.24705882 0.22745098
v -43.00000000 227.33300000 587.33300000 0.44705882 0.24705882 0.23529412
v -42.00000000 227.50000000 587.50000000 0.47450980 0.24705882 0.24313725
v -42.00000000 227.16700000 587.00000000 0.49411765 0.25490196 0.25098039
v -41.00000000 227.00000000 586.83300000 0.53725490 0.27058824 0.27450980
v -40.00000000 227.00000000 586.66700000 0.59215686 0.30196078 0.29803922
v -39.00000000 227.00000000 586.33300000 0.60784314 0.31372549 0.30196078
v -38.00000000 227.00000000 586.33300000 0.61960784 0.32549020 0.30588235
v -37.00000000 227.00000000 586.00000000 0.61960784 0.32549020 0.30588235
v -36.00000000 227.50000000 586.50000000 0.63921569 0.34509804 0.32156863
v -35.00000000 227.66700000 586.66700000 0.67058824 0.36862745 0.34509804
v -35.00000000 227.16700000 586.00000000 0.69411765 0.40000000 0.38039216
v -34.00000000 227.33300000 586.33300000 0.72549020 0.43921569 0.41568627
v -33.16670000 227.16700000 586.16700000 0.75294118 0.47450980 0.45882353
v -33.00000000 227.66700000 586.66700000 0.77647059 0.49803922 0.48235294
v -32.00000000 227.66700000 586.66700000 0.78039216 0.50196078 0.48627451
v -31.00000000 228.00000000 587.33300000 0.80000000 0.52156863 0.51372549
v -30.00000000 228.00000000 588.16700000 0.79607843 0.51764706 0.50980392
v -29.00000000 228.33300000 589.33300000 0.81960784 0.54509804 0.53725490
v -28.00000000 229.00000000 591.00000000 0.78431373 0.50980392 0.50980392
v -27.00000000 229.00000000 591.50000000 0.78823529 0.51372549 0.51372549
v -27.00000000 229.16700000 592.00000000 0.77647059 0.50196078 0.50196078
v -26.00000000 229.83300000 593.00000000 0.77254902 0.49803922 0.49803922
v -26.00000000 230.00000000 593.50000000 0.78431373 0.50980392 0.50980392
v -25.00000000 230.50000000 594.50000000 0.78823529 0.51372549 0.51372549
v -24.00000000 231.00000000 595.16700000 0.80392157 0.52941176 0.52156863
v -23.00000000 231.16700000 597.16700000 0.83529412 0.57647059 0.58039216
v -22.00000000 232.16700000 599.16700000 0.18823529 0.01568627 0.01176471
v -21.00000000 233.00000000 601.16700000 0.19607843 0.05490196 0.05490196
v -48.00000000 227.00000000 584.16700000 0.05882353 0.06274510 0.04313725
v -47.00000000 227.16700000 585.00000000 0.09803922 0.07843137 0.06274510
v -47.00000000 227.33300000 585.50000000 0.20784314 0.16470588 0.14117647
v -45.33330000 228.00000000 586.33300000 0.32941176 0.21960784 0.20392157
v -44.00000000 228.00000000 586.83300000 0.40000000 0.23921569 0.22352941
v -43.00000000 228.00000000 587.16700000 0.44313725 0.24313725 0.23137255
v -42.00000000 228.00000000 586.83300000 0.47058824 0.24313725 0.23921569
v -41.00000000 228.00000000 586.83300000 0.54509804 0.27843137 0.28235294
v -40.00000000 228.00000000 586.66700000 0.59607843 0.30588235 0.30980392
v -39.00000000 228.00000000 586.33300000 0.61568627 0.31764706 0.31764706
v -38.00000000 228.00000000 586.50000000 0.62745098 0.33725490 0.32549020
v -37.00000000 227.83300000 586.16700000 0.62352941 0.33333333 0.32156863
v -37.00000000 228.00000000 586.66700000 0.63529412 0.34117647 0.32156863
v -36.00000000 228.00000000 586.83300000 0.67058824 0.37647059 0.35686275
v -35.00000000 228.00000000 586.16700000 0.72941176 0.43529412 0.41568627
v -34.00000000 228.00000000 586.50000000 0.75686275 0.47843137 0.47058824
v -33.50000000 228.00000000 586.50000000 0.77254902 0.49803922 0.49803922
v -33.00000000 228.00000000 586.66700000 0.77254902 0.49803922 0.49803922
v -32.00000000 228.00000000 586.66700000 0.75686275 0.48235294 0.48235294
v -31.00000000 228.33300000 587.33300000 0.76470588 0.49019608 0.49019608
v -30.00000000 228.83300000 587.83300000 0.76862745 0.48627451 0.49019608
v -29.00000000 229.00000000 589.00000000 0.83137255 0.54901961 0.55294118
v -28.00000000 229.33300000 590.33300000 0.80784314 0.52549020 0.52941176
v -27.00000000 230.00000000 591.16700000 0.78823529 0.50588235 0.50980392
v -26.00000000 230.16700000 592.83300000 0.78431373 0.50196078 0.50588235
v -25.00000000 231.00000000 594.16700000 0.80392157 0.51372549 0.51764706
v -24.00000000 231.16700000 595.16700000 0.80392157 0.52941176 0.52156863
v -24.00000000 231.50000000 595.66700000 0.81960784 0.54509804 0.54509804
v -23.00000000 232.00000000 597.16700000 0.81960784 0.56470588 0.55686275
v -48.00000000 227.83300000 584.00000000 0.06666667 0.07058824 0.05098039
v -47.00000000 227.83300000 584.50000000 0.07843137 0.05882353 0.04705882
v -47.00000000 228.00000000 585.00000000 0.17254902 0.12941176 0.11372549
v -46.00000000 228.00000000 585.33300000 0.25882353 0.18039216 0.17647059
v -45.00000000 228.00000000 585.33300000 0.32549020 0.21568627 0.20392157
v -44.00000000 228.16700000 586.16700000 0.39215686 0.23921569 0.21960784
v -44.00000000 228.50000000 586.50000000 0.41568627 0.23921569 0.21960784
v -43.00000000 228.50000000 586.50000000 0.44313725 0.24313725 0.23137255
v -42.00000000 228.50000000 586.50000000 0.49411765 0.25490196 0.25098039
v -41.00000000 228.66700000 586.66700000 0.54509804 0.28627451 0.29019608
v -40.00000000 228.66700000 586.66700000 0.58823529 0.31372549 0.31372549
v -40.00000000 228.50000000 586.50000000 0.59607843 0.31372549 0.31764706
v -39.00000000 228.66700000 586.66700000 0.62352941 0.34509804 0.33725490
v -38.33330000 228.33300000 586.33300000 0.64705882 0.36862745 0.36078431
v -38.00000000 228.33300000 586.33300000 0.67058824 0.39215686 0.37647059
v -37.00000000 228.33300000 586.16700000 0.65882353 0.38039216 0.36470588
v -37.00000000 228.66700000 586.66700000 0.66274510 0.38431373 0.36078431
v -36.00000000 228.66700000 586.66700000 0.69803922 0.41960784 0.39607843
v -35.00000000 228.66700000 586.66700000 0.71372549 0.42745098 0.40392157
v -35.00000000 228.16700000 586.16700000 0.70196078 0.42352941 0.40784314
v -34.00000000 228.50000000 586.50000000 0.68627451 0.41176471 0.41176471
v -33.50000000 228.50000000 586.50000000 0.68627451 0.41960784 0.42352941
v -33.00000000 228.66700000 586.66700000 0.69019608 0.42352941 0.42745098
v -32.00000000 228.66700000 586.50000000 0.69019608 0.42352941 0.42745098
v -32.00000000 228.83300000 586.83300000 0.70588235 0.43921569 0.44313725
v -31.00000000 228.83300000 586.83300000 0.73333333 0.46666667 0.47058824
v -30.00000000 229.00000000 587.83300000 0.75686275 0.48235294 0.49019608
v -29.00000000 229.83300000 588.83300000 0.72941176 0.44705882 0.45882353
v -28.00000000 230.00000000 590.16700000 0.79215686 0.51764706 0.51764706
v -27.00000000 230.16700000 591.16700000 0.84313725 0.56862745 0.56862745
v -27.00000000 230.66700000 591.83300000 0.74117647 0.45882353 0.46274510
v -26.00000000 231.00000000 592.66700000 0.74509804 0.46274510 0.46666667
v -25.00000000 231.16700000 594.16700000 0.78039216 0.49019608 0.49411765
v -24.00000000 232.00000000 594.16700000 0.79607843 0.52549020 0.50588235
v -23.00000000 232.16700000 596.16700000 0.82352941 0.55686275 0.54509804
v -22.00000000 233.00000000 599.00000000 0.21960784 0.05882353 0.04313725
v -21.00000000 234.00000000 600.66700000 0.17254902 0.05882353 0.04313725
v -48.00000000 228.16700000 583.66700000 0.06666667 0.07450980 0.06274510
v -47.00000000 228.33300000 584.00000000 0.06274510 0.04705882 0.04313725
v -46.83330000 228.50000000 584.50000000 0.14509804 0.10588235 0.09803922
v -46.00000000 228.66700000 584.83300000 0.24705882 0.17647059 0.17647059
v -44.00000000 229.00000000 585.83300000 0.38431373 0.23921569 0.21568627
v -43.83330000 229.00000000 585.83300000 0.41176471 0.24313725 0.21960784
v -43.00000000 229.00000000 586.50000000 0.43921569 0.25098039 0.23529412
v -42.00000000 229.00000000 586.50000000 0.48627451 0.25882353 0.25098039
v -41.00000000 229.00000000 586.50000000 0.54509804 0.29411765 0.29411765
v -40.00000000 229.00000000 586.50000000 0.60000000 0.33333333 0.32941176
v -39.00000000 229.00000000 586.50000000 0.60784314 0.34117647 0.32941176
v -38.50000000 229.00000000 586.50000000 0.65098039 0.38431373 0.37254902
v -38.00000000 229.00000000 586.33300000 0.68627451 0.41960784 0.40784314
v -37.00000000 229.00000000 586.16700000 0.66666667 0.40000000 0.38823529
v -36.00000000 229.00000000 586.66700000 0.69803922 0.43529412 0.41176471
v -35.00000000 229.00000000 586.16700000 0.64705882 0.38039216 0.36862745
v -34.00000000 229.00000000 586.16700000 0.64313725 0.39215686 0.39215686
v -33.50000000 229.00000000 586.50000000 0.64313725 0.39215686 0.39607843
v -33.00000000 229.00000000 586.50000000 0.66666667 0.41568627 0.41960784
v -32.00000000 229.00000000 586.50000000 0.69019608 0.43921569 0.44313725
v -31.00000000 229.00000000 586.83300000 0.75294118 0.49411765 0.50196078
v -30.00000000 229.16700000 587.16700000 0.78039216 0.52156863 0.52941176
v -30.00000000 229.83300000 587.83300000 0.78039216 0.50980392 0.52156863
v -28.00000000 230.66700000 589.66700000 0.65490196 0.38823529 0.39215686
v -27.00000000 231.00000000 590.16700000 0.74901961 0.48235294 0.48627451
v -26.00000000 231.16700000 592.00000000 0.74117647 0.46666667 0.47450980
v -26.00000000 231.66700000 592.83300000 0.74901961 0.46666667 0.47058824
v -25.00000000 232.16700000 593.66700000 0.77254902 0.49019608 0.49411765
v -24.00000000 232.16700000 594.16700000 0.78431373 0.51372549 0.49411765
v -24.00000000 233.00000000 595.16700000 0.80000000 0.52549020 0.51764706
v -23.00000000 233.00000000 596.16700000 0.82745098 0.56078431 0.54901961
v -23.00000000 233.66700000 597.66700000 0.76862745 0.53333333 0.52941176
v -22.00000000 234.00000000 599.00000000 0.25490196 0.10196078 0.08235294
v -21.00000000 235.16700000 602.16700000 0.13333333 0.05882353 0.04313725
v -46.66670000 228.66700000 583.83300000 0.09803922 0.08235294 0.07843137
v -46.00000000 228.83300000 584.00000000 0.20784314 0.15294118 0.15294118
v -45.00000000 229.16700000 585.00000000 0.33725490 0.21176471 0.21568627
v -44.00000000 229.16700000 585.16700000 0.38431373 0.22745098 0.22745098
v -43.50000000 229.50000000 585.50000000 0.41568627 0.23529412 0.23529412
v -43.00000000 229.66700000 585.66700000 0.44313725 0.24705882 0.24313725
v -42.00000000 229.66700000 585.66700000 0.46666667 0.25490196 0.25490196
v -40.00000000 230.00000000 586.16700000 0.58431373 0.32941176 0.32156863
v -40.00000000 229.83300000 586.16700000 0.61176471 0.34509804 0.33333333
v -39.00000000 230.00000000 586.33300000 0.62745098 0.37254902 0.35686275
v -38.50000000 230.00000000 586.50000000 0.63529412 0.38039216 0.36470588
v -38.00000000 230.00000000 586.50000000 0.62352941 0.36862745 0.36078431
v -37.00000000 229.66700000 586.00000000 0.60392157 0.33725490 0.33333333
v -37.00000000 229.83300000 586.16700000 0.62745098 0.36078431 0.36470588
v -36.00000000 229.83300000 586.16700000 0.66666667 0.38431373 0.39607843
v -35.00000000 229.83300000 586.16700000 0.66274510 0.36862745 0.38431373
v -35.00000000 229.66700000 585.83300000 0.66666667 0.37254902 0.39215686
v -34.00000000 229.66700000 585.83300000 0.65882353 0.38823529 0.40000000
v -33.16670000 229.66700000 585.83300000 0.66666667 0.40784314 0.42352941
v -33.00000000 229.66700000 585.83300000 0.68627451 0.43137255 0.45490196
v -32.00000000 229.66700000 585.83300000 0.70196078 0.44705882 0.47058824
v -31.00000000 230.00000000 586.33300000 0.76862745 0.50588235 0.53333333
v -30.00000000 230.00000000 587.00000000 0.78823529 0.52941176 0.54509804
v -29.00000000 230.00000000 587.83300000 0.76862745 0.49411765 0.50196078
v -29.00000000 230.66700000 588.66700000 0.72941176 0.45490196 0.46274510
v -27.00000000 231.66700000 590.83300000 0.72941176 0.44705882 0.45098039
v -26.00000000 231.83300000 591.66700000 0.72156863 0.43921569 0.44313725
v -25.83330000 232.00000000 592.33300000 0.72941176 0.44705882 0.45882353
v -25.00000000 232.50000000 593.33300000 0.76470588 0.47058824 0.48627451
v -24.00000000 232.83300000 594.00000000 0.80000000 0.50980392 0.51372549
v -23.00000000 234.00000000 596.16700000 0.83529412 0.56470588 0.54509804
v -22.00000000 234.66700000 598.66700000 0.32941176 0.15294118 0.13333333
v -21.00000000 235.00000000 600.50000000 0.16862745 0.03529412 0.03137255
v -46.33330000 229.00000000 583.16700000 0.08627451 0.07058824 0.06666667
v -46.00000000 229.00000000 583.66700000 0.17254902 0.12549020 0.12549020
v -45.00000000 229.00000000 583.83300000 0.27450980 0.19215686 0.18823529
v -45.00000000 229.33300000 584.33300000 0.32549020 0.20784314 0.20784314
v -44.00000000 229.66700000 584.83300000 0.38431373 0.22745098 0.22745098
v -43.16670000 229.83300000 585.00000000 0.41960784 0.23921569 0.23921569
v -41.00000000 230.00000000 585.66700000 0.54117647 0.29803922 0.30196078
v -39.00000000 230.33300000 586.16700000 0.61960784 0.36470588 0.35686275
v -38.33330000 230.33300000 586.33300000 0.60784314 0.35294118 0.34509804
v -38.00000000 230.50000000 586.50000000 0.58431373 0.33333333 0.33333333
v -37.00000000 230.33300000 586.00000000 0.57254902 0.31372549 0.31764706
v -36.00000000 230.33300000 586.16700000 0.63921569 0.36078431 0.37647059
v -35.00000000 230.33300000 586.16700000 0.65098039 0.36862745 0.38431373
v -35.00000000 230.16700000 585.83300000 0.67058824 0.38823529 0.40392157
v -34.00000000 230.16700000 585.83300000 0.65882353 0.40000000 0.41568627
v -33.16670000 230.16700000 585.83300000 0.67450980 0.41960784 0.43529412
v -33.00000000 230.00000000 585.66700000 0.69803922 0.44313725 0.45882353
v -32.00000000 230.00000000 585.66700000 0.73333333 0.47843137 0.49411765
v -31.00000000 230.16700000 586.16700000 0.76862745 0.50980392 0.52549020
v -30.00000000 230.33300000 586.33300000 0.78039216 0.52156863 0.52941176
v -29.00000000 231.00000000 587.33300000 0.74901961 0.47058824 0.48627451
v -28.83330000 231.00000000 587.83300000 0.70196078 0.42352941 0.43921569
v -28.00000000 231.00000000 588.66700000 0.69803922 0.42352941 0.43137255
v -27.00000000 231.16700000 589.16700000 0.69019608 0.41568627 0.42352941
v -27.00000000 231.83300000 590.00000000 0.71372549 0.43137255 0.44313725
v -26.00000000 232.00000000 590.66700000 0.69411765 0.41176471 0.42352941
v -25.66670000 232.66700000 591.66700000 0.71764706 0.42352941 0.43921569
v -25.00000000 232.83300000 592.50000000 0.75686275 0.46274510 0.47843137
v -24.00000000 233.16700000 593.50000000 0.80392157 0.50588235 0.51372549
v -24.00000000 233.66700000 594.66700000 0.81960784 0.52941176 0.53333333
v -23.00000000 234.16700000 595.83300000 0.82745098 0.55686275 0.53725490
v -22.00000000 235.00000000 598.66700000 0.38431373 0.20784314 0.19607843
v -21.00000000 236.00000000 600.16700000 0.14901961 0.01568627 0.01960784
v -46.00000000 229.66700000 582.66700000 0.07058824 0.06666667 0.05882353
v -46.00000000 229.83300000 582.83300000 0.14117647 0.10196078 0.09803922
v -44.00000000 230.00000000 584.16700000 0.37254902 0.21960784 0.22352941
v -43.00000000 230.00000000 584.33300000 0.41568627 0.24313725 0.24705882
v -42.00000000 230.00000000 584.66700000 0.46274510 0.26666667 0.27058824
v -41.00000000 230.16700000 585.16700000 0.52941176 0.30196078 0.29803922
v -40.00000000 230.16700000 585.16700000 0.54901961 0.31372549 0.30980392
v -40.00000000 230.66700000 585.83300000 0.57254902 0.33333333 0.32941176
v -39.00000000 230.83300000 586.00000000 0.57647059 0.32549020 0.31764706
v -38.00000000 230.83300000 585.83300000 0.54901961 0.29803922 0.29803922
v -37.00000000 230.66700000 585.66700000 0.58823529 0.32941176 0.33725490
v -36.00000000 230.66700000 586.00000000 0.61568627 0.34509804 0.35686275
v -35.00000000 230.50000000 585.50000000 0.63921569 0.36078431 0.38431373
v -34.00000000 230.50000000 585.50000000 0.67058824 0.41176471 0.42745098
v -33.00000000 230.50000000 585.50000000 0.68627451 0.43137255 0.44705882
v -33.00000000 230.33300000 585.16700000 0.71372549 0.45490196 0.47058824
v -32.00000000 230.16700000 585.00000000 0.72941176 0.47058824 0.48627451
v -32.00000000 230.33300000 585.33300000 0.74509804 0.48627451 0.49411765
v -31.00000000 230.33300000 585.33300000 0.75686275 0.49803922 0.50588235
v -30.00000000 230.83300000 586.00000000 0.75294118 0.48235294 0.49411765
v -28.33330000 231.33300000 587.16700000 0.71372549 0.43529412 0.45098039
v -26.00000000 232.66700000 590.50000000 0.69411765 0.41176471 0.42352941
v -25.33330000 232.83300000 591.16700000 0.68235294 0.38823529 0.40392157
v -24.00000000 233.83300000 593.00000000 0.79215686 0.49411765 0.50196078
v -23.00000000 234.66700000 595.66700000 0.81960784 0.54901961 0.52941176
v -21.00000000 236.16700000 600.16700000 0.12941176 0.00000000 0.00000000
v -45.00000000 230.00000000 582.83300000 0.20784314 0.14901961 0.13725490
v -45.00000000 230.33300000 583.33300000 0.29411765 0.19215686 0.18823529
v -44.00000000 230.50000000 583.50000000 0.35686275 0.21568627 0.21568627
v -43.00000000 230.83300000 583.83300000 0.41176471 0.23921569 0.24313725
v -41.66670000 231.00000000 584.66700000 0.49019608 0.29019608 0.27843137
v -41.00000000 231.00000000 585.00000000 0.50980392 0.29019608 0.28627451
v -40.00000000 231.00000000 585.16700000 0.51764706 0.29019608 0.28235294
v -39.00000000 231.00000000 585.66700000 0.51764706 0.27843137 0.27450980
v -38.00000000 231.00000000 585.66700000 0.54117647 0.29019608 0.29411765
v -37.00000000 231.00000000 585.66700000 0.59607843 0.33725490 0.35294118
v -36.00000000 231.00000000 585.66700000 0.60784314 0.34901961 0.36470588
v -35.00000000 231.00000000 585.50000000 0.63529412 0.36078431 0.39215686
v -34.00000000 231.00000000 585.50000000 0.66666667 0.41176471 0.43529412
v -33.00000000 231.00000000 585.00000000 0.70980392 0.45098039 0.46666667
v -32.00000000 231.00000000 585.00000000 0.71764706 0.45882353 0.47450980
v -31.83330000 231.00000000 585.00000000 0.73333333 0.46274510 0.47450980
v -31.00000000 231.00000000 585.16700000 0.73333333 0.46274510 0.47450980
v -30.00000000 231.00000000 585.33300000 0.73333333 0.45490196 0.47058824
v -29.00000000 231.16700000 586.00000000 0.72156863 0.45098039 0.46274510
v -28.00000000 231.33300000 586.33300000 0.72156863 0.45098039 0.46274510
v -28.00000000 231.83300000 587.00000000 0.73725490 0.45882353 0.47450980
v -25.00000000 233.00000000 590.50000000 0.69411765 0.40000000 0.41568627
v -25.00000000 233.33300000 591.16700000 0.71372549 0.41960784 0.43529412
v -23.00000000 235.00000000 594.66700000 0.80784314 0.53725490 0.51764706
v -22.16670000 235.16700000 596.16700000 0.82745098 0.58823529 0.57647059
v -21.00000000 237.16700000 601.16700000 0.12549020 0.05098039 0.05882353
v -46.00000000 230.00000000 581.66700000 0.06666667 0.07450980 0.06274510
v -45.00000000 230.50000000 582.50000000 0.17254902 0.11764706 0.11372549
v -44.50000000 230.50000000 582.50000000 0.27058824 0.17647059 0.17647059
v -43.00000000 231.00000000 583.33300000 0.40000000 0.23529412 0.23921569
v -42.00000000 231.00000000 583.66700000 0.47058824 0.28235294 0.28235294
v -41.50000000 231.50000000 584.50000000 0.48627451 0.28627451 0.27450980
v -40.00000000 231.83300000 584.83300000 0.47843137 0.26274510 0.25098039
v -39.00000000 232.00000000 585.33300000 0.49019608 0.25490196 0.25098039
v -38.00000000 232.00000000 585.50000000 0.51764706 0.27843137 0.27450980
v -38.00000000 231.83300000 585.33300000 0.54117647 0.29019608 0.29411765
v -37.00000000 231.83300000 585.33300000 0.56470588 0.31372549 0.31764706
v -37.00000000 232.00000000 585.33300000 0.59607843 0.33725490 0.35294118
v -36.00000000 232.00000000 585.33300000 0.60784314 0.34901961 0.36470588
v -35.00000000 232.00000000 585.16700000 0.65490196 0.38039216 0.41176471
v -34.00000000 231.66700000 584.66700000 0.65490196 0.40000000 0.42352941
v -33.00000000 231.66700000 584.66700000 0.67058824 0.41568627 0.43921569
v -33.00000000 231.50000000 584.50000000 0.68627451 0.42745098 0.44313725
v -32.00000000 231.50000000 584.50000000 0.69019608 0.43137255 0.44705882
v -31.16670000 231.16700000 584.16700000 0.69411765 0.42352941 0.43529412
v -31.00000000 231.33300000 584.33300000 0.69411765 0.42352941 0.43529412
v -30.00000000 231.66700000 584.66700000 0.70588235 0.42745098 0.44313725
v -28.00000000 232.00000000 585.33300000 0.72941176 0.45882353 0.47843137
v -27.00000000 232.00000000 586.66700000 0.74117647 0.46274510 0.47843137
v -27.00000000 232.66700000 587.66700000 0.74117647 0.45882353 0.47450980
v -26.00000000 232.83300000 588.50000000 0.74509804 0.46274510 0.47843137
v -24.00000000 234.00000000 591.50000000 0.76470588 0.46666667 0.46666667
v -23.00000000 235.16700000 594.16700000 0.80784314 0.53333333 0.50196078
v -22.00000000 236.16700000 597.16700000 0.60784314 0.42352941 0.40000000
v -21.00000000 237.00000000 599.00000000 0.16078431 0.02745098 0.01960784
v -46.00000000 231.00000000 581.83300000 0.07843137 0.06274510 0.05882353
v -45.00000000 231.00000000 581.83300000 0.12941176 0.09019608 0.08627451
v -44.16670000 231.00000000 582.16700000 0.22352941 0.14509804 0.14901961
v -44.00000000 231.00000000 582.50000000 0.32156863 0.19607843 0.20000000
v -43.00000000 231.16700000 583.16700000 0.39215686 0.23529412 0.23921569
v -43.00000000 231.33300000 583.33300000 0.44313725 0.27058824 0.26666667
v -42.00000000 231.66700000 583.66700000 0.46666667 0.27843137 0.27843137
v -41.00000000 231.66700000 583.66700000 0.47450980 0.27450980 0.27058824
v -39.00000000 232.33300000 585.16700000 0.46666667 0.23137255 0.23137255
v -38.00000000 232.33300000 585.16700000 0.50588235 0.27058824 0.27058824
v -37.00000000 232.33300000 585.16700000 0.52549020 0.28235294 0.28627451
v -36.83330000 232.33300000 585.16700000 0.55294118 0.30980392 0.32156863
v -34.00000000 232.00000000 584.66700000 0.62352941 0.36862745 0.39215686
v -31.16670000 231.83300000 584.00000000 0.66666667 0.39607843 0.41568627
v -29.00000000 232.00000000 584.66700000 0.71372549 0.43529412 0.45098039
v -28.00000000 232.66700000 585.66700000 0.74509804 0.46274510 0.47843137
v -27.00000000 232.83300000 585.83300000 0.75294118 0.47058824 0.48627451
v -26.00000000 233.00000000 587.66700000 0.75294118 0.47058824 0.48235294
v -25.00000000 233.66700000 588.66700000 0.69019608 0.39607843 0.41176471
v -24.00000000 234.66700000 590.66700000 0.76470588 0.46666667 0.46666667
v -23.00000000 235.33300000 593.33300000 0.80392157 0.52941176 0.49803922
v -22.00000000 236.00000000 595.00000000 0.80784314 0.57254902 0.54117647
v -21.00000000 237.83300000 598.83300000 0.20000000 0.07843137 0.06666667
v -20.00000000 239.00000000 602.00000000 0.08627451 0.04313725 0.05882353
v -45.00000000 231.16700000 581.16700000 0.09019608 0.07450980 0.06274510
v -44.00000000 231.66700000 581.66700000 0.16862745 0.11372549 0.10980392
v -43.00000000 232.00000000 582.33300000 0.36470588 0.22352941 0.23137255
v -42.00000000 232.00000000 583.00000000 0.44705882 0.26666667 0.27450980
v -41.00000000 232.00000000 583.33300000 0.45882353 0.26274510 0.26666667
v -40.00000000 232.00000000 583.83300000 0.43529412 0.22352941 0.22352941
v -40.00000000 232.33300000 584.16700000 0.43529412 0.21568627 0.21960784
v -39.00000000 232.66700000 584.66700000 0.43921569 0.21960784 0.21568627
v -38.00000000 232.50000000 584.50000000 0.47450980 0.24705882 0.24313725
v -37.00000000 232.50000000 584.50000000 0.49019608 0.25490196 0.25490196
v -36.33330000 232.33300000 584.33300000 0.51372549 0.27843137 0.28627451
v -36.00000000 232.33300000 584.33300000 0.54117647 0.29803922 0.31764706
v -35.00000000 232.33300000 584.33300000 0.55686275 0.30196078 0.32549020
v -35.00000000 232.16700000 584.00000000 0.57647059 0.32156863 0.35294118
v -34.00000000 232.16700000 584.00000000 0.58823529 0.33333333 0.35686275
v -33.00000000 232.00000000 583.66700000 0.61176471 0.35686275 0.38039216
v -32.00000000 232.00000000 583.33300000 0.63921569 0.37647059 0.40392157
v -31.00000000 232.00000000 583.00000000 0.65882353 0.38431373 0.41568627
v -30.00000000 232.00000000 583.33300000 0.68627451 0.41568627 0.43529412
v -29.00000000 232.33300000 584.33300000 0.72941176 0.45098039 0.46666667
v -28.00000000 232.33300000 584.33300000 0.74117647 0.45882353 0.47450980
v -28.00000000 233.00000000 584.66700000 0.76470588 0.48235294 0.49411765
v -27.00000000 233.00000000 585.50000000 0.78431373 0.49019608 0.50588235
v -26.83330000 233.16700000 586.00000000 0.78431373 0.49019608 0.50588235
v -26.00000000 233.66700000 586.83300000 0.77254902 0.47843137 0.49411765
v -25.00000000 234.00000000 587.83300000 0.72941176 0.43529412 0.45098039
v -25.00000000 234.66700000 588.83300000 0.71764706 0.42745098 0.43137255
v -24.00000000 235.00000000 590.16700000 0.76078431 0.46274510 0.46274510
v -23.00000000 236.00000000 592.83300000 0.80392157 0.53725490 0.50196078
v -22.00000000 236.33300000 594.33300000 0.81176471 0.58039216 0.54901961
v -21.00000000 238.00000000 597.83300000 0.24705882 0.12941176 0.12156863
v -20.00000000 239.66700000 601.66700000 0.09803922 0.06274510 0.08235294
v -45.00000000 232.00000000 581.00000000 0.07450980 0.07058824 0.06274510
v -40.00000000 233.00000000 583.50000000 0.43137255 0.21960784 0.21960784
v -39.00000000 233.00000000 584.00000000 0.42745098 0.21568627 0.21568627
v -38.00000000 233.00000000 584.16700000 0.42745098 0.21568627 0.21568627
v -37.00000000 233.00000000 584.50000000 0.48235294 0.25098039 0.25882353
v -36.33330000 233.00000000 584.33300000 0.50196078 0.27058824 0.28627451
v -36.00000000 233.00000000 584.33300000 0.52941176 0.28627451 0.30588235
v -35.00000000 233.00000000 584.00000000 0.53725490 0.29019608 0.32156863
v -32.00000000 232.83300000 583.00000000 0.62352941 0.36078431 0.38823529
v -31.00000000 232.66700000 582.83300000 0.65098039 0.38823529 0.41568627
v -31.00000000 232.83300000 583.00000000 0.67058824 0.40784314 0.43529412
v -30.00000000 232.83300000 583.00000000 0.69411765 0.42352941 0.44313725
v -29.00000000 233.00000000 583.33300000 0.73333333 0.45490196 0.47058824
v -26.66670000 233.83300000 585.50000000 0.80784314 0.51372549 0.52941176
v -25.00000000 234.16700000 587.00000000 0.74509804 0.46274510 0.47450980
v -23.83330000 235.83300000 590.33300000 0.77254902 0.49411765 0.47843137
v -23.00000000 236.33300000 592.16700000 0.81176471 0.54117647 0.51372549
v -22.00000000 237.00000000 593.83300000 0.82352941 0.59215686 0.56078431
v -21.00000000 238.83300000 597.83300000 0.27843137 0.16078431 0.16078431
v -21.00000000 239.66700000 599.66700000 0.11372549 0.05098039 0.06274510
v -20.00000000 240.00000000 601.50000000 0.12549020 0.08627451 0.11764706
v -44.00000000 232.00000000 580.33300000 0.10980392 0.08627451 0.10196078
v -43.00000000 232.16700000 581.16700000 0.32549020 0.20000000 0.21176471
v -43.00000000 232.66700000 581.66700000 0.38823529 0.23529412 0.23921569
v -40.00000000 233.16700000 583.16700000 0.42352941 0.22352941 0.21960784
v -39.00000000 233.66700000 583.66700000 0.41960784 0.20784314 0.20000000
v -38.00000000 233.66700000 583.66700000 0.44705882 0.23529412 0.22745098
v -38.00000000 233.83300000 583.83300000 0.46274510 0.24313725 0.23921569
v -37.00000000 233.83300000 583.83300000 0.48235294 0.25490196 0.25098039
v -36.00000000 233.66700000 583.66700000 0.50588235 0.27450980 0.28235294
v -36.00000000 233.50000000 583.50000000 0.52941176 0.28627451 0.29803922
v -35.00000000 233.50000000 583.50000000 0.54117647 0.29803922 0.31764706
v -34.83330000 233.33300000 583.16700000 0.58039216 0.31764706 0.34509804
v -34.00000000 233.00000000 582.66700000 0.59607843 0.32549020 0.33725490
v -33.00000000 233.00000000 582.33300000 0.63529412 0.36470588 0.38431373
v -32.00000000 233.00000000 582.33300000 0.65490196 0.38431373 0.40392157
v -31.00000000 233.00000000 582.16700000 0.67450980 0.41176471 0.43921569
v -30.00000000 233.00000000 582.33300000 0.68627451 0.42745098 0.44313725
v -29.33330000 233.00000000 582.33300000 0.71372549 0.44313725 0.46274510
v -29.00000000 233.16700000 582.66700000 0.73725490 0.46666667 0.47843137
v -28.00000000 233.16700000 583.16700000 0.76078431 0.48235294 0.49803922
v -28.00000000 233.33300000 583.33300000 0.77254902 0.49019608 0.50196078
v -27.00000000 233.66700000 583.66700000 0.78431373 0.49019608 0.50588235
v -26.00000000 234.00000000 584.66700000 0.80000000 0.50196078 0.50980392
v -25.00000000 235.00000000 586.66700000 0.76470588 0.44705882 0.44313725
v -24.00000000 235.50000000 588.66700000 0.75294118 0.44705882 0.44705882
v -23.83330000 236.16700000 590.00000000 0.79607843 0.50196078 0.49019608
v -23.00000000 237.00000000 591.50000000 0.81176471 0.52549020 0.50196078
v -22.00000000 237.33300000 593.33300000 0.83137255 0.58431373 0.55686275
v -22.00000000 238.33300000 595.33300000 0.64705882 0.47058824 0.45098039
v -21.00000000 239.00000000 597.33300000 0.32549020 0.21568627 0.20392157
v -42.00000000 233.00000000 581.66700000 0.39215686 0.23921569 0.24313725
v -41.00000000 233.00000000 581.66700000 0.41568627 0.25490196 0.24705882
v -41.00000000 233.33300000 582.33300000 0.42352941 0.23529412 0.23529412
v -40.00000000 233.33300000 582.33300000 0.40392157 0.21568627 0.20784314
v -39.00000000 234.00000000 583.16700000 0.41568627 0.21568627 0.20392157
v -38.00000000 234.00000000 583.66700000 0.45490196 0.23529412 0.23137255
v -37.00000000 234.00000000 583.83300000 0.49411765 0.25882353 0.25882353
v -36.00000000 234.00000000 583.50000000 0.54509804 0.28627451 0.30196078
v -35.00000000 234.00000000 583.16700000 0.56470588 0.30196078 0.32941176
v -34.66670000 234.00000000 582.66700000 0.60000000 0.32156863 0.35294118
v -32.00000000 233.83300000 582.00000000 0.65882353 0.38039216 0.40392157
v -29.33330000 234.00000000 582.33300000 0.73333333 0.46666667 0.47058824
v -28.00000000 234.00000000 582.66700000 0.76862745 0.48627451 0.49019608
v -27.00000000 234.00000000 583.33300000 0.77647059 0.47843137 0.48627451
v -26.00000000 234.16700000 583.83300000 0.76470588 0.46666667 0.47450980
v -26.00000000 234.66700000 584.83300000 0.75686275 0.44313725 0.45490196
v -24.00000000 236.00000000 588.16700000 0.76862745 0.46274510 0.45490196
v -23.16670000 236.16700000 589.16700000 0.79607843 0.50196078 0.49019608
v -23.00000000 237.16700000 591.16700000 0.80784314 0.53333333 0.50196078
v -22.00000000 238.00000000 593.16700000 0.81960784 0.58431373 0.55294118
v -20.00000000 241.00000000 600.66700000 0.09019608 0.08235294 0.09411765
v -44.00000000 233.00000000 579.00000000 0.08627451 0.07843137 0.09019608
v -43.00000000 233.00000000 580.00000000 0.22352941 0.15294118 0.15294118
v -42.33330000 233.33300000 580.33300000 0.30980392 0.21568627 0.20784314
v -40.00000000 234.00000000 582.00000000 0.39607843 0.21960784 0.20784314
v -39.16670000 234.16700000 582.16700000 0.39607843 0.20000000 0.19607843
v -36.00000000 234.66700000 582.66700000 0.55686275 0.28627451 0.29803922
v -35.00000000 234.50000000 582.50000000 0.57254902 0.30196078 0.32156863
v -34.33330000 234.33300000 582.33300000 0.60392157 0.31764706 0.34509804
v -34.00000000 234.00000000 582.00000000 0.62745098 0.34117647 0.36862745
v -33.00000000 234.00000000 581.66700000 0.64705882 0.35294118 0.38039216
v -31.00000000 233.83300000 581.00000000 0.70980392 0.42745098 0.43921569
v -30.00000000 233.83300000 581.16700000 0.73725490 0.45882353 0.45098039
v -29.00000000 234.00000000 581.33300000 0.74901961 0.45882353 0.44705882
v -28.00000000 234.16700000 581.66700000 0.76078431 0.47058824 0.45882353
v -27.00000000 234.33300000 582.33300000 0.75294118 0.45490196 0.45490196
v -25.00000000 235.16700000 585.16700000 0.75686275 0.44313725 0.45490196
v -23.16670000 237.00000000 589.16700000 0.80000000 0.50980392 0.49803922
v -22.00000000 238.50000000 592.50000000 0.82352941 0.58823529 0.55686275
v -21.00000000 240.00000000 596.66700000 0.38431373 0.28235294 0.27843137
v -43.00000000 233.66700000 579.66700000 0.18039216 0.11764706 0.12156863
v -42.00000000 233.66700000 579.66700000 0.26666667 0.18823529 0.18431373
v -42.00000000 234.00000000 580.33300000 0.32156863 0.21960784 0.22352941
v -41.00000000 234.00000000 580.33300000 0.34117647 0.22352941 0.21568627
v -41.00000000 234.16700000 581.16700000 0.36862745 0.23137255 0.22352941
v -40.00000000 234.16700000 581.16700000 0.38823529 0.22745098 0.21960784
v -33.00000000 234.50000000 581.50000000 0.68235294 0.38823529 0.40392157
v -32.00000000 234.00000000 581.00000000 0.69411765 0.40000000 0.41568627
v -31.00000000 234.00000000 580.83300000 0.71764706 0.42745098 0.43137255
v -30.00000000 234.00000000 580.83300000 0.72941176 0.43921569 0.43529412
v -29.00000000 234.16700000 581.00000000 0.73725490 0.44313725 0.43137255
v -28.00000000 234.33300000 581.33300000 0.76470588 0.47058824 0.45882353
v -28.00000000 234.50000000 581.50000000 0.76470588 0.47058824 0.45882353
v -26.00000000 235.00000000 582.66700000 0.71764706 0.41176471 0.41176471
v -26.00000000 235.66700000 583.66700000 0.74509804 0.43921569 0.43921569
v -25.00000000 236.00000000 584.66700000 0.78039216 0.46666667 0.47058824
v -23.00000000 237.33300000 588.33300000 0.81960784 0.52941176 0.52549020
v -22.00000000 239.00000000 592.50000000 0.82352941 0.59215686 0.56862745
v -21.00000000 240.50000000 596.50000000 0.38039216 0.28627451 0.27843137
v -21.00000000 241.50000000 598.50000000 0.19607843 0.17254902 0.17254902
v -43.00000000 234.00000000 578.66700000 0.13333333 0.07450980 0.08627451
v -42.00000000 234.16700000 579.00000000 0.21176471 0.14117647 0.14117647
v -41.00000000 234.83300000 579.83300000 0.32549020 0.21568627 0.21176471
v -39.00000000 235.00000000 581.00000000 0.38431373 0.20392157 0.20392157
v -38.00000000 235.00000000 582.00000000 0.44705882 0.23529412 0.22745098
v -37.00000000 235.00000000 582.00000000 0.50196078 0.26666667 0.26274510
v -36.00000000 235.00000000 582.00000000 0.54117647 0.29019608 0.29019608
v -35.00000000 235.00000000 581.83300000 0.59607843 0.32941176 0.33333333
v -34.00000000 235.00000000 581.16700000 0.64313725 0.36078431 0.36470588
v -33.00000000 235.00000000 581.00000000 0.66666667 0.37647059 0.38039216
v -32.83330000 235.00000000 580.83300000 0.68627451 0.38823529 0.39607843
v -32.00000000 235.00000000 580.50000000 0.69411765 0.39607843 0.40392157
v -30.00000000 234.83300000 580.00000000 0.70588235 0.40784314 0.41568627
v -29.00000000 234.83300000 580.00000000 0.70980392 0.41176471 0.41960784
v -29.00000000 235.00000000 580.33300000 0.74901961 0.43921569 0.45098039
v -28.00000000 235.00000000 580.50000000 0.76862745 0.45882353 0.47058824
v -27.00000000 235.00000000 582.00000000 0.72156863 0.41568627 0.41568627
v -26.00000000 235.33300000 582.33300000 0.71764706 0.42352941 0.41176471
v -25.00000000 236.33300000 584.33300000 0.78823529 0.49411765 0.47450980
v -24.00000000 237.00000000 587.00000000 0.81960784 0.52941176 0.51764706
v -23.00000000 238.00000000 588.50000000 0.83137255 0.55294118 0.54509804
v -22.00000000 239.33300000 592.33300000 0.81960784 0.59607843 0.56862745
v -22.00000000 240.33300000 594.33300000 0.57254902 0.41960784 0.40000000
v -21.00000000 241.00000000 596.66700000 0.36862745 0.28627451 0.27450980
v -44.00000000 234.00000000 578.00000000 0.10196078 0.08627451 0.09019608
v -43.00000000 234.33300000 578.33300000 0.09803922 0.05882353 0.06274510
v -42.00000000 234.33300000 578.33300000 0.16078431 0.09803922 0.10196078
v -42.00000000 234.83300000 579.00000000 0.25098039 0.16470588 0.17254902
v -40.83330000 235.00000000 579.83300000 0.36470588 0.23137255 0.22745098
v -36.00000000 236.00000000 581.83300000 0.57254902 0.31372549 0.31764706
v -33.00000000 235.83300000 580.83300000 0.65490196 0.35686275 0.35686275
v -32.83330000 235.83300000 580.83300000 0.67450980 0.36862745 0.36862745
v -32.00000000 235.33300000 580.33300000 0.67843137 0.37254902 0.37254902
v -31.00000000 235.00000000 579.83300000 0.68627451 0.37254902 0.38431373
v -30.00000000 235.00000000 579.83300000 0.69803922 0.38431373 0.39607843
v -28.00000000 235.50000000 580.50000000 0.72549020 0.41176471 0.42352941
v -27.50000000 235.50000000 580.50000000 0.72549020 0.41960784 0.41176471
v -27.00000000 236.00000000 581.33300000 0.73725490 0.43137255 0.42352941
v -26.00000000 236.00000000 582.16700000 0.75686275 0.46274510 0.43921569
v -26.00000000 236.16700000 583.16700000 0.78431373 0.49019608 0.46666667
v -25.00000000 237.00000000 584.16700000 0.80392157 0.51764706 0.49019608
v -25.00000000 237.50000000 585.50000000 0.82352941 0.53725490 0.51372549
v -24.00000000 238.00000000 587.00000000 0.82745098 0.54901961 0.54117647
v -23.00000000 238.50000000 588.50000000 0.83921569 0.56470588 0.56470588
v -23.00000000 239.50000000 590.50000000 0.83921569 0.57647059 0.55294118
v -22.00000000 240.00000000 592.00000000 0.79215686 0.57647059 0.55686275
v -21.00000000 242.00000000 596.66700000 0.37647059 0.29803922 0.29411765
v -42.00000000 235.00000000 578.00000000 0.10980392 0.07450980 0.07843137
v -41.00000000 235.00000000 578.66700000 0.27450980 0.18823529 0.19607843
v -40.00000000 235.00000000 578.83300000 0.34509804 0.22745098 0.22745098
v -40.00000000 235.33300000 579.33300000 0.38039216 0.24313725 0.23529412
v -38.00000000 236.00000000 580.83300000 0.43137255 0.23921569 0.21960784
v -37.83330000 236.00000000 580.83300000 0.47450980 0.26666667 0.25098039
v -37.00000000 236.00000000 581.00000000 0.50588235 0.27843137 0.27058824
v -36.00000000 236.16700000 581.16700000 0.54117647 0.29019608 0.28235294
v -36.00000000 236.33300000 581.33300000 0.57647059 0.30980392 0.30588235
v -35.00000000 236.00000000 581.00000000 0.60000000 0.31764706 0.32156863
v -34.00000000 236.00000000 580.66700000 0.61960784 0.32156863 0.32156863
v -33.00000000 236.00000000 580.50000000 0.63529412 0.32941176 0.32941176
v -32.16670000 236.00000000 580.16700000 0.65098039 0.33725490 0.34117647
v -32.00000000 235.83300000 579.83300000 0.65490196 0.34117647 0.34509804
v -31.00000000 235.83300000 579.83300000 0.65882353 0.34117647 0.33725490
v -31.00000000 235.33300000 579.33300000 0.66666667 0.34901961 0.34509804
v -30.00000000 235.33300000 579.33300000 0.68627451 0.36470588 0.37254902
v -29.00000000 235.16700000 579.16700000 0.70196078 0.38039216 0.38823529
v -29.00000000 235.66700000 579.66700000 0.69803922 0.38039216 0.37647059
v -28.00000000 236.00000000 580.16700000 0.70980392 0.39215686 0.38823529
v -27.33330000 236.00000000 580.33300000 0.73725490 0.42745098 0.40784314
v -27.00000000 236.33300000 581.33300000 0.77647059 0.46666667 0.44705882
v -26.00000000 237.00000000 582.00000000 0.79215686 0.49803922 0.47450980
v -25.00000000 237.16700000 584.16700000 0.81960784 0.54509804 0.51372549
v -24.00000000 239.00000000 587.16700000 0.84313725 0.57647059 0.56470588
v -23.00000000 239.00000000 588.66700000 0.84705882 0.58039216 0.57647059
v -23.00000000 240.00000000 591.00000000 0.85098039 0.60392157 0.58431373
v -22.00000000 241.00000000 593.00000000 0.74901961 0.54117647 0.52549020
v -41.00000000 235.66700000 577.83300000 0.23529412 0.16470588 0.16470588
v -40.00000000 235.83300000 578.00000000 0.31372549 0.21176471 0.20784314
v -39.00000000 236.00000000 579.33300000 0.36862745 0.21568627 0.19607843
v -38.00000000 236.33300000 580.33300000 0.41960784 0.22745098 0.20784314
v -37.33330000 236.33300000 580.33300000 0.46274510 0.25490196 0.23921569
v -37.00000000 236.66700000 580.66700000 0.49019608 0.25490196 0.25098039
v -36.00000000 236.66700000 580.66700000 0.51372549 0.26274510 0.25490196
v -34.00000000 236.50000000 580.50000000 0.59607843 0.28627451 0.29803922
v -33.00000000 236.16700000 580.16700000 0.60000000 0.28235294 0.30588235
v -32.16670000 236.16700000 580.16700000 0.62352941 0.30980392 0.31372549
v -32.00000000 236.00000000 579.83300000 0.64705882 0.32549020 0.33333333
v -31.00000000 236.00000000 579.33300000 0.67058824 0.34117647 0.33333333
v -30.00000000 236.00000000 579.33300000 0.69019608 0.36078431 0.35294118
v -29.00000000 236.00000000 579.16700000 0.70196078 0.37254902 0.36470588
v -28.00000000 236.16700000 580.16700000 0.74901961 0.42352941 0.40784314
v -27.16670000 236.16700000 580.16700000 0.78039216 0.47058824 0.44313725
v -27.00000000 237.00000000 581.16700000 0.80392157 0.49411765 0.46666667
v -26.00000000 237.16700000 582.16700000 0.80392157 0.51372549 0.47843137
v -25.00000000 238.00000000 584.00000000 0.84313725 0.56862745 0.53725490
v -25.00000000 238.83300000 585.83300000 0.84705882 0.56862745 0.54509804
v -24.00000000 239.50000000 587.50000000 0.86666667 0.60000000 0.59607843
v -23.33330000 240.00000000 589.33300000 0.85098039 0.59215686 0.59607843
v -23.00000000 241.00000000 591.16700000 0.87058824 0.62352941 0.60392157
v -22.00000000 242.00000000 593.16700000 0.69803922 0.49803922 0.48235294
v -22.00000000 243.00000000 595.00000000 0.47843137 0.34509804 0.33725490
v -21.00000000 243.00000000 597.00000000 0.39607843 0.33333333 0.33333333
v -42.00000000 235.16700000 576.33300000 0.08627451 0.09019608 0.07058824
v -42.00000000 235.33300000 576.50000000 0.10980392 0.09019608 0.07843137
v -41.00000000 235.83300000 577.00000000 0.17647059 0.13333333 0.11764706
v -36.00000000 237.00000000 580.00000000 0.49411765 0.23921569 0.23137255
v -35.00000000 237.00000000 580.00000000 0.54509804 0.27450980 0.25490196
v -34.00000000 237.00000000 579.83300000 0.56470588 0.27058824 0.25882353
v -33.00000000 237.00000000 579.66700000 0.60000000 0.29411765 0.28627451
v -32.00000000 237.00000000 579.16700000 0.63137255 0.31372549 0.30196078
v -31.00000000 237.00000000 579.00000000 0.67058824 0.33725490 0.32549020
v -30.00000000 236.50000000 578.50000000 0.69411765 0.36078431 0.34117647
v -29.00000000 237.00000000 579.16700000 0.76078431 0.42745098 0.40784314
v -28.00000000 237.00000000 580.16700000 0.76862745 0.44313725 0.41960784
v -27.16670000 237.00000000 580.16700000 0.80784314 0.49019608 0.47450980
v -27.00000000 237.16700000 581.16700000 0.83921569 0.53333333 0.51764706
v -26.00000000 238.00000000 582.16700000 0.84313725 0.54901961 0.52941176
v -25.00000000 239.00000000 584.66700000 0.85490196 0.58431373 0.56470588
v -24.00000000 240.00000000 588.00000000 0.85098039 0.60392157 0.58431373
v -23.50000000 241.00000000 589.50000000 0.84313725 0.60784314 0.60392157
v -23.00000000 242.00000000 591.66700000 0.83921569 0.60784314 0.62352941
v -22.00000000 242.50000000 593.50000000 0.59215686 0.40784314 0.43921569
v -22.00000000 243.50000000 595.50000000 0.41568627 0.32549020 0.34901961
v -42.00000000 235.66700000 575.83300000 0.08627451 0.09411765 0.08235294
v -42.00000000 236.00000000 576.16700000 0.09411765 0.07843137 0.07450980
v -41.00000000 236.00000000 576.16700000 0.14117647 0.10196078 0.09411765
v -40.00000000 236.00000000 576.50000000 0.23921569 0.16862745 0.16078431
v -39.00000000 236.33300000 577.33300000 0.36078431 0.22352941 0.21568627
v -36.00000000 237.33300000 579.33300000 0.48627451 0.23137255 0.22352941
v -34.00000000 237.66700000 579.66700000 0.58431373 0.27843137 0.26274510
v -33.00000000 237.50000000 579.50000000 0.61176471 0.30196078 0.28627451
v -32.00000000 237.16700000 579.16700000 0.63529412 0.31764706 0.30588235
v -30.00000000 237.00000000 578.50000000 0.70588235 0.37254902 0.35294118
v -29.00000000 237.16700000 579.16700000 0.75294118 0.40784314 0.39215686
v -28.00000000 238.00000000 580.00000000 0.79607843 0.47058824 0.44705882
v -27.50000000 238.00000000 580.50000000 0.83137255 0.52156863 0.50196078
v -27.00000000 238.00000000 581.16700000 0.85490196 0.56078431 0.54117647
v -26.00000000 238.16700000 582.16700000 0.85490196 0.56862745 0.54509804
v -25.00000000 240.00000000 585.16700000 0.85882353 0.59607843 0.57254902
v -24.00000000 241.00000000 588.83300000 0.84705882 0.60000000 0.58039216
v -23.00000000 243.00000000 592.00000000 0.75686275 0.55294118 0.56078431
v -22.00000000 243.16700000 594.16700000 0.51764706 0.35686275 0.38039216
v -22.00000000 244.16700000 596.16700000 0.39607843 0.32941176 0.35294118
v -41.00000000 236.50000000 575.50000000 0.10196078 0.08235294 0.07058824
v -40.00000000 236.50000000 575.50000000 0.18431373 0.12156863 0.12156863
v -38.16670000 237.00000000 577.16700000 0.38039216 0.20784314 0.21176471
v -37.00000000 237.00000000 577.83300000 0.44313725 0.23137255 0.22352941
v -36.00000000 237.66700000 578.66700000 0.48627451 0.23529412 0.22745098
v -35.66670000 237.66700000 578.66700000 0.49803922 0.23137255 0.22745098
v -34.00000000 237.83300000 578.83300000 0.60000000 0.29019608 0.27450980
v -33.00000000 237.83300000 578.83300000 0.62745098 0.30980392 0.29803922
v -32.00000000 237.66700000 578.66700000 0.64705882 0.31764706 0.30980392
v -31.00000000 237.33300000 578.33300000 0.68235294 0.34901961 0.32941176
v -30.50000000 237.50000000 578.50000000 0.69803922 0.36470588 0.34509804
v -30.00000000 237.33300000 578.33300000 0.72941176 0.38823529 0.36078431
v -29.00000000 238.00000000 579.00000000 0.76862745 0.42745098 0.40000000
v -28.00000000 238.16700000 580.16700000 0.81960784 0.50588235 0.47843137
v -27.50000000 238.50000000 580.50000000 0.85098039 0.54901961 0.52549020
v -27.00000000 239.00000000 581.50000000 0.85490196 0.56862745 0.54509804
v -26.00000000 239.00000000 583.00000000 0.84705882 0.56862745 0.54509804
v -25.00000000 240.66700000 585.66700000 0.84313725 0.58823529 0.57254902
v -25.00000000 241.00000000 587.00000000 0.85882353 0.61176471 0.59215686
v -24.00000000 242.00000000 589.00000000 0.85882353 0.61960784 0.60784314
v -23.00000000 244.00000000 593.00000000 0.62352941 0.44705882 0.45882353
v -22.00000000 244.00000000 595.00000000 0.43921569 0.32549020 0.34509804
v -40.00000000 236.83300000 575.16700000 0.13333333 0.08627451 0.09411765
v -38.00000000 237.00000000 576.00000000 0.37254902 0.21568627 0.21568627
v -38.00000000 237.33300000 576.33300000 0.40000000 0.22352941 0.21176471
v -35.16670000 238.00000000 578.00000000 0.52549020 0.25098039 0.25098039
v -35.00000000 238.00000000 578.16700000 0.54901961 0.25882353 0.25490196
v -34.00000000 238.00000000 578.16700000 0.60000000 0.28627451 0.28235294
v -33.00000000 238.00000000 578.66700000 0.64705882 0.32156863 0.30588235
v -32.00000000 238.00000000 578.66700000 0.67450980 0.34117647 0.32941176
v -31.00000000 238.00000000 578.50000000 0.70980392 0.36470588 0.34901961
v -30.50000000 238.00000000 578.50000000 0.72549020 0.38039216 0.36470588
v -30.00000000 238.00000000 578.50000000 0.74509804 0.40392157 0.37647059
v -28.00000000 239.00000000 580.16700000 0.83137255 0.51764706 0.49019608
v -27.66670000 239.00000000 580.66700000 0.84705882 0.54509804 0.52156863
v -27.00000000 240.00000000 582.00000000 0.83921569 0.55294118 0.52941176
v -26.00000000 240.00000000 583.16700000 0.82745098 0.56470588 0.53333333
v -25.00000000 241.16700000 586.16700000 0.81568627 0.57647059 0.55686275
v -24.00000000 243.00000000 590.00000000 0.86666667 0.63921569 0.62352941
v -23.00000000 245.00000000 594.00000000 0.48627451 0.36078431 0.36470588
v -22.00000000 245.00000000 595.33300000 0.39607843 0.33333333 0.34509804
v -40.00000000 237.00000000 574.33300000 0.10980392 0.07450980 0.07843137
v -39.00000000 237.00000000 575.00000000 0.29411765 0.19215686 0.19607843
v -38.00000000 237.16700000 575.16700000 0.39607843 0.22352941 0.21960784
v -37.00000000 237.83300000 575.83300000 0.43529412 0.24313725 0.22745098
v -36.83330000 237.83300000 576.00000000 0.47450980 0.24705882 0.23921569
v -36.00000000 238.16700000 577.00000000 0.50980392 0.27058824 0.25098039
v -35.00000000 238.16700000 577.00000000 0.54901961 0.27450980 0.26666667
v -34.00000000 238.16700000 577.16700000 0.61568627 0.30196078 0.29803922
v -34.00000000 238.66700000 577.66700000 0.63137255 0.31372549 0.30196078
v -33.00000000 238.66700000 577.66700000 0.65490196 0.32941176 0.31372549
v -30.16670000 239.00000000 578.16700000 0.74117647 0.40000000 0.37254902
v -30.00000000 239.00000000 578.50000000 0.76078431 0.41960784 0.39215686
v -29.00000000 239.00000000 579.00000000 0.77647059 0.44313725 0.41568627
v -28.00000000 239.66700000 580.66700000 0.82745098 0.51764706 0.49019608
v -27.00000000 240.66700000 582.66700000 0.82745098 0.55294118 0.52156863
v -26.00000000 241.00000000 584.00000000 0.82745098 0.57647059 0.54117647
v -26.00000000 241.16700000 585.16700000 0.81568627 0.58039216 0.54901961
v -25.00000000 242.00000000 587.00000000 0.81960784 0.58823529 0.55686275
v -24.00000000 244.00000000 590.83300000 0.76470588 0.57647059 0.56862745
v -23.00000000 245.33300000 594.33300000 0.40000000 0.33725490 0.34117647
v -39.50000000 237.50000000 573.50000000 0.13725490 0.09803922 0.09411765
v -36.83330000 238.00000000 575.83300000 0.46666667 0.25098039 0.23137255
v -36.00000000 238.00000000 575.83300000 0.52156863 0.27450980 0.25490196
v -35.00000000 238.33300000 576.33300000 0.55686275 0.28627451 0.26666667
v -35.00000000 238.66700000 576.66700000 0.58039216 0.29019608 0.27843137
v -34.00000000 238.83300000 576.83300000 0.61568627 0.30980392 0.30196078
v -32.00000000 239.00000000 577.66700000 0.68235294 0.35686275 0.34117647
v -31.00000000 239.00000000 578.00000000 0.72941176 0.39607843 0.37647059
v -30.33330000 239.33300000 578.33300000 0.74901961 0.41568627 0.39607843
v -30.00000000 239.83300000 578.83300000 0.76470588 0.43921569 0.41568627
v -29.00000000 240.00000000 579.50000000 0.78431373 0.45882353 0.43529412
v -28.00000000 240.00000000 581.00000000 0.81960784 0.51764706 0.48627451
v -28.00000000 240.83300000 581.83300000 0.82352941 0.53725490 0.50980392
v -27.00000000 241.00000000 582.83300000 0.81960784 0.54901961 0.52156863
v -26.00000000 242.00000000 584.66700000 0.83137255 0.58431373 0.54901961
v -26.00000000 243.00000000 586.16700000 0.83137255 0.60000000 0.56862745
v -25.00000000 243.00000000 587.83300000 0.81568627 0.59215686 0.56470588
v -25.00000000 243.83300000 589.33300000 0.78039216 0.59607843 0.57254902
v -24.00000000 244.83300000 590.83300000 0.54901961 0.42745098 0.41960784
v -24.00000000 245.00000000 592.83300000 0.42352941 0.36078431 0.36470588
v -39.00000000 237.50000000 572.50000000 0.10588235 0.09019608 0.08627451
v -34.00000000 239.00000000 576.16700000 0.60392157 0.31372549 0.30196078
v -33.83330000 239.00000000 576.83300000 0.63137255 0.32549020 0.32549020
v -33.00000000 239.00000000 576.83300000 0.65882353 0.34509804 0.34901961
v -32.00000000 239.16700000 577.16700000 0.70588235 0.38823529 0.38431373
v -30.16670000 240.00000000 578.16700000 0.75686275 0.43137255 0.41568627
v -30.00000000 240.16700000 579.00000000 0.76470588 0.44705882 0.43137255
v -29.00000000 240.50000000 579.50000000 0.77254902 0.46274510 0.44313725
v -28.00000000 241.00000000 581.00000000 0.80392157 0.51764706 0.49019608
v -28.00000000 241.33300000 582.33300000 0.80784314 0.53725490 0.50980392
v -27.00000000 242.00000000 583.50000000 0.79215686 0.54117647 0.50588235
v -26.00000000 242.83300000 585.00000000 0.80392157 0.56862745 0.53725490
v -26.00000000 243.83300000 586.83300000 0.81568627 0.59215686 0.56470588
v -25.00000000 244.00000000 588.33300000 0.75294118 0.54509804 0.51372549
v -25.00000000 244.83300000 590.16700000 0.62352941 0.47058824 0.45098039
v -24.00000000 245.83300000 591.66700000 0.38823529 0.34509804 0.32941176
v -39.00000000 237.66700000 571.83300000 0.09019608 0.09803922 0.08627451
v -39.00000000 238.00000000 572.16700000 0.11764706 0.09803922 0.08627451
v -38.00000000 238.00000000 572.83300000 0.31764706 0.20784314 0.19607843
v -36.00000000 238.83300000 574.00000000 0.52156863 0.28235294 0.27058824
v -35.00000000 239.16700000 574.83300000 0.57647059 0.31372549 0.29019608
v -32.00000000 240.00000000 576.66700000 0.67450980 0.36862745 0.36862745
v -31.00000000 240.00000000 577.50000000 0.73333333 0.41568627 0.40392157
v -30.16670000 240.16700000 578.16700000 0.75294118 0.43529412 0.42352941
v -30.00000000 240.66700000 578.66700000 0.76078431 0.45098039 0.43529412
v -29.00000000 241.00000000 579.66700000 0.76470588 0.45882353 0.44313725
v -28.00000000 242.00000000 581.66700000 0.79215686 0.51372549 0.49019608
v -27.00000000 242.83300000 584.00000000 0.77254902 0.52549020 0.49803922
v -26.00000000 243.66700000 585.66700000 0.77254902 0.54117647 0.51764706
v -26.00000000 244.16700000 587.16700000 0.78039216 0.56470588 0.54509804
v -25.00000000 245.00000000 589.00000000 0.67450980 0.47843137 0.45098039
v -25.00000000 245.50000000 590.33300000 0.46666667 0.33725490 0.31764706
v -39.00000000 238.16700000 571.50000000 0.11372549 0.09803922 0.10196078
v -38.00000000 238.16700000 571.66700000 0.16470588 0.11764706 0.11764706
v -37.83330000 238.16700000 572.00000000 0.26666667 0.16470588 0.16862745
v -37.00000000 238.00000000 571.83300000 0.36078431 0.20784314 0.21176471
v -36.00000000 238.66700000 572.66700000 0.42745098 0.22352941 0.23137255
v -35.00000000 239.00000000 573.66700000 0.54117647 0.27450980 0.27843137
v -34.00000000 239.66700000 574.66700000 0.59215686 0.31372549 0.30588235
v -32.00000000 240.16700000 575.83300000 0.69803922 0.36862745 0.36078431
v -32.00000000 240.50000000 576.50000000 0.71764706 0.38431373 0.37254902
v -30.00000000 241.00000000 577.83300000 0.75294118 0.43529412 0.42352941
v -29.00000000 241.83300000 579.83300000 0.76078431 0.46274510 0.46274510
v -28.00000000 242.66700000 581.66700000 0.78431373 0.49411765 0.49019608
v -27.00000000 244.00000000 584.16700000 0.78823529 0.54117647 0.52156863
v -26.16670000 244.16700000 586.16700000 0.72156863 0.52156863 0.50588235
v -26.00000000 245.00000000 587.50000000 0.58039216 0.43137255 0.41960784
v -25.00000000 246.00000000 589.16700000 0.44705882 0.35294118 0.35294118
v -37.16670000 238.83300000 571.00000000 0.16862745 0.12549020 0.11764706
v -36.00000000 239.00000000 571.83300000 0.37254902 0.22352941 0.21176471
v -35.00000000 239.66700000 572.83300000 0.50588235 0.26666667 0.26274510
v -34.83330000 239.83300000 573.00000000 0.55294118 0.27843137 0.27058824
v -34.00000000 240.00000000 573.83300000 0.60000000 0.30980392 0.30588235
v -33.00000000 240.00000000 574.66700000 0.63529412 0.33725490 0.33725490
v -33.00000000 240.16700000 575.16700000 0.65882353 0.35294118 0.34509804
v -32.00000000 240.33300000 575.33300000 0.68627451 0.38039216 0.36470588
v -32.00000000 240.66700000 575.83300000 0.70196078 0.39215686 0.37254902
v -31.00000000 241.00000000 576.33300000 0.71372549 0.41176471 0.38039216
v -30.00000000 241.66700000 577.66700000 0.74117647 0.43921569 0.41568627
v -29.00000000 242.00000000 579.66700000 0.76862745 0.47843137 0.47450980
v -29.00000000 242.66700000 580.66700000 0.77647059 0.49803922 0.49019608
v -28.00000000 243.00000000 581.83300000 0.78039216 0.50588235 0.51372549
v -27.00000000 244.16700000 584.16700000 0.68235294 0.46666667 0.47843137
v -26.16670000 245.00000000 586.16700000 0.54509804 0.39215686 0.39607843
v -26.00000000 245.66700000 587.66700000 0.40000000 0.31372549 0.32549020
v -37.00000000 239.00000000 570.83300000 0.15686275 0.13725490 0.12156863
v -36.00000000 239.16700000 571.00000000 0.25882353 0.18431373 0.16862745
v -36.00000000 239.66700000 571.66700000 0.34901961 0.21568627 0.20784314
v -34.16670000 240.00000000 572.16700000 0.50980392 0.26666667 0.27058824
v -33.00000000 240.66700000 573.66700000 0.60784314 0.32941176 0.32156863
v -32.00000000 241.00000000 574.66700000 0.67450980 0.38039216 0.35686275
v -31.00000000 241.16700000 576.16700000 0.71764706 0.41568627 0.38431373
v -30.00000000 242.16700000 578.16700000 0.73333333 0.44705882 0.41960784
v -28.00000000 243.83300000 581.83300000 0.67058824 0.45098039 0.46274510
v -28.00000000 244.00000000 583.00000000 0.56862745 0.39215686 0.40392157
v -27.00000000 245.00000000 584.50000000 0.45490196 0.33333333 0.35686275
v -26.16670000 246.00000000 586.16700000 0.37254902 0.31372549 0.33333333
v -36.00000000 239.83300000 571.00000000 0.22745098 0.18431373 0.17647059
v -35.00000000 239.83300000 571.00000000 0.31372549 0.21176471 0.21568627
v -34.16670000 240.16700000 572.00000000 0.40392157 0.24313725 0.25882353
v -34.00000000 240.66700000 572.66700000 0.49019608 0.27450980 0.29411765
v -33.00000000 240.83300000 573.33300000 0.58431373 0.31372549 0.32549020
v -32.00000000 241.33300000 574.16700000 0.65882353 0.34509804 0.35686275
v -31.83330000 241.83300000 574.83300000 0.68235294 0.36078431 0.37647059
v -31.00000000 242.00000000 575.50000000 0.70196078 0.36862745 0.38039216
v -30.00000000 242.00000000 576.50000000 0.69803922 0.37647059 0.38431373
v -30.00000000 242.50000000 577.50000000 0.68235294 0.39215686 0.39607843
v -29.00000000 243.00000000 578.83300000 0.63137255 0.38039216 0.38039216
v -29.00000000 244.00000000 580.33300000 0.54901961 0.35294118 0.35686275
v -28.00000000 244.50000000 581.50000000 0.47843137 0.34509804 0.34901961
v -28.00000000 245.00000000 582.83300000 0.38823529 0.32941176 0.34117647
v -34.00000000 240.16700000 571.00000000 0.28627451 0.25098039 0.26274510
v -34.00000000 240.83300000 572.00000000 0.32549020 0.26666667 0.27843137
v -33.00000000 241.00000000 572.66700000 0.37254902 0.29803922 0.28235294
v -33.00000000 241.33300000 573.16700000 0.41568627 0.32156863 0.31372549
v -32.00000000 241.50000000 573.66700000 0.43529412 0.34117647 0.33333333
v -31.50000000 242.00000000 574.50000000 0.46274510 0.34901961 0.35686275
v -31.00000000 242.50000000 575.33300000 0.47058824 0.35686275 0.37254902
v -30.00000000 242.83300000 576.00000000 0.46666667 0.35294118 0.36862745
v -30.00000000 243.00000000 577.33300000 0.44705882 0.34509804 0.34901961
v -29.00000000 243.50000000 578.50000000 0.40392157 0.33333333 0.33333333
f 1934 1905 1962
f 3375 3324 3413
f 1934 1962 1963
f 1934 1906 1905
f 3714 3713 3728
f 3597 3617 3653
f 3653 3669 3685
f 3636 3577 3616
f 3595 3635 3616
f 926 2737 2931
f 2899 2931 2737
f 1860 1975 1757
f 2264 1757 1975
f 3024 3023 3058
f 3730 3715 3728
f 3728 3715 3670
f 13 3 11
f 3 10 11
f 13 26 42
f 3324 3394 3413
f 3375 3461 3515
f 3375 3414 3461
f 3535 3515 3461
f 3375 3413 3438
f 3375 3438 3414
f 3714 3702 3713
f 3714 3685 3702
f 3685 3669 3702
f 3669 3684 3702
f 3636 3596 3577
f 3597 3596 3617
f 3578 3536 3577
f 3515 3536 3578
f 3515 3555 3536
f 3653 3637 3669
f 3653 3617 3637
f 3636 3637 3596
f 3617 3596 3637
f 3595 3634 3635
f 440 412 411
f 261 283 284
f 261 282 283
f 2264 1194 1757
f 1119 1090 1118
f 2704 1531 1133
f 1312 1133 1531
f 3271 3166 3192
f 3271 2931 2964
f 2819 2850 2851
f 2264 2512 1194
f 2737 1194 2512
f 1621 1703 1502
f 1757 1194 1703
f 1502 1703 1194
f 3726 3712 3711
f 3682 3711 3712
f 3728 3713 3727
f 3726 3728 3727
f 3726 3727 3712
f 3730 3728 3732
f 3538 3670 3557
f 3323 3460 3394
f 3574 3553 3532
f 3535 3534 3554
f 3555 3554 3536
f 3577 3536 3554
f 3512 3533 3534
f 3553 3533 3532
f 3615 3576 3594
f 3553 3594 3576
f 3553 3576 3533
f 3534 3533 3576
f 3414 3438 3489
f 3413 3489 3438
f 3713 3702 3701
f 3702 3684 3701
f 3616 3635 3651
f 3578 3577 3556
f 3577 3596 3556
f 3597 3556 3596
f 3597 3515 3556
f 3515 3578 3556
f 3669 3637 3668
f 3652 3684 3668
f 3669 3668 3684
f 3682 3666 3665
f 3635 3634 3666
f 882 854 853
f 408 438 409
f 408 409 356
f 384 356 409
f 384 409 410
f 409 438 410
f 439 410 438
f 926 805 925
f 958 925 900
f 414 413 443
f 1745 1744 1799
f 1846 1771 1799
f 1846 1847 1771
f 1745 1799 1771
f 1523 1546 1548
f 2704 2482 1531
f 1090 1089 1118
f 1312 1531 1410
f 1312 1222 1133
f 3321 3218 3247
f 3271 3247 3218
f 3271 3192 3247
f 3574 3552 3593
f 3574 3532 3552
f 3574 3593 3613
f 3407 3430 3431
f 3407 3428 3430
f 3024 3058 3059
f 3263 3242 3292
f 3263 3292 3291
f 2264 2540 2512
f 3098 3065 3097
f 2918 2886 2885
f 2819 2851 2821
f 2887 2853 2886
f 2264 1975 2143
f 3682 3712 3700
f 3712 3727 3700
f 3713 3700 3727
f 3726 3738 3737
f 3699 3738 3711
f 3726 3711 3738
f 3648 3647 3664
f 3699 3665 3681
f 3648 3681 3665
f 3648 3664 3681
f 3428 3429 3430
f 3479 3430 3429
f 3499 3500 3474
f 3475 3474 3500
f 3670 3715 3703
f 3670 3703 3686
f 3467 3493 3494
f 3598 3618 3599
f 3670 3618 3557
f 3598 3557 3618
f 3521 3520 3543
f 3689 3676 3658
f 2704 3067 2900
f 2704 1133 3067
f 3439 3248 3067
f 2918 2885 2917
f 13 11 12
f 13 12 24
f 11 24 12
f 39 25 24
f 13 25 26
f 13 24 25
f 39 38 55
f 36 22 21
f 20 9 8
f 20 21 9
f 3 9 10
f 3 8 9
f 10 9 22
f 21 22 9
f 50 34 33
f 3 2 7
f 3 7 8
f 20 8 19
f 8 7 19
f 18 33 19
f 34 19 33
f 38 54 55
f 89 104 90
f 89 125 104
f 80 61 98
f 43 98 61
f 3532 3510 3552
f 3535 3554 3514
f 3555 3514 3554
f 3535 3514 3515
f 3515 3514 3555
f 3535 3513 3534
f 3414 3513 3461
f 3535 3461 3513
f 3414 3489 3513
f 3635 3650 3651
f 3635 3666 3650
f 3682 3650 3666
f 3615 3649 3634
f 3615 3632 3649
f 791 702 732
f 791 758 702
f 884 855 854
f 915 880 879
f 791 820 822
f 854 820 853
f 995 996 974
f 916 940 941
f 916 880 940
f 915 940 880
f 997 976 996
f 941 976 977
f 882 853 881
f 791 790 820
f 853 820 790
f 13 42 60
f 42 26 41
f 42 41 57
f 384 355 356
f 861 771 800
f 384 410 471
f 650 471 554
f 586 619 553
f 805 836 925
f 925 836 900
f 955 897 896
f 864 896 897
f 530 500 529
f 413 412 441
f 440 441 412
f 440 472 441
f 473 441 472
f 446 417 445
f 391 416 392
f 531 502 530
f 531 503 502
f 477 445 476
f 477 476 503
f 475 502 476
f 503 476 502
f 160 235 213
f 414 388 413
f 329 358 359
f 184 231 210
f 184 255 231
f 283 307 334
f 332 363 333
f 363 307 333
f 536 563 565
f 480 481 447
f 697 727 728
f 786 728 727
f 817 787 755
f 1194 1132 1160
f 1159 1160 1132
f 2161 2160 2162
f 2205 2162 2160
f 2205 2159 2204
f 1846 1845 1875
f 1668 1574 1699
f 1574 1553 1699
f 1747 1748 1724
f 1775 1773 1850
f 1745 1746 1693
f 1745 1771 1746
f 1693 1746 1694
f 2704 2705 2670
f 2707 2671 2705
f 2671 2670 2705
f 2707 2706 2671
f 2671 2706 2640
f 2707 2673 2706
f 2671 2639 2670
f 2463 2462 2496
f 2704 2637 2608
f 2704 2608 2482
f 1531 2482 1921
f 2482 2451 2031
f 2482 2031 1921
f 1119 1091 1090
f 1090 1091 1061
f 1119 1150 1091
f 1150 1092 1091
f 1061 1091 1092
f 1090 1061 1060
f 1090 1060 1089
f 1781 1704 1921
f 1531 1921 1704
f 1312 1281 1222
f 3166 3100 3269
f 3269 3100 3165
f 3271 3100 3166
f 3269 3165 3217
f 3509 3573 3531
f 3552 3510 3531
f 3591 3592 3572
f 3648 3631 3647
f 3574 3613 3575
f 3574 3575 3553
f 3553 3575 3594
f 3648 3632 3614
f 3613 3631 3614
f 3648 3614 3631
f 3267 3318 3298
f 3431 3370 3390
f 3407 3431 3390
f 3317 3368 3390
f 3317 3390 3369
f 3370 3369 3390
f 3267 3244 3318
f 3431 3430 3451
f 3431 3451 3452
f 3058 3090 3059
f 3060 3059 3090
f 3211 3262 3187
f 3263 3316 3293
f 3263 3291 3316
f 2737 2512 2736
f 2541 2736 2512
f 3065 2964 2999
f 2931 2999 2964
f 2850 2884 2851
f 2851 2884 2885
f 2885 2884 2917
f 2688 2624 2687
f 2819 2818 2850
f 2886 2853 2852
f 2821 2852 2853
f 2851 2852 2821
f 2886 2852 2885
f 2851 2885 2852
f 2821 2853 2790
f 2887 2921 2888
f 2922 2888 2921
f 2264 2189 2353
f 2264 2143 2189
f 2694 2695 2633
f 1757 1703 1857
f 1860 1859 1831
f 3718 3717 3689
f 3733 3720 3732
f 3733 3709 3720
f 3696 3709 3722
f 3726 3737 3735
f 3726 3735 3728
f 3728 3735 3732
f 3737 3738 3725
f 3699 3725 3738
f 3569 3570 3548
f 3564 3544 3543
f 3521 3544 3522
f 3521 3543 3544
f 3696 3680 3663
f 3664 3647 3680
f 3663 3680 3647
f 3627 3626 3643
f 3627 3609 3626
f 3022 3057 3023
f 3058 3023 3057
f 3058 3057 3124
f 2918 2919 2886
f 2918 2920 2919
f 2887 2886 2919
f 2918 2950 2920
f 2920 2950 2951
f 3203 3204 3178
f 3144 3143 3177
f 3503 3480 3502
f 3499 3498 3522
f 3670 3686 3671
f 3467 3466 3493
f 3467 3419 3466
f 3559 3541 3599
f 3559 3493 3541
f 3492 3540 3541
f 3540 3558 3541
f 3559 3580 3493
f 3494 3493 3580
f 3543 3520 3583
f 3471 3497 3472
f 3521 3497 3520
f 3471 3520 3497
f 3472 3497 3498
f 3521 3522 3497
f 3522 3498 3497
f 3689 3658 3688
f 3231 3203 3229
f 3467 3420 3419
f 2850 2916 2884
f 2917 2884 2916
f 2740 2739 2770
f 10 23 11
f 10 22 23
f 11 23 24
f 39 24 23
f 39 23 38
f 52 35 34
f 20 19 35
f 34 35 19
f 36 21 35
f 20 35 21
f 17 32 18
f 18 32 33
f 17 16 32
f 50 33 32
f 1 6 2
f 2 6 7
f 91 72 90
f 71 90 72
f 71 37 53
f 71 72 37
f 54 37 72
f 38 37 54
f 36 53 37
f 36 37 22
f 38 23 37
f 22 37 23
f 17 4 16
f 16 4 15
f 14 15 1
f 1 15 4
f 87 86 123
f 89 90 70
f 71 70 90
f 87 88 69
f 89 88 125
f 89 70 88
f 69 88 70
f 87 69 68
f 87 68 86
f 164 142 141
f 184 114 43
f 43 114 98
f 184 210 185
f 3392 3351 3320
f 3435 3411 3457
f 3268 3300 3217
f 3269 3217 3300
f 3321 3247 3301
f 3192 3301 3247
f 3271 3302 3322
f 3271 3322 3354
f 3321 3352 3218
f 3512 3488 3511
f 3512 3511 3533
f 3532 3533 3511
f 3532 3511 3510
f 3323 3354 3436
f 3323 3436 3460
f 3509 3486 3457
f 3509 3531 3486
f 3510 3486 3531
f 3512 3489 3437
f 3460 3488 3437
f 3512 3437 3488
f 3413 3437 3489
f 3413 3394 3437
f 3394 3460 3437
f 3652 3651 3667
f 3652 3667 3684
f 3651 3650 3667
f 3634 3633 3666
f 3634 3649 3633
f 3665 3633 3649
f 3665 3666 3633
f 613 612 547
f 702 758 733
f 702 733 673
f 613 547 611
f 734 733 759
f 758 759 733
f 791 822 792
f 822 856 823
f 794 761 760
f 916 850 880
f 880 850 879
f 789 729 756
f 787 756 755
f 916 881 852
f 853 852 881
f 916 852 850
f 995 974 973
f 912 913 878
f 915 879 914
f 878 914 879
f 938 914 913
f 878 913 914
f 882 883 854
f 884 854 883
f 915 939 940
f 915 914 939
f 938 939 914
f 944 999 1000
f 997 1032 1033
f 996 976 975
f 940 939 975
f 974 975 939
f 996 975 974
f 513 487 486
f 605 569 604
f 604 569 603
f 944 943 918
f 882 881 918
f 405 377 375
f 455 456 425
f 457 456 490
f 457 425 456
f 455 425 424
f 457 426 425
f 317 316 344
f 317 318 291
f 317 291 316
f 290 316 291
f 317 345 318
f 318 345 319
f 26 25 40
f 26 40 41
f 39 40 25
f 39 55 40
f 42 59 60
f 173 148 172
f 173 149 148
f 151 108 107
f 151 107 150
f 250 203 249
f 202 249 203
f 408 437 438
f 408 356 437
f 436 496 437
f 295 324 325
f 349 325 324
f 406 407 354
f 740 741 705
f 767 706 741
f 741 706 705
f 586 618 646
f 682 681 707
f 586 681 619
f 682 619 681
f 707 681 706
f 586 646 681
f 646 706 681
f 439 469 410
f 410 469 471
f 554 471 527
f 800 771 770
f 800 770 769
f 650 683 711
f 1154 1094 1093
f 951 892 950
f 1402 1369 1401
f 1276 1158 1218
f 900 836 865
f 591 624 592
f 530 501 500
f 475 501 502
f 530 502 501
f 475 474 501
f 473 474 442
f 473 442 441
f 443 442 474
f 413 442 443
f 413 441 442
f 414 444 445
f 445 444 476
f 414 443 444
f 475 476 444
f 475 444 474
f 443 474 444
f 875 876 846
f 876 814 846
f 164 165 142
f 285 263 262
f 285 262 310
f 284 310 262
f 359 386 388
f 359 358 386
f 329 303 302
f 255 357 302
f 184 357 255
f 184 43 357
f 332 361 362
f 332 362 363
f 329 359 360
f 332 333 306
f 210 231 232
f 283 334 335
f 307 335 334
f 307 281 333
f 283 282 281
f 283 281 307
f 333 281 306
f 282 280 281
f 306 281 280
f 392 416 418
f 417 418 416
f 446 418 417
f 446 447 418
f 531 532 504
f 531 504 503
f 477 503 504
f 446 479 447
f 477 479 445
f 446 445 479
f 477 478 479
f 480 447 479
f 480 479 478
f 480 478 534
f 536 535 562
f 536 562 563
f 563 564 565
f 392 418 419
f 399 423 424
f 310 338 311
f 339 311 338
f 912 878 847
f 817 786 816
f 817 816 879
f 786 727 785
f 848 816 785
f 786 785 816
f 728 755 698
f 697 728 698
f 1244 1245 1221
f 1194 1160 1221
f 1244 1221 1160
f 1502 1194 1221
f 1502 1221 1245
f 1311 1502 1279
f 1502 1245 1279
f 1099 1131 1132
f 1159 1132 1131
f 1099 1158 1131
f 1244 1160 1220
f 1159 1220 1160
f 1311 1279 1373
f 1341 1342 1373
f 1311 1373 1342
f 1502 1439 1501
f 1502 1501 1471
f 2204 2203 2227
f 2107 2160 2108
f 2105 2106 2075
f 2105 2131 2106
f 2107 2106 2131
f 1745 1692 1744
f 1745 1693 1692
f 1905 1875 1904
f 1875 1845 1904
f 1553 1573 1699
f 1502 1573 1553
f 1502 1553 1530
f 1621 1502 1530
f 1523 1524 1494
f 1523 1548 1524
f 1747 1724 1723
f 1724 1694 1723
f 1747 1723 1746
f 1694 1746 1723
f 1693 1694 1664
f 1645 1696 1697
f 1749 1697 1696
f 1847 1800 1771
f 1847 1801 1800
f 1747 1746 1800
f 1771 1800 1746
f 2161 2162 2134
f 1402 1465 1434
f 1615 1593 1640
f 1548 1593 1594
f 1615 1594 1593
f 2671 2640 2611
f 2671 2611 2639
f 2670 2639 2638
f 2704 2638 2637
f 2704 2670 2638
f 1901 1900 1932
f 2252 2251 2281
f 2309 2281 2251
f 2343 2311 2310
f 2451 2236 2031
f 2087 2236 2213
f 2087 2031 2236
f 1781 1921 1890
f 1921 2031 1976
f 943 919 883
f 884 883 919
f 1635 1687 1636
f 1312 1344 1281
f 1531 1503 1410
f 1410 1503 1440
f 1781 1780 1704
f 1133 1222 1134
f 1313 1247 1344
f 1281 1344 1247
f 1199 1198 1247
f 1222 1197 1196
f 1222 1196 1134
f 875 910 876
f 3271 3133 3100
f 3165 3100 3133
f 3191 3216 3217
f 3630 3631 3612
f 3593 3592 3612
f 3613 3612 3631
f 3593 3612 3613
f 3630 3646 3631
f 3647 3631 3646
f 3630 3663 3646
f 3663 3647 3646
f 3407 3390 3406
f 3345 3346 3294
f 3368 3346 3367
f 3345 3367 3346
f 3317 3346 3368
f 3293 3344 3294
f 3345 3294 3344
f 3345 3344 3343
f 3263 3293 3264
f 3263 3264 3242
f 3293 3294 3264
f 3428 3366 3427
f 3343 3366 3388
f 3345 3343 3388
f 3345 3388 3367
f 3318 3244 3297
f 3098 3163 3190
f 3163 3266 3190
f 3244 3190 3297
f 3266 3297 3190
f 3098 3190 3131
f 3244 3131 3190
f 3452 3483 3454
f 3573 3551 3572
f 3509 3551 3573
f 3454 3483 3484
f 3509 3457 3508
f 3509 3508 3551
f 3530 3551 3508
f 3572 3551 3550
f 3530 3550 3551
f 3262 3213 3187
f 3242 3241 3292
f 3296 3189 3265
f 3160 3265 3189
f 3024 2994 2958
f 3098 3162 3163
f 3098 3097 3162
f 2899 2930 2863
f 2963 2863 2930
f 2899 2863 2931
f 2931 2863 2999
f 2963 2999 2863
f 3097 3064 3130
f 3130 3064 3095
f 3061 3025 3060
f 3060 3025 3059
f 3062 3093 3128
f 2622 2621 2655
f 2685 2722 2686
f 2721 2723 2722
f 2721 2754 2723
f 2592 2591 2593
f 2621 2593 2591
f 2622 2593 2621
f 2787 2817 2788
f 2663 2693 2730
f 2694 2730 2695
f 2729 2731 2693
f 2729 2790 2731
f 2760 2731 2790
f 2693 2731 2730
f 2695 2730 2731
f 2729 2728 2758
f 2729 2758 2790
f 2922 2889 2888
f 2663 2662 2693
f 1975 2142 2030
f 2168 2030 2142
f 2168 2142 2262
f 2234 2262 2142
f 2663 2631 2662
f 2630 2662 2604
f 2662 2631 2604
f 1860 1757 1779
f 1829 1888 1779
f 1888 1830 1779
f 1860 1779 1830
f 1860 1998 1944
f 1668 1646 1574
f 1621 1574 1646
f 2321 2322 2234
f 2234 2322 2262
f 2262 2322 2383
f 1860 1944 1919
f 2348 2381 2349
f 3689 3706 3676
f 3689 3717 3706
f 3718 3729 3717
f 3730 3732 3731
f 3730 3731 3719
f 3625 3660 3626
f 3643 3626 3660
f 3733 3732 3721
f 3732 3735 3721
f 3733 3721 3709
f 3737 3736 3735
f 3724 3735 3736
f 3698 3724 3736
f 3698 3736 3725
f 3737 3725 3736
f 3569 3548 3547
f 3546 3547 3526
f 3503 3526 3504
f 3564 3543 3563
f 3543 3583 3563
f 3584 3563 3583
f 3627 3610 3609
f 3627 3628 3610
f 3569 3610 3570
f 3630 3612 3629
f 3592 3629 3612
f 3630 3645 3663
f 3630 3629 3645
f 3628 3645 3629
f 3664 3680 3697
f 3625 3626 3608
f 3609 3608 3626
f 3020 2989 2988
f 3123 3122 3152
f 3211 3239 3262
f 3186 3185 3209
f 3208 3209 3185
f 3184 3208 3185
f 2922 2921 2952
f 2987 2952 2951
f 2987 2988 2952
f 3286 3285 3284
f 3231 3285 3232
f 3284 3285 3283
f 3231 3283 3285
f 3261 3236 3288
f 3232 3233 3204
f 3144 3112 3143
f 3609 3589 3608
f 3499 3523 3500
f 3499 3522 3523
f 3479 3478 3480
f 3480 3478 3502
f 3546 3526 3525
f 3503 3525 3526
f 3503 3502 3525
f 3546 3525 3524
f 3502 3501 3525
f 3524 3525 3501
f 3425 3447 3426
f 3499 3474 3446
f 3499 3446 3498
f 3425 3446 3447
f 3475 3446 3474
f 3475 3447 3446
f 3403 3448 3427
f 3686 3672 3671
f 3656 3671 3672
f 3670 3655 3618
f 3559 3599 3638
f 3559 3638 3581
f 3599 3618 3638
f 3014 3047 3049
f 3014 3045 3047
f 3376 3377 3327
f 3355 3275 3327
f 3538 3440 3439
f 3248 3219 3067
f 3305 3306 3279
f 3538 3557 3539
f 3538 3539 3518
f 3598 3599 3579
f 3557 3579 3558
f 3598 3579 3557
f 3559 3581 3600
f 3559 3600 3580
f 3560 3600 3581
f 3560 3580 3600
f 3602 3561 3542
f 3560 3602 3542
f 3560 3542 3519
f 3562 3542 3561
f 3519 3542 3520
f 3562 3520 3542
f 3689 3688 3716
f 3730 3716 3715
f 3718 3716 3730
f 3718 3689 3716
f 3560 3495 3580
f 3494 3580 3495
f 3402 3365 3385
f 3339 3338 3365
f 3385 3365 3338
f 3286 3338 3287
f 3309 3282 3259
f 3231 3282 3283
f 3231 3229 3282
f 3382 3362 3381
f 3421 3422 3381
f 3382 3381 3422
f 3361 3381 3362
f 3421 3381 3420
f 3361 3420 3381
f 3382 3364 3363
f 3382 3363 3362
f 3203 3202 3229
f 3309 3259 3281
f 3309 3281 3308
f 3330 3332 3308
f 3309 3308 3332
f 3361 3362 3332
f 3330 3308 3307
f 3279 3306 3307
f 3380 3379 3400
f 3380 3400 3464
f 3443 3464 3400
f 3380 3464 3418
f 3494 3495 3468
f 3467 3494 3468
f 3467 3468 3420
f 3380 3418 3359
f 2619 2620 2590
f 2590 2620 2591
f 2619 2653 2620
f 2621 2591 2620
f 2619 2590 2589
f 2850 2818 2883
f 2850 2883 2916
f 2950 2985 2986
f 3017 2986 2985
f 2950 2949 2985
f 2707 2705 2738
f 2900 3001 2932
f 2900 2833 2864
f 2704 2900 2864
f 2770 2802 2832
f 2770 2832 2833
f 2833 2832 2864
f 2705 2832 2802
f 2704 2832 2705
f 2704 2864 2832
f 2740 2770 2771
f 2770 2833 2771
f 2742 2711 2741
f 2644 2645 2613
f 2644 2613 2584
f 2740 2709 2739
f 2673 2708 2674
f 2739 2708 2738
f 2739 2709 2708
f 2674 2708 2709
f 2707 2708 2673
f 2707 2738 2708
f 2674 2709 2675
f 2673 2672 2706
f 3067 3032 3030
f 2900 3030 3001
f 2900 3067 3030
f 2806 2774 2805
f 2742 2741 2774
f 2968 2936 2967
f 2902 2870 2936
f 2869 2936 2870
f 2869 2870 2868
f 57 74 58
f 42 57 58
f 42 58 59
f 76 59 58
f 106 107 93
f 106 93 92
f 75 92 93
f 75 74 73
f 75 73 92
f 55 54 73
f 54 72 73
f 91 92 73
f 91 73 72
f 48 32 31
f 16 31 32
f 48 31 47
f 48 49 32
f 50 32 49
f 50 49 68
f 1 5 6
f 1 4 5
f 17 5 4
f 18 6 5
f 17 18 5
f 215 189 188
f 160 213 188
f 160 188 187
f 101 118 139
f 87 123 124
f 87 124 88
f 125 88 124
f 197 222 223
f 245 246 222
f 246 223 222
f 50 68 51
f 69 51 68
f 50 51 34
f 52 34 51
f 52 51 70
f 69 70 51
f 64 82 83
f 101 102 83
f 101 83 82
f 120 102 119
f 101 119 102
f 101 139 119
f 164 141 163
f 189 190 163
f 189 163 162
f 98 114 115
f 98 115 116
f 136 185 159
f 210 211 185
f 136 135 185
f 136 115 135
f 114 135 115
f 184 135 114
f 184 185 135
f 3392 3411 3373
f 3392 3373 3351
f 3321 3351 3373
f 3411 3352 3373
f 3321 3373 3352
f 3392 3350 3434
f 3392 3434 3411
f 3411 3434 3457
f 3392 3320 3372
f 3392 3372 3350
f 3320 3300 3372
f 3320 3301 3246
f 3269 3300 3246
f 3320 3246 3300
f 3192 3246 3301
f 3374 3353 3302
f 3435 3353 3374
f 3374 3270 3352
f 3374 3302 3270
f 3218 3352 3270
f 3271 3218 3270
f 3271 3270 3302
f 3460 3459 3488
f 3460 3436 3459
f 3488 3459 3511
f 3510 3511 3459
f 3682 3700 3683
f 3682 3683 3650
f 3650 3683 3667
f 581 548 580
f 547 612 520
f 516 542 543
f 573 543 542
f 702 672 732
f 702 673 672
f 825 888 827
f 734 759 703
f 760 703 759
f 734 703 674
f 675 674 703
f 823 794 793
f 791 757 758
f 791 792 757
f 792 793 757
f 822 821 856
f 855 856 821
f 822 820 821
f 823 824 794
f 823 856 886
f 887 824 886
f 823 886 824
f 794 795 761
f 761 795 763
f 675 676 641
f 817 818 787
f 817 879 818
f 879 850 818
f 819 851 852
f 850 852 851
f 819 818 851
f 850 851 818
f 789 788 852
f 789 756 788
f 819 852 788
f 819 788 818
f 787 788 756
f 787 818 788
f 938 937 973
f 938 913 937
f 972 973 937
f 912 937 913
f 1055 1030 1054
f 1032 1056 1033
f 1087 1056 1055
f 1032 1055 1056
f 1058 999 998
f 977 998 999
f 1058 998 1033
f 997 1033 998
f 513 541 514
f 604 602 638
f 604 603 602
f 603 569 539
f 605 570 569
f 941 977 942
f 916 941 942
f 944 918 942
f 406 434 435
f 406 381 434
f 406 435 494
f 455 424 454
f 424 423 454
f 245 244 268
f 243 268 244
f 290 291 269
f 245 268 269
f 290 269 268
f 271 319 320
f 271 320 273
f 321 273 320
f 317 344 373
f 317 373 345
f 374 373 344
f 197 198 171
f 197 223 198
f 172 171 198
f 246 247 224
f 246 224 223
f 55 56 40
f 57 56 74
f 55 73 56
f 74 56 73
f 197 171 170
f 171 146 170
f 250 204 203
f 202 203 176
f 149 174 150
f 173 174 149
f 202 201 225
f 201 224 225
f 586 553 585
f 439 438 468
f 439 468 498
f 525 498 468
f 438 437 497
f 438 497 468
f 525 468 497
f 437 496 497
f 436 467 496
f 466 467 407
f 583 525 549
f 525 497 549
f 496 549 497
f 158 113 134
f 94 77 76
f 76 77 59
f 60 59 77
f 406 352 381
f 295 325 296
f 740 705 680
f 740 680 678
f 644 678 680
f 767 768 706
f 707 706 768
f 707 768 769
f 800 769 768
f 771 830 831
f 861 830 771
f 801 772 831
f 439 470 469
f 439 498 470
f 471 469 470
f 553 619 587
f 553 587 527
f 801 743 772
f 711 683 743
f 864 833 896
f 896 833 803
f 682 707 708
f 707 769 708
f 769 770 708
f 650 554 589
f 1154 1189 1155
f 1095 1127 1070
f 1095 1155 1127
f 1014 1038 1069
f 1095 1070 1069
f 1014 1069 1070
f 1122 1123 1066
f 1124 1123 1125
f 1186 1187 1125
f 1186 1125 1123
f 1124 1125 1093
f 1154 1093 1125
f 1154 1125 1187
f 767 799 768
f 800 768 799
f 950 892 891
f 767 798 799
f 1402 1401 1432
f 1402 1432 1465
f 1523 1494 1493
f 1494 1466 1493
f 1399 1366 1398
f 926 925 959
f 1096 1015 1070
f 983 959 1015
f 958 1015 925
f 925 1015 959
f 1404 1436 1340
f 805 899 836
f 836 899 865
f 951 1006 952
f 978 952 1006
f 531 530 557
f 591 592 556
f 592 557 556
f 529 500 499
f 473 499 500
f 473 472 499
f 848 815 847
f 876 847 815
f 752 784 815
f 876 815 814
f 814 815 784
f 218 217 241
f 217 240 241
f 399 424 400
f 399 400 401
f 425 400 424
f 264 239 263
f 263 239 238
f 264 217 239
f 217 216 239
f 263 238 237
f 263 237 262
f 413 388 387
f 388 386 387
f 413 387 412
f 329 328 358
f 329 302 328
f 358 328 357
f 302 357 328
f 255 302 278
f 303 278 302
f 411 412 385
f 411 385 357
f 412 387 385
f 386 385 387
f 358 385 386
f 358 357 385
f 363 390 392
f 391 392 390
f 363 362 390
f 329 360 330
f 361 360 389
f 359 388 389
f 359 389 360
f 391 390 389
f 361 389 362
f 362 389 390
f 303 279 278
f 282 260 280
f 261 260 282
f 368 338 337
f 480 534 506
f 535 506 534
f 480 506 481
f 560 534 505
f 535 561 562
f 560 561 534
f 535 534 561
f 511 484 510
f 511 510 567
f 483 510 484
f 420 419 448
f 447 481 448
f 447 448 418
f 418 448 419
f 481 449 448
f 420 449 450
f 420 448 449
f 536 508 507
f 481 506 507
f 536 507 535
f 535 507 506
f 481 482 449
f 481 507 482
f 508 482 507
f 483 450 482
f 450 449 482
f 511 485 484
f 484 485 421
f 484 421 451
f 399 369 398
f 288 287 313
f 660 661 631
f 601 634 635
f 601 567 566
f 601 566 634
f 567 510 566
f 565 634 566
f 727 695 726
f 696 661 695
f 754 725 724
f 754 785 725
f 727 726 725
f 727 725 785
f 912 847 877
f 876 877 847
f 848 847 849
f 878 849 847
f 848 849 816
f 878 879 849
f 879 816 849
f 1341 1373 1278
f 1244 1278 1245
f 1245 1278 1279
f 1279 1278 1373
f 1341 1372 1406
f 1340 1436 1372
f 1099 1132 1073
f 1096 1071 1015
f 1099 1073 1129
f 1277 1310 1220
f 1309 1310 1277
f 1244 1220 1310
f 1309 1340 1310
f 1244 1310 1278
f 1340 1372 1310
f 1341 1278 1310
f 1341 1310 1372
f 1159 1219 1193
f 1159 1131 1219
f 1158 1219 1131
f 1276 1219 1158
f 1276 1193 1219
f 1311 1343 1502
f 1502 1343 1374
f 1439 1409 1499
f 1502 1409 1439
f 1502 1374 1409
f 1439 1499 1528
f 1439 1528 1501
f 2436 2435 2466
f 2499 2500 2466
f 2500 2468 2466
f 2436 2466 2437
f 2435 2404 2434
f 2107 2108 2051
f 2074 2104 2075
f 2105 2075 2104
f 2048 2019 2017
f 2048 2017 2047
f 2016 2047 2017
f 2107 2132 2160
f 2107 2131 2132
f 2159 2132 2131
f 2205 2160 2132
f 2205 2132 2159
f 2074 2047 2103
f 2016 2103 2047
f 1545 1543 1567
f 1796 1741 1740
f 1796 1740 1770
f 1903 1902 1874
f 1960 1874 1902
f 1698 1573 1529
f 1502 1471 1529
f 1502 1529 1573
f 1574 1598 1553
f 1553 1598 1530
f 1621 1598 1574
f 1621 1530 1598
f 1570 1569 1643
f 1570 1643 1596
f 1595 1618 1569
f 1569 1618 1643
f 1749 1696 1726
f 1724 1748 1726
f 1775 1750 1749
f 1747 1800 1772
f 1801 1772 1800
f 1747 1772 1748
f 1773 1772 1801
f 1773 1748 1772
f 2017 1966 1964
f 1965 1964 1966
f 2205 2206 2162
f 2077 2134 2078
f 1402 1433 1369
f 1402 1434 1433
f 1593 1592 1640
f 1548 1549 1524
f 1548 1594 1549
f 1641 1595 1616
f 1641 1616 1615
f 1615 1616 1594
f 2482 2452 2451
f 2545 2639 2580
f 2639 2611 2580
f 2637 2609 2608
f 1959 1932 1988
f 2252 2226 2251
f 2203 2226 2227
f 2311 2281 2280
f 2311 2280 2310
f 2309 2280 2281
f 2309 2310 2280
f 2463 2431 2462
f 2400 2431 2401
f 2309 2308 2370
f 2400 2401 2368
f 2275 2306 2277
f 2307 2277 2306
f 2354 2236 2387
f 2213 2236 2214
f 2087 2144 2115
f 2091 2089 2115
f 2091 2115 2145
f 2145 2115 2144
f 2087 2213 2190
f 2087 2190 2144
f 2091 2090 2089
f 2089 2090 2033
f 2033 2090 2034
f 2091 2092 2034
f 2091 2034 2090
f 1921 1976 1946
f 1921 1946 1890
f 1474 1534 1475
f 1347 1319 1318
f 1286 1285 1319
f 1318 1319 1285
f 1251 1250 1283
f 1474 1475 1445
f 1679 1631 1629
f 1717 1739 1740
f 1740 1739 1770
f 1662 1636 1661
f 1687 1661 1636
f 1662 1661 1689
f 1662 1637 1636
f 1613 1636 1637
f 1717 1740 1718
f 1687 1686 1718
f 1635 1660 1687
f 1687 1660 1686
f 1361 1360 1393
f 1361 1393 1394
f 1361 1394 1362
f 1729 1704 1730
f 1704 1780 1730
f 1087 1116 1056
f 1117 1088 1116
f 1119 1118 1149
f 1118 1178 1149
f 1119 1149 1150
f 1176 1178 1177
f 1313 1282 1248
f 1313 1248 1247
f 1199 1247 1248
f 1222 1246 1197
f 1247 1198 1246
f 1135 1163 1136
f 1082 1050 1081
f 989 1022 1023
f 990 968 967
f 3407 3406 3405
f 3407 3405 3428
f 3428 3405 3366
f 3366 3405 3388
f 3431 3432 3408
f 3431 3408 3370
f 3317 3347 3296
f 3317 3369 3347
f 3267 3164 3244
f 3267 3191 3164
f 3244 3164 3131
f 3548 3570 3549
f 3186 3154 3125
f 3186 3125 3153
f 3186 3153 3185
f 3124 3153 3125
f 3124 3123 3153
f 3123 3152 3153
f 3152 3185 3153
f 3292 3241 3240
f 3262 3240 3213
f 3156 3157 3091
f 3061 3060 3091
f 3156 3212 3157
f 3156 3187 3212
f 3187 3213 3212
f 3126 3212 3213
f 3126 3157 3212
f 3317 3296 3295
f 3296 3265 3295
f 3317 3295 3346
f 3294 3346 3295
f 3294 3295 3264
f 3264 3295 3243
f 3265 3243 3295
f 3160 3243 3265
f 2669 2636 2828
f 2669 2668 2702
f 2697 2665 2539
f 2633 2539 2606
f 2264 2292 2540
f 2511 2292 2480
f 2264 2480 2292
f 3022 3023 2991
f 2633 2695 2696
f 2697 2539 2696
f 2633 2696 2539
f 2697 2696 2732
f 3097 3130 3096
f 3097 3096 3162
f 3163 3215 3266
f 3163 3162 3215
f 3296 3266 3215
f 3296 3215 3189
f 3161 3130 3129
f 3130 3095 3129
f 3161 3129 3189
f 3160 3189 3129
f 3062 3092 3093
f 3126 3213 3158
f 2994 2959 2958
f 3159 3128 3127
f 3093 3127 3128
f 2737 2831 2896
f 3029 2998 3028
f 2500 2528 2501
f 2499 2528 2500
f 2527 2528 2499
f 2527 2559 2528
f 2347 2316 2346
f 2687 2624 2656
f 2686 2655 2654
f 2685 2686 2654
f 2621 2654 2655
f 2652 2685 2654
f 2652 2654 2653
f 2652 2684 2685
f 2721 2722 2720
f 2685 2720 2722
f 2685 2684 2720
f 2719 2720 2684
f 2527 2558 2559
f 2622 2594 2593
f 2559 2558 2594
f 2593 2594 2558
f 2688 2724 2689
f 2818 2817 2816
f 2787 2816 2817
f 2821 2790 2820
f 2819 2821 2820
f 2888 2889 2856
f 2630 2604 2568
f 2569 2568 2604
f 2536 2538 2537
f 2729 2692 2728
f 2728 2692 2691
f 2729 2693 2692
f 2693 2662 2692
f 2690 2659 2689
f 2627 2659 2628
f 2085 2187 2114
f 1975 2085 2114
f 1975 2114 2142
f 2570 2632 2571
f 2569 2604 2632
f 2631 2632 2604
f 2663 2632 2631
f 2570 2480 2510
f 2569 2510 2479
f 2569 2632 2510
f 2570 2510 2632
f 2143 2188 2189
f 2189 2188 2212
f 2327 2189 2169
f 2189 2212 2169
f 2569 2509 2568
f 2446 2509 2447
f 2446 2568 2509
f 2143 2325 2188
f 2168 2262 2235
f 2511 2571 2605
f 2633 2606 2605
f 2511 2605 2606
f 1703 1810 1857
f 1703 1756 1810
f 1857 1810 1856
f 1860 1811 1859
f 1860 1830 1811
f 2348 2349 2320
f 2348 2320 2290
f 1857 1856 1917
f 1941 1971 1915
f 1826 1884 1854
f 1668 1753 1646
f 2321 2291 2322
f 2349 2322 2291
f 2349 2291 2320
f 2290 2320 2291
f 1944 2029 1919
f 2263 2235 2350
f 2349 2381 2382
f 2349 2382 2322
f 2383 2322 2382
f 2532 2534 2505
f 2532 2505 2504
f 2532 2504 2531
f 2472 2504 2473
f 2505 2473 2504
f 3676 3690 3691
f 3676 3706 3690
f 3640 3607 3606
f 3605 3606 3607
f 3659 3660 3642
f 3625 3642 3660
f 3625 3624 3642
f 3691 3659 3642
f 3695 3694 3708
f 3695 3708 3709
f 3720 3709 3708
f 3719 3731 3708
f 3719 3708 3694
f 3676 3639 3658
f 3676 3640 3639
f 3722 3734 3735
f 3735 3734 3721
f 3722 3709 3734
f 3709 3721 3734
f 3528 3483 3505
f 3452 3505 3483
f 3528 3527 3549
f 3548 3549 3527
f 3526 3547 3527
f 3548 3527 3547
f 3526 3527 3504
f 3503 3481 3480
f 3503 3504 3481
f 3591 3611 3592
f 3592 3611 3629
f 3628 3611 3610
f 3628 3629 3611
f 3663 3645 3662
f 3722 3735 3710
f 3724 3710 3735
f 3696 3723 3680
f 3680 3723 3697
f 3697 3723 3710
f 3696 3722 3723
f 3722 3710 3723
f 3121 3151 3122
f 3236 3208 3207
f 3184 3207 3208
f 3211 3210 3239
f 3211 3154 3210
f 3186 3210 3154
f 3186 3209 3210
f 3261 3288 3289
f 3313 3289 3288
f 3291 3262 3290
f 3262 3239 3290
f 3313 3290 3289
f 3239 3289 3290
f 3208 3237 3209
f 3261 3237 3236
f 3236 3237 3208
f 3313 3288 3312
f 3313 3312 3314
f 3287 3312 3288
f 3287 3338 3312
f 3339 3312 3338
f 3232 3260 3233
f 3286 3287 3260
f 3226 3228 3200
f 3115 3081 3113
f 3080 3113 3081
f 3546 3524 3567
f 3564 3565 3544
f 3479 3429 3449
f 3479 3449 3478
f 3427 3448 3449
f 3502 3476 3501
f 3502 3478 3476
f 3477 3476 3478
f 3424 3423 3445
f 3472 3445 3423
f 3403 3427 3404
f 3366 3404 3427
f 3366 3387 3404
f 3703 3704 3687
f 3715 3705 3703
f 3703 3705 3704
f 3686 3703 3619
f 3703 3674 3619
f 3674 3603 3619
f 3560 3601 3602
f 3560 3581 3601
f 3656 3601 3581
f 3656 3672 3601
f 3618 3655 3654
f 3618 3654 3638
f 3656 3654 3655
f 3656 3581 3654
f 3581 3638 3654
f 3012 3014 2981
f 2942 2979 2944
f 2910 2941 2911
f 2910 2977 2941
f 2942 2911 2941
f 3044 3046 3045
f 3047 3045 3046
f 3012 3013 3014
f 3014 3013 3045
f 3012 2979 3011
f 3012 3011 3013
f 3276 3224 3275
f 3197 3224 3198
f 3197 3223 3224
f 3439 3440 3415
f 2902 2969 2970
f 2902 2936 2969
f 2968 2969 2936
f 3135 3134 3167
f 3067 3219 3101
f 3134 3101 3219
f 3067 3101 3069
f 2968 3033 2969
f 3032 3069 3033
f 3069 3101 3033
f 3305 3328 3306
f 3358 3306 3328
f 3305 3356 3328
f 3044 3011 3043
f 3010 3043 3011
f 3080 3046 3079
f 3044 3079 3046
f 3044 3043 3079
f 3078 3079 3043
f 3080 3079 3113
f 3112 3113 3079
f 3674 3621 3603
f 3674 3622 3621
f 3605 3621 3606
f 3606 3621 3622
f 3422 3423 3383
f 3382 3422 3383
f 3382 3383 3364
f 3384 3383 3423
f 3384 3364 3383
f 3384 3401 3385
f 3384 3423 3401
f 3424 3401 3423
f 3424 3425 3401
f 3402 3385 3401
f 3402 3401 3426
f 3425 3426 3401
f 3519 3520 3496
f 3286 3337 3338
f 3311 3337 3284
f 3286 3284 3337
f 3259 3282 3230
f 3229 3230 3282
f 3364 3335 3363
f 3330 3331 3332
f 3360 3331 3359
f 3279 3307 3280
f 3279 3280 3256
f 3257 3256 3280
f 3399 3417 3400
f 3443 3400 3417
f 3442 3441 3440
f 3442 3417 3441
f 3399 3441 3417
f 3355 3357 3356
f 3358 3328 3357
f 3356 3357 3328
f 3464 3465 3418
f 3492 3418 3465
f 3443 3465 3464
f 3443 3490 3465
f 3330 3329 3331
f 3359 3331 3329
f 3358 3329 3306
f 3379 3329 3358
f 3380 3329 3379
f 3380 3359 3329
f 2527 2525 2558
f 2464 2497 2498
f 2463 2496 2497
f 2463 2497 2464
f 2492 2493 2459
f 2459 2493 2460
f 2586 2587 2550
f 2586 2550 2549
f 2549 2550 2520
f 2586 2616 2587
f 2617 2587 2616
f 2590 2555 2554
f 2523 2554 2555
f 2523 2522 2554
f 2522 2552 2554
f 3017 2985 2984
f 2705 2769 2738
f 2739 2738 2769
f 2836 2866 2868
f 2549 2519 2584
f 2549 2520 2519
f 2492 2459 2491
f 2584 2613 2585
f 2644 2675 2676
f 2644 2643 2675
f 2583 2643 2584
f 2644 2584 2643
f 2674 2675 2643
f 2709 2710 2675
f 2740 2710 2709
f 2711 2676 2710
f 2675 2710 2676
f 2740 2741 2710
f 2711 2710 2741
f 2906 2873 2905
f 2968 2967 3002
f 3001 3002 2967
f 3067 3068 3032
f 3067 3069 3068
f 3032 3068 3069
f 2742 2774 2743
f 2742 2743 2713
f 2744 2713 2743
f 2836 2805 2804
f 2805 2774 2804
f 2870 2837 2868
f 3020 3019 3053
f 2987 3019 2988
f 3020 2988 3019
f 16 30 31
f 16 15 30
f 47 31 30
f 216 191 190
f 217 191 216
f 218 191 217
f 218 192 191
f 80 99 81
f 117 99 116
f 80 98 99
f 98 116 99
f 48 47 65
f 48 65 66
f 84 66 65
f 48 67 49
f 48 66 67
f 86 67 66
f 86 68 67
f 68 49 67
f 84 85 66
f 84 103 85
f 123 85 103
f 86 85 123
f 86 66 85
f 81 100 82
f 81 99 100
f 101 100 118
f 101 82 100
f 117 118 100
f 117 100 99
f 14 28 29
f 64 63 82
f 64 46 63
f 81 63 62
f 81 82 63
f 123 122 124
f 139 140 119
f 139 162 140
f 141 140 163
f 163 140 162
f 235 212 234
f 235 211 212
f 234 212 232
f 210 232 212
f 210 212 211
f 235 186 211
f 160 186 235
f 160 159 186
f 185 186 159
f 185 211 186
f 3268 3217 3245
f 3217 3216 3245
f 3268 3319 3300
f 3268 3349 3319
f 3300 3319 3372
f 3350 3372 3319
f 3454 3484 3433
f 3436 3487 3459
f 581 617 582
f 581 582 548
f 583 582 550
f 463 461 519
f 463 519 520
f 547 520 519
f 547 519 546
f 349 324 348
f 545 546 518
f 546 519 518
f 789 730 729
f 547 576 611
f 547 546 576
f 545 576 546
f 545 574 575
f 610 575 574
f 545 575 576
f 610 574 609
f 673 611 609
f 611 610 609
f 673 609 672
f 884 919 885
f 856 885 886
f 740 679 739
f 740 678 679
f 583 584 525
f 583 550 584
f 644 618 584
f 644 584 550
f 761 763 762
f 795 796 763
f 675 641 616
f 577 614 578
f 614 615 578
f 524 579 580
f 615 579 578
f 581 580 579
f 581 579 615
f 760 761 736
f 739 679 738
f 737 762 738
f 739 738 762
f 995 1031 996
f 995 1030 1031
f 997 1031 1032
f 997 996 1031
f 1032 1031 1055
f 1055 1031 1030
f 513 488 487
f 513 514 488
f 455 454 488
f 487 488 454
f 455 488 456
f 541 515 514
f 541 542 515
f 516 515 542
f 514 515 488
f 638 668 639
f 605 604 639
f 604 638 639
f 666 667 638
f 666 700 667
f 638 667 668
f 666 665 699
f 666 699 700
f 665 698 699
f 755 699 698
f 729 700 699
f 729 699 756
f 755 756 699
f 601 568 567
f 603 568 602
f 603 539 568
f 513 486 512
f 569 540 539
f 569 570 540
f 513 512 540
f 539 540 512
f 881 917 918
f 918 917 942
f 916 917 881
f 916 942 917
f 435 464 493
f 435 493 465
f 435 465 494
f 524 494 465
f 248 272 249
f 271 273 272
f 315 289 288
f 319 346 320
f 319 345 346
f 318 319 293
f 271 270 293
f 271 293 319
f 223 199 198
f 223 224 199
f 172 198 199
f 173 172 199
f 201 199 224
f 106 129 130
f 106 130 107
f 107 130 150
f 149 150 130
f 149 130 148
f 148 130 129
f 106 105 129
f 127 105 104
f 91 105 92
f 106 92 105
f 172 148 147
f 172 147 171
f 171 147 146
f 197 196 222
f 197 170 196
f 125 124 126
f 151 150 175
f 151 175 176
f 202 176 175
f 150 174 175
f 203 204 177
f 203 177 176
f 248 249 226
f 247 226 224
f 248 226 247
f 224 226 225
f 466 495 467
f 496 467 495
f 132 154 155
f 113 133 134
f 132 155 133
f 94 95 77
f 96 95 109
f 108 110 109
f 96 109 110
f 60 79 113
f 113 79 97
f 60 77 79
f 325 351 296
f 381 352 351
f 251 227 206
f 251 296 252
f 251 252 227
f 254 300 301
f 384 301 355
f 158 254 301
f 384 471 301
f 158 301 805
f 805 301 471
f 356 355 383
f 356 383 437
f 327 383 300
f 254 209 230
f 229 230 209
f 354 327 326
f 644 645 618
f 644 680 645
f 646 618 645
f 705 706 645
f 646 645 706
f 705 645 680
f 831 830 863
f 895 896 863
f 831 772 742
f 771 831 742
f 771 742 770
f 772 743 742
f 498 526 470
f 498 552 526
f 553 527 526
f 553 526 585
f 585 526 552
f 554 620 589
f 801 832 743
f 896 803 832
f 801 831 832
f 896 832 863
f 831 863 832
f 711 743 802
f 803 744 802
f 803 802 832
f 743 832 802
f 650 711 712
f 711 802 712
f 744 712 802
f 619 647 587
f 682 647 619
f 682 708 647
f 650 649 683
f 650 589 649
f 1154 1126 1094
f 1154 1155 1126
f 1095 1126 1155
f 1095 1069 1126
f 1302 1303 1271
f 1155 1189 1190
f 1155 1190 1127
f 1271 1303 1272
f 1154 1187 1188
f 1239 1189 1188
f 1154 1188 1189
f 1238 1188 1186
f 1238 1239 1188
f 1186 1188 1187
f 1400 1401 1368
f 1336 1368 1369
f 1401 1369 1368
f 1096 1070 1128
f 1070 1127 1128
f 1302 1301 1332
f 1038 1068 1069
f 1094 1126 1068
f 1069 1068 1126
f 1094 1068 1093
f 1122 1065 1121
f 1122 1066 1065
f 827 888 889
f 950 890 949
f 950 891 890
f 949 890 889
f 858 890 891
f 827 889 890
f 799 798 829
f 767 741 766
f 767 766 798
f 741 765 766
f 798 766 765
f 1399 1398 1429
f 1461 1460 1490
f 1545 1544 1543
f 1545 1546 1544
f 1465 1492 1493
f 1495 1468 1405
f 1436 1405 1372
f 1370 1403 1338
f 1404 1467 1436
f 1404 1435 1467
f 1309 1277 1371
f 1277 1338 1371
f 1338 1403 1371
f 1435 1371 1403
f 1370 1338 1308
f 1276 1308 1193
f 1277 1193 1308
f 1277 1308 1338
f 865 982 957
f 900 865 957
f 1012 982 924
f 865 924 982
f 865 899 924
f 744 713 712
f 650 712 713
f 650 713 471
f 805 471 713
f 902 867 901
f 560 532 559
f 624 593 592
f 594 559 593
f 875 846 874
f 846 845 874
f 844 874 845
f 961 960 901
f 902 901 960
f 591 623 624
f 684 651 555
f 684 652 651
f 652 623 651
f 591 556 590
f 555 590 556
f 529 499 528
f 848 785 753
f 754 753 785
f 848 753 815
f 752 815 753
f 752 753 724
f 754 724 753
f 374 402 403
f 374 344 402
f 344 372 402
f 315 343 316
f 344 316 343
f 344 343 372
f 284 262 236
f 262 237 236
f 261 284 236
f 261 236 235
f 235 236 213
f 215 188 214
f 213 214 188
f 329 304 303
f 329 330 304
f 391 415 416
f 391 389 415
f 417 416 415
f 445 417 415
f 414 445 415
f 414 415 388
f 388 415 389
f 231 257 232
f 234 232 233
f 235 234 233
f 261 235 233
f 310 309 338
f 338 309 337
f 532 533 504
f 560 533 532
f 560 505 533
f 477 533 478
f 477 504 533
f 478 533 534
f 534 533 505
f 420 450 395
f 422 421 452
f 421 485 452
f 368 337 367
f 368 397 369
f 398 369 397
f 368 367 397
f 422 398 397
f 422 397 421
f 421 397 451
f 339 369 370
f 339 370 340
f 399 370 369
f 399 401 370
f 313 312 340
f 313 287 312
f 264 265 217
f 217 265 240
f 752 751 784
f 631 661 632
f 599 598 632
f 631 632 598
f 697 698 664
f 665 664 698
f 601 635 637
f 666 638 637
f 638 602 637
f 601 637 568
f 602 568 637
f 565 566 537
f 536 565 537
f 536 537 508
f 876 910 911
f 876 911 877
f 912 877 911
f 983 1041 959
f 926 959 1041
f 926 1041 2737
f 2737 1041 1194
f 1194 1041 1132
f 1132 1041 1073
f 1096 1097 1071
f 1099 1130 1158
f 1099 1129 1130
f 1158 1130 1218
f 1218 1130 1129
f 1438 1343 1407
f 1497 1438 1407
f 1311 1342 1407
f 1311 1407 1343
f 1374 1408 1470
f 1374 1470 1409
f 1499 1409 1470
f 1619 1551 1596
f 1570 1596 1551
f 1570 1551 1569
f 1471 1501 1572
f 1499 1571 1552
f 1499 1552 1528
f 1645 1528 1552
f 1645 1552 1644
f 1619 1552 1571
f 1526 1469 1496
f 1497 1469 1526
f 1468 1496 1469
f 1468 1469 1406
f 2499 2465 2498
f 2435 2465 2466
f 2499 2466 2465
f 2464 2498 2465
f 2464 2465 2434
f 2435 2434 2465
f 2372 2404 2405
f 2436 2405 2435
f 2435 2405 2404
f 2252 2253 2226
f 2227 2226 2253
f 2183 2258 2232
f 2259 2232 2258
f 2257 2316 2258
f 2107 2076 2106
f 2107 2051 2076
f 2106 2076 2075
f 1796 1795 1797
f 1844 1797 1795
f 1722 1797 1798
f 1846 1822 1845
f 1846 1799 1822
f 1799 1798 1822
f 1844 1845 1822
f 1798 1797 1822
f 1844 1822 1797
f 1844 1795 1843
f 1959 1960 1933
f 1960 1902 1933
f 1959 1933 1932
f 1664 1618 1642
f 1693 1664 1642
f 1641 1642 1595
f 1595 1642 1618
f 1693 1642 1640
f 1641 1615 1642
f 1615 1640 1642
f 1645 1667 1696
f 1645 1644 1667
f 1748 1774 1726
f 1775 1774 1773
f 1773 1774 1748
f 1775 1749 1774
f 1749 1726 1774
f 1698 1697 1727
f 1803 1751 1727
f 1698 1727 1751
f 1965 1935 1964
f 1846 1875 1877
f 1846 1877 1847
f 1823 1848 1878
f 1847 1848 1801
f 1801 1848 1823
f 1847 1877 1848
f 1878 1848 1877
f 1773 1849 1850
f 1773 1801 1849
f 1801 1823 1849
f 1804 1882 1852
f 1883 1852 1882
f 2019 2018 2017
f 2017 2018 1966
f 2055 2078 2135
f 1546 1568 1548
f 1548 1568 1593
f 1593 1568 1592
f 1594 1617 1549
f 1595 1617 1616
f 1594 1616 1617
f 2545 2546 2517
f 2545 2580 2546
f 2611 2546 2580
f 1932 1930 1988
f 1958 1988 1930
f 1959 2014 1960
f 2128 2101 2072
f 2069 2070 2043
f 2044 2043 2070
f 2248 2278 2249
f 2307 2278 2277
f 2248 2277 2278
f 2307 2308 2278
f 2307 2341 2308
f 2308 2341 2370
f 2307 2306 2341
f 2340 2341 2306
f 2343 2371 2372
f 2372 2371 2404
f 2462 2460 2494
f 2522 2494 2493
f 2460 2493 2494
f 2340 2306 2339
f 2451 2419 2236
f 2236 2419 2387
f 2236 2293 2266
f 2033 2005 2004
f 2119 2147 2171
f 2092 2035 2034
f 2092 2062 2035
f 1900 1870 1899
f 1840 1839 1870
f 1980 1979 2003
f 2032 2003 1979
f 2032 1979 2001
f 2032 2060 2061
f 2032 2061 2003
f 2089 2033 2061
f 2033 2004 2061
f 1980 2061 2004
f 1980 2003 2061
f 948 888 857
f 887 947 857
f 948 857 947
f 825 857 888
f 887 857 824
f 825 824 857
f 1624 1623 1671
f 1624 1671 1672
f 1251 1201 1250
f 1251 1223 1201
f 1223 1203 1201
f 1251 1252 1223
f 1251 1285 1252
f 1223 1252 1253
f 1286 1252 1285
f 1286 1253 1252
f 1410 1440 1411
f 1347 1318 1380
f 1441 1413 1380
f 1474 1473 1534
f 1286 1319 1349
f 1475 1476 1445
f 1231 1211 1210
f 1141 1142 1108
f 1141 1108 1107
f 1082 1081 1109
f 1081 1108 1109
f 1142 1109 1108
f 1223 1224 1203
f 1223 1253 1224
f 1203 1224 1168
f 1510 1563 1564
f 1583 1562 1582
f 1510 1509 1563
f 1768 1791 1792
f 1794 1770 1769
f 1770 1739 1769
f 1687 1688 1661
f 1689 1661 1688
f 1515 1541 1516
f 1740 1741 1719
f 1740 1719 1718
f 1720 1719 1741
f 1687 1718 1719
f 1720 1688 1719
f 1687 1719 1688
f 1516 1517 1488
f 1516 1488 1487
f 1393 1424 1455
f 1424 1454 1455
f 1313 1344 1345
f 1344 1375 1345
f 1313 1345 1282
f 1282 1345 1375
f 1231 1232 1211
f 1176 1232 1178
f 1176 1211 1232
f 1059 1058 1057
f 1059 1057 1088
f 1088 1057 1116
f 1056 1116 1057
f 1058 1033 1057
f 1033 1056 1057
f 1150 1149 1180
f 1325 1293 1324
f 1324 1293 1292
f 1133 1134 1101
f 1314 1249 1282
f 1282 1249 1248
f 1199 1248 1200
f 1248 1249 1200
f 1134 1196 1195
f 1222 1281 1280
f 1222 1280 1246
f 1281 1247 1280
f 1247 1246 1280
f 1135 1136 1103
f 1135 1103 1161
f 1028 1029 993
f 1054 1030 1029
f 990 1026 991
f 1081 1050 1049
f 1141 1107 1140
f 1141 1140 1168
f 1023 1022 1048
f 990 969 968
f 990 991 969
f 3271 3066 3133
f 3271 2965 3066
f 3065 3000 2964
f 3065 2965 3000
f 3271 2964 3000
f 3271 3000 2965
f 3406 3389 3405
f 3368 3389 3390
f 3368 3367 3389
f 3390 3389 3406
f 3528 3549 3529
f 3550 3529 3549
f 3530 3508 3456
f 3530 3456 3507
f 3485 3507 3456
f 3457 3456 3508
f 3485 3456 3434
f 3457 3434 3456
f 3570 3571 3549
f 3591 3572 3571
f 3572 3550 3571
f 3550 3549 3571
f 3125 3154 3155
f 3090 3125 3155
f 3211 3187 3155
f 3211 3155 3154
f 3156 3090 3155
f 3156 3155 3187
f 3160 3188 3243
f 3159 3188 3128
f 3160 3128 3188
f 2669 2736 2576
f 2669 2576 2668
f 2541 2576 2736
f 2828 2768 2860
f 2860 2768 2798
f 2828 2636 2768
f 2636 2798 2768
f 2860 2767 2797
f 2860 2798 2767
f 2702 2668 2767
f 2668 2576 2767
f 2541 2767 2576
f 2481 2634 2449
f 2539 2665 2572
f 2634 2572 2449
f 2511 2606 2418
f 2511 2418 2292
f 2539 2418 2606
f 2540 2292 2418
f 2666 2699 2481
f 2795 2765 2794
f 3024 2958 2993
f 2957 2993 2958
f 3024 2993 3023
f 3023 2993 2991
f 2860 2797 2859
f 2891 2926 2859
f 3162 3096 3214
f 3162 3214 3215
f 3161 3189 3214
f 3189 3215 3214
f 3028 3062 3094
f 3095 3094 3129
f 3062 3128 3094
f 3160 3094 3128
f 3160 3129 3094
f 3025 2959 2995
f 2994 2995 2959
f 3024 2995 2994
f 3061 2996 3025
f 3025 2996 2959
f 2958 2959 2927
f 2893 2957 2927
f 2957 2958 2927
f 2737 2896 2800
f 2897 2862 2800
f 2899 2737 2800
f 2899 2800 2862
f 2899 2898 2930
f 2899 2862 2898
f 2531 2504 2503
f 2472 2503 2504
f 2348 2290 2319
f 2290 2261 2319
f 2289 2319 2261
f 2379 2380 2347
f 2347 2380 2318
f 2347 2318 2288
f 2347 2288 2316
f 2318 2317 2288
f 2259 2288 2317
f 2259 2258 2288
f 2316 2288 2258
f 2624 2623 2656
f 2624 2597 2596
f 2595 2623 2596
f 2624 2596 2623
f 2532 2531 2562
f 2597 2562 2596
f 2501 2528 2529
f 2619 2651 2653
f 2652 2653 2651
f 2652 2651 2684
f 2684 2651 2683
f 2690 2689 2725
f 2724 2725 2689
f 2627 2600 2626
f 2784 2816 2786
f 2787 2786 2816
f 2818 2849 2883
f 2818 2816 2849
f 2790 2789 2820
f 2763 2732 2762
f 2446 2508 2568
f 2538 2568 2508
f 2446 2445 2508
f 2445 2537 2508
f 2538 2508 2537
f 2538 2603 2568
f 2630 2661 2662
f 2662 2661 2692
f 2691 2692 2661
f 2659 2660 2628
f 2690 2691 2660
f 2690 2660 2659
f 2691 2661 2660
f 2234 2142 2141
f 2142 2114 2141
f 2187 2141 2114
f 2321 2234 2141
f 2321 2141 2187
f 2571 2632 2664
f 2571 2664 2605
f 2663 2664 2632
f 2663 2730 2664
f 2694 2664 2730
f 2353 2479 2386
f 2479 2510 2386
f 2480 2386 2510
f 2264 2353 2386
f 2264 2386 2480
f 2385 2351 2212
f 2212 2351 2169
f 2327 2169 2351
f 2447 2509 2351
f 2569 2479 2352
f 2569 2352 2509
f 2143 2086 2325
f 2263 2325 2086
f 2263 2086 2235
f 2168 2235 2086
f 2168 2086 2030
f 1975 2086 2143
f 1975 2030 2086
f 1703 1702 1756
f 1703 1670 1702
f 1830 1858 1943
f 1888 1858 1830
f 1831 2058 1889
f 1998 1889 2058
f 1860 1831 1889
f 1860 1889 1998
f 1831 1997 2058
f 1859 1997 1831
f 1829 1973 1888
f 1856 1995 1917
f 1808 1915 1886
f 1808 1886 1777
f 1942 1855 1886
f 1777 1886 1855
f 1854 1807 1754
f 1826 1754 1776
f 1826 1854 1754
f 1669 1776 1754
f 1912 1884 1853
f 1826 1883 1853
f 1826 1853 1884
f 2020 2051 2021
f 1776 1620 1753
f 1646 1753 1620
f 1669 1620 1776
f 1621 1620 1669
f 1621 1646 1620
f 1805 1806 1753
f 1826 1806 1883
f 1860 1919 1945
f 1975 1999 2085
f 1975 1920 1999
f 1920 1945 1999
f 2082 2029 2112
f 1944 2112 2029
f 2210 2185 2209
f 2262 2383 2323
f 2262 2323 2235
f 2235 2323 2350
f 2443 2382 2442
f 2381 2442 2382
f 2441 2442 2381
f 2441 2471 2442
f 2443 2442 2473
f 2414 2350 2384
f 2505 2534 2506
f 2414 2324 2350
f 2414 2476 2324
f 2263 2324 2325
f 2263 2350 2324
f 3640 3641 3607
f 3676 3691 3641
f 3676 3641 3640
f 3691 3642 3641
f 3624 3607 3641
f 3624 3641 3642
f 3660 3677 3693
f 3659 3677 3660
f 3719 3694 3707
f 3695 3678 3694
f 3695 3660 3678
f 3660 3693 3678
f 3694 3678 3707
f 3640 3606 3623
f 3640 3623 3639
f 3606 3622 3623
f 3452 3451 3482
f 3452 3482 3505
f 3451 3481 3482
f 3504 3505 3482
f 3504 3482 3481
f 3430 3450 3451
f 3451 3450 3481
f 3480 3481 3450
f 3479 3450 3430
f 3479 3480 3450
f 3591 3590 3611
f 3610 3611 3590
f 3570 3610 3590
f 3591 3571 3590
f 3570 3590 3571
f 3696 3663 3679
f 3663 3662 3679
f 3696 3679 3709
f 3695 3709 3679
f 3695 3679 3662
f 3627 3643 3644
f 3628 3644 3645
f 3627 3644 3628
f 3645 3644 3662
f 2955 2925 2954
f 2890 2925 2891
f 2955 2926 2925
f 2891 2925 2926
f 2989 2954 2953
f 2988 2989 2953
f 2988 2953 2952
f 2922 2952 2953
f 2922 2923 2889
f 2890 2889 2923
f 3022 3056 3088
f 3022 3088 3057
f 2989 2990 2954
f 2955 2954 2990
f 2955 2990 2991
f 3022 2991 2990
f 3239 3210 3238
f 3209 3238 3210
f 3239 3238 3289
f 3261 3289 3238
f 3209 3237 3238
f 3261 3238 3237
f 3145 3178 3179
f 3204 3179 3178
f 3111 3110 3141
f 3228 3201 3200
f 3199 3198 3255
f 3276 3255 3224
f 3198 3224 3255
f 3199 3225 3200
f 3226 3200 3225
f 3226 3225 3277
f 3199 3255 3225
f 3276 3277 3225
f 3276 3225 3255
f 3305 3279 3278
f 3279 3256 3278
f 3276 3356 3278
f 3305 3278 3356
f 3276 3278 3277
f 3115 3113 3114
f 3144 3114 3112
f 3112 3114 3113
f 3587 3567 3566
f 3524 3566 3567
f 3587 3566 3565
f 3587 3588 3567
f 3589 3567 3588
f 3608 3589 3588
f 3625 3588 3587
f 3625 3608 3588
f 3546 3567 3568
f 3589 3568 3567
f 3546 3568 3547
f 3569 3568 3589
f 3569 3547 3568
f 3587 3565 3586
f 3624 3586 3607
f 3564 3586 3565
f 3472 3498 3473
f 3472 3473 3445
f 3446 3445 3473
f 3498 3446 3473
f 3291 3290 3315
f 3313 3315 3290
f 3313 3314 3315
f 3674 3657 3622
f 3703 3657 3674
f 3703 3687 3657
f 3658 3639 3675
f 3622 3657 3675
f 3687 3675 3657
f 3622 3675 3623
f 3639 3623 3675
f 3603 3620 3619
f 3562 3561 3620
f 3562 3620 3603
f 3602 3620 3561
f 3602 3619 3620
f 3672 3673 3601
f 3686 3673 3672
f 3686 3619 3673
f 3014 3049 3015
f 3012 2980 2979
f 2979 2980 2944
f 3012 2981 2980
f 2981 2945 2980
f 2944 2980 2945
f 3010 3042 3043
f 3078 3043 3042
f 2977 2939 3009
f 3196 3170 3195
f 3327 3275 3326
f 3275 3274 3326
f 3376 3327 3325
f 3327 3326 3325
f 3274 3273 3325
f 3274 3325 3326
f 3252 3253 3223
f 3274 3253 3273
f 3252 3223 3222
f 3196 3222 3223
f 3275 3224 3254
f 3224 3223 3254
f 3223 3253 3254
f 3275 3254 3274
f 3274 3254 3253
f 3199 3174 3198
f 3442 3440 3462
f 3490 3517 3537
f 3538 3518 3537
f 3518 3490 3537
f 3538 3537 3440
f 3440 3537 3517
f 3355 3327 3378
f 3327 3377 3378
f 3005 2972 3034
f 2970 3034 2972
f 2970 2972 2971
f 3134 3219 3168
f 3134 3168 3167
f 3193 3168 3219
f 3193 3167 3168
f 3135 3167 3137
f 3193 3137 3167
f 3193 3138 3137
f 3034 3004 3136
f 2969 3033 3004
f 2970 3004 3034
f 2970 2969 3004
f 3603 3621 3582
f 3562 3603 3582
f 3562 3582 3520
f 3520 3582 3583
f 3495 3496 3470
f 3495 3470 3468
f 3259 3258 3281
f 3259 3230 3258
f 3226 3227 3228
f 3311 3336 3337
f 3311 3335 3336
f 3364 3336 3335
f 3384 3337 3336
f 3384 3336 3364
f 3309 3334 3310
f 3309 3332 3334
f 3397 3415 3416
f 3440 3416 3415
f 3440 3441 3416
f 3399 3416 3441
f 3398 3357 3396
f 3398 3396 3397
f 3355 3396 3357
f 3355 3378 3396
f 3490 3491 3465
f 3518 3491 3490
f 3492 3491 3540
f 3492 3465 3491
f 2592 2556 2555
f 2592 2593 2556
f 2593 2558 2556
f 2524 2525 2526
f 2524 2526 2497
f 2498 2497 2526
f 2527 2526 2525
f 2617 2588 2587
f 2589 2552 2588
f 2492 2550 2521
f 2492 2521 2493
f 2522 2493 2521
f 2522 2521 2552
f 2590 2553 2589
f 2590 2554 2553
f 2589 2553 2552
f 2552 2553 2554
f 2739 2769 2801
f 2705 2802 2801
f 2705 2801 2769
f 2900 2865 2833
f 2900 2932 2865
f 2866 2834 2865
f 2520 2550 2490
f 2492 2490 2550
f 2492 2491 2490
f 2586 2549 2548
f 2586 2548 2585
f 2549 2584 2548
f 2584 2585 2548
f 2583 2642 2643
f 2674 2643 2642
f 2583 2641 2642
f 2641 2672 2642
f 2673 2674 2642
f 2673 2642 2672
f 2742 2713 2712
f 2742 2712 2711
f 2711 2712 2676
f 2744 2714 2713
f 2678 2713 2714
f 2715 2678 2714
f 2906 2907 2873
f 2873 2907 2874
f 3032 3031 3030
f 3032 3033 3031
f 2968 3031 3033
f 2741 2773 2774
f 2774 2773 2804
f 3017 3018 2986
f 139 138 161
f 139 161 162
f 187 188 161
f 160 187 161
f 117 137 138
f 136 137 115
f 117 116 137
f 116 115 137
f 136 159 137
f 160 137 159
f 160 161 137
f 138 137 161
f 14 43 27
f 14 27 28
f 43 44 27
f 28 27 44
f 240 242 241
f 243 220 242
f 3216 3299 3245
f 3409 3391 3432
f 3408 3391 3348
f 3432 3391 3408
f 3348 3391 3299
f 3349 3299 3391
f 3350 3319 3371
f 3350 3371 3434
f 3434 3371 3433
f 3349 3371 3319
f 3484 3455 3433
f 3485 3434 3455
f 3434 3433 3455
f 3409 3452 3453
f 3452 3454 3453
f 3436 3412 3487
f 3322 3412 3354
f 3393 3412 3322
f 3354 3412 3436
f 3393 3353 3458
f 3435 3458 3353
f 3457 3486 3458
f 3435 3457 3458
f 3486 3487 3458
f 617 678 643
f 617 643 582
f 644 643 678
f 644 550 643
f 550 582 643
f 378 429 430
f 405 429 377
f 377 429 378
f 461 429 460
f 321 294 273
f 273 294 272
f 295 323 324
f 324 323 348
f 348 323 294
f 457 458 426
f 403 426 458
f 459 427 458
f 573 544 543
f 573 574 544
f 545 544 574
f 545 518 544
f 605 639 606
f 570 606 607
f 605 606 570
f 669 606 668
f 668 606 639
f 573 542 572
f 541 572 542
f 570 607 572
f 919 946 885
f 886 885 946
f 618 551 584
f 586 551 618
f 586 585 551
f 585 552 551
f 498 551 552
f 525 551 498
f 525 584 551
f 763 764 762
f 739 762 764
f 740 739 764
f 797 765 764
f 740 764 741
f 741 764 765
f 825 827 826
f 797 796 826
f 676 736 704
f 761 704 736
f 760 736 735
f 675 703 735
f 760 735 703
f 675 735 676
f 676 735 736
f 641 676 642
f 641 642 616
f 581 642 617
f 490 456 489
f 456 488 489
f 488 515 489
f 668 667 701
f 729 730 701
f 729 701 700
f 700 701 667
f 567 568 538
f 539 538 568
f 511 567 538
f 511 538 512
f 539 512 538
f 577 522 612
f 612 522 520
f 577 578 522
f 435 434 433
f 435 433 464
f 493 523 465
f 578 579 523
f 524 523 579
f 524 465 523
f 578 523 522
f 290 267 289
f 290 268 267
f 345 376 346
f 377 378 376
f 321 347 294
f 378 347 376
f 346 376 347
f 348 294 347
f 318 293 292
f 270 292 293
f 318 292 291
f 127 146 128
f 146 147 128
f 127 128 105
f 129 105 128
f 124 144 126
f 143 144 122
f 124 122 144
f 174 200 175
f 173 200 174
f 173 199 200
f 201 200 199
f 204 178 177
f 96 111 97
f 96 110 111
f 96 78 95
f 77 95 78
f 77 78 79
f 151 152 108
f 108 152 110
f 151 176 152
f 176 177 152
f 381 351 350
f 349 350 325
f 325 350 351
f 297 275 296
f 296 275 252
f 297 276 275
f 276 252 275
f 327 382 383
f 436 382 467
f 407 467 382
f 354 407 382
f 354 382 327
f 229 276 253
f 229 253 230
f 254 230 253
f 229 209 208
f 352 298 351
f 354 326 353
f 406 354 353
f 406 353 352
f 326 298 353
f 352 353 298
f 770 742 709
f 554 588 620
f 587 620 588
f 554 527 588
f 527 587 588
f 648 621 708
f 708 621 647
f 648 589 621
f 589 620 621
f 587 621 620
f 587 647 621
f 1189 1216 1190
f 1189 1272 1216
f 1240 1216 1272
f 1240 1272 1273
f 1333 1366 1334
f 1400 1368 1367
f 1335 1367 1368
f 1335 1334 1367
f 1366 1367 1334
f 1400 1367 1399
f 1399 1367 1366
f 1335 1306 1274
f 1336 1306 1368
f 1335 1368 1306
f 1302 1332 1365
f 1397 1398 1365
f 1333 1303 1365
f 1302 1365 1303
f 1333 1365 1366
f 1366 1365 1398
f 1300 1330 1301
f 1301 1330 1332
f 1012 1013 982
f 1038 1013 1068
f 1012 1068 1013
f 1014 1013 1038
f 982 1013 957
f 1014 957 1013
f 955 981 1011
f 1181 1182 1152
f 1181 1152 1151
f 1151 1152 1120
f 1034 1064 1065
f 1121 1065 1064
f 858 891 859
f 892 859 891
f 797 828 765
f 798 765 828
f 798 828 829
f 797 826 828
f 827 828 826
f 858 828 890
f 827 890 828
f 1399 1429 1430
f 1461 1430 1429
f 1400 1399 1430
f 1461 1490 1491
f 1518 1519 1491
f 1518 1491 1490
f 1518 1520 1519
f 1518 1543 1520
f 1543 1544 1520
f 1400 1431 1401
f 1401 1431 1432
f 1400 1430 1431
f 1309 1371 1339
f 1404 1339 1435
f 1435 1339 1371
f 1370 1308 1337
f 1276 1307 1337
f 1276 1337 1308
f 1012 924 956
f 955 956 897
f 864 897 834
f 864 834 833
f 951 952 920
f 806 837 807
f 837 808 807
f 902 868 867
f 901 806 746
f 627 594 626
f 594 593 626
f 559 558 593
f 531 558 532
f 532 558 559
f 531 557 558
f 592 558 557
f 592 593 558
f 875 874 909
f 875 909 910
f 910 909 934
f 844 873 874
f 814 813 846
f 846 813 845
f 902 928 927
f 902 960 928
f 652 685 653
f 684 685 652
f 555 651 622
f 555 622 590
f 591 590 622
f 591 622 623
f 623 622 651
f 303 305 279
f 303 304 305
f 280 279 305
f 306 280 305
f 306 305 304
f 306 304 331
f 330 331 304
f 332 306 331
f 332 331 361
f 361 331 360
f 360 331 330
f 279 257 256
f 255 278 256
f 278 279 256
f 255 256 231
f 231 256 257
f 280 258 279
f 279 258 257
f 232 257 258
f 280 260 258
f 232 258 233
f 284 308 310
f 310 308 309
f 420 394 419
f 420 395 394
f 392 419 394
f 392 394 393
f 307 364 335
f 363 364 307
f 486 487 453
f 487 454 453
f 423 453 454
f 451 397 396
f 367 396 397
f 288 313 314
f 313 342 314
f 315 288 314
f 660 694 661
f 660 693 694
f 724 694 693
f 724 725 694
f 726 694 725
f 726 695 694
f 661 694 695
f 722 751 723
f 752 723 751
f 752 724 723
f 724 693 723
f 562 561 597
f 561 596 597
f 560 595 561
f 561 595 596
f 627 595 594
f 657 658 659
f 689 720 690
f 657 656 690
f 689 690 656
f 718 719 689
f 689 719 720
f 718 717 719
f 635 636 637
f 666 636 665
f 666 637 636
f 510 509 566
f 566 509 537
f 508 537 509
f 483 509 510
f 483 482 509
f 508 509 482
f 983 1039 1041
f 1072 1098 1041
f 1073 1098 1129
f 1073 1041 1098
f 1619 1571 1498
f 1619 1498 1551
f 1645 1572 1500
f 1645 1500 1528
f 1501 1528 1500
f 1501 1500 1572
f 1619 1597 1552
f 1644 1552 1597
f 1619 1596 1597
f 1596 1644 1597
f 1497 1437 1469
f 1406 1469 1437
f 1341 1406 1437
f 1341 1437 1342
f 1497 1407 1437
f 1342 1437 1407
f 2374 2375 2313
f 2436 2437 2407
f 2437 2408 2407
f 2437 2438 2408
f 2343 2372 2344
f 2343 2344 2311
f 2311 2344 2312
f 2284 2283 2285
f 2230 2229 2228
f 2204 2227 2229
f 2205 2204 2229
f 2227 2228 2229
f 2284 2254 2253
f 2313 2375 2314
f 2313 2314 2283
f 2285 2283 2314
f 2210 2260 2289
f 2210 2209 2260
f 2259 2260 2209
f 2289 2260 2317
f 2259 2317 2260
f 2209 2185 2208
f 2020 2019 2049
f 2020 2049 2051
f 2048 2049 2019
f 2105 2104 2157
f 2105 2157 2131
f 2203 2202 2226
f 2251 2226 2202
f 2128 2155 2129
f 2128 2129 2101
f 2073 2102 2103
f 2103 2102 2101
f 2073 2072 2102
f 2101 2102 2072
f 1638 1690 1691
f 1722 1798 1743
f 1722 1742 1797
f 1567 1614 1591
f 1545 1567 1591
f 1901 1873 1871
f 1901 1871 1900
f 1840 1870 1871
f 1900 1871 1870
f 1643 1665 1666
f 1643 1618 1665
f 1724 1666 1665
f 1724 1665 1694
f 1694 1665 1664
f 1664 1665 1618
f 1643 1666 1695
f 1644 1695 1667
f 1596 1643 1695
f 1596 1695 1644
f 1724 1695 1666
f 1875 1876 1877
f 1878 1877 1876
f 1912 1911 1937
f 2230 2231 2181
f 2207 2181 2231
f 2230 2181 2206
f 2162 2206 2181
f 2162 2181 2134
f 2134 2181 2207
f 2257 2256 2286
f 2257 2231 2256
f 2079 2135 2110
f 2079 2110 2080
f 2078 2110 2135
f 1546 1547 1568
f 1592 1568 1547
f 1592 1547 1591
f 2304 2303 2338
f 2366 2339 2338
f 2421 2357 2389
f 2356 2389 2357
f 2639 2610 2638
f 2482 2483 2452
f 2608 2609 2578
f 2608 2578 2542
f 2238 2239 2216
f 2517 2546 2547
f 1900 1899 1931
f 1899 1930 1931
f 1932 1900 1931
f 1932 1931 1930
f 1959 1988 1989
f 1959 1989 2014
f 2044 2014 1989
f 2044 1989 2043
f 2015 2014 2045
f 2073 2046 2045
f 2015 2045 2046
f 2073 2045 2072
f 1988 2012 2013
f 2069 2100 2070
f 1958 1987 1988
f 1988 1987 2012
f 2012 1987 2011
f 1958 1930 1929
f 1899 1929 1930
f 1899 1870 1869
f 1839 1869 1870
f 1790 1819 1791
f 1790 1839 1819
f 1840 1819 1839
f 1820 1819 1841
f 1820 1792 1819
f 1791 1819 1792
f 2121 2148 2149
f 2249 2278 2279
f 2309 2251 2279
f 2251 2249 2279
f 2309 2279 2308
f 2308 2279 2278
f 2251 2250 2249
f 2251 2200 2250
f 2401 2369 2368
f 2340 2368 2369
f 2340 2369 2341
f 2401 2433 2369
f 2343 2310 2342
f 2343 2342 2371
f 2309 2370 2342
f 2309 2342 2310
f 2370 2371 2342
f 2463 2432 2431
f 2463 2464 2432
f 2401 2431 2432
f 2401 2432 2433
f 2434 2433 2432
f 2464 2434 2432
f 2370 2403 2371
f 2434 2404 2403
f 2404 2371 2403
f 2366 2398 2399
f 2459 2460 2430
f 2460 2399 2430
f 2398 2430 2399
f 2306 2305 2339
f 2275 2304 2305
f 2275 2305 2306
f 2304 2338 2305
f 2339 2305 2338
f 2340 2367 2368
f 2340 2339 2367
f 2366 2367 2339
f 2400 2368 2367
f 2400 2367 2399
f 2366 2399 2367
f 2387 2419 2388
f 2356 2388 2389
f 2356 2294 2330
f 2238 2237 2266
f 2293 2294 2267
f 2293 2267 2266
f 2238 2266 2267
f 2238 2267 2239
f 2239 2267 2268
f 2294 2268 2267
f 1781 1812 1780
f 1922 1923 1892
f 1867 1817 1836
f 2033 2034 2006
f 2033 2006 2005
f 1982 2005 2006
f 2147 2170 2171
f 2172 2171 2170
f 2172 2170 2192
f 2091 2145 2116
f 2091 2116 2092
f 2147 2117 2146
f 2092 2116 2117
f 2146 2117 2116
f 2119 2117 2147
f 2119 2118 2117
f 1925 1896 1895
f 1949 1947 1977
f 1922 1947 1923
f 1922 1946 1947
f 1976 1947 1946
f 1976 1977 1947
f 2087 2059 2031
f 2087 2060 2059
f 2032 2059 2060
f 1949 1977 1978
f 2001 1979 1978
f 2089 2061 2088
f 2060 2088 2061
f 2087 2088 2060
f 2087 2115 2088
f 2089 2088 2115
f 1729 1673 1704
f 1704 1673 1671
f 1671 1673 1672
f 1199 1200 1165
f 1166 1165 1200
f 1199 1165 1198
f 1136 1165 1137
f 1282 1375 1346
f 1318 1317 1380
f 1440 1503 1412
f 1440 1412 1411
f 1531 1505 1503
f 1347 1381 1382
f 1347 1380 1381
f 1380 1413 1381
f 1441 1442 1413
f 1286 1287 1253
f 1286 1349 1287
f 1320 1287 1349
f 1347 1382 1348
f 1347 1348 1319
f 1319 1348 1349
f 1506 1477 1476
f 1446 1477 1478
f 1446 1478 1447
f 1479 1447 1478
f 1479 1448 1447
f 1562 1581 1582
f 1321 1351 1352
f 1204 1226 1206
f 1446 1384 1383
f 1320 1349 1350
f 1383 1384 1350
f 1351 1350 1384
f 1349 1348 1350
f 1383 1350 1348
f 1082 1109 1110
f 1168 1224 1169
f 1141 1169 1142
f 1141 1168 1169
f 1204 1169 1224
f 1510 1564 1512
f 1482 1481 1512
f 1682 1683 1656
f 1656 1683 1657
f 1631 1609 1630
f 1631 1630 1629
f 1679 1629 1653
f 1679 1653 1678
f 1679 1678 1711
f 1820 1842 1821
f 1820 1821 1792
f 1768 1767 1791
f 1790 1791 1767
f 1768 1769 1738
f 1739 1738 1769
f 1794 1769 1793
f 1792 1821 1793
f 1768 1792 1793
f 1768 1793 1769
f 1794 1793 1842
f 1842 1793 1821
f 1679 1655 1631
f 1631 1655 1632
f 1656 1632 1655
f 1682 1656 1655
f 1682 1655 1681
f 1515 1540 1541
f 1515 1514 1540
f 1590 1589 1613
f 1613 1589 1636
f 1459 1488 1489
f 1517 1489 1488
f 1459 1489 1460
f 1460 1489 1490
f 1391 1423 1424
f 1391 1390 1423
f 1297 1295 1359
f 1391 1424 1392
f 1391 1392 1359
f 1393 1392 1424
f 1298 1328 1299
f 1360 1327 1359
f 1297 1359 1327
f 1297 1327 1298
f 1298 1327 1328
f 1515 1516 1486
f 1516 1487 1486
f 1263 1233 1232
f 1261 1293 1294
f 1325 1294 1293
f 1182 1213 1214
f 1181 1213 1182
f 1266 1264 1298
f 1297 1298 1264
f 1324 1292 1323
f 1354 1323 1353
f 1261 1260 1293
f 1293 1260 1292
f 1261 1230 1260
f 1259 1292 1260
f 1325 1324 1356
f 1390 1356 1389
f 1354 1355 1323
f 1324 1323 1355
f 1324 1355 1356
f 1389 1356 1355
f 1421 1451 1389
f 1482 1451 1481
f 1020 1046 1021
f 1161 1134 1162
f 1134 1195 1162
f 1135 1161 1162
f 1135 1162 1163
f 1163 1162 1195
f 1075 1102 1076
f 1076 1102 1103
f 1161 1103 1102
f 1161 1102 1134
f 1134 1102 1101
f 1075 1101 1102
f 991 1026 1027
f 972 971 993
f 995 973 994
f 995 994 1030
f 1030 994 1029
f 972 994 973
f 972 993 994
f 993 1029 994
f 1054 1029 1053
f 1028 1053 1029
f 1050 1025 1049
f 990 1025 1026
f 1050 1026 1025
f 990 967 1025
f 1107 1108 1080
f 1107 1080 1079
f 1079 1080 1048
f 1081 1080 1108
f 1081 1049 1080
f 1168 1140 1167
f 1203 1168 1167
f 1022 1047 1048
f 1079 1048 1047
f 1077 1079 1047
f 1022 1021 1047
f 1021 1046 1047
f 3165 3133 3132
f 3133 3066 3132
f 3191 3132 3164
f 3165 3132 3217
f 3191 3217 3132
f 3065 3099 2965
f 2965 3099 3066
f 3066 3099 3132
f 3098 3131 3099
f 3098 3099 3065
f 3131 3164 3099
f 3164 3132 3099
f 3528 3506 3483
f 3528 3529 3506
f 3483 3506 3484
f 2635 2795 2734
f 2512 2635 2734
f 2665 2698 2572
f 2666 2698 2699
f 2890 2824 2889
f 2889 2824 2856
f 2890 2826 2824
f 2702 2767 2577
f 2798 2577 2767
f 2669 2702 2577
f 2669 2577 2636
f 2636 2577 2798
f 2766 2735 2667
f 2766 2797 2735
f 2797 2767 2735
f 2541 2667 2735
f 2541 2735 2767
f 2449 2572 2573
f 2666 2481 2573
f 2481 2449 2573
f 2666 2573 2698
f 2572 2698 2573
f 2634 2448 2572
f 2481 2448 2634
f 2539 2572 2448
f 2539 2448 2418
f 2540 2448 2481
f 2540 2418 2448
f 2481 2699 2574
f 2540 2481 2574
f 2512 2540 2574
f 2607 2765 2575
f 2512 2575 2635
f 2512 2607 2575
f 2635 2575 2795
f 2795 2575 2765
f 2955 2991 2956
f 2955 2956 2926
f 2891 2859 2858
f 2797 2858 2859
f 3028 3094 3063
f 3095 3063 3094
f 3029 3028 3063
f 2960 2959 2961
f 2959 2996 2961
f 2996 2997 2961
f 2897 2961 2997
f 2960 2895 2959
f 2831 2895 2896
f 2960 2896 2895
f 2737 2861 2831
f 2737 2736 2799
f 2737 2799 2703
f 2669 2799 2736
f 2897 2800 2929
f 2896 2929 2800
f 2897 2929 2961
f 2897 2997 2962
f 2897 2962 2862
f 2862 2962 2898
f 3028 2998 3027
f 3028 3027 3062
f 2996 3026 2997
f 3061 3026 2996
f 2441 2440 2470
f 2441 2470 2471
f 2472 2471 2470
f 2472 2470 2503
f 2440 2412 2411
f 2441 2412 2440
f 2441 2381 2412
f 2348 2380 2412
f 2348 2412 2381
f 2595 2596 2561
f 2596 2562 2561
f 2531 2530 2561
f 2531 2561 2562
f 2813 2781 2812
f 2813 2782 2781
f 2751 2781 2782
f 2683 2650 2682
f 2683 2651 2650
f 2846 2880 2847
f 2787 2788 2757
f 2728 2757 2758
f 2788 2758 2757
f 2689 2659 2658
f 2688 2689 2658
f 2627 2658 2659
f 2627 2626 2658
f 2624 2625 2597
f 2755 2754 2785
f 2784 2785 2754
f 2784 2786 2785
f 2784 2815 2816
f 2816 2815 2849
f 2814 2815 2783
f 2784 2783 2815
f 2788 2789 2759
f 2788 2759 2758
f 2790 2758 2759
f 2790 2759 2789
f 2888 2856 2823
f 2760 2761 2731
f 2695 2731 2761
f 2732 2761 2762
f 2695 2761 2696
f 2696 2761 2732
f 2630 2629 2661
f 2630 2568 2629
f 2568 2603 2629
f 2628 2629 2603
f 2661 2629 2660
f 2628 2660 2629
f 2536 2566 2538
f 2538 2566 2567
f 2536 2565 2566
f 2565 2600 2566
f 2600 2567 2566
f 2600 2601 2567
f 2385 2326 2351
f 2446 2326 2445
f 2445 2326 2416
f 2385 2416 2326
f 2327 2351 2417
f 2189 2417 2352
f 2327 2417 2189
f 2509 2417 2351
f 2509 2352 2417
f 2210 2289 2233
f 2289 2261 2233
f 2321 2187 2167
f 2187 2211 2167
f 2321 2167 2291
f 2290 2291 2167
f 2290 2167 2261
f 2261 2167 2211
f 2183 2164 2163
f 1994 1995 1916
f 1942 1916 1855
f 1856 1916 1995
f 1856 1855 1916
f 2026 1973 2025
f 1808 1777 1728
f 1808 1827 1915
f 1915 1827 1914
f 1756 1702 1778
f 1756 1778 1810
f 1670 1778 1702
f 1856 1810 1778
f 1670 1728 1778
f 1777 1778 1728
f 1941 1915 1885
f 1915 1914 1885
f 1914 1940 1885
f 1942 1886 1972
f 1915 1972 1886
f 1971 1972 1915
f 1942 1972 1916
f 1971 1994 1972
f 1994 1916 1972
f 1941 1970 1971
f 1940 1969 1970
f 1914 1939 1940
f 2055 2054 2078
f 2077 2078 2054
f 2022 2052 2023
f 2022 2021 2052
f 2108 2052 2051
f 2051 2052 2021
f 1860 1945 1974
f 1920 1974 1945
f 1860 1974 1975
f 1975 1974 1920
f 1945 2140 1999
f 2505 2474 2473
f 2505 2506 2474
f 2443 2473 2474
f 2477 2535 2537
f 2536 2537 2535
f 2534 2535 2506
f 2477 2416 2415
f 2477 2415 2476
f 2476 2415 2324
f 2385 2325 2415
f 2385 2415 2416
f 2325 2324 2415
f 3693 3677 3692
f 3693 3692 3678
f 3707 3678 3692
f 3643 3661 3644
f 3662 3644 3661
f 3643 3660 3661
f 3695 3661 3660
f 3695 3662 3661
f 3233 3234 3235
f 3287 3288 3234
f 3236 3234 3288
f 3236 3235 3234
f 2954 2924 2953
f 2954 2925 2924
f 2890 2924 2925
f 2890 2923 2924
f 2922 2953 2924
f 2922 2924 2923
f 3057 3088 3089
f 3123 3089 3122
f 3056 3087 3088
f 3121 3122 3087
f 3121 3087 3086
f 3022 3021 3056
f 3022 2990 3021
f 2989 3021 2990
f 3020 3021 2989
f 3115 3117 3081
f 3118 3084 3083
f 3052 3084 3085
f 3052 3054 3053
f 3086 3054 3085
f 3052 3085 3054
f 3111 3141 3142
f 3111 3142 3112
f 3143 3112 3142
f 3177 3176 3202
f 3202 3176 3201
f 3177 3143 3176
f 3143 3142 3176
f 3524 3523 3545
f 3524 3545 3566
f 3565 3566 3545
f 3544 3565 3545
f 3522 3544 3545
f 3522 3545 3523
f 3564 3585 3586
f 3607 3586 3585
f 3605 3607 3585
f 3605 3585 3584
f 3291 3342 3316
f 3291 3315 3342
f 3341 3342 3315
f 3343 3316 3342
f 3387 3342 3341
f 3343 3342 3366
f 3366 3342 3387
f 2976 2975 2974
f 2974 2975 2973
f 3078 3042 3077
f 3010 3009 3041
f 3010 3041 3042
f 2976 3008 2939
f 2939 3008 3009
f 2976 2974 3008
f 3007 3008 2974
f 3009 3008 3041
f 2977 2978 2940
f 2977 2940 2941
f 2979 2940 2978
f 3196 3223 3171
f 3196 3171 3170
f 3197 3171 3223
f 3105 3073 3072
f 3037 3072 3073
f 3198 3174 3172
f 3197 3198 3172
f 3140 3171 3172
f 3197 3172 3171
f 3140 3109 3075
f 3076 3075 3109
f 3110 3077 3109
f 3076 3109 3077
f 3440 3517 3516
f 3440 3516 3462
f 2805 2837 2838
f 2806 2805 2838
f 2905 2873 2872
f 2871 2903 2872
f 2905 2872 2903
f 2871 2872 2838
f 3193 3169 3138
f 3105 3138 3169
f 3135 3103 3136
f 3135 3137 3103
f 3136 3004 3070
f 3033 3070 3004
f 3134 3070 3101
f 3101 3070 3033
f 3583 3582 3604
f 3621 3604 3582
f 3605 3604 3621
f 3471 3444 3469
f 3471 3469 3470
f 3444 3468 3469
f 3468 3470 3469
f 3335 3334 3333
f 3362 3363 3333
f 3363 3335 3333
f 3362 3333 3332
f 3332 3333 3334
f 3378 3395 3396
f 3377 3395 3378
f 3376 3395 3377
f 3376 3439 3395
f 3439 3415 3395
f 2558 2525 2557
f 2558 2557 2556
f 2524 2555 2557
f 2524 2557 2525
f 2555 2556 2557
f 2587 2551 2550
f 2550 2551 2521
f 2587 2588 2551
f 2552 2551 2588
f 2552 2521 2551
f 2715 2679 2678
f 2833 2803 2771
f 2833 2865 2803
f 2834 2803 2865
f 2740 2771 2803
f 2866 2835 2834
f 2836 2835 2866
f 2836 2804 2835
f 2804 2773 2835
f 2583 2518 2547
f 2517 2547 2518
f 2458 2489 2490
f 2676 2712 2677
f 2644 2677 2645
f 2644 2676 2677
f 2713 2677 2712
f 2645 2677 2678
f 2678 2677 2713
f 2715 2714 2746
f 2715 2746 2747
f 2745 2747 2746
f 2744 2743 2775
f 2806 2775 2774
f 2774 2775 2743
f 2745 2777 2747
f 2745 2776 2777
f 2808 2777 2776
f 2976 2939 2908
f 2939 2909 2908
f 2875 2909 2876
f 2875 2908 2909
f 2845 2844 2878
f 3030 3031 3003
f 3001 3030 3003
f 3001 3003 3002
f 2968 3002 3003
f 2968 3003 3031
f 28 44 45
f 29 45 46
f 29 28 45
f 46 45 63
f 62 45 44
f 62 63 45
f 193 194 166
f 220 195 194
f 168 194 195
f 220 219 242
f 220 194 219
f 193 219 194
f 240 265 266
f 240 266 242
f 288 289 266
f 289 267 266
f 268 266 267
f 243 266 268
f 243 242 266
f 3409 3410 3391
f 3409 3453 3410
f 3349 3391 3410
f 3433 3371 3410
f 3349 3410 3371
f 3454 3433 3410
f 3454 3410 3453
f 405 428 429
f 460 429 428
f 460 428 459
f 459 428 427
f 461 462 429
f 430 429 462
f 430 462 431
f 463 431 462
f 463 462 461
f 349 348 379
f 295 250 274
f 250 249 274
f 249 272 274
f 272 294 274
f 516 491 490
f 403 458 404
f 458 427 404
f 405 375 404
f 541 571 572
f 570 572 571
f 570 571 540
f 607 606 640
f 573 572 608
f 607 608 572
f 573 608 574
f 574 608 609
f 672 609 608
f 672 608 671
f 669 730 731
f 919 945 946
f 944 1000 945
f 944 945 943
f 943 945 919
f 1000 1001 945
f 946 945 1001
f 676 677 642
f 737 677 704
f 676 704 677
f 737 738 677
f 679 677 738
f 678 677 679
f 617 677 678
f 617 642 677
f 520 522 521
f 493 464 521
f 463 464 432
f 463 432 431
f 464 433 432
f 431 432 379
f 243 221 220
f 220 221 195
f 243 244 221
f 170 169 196
f 143 166 167
f 168 144 167
f 143 167 144
f 168 167 194
f 166 194 167
f 180 179 206
f 180 155 179
f 154 179 155
f 154 178 179
f 113 112 133
f 113 97 112
f 97 111 112
f 132 133 112
f 132 112 111
f 110 131 111
f 132 131 154
f 132 111 131
f 276 326 277
f 276 277 253
f 254 277 300
f 254 253 277
f 180 206 181
f 209 183 208
f 158 183 254
f 254 183 209
f 229 228 276
f 229 208 228
f 227 252 228
f 276 228 252
f 648 709 710
f 648 710 589
f 589 710 649
f 683 649 710
f 742 710 709
f 683 710 743
f 743 710 742
f 1335 1305 1334
f 1335 1274 1305
f 1240 1191 1216
f 1240 1217 1191
f 1096 1128 1192
f 1096 1192 1097
f 1128 1191 1192
f 1217 1192 1191
f 1217 1241 1192
f 1332 1364 1365
f 955 954 981
f 1011 981 1037
f 1034 1009 1008
f 1006 1064 1008
f 1034 1008 1064
f 1010 1009 1035
f 1066 1035 1065
f 1034 1065 1035
f 1034 1035 1009
f 1238 1270 1302
f 1302 1270 1301
f 1238 1237 1270
f 1237 1268 1270
f 1215 1184 1183
f 1215 1237 1184
f 1182 1183 1153
f 1182 1153 1152
f 1121 1153 1183
f 1121 1120 1153
f 1120 1152 1153
f 1215 1236 1237
f 1237 1236 1268
f 829 859 860
f 799 829 860
f 1544 1522 1520
f 1546 1522 1544
f 1523 1522 1546
f 1523 1493 1522
f 1465 1464 1492
f 1519 1492 1464
f 897 898 834
f 897 956 898
f 924 898 956
f 899 898 924
f 744 773 713
f 803 773 744
f 803 833 773
f 833 834 773
f 805 713 774
f 837 839 808
f 927 904 903
f 904 868 903
f 902 927 903
f 902 903 868
f 747 775 776
f 806 775 746
f 806 776 775
f 624 625 593
f 593 625 626
f 624 653 625
f 654 625 653
f 654 626 625
f 931 966 932
f 968 932 967
f 967 932 966
f 781 813 782
f 814 782 813
f 814 784 782
f 960 929 928
f 927 929 904
f 927 928 929
f 904 929 930
f 684 555 714
f 747 717 716
f 260 259 258
f 233 258 259
f 261 259 260
f 261 233 259
f 335 336 308
f 393 365 364
f 393 394 365
f 366 336 365
f 335 364 365
f 335 365 336
f 342 341 371
f 313 340 341
f 313 341 342
f 340 370 341
f 401 371 341
f 401 341 370
f 722 723 692
f 693 692 723
f 658 692 659
f 660 692 693
f 660 659 692
f 720 721 690
f 660 631 630
f 660 630 659
f 596 595 628
f 627 628 595
f 627 656 628
f 657 628 656
f 627 655 656
f 627 626 655
f 654 655 626
f 718 689 688
f 689 656 688
f 654 688 655
f 656 655 688
f 720 719 749
f 717 777 719
f 808 777 807
f 747 776 777
f 747 777 717
f 806 807 777
f 806 777 776
f 661 662 632
f 696 662 661
f 697 662 696
f 697 664 662
f 664 663 662
f 599 632 600
f 599 600 564
f 565 564 600
f 565 600 634
f 1072 1041 1040
f 1041 1039 1040
f 1071 1040 1039
f 1072 1040 1097
f 1071 1097 1040
f 1551 1498 1527
f 2436 2407 2406
f 2436 2406 2405
f 2437 2467 2438
f 2468 2467 2466
f 2466 2467 2437
f 2372 2405 2373
f 2372 2373 2344
f 2374 2344 2373
f 2374 2373 2406
f 2405 2406 2373
f 2311 2312 2282
f 2284 2253 2282
f 2284 2282 2283
f 2311 2282 2281
f 2228 2254 2255
f 2230 2228 2255
f 2230 2255 2231
f 2231 2255 2256
f 2376 2345 2375
f 2375 2345 2314
f 2316 2315 2346
f 2183 2184 2164
f 2138 2164 2184
f 2183 2232 2184
f 2209 2208 2184
f 2259 2184 2232
f 2259 2209 2184
f 2051 2050 2076
f 2051 2049 2050
f 2048 2075 2050
f 2075 2076 2050
f 2048 2050 2049
f 2101 2129 2130
f 2103 2101 2130
f 2074 2103 2130
f 2074 2130 2104
f 2104 2130 2157
f 1662 1689 1663
f 1689 1690 1663
f 1662 1663 1637
f 1638 1637 1663
f 1638 1663 1690
f 1689 1688 1721
f 1720 1721 1688
f 1722 1721 1742
f 1640 1592 1639
f 1592 1591 1639
f 1638 1639 1614
f 1614 1639 1591
f 1724 1726 1725
f 1724 1725 1695
f 1696 1725 1726
f 1967 1937 1936
f 1937 1911 1936
f 1965 1936 1911
f 1910 1909 1911
f 1965 1911 1909
f 1965 1909 1935
f 1907 1935 1909
f 1823 1878 1879
f 1823 1879 1849
f 1907 1879 1878
f 1907 1909 1879
f 1908 1879 1909
f 1882 1881 1910
f 1882 1851 1881
f 1882 1825 1851
f 1804 1825 1882
f 1803 1825 1804
f 1803 1802 1825
f 1802 1750 1824
f 1775 1824 1750
f 1775 1850 1824
f 1850 1851 1824
f 1802 1824 1825
f 1851 1825 1824
f 1850 1880 1851
f 1908 1880 1879
f 1908 1881 1880
f 1851 1880 1881
f 2111 2080 2136
f 2080 2110 2136
f 2078 2136 2110
f 2134 2207 2136
f 2134 2136 2078
f 2296 2298 2271
f 2296 2297 2298
f 2332 2298 2297
f 2242 2271 2243
f 2272 2243 2271
f 2272 2244 2243
f 2178 2198 2199
f 2224 2199 2198
f 2178 2126 2151
f 2152 2151 2126
f 2332 2331 2357
f 2332 2297 2331
f 2356 2357 2331
f 2366 2338 2365
f 2303 2365 2338
f 2421 2389 2422
f 2334 2333 2360
f 2332 2333 2298
f 2334 2360 2361
f 2334 2361 2335
f 2362 2335 2361
f 2545 2517 2516
f 2482 2513 2483
f 2482 2608 2513
f 2608 2542 2513
f 2609 2610 2579
f 2544 2578 2579
f 2609 2579 2578
f 2545 2544 2579
f 2545 2579 2639
f 2639 2579 2610
f 2238 2216 2215
f 2214 2215 2192
f 2238 2215 2237
f 2214 2237 2215
f 2583 2582 2641
f 2583 2547 2582
f 2044 2071 2014
f 2014 2071 2045
f 2072 2045 2071
f 2044 2070 2071
f 2277 2247 2276
f 2275 2277 2276
f 2040 2041 2011
f 2012 2011 2041
f 2070 2100 2127
f 2070 2127 2071
f 2152 2126 2125
f 1790 1766 1839
f 1839 1766 1789
f 1765 1789 1766
f 1899 1869 1898
f 1869 1897 1898
f 1841 1819 1872
f 1873 1841 1872
f 1873 1872 1871
f 1840 1871 1872
f 1840 1872 1819
f 2175 2173 2174
f 2195 2174 2194
f 2193 2174 2173
f 2193 2194 2174
f 2066 2039 2038
f 2037 2064 2038
f 2066 2064 2065
f 2066 2038 2064
f 2065 2064 2094
f 2433 2402 2369
f 2370 2402 2403
f 2434 2402 2433
f 2434 2403 2402
f 2400 2399 2461
f 2462 2461 2460
f 2460 2461 2399
f 2398 2397 2430
f 2452 2389 2420
f 2389 2388 2420
f 2451 2420 2419
f 2451 2452 2420
f 2419 2420 2388
f 2356 2355 2388
f 2356 2330 2355
f 2387 2388 2355
f 2354 2387 2355
f 2354 2355 2330
f 2294 2329 2330
f 2354 2330 2329
f 2354 2329 2236
f 2296 2271 2270
f 2236 2266 2265
f 2266 2237 2265
f 2236 2265 2214
f 2214 2265 2237
f 1475 1534 1559
f 1506 1559 1560
f 1475 1559 1476
f 1506 1476 1559
f 1759 1758 1760
f 1894 1893 1923
f 1865 1892 1893
f 1892 1923 1893
f 1865 1866 1816
f 1982 1981 2005
f 1980 1981 1952
f 1980 2004 1981
f 2004 2005 1981
f 1982 1953 1981
f 1952 1981 1953
f 2147 2146 2191
f 2147 2191 2170
f 2214 2192 2191
f 2192 2170 2191
f 2145 2191 2116
f 2146 2116 2191
f 2213 2214 2191
f 2213 2191 2190
f 2118 2093 2117
f 2118 2094 2093
f 2037 2008 2036
f 2062 2036 2035
f 2035 2036 2008
f 1984 2007 2008
f 2035 2008 2007
f 2034 2035 2007
f 2034 2007 2006
f 1923 1947 1924
f 1950 1894 1924
f 1894 1923 1924
f 2031 2002 2001
f 2031 2059 2002
f 2032 2001 2002
f 2032 2002 2059
f 1979 1951 1978
f 1950 1949 1951
f 1949 1978 1951
f 1950 1951 1925
f 1925 1951 1952
f 1980 1951 1979
f 1980 1952 1951
f 1977 2000 1978
f 2031 2000 1976
f 1976 2000 1977
f 1759 1708 1758
f 1198 1165 1164
f 1136 1164 1165
f 1197 1246 1164
f 1198 1164 1246
f 1197 1164 1163
f 1163 1164 1136
f 1077 1104 1105
f 1136 1137 1104
f 1136 1104 1103
f 1077 1076 1104
f 1076 1103 1104
f 1077 1078 1079
f 1077 1105 1078
f 1314 1282 1315
f 1282 1346 1315
f 1375 1376 1346
f 1344 1376 1375
f 1312 1410 1376
f 1312 1376 1344
f 1318 1285 1284
f 1318 1284 1317
f 1251 1284 1285
f 1251 1283 1284
f 1380 1317 1379
f 1472 1379 1412
f 1503 1505 1504
f 1503 1504 1412
f 1472 1412 1504
f 1441 1472 1504
f 1441 1504 1505
f 1622 1599 1623
f 1671 1623 1599
f 1531 1704 1599
f 1704 1671 1599
f 1531 1599 1575
f 1441 1505 1532
f 1441 1532 1442
f 1473 1442 1532
f 1474 1445 1444
f 1445 1414 1444
f 1445 1476 1416
f 1446 1383 1416
f 1320 1288 1287
f 1321 1288 1320
f 1253 1255 1224
f 1382 1415 1348
f 1383 1348 1415
f 1383 1415 1416
f 1382 1414 1415
f 1445 1415 1414
f 1445 1416 1415
f 1448 1417 1447
f 1418 1417 1419
f 1448 1419 1417
f 1446 1447 1417
f 1418 1384 1417
f 1446 1417 1384
f 1609 1581 1608
f 1580 1608 1581
f 1609 1608 1630
f 1629 1630 1608
f 1563 1509 1537
f 1506 1560 1535
f 1321 1289 1288
f 1226 1227 1206
f 1321 1352 1322
f 1353 1322 1352
f 1321 1322 1289
f 1353 1290 1322
f 1290 1289 1322
f 1418 1419 1385
f 1176 1177 1148
f 1656 1610 1632
f 1656 1611 1610
f 1583 1610 1611
f 1631 1610 1582
f 1583 1582 1610
f 1631 1632 1610
f 1656 1633 1611
f 1656 1657 1633
f 1612 1611 1633
f 1659 1634 1633
f 1612 1633 1634
f 1583 1611 1584
f 1583 1584 1563
f 1563 1584 1564
f 1514 1539 1540
f 1510 1480 1509
f 1479 1509 1480
f 1479 1480 1448
f 1564 1565 1538
f 1564 1538 1512
f 1659 1658 1685
f 1659 1633 1658
f 1657 1658 1633
f 1765 1764 1789
f 1765 1766 1734
f 1735 1734 1766
f 1717 1716 1739
f 1739 1716 1738
f 1737 1738 1716
f 1680 1713 1681
f 1735 1714 1713
f 1737 1736 1767
f 1737 1714 1736
f 1790 1767 1736
f 1735 1736 1714
f 1680 1681 1654
f 1681 1655 1654
f 1679 1680 1654
f 1679 1654 1655
f 1588 1589 1566
f 1541 1540 1566
f 1541 1566 1589
f 1540 1539 1566
f 1588 1566 1587
f 1587 1566 1539
f 1513 1484 1483
f 1482 1512 1483
f 1513 1483 1538
f 1512 1538 1483
f 1454 1453 1484
f 1424 1453 1454
f 1424 1423 1453
f 1484 1453 1483
f 1297 1296 1295
f 1359 1295 1326
f 1299 1328 1329
f 1487 1456 1486
f 1149 1179 1180
f 1178 1179 1149
f 1263 1232 1262
f 1261 1262 1230
f 1261 1294 1262
f 1263 1262 1296
f 1266 1234 1264
f 1259 1291 1292
f 1292 1291 1323
f 1353 1291 1290
f 1353 1323 1291
f 1259 1260 1229
f 1421 1389 1388
f 1389 1355 1388
f 1354 1387 1388
f 1354 1388 1355
f 1390 1389 1422
f 1389 1451 1422
f 1390 1422 1423
f 1133 1101 1100
f 1133 1100 1017
f 1133 1016 901
f 1133 1017 1016
f 1077 1045 1076
f 1077 1047 1045
f 1046 1045 1047
f 931 965 966
f 989 966 965
f 991 1027 992
f 1028 993 992
f 1028 992 1027
f 1028 1027 1052
f 1084 1053 1052
f 1028 1052 1053
f 910 934 935
f 910 935 911
f 972 936 971
f 972 937 936
f 911 935 936
f 971 936 935
f 912 936 937
f 912 911 936
f 967 1024 1025
f 989 1023 1024
f 989 1024 966
f 967 966 1024
f 1203 1202 1201
f 1203 1167 1202
f 1140 1139 1167
f 1105 1138 1139
f 1166 1139 1138
f 1166 1202 1139
f 1167 1139 1202
f 2795 2701 2734
f 2541 2701 2667
f 2541 2512 2701
f 2512 2734 2701
f 2699 2698 2764
f 2795 2794 2825
f 2795 2825 2826
f 2824 2826 2825
f 2890 2891 2857
f 2890 2857 2826
f 2891 2858 2857
f 2699 2764 2700
f 2957 2992 2993
f 2957 2956 2992
f 2991 2993 2992
f 2991 2992 2956
f 2926 2892 2859
f 2926 2956 2892
f 2957 2892 2956
f 2893 2892 2957
f 2893 2860 2892
f 2860 2859 2892
f 2826 2857 2827
f 2858 2827 2857
f 2894 2830 2703
f 2737 2703 2830
f 2737 2830 2861
f 2894 2927 2928
f 2894 2928 2830
f 2861 2830 2928
f 2894 2703 2829
f 2703 2799 2829
f 2669 2828 2829
f 2669 2829 2799
f 2503 2470 2502
f 2595 2561 2560
f 2530 2529 2560
f 2530 2560 2561
f 2597 2625 2599
f 2626 2599 2625
f 2600 2599 2626
f 2532 2533 2534
f 2534 2533 2563
f 2532 2562 2533
f 2562 2563 2533
f 2751 2782 2752
f 2751 2752 2719
f 2719 2752 2720
f 2751 2719 2718
f 2683 2682 2718
f 2619 2618 2651
f 2619 2589 2618
f 2651 2618 2650
f 2617 2650 2618
f 2617 2618 2588
f 2589 2588 2618
f 2942 2944 2943
f 2944 2945 2943
f 2914 2943 2945
f 2914 2913 2943
f 2846 2879 2880
f 2880 2879 2913
f 2845 2879 2846
f 2845 2878 2879
f 2787 2757 2756
f 2787 2756 2786
f 2786 2756 2785
f 2755 2785 2756
f 2690 2725 2727
f 2728 2691 2727
f 2690 2727 2691
f 2728 2727 2757
f 2688 2657 2624
f 2624 2657 2625
f 2688 2658 2657
f 2626 2657 2658
f 2626 2625 2657
f 2883 2849 2882
f 2763 2762 2792
f 2762 2822 2792
f 2762 2791 2822
f 2760 2791 2761
f 2762 2761 2791
f 2760 2790 2791
f 2853 2791 2790
f 2853 2822 2791
f 2888 2823 2855
f 2887 2855 2853
f 2887 2888 2855
f 2603 2601 2602
f 2628 2603 2602
f 2627 2628 2602
f 2627 2602 2600
f 2600 2602 2601
f 2447 2351 2478
f 2351 2326 2478
f 2446 2447 2478
f 2446 2478 2326
f 2111 2137 2164
f 2163 2164 2137
f 2058 1997 2081
f 1997 2057 2081
f 2058 2081 2112
f 2138 2081 2057
f 2082 2112 2081
f 1888 1996 1858
f 1888 1973 1996
f 2026 1996 1973
f 2026 2079 1996
f 2079 2027 1996
f 2079 2080 2056
f 2079 2056 2027
f 1995 2024 2025
f 1994 2024 1995
f 2055 2024 2054
f 1994 2054 2024
f 1701 1728 1647
f 1670 1647 1728
f 1621 1647 1703
f 1703 1647 1670
f 1621 1700 1755
f 1621 1669 1700
f 1807 1700 1754
f 1669 1754 1700
f 1807 1755 1700
f 1777 1855 1809
f 1777 1809 1778
f 1912 1937 1938
f 2020 1991 1990
f 2020 2021 1991
f 1969 1992 1970
f 1969 1991 1992
f 2022 1992 2021
f 2021 1992 1991
f 1971 1993 1994
f 1971 1970 1993
f 1994 1993 2054
f 2023 2054 1993
f 2022 2023 1993
f 2022 1993 1992
f 1970 1992 1993
f 2077 2054 2053
f 2023 2053 2054
f 2023 2052 2053
f 2160 2109 2108
f 2108 2109 2052
f 2077 2053 2109
f 2052 2109 2053
f 1919 2113 1945
f 1999 2140 2166
f 2210 2166 2140
f 2085 2166 2187
f 2085 1999 2166
f 2443 2413 2382
f 2414 2475 2476
f 2477 2476 2475
f 3233 3235 3205
f 3204 3233 3205
f 3184 3181 3207
f 3020 3055 3021
f 3020 3053 3055
f 3053 3054 3055
f 3081 3117 3082
f 3049 3016 3015
f 3049 3050 3016
f 3017 2984 3016
f 3052 3051 3084
f 3052 3018 3051
f 3017 3051 3018
f 3141 3175 3142
f 3141 3174 3175
f 3142 3175 3176
f 3199 3200 3175
f 3199 3175 3174
f 2945 2947 2946
f 2916 2915 2946
f 2976 2938 2975
f 2906 2938 2907
f 2906 2975 2938
f 3037 3036 3072
f 3034 3136 3036
f 3105 3104 3138
f 3105 3072 3104
f 3138 3104 3137
f 3137 3104 3103
f 3007 2974 3006
f 2974 2973 3006
f 2906 2905 2937
f 2906 2937 2975
f 2975 2937 2973
f 3042 3041 3040
f 3007 3038 3008
f 3074 3107 3075
f 3140 3075 3107
f 3140 3107 3171
f 3105 3106 3073
f 3193 3221 3169
f 3195 3169 3221
f 3273 3304 3325
f 3376 3325 3304
f 3376 3304 3439
f 3439 3304 3248
f 3140 3108 3109
f 3110 3109 3108
f 3462 3516 3463
f 3490 3463 3517
f 3517 3463 3516
f 3443 3463 3490
f 3443 3417 3463
f 2970 2971 2904
f 2902 2970 2904
f 2902 2904 2903
f 2905 2903 2904
f 2806 2838 2839
f 2838 2872 2839
f 2873 2839 2872
f 3170 3139 3195
f 3195 3139 3169
f 3105 3169 3139
f 3170 3106 3139
f 3105 3139 3106
f 3135 3102 3134
f 3134 3102 3070
f 3135 3136 3102
f 3136 3070 3102
f 2613 2614 2585
f 2586 2585 2614
f 2613 2646 2614
f 2586 2648 2616
f 2647 2679 2680
f 2740 2803 2772
f 2741 2772 2773
f 2740 2772 2741
f 2773 2772 2835
f 2834 2772 2803
f 2834 2835 2772
f 3001 2966 2932
f 2932 2966 2933
f 2932 2901 2865
f 2932 2933 2901
f 2517 2518 2488
f 2519 2488 2518
f 2519 2489 2488
f 2457 2488 2489
f 2458 2428 2427
f 2491 2428 2490
f 2458 2490 2428
f 2845 2812 2811
f 2845 2811 2844
f 2878 2844 2877
f 2910 2911 2877
f 2911 2878 2877
f 2910 2877 2909
f 2876 2909 2877
f 349 379 380
f 349 380 350
f 433 380 432
f 379 432 380
f 381 350 380
f 295 322 323
f 295 274 322
f 294 323 322
f 294 322 274
f 516 543 517
f 516 517 491
f 543 544 517
f 518 517 544
f 671 640 670
f 669 670 606
f 606 670 640
f 170 145 169
f 146 145 170
f 126 144 145
f 251 206 205
f 206 179 205
f 178 205 179
f 204 205 178
f 251 205 250
f 250 205 204
f 110 152 153
f 110 153 131
f 154 131 153
f 154 153 178
f 327 299 326
f 326 299 277
f 327 300 299
f 300 277 299
f 134 133 156
f 155 156 133
f 180 156 155
f 180 181 156
f 158 182 183
f 208 183 182
f 1273 1304 1305
f 1334 1305 1304
f 1272 1304 1273
f 1303 1304 1272
f 1333 1304 1303
f 1333 1334 1304
f 1190 1216 1156
f 1127 1190 1156
f 1216 1191 1156
f 1127 1156 1128
f 1128 1156 1191
f 1097 1192 1157
f 1218 1129 1157
f 1129 1098 1157
f 1459 1460 1428
f 1459 1428 1427
f 1396 1426 1427
f 1010 981 980
f 981 954 980
f 1010 980 1009
f 1010 1036 981
f 981 1036 1037
f 1066 1036 1035
f 1010 1035 1036
f 978 1006 1007
f 1006 1008 1007
f 1268 1269 1270
f 1267 1299 1269
f 1300 1269 1299
f 1267 1269 1268
f 1238 1185 1237
f 1238 1186 1185
f 1237 1185 1184
f 1122 1185 1123
f 1186 1123 1185
f 1122 1184 1185
f 892 893 859
f 859 893 860
f 894 860 893
f 951 893 892
f 894 893 920
f 951 920 893
f 1520 1522 1521
f 1493 1492 1521
f 1493 1521 1522
f 1432 1431 1463
f 1519 1462 1491
f 1519 1464 1462
f 1461 1462 1430
f 1461 1491 1462
f 1464 1463 1462
f 1430 1462 1431
f 1431 1462 1463
f 805 835 899
f 805 774 835
f 899 835 898
f 872 843 842
f 872 873 843
f 844 843 873
f 872 842 871
f 837 838 839
f 868 840 839
f 931 932 906
f 872 871 906
f 874 908 909
f 874 873 908
f 961 962 960
f 960 962 929
f 653 685 686
f 654 653 686
f 685 715 686
f 716 686 715
f 722 692 691
f 658 691 692
f 722 691 721
f 690 721 691
f 784 751 783
f 784 783 782
f 597 629 630
f 596 629 597
f 596 628 629
f 659 630 629
f 657 659 629
f 657 629 628
f 808 779 777
f 720 750 721
f 720 749 750
f 781 750 749
f 781 782 750
f 782 783 750
f 751 750 783
f 722 750 751
f 722 721 750
f 632 662 633
f 663 633 662
f 632 633 600
f 634 633 663
f 634 600 633
f 2438 2467 2439
f 2440 2411 2439
f 2379 2347 2377
f 2379 2377 2409
f 2376 2408 2377
f 2408 2409 2377
f 2316 2287 2315
f 2257 2286 2287
f 2257 2287 2316
f 2286 2285 2287
f 2285 2314 2287
f 2314 2315 2287
f 2138 2184 2165
f 2208 2165 2184
f 2082 2081 2165
f 2138 2165 2081
f 2082 2165 2139
f 2202 2180 2201
f 2241 2269 2270
f 2296 2270 2269
f 2193 2216 2217
f 2193 2217 2218
f 2239 2217 2216
f 2334 2335 2299
f 2272 2271 2299
f 2271 2298 2299
f 2195 2194 2221
f 2244 2221 2243
f 2195 2221 2222
f 2224 2223 2247
f 2224 2198 2223
f 2247 2223 2276
f 2197 2223 2198
f 2195 2197 2176
f 2175 2176 2149
f 2296 2295 2297
f 2297 2295 2331
f 2296 2269 2295
f 2268 2295 2269
f 2356 2331 2295
f 2356 2295 2294
f 2294 2295 2268
f 2360 2359 2390
f 2421 2390 2359
f 2272 2299 2300
f 2335 2300 2299
f 2272 2274 2244
f 2423 2422 2453
f 2423 2453 2424
f 2454 2424 2453
f 2389 2453 2422
f 2452 2453 2389
f 2360 2358 2359
f 2360 2333 2358
f 2332 2358 2333
f 2332 2357 2358
f 2360 2392 2361
f 2360 2390 2392
f 2514 2515 2486
f 2486 2515 2516
f 2514 2513 2515
f 2542 2515 2513
f 2514 2486 2485
f 2611 2581 2546
f 2546 2581 2547
f 2547 2581 2582
f 1986 1957 1955
f 1986 1955 1985
f 1896 1897 1868
f 1867 1868 1817
f 1867 1895 1868
f 1896 1868 1895
f 1839 1789 1838
f 1839 1838 1869
f 1869 1838 1897
f 1896 1927 1897
f 1954 1927 1953
f 2039 2010 2038
f 2040 2011 2010
f 1986 2010 2011
f 2040 2010 2039
f 1986 1985 2010
f 2121 2149 2122
f 2123 2096 2122
f 2066 2065 2095
f 2066 2095 2096
f 2096 2095 2122
f 2121 2122 2095
f 2065 2094 2095
f 2123 2097 2096
f 2066 2096 2097
f 2121 2120 2148
f 2121 2095 2120
f 2094 2120 2095
f 2365 2396 2397
f 2236 2328 2293
f 2236 2329 2328
f 2293 2328 2294
f 2294 2328 2329
f 1781 1782 1812
f 1781 1813 1782
f 1758 1812 1782
f 1781 1861 1813
f 1758 1783 1760
f 1758 1782 1783
f 1813 1783 1782
f 1922 1892 1891
f 1890 1891 1863
f 1922 1891 1946
f 1890 1946 1891
f 1865 1833 1892
f 1865 1816 1833
f 1759 1732 1708
f 1866 1835 1816
f 1982 1983 1953
f 1954 1953 1983
f 1982 2006 1983
f 2006 2007 1983
f 1984 1954 1983
f 1984 1983 2007
f 2062 2063 2064
f 2092 2063 2062
f 1950 1948 1949
f 1950 1924 1948
f 1949 1948 1947
f 1947 1948 1924
f 1678 1653 1652
f 1672 1673 1649
f 1758 1708 1707
f 1346 1376 1377
f 1346 1316 1315
f 1317 1316 1379
f 1531 1554 1505
f 1531 1575 1554
f 1505 1554 1532
f 1575 1555 1554
f 1532 1554 1555
f 1474 1444 1443
f 1474 1443 1473
f 1473 1443 1442
f 1413 1442 1443
f 1204 1225 1226
f 1204 1224 1225
f 1224 1255 1225
f 1287 1288 1254
f 1288 1255 1254
f 1253 1287 1254
f 1253 1254 1255
f 1479 1508 1509
f 1479 1478 1508
f 1506 1535 1507
f 1506 1507 1477
f 1478 1477 1507
f 1478 1507 1508
f 1259 1258 1291
f 1290 1291 1258
f 1288 1289 1256
f 1288 1256 1255
f 1226 1225 1256
f 1255 1256 1225
f 1351 1385 1386
f 1351 1386 1352
f 1352 1386 1387
f 1419 1386 1385
f 1419 1387 1386
f 1176 1148 1175
f 1176 1175 1211
f 1211 1175 1210
f 1210 1175 1174
f 1148 1147 1175
f 1174 1175 1147
f 1117 1115 1177
f 1117 1116 1115
f 1177 1115 1148
f 1087 1115 1116
f 1206 1227 1207
f 1084 1110 1111
f 1110 1144 1111
f 1144 1171 1111
f 1206 1171 1170
f 1144 1170 1171
f 1587 1565 1586
f 1564 1586 1565
f 1564 1584 1586
f 1510 1511 1480
f 1481 1480 1511
f 1510 1512 1511
f 1481 1511 1512
f 1421 1450 1451
f 1481 1451 1450
f 1419 1420 1387
f 1421 1388 1420
f 1387 1420 1388
f 1763 1786 1787
f 1763 1764 1733
f 1717 1685 1684
f 1717 1684 1716
f 1685 1658 1684
f 1682 1715 1683
f 1682 1714 1715
f 1737 1715 1714
f 1737 1716 1715
f 1680 1712 1713
f 1735 1712 1734
f 1735 1713 1712
f 1325 1356 1357
f 1390 1357 1356
f 1391 1357 1390
f 1391 1359 1357
f 1233 1212 1179
f 1180 1179 1212
f 1233 1234 1212
f 1266 1265 1234
f 1214 1265 1235
f 1214 1213 1265
f 1482 1452 1451
f 1451 1452 1422
f 1423 1452 1453
f 1423 1422 1452
f 1017 984 1016
f 961 984 962
f 961 901 984
f 901 1016 984
f 931 930 964
f 931 964 965
f 1020 1044 1046
f 1046 1044 1045
f 1084 1052 1083
f 1084 1083 1110
f 1082 1110 1083
f 1082 1051 1050
f 1050 1051 1026
f 1082 1083 1051
f 1052 1051 1083
f 1026 1051 1027
f 1027 1051 1052
f 934 970 935
f 991 970 969
f 934 969 970
f 971 935 970
f 993 971 970
f 1140 1106 1139
f 1105 1139 1106
f 1105 1106 1078
f 1107 1106 1140
f 1107 1079 1106
f 1079 1078 1106
f 2763 2764 2733
f 2698 2733 2764
f 2697 2732 2733
f 2763 2733 2732
f 2697 2733 2665
f 2665 2733 2698
f 2512 2450 2607
f 2512 2574 2450
f 2795 2826 2796
f 2826 2827 2796
f 2795 2796 2701
f 2667 2701 2796
f 2597 2599 2598
f 2721 2753 2754
f 2784 2754 2753
f 2784 2753 2783
f 2913 2879 2912
f 2942 2943 2912
f 2913 2912 2943
f 2942 2912 2911
f 2911 2912 2878
f 2878 2912 2879
f 2725 2726 2727
f 2755 2756 2726
f 2755 2726 2724
f 2724 2726 2725
f 2915 2882 2881
f 2914 2915 2881
f 2853 2854 2822
f 2853 2855 2854
f 2822 2854 2792
f 2163 2137 2182
f 2111 2136 2182
f 2111 2182 2137
f 2183 2163 2182
f 2183 2182 2258
f 2257 2258 2182
f 2207 2182 2136
f 2257 2182 2231
f 2207 2231 2182
f 1997 2028 2057
f 2138 2057 2028
f 2138 2028 2164
f 2111 2164 2028
f 2111 2028 2080
f 2080 2028 2056
f 1856 1887 1855
f 1856 1778 1887
f 1969 1938 1968
f 1937 1968 1938
f 1967 1968 1937
f 1969 1968 1991
f 1967 1990 1968
f 1990 1991 1968
f 1939 1913 1938
f 1854 1884 1913
f 2077 2109 2133
f 2161 2134 2133
f 2077 2133 2134
f 2161 2133 2160
f 2160 2133 2109
f 1945 2084 2140
f 1945 2113 2084
f 2185 2084 2113
f 1919 2029 2083
f 1919 2083 2113
f 2139 2185 2083
f 2185 2113 2083
f 2187 2186 2211
f 2187 2166 2186
f 2414 2444 2475
f 2384 2413 2444
f 2414 2384 2444
f 2474 2475 2444
f 2443 2474 2444
f 2443 2444 2413
f 2477 2507 2535
f 2477 2475 2507
f 2506 2535 2507
f 3184 3183 3182
f 3184 3182 3181
f 3235 3206 3205
f 3207 3181 3206
f 3047 3048 3049
f 3049 3048 3050
f 3083 3048 3082
f 3083 3050 3048
f 3179 3180 3146
f 3180 3148 3146
f 3145 3179 3146
f 3118 3117 3116
f 3118 3116 3148
f 3115 3116 3117
f 2984 2983 2982
f 2984 2982 3016
f 3015 3016 2982
f 2981 2982 2983
f 3014 2982 2981
f 3014 3015 2982
f 2916 2946 2948
f 2947 2948 2946
f 2985 2949 2948
f 2985 2948 2984
f 2947 2983 2948
f 2984 2948 2983
f 3005 3034 3035
f 3034 3036 3035
f 3037 3035 3036
f 3037 3006 3035
f 3005 3035 3006
f 3072 3036 3071
f 3072 3071 3104
f 3136 3071 3036
f 3074 3039 3038
f 3074 3075 3039
f 3008 3038 3039
f 3041 3008 3039
f 3041 3039 3040
f 3249 3221 3220
f 3248 3220 3219
f 3248 3249 3220
f 3195 3221 3250
f 3249 3250 3221
f 3273 3272 3304
f 3273 3250 3272
f 3249 3272 3250
f 3248 3272 3249
f 3248 3304 3272
f 3174 3173 3172
f 3141 3173 3174
f 3110 3173 3141
f 3110 3108 3173
f 2806 2839 2807
f 2776 2775 2807
f 2806 2807 2775
f 2808 2776 2807
f 2808 2807 2841
f 2873 2840 2839
f 2873 2874 2840
f 2874 2841 2840
f 2841 2807 2840
f 2839 2840 2807
f 2615 2649 2648
f 2647 2649 2615
f 2647 2680 2649
f 2617 2616 2649
f 2616 2648 2649
f 2682 2649 2680
f 2617 2649 2650
f 2682 2650 2649
f 2491 2429 2428
f 2459 2430 2429
f 2459 2429 2491
f 2430 2397 2429
f 2397 2396 2429
f 2428 2429 2396
f 2812 2781 2780
f 2812 2780 2811
f 491 517 492
f 460 459 492
f 460 492 518
f 518 492 517
f 158 157 182
f 158 134 157
f 134 156 157
f 181 157 156
f 181 182 157
f 181 207 182
f 206 207 181
f 208 207 228
f 208 182 207
f 227 207 206
f 227 228 207
f 1307 1243 1275
f 1336 1307 1275
f 1336 1275 1306
f 1274 1242 1241
f 1243 1242 1275
f 1192 1242 1243
f 1192 1241 1242
f 1274 1306 1242
f 1306 1275 1242
f 1459 1427 1458
f 1427 1426 1458
f 1459 1458 1488
f 1396 1364 1395
f 1396 1395 1426
f 895 923 896
f 955 896 923
f 955 923 954
f 954 979 980
f 978 1007 979
f 1009 980 979
f 1037 1036 1067
f 1011 1067 1093
f 1124 1093 1067
f 1011 1037 1067
f 1066 1067 1036
f 774 804 835
f 713 773 804
f 834 804 773
f 713 804 774
f 834 898 804
f 898 835 804
f 844 845 812
f 844 812 843
f 904 930 870
f 841 870 842
f 842 870 871
f 868 839 866
f 867 868 866
f 839 838 866
f 901 866 838
f 901 867 866
f 904 869 868
f 868 869 840
f 904 870 869
f 841 840 869
f 841 869 870
f 873 907 908
f 872 907 873
f 872 906 907
f 932 907 906
f 654 686 687
f 654 687 688
f 717 687 716
f 716 687 686
f 718 687 717
f 718 688 687
f 716 715 745
f 747 716 745
f 714 745 715
f 746 745 714
f 747 745 775
f 746 775 745
f 719 748 749
f 719 777 748
f 781 749 780
f 749 748 780
f 781 780 812
f 2500 2469 2468
f 2500 2501 2469
f 2468 2469 2467
f 2467 2469 2439
f 2501 2502 2469
f 2470 2469 2502
f 2440 2469 2470
f 2440 2439 2469
f 2408 2410 2409
f 2408 2438 2410
f 2438 2439 2410
f 2411 2410 2439
f 2347 2346 2378
f 2347 2378 2377
f 2376 2377 2378
f 2200 2225 2250
f 2248 2249 2225
f 2249 2250 2225
f 2239 2240 2217
f 2239 2268 2240
f 2268 2269 2240
f 2218 2217 2240
f 2241 2218 2240
f 2241 2240 2269
f 2194 2220 2221
f 2243 2221 2220
f 2193 2220 2194
f 2193 2218 2220
f 2222 2223 2196
f 2197 2196 2223
f 2195 2196 2197
f 2195 2222 2196
f 2197 2177 2176
f 2197 2198 2177
f 2178 2177 2198
f 2178 2151 2177
f 2123 2150 2151
f 2149 2176 2150
f 2151 2150 2177
f 2176 2177 2150
f 2149 2150 2122
f 2123 2122 2150
f 2423 2391 2422
f 2421 2422 2391
f 2421 2391 2390
f 2423 2392 2391
f 2390 2391 2392
f 2244 2245 2221
f 2244 2274 2245
f 2222 2221 2245
f 2303 2245 2274
f 2361 2392 2393
f 2394 2362 2393
f 2362 2361 2393
f 2394 2393 2425
f 2392 2425 2393
f 2424 2485 2425
f 2423 2424 2425
f 2423 2425 2392
f 2516 2515 2543
f 2542 2543 2515
f 2454 2484 2424
f 2424 2484 2485
f 2514 2485 2484
f 2454 2483 2484
f 2514 2484 2513
f 2483 2513 2484
f 2641 2582 2612
f 2582 2581 2612
f 2640 2706 2612
f 2641 2612 2672
f 2706 2672 2612
f 2640 2612 2611
f 2611 2612 2581
f 2040 2068 2041
f 1957 1956 1955
f 1954 1955 1956
f 1954 1956 1927
f 1928 1927 1956
f 1897 1837 1868
f 1897 1838 1837
f 1818 1837 1838
f 1817 1868 1837
f 1896 1926 1927
f 1953 1927 1926
f 1925 1926 1896
f 1925 1952 1926
f 1952 1953 1926
f 1985 2009 2010
f 2038 2010 2009
f 2037 2038 2009
f 2037 2009 2008
f 1984 2009 1985
f 1984 2008 2009
f 2066 2097 2067
f 2040 2067 2068
f 2337 2364 2365
f 2365 2364 2396
f 1890 1863 1862
f 1781 1890 1862
f 1781 1862 1861
f 1813 1861 1814
f 1832 1814 1861
f 1813 1814 1783
f 1760 1783 1814
f 1560 1558 1579
f 1560 1559 1558
f 1784 1760 1815
f 1760 1814 1815
f 1832 1815 1814
f 1784 1785 1761
f 1784 1761 1760
f 1785 1786 1761
f 1732 1761 1762
f 1763 1762 1786
f 1786 1762 1761
f 1816 1835 1834
f 1836 1834 1835
f 1836 1786 1834
f 1785 1834 1786
f 1678 1652 1709
f 1708 1732 1709
f 1629 1628 1653
f 1653 1628 1652
f 1629 1608 1628
f 1652 1651 1709
f 1624 1672 1602
f 1624 1602 1601
f 1601 1602 1576
f 1673 1674 1649
f 1346 1377 1378
f 1346 1378 1316
f 1379 1316 1378
f 1411 1378 1377
f 1411 1412 1378
f 1412 1379 1378
f 1601 1576 1556
f 1576 1557 1556
f 1599 1600 1575
f 1622 1600 1599
f 1575 1600 1555
f 1622 1601 1600
f 1508 1507 1536
f 1562 1537 1536
f 1562 1536 1581
f 1227 1257 1258
f 1289 1257 1256
f 1290 1257 1289
f 1290 1258 1257
f 1226 1257 1227
f 1226 1256 1257
f 1087 1055 1086
f 1055 1054 1086
f 1227 1228 1207
f 1259 1229 1228
f 1229 1208 1228
f 1207 1228 1208
f 1259 1228 1258
f 1227 1258 1228
f 1145 1171 1172
f 1207 1208 1172
f 1084 1111 1112
f 1111 1171 1112
f 1084 1112 1053
f 1054 1053 1112
f 1054 1112 1086
f 1145 1112 1171
f 1204 1206 1205
f 1206 1170 1205
f 1204 1205 1169
f 1584 1585 1586
f 1612 1634 1585
f 1481 1449 1480
f 1481 1450 1449
f 1421 1449 1450
f 1421 1420 1449
f 1448 1480 1449
f 1448 1449 1419
f 1419 1449 1420
f 1818 1788 1787
f 1789 1764 1788
f 1763 1788 1764
f 1763 1787 1788
f 1818 1838 1788
f 1789 1788 1838
f 1325 1358 1326
f 1325 1357 1358
f 1359 1326 1358
f 1359 1358 1357
f 965 964 987
f 964 986 987
f 1101 1043 1074
f 1101 1074 1100
f 1017 1100 1074
f 1017 1042 1018
f 1018 1042 1043
f 1017 1074 1042
f 1043 1042 1074
f 2565 2564 2598
f 2562 2564 2563
f 2597 2564 2562
f 2597 2598 2564
f 2682 2681 2718
f 2718 2681 2717
f 2682 2680 2681
f 2680 2717 2681
f 2680 2716 2717
f 2715 2747 2716
f 2715 2716 2679
f 2679 2716 2680
f 2849 2815 2848
f 1855 1828 1809
f 1855 1887 1828
f 1778 1809 1828
f 1778 1828 1887
f 3151 3150 3183
f 3183 3150 3182
f 3148 3147 3146
f 3148 3116 3147
f 3115 3145 3147
f 3145 3146 3147
f 3115 3147 3116
f 3193 3219 3194
f 3219 3220 3194
f 3193 3194 3221
f 3221 3194 3220
f 3273 3251 3250
f 3252 3251 3253
f 3273 3253 3251
f 3252 3222 3251
f 3195 3250 3251
f 3196 3195 3251
f 3196 3251 3222
f 2967 2936 2935
f 2869 2935 2936
f 2869 2934 2935
f 2868 2866 2867
f 2751 2750 2781
f 2781 2750 2780
f 2751 2718 2750
f 2747 2748 2716
f 2717 2716 2748
f 1426 1457 1458
f 1487 1457 1456
f 1394 1456 1457
f 1394 1457 1425
f 1426 1395 1425
f 1426 1425 1457
f 1362 1331 1329
f 1330 1329 1331
f 1332 1330 1331
f 952 953 922
f 978 953 952
f 978 979 953
f 922 953 923
f 954 923 953
f 954 953 979
f 930 905 870
f 871 870 905
f 931 905 930
f 931 906 905
f 871 905 906
f 908 907 933
f 909 908 933
f 934 909 933
f 968 969 933
f 934 933 969
f 841 809 840
f 841 810 809
f 808 839 809
f 839 840 809
f 808 809 779
f 779 809 810
f 779 780 778
f 748 778 780
f 777 779 778
f 777 778 748
f 812 780 811
f 842 843 811
f 843 812 811
f 841 842 811
f 841 811 810
f 779 810 811
f 779 811 780
f 2155 2154 2180
f 2128 2154 2155
f 2180 2154 2201
f 2242 2243 2219
f 2243 2220 2219
f 2242 2219 2241
f 2241 2219 2218
f 2218 2219 2220
f 2272 2273 2274
f 2222 2246 2223
f 2222 2245 2246
f 2303 2246 2245
f 2275 2276 2246
f 2276 2223 2246
f 2394 2425 2426
f 2394 2426 2427
f 2458 2426 2456
f 2458 2427 2426
f 2457 2456 2487
f 2125 2099 2098
f 2099 2068 2098
f 2097 2098 2067
f 2068 2067 2098
f 2396 2364 2395
f 2363 2395 2364
f 2394 2427 2395
f 2362 2395 2363
f 2394 2395 2362
f 1832 1863 1864
f 1833 1815 1864
f 1832 1864 1815
f 1892 1833 1864
f 1892 1864 1891
f 1863 1891 1864
f 1678 1709 1710
f 1763 1710 1762
f 1763 1733 1710
f 1711 1710 1733
f 1678 1710 1711
f 1560 1579 1606
f 1708 1677 1707
f 1708 1709 1677
f 1709 1651 1677
f 1652 1628 1627
f 1652 1627 1651
f 1628 1606 1627
f 1672 1649 1648
f 1672 1648 1602
f 1473 1532 1533
f 1534 1473 1533
f 1535 1561 1507
f 1507 1561 1536
f 1581 1536 1561
f 1580 1581 1561
f 1580 1561 1535
f 1087 1086 1114
f 1087 1114 1115
f 1148 1114 1147
f 1148 1115 1114
f 1147 1114 1146
f 1229 1209 1208
f 1210 1209 1260
f 1210 1174 1209
f 1260 1209 1229
f 1208 1173 1172
f 1174 1173 1209
f 1208 1209 1173
f 1145 1172 1173
f 1174 1147 1173
f 1145 1173 1146
f 1147 1146 1173
f 1142 1169 1143
f 1170 1143 1205
f 1169 1205 1143
f 1142 1143 1109
f 1109 1143 1110
f 1110 1143 1144
f 1144 1143 1170
f 1020 1021 988
f 1020 988 987
f 965 987 988
f 989 965 988
f 989 988 1022
f 1022 988 1021
f 930 963 964
f 964 963 986
f 1020 1019 1044
f 1020 987 1019
f 987 986 1019
f 3182 3150 3149
f 3180 3149 3148
f 3180 3181 3149
f 3181 3182 3149
f 2747 2777 2778
f 2747 2778 2748
f 2780 2750 2749
f 2717 2748 2749
f 2718 2717 2749
f 2718 2749 2750
f 1395 1363 1425
f 1362 1363 1331
f 1364 1363 1395
f 2303 2274 2302
f 2274 2273 2302
f 2303 2302 2365
f 2337 2365 2302
f 2301 2302 2273
f 2456 2426 2455
f 2456 2455 2487
f 2425 2455 2426
f 2485 2455 2425
f 2486 2487 2455
f 2486 2455 2485
f 2125 2098 2124
f 2152 2125 2124
f 2123 2124 2097
f 2097 2124 2098
f 2152 2124 2151
f 2123 2151 2124
f 1576 1577 1557
f 1628 1607 1606
f 1580 1607 1608
f 1608 1607 1628
f 1580 1535 1607
f 1650 1676 1651
f 1651 1676 1677
f 1707 1677 1676
f 1579 1604 1605
f 1579 1605 1606
f 1606 1605 1627
f 1780 1812 1731
f 1780 1731 1730
f 1758 1731 1812
f 1145 1113 1112
f 1145 1146 1113
f 962 985 963
f 986 963 985
f 1017 1018 985
f 1017 985 984
f 962 984 985
f 3085 3119 3120
f 3085 3084 3119
f 3118 3119 3084
f 3150 3120 3119
f 3150 3119 3149
f 2808 2809 2777
f 2777 2809 2778
f 2780 2749 2779
f 2748 2778 2779
f 2748 2779 2749
f 2199 2225 2179
f 2225 2154 2179
f 2154 2153 2179
f 2126 2179 2153
f 2178 2199 2179
f 2178 2179 2126
f 1604 1578 1577
f 1579 1558 1578
f 1579 1578 1604
f 1604 1577 1603
f 1674 1705 1675
f 1650 1675 1676
f 1650 1649 1675
f 1649 1674 1675
f 1627 1605 1626
f 1604 1626 1605
f 1146 1085 1113
f 1086 1085 1114
f 1114 1085 1146
f 1086 1112 1085
f 1112 1113 1085
f 2875 2876 2842
f 2778 2809 2810
f 2778 2810 2779
f 1705 1731 1706
f 1705 1706 1675
f 1758 1707 1706
f 1758 1706 1731
f 1707 1676 1706
f 1676 1675 1706
f 1648 1626 1625
f 1602 1625 1603
f 1602 1648 1625
f 2809 2842 2843
f 2809 2843 2810
f 2876 2843 2842
f 2811 2810 2843
f 2844 2811 2843
f 3324 3303 3394
f 3303 3323 3394
f 3682 3665 3711
f 3699 3711 3665
f 3577 3554 3616
f 3595 3616 3554
f 3595 3576 3634
f 3615 3634 3576
f 3595 3554 3576
f 3534 3576 3554
f 3636 3616 3651
f 3636 3651 3652
f 3636 3652 3668
f 3636 3668 3637
f 3512 3513 3489
f 3512 3534 3513
f 3648 3649 3632
f 3648 3665 3649
f 786 755 728
f 817 755 786
f 1062 1092 1151
f 1150 1151 1092
f 3593 3552 3531
f 3593 3531 3573
f 3593 3573 3572
f 3593 3572 3592
f 3615 3614 3632
f 3615 3594 3614
f 3594 3575 3614
f 3613 3614 3575
f 3370 3298 3369
f 3318 3369 3298
f 3698 3725 3681
f 3699 3681 3725
f 2920 2921 2919
f 2887 2919 2921
f 3231 3204 3203
f 3231 3232 3204
f 3144 3177 3178
f 3144 3178 3145
f 3493 3466 3541
f 3492 3541 3466
f 3471 3422 3444
f 3421 3444 3422
f 3311 3283 3310
f 3311 3284 3283
f 3361 3360 3420
f 3419 3420 3360
f 52 53 35
f 36 35 53
f 7 6 19
f 18 19 6
f 52 70 53
f 71 53 70
f 120 141 121
f 142 121 141
f 3320 3351 3301
f 3321 3301 3351
f 3271 3354 3303
f 3303 3354 3323
f 3435 3352 3411
f 3435 3374 3352
f 577 612 614
f 613 614 612
f 673 733 674
f 734 674 733
f 613 674 614
f 675 614 674
f 673 674 611
f 613 611 674
f 789 852 790
f 853 790 852
f 974 939 973
f 938 973 939
f 1059 1000 999
f 1059 999 1058
f 941 975 976
f 941 940 975
f 943 883 918
f 882 918 883
f 1005 1006 950
f 951 950 1006
f 473 501 474
f 473 500 501
f 422 423 398
f 399 398 423
f 1277 1220 1193
f 1159 1193 1220
f 2204 2159 2158
f 2204 2158 2203
f 2074 2075 2047
f 2048 2047 2075
f 1962 1904 1961
f 1905 1904 1962
f 3293 3316 3344
f 3343 3344 3316
f 3431 3452 3432
f 3409 3432 3452
f 3058 3125 3090
f 3058 3124 3125
f 2963 3064 2999
f 3029 3064 2963
f 3065 3064 3097
f 3065 2999 3064
f 2687 2722 2723
f 2687 2686 2722
f 2687 2723 2724
f 2688 2687 2724
f 2723 2754 2724
f 2755 2724 2754
f 2818 2788 2817
f 2819 2788 2818
f 2570 2571 2480
f 2511 2480 2571
f 1829 1779 1857
f 1757 1857 1779
f 3698 3681 3697
f 3664 3697 3681
f 2950 2986 2951
f 2987 2951 2986
f 2920 2952 2921
f 2920 2951 2952
f 3609 3610 3589
f 3569 3589 3610
f 3500 3523 3501
f 3524 3501 3523
f 3402 3426 3448
f 3403 3402 3448
f 3477 3448 3447
f 3426 3447 3448
f 3656 3655 3671
f 3670 3671 3655
f 3540 3539 3558
f 3557 3558 3539
f 3558 3579 3541
f 3599 3541 3579
f 3471 3423 3422
f 3471 3472 3423
f 3340 3365 3386
f 3339 3365 3340
f 3403 3365 3402
f 3403 3386 3365
f 3310 3283 3282
f 3309 3310 3282
f 3177 3202 3178
f 3203 3178 3202
f 3276 3275 3356
f 3355 3356 3275
f 3398 3399 3400
f 3379 3398 3400
f 3492 3466 3418
f 3419 3418 3466
f 3421 3468 3444
f 3421 3420 3468
f 3419 3360 3359
f 3419 3359 3418
f 2918 2949 2950
f 2918 2917 2949
f 75 58 74
f 75 76 58
f 75 93 76
f 94 76 93
f 94 93 108
f 107 108 93
f 215 190 189
f 215 216 190
f 80 81 62
f 80 62 61
f 120 121 103
f 120 103 102
f 102 103 83
f 84 83 103
f 3166 3269 3246
f 3166 3246 3192
f 3393 3322 3353
f 3322 3302 3353
f 3713 3683 3700
f 3713 3701 3683
f 3684 3683 3701
f 3684 3667 3683
f 760 759 793
f 794 760 793
f 822 793 792
f 822 823 793
f 759 757 793
f 758 757 759
f 854 821 820
f 854 855 821
f 825 795 824
f 794 824 795
f 977 976 998
f 997 998 976
f 977 999 942
f 944 942 999
f 466 407 494
f 406 494 407
f 245 269 270
f 245 270 246
f 271 247 270
f 246 270 247
f 375 345 373
f 374 375 373
f 41 40 56
f 57 41 56
f 251 250 296
f 295 296 250
f 1238 1271 1239
f 1238 1302 1271
f 1005 950 949
f 1005 949 1004
f 1465 1493 1434
f 1466 1434 1493
f 1014 1070 1015
f 1014 1015 958
f 530 556 557
f 530 529 556
f 215 239 216
f 215 238 239
f 483 451 450
f 483 484 451
f 339 338 369
f 368 369 338
f 264 263 286
f 285 286 263
f 285 310 286
f 310 311 286
f 697 696 695
f 697 695 727
f 1374 1343 1408
f 1438 1408 1343
f 2073 2103 2046
f 2016 2046 2103
f 1962 2046 1963
f 1963 2046 2016
f 1962 1961 2046
f 1961 2015 2046
f 1796 1770 1795
f 1794 1795 1770
f 1903 1873 1902
f 1901 1902 1873
f 1961 1904 1874
f 1961 1874 1960
f 1844 1874 1845
f 1845 1874 1904
f 1468 1525 1496
f 1495 1525 1468
f 1550 1526 1525
f 1526 1496 1525
f 1698 1751 1573
f 1699 1573 1751
f 1668 1699 1751
f 1668 1751 1752
f 1963 2016 1964
f 2016 2017 1964
f 1803 1804 1751
f 1752 1751 1804
f 1495 1549 1525
f 1495 1524 1549
f 1062 1003 1092
f 1062 1004 1003
f 1004 949 1003
f 948 1003 949
f 1061 1092 1003
f 1061 1003 1002
f 1002 1003 947
f 948 947 1003
f 1659 1660 1634
f 1635 1634 1660
f 1635 1587 1634
f 1635 1588 1587
f 1089 1060 1088
f 1059 1088 1060
f 1118 1089 1088
f 1118 1088 1117
f 1118 1117 1177
f 1118 1177 1178
f 3266 3347 3297
f 3296 3347 3266
f 3318 3347 3369
f 3318 3297 3347
f 3291 3292 3240
f 3291 3240 3262
f 3156 3091 3090
f 3060 3090 3091
f 3157 3092 3091
f 3061 3091 3092
f 3126 3093 3092
f 3126 3092 3157
f 3241 3158 3240
f 3213 3240 3158
f 3241 3127 3158
f 3159 3127 3241
f 3126 3127 3093
f 3126 3158 3127
f 3029 2963 2998
f 2963 2930 2998
f 2687 2656 2686
f 2686 2656 2655
f 2653 2654 2620
f 2621 2620 2654
f 2813 2812 2846
f 2845 2846 2812
f 2445 2416 2537
f 2477 2537 2416
f 2212 2188 2325
f 2385 2212 2325
f 1830 1943 1811
f 1918 1811 1943
f 1668 1752 1753
f 1752 1805 1753
f 3717 3729 3690
f 3717 3690 3706
f 3732 3708 3731
f 3732 3720 3708
f 3504 3527 3505
f 3528 3505 3527
f 3698 3697 3710
f 3698 3710 3724
f 3339 3340 3312
f 3340 3314 3312
f 3286 3260 3285
f 3232 3285 3260
f 3428 3427 3449
f 3428 3449 3429
f 3477 3478 3449
f 3477 3449 3448
f 3477 3447 3476
f 3475 3476 3447
f 3500 3501 3476
f 3475 3500 3476
f 3425 3445 3446
f 3424 3445 3425
f 3340 3386 3341
f 3386 3387 3341
f 3403 3404 3386
f 3386 3404 3387
f 3688 3705 3716
f 3715 3716 3705
f 3658 3705 3688
f 3658 3704 3705
f 3081 3047 3046
f 3080 3081 3046
f 3045 3013 3011
f 3044 3045 3011
f 3111 3079 3078
f 3111 3112 3079
f 3560 3496 3495
f 3560 3519 3496
f 3385 3338 3337
f 3384 3385 3337
f 3361 3331 3360
f 3361 3332 3331
f 3308 3280 3307
f 3308 3281 3280
f 3379 3357 3398
f 3379 3358 3357
f 3306 3329 3307
f 3330 3307 3329
f 2590 2591 2555
f 2592 2555 2591
f 2495 2555 2524
f 2523 2555 2495
f 2495 2524 2497
f 2495 2497 2496
f 2836 2868 2837
f 2836 2837 2805
f 14 30 15
f 14 29 30
f 29 46 30
f 47 30 46
f 192 165 191
f 164 191 165
f 164 163 191
f 190 191 163
f 117 138 118
f 139 118 138
f 84 65 83
f 64 83 65
f 47 46 65
f 64 65 46
f 121 122 103
f 123 103 122
f 142 122 121
f 142 143 122
f 120 140 141
f 120 119 140
f 3370 3348 3298
f 3370 3408 3348
f 3510 3487 3486
f 3510 3459 3487
f 548 582 549
f 583 549 582
f 461 518 519
f 461 460 518
f 611 575 610
f 611 576 575
f 855 885 856
f 884 885 855
f 675 616 614
f 614 616 615
f 486 485 512
f 511 512 485
f 271 272 247
f 248 247 272
f 290 289 316
f 315 316 289
f 104 105 90
f 91 90 105
f 104 125 126
f 127 104 126
f 202 225 226
f 202 226 249
f 466 494 495
f 524 495 494
f 524 580 495
f 580 548 495
f 548 549 495
f 496 495 549
f 94 108 95
f 108 109 95
f 300 383 301
f 355 301 383
f 921 863 862
f 895 863 921
f 861 862 863
f 861 863 830
f 471 470 526
f 471 526 527
f 1239 1271 1272
f 1239 1272 1189
f 1012 1011 1068
f 1011 1093 1068
f 948 889 888
f 948 949 889
f 1406 1372 1405
f 1468 1406 1405
f 1434 1403 1433
f 1370 1433 1403
f 1466 1403 1434
f 1466 1435 1403
f 1495 1467 1524
f 1494 1524 1467
f 1466 1467 1435
f 1494 1467 1466
f 1495 1405 1467
f 1436 1467 1405
f 1014 958 957
f 958 900 957
f 624 623 653
f 652 653 623
f 529 528 556
f 555 556 528
f 401 400 402
f 425 402 400
f 403 402 426
f 425 426 402
f 215 214 238
f 238 214 237
f 213 236 214
f 237 214 236
f 339 340 312
f 339 312 311
f 311 312 286
f 286 312 287
f 264 286 265
f 286 287 265
f 563 598 564
f 599 564 598
f 1550 1551 1526
f 1550 1569 1551
f 1698 1572 1697
f 1645 1697 1572
f 1698 1529 1572
f 1471 1572 1529
f 1590 1614 1567
f 1590 1613 1614
f 1613 1637 1614
f 1638 1614 1637
f 1844 1843 1874
f 1903 1874 1843
f 1903 1843 1873
f 1842 1873 1843
f 1794 1843 1795
f 1794 1842 1843
f 1901 1933 1902
f 1901 1932 1933
f 1842 1841 1873
f 1820 1841 1842
f 1802 1727 1750
f 1803 1727 1802
f 1749 1727 1697
f 1749 1750 1727
f 1906 1935 1907
f 1934 1935 1906
f 1963 1964 1935
f 1934 1963 1935
f 1752 1804 1852
f 1752 1852 1805
f 2020 2018 2019
f 2020 1990 2018
f 1967 1966 2018
f 1967 2018 1990
f 2026 2135 2079
f 2055 2135 2026
f 1550 1617 1569
f 1595 1569 1617
f 1550 1525 1617
f 1525 1549 1617
f 1961 2014 2015
f 1961 1960 2014
f 2523 2495 2494
f 2523 2494 2522
f 2495 2496 2494
f 2496 2462 2494
f 1150 1180 1151
f 1181 1151 1180
f 1266 1299 1267
f 1266 1298 1299
f 1250 1249 1283
f 1314 1283 1249
f 1250 1200 1249
f 1250 1201 1200
f 1197 1195 1196
f 1197 1163 1195
f 3388 3405 3389
f 3367 3388 3389
f 3530 3507 3529
f 3530 3529 3550
f 3159 3241 3188
f 3242 3188 3241
f 3242 3264 3188
f 3264 3243 3188
f 3130 3214 3096
f 3161 3214 3130
f 3059 3025 2995
f 3024 3059 2995
f 2318 2380 2319
f 2348 2319 2380
f 2318 2319 2317
f 2289 2317 2319
f 2595 2594 2623
f 2622 2623 2594
f 2655 2656 2623
f 2622 2655 2623
f 2819 2789 2788
f 2819 2820 2789
f 2633 2605 2664
f 2694 2633 2664
f 2353 2352 2479
f 2353 2189 2352
f 1918 1997 1811
f 1859 1811 1997
f 1829 1857 1973
f 1857 1917 1973
f 1883 1882 1853
f 1912 1853 1882
f 1776 1753 1806
f 1826 1776 1806
f 1805 1852 1806
f 1883 1806 1852
f 1998 2058 2112
f 1944 1998 2112
f 2472 2473 2442
f 2472 2442 2471
f 2350 2323 2384
f 2383 2384 2323
f 3730 3719 3707
f 3718 3730 3707
f 3184 3185 3183
f 3152 3183 3185
f 3152 3122 3183
f 3122 3151 3183
f 3229 3201 3228
f 3229 3202 3201
f 3226 3277 3278
f 3226 3278 3256
f 3144 3145 3114
f 3115 3114 3145
f 3625 3586 3624
f 3625 3587 3586
f 3340 3315 3314
f 3340 3341 3315
f 3658 3675 3704
f 3704 3675 3687
f 3602 3601 3673
f 3602 3673 3619
f 2977 3009 2978
f 3010 2978 3009
f 3010 3011 2978
f 2979 2978 3011
f 3520 3470 3496
f 3471 3470 3520
f 3281 3258 3280
f 3257 3280 3258
f 3257 3258 3227
f 3230 3227 3258
f 3229 3228 3227
f 3229 3227 3230
f 3226 3256 3227
f 3257 3227 3256
f 3311 3310 3334
f 3311 3334 3335
f 3398 3416 3399
f 3398 3397 3416
f 3540 3491 3539
f 3518 3539 3491
f 2499 2498 2526
f 2527 2499 2526
f 2770 2739 2801
f 2770 2801 2802
f 3052 3053 3018
f 3053 3019 3018
f 2987 2986 3018
f 2987 3018 3019
f 189 162 161
f 189 161 188
f 61 62 44
f 43 61 44
f 142 166 143
f 142 165 166
f 192 166 165
f 192 193 166
f 3298 3348 3299
f 3267 3298 3299
f 3267 3299 3191
f 3191 3299 3216
f 3268 3245 3299
f 3268 3299 3349
f 3484 3507 3455
f 3485 3455 3507
f 3487 3412 3458
f 3393 3458 3412
f 887 946 947
f 887 886 946
f 763 796 764
f 797 764 796
f 825 826 795
f 795 826 796
f 761 762 704
f 737 704 762
f 615 616 642
f 581 615 642
f 516 489 515
f 516 490 489
f 669 701 730
f 669 668 701
f 375 376 345
f 377 376 375
f 320 346 347
f 321 320 347
f 269 292 270
f 291 292 269
f 148 128 147
f 148 129 128
f 202 175 200
f 202 200 201
f 97 79 78
f 96 97 78
f 437 383 382
f 436 437 382
f 276 298 326
f 297 298 276
f 297 296 298
f 296 351 298
f 648 708 709
f 770 709 708
f 1215 1183 1214
f 1182 1214 1183
f 829 828 859
f 858 859 828
f 1404 1340 1339
f 1309 1339 1340
f 1370 1337 1433
f 1369 1433 1337
f 1336 1369 1337
f 1336 1337 1307
f 1012 956 1011
f 955 1011 956
f 921 862 920
f 862 894 920
f 283 335 308
f 283 308 284
f 392 393 364
f 363 392 364
f 486 453 485
f 485 453 452
f 422 453 423
f 422 452 453
f 450 451 396
f 450 396 395
f 366 395 396
f 366 396 367
f 401 402 371
f 372 371 402
f 372 343 371
f 343 342 371
f 343 314 342
f 315 314 343
f 563 597 598
f 563 562 597
f 594 595 559
f 560 559 595
f 634 663 635
f 635 663 664
f 635 664 636
f 665 636 664
f 1015 1071 1039
f 983 1015 1039
f 1499 1470 1498
f 1499 1498 1571
f 2376 2375 2407
f 2376 2407 2408
f 2374 2313 2344
f 2312 2344 2313
f 2230 2206 2229
f 2205 2229 2206
f 2227 2253 2254
f 2227 2254 2228
f 2159 2157 2158
f 2159 2131 2157
f 2203 2158 2202
f 2158 2156 2202
f 1692 1691 1743
f 1744 1692 1743
f 1722 1743 1690
f 1691 1690 1743
f 1799 1744 1743
f 1799 1743 1798
f 1796 1797 1742
f 1796 1742 1741
f 1905 1876 1875
f 1905 1906 1876
f 1906 1907 1876
f 1907 1878 1876
f 1912 1882 1911
f 1882 1910 1911
f 1545 1591 1547
f 1545 1547 1546
f 2637 2610 2609
f 2637 2638 2610
f 2248 2224 2247
f 2248 2247 2277
f 2043 1989 2013
f 1988 2013 1989
f 2172 2216 2173
f 2193 2173 2216
f 2172 2173 2171
f 2148 2171 2173
f 2175 2149 2173
f 2148 2173 2149
f 1894 1895 1866
f 1867 1866 1895
f 1950 1925 1895
f 1950 1895 1894
f 1413 1414 1381
f 1382 1381 1414
f 1624 1601 1623
f 1622 1623 1601
f 1631 1582 1581
f 1631 1581 1609
f 1321 1350 1351
f 1321 1320 1350
f 1686 1685 1718
f 1717 1718 1685
f 1659 1685 1660
f 1686 1660 1685
f 1737 1767 1738
f 1768 1738 1767
f 1516 1541 1542
f 1516 1542 1517
f 1590 1567 1542
f 1543 1542 1567
f 1518 1542 1543
f 1518 1517 1542
f 1541 1589 1542
f 1590 1542 1589
f 1635 1589 1588
f 1635 1636 1589
f 1518 1489 1517
f 1518 1490 1489
f 1513 1514 1484
f 1485 1484 1514
f 1485 1455 1484
f 1454 1484 1455
f 1360 1359 1392
f 1393 1360 1392
f 1361 1328 1327
f 1361 1327 1360
f 1485 1514 1486
f 1515 1486 1514
f 1231 1260 1230
f 1231 1210 1260
f 1023 1048 1080
f 1023 1080 1049
f 3507 3506 3529
f 3484 3506 3507
f 3029 3063 3064
f 3095 3064 3063
f 2960 2961 2929
f 2960 2929 2896
f 2930 2962 2998
f 2930 2898 2962
f 2998 2962 3027
f 2997 3027 2962
f 2997 3026 3027
f 3062 3027 3026
f 3061 3092 3026
f 3062 3026 3092
f 2379 2412 2380
f 2379 2411 2412
f 2814 2783 2813
f 2813 2783 2782
f 2813 2846 2847
f 2814 2813 2847
f 2538 2567 2601
f 2538 2601 2603
f 1917 2025 1973
f 1917 1995 2025
f 1701 1827 1728
f 1808 1728 1827
f 1854 1914 1827
f 1854 1827 1807
f 1701 1755 1827
f 1807 1827 1755
f 1940 1970 1885
f 1941 1885 1970
f 2565 2535 2534
f 2536 2535 2565
f 3659 3692 3677
f 3691 3692 3659
f 3729 3692 3690
f 3691 3690 3692
f 3718 3707 3692
f 3718 3692 3729
f 3233 3260 3234
f 3287 3234 3260
f 3124 3057 3089
f 3124 3089 3123
f 3088 3087 3089
f 3122 3089 3087
f 3584 3585 3563
f 3564 3563 3585
f 3111 3078 3077
f 3111 3077 3110
f 2942 2941 2940
f 2942 2940 2979
f 2902 2903 2870
f 2870 2903 2871
f 2870 2871 2838
f 2870 2838 2837
f 3584 3583 3604
f 3605 3584 3604
f 3397 3396 3395
f 3397 3395 3415
f 2645 2646 2613
f 2645 2678 2646
f 2678 2679 2646
f 2647 2646 2679
f 2584 2519 2518
f 2583 2584 2518
f 2520 2490 2489
f 2520 2489 2519
f 2457 2489 2456
f 2458 2456 2489
f 2744 2746 2714
f 2744 2745 2746
f 2744 2775 2745
f 2745 2775 2776
f 2907 2908 2874
f 2875 2874 2908
f 2977 2909 2939
f 2910 2909 2977
f 192 219 193
f 218 219 192
f 218 241 219
f 241 242 219
f 287 266 265
f 288 266 287
f 348 347 379
f 378 379 347
f 378 430 379
f 430 431 379
f 457 491 458
f 457 490 491
f 374 404 375
f 374 403 404
f 427 428 404
f 405 404 428
f 513 540 571
f 513 571 541
f 671 608 640
f 607 640 608
f 789 790 731
f 789 731 730
f 791 732 731
f 791 731 790
f 732 672 731
f 672 671 731
f 1061 1002 1001
f 1061 1001 1060
f 1059 1001 1000
f 1059 1060 1001
f 1002 947 1001
f 947 946 1001
f 463 521 464
f 463 520 521
f 522 523 521
f 493 521 523
f 245 222 221
f 245 221 244
f 222 196 221
f 196 195 221
f 196 169 195
f 168 195 169
f 1273 1305 1241
f 1274 1241 1305
f 1240 1273 1241
f 1240 1241 1217
f 1397 1364 1396
f 1397 1365 1364
f 1062 1151 1063
f 1151 1120 1063
f 1005 1004 1063
f 1062 1063 1004
f 1121 1063 1120
f 1121 1064 1063
f 1005 1063 1006
f 1006 1063 1064
f 1122 1121 1184
f 1121 1183 1184
f 800 799 860
f 861 800 860
f 861 860 862
f 862 860 894
f 366 367 336
f 337 336 367
f 337 309 336
f 309 308 336
f 366 365 395
f 395 365 394
f 598 597 630
f 631 598 630
f 1526 1551 1527
f 1497 1526 1527
f 1438 1527 1408
f 1497 1527 1438
f 1470 1527 1498
f 1408 1527 1470
f 2375 2406 2407
f 2374 2406 2375
f 2312 2313 2282
f 2313 2283 2282
f 2252 2282 2253
f 2252 2281 2282
f 2284 2255 2254
f 2284 2285 2255
f 2286 2255 2285
f 2286 2256 2255
f 2346 2315 2345
f 2314 2345 2315
f 2156 2180 2202
f 2155 2180 2156
f 2155 2156 2130
f 2155 2130 2129
f 2158 2157 2130
f 2158 2130 2156
f 1741 1742 1721
f 1720 1741 1721
f 1722 1690 1721
f 1689 1721 1690
f 1692 1639 1691
f 1638 1691 1639
f 1693 1639 1692
f 1693 1640 1639
f 1667 1695 1725
f 1696 1667 1725
f 1967 1936 1966
f 1965 1966 1936
f 1908 1909 1881
f 1910 1881 1909
f 1849 1879 1880
f 1850 1849 1880
f 2172 2215 2216
f 2172 2192 2215
f 2072 2071 2127
f 2128 2072 2127
f 1986 2011 1957
f 1987 1957 2011
f 1958 1957 1987
f 1958 1929 1957
f 1899 1898 1929
f 1928 1929 1898
f 2341 2369 2402
f 2370 2341 2402
f 2462 2431 2461
f 2400 2461 2431
f 2366 2365 2397
f 2366 2397 2398
f 2242 2270 2271
f 2242 2241 2270
f 1894 1866 1893
f 1865 1893 1866
f 2144 2190 2191
f 2145 2144 2191
f 2062 2064 2036
f 2037 2036 2064
f 2001 1978 2000
f 2031 2001 2000
f 1441 1379 1472
f 1441 1380 1379
f 1476 1477 1416
f 1446 1416 1477
f 1583 1563 1537
f 1583 1537 1562
f 1351 1384 1385
f 1418 1385 1384
f 1353 1352 1387
f 1354 1353 1387
f 1513 1538 1514
f 1514 1538 1539
f 1587 1538 1565
f 1587 1539 1538
f 1682 1713 1714
f 1682 1681 1713
f 1735 1766 1736
f 1790 1736 1766
f 1263 1296 1264
f 1297 1264 1296
f 1295 1294 1326
f 1325 1326 1294
f 1361 1329 1328
f 1361 1362 1329
f 1300 1299 1329
f 1300 1329 1330
f 1393 1455 1456
f 1393 1456 1394
f 1485 1456 1455
f 1485 1486 1456
f 1232 1233 1179
f 1178 1232 1179
f 1231 1230 1262
f 1231 1262 1232
f 1295 1262 1294
f 1295 1296 1262
f 1263 1264 1234
f 1263 1234 1233
f 1023 1049 1024
f 1049 1025 1024
f 1201 1202 1200
f 1166 1200 1202
f 1137 1165 1138
f 1166 1138 1165
f 1137 1138 1104
f 1105 1104 1138
f 2794 2764 2793
f 2763 2793 2764
f 2856 2793 2823
f 2856 2824 2793
f 2794 2793 2825
f 2824 2825 2793
f 2794 2700 2764
f 2794 2765 2700
f 2797 2827 2858
f 2766 2827 2797
f 2831 2861 2928
f 2831 2928 2895
f 2959 2928 2927
f 2959 2895 2928
f 2828 2860 2829
f 2893 2829 2860
f 2893 2927 2829
f 2894 2829 2927
f 2530 2502 2529
f 2501 2529 2502
f 2531 2502 2530
f 2531 2503 2502
f 2595 2560 2594
f 2559 2594 2560
f 2559 2560 2528
f 2528 2560 2529
f 2684 2683 2718
f 2719 2684 2718
f 2916 2882 2915
f 2916 2883 2882
f 2763 2792 2793
f 2823 2793 2792
f 1943 1996 2027
f 1943 1858 1996
f 1918 1943 2056
f 1943 2027 2056
f 2055 2026 2024
f 2026 2025 2024
f 1701 1647 1755
f 1621 1755 1647
f 1940 1939 1938
f 1940 1938 1969
f 2383 2413 2384
f 2383 2382 2413
f 3179 3205 3180
f 3204 3205 3179
f 3056 3021 3055
f 3056 3055 3087
f 3086 3087 3055
f 3086 3055 3054
f 3118 3082 3117
f 3118 3083 3082
f 3050 3051 3016
f 3017 3016 3051
f 3083 3051 3050
f 3083 3084 3051
f 3201 3176 3175
f 3200 3201 3175
f 2945 2983 2947
f 2981 2983 2945
f 2914 2946 2915
f 2914 2945 2946
f 2907 2938 2908
f 2976 2908 2938
f 3005 3006 2972
f 2972 3006 2973
f 2972 2973 2937
f 2971 2972 2937
f 3042 3040 3077
f 3076 3077 3040
f 3074 3038 3073
f 3037 3073 3038
f 3037 3038 3006
f 3007 3006 3038
f 3171 3107 3106
f 3170 3171 3106
f 3074 3073 3106
f 3074 3106 3107
f 3442 3462 3463
f 3442 3463 3417
f 2971 2937 2904
f 2905 2904 2937
f 2647 2614 2646
f 2647 2615 2614
f 2615 2648 2614
f 2586 2614 2648
f 434 380 433
f 381 380 434
f 671 670 731
f 669 731 670
f 127 126 145
f 127 145 146
f 168 169 145
f 168 145 144
f 177 153 152
f 177 178 153
f 1072 1157 1098
f 1072 1097 1157
f 1276 1243 1307
f 1276 1218 1243
f 1218 1157 1243
f 1192 1243 1157
f 1461 1429 1428
f 1461 1428 1460
f 1397 1428 1398
f 1398 1428 1429
f 1397 1396 1428
f 1396 1427 1428
f 921 920 922
f 952 922 920
f 1301 1270 1269
f 1300 1301 1269
f 1268 1236 1235
f 1267 1268 1235
f 1215 1214 1235
f 1215 1235 1236
f 1519 1520 1521
f 1519 1521 1492
f 1465 1463 1464
f 1465 1432 1463
f 806 838 837
f 901 838 806
f 684 714 715
f 684 715 685
f 657 690 691
f 657 691 658
f 2185 2165 2208
f 2139 2165 2185
f 2251 2202 2201
f 2251 2201 2200
f 2298 2333 2299
f 2334 2299 2333
f 2175 2174 2176
f 2195 2176 2174
f 2335 2363 2336
f 2362 2363 2335
f 2454 2453 2483
f 2452 2483 2453
f 2421 2359 2358
f 2421 2358 2357
f 2126 2099 2125
f 2126 2100 2099
f 1984 1955 1954
f 1984 1985 1955
f 1928 1898 1927
f 1898 1897 1927
f 2148 2120 2171
f 2119 2171 2120
f 2119 2120 2118
f 2118 2120 2094
f 1867 1835 1866
f 1867 1836 1835
f 2094 2063 2093
f 2064 2063 2094
f 2092 2117 2063
f 2117 2093 2063
f 1410 1377 1376
f 1410 1411 1377
f 1314 1316 1283
f 1314 1315 1316
f 1283 1316 1284
f 1317 1284 1316
f 1413 1443 1414
f 1414 1443 1444
f 1836 1787 1786
f 1836 1817 1787
f 1765 1734 1733
f 1765 1733 1764
f 1657 1684 1658
f 1657 1683 1684
f 1683 1715 1684
f 1716 1684 1715
f 1734 1712 1733
f 1711 1733 1712
f 1679 1712 1680
f 1679 1711 1712
f 1181 1180 1212
f 1181 1212 1213
f 1213 1212 1265
f 1234 1265 1212
f 1266 1267 1265
f 1267 1235 1265
f 1483 1453 1452
f 1482 1483 1452
f 1076 1045 1044
f 1075 1076 1044
f 1075 1044 1043
f 1075 1043 1101
f 993 970 992
f 991 992 970
f 2765 2450 2700
f 2607 2450 2765
f 2699 2450 2574
f 2699 2700 2450
f 2766 2796 2827
f 2766 2667 2796
f 2600 2598 2599
f 2565 2598 2600
f 2720 2752 2753
f 2721 2720 2753
f 2782 2783 2753
f 2782 2753 2752
f 2757 2727 2726
f 2757 2726 2756
f 2880 2913 2881
f 2914 2881 2913
f 2823 2792 2854
f 2823 2854 2855
f 1918 2028 1997
f 1918 2056 2028
f 1912 1938 1913
f 1912 1913 1884
f 1854 1913 1914
f 1914 1913 1939
f 2210 2140 2084
f 2210 2084 2185
f 2082 2139 2083
f 2082 2083 2029
f 2261 2186 2233
f 2261 2211 2186
f 2210 2233 2186
f 2210 2186 2166
f 2474 2507 2475
f 2506 2507 2474
f 3180 3205 3206
f 3180 3206 3181
f 3236 3206 3235
f 3236 3207 3206
f 3081 3048 3047
f 3081 3082 3048
f 2917 2948 2949
f 2917 2916 2948
f 3103 3104 3071
f 3136 3103 3071
f 3076 3040 3039
f 3076 3039 3075
f 3140 3173 3108
f 3140 3172 3173
f 458 491 492
f 459 458 492
f 895 921 923
f 921 922 923
f 1008 979 1007
f 1009 979 1008
f 1123 1067 1066
f 1124 1067 1123
f 845 813 812
f 781 812 813
f 2379 2410 2411
f 2379 2409 2410
f 2346 2345 2378
f 2376 2378 2345
f 2248 2225 2224
f 2224 2225 2199
f 2335 2336 2301
f 2335 2301 2300
f 2545 2516 2543
f 2545 2543 2544
f 2544 2543 2578
f 2542 2578 2543
f 2043 2013 2042
f 2069 2043 2042
f 2100 2042 2099
f 2069 2042 2100
f 2012 2042 2013
f 2012 2041 2042
f 2099 2042 2068
f 2041 2068 2042
f 1929 1956 1957
f 1928 1956 1929
f 1817 1837 1787
f 1818 1787 1837
f 2066 2067 2039
f 2040 2039 2067
f 2336 2363 2364
f 2337 2336 2364
f 1832 1861 1862
f 1832 1862 1863
f 1534 1558 1559
f 1534 1557 1558
f 1816 1815 1833
f 1784 1815 1816
f 1759 1761 1732
f 1759 1760 1761
f 1784 1816 1834
f 1784 1834 1785
f 1555 1600 1556
f 1601 1556 1600
f 1509 1508 1536
f 1509 1536 1537
f 1206 1172 1171
f 1206 1207 1172
f 1611 1585 1584
f 1612 1585 1611
f 1634 1587 1585
f 1587 1586 1585
f 2565 2534 2564
f 2534 2563 2564
f 2814 2847 2848
f 2814 2848 2815
f 2880 2881 2848
f 2880 2848 2847
f 2849 2848 2882
f 2882 2848 2881
f 3001 2935 2966
f 3001 2967 2935
f 2933 2966 2935
f 2933 2935 2934
f 2869 2867 2934
f 2869 2868 2867
f 2865 2901 2867
f 2866 2865 2867
f 2933 2934 2867
f 2933 2867 2901
f 1488 1458 1457
f 1488 1457 1487
f 932 933 907
f 968 933 932
f 2200 2201 2154
f 2200 2154 2225
f 2300 2301 2273
f 2272 2300 2273
f 2304 2246 2303
f 2275 2246 2304
f 2457 2487 2488
f 2517 2488 2487
f 2517 2487 2516
f 2486 2516 2487
f 2428 2396 2395
f 2427 2428 2395
f 1732 1710 1709
f 1732 1762 1710
f 1673 1705 1674
f 1729 1705 1673
f 1555 1556 1533
f 1532 1555 1533
f 1534 1533 1557
f 1557 1533 1556
f 929 962 963
f 930 929 963
f 1044 1019 1043
f 1018 1043 1019
f 3086 3085 3120
f 3121 3086 3120
f 3121 3120 3151
f 3151 3120 3150
f 1394 1425 1363
f 1362 1394 1363
f 1332 1331 1363
f 1332 1363 1364
f 2126 2153 2100
f 2100 2153 2127
f 2128 2127 2153
f 2128 2153 2154
f 2336 2302 2301
f 2337 2302 2336
f 1560 1606 1607
f 1560 1607 1535
f 1729 1731 1705
f 1729 1730 1731
f 1018 1019 985
f 986 985 1019
f 3148 3149 3119
f 3118 3148 3119
f 1557 1578 1558
f 1557 1577 1578
f 1576 1603 1577
f 1576 1602 1603
f 1651 1627 1626
f 1650 1651 1626
f 1650 1626 1649
f 1649 1626 1648
f 2875 2842 2874
f 2874 2842 2841
f 2808 2841 2842
f 2808 2842 2809
f 2780 2779 2810
f 2811 2780 2810
f 1604 1625 1626
f 1604 1603 1625
f 2844 2843 2877
f 2876 2877 2843

