ply
format ascii 1.0
comment Created by Open3D
element vertex 3366
property double x
property double y
property double z
property double nx
property double ny
property double nz
property uchar red
property uchar green
property uchar blue
end_header
-36 181 646 0.303494 -0.8446 -0.44107 180 111 96
-39 181 643 0.26659 -0.833852 -0.483343 177 105 91
-38 181 643 0.255836 -0.837602 -0.482671 178 106 92
-37 181 644 0.271867 -0.836914 -0.475041 180 113 97
-42 181 640 0.257739 -0.800063 -0.541728 174 102 90
-41 181 640 0.249429 -0.814495 -0.523817 174 102 90
-40 181 641 0.245345 -0.820551 -0.516238 174 102 90
-35 182 645 0.321214 -0.845495 -0.426567 185 118 102
-61 181 637 -0.194063 -0.70305 -0.684149 127 72 69
-48 181 637 0.2264 -0.834508 -0.502335 164 91 82
-44 181 639 0.276475 -0.79918 -0.533735 172 100 88
-43 181 639 0.267924 -0.811908 -0.518673 174 102 90
-36 182 642 0.261727 -0.850628 -0.455995 178 110 97
-69 181 636 -0.229508 -0.62717 -0.744301 97 57 58
-68 181 637 -0.227511 -0.636002 -0.737388 98 58 59
-67 181 636 -0.233437 -0.641781 -0.730495 98 58 58
-66 181 637 -0.230751 -0.631949 -0.739861 104 64 62
-65 181 636 -0.232119 -0.641269 -0.731365 107 66 62
-64 181 636 -0.23619 -0.652184 -0.720327 110 65 62
-63 181 636 -0.224591 -0.668526 -0.708965 115 67 63
-62 181 636 -0.209988 -0.682791 -0.699786 123 70 66
-60 181 636 -0.171111 -0.733739 -0.657532 132 73 69
-59 181 636 -0.164171 -0.766178 -0.621304 138 75 68
-58 181 636 -0.149806 -0.794266 -0.588812 137 74 67
-57 181 635 -0.119775 -0.830183 -0.544473 142 79 72
-56 181 635 -0.0976893 -0.84835 -0.520345 143 80 73
-55 181 635 -0.0680129 -0.868125 -0.491664 147 83 74
-54 181 635 -0.036194 -0.884262 -0.465586 145 81 72
-53 181 635 0.00807465 -0.897129 -0.441694 148 81 73
-52 181 636 0.0424719 -0.907119 -0.418725 150 82 73
-51 181 636 0.0857887 -0.897614 -0.432353 153 85 76
-50 181 636 0.13413 -0.887756 -0.440338 157 87 79
-49 181 636 0.179103 -0.870177 -0.459035 158 88 80
-47 181 637 0.256357 -0.820087 -0.511604 165 93 81
-46 181 637 0.272022 -0.803806 -0.529055 170 98 86
-45 181 637 0.281461 -0.793905 -0.538975 172 100 88
-38 182 640 0.225791 -0.828465 -0.512508 181 111 99
-37 182 640 0.215073 -0.831928 -0.511507 178 110 97
-46 182 636 0.286767 -0.793949 -0.536107 164 94 82
-45 182 636 0.287427 -0.791938 -0.538721 168 98 86
-44 182 637 0.279389 -0.786294 -0.551075 174 104 92
-43 182 637 0.274952 -0.771968 -0.573121 172 102 90
-42 182 638 0.26233 -0.780509 -0.567441 174 104 92
-41 182 638 0.242737 -0.802622 -0.544864 174 104 92
-40 182 638 0.228772 -0.80385 -0.54908 174 104 92
-39 182 638 0.207264 -0.814273 -0.542218 176 106 94
-34 183 641 0.2936 -0.851195 -0.435047 186 119 103
-32 184 645 0.338388 -0.846465 -0.411085 186 121 103
-69 182 636 -0.2259 -0.626314 -0.746123 97 58 59
-68 182 636 -0.232108 -0.639425 -0.732982 97 58 59
-67 182 636 -0.235233 -0.637299 -0.733836 99 61 60
-66 182 636 -0.23664 -0.6443 -0.727241 101 61 59
-65 182 635 -0.242028 -0.642561 -0.727006 104 63 61
-64 182 636 -0.234574 -0.651376 -0.721585 111 66 63
-63 182 635 -0.233863 -0.660409 -0.71356 117 66 63
-62 182 635 -0.2143 -0.684007 -0.697287 121 70 66
-61 182 636 -0.204954 -0.693841 -0.690347 125 70 67
-60 182 635 -0.193284 -0.743557 -0.640129 130 70 69
-59 182 635 -0.179912 -0.769352 -0.612967 133 74 68
-58 182 635 -0.154522 -0.789811 -0.593566 137 76 71
-49 182 635 0.197381 -0.85928 -0.471888 158 88 80
-48 182 635 0.240242 -0.836204 -0.492998 161 91 79
-47 182 635 0.272988 -0.81813 -0.506104 162 92 80
-42 183 637 0.25519 -0.768687 -0.586514 174 104 92
-41 183 638 0.223743 -0.779151 -0.585545 174 106 93
-40 183 638 0.218075 -0.809374 -0.545304 175 108 92
-39 183 638 0.20672 -0.812272 -0.545418 178 111 95
-38 183 638 0.181566 -0.82091 -0.541425 181 114 98
-37 183 638 0.192614 -0.834179 -0.516764 181 114 97
-36 183 638 0.189435 -0.83003 -0.524561 180 113 96
-35 183 639 0.218382 -0.841202 -0.494661 181 114 97
-69 183 636 -0.228144 -0.632017 -0.740611 96 55 59
-66 183 636 -0.235233 -0.637299 -0.733836 100 60 60
-65 183 635 -0.247655 -0.646138 -0.721923 103 61 62
-64 183 635 -0.241459 -0.645831 -0.724293 111 65 65
-63 183 635 -0.243585 -0.649924 -0.719906 113 65 61
-62 183 635 -0.22058 -0.674485 -0.704567 120 69 65
-61 183 635 -0.209475 -0.704253 -0.678342 125 70 67
-59 183 634 -0.195593 -0.772192 -0.604535 133 72 69
-57 182 633 -0.149244 -0.824433 -0.545927 140 77 72
-56 182 633 -0.128435 -0.843401 -0.521707 139 76 69
-55 182 633 -0.101336 -0.861526 -0.497498 138 73 67
-54 182 633 -0.0627166 -0.879039 -0.472607 138 73 67
-53 182 633 -0.0220493 -0.888708 -0.457942 141 76 70
-52 182 633 0.040361 -0.895502 -0.443223 153 86 78
-51 182 633 0.0839189 -0.89766 -0.432626 156 87 80
-50 182 633 0.145499 -0.885078 -0.442117 155 87 78
-48 183 634 0.258851 -0.840715 -0.475599 161 91 81
-46 183 635 0.298203 -0.800383 -0.52006 163 93 81
-45 183 635 0.309613 -0.77727 -0.547715 167 97 85
-44 183 636 0.307555 -0.763485 -0.567891 172 104 91
-43 183 636 0.279878 -0.764093 -0.581231 173 105 92
-33 184 639 0.264863 -0.856387 -0.443226 187 122 104
-68 183 635 -0.23132 -0.629976 -0.741364 98 59 60
-67 183 635 -0.237522 -0.64537 -0.726003 98 60 59
-65 184 635 -0.237441 -0.646836 -0.724724 103 61 62
-60 183 634 -0.211653 -0.743743 -0.634074 130 70 70
-58 183 633 -0.192983 -0.79368 -0.576913 139 78 73
-47 183 634 0.28977 -0.821625 -0.490883 162 92 82
-42 184 636 0.264913 -0.758206 -0.595772 175 108 92
-41 184 636 0.239002 -0.769621 -0.592082 177 110 94
-40 184 636 0.191401 -0.768618 -0.610404 177 110 94
-39 184 636 0.167668 -0.770097 -0.615498 178 111 95
-34 184 637 0.178758 -0.835554 -0.519515 185 120 102
-69 184 636 -0.241728 -0.614932 -0.750617 92 58 59
-68 184 635 -0.241435 -0.629084 -0.738893 94 58 60
-67 184 635 -0.242002 -0.631739 -0.736438 99 57 59
-66 184 635 -0.237522 -0.64537 -0.726003 101 59 61
-64 184 634 -0.24784 -0.655118 -0.71372 110 66 67
-63 184 634 -0.247342 -0.663666 -0.705953 108 67 63
-62 184 634 -0.242669 -0.687539 -0.684399 113 68 63
-61 184 634 -0.235642 -0.7203 -0.652412 118 69 65
-60 184 633 -0.237085 -0.754442 -0.612052 128 70 68
-57 183 632 -0.194917 -0.811642 -0.550677 142 77 71
-56 183 632 -0.153206 -0.837348 -0.524763 143 78 72
-55 183 632 -0.120467 -0.85433 -0.505576 144 79 73
-54 183 632 -0.0790988 -0.87261 -0.48197 142 77 71
-53 183 632 -0.0330019 -0.886033 -0.462446 143 79 70
-52 183 632 0.0287986 -0.888201 -0.458552 151 84 76
-51 183 632 0.0880456 -0.885099 -0.456999 153 86 78
-50 183 632 0.143552 -0.882769 -0.447338 154 85 78
-49 183 632 0.188632 -0.873791 -0.448227 160 91 84
-44 184 635 0.31827 -0.767449 -0.556531 173 105 94
-43 184 635 0.293048 -0.761858 -0.577663 175 107 96
-41 185 636 0.226841 -0.749101 -0.622408 178 111 95
-40 185 636 0.18583 -0.752436 -0.631908 176 111 93
-39 185 636 0.142094 -0.760969 -0.633037 180 117 100
-38 184 635 0.112898 -0.767093 -0.631524 182 119 102
-37 184 635 0.0861725 -0.755135 -0.649881 185 120 102
-36 184 635 0.0731871 -0.769544 -0.634386 182 117 99
-35 184 635 0.0685013 -0.783197 -0.617988 183 118 100
-31 185 639 0.346763 -0.854215 -0.387392 185 122 105
-28 187 645 0.449605 -0.830229 -0.329508 184 121 104
-69 185 636 -0.248357 -0.609256 -0.753078 92 58 57
-68 185 635 -0.248357 -0.609256 -0.753078 93 57 57
-67 185 634 -0.265176 -0.621892 -0.736839 99 57 59
-66 185 634 -0.256012 -0.625311 -0.737187 100 58 59
-65 185 634 -0.246867 -0.644484 -0.723669 105 61 62
-59 184 633 -0.227542 -0.768 -0.598666 132 73 69
-58 184 633 -0.208909 -0.789666 -0.576875 134 73 68
-47 184 632 0.29018 -0.846832 -0.445726 163 93 85
-46 184 633 0.317611 -0.817616 -0.480236 162 92 82
-45 184 633 0.326715 -0.7948 -0.51142 167 97 85
-43 185 635 0.299873 -0.755227 -0.582845 177 109 96
-42 185 635 0.262439 -0.74991 -0.607257 177 111 97
-38 185 635 0.100458 -0.748155 -0.655876 183 118 100
-37 185 635 0.065061 -0.767708 -0.637489 185 120 102
-32 185 636 0.228607 -0.841456 -0.489582 187 124 106
-30 186 639 0.377669 -0.849136 -0.369234 187 124 106
-64 185 633 -0.254567 -0.653311 -0.713008 107 63 60
-63 185 633 -0.283708 -0.668457 -0.687514 109 66 60
-62 185 633 -0.264446 -0.692442 -0.671261 110 65 60
-61 185 633 -0.273748 -0.727277 -0.629389 116 67 62
-60 185 633 -0.261084 -0.744269 -0.614735 124 71 67
-59 185 632 -0.257089 -0.769214 -0.584992 130 72 68
-57 184 631 -0.219896 -0.807196 -0.547796 133 72 69
-56 184 631 -0.191628 -0.825521 -0.530843 134 73 68
-55 184 630 -0.190764 -0.833396 -0.518711 137 74 69
-54 184 630 -0.12906 -0.856736 -0.499346 139 76 71
-53 184 630 -0.0689072 -0.875367 -0.478523 145 80 74
-52 184 630 -0.00919865 -0.879466 -0.475872 146 81 75
-51 184 630 0.0466576 -0.883389 -0.466312 149 82 76
-50 184 630 0.111454 -0.885349 -0.451371 151 84 76
-49 184 631 0.19135 -0.878461 -0.437826 160 91 84
-48 184 631 0.237457 -0.868529 -0.435053 158 90 79
-44 185 634 0.335058 -0.762707 -0.553185 175 107 94
-42 186 635 0.275356 -0.75315 -0.597447 180 113 97
-41 186 635 0.220585 -0.741434 -0.633733 177 110 93
-40 186 635 0.161457 -0.741264 -0.651505 176 111 93
-38 186 635 0.0867794 -0.741112 -0.66575 181 116 98
-36 185 634 0.0394698 -0.770469 -0.636255 181 119 98
-35 185 634 0.0376387 -0.777254 -0.628061 183 121 100
-34 185 634 0.0748077 -0.800911 -0.594092 186 123 105
-33 185 634 0.106545 -0.815458 -0.568925 188 125 107
-31 186 636 0.275068 -0.844054 -0.460338 189 126 108
-29 187 640 0.418284 -0.836495 -0.353998 189 126 108
-69 186 635 -0.267381 -0.59894 -0.754836 92 58 57
-68 186 634 -0.272098 -0.595174 -0.756128 96 57 58
-45 185 632 0.362412 -0.803322 -0.47258 165 97 84
-39 186 635 0.110517 -0.737951 -0.665743 173 106 90
-37 186 634 0.0258657 -0.755424 -0.654726 182 119 101
-27 188 642 0.478433 -0.816381 -0.323456 187 124 107
-67 186 633 -0.299416 -0.598005 -0.743465 98 58 58
-66 186 633 -0.286292 -0.60861 -0.740021 100 58 59
-65 186 633 -0.284232 -0.614626 -0.735831 102 61 59
-64 186 632 -0.328713 -0.647119 -0.687884 104 63 59
-58 185 630 -0.278145 -0.779221 -0.561649 133 74 70
-57 185 630 -0.249745 -0.805365 -0.537601 132 73 69
-56 185 629 -0.242044 -0.812356 -0.530558 130 69 64
-55 185 629 -0.205956 -0.825586 -0.525347 131 70 65
-52 185 628 -0.0453915 -0.87543 -0.48121 144 80 71
-49 185 629 0.148668 -0.889035 -0.433031 158 91 82
-48 185 629 0.221749 -0.880542 -0.418895 158 90 79
-47 185 630 0.282619 -0.856368 -0.432157 160 90 80
-46 185 630 0.335773 -0.840206 -0.425805 164 96 83
-43 186 633 0.337074 -0.774339 -0.535519 179 111 98
-40 187 635 0.154334 -0.744959 -0.649013 174 108 92
-39 187 635 0.101363 -0.753819 -0.649217 169 103 87
-36 186 633 0.00834465 -0.761526 -0.64808 183 117 101
-35 186 633 0.0149074 -0.778982 -0.626869 186 120 104
-34 186 633 0.0376125 -0.787351 -0.615356 190 124 108
-33 186 633 0.0797005 -0.80653 -0.585796 192 126 110
-32 186 633 0.142212 -0.825168 -0.546693 192 126 110
-30 187 636 0.355976 -0.840309 -0.408855 188 125 108
-69 187 634 -0.316764 -0.585131 -0.746514 92 58 57
-68 187 634 -0.316764 -0.585131 -0.746514 97 58 59
-67 187 633 -0.329278 -0.577833 -0.746783 99 59 59
-63 186 631 -0.351281 -0.662304 -0.661782 107 64 58
-62 186 631 -0.345361 -0.686056 -0.640354 110 65 60
-61 186 631 -0.330659 -0.701299 -0.631541 113 65 61
-55 186 628 -0.237112 -0.812544 -0.532494 133 72 67
-54 185 627 -0.175618 -0.836132 -0.519655 142 79 72
-53 185 627 -0.131193 -0.849321 -0.511314 143 80 73
-51 185 627 -0.00802052 -0.879435 -0.475951 143 79 70
-50 185 627 0.0447407 -0.88717 -0.459269 144 80 71
-45 186 630 0.381863 -0.827158 -0.412299 161 93 82
-44 186 631 0.38575 -0.801583 -0.456795 175 107 94
-41 187 634 0.249029 -0.754769 -0.606884 183 117 101
-39 188 635 0.0921009 -0.746393 -0.659101 168 102 86
-38 187 634 0.0387953 -0.741986 -0.669292 173 108 90
-37 187 634 0.0152094 -0.750696 -0.660473 179 114 96
-36 187 633 -0.000573763 -0.76509 -0.643923 186 120 104
-35 187 633 0.00416073 -0.776387 -0.630243 188 122 106
-34 187 632 0.000305875 -0.781905 -0.623397 190 124 108
-33 187 632 0.0260764 -0.80033 -0.598992 192 126 110
-32 187 632 0.104575 -0.815972 -0.568554 192 126 110
-31 187 634 0.221216 -0.830511 -0.511189 192 126 110
-28 188 637 0.444279 -0.823594 -0.352575 190 127 112
-26 189 640 0.530985 -0.792512 -0.299967 191 125 109
-69 188 634 -0.322777 -0.583707 -0.745051 93 59 58
-66 187 632 -0.3414 -0.589689 -0.731924 101 60 56
-65 187 632 -0.366011 -0.595181 -0.715399 101 60 56
-64 187 632 -0.360791 -0.619678 -0.697014 100 59 53
-60 186 629 -0.372315 -0.707963 -0.600142 118 68 61
-59 186 629 -0.362657 -0.730908 -0.578146 124 69 64
-58 186 628 -0.349781 -0.739628 -0.574982 133 74 70
-57 186 628 -0.315924 -0.766342 -0.559385 135 76 70
-56 186 628 -0.279249 -0.789494 -0.546552 132 73 67
-53 186 626 -0.170148 -0.838946 -0.516932 142 79 72
-51 186 626 -0.0387341 -0.87482 -0.482898 140 77 70
-47 186 628 0.269999 -0.879549 -0.391783 160 90 80
-46 186 628 0.295306 -0.868409 -0.398322 166 96 86
-43 187 631 0.37967 -0.810259 -0.446465 181 112 97
-42 187 632 0.328645 -0.782071 -0.529488 183 116 100
-38 188 634 0.0173723 -0.737875 -0.674714 168 103 83
-37 188 634 0.00879453 -0.75275 -0.658248 174 109 91
-36 188 633 -0.010117 -0.76772 -0.640706 187 121 105
-29 188 635 0.408578 -0.82578 -0.388783 191 128 111
-27 189 638 0.500167 -0.803529 -0.322761 191 128 111
-25 190 641 0.56386 -0.774573 -0.286527 194 131 114
-24 190 642 0.608478 -0.757237 -0.237373 193 130 113
-68 188 633 -0.341244 -0.57453 -0.743955 93 59 57
-67 188 632 -0.35736 -0.570508 -0.739469 98 58 58
-63 187 630 -0.403687 -0.633114 -0.660458 102 61 55
-62 187 629 -0.408678 -0.649994 -0.640695 114 66 62
-61 187 629 -0.402163 -0.667414 -0.626757 115 68 62
-60 187 629 -0.397522 -0.682914 -0.612866 117 67 60
-59 187 628 -0.40235 -0.697863 -0.592538 123 68 63
-54 186 626 -0.236608 -0.816315 -0.526922 139 78 73
-52 186 626 -0.0983325 -0.864876 -0.492261 134 73 68
-50 186 625 -0.00748984 -0.891399 -0.453157 132 72 64
-49 186 626 0.0718967 -0.890887 -0.448498 138 75 68
-48 186 626 0.15319 -0.894684 -0.419612 145 81 72
-44 187 629 0.404883 -0.831347 -0.380699 163 95 82
-40 188 632 0.226147 -0.799685 -0.556203 189 124 106
-38 189 634 0.0259625 -0.748598 -0.662516 165 100 80
-35 188 632 -0.0260694 -0.75776 -0.652012 186 123 106
-34 188 631 -0.0268995 -0.765905 -0.642391 191 128 111
-31 188 631 0.129369 -0.794933 -0.592744 192 129 111
-30 188 632 0.25853 -0.823532 -0.504932 193 130 113
-68 189 633 -0.371896 -0.550239 -0.747616 95 59 59
-67 189 632 -0.4079 -0.547659 -0.730539 100 58 59
-66 188 631 -0.403432 -0.56843 -0.717029 102 57 54
-65 188 631 -0.406435 -0.57824 -0.707424 102 57 54
-61 188 628 -0.441141 -0.619969 -0.64887 114 65 58
-58 187 627 -0.390205 -0.705811 -0.591245 125 67 63
-57 187 627 -0.350404 -0.739154 -0.575212 131 72 66
-56 187 626 -0.332216 -0.758026 -0.561275 136 75 72
-45 187 627 0.339182 -0.865754 -0.368003 165 95 83
-42 188 630 0.370891 -0.815745 -0.443847 181 115 99
-41 188 631 0.311832 -0.811879 -0.493572 190 124 108
-39 189 633 0.0651164 -0.752494 -0.655372 177 114 97
-37 189 633 -0.0455944 -0.743495 -0.667185 168 103 85
-33 188 630 -0.0262619 -0.756149 -0.653873 193 130 112
-32 188 630 0.00730603 -0.763742 -0.64548 191 128 110
-28 189 634 0.442267 -0.81012 -0.384844 193 132 114
-66 189 631 -0.431385 -0.548251 -0.716469 103 57 57
-65 189 630 -0.443451 -0.543184 -0.712953 104 56 54
-64 188 629 -0.459637 -0.560782 -0.688663 106 58 54
-63 188 628 -0.466508 -0.565819 -0.679867 107 59 55
-62 188 628 -0.451547 -0.602735 -0.657887 113 64 59
-60 188 627 -0.458325 -0.617986 -0.638773 116 66 59
-59 188 627 -0.450481 -0.648274 -0.613847 120 67 61
-55 187 625 -0.316316 -0.775011 -0.547086 125 68 61
-54 187 624 -0.277411 -0.801363 -0.529962 117 62 57
-53 187 624 -0.214575 -0.833521 -0.509117 113 62 58
-52 187 624 -0.163994 -0.857039 -0.488458 112 58 56
-51 187 624 -0.0857349 -0.877128 -0.472542 115 62 58
-50 187 624 -0.0330774 -0.886216 -0.46209 133 74 66
-49 187 624 0.0220784 -0.892289 -0.450925 141 78 69
-48 187 624 0.101813 -0.902979 -0.417448 153 85 74
-47 187 625 0.205075 -0.895613 -0.394741 161 91 79
-46 187 625 0.235216 -0.894893 -0.379263 166 96 84
-40 189 631 0.232214 -0.802443 -0.549692 191 125 109
-36 189 632 -0.0537503 -0.745561 -0.664266 180 115 97
-35 189 631 -0.0648167 -0.733201 -0.676915 190 125 107
-34 189 631 -0.0394028 -0.749505 -0.660825 190 127 110
-32 189 629 0.0166511 -0.749375 -0.661937 193 128 110
-30 189 631 0.243588 -0.810775 -0.532268 194 131 114
-29 189 631 0.299252 -0.7969 -0.524784 193 130 113
-26 190 635 0.528299 -0.783629 -0.326843 192 129 114
-24 191 638 0.611116 -0.745071 -0.267221 195 132 115
-67 190 631 -0.43403 -0.525246 -0.731939 98 57 55
-64 189 629 -0.47077 -0.538086 -0.69917 107 59 55
-63 189 628 -0.494297 -0.517289 -0.698629 107 59 55
-60 189 627 -0.486493 -0.571213 -0.66109 116 66 59
-58 188 626 -0.43367 -0.656684 -0.617006 123 72 68
-57 188 626 -0.403173 -0.694391 -0.596047 127 74 68
-56 188 625 -0.376634 -0.730539 -0.569614 126 73 65
-44 188 626 0.371079 -0.867576 -0.331078 165 97 84
-43 188 626 0.409567 -0.855893 -0.315757 162 94 81
-41 189 629 0.362097 -0.835924 -0.412453 189 123 107
-38 190 632 -0.0112127 -0.740184 -0.672311 153 87 71
-37 190 632 -0.0682778 -0.725356 -0.684979 153 88 70
-36 190 632 -0.0609334 -0.740482 -0.669309 177 112 94
-33 189 629 -0.0445052 -0.750749 -0.659087 193 128 110
-31 189 629 0.0545042 -0.763486 -0.643521 195 129 113
-29 190 630 0.304484 -0.779869 -0.546895 193 130 115
-28 190 632 0.409368 -0.800189 -0.43831 193 130 115
-27 190 633 0.468359 -0.799104 -0.376925 192 129 114
-68 190 631 -0.464785 -0.492275 -0.735962 91 56 54
-66 190 630 -0.473419 -0.505425 -0.721402 100 56 55
-63 190 628 -0.510776 -0.490898 -0.705781 106 58 54
-62 189 627 -0.496007 -0.526593 -0.690418 109 61 57
-61 189 627 -0.490335 -0.560016 -0.667798 112 63 58
-55 188 624 -0.348093 -0.764556 -0.542481 131 74 67
-54 188 623 -0.314751 -0.788272 -0.528733 125 70 63
-53 188 623 -0.245993 -0.827057 -0.505435 122 67 64
-46 188 624 0.220706 -0.900691 -0.374225 165 95 83
-45 188 624 0.264853 -0.895073 -0.358745 169 99 87
-37 191 631 -0.072169 -0.725586 -0.684337 142 77 57
-36 191 631 -0.095182 -0.716131 -0.691445 172 107 89
-35 190 630 -0.0859616 -0.728472 -0.679661 185 120 102
-34 190 630 -0.0473306 -0.740599 -0.670278 186 121 103
-33 190 629 -0.0512787 -0.737732 -0.673143 194 129 111
-32 190 628 -0.0330925 -0.722583 -0.690491 193 128 110
-31 190 628 0.0515681 -0.740372 -0.670217 196 130 114
-26 191 633 0.528172 -0.771218 -0.355326 196 133 116
-25 191 634 0.579628 -0.751205 -0.315788 197 134 117
-23 192 637 0.645224 -0.717189 -0.263297 199 136 119
-67 191 630 -0.493394 -0.471711 -0.730788 92 57 55
-65 190 629 -0.502245 -0.491273 -0.711619 100 56 55
-64 190 629 -0.49374 -0.498535 -0.712519 100 56 53
-62 190 627 -0.512302 -0.471305 -0.717926 106 61 56
-59 189 625 -0.505645 -0.590717 -0.62879 113 64 59
-58 189 625 -0.475918 -0.625104 -0.618665 115 65 58
-57 189 625 -0.449405 -0.665323 -0.596138 124 71 65
-56 189 624 -0.422871 -0.700197 -0.575242 127 72 67
-52 188 622 -0.205353 -0.847597 -0.489295 127 72 67
-51 188 622 -0.114624 -0.876687 -0.467206 134 77 70
-50 188 622 -0.0737946 -0.884335 -0.460984 137 78 70
-49 188 622 -0.00788805 -0.893158 -0.449674 149 82 73
-48 188 622 0.0533335 -0.896194 -0.440445 152 84 71
-47 188 622 0.102782 -0.896117 -0.431752 156 87 72
-42 189 625 0.42883 -0.84952 -0.307281 188 121 104
-40 190 628 0.363109 -0.829595 -0.424175 194 129 111
-39 190 628 0.311984 -0.823955 -0.473037 191 126 108
-30 190 628 0.0750964 -0.733837 -0.675162 195 132 115
-27 191 631 0.439553 -0.771947 -0.45923 196 133 118
-24 192 635 0.618447 -0.730262 -0.290242 200 137 120
-22 193 638 0.674083 -0.695719 -0.248168 202 139 122
-66 191 629 -0.517881 -0.463429 -0.71905 96 56 56
-65 191 629 -0.520339 -0.463771 -0.717053 97 57 57
-64 191 629 -0.52464 -0.464183 -0.713644 100 56 53
-63 191 628 -0.526189 -0.456081 -0.717715 101 57 54
-62 191 627 -0.52688 -0.456809 -0.716745 105 61 58
-61 190 626 -0.536777 -0.48896 -0.687597 108 65 59
-60 190 626 -0.527017 -0.530293 -0.664111 110 65 60
-58 190 624 -0.542205 -0.590421 -0.597843 117 67 58
-57 190 624 -0.501922 -0.637662 -0.584348 122 69 61
-55 189 623 -0.396691 -0.744658 -0.536768 130 72 68
-54 189 623 -0.34714 -0.777027 -0.525094 123 68 63
-52 189 621 -0.225748 -0.833771 -0.503849 123 70 64
-44 189 623 0.325549 -0.882098 -0.340471 177 108 92
-43 189 623 0.377652 -0.865809 -0.328258 172 105 88
-38 191 629 0.206556 -0.790685 -0.576327 195 130 110
-35 191 629 -0.11229 -0.702201 -0.703068 180 115 95
-34 191 629 -0.106699 -0.698551 -0.707561 185 120 100
-33 191 628 -0.0770775 -0.686615 -0.722924 192 129 111
-28 191 629 0.320147 -0.742795 -0.588014 197 134 117
-26 192 631 0.503879 -0.745214 -0.436763 198 135 118
-25 192 632 0.553287 -0.738272 -0.385782 197 134 117
-21 194 638 0.696347 -0.676208 -0.240506 204 141 124
-67 192 630 -0.502782 -0.472837 -0.723626 91 55 55
-63 192 628 -0.538947 -0.445917 -0.714629 102 58 55
-61 191 626 -0.550241 -0.470431 -0.689876 107 64 57
-59 190 624 -0.556315 -0.549536 -0.623317 114 63 59
-53 189 621 -0.300875 -0.804555 -0.51202 117 62 55
-51 189 620 -0.186171 -0.860378 -0.474436 118 65 59
-49 189 621 -0.00942579 -0.890146 -0.455577 148 88 77
-47 189 621 0.0916016 -0.896598 -0.433268 160 93 77
-46 189 621 0.142117 -0.895283 -0.422222 166 97 82
-45 189 621 0.222619 -0.895267 -0.385925 172 103 88
-41 190 624 0.467047 -0.827263 -0.312254 192 125 108
-36 192 629 -0.0535964 -0.69342 -0.718538 127 62 44
-35 192 629 -0.136219 -0.664801 -0.734496 174 107 90
-32 191 627 -0.0571213 -0.656685 -0.751998 196 130 114
-31 191 627 -0.0134789 -0.673172 -0.739363 196 133 116
-30 191 627 0.0886721 -0.696751 -0.711811 199 134 116
-29 191 627 0.147139 -0.720416 -0.677754 200 135 117
-25 193 631 0.548076 -0.730157 -0.408023 198 135 120
-24 193 633 0.615122 -0.717969 -0.325801 202 139 122
-23 193 634 0.649092 -0.706116 -0.282983 202 139 122
-20 195 640 0.717986 -0.658995 -0.2241 204 141 124
-67 193 630 -0.526062 -0.44768 -0.723078 92 54 53
-66 192 629 -0.529891 -0.445555 -0.721593 96 54 55
-65 192 629 -0.53228 -0.445127 -0.720097 97 56 54
-64 192 628 -0.537205 -0.439069 -0.720159 101 57 54
-62 192 627 -0.529475 -0.461237 -0.711981 101 60 54
-60 191 625 -0.56543 -0.497204 -0.658086 110 63 57
-59 191 624 -0.598055 -0.517754 -0.611769 112 62 55
-56 190 622 -0.477966 -0.689111 -0.544678 127 73 63
-55 190 622 -0.448773 -0.718466 -0.531422 130 73 62
-50 189 619 -0.100601 -0.873165 -0.47693 142 85 76
-48 189 619 0.0262692 -0.892926 -0.449437 155 90 72
-43 190 622 0.384823 -0.861869 -0.330293 178 111 94
-42 190 622 0.439006 -0.843048 -0.310716 172 105 88
-39 191 625 0.457898 -0.799433 -0.38889 197 132 114
-37 192 628 0.160341 -0.751673 -0.639749 167 100 84
-34 192 628 -0.109457 -0.652998 -0.749408 177 110 93
-33 192 627 -0.0991719 -0.619863 -0.778418 192 126 110
-27 192 628 0.364353 -0.743568 -0.560672 199 136 119
-22 194 635 0.680728 -0.683405 -0.263754 205 139 123
-65 193 629 -0.542725 -0.436072 -0.717838 90 57 52
-61 192 626 -0.555421 -0.470644 -0.685567 110 61 54
-60 192 625 -0.575722 -0.492649 -0.652566 113 60 54
-59 192 624 -0.609162 -0.510007 -0.607301 114 59 56
-58 191 623 -0.575154 -0.569963 -0.586805 121 68 64
-57 191 623 -0.550222 -0.606572 -0.573869 121 68 64
-56 191 621 -0.550112 -0.635814 -0.541404 132 73 69
-54 190 620 -0.407992 -0.753092 -0.516135 129 69 69
-53 190 620 -0.360918 -0.776283 -0.51684 124 64 64
-52 190 619 -0.297674 -0.806734 -0.510461 105 47 43
-46 190 619 0.133908 -0.887271 -0.441383 166 96 84
-45 190 619 0.21827 -0.878561 -0.42484 171 101 89
-44 190 620 0.295782 -0.874495 -0.384412 182 113 97
-38 192 626 0.412248 -0.736028 -0.536949 194 128 114
-32 192 626 -0.0858694 -0.582373 -0.808374 198 132 116
-31 192 626 -0.0228302 -0.611636 -0.79081 197 131 115
-30 192 626 -0.0156781 -0.635662 -0.771808 203 138 120
-29 192 626 0.0654234 -0.668505 -0.740824 202 137 119
-28 192 626 0.178337 -0.73011 -0.659648 201 136 118
-27 193 627 0.260914 -0.739529 -0.620501 200 137 120
-26 193 629 0.441264 -0.734453 -0.515622 201 135 119
-24 194 632 0.607034 -0.713037 -0.350838 204 138 122
-23 194 632 0.638895 -0.695275 -0.329251 205 139 123
-21 195 635 0.704304 -0.663417 -0.252655 207 141 125
-19 196 639 0.740985 -0.635196 -0.217872 205 142 125
-64 193 627 -0.547331 -0.440281 -0.711745 95 58 50
-63 193 627 -0.54869 -0.453415 -0.702392 99 58 52
-62 193 626 -0.567046 -0.461501 -0.682257 105 58 52
-51 190 618 -0.223418 -0.829383 -0.512063 128 71 62
-50 190 618 -0.156886 -0.848143 -0.506005 133 77 64
-49 190 618 -0.0576274 -0.873746 -0.482957 144 86 72
-48 190 618 0.0165973 -0.880162 -0.474382 149 90 72
-47 190 618 0.0629175 -0.878231 -0.474079 153 90 73
-40 191 621 0.519045 -0.78846 -0.330034 192 125 106
-36 193 627 0.227587 -0.66951 -0.707079 141 74 58
-35 193 627 -0.00901782 -0.629083 -0.777286 129 62 45
-34 193 627 -0.0949736 -0.599601 -0.794644 169 102 85
-33 193 626 -0.05747 -0.558919 -0.827228 193 127 111
-32 193 626 -0.106566 -0.525111 -0.844335 195 129 113
-31 193 625 -0.1317 -0.530755 -0.83723 198 132 116
-30 193 625 -0.121936 -0.57224 -0.81097 201 135 119
-25 194 629 0.496584 -0.735216 -0.46137 200 134 118
-22 195 633 0.674415 -0.675328 -0.29849 208 142 126
-64 194 627 -0.558952 -0.443506 -0.700625 95 58 50
-63 194 627 -0.553836 -0.451175 -0.69979 98 57 51
-61 193 625 -0.587515 -0.474455 -0.655529 106 61 56
-60 193 624 -0.62018 -0.481724 -0.619127 110 61 57
-58 192 622 -0.62933 -0.530465 -0.567935 115 64 61
-55 191 619 -0.52601 -0.665097 -0.530056 129 71 67
-54 191 619 -0.458138 -0.723992 -0.515698 131 73 69
-45 191 618 0.222607 -0.861531 -0.456302 164 94 82
-44 191 618 0.272165 -0.854425 -0.442588 175 106 90
-43 191 618 0.341181 -0.835998 -0.429771 179 111 92
-42 191 618 0.427803 -0.80916 -0.402796 177 109 90
-41 191 619 0.470854 -0.801198 -0.369293 191 125 103
-37 193 625 0.483657 -0.659657 -0.575264 200 133 117
-35 194 627 -0.0597067 -0.564615 -0.823192 122 55 38
-34 194 627 -0.103943 -0.536939 -0.837193 166 99 82
-33 194 626 -0.0630102 -0.514139 -0.855389 191 125 109
-32 194 626 -0.110414 -0.486543 -0.866652 192 126 110
-29 193 625 -0.0381446 -0.632667 -0.773484 203 137 121
-28 193 625 0.0661633 -0.693415 -0.717494 203 137 121
-27 194 626 0.159204 -0.727491 -0.667391 201 138 121
-20 196 635 0.724474 -0.641644 -0.251853 207 141 125
-64 195 627 -0.570332 -0.446365 -0.68955 92 57 51
-62 194 626 -0.587535 -0.459568 -0.666033 97 56 50
-59 193 623 -0.636919 -0.497976 -0.588518 109 61 59
-57 192 620 -0.619421 -0.565994 -0.54403 116 66 57
-56 192 619 -0.616038 -0.578603 -0.534524 125 70 63
-54 192 618 -0.519183 -0.666677 -0.534781 131 74 67
-53 191 617 -0.403659 -0.736887 -0.54227 133 76 69
-52 191 617 -0.329146 -0.773208 -0.542045 120 65 58
-51 191 616 -0.259998 -0.786811 -0.559758 100 45 38
-50 191 616 -0.161098 -0.812251 -0.560621 135 81 71
-49 191 616 -0.0725265 -0.826837 -0.557746 142 85 74
-48 191 616 -0.0212679 -0.837639 -0.54581 145 87 76
-47 191 616 0.0555957 -0.838849 -0.541518 149 86 77
-46 191 616 0.131039 -0.836243 -0.532473 150 82 71
-42 192 617 0.411027 -0.801897 -0.43361 173 106 87
-39 192 620 0.565398 -0.739363 -0.365604 198 131 114
-35 195 627 -0.0106442 -0.51199 -0.858926 132 65 48
-34 195 627 -0.0910877 -0.463622 -0.881338 165 98 81
-31 194 625 -0.150528 -0.5058 -0.849416 193 127 111
-30 194 625 -0.173691 -0.527651 -0.831514 202 136 120
-26 194 626 0.301802 -0.760753 -0.574604 201 135 119
-24 195 629 0.54808 -0.720105 -0.425509 207 141 125
-23 195 629 0.587349 -0.706708 -0.394443 211 145 129
-21 196 631 0.705595 -0.644208 -0.295182 208 142 126
-19 197 635 0.744541 -0.617173 -0.254473 209 143 127
-63 195 626 -0.589981 -0.440855 -0.676439 94 57 49
-62 195 626 -0.602184 -0.439257 -0.666654 96 55 49
-61 194 624 -0.630055 -0.446619 -0.635265 105 60 55
-60 194 623 -0.656133 -0.455823 -0.601427 107 62 57
-59 194 622 -0.657116 -0.468198 -0.590753 108 60 56
-58 193 620 -0.678247 -0.494109 -0.543909 112 63 56
-55 192 618 -0.571698 -0.622206 -0.53481 124 69 62
-51 192 615 -0.308726 -0.711427 -0.631316 102 48 38
-46 192 615 0.109598 -0.807408 -0.579725 133 65 56
-44 192 616 0.26873 -0.814633 -0.513962 156 89 73
-43 192 616 0.317748 -0.798402 -0.511459 174 107 90
-41 192 617 0.482286 -0.76634 -0.42441 175 108 91
-40 192 618 0.523812 -0.756804 -0.390986 202 135 118
-38 193 621 0.621643 -0.665628 -0.412916 205 138 122
-36 194 624 0.545826 -0.560487 -0.622839 201 134 117
-33 195 626 -0.110625 -0.443509 -0.889417 183 116 99
-32 195 625 -0.151902 -0.444843 -0.882633 190 123 106
-31 195 625 -0.196646 -0.447204 -0.872547 193 127 111
-30 195 625 -0.210612 -0.472699 -0.855686 201 135 119
-29 194 624 -0.200381 -0.54841 -0.811846 202 136 120
-28 194 624 -0.0784383 -0.624175 -0.777337 202 136 120
-27 195 625 0.0703696 -0.683077 -0.726948 203 137 121
-25 195 627 0.403689 -0.746307 -0.529207 201 135 119
-23 196 628 0.578434 -0.702287 -0.414978 210 144 128
-20 197 633 0.734583 -0.623008 -0.26879 206 143 126
-19 198 634 0.753298 -0.603633 -0.261093 206 143 126
-18 198 637 0.761522 -0.605177 -0.232047 206 143 126
-63 196 626 -0.613111 -0.41506 -0.672175 90 55 49
-57 193 619 -0.653986 -0.520382 -0.549095 116 66 59
-56 193 618 -0.641546 -0.535172 -0.549555 120 70 61
-53 192 616 -0.451757 -0.657927 -0.602534 134 77 66
-52 192 615 -0.392591 -0.665024 -0.635307 129 75 63
-49 192 614 -0.119386 -0.748926 -0.65181 114 59 52
-48 192 614 -0.0449134 -0.769022 -0.637643 116 57 53
-45 192 615 0.163356 -0.809367 -0.564127 162 94 83
-42 193 616 0.387201 -0.777705 -0.495227 189 122 105
-37 194 622 0.637001 -0.619203 -0.459148 206 138 125
-36 195 623 0.65025 -0.476274 -0.591894 205 138 122
-34 196 627 -0.109634 -0.411671 -0.904714 156 89 72
-33 196 626 -0.0750585 -0.400879 -0.913051 175 108 91
-29 195 624 -0.263933 -0.520944 -0.811762 201 135 119
-28 195 624 -0.159139 -0.576268 -0.801617 202 136 120
-26 195 625 0.212034 -0.720079 -0.660703 203 137 121
-22 196 628 0.627017 -0.675561 -0.3879 208 142 126
-18 199 636 0.778838 -0.582375 -0.232919 207 144 127
-17 199 638 0.781623 -0.584729 -0.217157 207 144 127
-62 196 625 -0.636426 -0.415768 -0.649692 92 55 47
-61 195 623 -0.665791 -0.431467 -0.608735 101 60 54
-60 195 622 -0.678366 -0.431578 -0.594609 104 61 55
-59 195 621 -0.700322 -0.430307 -0.569548 104 59 54
-58 194 619 -0.707745 -0.44359 -0.549841 109 62 54
-50 192 613 -0.236944 -0.691293 -0.682621 110 57 49
-47 192 613 0.0274488 -0.763684 -0.645006 141 77 75
-45 193 614 0.156913 -0.779754 -0.606105 165 97 84
-44 193 614 0.231572 -0.777063 -0.585275 167 99 86
-41 193 616 0.489144 -0.744926 -0.453677 191 124 107
-40 193 617 0.539558 -0.730766 -0.41816 195 130 112
-39 193 617 0.600845 -0.696353 -0.392526 197 131 115
-38 194 620 0.662867 -0.62253 -0.416011 202 136 122
-35 196 625 0.294859 -0.430688 -0.852975 191 124 108
-32 196 625 -0.166065 -0.377167 -0.911135 189 122 105
-31 196 625 -0.269004 -0.371207 -0.888731 196 129 112
-30 196 625 -0.261221 -0.400143 -0.878436 200 133 116
-29 196 624 -0.326034 -0.43046 -0.841669 201 135 119
-24 196 626 0.484991 -0.711875 -0.507955 206 140 124
-21 197 629 0.70095 -0.624591 -0.344317 209 143 127
-17 200 638 0.787839 -0.574316 -0.222422 208 145 128
-62 197 625 -0.648749 -0.405159 -0.644183 90 55 49
-61 196 623 -0.6821 -0.403303 -0.609988 100 59 53
-58 195 619 -0.717339 -0.418798 -0.556806 111 64 58
-57 194 618 -0.696018 -0.438477 -0.568592 115 68 60
-56 194 617 -0.677692 -0.44389 -0.586255 120 71 64
-55 193 615 -0.585272 -0.516552 -0.625005 129 79 68
-54 193 615 -0.530026 -0.557384 -0.639058 133 81 70
-53 193 614 -0.477606 -0.555362 -0.680783 138 85 71
-47 193 613 0.00143145 -0.756961 -0.653458 148 84 82
-46 193 613 0.0812227 -0.770523 -0.632217 167 97 89
-43 193 614 0.323259 -0.762914 -0.559881 179 112 96
-37 195 621 0.703584 -0.51349 -0.491221 208 140 127
-36 196 622 0.694858 -0.453303 -0.55829 207 140 124
-34 197 626 -0.0369099 -0.344833 -0.937938 144 77 61
-33 197 626 -0.109516 -0.352036 -0.929558 182 115 98
-25 196 624 0.326063 -0.682362 -0.654267 202 136 120
-22 197 627 0.628975 -0.66124 -0.408842 207 141 125
-20 198 630 0.742831 -0.597635 -0.301718 209 143 127
-60 196 622 -0.696113 -0.415108 -0.585757 98 59 52
-57 195 618 -0.701557 -0.419201 -0.576271 113 65 61
-55 194 615 -0.631913 -0.42716 -0.6467 130 77 71
-54 194 615 -0.576542 -0.476323 -0.663864 135 82 76
-53 194 614 -0.513715 -0.495913 -0.700119 140 87 81
-52 193 613 -0.405784 -0.583105 -0.703795 146 93 85
-51 193 613 -0.346697 -0.623544 -0.70071 141 86 79
-50 193 613 -0.267697 -0.652996 -0.708473 112 58 46
-49 193 612 -0.175007 -0.683165 -0.708984 120 62 50
-48 193 612 -0.118636 -0.708207 -0.695966 118 61 50
-41 194 615 0.475474 -0.722804 -0.501477 191 122 107
-40 194 615 0.541371 -0.69373 -0.475032 194 127 110
-39 194 616 0.611139 -0.658405 -0.43933 204 137 120
-38 195 618 0.707902 -0.601871 -0.369629 204 139 121
-35 197 624 0.468286 -0.430014 -0.771879 210 145 127
-33 198 626 -0.156562 -0.28695 -0.945065 180 114 98
-32 197 625 -0.210303 -0.315912 -0.925188 187 121 105
-31 197 625 -0.282631 -0.316981 -0.905341 193 127 111
-30 197 624 -0.396471 -0.373861 -0.838474 194 128 112
-29 197 623 -0.389775 -0.394652 -0.832061 202 135 119
-28 196 622 -0.243771 -0.457369 -0.855213 201 134 118
-27 196 622 -0.088085 -0.53479 -0.840381 202 134 121
-26 196 622 0.10487 -0.58995 -0.800601 202 134 121
-23 197 625 0.537148 -0.647167 -0.540968 207 141 125
-21 198 628 0.704638 -0.606578 -0.368168 206 143 126
-19 199 631 0.761271 -0.578699 -0.292531 210 144 128
-18 200 634 0.779979 -0.565884 -0.267224 207 144 127
-61 197 623 -0.68479 -0.403024 -0.607153 92 58 49
-60 197 621 -0.726109 -0.374922 -0.576367 97 58 51
-59 196 620 -0.719568 -0.405279 -0.563889 102 62 54
-58 196 619 -0.726668 -0.390158 -0.565447 109 64 58
-56 195 617 -0.685561 -0.419147 -0.595249 120 69 65
-55 195 615 -0.644498 -0.374162 -0.666802 127 77 70
-52 194 613 -0.452348 -0.530915 -0.716597 148 94 84
-51 194 613 -0.378575 -0.569978 -0.72925 140 86 76
-49 194 612 -0.210185 -0.632805 -0.745238 141 83 71
-48 194 612 -0.144052 -0.662355 -0.735211 149 91 79
-47 194 612 -0.0322035 -0.708501 -0.704974 157 97 86
-45 194 613 0.138244 -0.759984 -0.635069 171 104 88
-44 194 613 0.211463 -0.755742 -0.619788 183 114 99
-43 194 613 0.286905 -0.747731 -0.598819 187 118 103
-42 194 613 0.386279 -0.719448 -0.57722 188 119 104
-36 197 621 0.743568 -0.439925 -0.503561 207 144 126
-35 198 624 0.565015 -0.387328 -0.728516 213 148 130
-34 198 625 -0.0655218 -0.329523 -0.941871 191 126 108
-32 198 625 -0.278922 -0.271508 -0.921133 186 120 104
-31 198 625 -0.296809 -0.265233 -0.917364 192 126 110
-27 197 621 -0.206427 -0.405317 -0.890565 202 135 119
-25 197 622 0.229226 -0.557645 -0.797802 198 132 116
-24 197 623 0.388403 -0.605474 -0.694654 203 136 120
-17 201 635 0.791675 -0.555957 -0.253302 210 144 128
-16 202 638 0.801274 -0.552916 -0.228569 208 145 128
-57 196 617 -0.707442 -0.3469 -0.615781 114 67 61
-54 195 615 -0.617396 -0.401885 -0.676247 126 76 67
-50 194 612 -0.291438 -0.597236 -0.747244 125 67 56
-46 194 612 0.0542288 -0.736785 -0.673948 164 98 84
-44 195 612 0.175775 -0.730892 -0.659469 185 116 100
-39 195 615 0.615442 -0.639258 -0.461064 201 134 117
-38 196 617 0.742955 -0.558159 -0.369427 205 143 122
-37 196 618 0.744966 -0.529829 -0.405348 206 145 124
-33 199 626 -0.255038 -0.252099 -0.933489 175 109 93
-30 198 623 -0.442516 -0.315444 -0.839449 198 132 116
-29 198 622 -0.440834 -0.296246 -0.847292 197 131 115
-28 197 621 -0.260624 -0.408403 -0.874804 201 135 119
-26 197 621 0.0130583 -0.485421 -0.874183 199 132 116
-24 198 622 0.356755 -0.512106 -0.781328 202 135 119
-23 198 623 0.46391 -0.558851 -0.687367 209 142 126
-22 198 624 0.588374 -0.571642 -0.571875 209 142 126
-21 199 626 0.686847 -0.553731 -0.470769 208 142 126
-20 199 627 0.717761 -0.565774 -0.405854 207 141 125
-19 200 630 0.763725 -0.564492 -0.313165 206 140 124
-59 197 619 -0.733998 -0.366731 -0.571625 100 61 54
-58 197 619 -0.73407 -0.361023 -0.575155 105 62 56
-56 196 616 -0.686661 -0.345111 -0.639841 116 69 61
-55 196 616 -0.670273 -0.345395 -0.656839 119 72 64
-53 195 613 -0.544696 -0.421137 -0.725224 134 84 75
-52 195 613 -0.488039 -0.456777 -0.743756 141 88 80
-51 195 612 -0.418153 -0.503199 -0.756266 148 91 82
-50 195 612 -0.340327 -0.547921 -0.764173 127 69 58
-49 195 612 -0.255665 -0.604703 -0.754301 138 78 68
-43 195 612 0.296353 -0.728973 -0.617068 188 119 103
-42 195 613 0.393443 -0.711158 -0.58263 192 120 105
-41 195 613 0.437797 -0.697266 -0.567586 190 121 105
-40 195 613 0.521753 -0.663462 -0.536276 188 119 103
-34 199 625 0.0229688 -0.318047 -0.947797 219 154 136
-33 200 626 -0.146162 -0.230304 -0.962079 173 108 90
-32 199 625 -0.294061 -0.249916 -0.922535 183 118 100
-31 199 625 -0.44345 -0.238642 -0.863946 188 122 106
-30 199 623 -0.472475 -0.251251 -0.844772 198 132 116
-28 198 621 -0.299185 -0.350043 -0.88767 198 132 116
-25 198 621 0.201099 -0.448292 -0.870973 200 134 118
-60 198 620 -0.740447 -0.35196 -0.572593 95 58 52
-59 198 619 -0.740937 -0.343055 -0.577343 98 59 54
-58 198 619 -0.740062 -0.343189 -0.578385 103 59 56
-57 197 617 -0.711998 -0.339502 -0.614652 110 65 59
-56 197 616 -0.689484 -0.334857 -0.642248 116 69 61
-54 196 614 -0.617167 -0.356221 -0.701578 127 77 70
-53 196 613 -0.561589 -0.390717 -0.729354 134 84 75
-52 196 612 -0.519653 -0.402767 -0.753485 146 92 82
-51 196 612 -0.463171 -0.43382 -0.772834 151 92 84
-50 196 612 -0.378692 -0.501801 -0.777681 132 72 64
-49 196 612 -0.296447 -0.565553 -0.76959 142 79 70
-48 195 611 -0.171085 -0.637557 -0.751166 154 90 81
-47 195 611 -0.0857065 -0.675535 -0.73233 159 92 83
-46 195 611 0.0220041 -0.701602 -0.712229 160 94 82
-45 195 611 0.118465 -0.715504 -0.688491 167 100 84
-43 196 612 0.293603 -0.713649 -0.636005 182 113 97
-42 196 612 0.394275 -0.696863 -0.599107 190 118 103
-41 196 613 0.451383 -0.67813 -0.579993 194 122 107
-40 196 613 0.56696 -0.629535 -0.531266 193 121 106
-39 196 614 0.631572 -0.612833 -0.474924 201 134 117
-38 197 616 0.749024 -0.534233 -0.391864 205 140 122
-37 197 617 0.765314 -0.516924 -0.383516 207 145 124
-36 198 620 0.762178 -0.419349 -0.493186 212 147 129
-35 199 623 0.668258 -0.402099 -0.625898 213 148 130
-34 200 624 0.358273 -0.375747 -0.854667 218 153 135
-32 200 625 -0.320037 -0.204946 -0.924972 182 117 99
-31 200 625 -0.508071 -0.179086 -0.842492 189 123 107
-29 199 622 -0.462657 -0.241366 -0.853048 199 133 117
-28 199 621 -0.379479 -0.216396 -0.899538 198 132 116
-27 198 620 -0.217174 -0.357083 -0.908475 198 132 116
-26 198 620 -0.0238386 -0.370558 -0.928503 199 133 117
-25 199 621 0.180717 -0.365426 -0.913129 202 136 120
-24 199 621 0.258316 -0.389214 -0.884186 203 140 123
-23 199 622 0.426597 -0.48255 -0.764958 207 144 127
-22 199 623 0.549338 -0.496024 -0.672449 206 143 126
-20 200 626 0.70545 -0.517486 -0.484301 206 143 126
-19 201 628 0.756024 -0.521997 -0.394902 203 142 124
-18 201 629 0.774513 -0.534077 -0.338957 203 142 124
-17 202 632 0.793638 -0.536712 -0.286494 205 144 126
-16 203 633 0.806208 -0.525795 -0.271236 207 146 128
-59 199 619 -0.747678 -0.324546 -0.579351 97 58 53
-58 199 619 -0.738717 -0.328335 -0.588637 100 59 55
-57 198 617 -0.715252 -0.321785 -0.620378 108 65 58
-56 198 616 -0.693428 -0.309291 -0.650766 114 69 63
-55 197 615 -0.662732 -0.324704 -0.674799 117 72 66
-48 196 611 -0.213273 -0.602603 -0.769016 147 80 71
-39 197 614 0.667654 -0.575188 -0.472649 201 134 117
-30 200 623 -0.496494 -0.166308 -0.85196 197 131 115
-29 200 622 -0.469485 -0.183801 -0.863598 200 134 118
-27 199 620 -0.25789 -0.248473 -0.933678 196 130 114
-26 199 620 -0.0189019 -0.291818 -0.956287 196 130 114
-23 200 622 0.425668 -0.351831 -0.83368 206 143 126
-21 200 624 0.658525 -0.46167 -0.594311 204 141 124
-15 204 636 0.807725 -0.53229 -0.25347 208 145 128
-60 199 619 -0.745871 -0.327408 -0.58007 91 56 52
-57 199 617 -0.714661 -0.307905 -0.628056 110 67 60
-54 197 613 -0.604842 -0.328232 -0.725555 123 74 67
-53 197 613 -0.578544 -0.343797 -0.739656 129 79 70
-52 197 612 -0.542878 -0.363717 -0.756963 141 84 73
-47 196 610 -0.132547 -0.62935 -0.765735 163 95 82
-46 196 610 -0.0363754 -0.66598 -0.745082 164 97 81
-45 196 610 0.0581809 -0.690953 -0.720555 174 107 91
-44 196 610 0.159117 -0.705935 -0.690172 178 111 95
-38 198 615 0.735405 -0.531497 -0.420345 207 142 122
-37 198 616 0.793519 -0.481411 -0.372252 204 142 121
-36 199 619 0.794626 -0.403003 -0.454046 209 146 128
-35 200 622 0.722128 -0.39401 -0.568584 216 153 135
-33 201 625 0.00491786 -0.306268 -0.951933 150 85 67
-32 201 625 -0.356709 -0.166379 -0.919281 179 114 96
-31 201 625 -0.511372 -0.123989 -0.850368 193 128 110
-28 200 621 -0.343861 -0.149763 -0.927001 196 130 114
-27 200 620 -0.23496 -0.136401 -0.962387 195 129 113
-26 200 620 -0.0231779 -0.209568 -0.977519 194 128 112
-25 200 621 0.167662 -0.288243 -0.942765 199 133 117
-24 200 621 0.231512 -0.296926 -0.926411 199 136 119
-22 200 622 0.502828 -0.374125 -0.779227 206 143 126
-21 201 624 0.650446 -0.424091 -0.630132 205 142 125
-20 201 625 0.682209 -0.468546 -0.561298 206 143 126
-18 202 628 0.767844 -0.508316 -0.38991 202 141 123
-60 200 619 -0.74767 -0.316497 -0.583797 91 56 52
-56 199 615 -0.684207 -0.299598 -0.664907 115 72 65
-55 198 614 -0.663207 -0.313245 -0.679731 118 73 67
-54 198 613 -0.618168 -0.324339 -0.716011 122 73 66
-53 198 613 -0.595559 -0.332485 -0.731275 127 77 66
-51 197 611 -0.482066 -0.414592 -0.771833 152 92 82
-50 197 611 -0.430075 -0.460127 -0.776736 153 93 83
-49 197 610 -0.367908 -0.498334 -0.785052 137 73 63
-48 197 610 -0.27345 -0.557697 -0.783708 150 83 74
-42 197 611 0.390699 -0.675478 -0.625367 188 116 101
-41 197 611 0.454331 -0.65595 -0.602754 192 121 101
-40 197 611 0.508692 -0.631292 -0.585408 196 125 105
-34 201 623 0.529757 -0.39072 -0.752792 221 158 140
-32 202 625 -0.451188 -0.115471 -0.884927 162 97 79
-30 201 622 -0.461416 -0.11541 -0.879645 198 132 116
-29 201 622 -0.465826 -0.0853055 -0.880755 195 129 113
-24 201 621 0.206698 -0.223912 -0.952439 199 136 119
-23 201 622 0.401477 -0.304103 -0.863908 203 140 123
-22 201 622 0.511759 -0.334194 -0.791465 204 141 124
-19 202 626 0.715112 -0.473913 -0.513829 204 143 125
-17 203 629 0.793368 -0.503858 -0.341604 206 145 127
-59 200 618 -0.740513 -0.304502 -0.599099 92 57 53
-58 200 618 -0.733586 -0.303089 -0.608267 99 62 56
-57 200 616 -0.703237 -0.296069 -0.646375 106 63 56
-55 199 614 -0.671265 -0.309883 -0.673331 116 71 65
-52 198 612 -0.555568 -0.344723 -0.756644 141 84 73
-51 198 611 -0.517498 -0.380602 -0.76638 147 87 77
-50 198 611 -0.480254 -0.416057 -0.772174 153 93 82
-47 197 609 -0.175019 -0.615699 -0.768299 158 92 78
-46 197 609 -0.0608112 -0.653721 -0.754288 165 102 87
-45 197 609 0.0342358 -0.673468 -0.738423 167 101 87
-44 197 609 0.113454 -0.68329 -0.721278 174 106 93
-43 197 609 0.242988 -0.684217 -0.687607 174 105 90
-39 198 612 0.617276 -0.582328 -0.529022 202 135 118
-37 199 615 0.79286 -0.472897 -0.384371 207 147 123
-36 200 618 0.78248 -0.461641 -0.417868 204 148 125
-33 202 624 0.0927047 -0.287314 -0.95334 156 90 74
-32 203 625 -0.416019 -0.0949271 -0.904388 166 101 83
-31 202 624 -0.472997 -0.0877345 -0.876685 191 124 107
-30 202 623 -0.491508 -0.026715 -0.870463 201 132 117
-28 201 620 -0.331333 -0.0628879 -0.941416 199 133 117
-27 201 620 -0.240122 -0.0892794 -0.966628 193 130 113
-26 201 620 -0.0314318 -0.12554 -0.99159 190 127 110
-25 201 620 0.0795748 -0.148469 -0.98571 194 131 114
-21 202 623 0.591205 -0.357548 -0.722936 203 140 123
-20 202 624 0.648834 -0.428963 -0.628495 207 144 127
-19 203 625 0.695535 -0.445314 -0.563849 204 141 124
-18 203 626 0.725353 -0.481262 -0.492189 205 142 125
-16 204 630 0.79806 -0.507372 -0.325075 208 145 128
-15 205 633 0.809286 -0.513141 -0.285907 209 146 129
-56 200 615 -0.68481 -0.300639 -0.663816 109 64 58
-54 199 613 -0.621625 -0.321084 -0.714484 121 72 65
-53 199 613 -0.60776 -0.324058 -0.724993 123 75 65
-52 199 612 -0.575797 -0.351304 -0.738271 138 84 72
-49 198 609 -0.414988 -0.472372 -0.777592 141 77 67
-43 198 609 0.243593 -0.668547 -0.702643 180 110 98
-42 198 609 0.326895 -0.650491 -0.685566 186 117 101
-41 198 609 0.442704 -0.630799 -0.637264 189 120 104
-40 198 610 0.514057 -0.615584 -0.597329 193 124 108
-38 199 613 0.711121 -0.533609 -0.457787 206 141 121
-36 201 617 0.803257 -0.441888 -0.399391 206 150 127
-35 201 619 0.754373 -0.465615 -0.462735 212 154 134
-34 202 622 0.548437 -0.443503 -0.708887 224 161 144
-33 203 624 0.347437 -0.314107 -0.88353 159 93 77
-31 203 624 -0.43634 -0.035164 -0.899095 192 125 109
-29 202 622 -0.464559 -0.0136238 -0.885437 198 129 114
-28 202 620 -0.292467 -0.00485424 -0.956263 196 129 113
-27 202 620 -0.245435 -0.0205894 -0.969194 191 128 111
-26 202 620 -0.0968556 -0.0691638 -0.992892 189 126 109
-25 202 620 0.0252398 -0.0956706 -0.995093 193 130 113
-24 202 620 0.183108 -0.163298 -0.969436 198 135 118
-23 202 621 0.353397 -0.252587 -0.900728 201 138 121
-22 202 622 0.450182 -0.274905 -0.849567 202 139 122
-17 204 628 0.77836 -0.498142 -0.382113 206 143 126
-14 206 634 0.806898 -0.516577 -0.286468 209 146 129
-59 201 617 -0.734098 -0.291575 -0.613257 90 59 54
-58 201 617 -0.720383 -0.294433 -0.627979 95 60 54
-57 201 616 -0.700916 -0.298688 -0.64769 101 61 53
-55 200 614 -0.676323 -0.308114 -0.669068 113 68 62
-54 200 613 -0.633143 -0.338035 -0.69632 123 74 69
-51 199 611 -0.551149 -0.372371 -0.74671 142 83 75
-49 199 609 -0.434317 -0.473183 -0.766463 139 77 66
-48 198 608 -0.34887 -0.525258 -0.77614 142 78 68
-47 198 608 -0.254153 -0.579392 -0.77441 158 91 82
-46 198 608 -0.114859 -0.630051 -0.768012 161 97 85
-45 198 608 -0.0167193 -0.667574 -0.744356 168 102 90
-44 198 608 0.118239 -0.673845 -0.72935 172 104 93
-41 199 609 0.434251 -0.625808 -0.647913 187 118 103
-40 199 610 0.517429 -0.605512 -0.604667 194 127 110
-39 199 611 0.608168 -0.579655 -0.542339 200 133 116
-37 200 614 0.785526 -0.47866 -0.392216 207 147 123
-35 202 618 0.767795 -0.451629 -0.454447 213 155 135
-30 203 623 -0.449447 -0.0195925 -0.893092 197 130 114
-29 203 622 -0.4257 0.0278209 -0.904436 201 134 118
-22 203 622 0.39615 -0.251142 -0.883172 200 137 120
-21 203 622 0.507591 -0.312472 -0.80294 201 138 121
-20 203 623 0.600231 -0.373968 -0.707015 201 138 121
-18 204 625 0.696573 -0.454784 -0.554939 206 143 126
-17 205 627 0.75567 -0.49388 -0.430168 206 143 126
-56 201 614 -0.669205 -0.326952 -0.667284 103 60 53
-53 200 612 -0.605148 -0.356602 -0.71178 126 76 67
-52 200 611 -0.583678 -0.368761 -0.723419 130 77 69
-50 199 609 -0.499581 -0.428901 -0.752638 142 85 74
-48 199 608 -0.384837 -0.505902 -0.771987 141 77 68
-43 199 608 0.219793 -0.654906 -0.723041 174 106 95
-42 199 608 0.296709 -0.644138 -0.705017 171 102 87
-38 200 612 0.706381 -0.528391 -0.470986 200 138 117
-34 203 621 0.636235 -0.425627 -0.643464 219 156 139
-33 204 623 0.622797 -0.393609 -0.676163 180 114 98
-32 204 624 -0.361346 -0.052722 -0.93094 161 94 78
-31 204 624 -0.409577 0.00676567 -0.91225 191 124 108
-30 204 623 -0.406437 0.0276387 -0.913261 196 129 113
-28 203 621 -0.411025 0.0364546 -0.910895 192 126 110
-27 203 621 -0.305583 0.0235683 -0.951874 187 124 107
-26 203 621 -0.20539 0.00388424 -0.978672 188 125 108
-25 203 621 -0.00651437 -0.0849881 -0.996361 194 128 112
-24 203 621 0.172263 -0.132302 -0.976126 200 134 118
-23 203 621 0.269434 -0.18849 -0.944392 201 135 119
-19 204 624 0.660634 -0.430885 -0.614736 201 138 121
-16 205 627 0.768969 -0.496548 -0.40265 207 144 127
-15 206 630 0.799297 -0.510889 -0.316412 210 147 130
-58 202 615 -0.696026 -0.307003 -0.649074 90 59 54
-55 201 613 -0.665426 -0.328316 -0.670385 108 63 57
-54 201 613 -0.633719 -0.339991 -0.694843 113 69 60
-52 201 611 -0.590227 -0.369543 -0.717684 128 75 67
-51 200 610 -0.558281 -0.381178 -0.736903 142 85 76
-50 200 609 -0.531527 -0.412056 -0.74006 140 83 72
-47 199 607 -0.293763 -0.567689 -0.769047 159 92 83
-46 199 607 -0.15343 -0.61962 -0.76976 155 91 81
-45 199 607 -0.0147575 -0.642223 -0.766376 151 84 75
-44 199 607 0.0792384 -0.651191 -0.754766 151 84 75
-40 200 609 0.516221 -0.594288 -0.616715 188 121 105
-39 200 610 0.606235 -0.567371 -0.557288 200 135 117
-38 201 611 0.697855 -0.535207 -0.475975 200 138 117
-37 201 613 0.773926 -0.482253 -0.410452 204 143 122
-36 202 616 0.798941 -0.451347 -0.397465 209 151 131
-32 205 623 -0.0968955 -0.119939 -0.988041 155 88 72
-31 205 624 -0.407842 -0.0129733 -0.91296 189 120 105
-30 205 623 -0.414745 0.0311067 -0.909406 197 130 114
-29 204 622 -0.382224 0.0401314 -0.923198 198 131 115
-28 204 621 -0.391275 0.0519493 -0.918806 193 127 111
-27 204 621 -0.324991 0.0463558 -0.94458 189 123 107
-26 204 621 -0.236134 0.0129659 -0.971634 189 123 107
-25 204 621 -0.0726662 -0.0630358 -0.995362 193 127 111
-24 204 621 0.0959442 -0.131216 -0.9867 195 129 113
-23 204 620 0.194235 -0.163345 -0.96726 198 132 116
-22 204 621 0.307215 -0.243282 -0.920018 198 132 116
-21 204 621 0.410305 -0.289761 -0.86469 200 134 118
-20 204 622 0.538366 -0.350509 -0.766359 199 136 119
-19 205 623 0.589638 -0.409305 -0.696273 201 138 121
-18 205 624 0.655565 -0.431777 -0.619518 205 142 125
-17 206 626 0.709382 -0.475085 -0.520646 207 144 127
-15 207 629 0.786257 -0.507551 -0.35241 211 148 131
-14 207 631 0.80015 -0.514019 -0.309102 208 145 128
-13 208 634 0.800028 -0.520949 -0.297602 203 140 123
-57 202 614 -0.674515 -0.325558 -0.662602 93 58 52
-56 202 614 -0.67055 -0.33125 -0.663804 98 58 50
-55 202 613 -0.65234 -0.342238 -0.676259 106 61 55
-53 201 611 -0.597455 -0.368256 -0.712345 121 72 65
-51 201 610 -0.57316 -0.384912 -0.723416 138 81 72
-50 201 609 -0.557039 -0.405199 -0.724929 136 79 68
-49 200 608 -0.460007 -0.464441 -0.756761 144 84 73
-48 200 608 -0.40037 -0.500098 -0.767858 142 80 69
-47 200 607 -0.325797 -0.534525 -0.779833 142 78 68
-46 200 607 -0.207647 -0.586109 -0.783172 146 82 72
-45 200 606 -0.0620052 -0.604794 -0.793964 145 81 71
-43 200 607 0.193005 -0.639477 -0.74419 170 102 91
-42 200 607 0.295022 -0.623928 -0.723655 175 107 94
-41 200 608 0.42101 -0.620275 -0.661823 183 113 101
-39 201 609 0.586018 -0.567543 -0.578341 194 129 111
-35 203 617 0.786696 -0.429544 -0.443398 211 152 134
-34 204 619 0.764837 -0.406783 -0.499552 210 149 131
-33 205 622 0.619891 -0.362219 -0.696084 193 127 111
-29 205 623 -0.463265 0.0843893 -0.882193 196 129 113
-28 205 621 -0.378445 0.0786842 -0.922273 192 126 110
-26 205 621 -0.2958 0.0278449 -0.954844 191 125 109
-25 205 621 -0.155117 -0.0401296 -0.987081 191 125 109
-22 205 621 0.258517 -0.254359 -0.931918 195 129 113
-21 205 621 0.352049 -0.295586 -0.888082 197 131 115
-20 205 621 0.45347 -0.329443 -0.82815 201 135 119
-16 206 626 0.730332 -0.490513 -0.475407 204 141 124
-13 209 633 0.794147 -0.527287 -0.302158 203 140 123
-12 209 635 0.789855 -0.533446 -0.302597 201 138 121
-57 203 613 -0.665798 -0.335211 -0.666593 95 57 54
-54 202 612 -0.629467 -0.349285 -0.694097 114 67 61
-52 202 610 -0.589059 -0.370559 -0.718119 125 75 68
-49 201 608 -0.500981 -0.440238 -0.745123 145 85 74
-48 201 607 -0.426936 -0.479395 -0.766751 143 81 70
-44 200 606 0.0711369 -0.620984 -0.780588 152 88 76
-40 201 608 0.496906 -0.599786 -0.627169 189 121 108
-38 202 610 0.668884 -0.554946 -0.494601 196 135 116
-37 202 612 0.76313 -0.499372 -0.410196 202 144 124
-35 204 616 0.796709 -0.452366 -0.400774 212 151 133
-32 206 623 0.214992 -0.179427 -0.959992 145 78 62
-31 206 624 -0.345033 -0.00280464 -0.938586 189 117 105
-30 206 624 -0.37764 0.0506393 -0.924567 203 131 119
-29 206 623 -0.431777 0.088402 -0.897638 194 127 111
-27 205 621 -0.372876 0.0552376 -0.926235 183 117 103
-24 205 620 -0.00610013 -0.0848029 -0.996379 191 125 109
-23 205 620 0.132871 -0.149871 -0.979737 192 126 110
-19 206 622 0.512389 -0.374272 -0.772903 201 135 119
-18 206 623 0.61187 -0.418231 -0.671341 205 139 123
-17 207 625 0.670395 -0.46463 -0.578523 204 138 122
-56 203 612 -0.647434 -0.347304 -0.678387 97 56 50
-55 203 612 -0.634039 -0.353225 -0.687915 101 60 54
-54 203 612 -0.624369 -0.364881 -0.69067 106 63 56
-53 202 610 -0.596819 -0.370742 -0.711588 116 69 63
-51 202 609 -0.581735 -0.375306 -0.721616 128 75 67
-50 202 609 -0.570949 -0.397142 -0.718537 137 79 68
-49 202 608 -0.525101 -0.418466 -0.74105 146 84 73
-47 201 606 -0.323678 -0.520888 -0.789878 140 77 68
-46 201 606 -0.2206 -0.550827 -0.804938 142 79 70
-45 201 606 -0.103399 -0.572199 -0.81357 140 76 66
-44 201 606 0.062075 -0.590824 -0.804409 150 86 74
-43 201 606 0.182086 -0.606212 -0.774178 161 95 83
-42 201 606 0.273226 -0.601617 -0.750603 177 109 98
-41 201 607 0.401226 -0.598235 -0.693637 185 117 104
-36 203 613 0.804629 -0.474441 -0.357041 206 147 129
-34 205 619 0.783867 -0.396329 -0.477991 218 157 139
-31 207 624 -0.345727 0.052244 -0.93688 190 118 106
-30 207 624 -0.373098 0.0892711 -0.923487 203 131 119
-29 207 623 -0.430728 0.0992265 -0.89701 193 126 110
-28 206 622 -0.410372 0.0736953 -0.908936 187 121 105
-27 206 621 -0.381433 0.0689974 -0.921818 180 112 99
-26 206 621 -0.337854 0.0608797 -0.939227 185 117 104
-22 206 621 0.202402 -0.232838 -0.95122 191 125 109
-21 206 621 0.306428 -0.266486 -0.913831 195 129 113
-20 206 621 0.403037 -0.314824 -0.859329 197 131 115
-18 207 623 0.585939 -0.411967 -0.697825 204 138 122
-16 207 625 0.681654 -0.476167 -0.555529 203 137 121
-15 208 627 0.757709 -0.497127 -0.42278 212 145 129
-14 208 628 0.779901 -0.502427 -0.373259 208 141 125
-12 210 633 0.786233 -0.541401 -0.297864 206 139 123
-11 211 637 0.78807 -0.549817 -0.276852 204 138 122
-53 203 610 -0.601597 -0.369426 -0.708241 117 68 63
-47 202 606 -0.367414 -0.470518 -0.802259 140 78 67
-41 202 606 0.373485 -0.59491 -0.711752 179 111 98
-40 202 607 0.47217 -0.592272 -0.652893 186 119 103
-39 202 608 0.561514 -0.574125 -0.595888 188 125 107
-38 203 609 0.625776 -0.567264 -0.535365 197 136 115
-37 203 611 0.757129 -0.511476 -0.406383 200 142 120
-32 207 622 0.467905 -0.212656 -0.857812 140 77 60
-30 208 624 -0.393008 0.154998 -0.906378 197 130 114
-28 207 622 -0.388609 0.0879943 -0.917192 180 113 97
-27 207 621 -0.383757 0.0800639 -0.919957 177 108 93
-26 207 621 -0.36166 0.075317 -0.929263 188 119 104
-25 206 620 -0.191653 -0.000430273 -0.981463 188 121 105
-24 206 620 -0.0424533 -0.0820365 -0.995725 189 122 106
-23 206 620 0.0658186 -0.116738 -0.990979 190 123 107
-21 207 621 0.267961 -0.253758 -0.92941 193 126 110
-20 207 621 0.342795 -0.309317 -0.887026 197 131 115
-19 207 622 0.501566 -0.357801 -0.787661 198 132 116
-56 204 611 -0.622693 -0.377126 -0.685587 90 55 49
-54 204 611 -0.611729 -0.382345 -0.692532 101 60 54
-52 203 609 -0.587688 -0.379936 -0.714333 128 73 68
-51 203 608 -0.577725 -0.393201 -0.715281 139 80 74
-50 203 608 -0.56993 -0.397571 -0.719109 143 83 73
-48 202 606 -0.451456 -0.441109 -0.775636 144 82 71
-46 202 605 -0.232737 -0.520926 -0.821261 144 80 70
-45 202 605 -0.14219 -0.547246 -0.824805 147 83 73
-44 202 605 0.00891753 -0.565375 -0.824786 159 95 85
-43 202 605 0.170279 -0.582173 -0.795034 167 101 89
-42 202 605 0.252575 -0.577986 -0.775976 176 108 97
-40 203 607 0.475035 -0.591537 -0.65148 183 115 102
-36 204 611 0.759575 -0.523211 -0.386387 209 148 129
-33 206 618 0.754546 -0.427187 -0.498169 219 158 140
-31 208 623 -0.252888 0.0482818 -0.96629 187 119 106
-29 208 624 -0.431648 0.132463 -0.892263 195 127 114
-28 208 622 -0.408304 0.137545 -0.902424 178 108 96
-25 207 620 -0.256156 0.0415674 -0.965741 187 119 106
-24 207 620 -0.132433 -0.0262591 -0.990844 189 121 108
-23 207 620 0.0281757 -0.114995 -0.992966 190 122 109
-22 207 620 0.139157 -0.182343 -0.973338 190 122 109
-19 208 622 0.467395 -0.343858 -0.814435 197 131 115
-18 208 622 0.523271 -0.383215 -0.76114 202 136 120
-17 208 623 0.581289 -0.430415 -0.69054 200 134 118
-16 208 624 0.648885 -0.473533 -0.595579 197 131 115
-14 209 627 0.755228 -0.515473 -0.404869 206 140 124
-13 210 630 0.78164 -0.527604 -0.332677 207 141 125
-55 204 611 -0.615614 -0.380447 -0.69013 96 59 53
-53 204 610 -0.590574 -0.389949 -0.706514 118 69 62
-49 203 607 -0.526714 -0.412705 -0.743133 139 82 71
-41 203 606 0.384236 -0.583538 -0.715434 176 108 97
-39 203 607 0.551595 -0.569566 -0.609374 187 121 107
-37 204 610 0.71739 -0.541505 -0.438319 204 143 125
-35 205 613 0.819523 -0.481282 -0.311046 210 148 133
-34 206 616 0.797371 -0.44592 -0.406638 219 157 142
-31 209 623 -0.25381 0.0982644 -0.96225 188 120 107
-30 209 624 -0.419019 0.115617 -0.900586 195 127 114
-29 209 624 -0.427494 0.130963 -0.894482 191 123 110
-28 209 623 -0.429553 0.16689 -0.887487 176 106 94
-27 208 621 -0.398886 0.111944 -0.910142 183 111 99
-26 208 621 -0.369744 0.0814695 -0.925555 186 114 102
-25 208 620 -0.305512 0.0678409 -0.949768 188 120 107
-24 208 620 -0.163025 -0.0201805 -0.986415 189 121 108
-22 208 620 0.0578561 -0.127158 -0.990194 191 123 110
-21 208 620 0.157283 -0.190502 -0.969005 191 124 108
-17 209 623 0.543494 -0.423972 -0.724473 200 134 118
-15 209 625 0.6808 -0.494725 -0.540147 204 138 122
-11 212 634 0.776999 -0.555955 -0.295273 202 136 120
-53 205 610 -0.583441 -0.411945 -0.699927 107 64 58
-52 204 609 -0.585894 -0.398386 -0.705703 120 71 66
-51 204 608 -0.576609 -0.404196 -0.710034 130 80 71
-49 204 607 -0.541276 -0.399348 -0.739961 134 80 68
-48 203 606 -0.474467 -0.419191 -0.774054 136 82 70
-47 203 605 -0.377761 -0.443145 -0.812969 138 82 69
-45 203 604 -0.197032 -0.520961 -0.830529 153 93 83
-44 203 604 -0.028743 -0.559267 -0.828489 159 96 87
-43 203 604 0.104534 -0.583991 -0.805001 162 98 88
-39 204 607 0.548054 -0.5802 -0.602498 187 121 107
-38 204 608 0.592903 -0.568777 -0.570052 193 131 116
-36 205 610 0.74351 -0.539733 -0.394819 201 139 124
-35 206 612 0.799827 -0.50537 -0.323849 208 149 133
-33 207 617 0.771282 -0.449056 -0.451081 215 152 137
-32 208 620 0.611593 -0.326075 -0.720853 147 81 67
-29 210 624 -0.412244 0.157557 -0.897346 184 114 102
-27 209 622 -0.424881 0.159359 -0.891112 183 111 99
-23 208 619 -0.0660068 -0.0686163 -0.995457 189 121 108
-20 208 620 0.244472 -0.249677 -0.936961 191 124 108
-16 209 623 0.570004 -0.458027 -0.682134 198 133 115
-14 210 625 0.696301 -0.518121 -0.496705 205 139 123
-12 211 629 0.771782 -0.540465 -0.335038 204 138 122
-55 205 610 -0.591976 -0.404349 -0.697184 92 59 54
-54 205 610 -0.588288 -0.402356 -0.701446 98 61 55
-51 205 608 -0.573057 -0.406722 -0.711465 120 73 65
-50 204 607 -0.556014 -0.399348 -0.728951 129 79 70
-46 203 604 -0.289928 -0.485523 -0.824748 135 78 67
-42 203 604 0.21081 -0.593465 -0.776762 161 99 88
-40 204 606 0.434982 -0.586972 -0.682828 181 115 103
-30 210 623 -0.333427 0.138956 -0.932479 187 119 106
-28 210 623 -0.429466 0.17803 -0.885361 173 101 89
-27 210 622 -0.431273 0.148638 -0.889894 179 107 95
-26 209 621 -0.397176 0.109485 -0.911188 178 106 94
-25 209 620 -0.346398 0.0878738 -0.933963 188 118 108
-24 209 620 -0.204389 0.0207772 -0.978669 187 119 108
-23 209 619 -0.111726 -0.0442143 -0.992755 186 118 105
-22 209 619 -0.0361785 -0.0882149 -0.995444 188 120 107
-21 209 620 0.107117 -0.140052 -0.984333 188 120 107
-20 209 620 0.215286 -0.217593 -0.952001 190 123 107
-19 209 620 0.322114 -0.297789 -0.898646 194 127 111
-18 209 621 0.416821 -0.361991 -0.8338 197 131 115
-15 210 624 0.638007 -0.50709 -0.579489 201 135 119
-10 213 633 0.766001 -0.566273 -0.304266 199 133 117
-55 206 610 -0.587733 -0.405461 -0.700123 90 59 56
-52 205 608 -0.573983 -0.404121 -0.7122 113 68 63
-50 205 607 -0.554969 -0.402595 -0.727961 125 77 67
-48 204 605 -0.471596 -0.415505 -0.777787 130 78 67
-47 204 605 -0.414764 -0.43958 -0.796706 131 79 68
-44 204 604 -0.0571241 -0.548976 -0.833884 139 82 71
-41 204 605 0.318006 -0.60515 -0.729839 179 115 103
-39 205 606 0.509129 -0.61466 -0.602479 185 121 109
-38 205 607 0.556989 -0.597687 -0.576658 188 125 110
-37 205 607 0.606282 -0.588676 -0.53468 192 129 114
-33 208 615 0.76161 -0.525607 -0.379061 216 153 136
-32 209 618 0.752755 -0.46321 -0.467758 167 101 87
-29 211 624 -0.422591 0.148195 -0.894123 173 103 91
-28 211 623 -0.41777 0.153669 -0.895463 171 99 87
-27 211 623 -0.448129 0.16213 -0.879144 177 105 93
-26 210 621 -0.398527 0.129562 -0.907959 184 114 104
-25 210 620 -0.365724 0.0923139 -0.926134 188 118 108
-24 210 620 -0.290899 0.0648579 -0.954553 189 119 107
-21 210 620 0.0646173 -0.138398 -0.988266 189 121 108
-20 210 620 0.163768 -0.21395 -0.963019 185 117 104
-19 210 620 0.247032 -0.280111 -0.927638 196 129 113
-18 210 620 0.348032 -0.346007 -0.871294 199 132 116
-17 210 621 0.417752 -0.40523 -0.813186 198 132 116
-16 210 622 0.505395 -0.452303 -0.734845 197 131 115
-14 211 624 0.648391 -0.513076 -0.562444 200 134 118
-13 211 625 0.687003 -0.532402 -0.494545 202 136 120
-54 206 609 -0.571428 -0.417975 -0.706234 92 61 56
-53 206 608 -0.566754 -0.41347 -0.712624 98 63 59
-52 206 608 -0.565702 -0.409701 -0.71563 109 68 62
-51 206 608 -0.56823 -0.402331 -0.717805 113 70 63
-49 205 606 -0.517336 -0.414824 -0.748522 125 75 66
-48 205 605 -0.473842 -0.412792 -0.777867 127 77 66
-46 204 603 -0.295293 -0.472628 -0.830316 119 71 61
-45 204 603 -0.224915 -0.507809 -0.831591 113 63 54
-43 204 603 0.0777851 -0.577643 -0.812575 147 90 81
-42 204 603 0.167255 -0.601277 -0.781339 160 100 92
-36 206 608 0.67953 -0.591519 -0.433986 200 137 122
-34 207 611 0.79255 -0.523884 -0.312106 213 150 135
-31 210 619 0.700195 -0.429546 -0.570279 161 95 81
-30 211 622 -0.326975 0.131049 -0.935903 188 120 107
-26 211 621 -0.419688 0.134174 -0.897697 183 113 101
-25 211 621 -0.407256 0.132601 -0.903637 188 118 106
-23 210 620 -0.206508 -0.00121343 -0.978444 186 118 105
-22 210 620 -0.0827543 -0.0685218 -0.994211 187 119 106
-16 211 622 0.470409 -0.462235 -0.751701 196 130 114
-15 211 623 0.581957 -0.496279 -0.644231 197 131 115
-12 212 626 0.726352 -0.550122 -0.412041 201 135 119
-11 213 629 0.752915 -0.565582 -0.336505 201 135 119
-50 206 606 -0.53906 -0.403986 -0.73906 120 73 63
-49 206 606 -0.521181 -0.407997 -0.749606 123 75 65
-48 206 605 -0.474314 -0.413361 -0.777277 126 78 66
-47 205 604 -0.420758 -0.42331 -0.802354 127 81 66
-46 205 603 -0.333003 -0.454693 -0.826052 122 74 62
-45 205 603 -0.257159 -0.488097 -0.834044 113 63 54
-44 205 603 -0.108514 -0.539951 -0.834672 107 57 48
-43 205 603 0.0478581 -0.566091 -0.822952 125 68 59
-42 205 603 0.137237 -0.600386 -0.787847 134 74 66
-41 205 604 0.258866 -0.614773 -0.745012 168 105 96
-40 205 604 0.351431 -0.62638 -0.695805 161 97 87
-39 206 605 0.443333 -0.63788 -0.629734 177 110 101
-37 206 607 0.596991 -0.617253 -0.512446 193 130 115
-29 212 624 -0.4217 0.141887 -0.895565 165 95 85
-28 212 624 -0.455251 0.131572 -0.880588 166 93 84
-27 212 624 -0.467158 0.111627 -0.877099 172 102 92
-24 211 621 -0.398176 0.127042 -0.908469 185 115 103
-23 211 620 -0.277414 0.0183862 -0.960575 184 114 102
-22 211 620 -0.176142 -0.0392128 -0.983583 183 115 102
-21 211 620 -0.00189974 -0.136063 -0.990698 184 116 103
-20 211 620 0.087519 -0.192598 -0.977367 188 120 107
-19 211 620 0.188152 -0.268961 -0.944594 190 122 109
-18 211 620 0.263918 -0.320596 -0.909706 193 125 112
-17 211 621 0.362955 -0.387307 -0.8475 193 125 112
-14 212 623 0.581818 -0.529185 -0.617618 196 130 114
-13 212 624 0.63224 -0.527325 -0.567628 201 135 119
-10 214 630 0.754839 -0.57238 -0.32031 199 133 117
-9 215 633 0.767842 -0.570837 -0.290799 198 132 116
-53 207 608 -0.560193 -0.404552 -0.722856 96 66 58
-52 207 607 -0.562956 -0.385097 -0.731287 106 66 58
-51 207 607 -0.557709 -0.38367 -0.736042 111 69 57
-50 207 606 -0.543431 -0.388834 -0.74397 119 73 60
-47 206 604 -0.42352 -0.417646 -0.803868 131 78 70
-46 206 603 -0.367482 -0.432025 -0.823597 126 77 70
-38 206 605 0.50093 -0.635502 -0.587543 185 117 104
-35 207 608 0.704126 -0.592633 -0.391142 201 136 118
-30 212 622 -0.346819 0.150695 -0.925747 178 111 95
-28 213 624 -0.453761 0.110161 -0.884288 155 81 72
-27 213 624 -0.453948 0.0943651 -0.886017 171 92 85
-26 212 622 -0.435121 0.115864 -0.892886 177 105 93
-25 212 622 -0.437907 0.107324 -0.892591 181 111 99
-24 212 621 -0.420733 0.117462 -0.899548 183 113 101
-23 212 620 -0.312544 0.0274624 -0.949506 182 112 100
-22 212 620 -0.226686 -0.0231638 -0.973692 185 115 103
-21 212 620 -0.0905152 -0.118978 -0.988763 180 112 99
-20 212 620 0.00618533 -0.182652 -0.983158 187 120 104
-19 212 620 0.137691 -0.262794 -0.954977 188 121 105
-18 212 620 0.198838 -0.343505 -0.91786 186 119 103
-17 212 620 0.289428 -0.403468 -0.868012 187 121 105
-16 212 621 0.387592 -0.454214 -0.802161 194 128 112
-15 212 622 0.483084 -0.47744 -0.733949 194 128 112
-12 213 625 0.69516 -0.562496 -0.447605 201 138 121
-11 214 628 0.740511 -0.577094 -0.344393 199 133 117
-49 207 605 -0.504147 -0.391852 -0.769602 119 71 59
-45 206 603 -0.253954 -0.477773 -0.840976 113 64 59
-44 206 603 -0.110003 -0.53197 -0.839587 107 57 50
-43 206 603 -0.00386267 -0.567514 -0.823355 131 78 70
-42 206 603 0.088621 -0.60691 -0.789814 135 80 73
-41 206 603 0.182787 -0.617893 -0.764721 126 67 59
-40 206 603 0.266817 -0.641486 -0.719239 152 94 83
-36 207 606 0.600589 -0.633821 -0.487405 196 128 115
-34 208 609 0.743719 -0.578445 -0.335087 208 145 127
-33 209 612 0.795725 -0.526103 -0.300063 213 152 133
-31 211 617 0.733705 -0.524346 -0.432133 168 107 89
-29 213 623 -0.403595 0.102393 -0.90919 155 83 71
-28 214 624 -0.442599 0.0353323 -0.896023 151 79 67
-27 214 625 -0.472652 0.0893165 -0.876711 170 93 85
-26 213 623 -0.44938 0.0763695 -0.890071 173 99 90
-25 213 622 -0.446577 0.0778723 -0.89135 179 109 99
-14 213 622 0.518371 -0.521878 -0.677447 193 127 113
-13 213 623 0.60978 -0.552215 -0.568531 197 134 119
-12 214 624 0.633878 -0.572104 -0.520476 200 137 120
-8 216 632 0.763922 -0.578777 -0.285376 195 129 113
-53 208 606 -0.552782 -0.38746 -0.737771 94 65 59
-52 208 606 -0.553395 -0.38178 -0.740268 100 66 57
-51 208 606 -0.555413 -0.376397 -0.741513 109 66 57
-48 207 604 -0.467091 -0.399213 -0.788958 121 71 62
-47 207 603 -0.425558 -0.397666 -0.812873 126 73 67
-46 207 603 -0.387737 -0.422649 -0.819163 126 73 69
-45 207 602 -0.306518 -0.441278 -0.843398 109 60 56
-44 207 602 -0.181149 -0.496457 -0.84895 105 54 50
-43 207 602 -0.0487684 -0.562184 -0.825573 125 72 66
-39 207 604 0.382311 -0.66202 -0.644645 172 108 96
-38 207 604 0.434036 -0.665248 -0.607501 177 109 96
-37 207 604 0.484494 -0.672792 -0.559122 187 117 105
-36 208 605 0.542133 -0.676678 -0.498195 198 130 117
-35 208 606 0.638922 -0.639212 -0.428003 199 134 116
-32 210 613 0.757609 -0.539932 -0.366746 215 154 136
-26 214 623 -0.451393 0.0639507 -0.890031 168 98 88
-24 213 621 -0.424599 0.0505762 -0.903968 179 109 99
-23 213 620 -0.353901 0.0177365 -0.935115 177 107 97
-22 213 620 -0.270939 -0.0121725 -0.962519 181 111 101
-21 213 620 -0.204375 -0.0894937 -0.974793 181 113 102
-20 213 620 -0.0770382 -0.174045 -0.98172 185 117 104
-16 213 620 0.326923 -0.476148 -0.816336 191 125 111
-15 213 621 0.396907 -0.489344 -0.776536 191 125 111
-10 215 627 0.728327 -0.588455 -0.351085 201 135 119
-50 208 605 -0.535119 -0.37507 -0.756947 112 65 57
-49 208 605 -0.506123 -0.377606 -0.775405 115 66 59
-48 208 604 -0.477308 -0.376348 -0.794065 121 71 64
-47 208 603 -0.441863 -0.383434 -0.811009 122 72 65
-42 207 602 -0.0191269 -0.575248 -0.817755 134 79 72
-41 207 602 0.14472 -0.629424 -0.763467 131 72 66
-40 207 602 0.22287 -0.660873 -0.716642 143 83 73
-39 208 603 0.302525 -0.688784 -0.658829 160 96 84
-34 209 608 0.70452 -0.617562 -0.349669 205 142 125
-28 215 623 -0.3917 0.0304678 -0.919588 145 75 63
-27 215 624 -0.464557 0.0288346 -0.885074 158 84 75
-25 214 622 -0.453161 0.066272 -0.888962 173 103 93
-24 214 621 -0.441874 0.0224769 -0.896796 176 106 96
-19 213 619 0.0386228 -0.263524 -0.963879 183 115 102
-18 213 619 0.106461 -0.341142 -0.933964 179 111 98
-17 213 619 0.197652 -0.413627 -0.888733 187 121 107
-14 214 621 0.432379 -0.523877 -0.733894 191 125 109
-13 214 621 0.511396 -0.554483 -0.656523 194 128 112
-11 215 625 0.698895 -0.581232 -0.416792 199 133 117
-9 216 628 0.740356 -0.593641 -0.315378 197 131 115
-53 209 605 -0.541356 -0.375829 -0.752121 90 62 58
-52 209 605 -0.545066 -0.371721 -0.751483 97 64 57
-51 209 605 -0.539966 -0.364748 -0.758548 103 65 56
-49 209 604 -0.498863 -0.362124 -0.787402 112 65 59
-46 208 602 -0.404284 -0.391642 -0.826542 124 73 69
-43 208 601 -0.138682 -0.526288 -0.838921 127 76 72
-38 208 603 0.382418 -0.697667 -0.60582 177 111 99
-37 208 603 0.448889 -0.687008 -0.571418 187 119 106
-30 213 618 0.799748 -0.421052 -0.427923 150 87 72
-26 215 623 -0.433963 0.00280357 -0.900927 158 85 76
-25 215 622 -0.445318 -0.00693339 -0.895346 172 102 92
-24 215 621 -0.455019 -0.0266878 -0.890082 174 104 94
-23 214 620 -0.404805 -0.0304977 -0.913894 172 102 92
-22 214 620 -0.334697 -0.049798 -0.941009 175 105 95
-21 214 620 -0.282983 -0.101065 -0.953785 183 115 104
-20 214 620 -0.160705 -0.183004 -0.969888 189 121 110
-19 214 619 -0.0545059 -0.271246 -0.960965 181 113 100
-18 214 619 0.0445314 -0.341714 -0.938748 178 110 97
-17 214 619 0.108394 -0.394731 -0.91238 185 119 105
-16 214 619 0.196482 -0.46306 -0.864275 188 122 108
-15 214 620 0.352863 -0.504649 -0.78792 188 122 108
-10 216 625 0.697076 -0.597029 -0.397041 203 137 121
-8 217 629 0.756122 -0.586547 -0.290244 197 131 115
-7 218 632 0.779931 -0.566967 -0.265058 195 129 113
-50 209 604 -0.521042 -0.363532 -0.772243 109 66 59
-48 209 603 -0.475424 -0.366585 -0.799742 115 67 63
-47 209 603 -0.446392 -0.36727 -0.815994 118 70 66
-46 209 602 -0.417745 -0.378445 -0.825996 123 75 71
-45 208 601 -0.356431 -0.42053 -0.834333 122 75 69
-44 208 601 -0.264576 -0.471207 -0.841406 109 60 55
-40 208 601 0.119458 -0.652791 -0.74806 163 105 93
-35 209 604 0.537921 -0.694313 -0.478091 203 134 119
-33 210 607 0.696902 -0.631389 -0.34011 206 140 124
-32 211 610 0.790461 -0.56083 -0.246254 211 148 131
-31 212 613 0.733925 -0.577381 -0.357751 215 153 138
-29 214 619 0.712316 -0.438356 -0.548133 136 72 60
-27 216 624 -0.425379 0.00119409 -0.905015 145 75 65
-26 216 623 -0.438201 0.00838282 -0.898838 162 92 84
-25 216 623 -0.448114 -0.00819381 -0.893939 171 101 93
-23 215 620 -0.402579 -0.0907339 -0.910877 168 98 88
-22 215 620 -0.38654 -0.0884677 -0.91802 172 102 92
-14 215 620 0.395465 -0.526588 -0.752537 191 125 109
-13 215 620 0.443154 -0.547506 -0.709825 199 133 117
-12 215 621 0.54371 -0.564497 -0.621065 198 132 116
-11 216 622 0.616031 -0.575969 -0.537369 197 131 115
-52 210 604 -0.530936 -0.37345 -0.760685 90 62 58
-51 210 604 -0.524036 -0.371537 -0.766386 94 63 58
-48 210 603 -0.46808 -0.360884 -0.806638 113 68 63
-42 208 600 -0.071023 -0.57391 -0.815833 125 72 66
-41 208 600 -0.0320109 -0.607694 -0.793526 135 81 71
-38 209 601 0.257892 -0.716206 -0.648491 178 114 104
-36 209 602 0.440753 -0.713838 -0.544218 191 123 110
-35 210 603 0.500369 -0.709826 -0.49576 199 130 115
-34 210 605 0.623462 -0.673515 -0.397079 204 137 121
-33 211 606 0.66807 -0.654074 -0.354782 203 136 120
-24 216 621 -0.468502 -0.0385822 -0.882619 164 94 86
-23 216 620 -0.419888 -0.0745807 -0.904507 165 95 87
-22 216 620 -0.42339 -0.11448 -0.898685 170 100 92
-21 215 619 -0.314793 -0.145505 -0.937941 175 107 98
-20 215 619 -0.21986 -0.215262 -0.951485 185 117 106
-19 215 619 -0.13309 -0.275798 -0.951957 177 109 98
-18 215 619 -0.0374818 -0.334995 -0.941474 177 109 98
-17 215 619 0.0832131 -0.424708 -0.901498 179 113 101
-16 215 619 0.152824 -0.454509 -0.877534 187 121 109
-15 215 619 0.247146 -0.482593 -0.840252 187 124 107
-14 216 620 0.376491 -0.537876 -0.754284 189 126 109
-12 216 621 0.549429 -0.570077 -0.610852 199 133 117
-9 217 625 0.715876 -0.587768 -0.376894 198 132 116
-6 219 631 0.785574 -0.558974 -0.265371 199 132 115
-50 210 604 -0.512231 -0.359241 -0.780106 102 65 57
-49 210 604 -0.494072 -0.369831 -0.78684 105 64 58
-45 209 601 -0.38577 -0.417315 -0.822818 124 77 71
-44 209 601 -0.29147 -0.483924 -0.825144 125 76 71
-43 209 601 -0.176237 -0.536582 -0.825239 118 68 61
-42 209 600 -0.129259 -0.569918 -0.811471 133 78 73
-41 209 600 -0.0627175 -0.628857 -0.774987 136 82 72
-40 209 600 0.0704717 -0.665305 -0.743238 159 99 89
-39 209 601 0.192667 -0.697669 -0.690027 176 112 103
-37 209 601 0.349259 -0.720447 -0.599145 188 120 111
-31 213 611 0.754796 -0.575592 -0.314605 213 151 136
-26 217 623 -0.459023 0.00560777 -0.888407 142 74 65
-25 217 623 -0.475895 -0.0207986 -0.879256 164 93 87
-24 217 621 -0.470154 -0.0694307 -0.879849 160 89 83
-13 216 620 0.422434 -0.546033 -0.723462 202 136 122
-11 217 622 0.608081 -0.577753 -0.544461 198 132 118
-10 217 623 0.650762 -0.579419 -0.490697 201 135 119
-8 218 626 0.737761 -0.578282 -0.348279 201 134 118
-49 211 603 -0.490747 -0.371743 -0.788019 104 64 56
-48 211 603 -0.468497 -0.384133 -0.795583 107 67 57
-47 210 602 -0.457421 -0.372393 -0.807521 115 71 62
-46 210 601 -0.43573 -0.385236 -0.813469 119 70 63
-45 210 600 -0.413649 -0.425847 -0.804704 126 73 65
-42 210 600 -0.167549 -0.590336 -0.789576 142 85 74
-40 210 600 0.015038 -0.663295 -0.748207 161 101 90
-38 210 600 0.201572 -0.710809 -0.673884 183 113 101
-37 210 600 0.259409 -0.730037 -0.63226 186 116 104
-32 212 607 0.73629 -0.617319 -0.277118 209 146 128
-29 215 616 0.743742 -0.499 -0.444799 111 48 33
-28 216 619 0.23927 -0.348161 -0.906385 114 50 40
-23 217 620 -0.446147 -0.0893193 -0.890491 157 88 81
-21 216 619 -0.356213 -0.155881 -0.921311 177 108 101
-20 216 619 -0.268227 -0.196997 -0.942999 175 108 100
-19 216 619 -0.201373 -0.273924 -0.940433 170 106 96
-18 216 619 -0.0870209 -0.352781 -0.931651 175 111 101
-17 216 619 0.0059066 -0.403624 -0.914906 183 119 109
-16 216 619 0.136763 -0.464458 -0.874971 184 120 110
-15 216 619 0.228394 -0.497335 -0.836955 185 121 109
-9 218 623 0.684084 -0.566768 -0.459132 201 135 119
-51 211 603 -0.500674 -0.38304 -0.776277 91 63 59
-50 211 603 -0.495069 -0.377317 -0.782648 97 62 56
-47 211 602 -0.460814 -0.390072 -0.797179 112 69 62
-44 210 600 -0.350337 -0.472323 -0.808811 125 73 62
-43 210 600 -0.274626 -0.530199 -0.802166 121 67 57
-41 210 600 -0.105146 -0.626229 -0.772516 151 93 81
-39 210 600 0.151692 -0.693815 -0.703996 173 107 93
-36 210 600 0.356443 -0.728176 -0.585413 187 115 101
-34 211 603 0.546624 -0.705947 -0.450379 201 138 121
-30 214 611 0.780323 -0.526742 -0.337103 210 147 130
-27 217 620 -0.429112 -0.0595331 -0.901287 117 52 46
-25 218 622 -0.498381 -0.0416427 -0.865957 153 82 78
-22 217 620 -0.434546 -0.0858356 -0.89655 160 91 84
-21 217 619 -0.403325 -0.146284 -0.903288 171 102 95
-20 217 619 -0.352462 -0.169607 -0.920328 170 103 95
-19 217 618 -0.26528 -0.267195 -0.926409 171 104 95
-18 217 618 -0.175615 -0.330047 -0.927485 177 110 101
-17 217 618 -0.0451527 -0.396013 -0.917134 180 116 104
-12 217 620 0.490805 -0.544012 -0.68056 196 132 120
-10 218 622 0.632102 -0.568782 -0.526245 200 134 120
-8 219 624 0.718527 -0.564939 -0.405663 207 141 127
-7 219 625 0.742514 -0.564183 -0.361069 209 143 129
-5 220 628 0.783723 -0.54162 -0.304017 206 141 123
-4 221 631 0.817273 -0.515453 -0.257631 209 143 127
-51 212 603 -0.496755 -0.386649 -0.777005 90 61 55
-50 212 603 -0.492064 -0.388897 -0.778866 96 63 56
-49 212 603 -0.476135 -0.388054 -0.789119 97 64 55
-48 212 603 -0.470404 -0.390051 -0.791569 102 65 57
-46 211 601 -0.454689 -0.398855 -0.79635 115 72 65
-45 211 600 -0.435237 -0.427682 -0.792248 123 73 64
-44 211 599 -0.398403 -0.459135 -0.794021 126 73 65
-43 211 599 -0.34015 -0.507324 -0.791783 124 70 60
-39 211 599 0.0650548 -0.688534 -0.72228 166 102 90
-38 211 599 0.151508 -0.705868 -0.691951 175 107 94
-35 211 601 0.416573 -0.726382 -0.546659 189 122 106
-33 212 603 0.603065 -0.685353 -0.40817 204 138 122
-26 218 621 -0.440985 -0.0521231 -0.896 126 63 58
-24 218 621 -0.468564 -0.0614741 -0.881288 146 77 70
-23 218 620 -0.453379 -0.0695418 -0.888601 149 80 73
-22 218 620 -0.447213 -0.0831685 -0.890552 157 88 81
-16 217 618 0.0712405 -0.424403 -0.902667 187 120 111
-15 217 618 0.148649 -0.442005 -0.88461 187 123 114
-14 217 618 0.24837 -0.46763 -0.848313 185 121 112
-13 217 618 0.327373 -0.482956 -0.812145 187 123 114
-11 218 621 0.571932 -0.539613 -0.617828 194 130 120
-6 220 626 0.764253 -0.547698 -0.340507 211 145 131
-3 222 632 0.826344 -0.500532 -0.258115 209 143 129
-47 212 601 -0.467832 -0.399774 -0.788234 106 67 60
-46 212 601 -0.464324 -0.413199 -0.783371 111 71 63
-42 211 599 -0.255704 -0.566465 -0.783411 138 81 74
-41 211 598 -0.149989 -0.616434 -0.772989 144 87 76
-40 211 598 -0.0536808 -0.652064 -0.756261 156 97 83
-37 211 598 0.1663 -0.716352 -0.677631 178 109 94
-36 211 599 0.328663 -0.737362 -0.590151 187 115 101
-35 212 600 0.402095 -0.737656 -0.542387 189 120 105
-32 213 605 0.67414 -0.657342 -0.336805 210 143 126
-26 219 620 -0.438567 -0.041377 -0.897746 120 59 56
-25 219 622 -0.492435 -0.042444 -0.869314 141 74 68
-24 219 621 -0.495959 -0.0577702 -0.866422 141 74 68
-23 219 621 -0.474841 -0.0627574 -0.877831 146 79 71
-22 219 620 -0.470689 -0.0674845 -0.879715 154 87 79
-21 218 618 -0.402953 -0.144557 -0.903732 167 100 92
-20 218 618 -0.381078 -0.187378 -0.905356 168 101 93
-19 218 618 -0.320272 -0.234963 -0.917725 168 101 92
-18 218 617 -0.221699 -0.292617 -0.930175 176 109 100
-17 218 617 -0.0959426 -0.337688 -0.936356 182 115 106
-16 218 617 -0.000614063 -0.36725 -0.930122 186 119 110
-12 218 619 0.444253 -0.516106 -0.732308 193 128 122
-7 220 624 0.736994 -0.549 -0.394257 212 146 132
-5 221 626 0.782957 -0.528954 -0.327392 211 145 131
-50 213 603 -0.478341 -0.399532 -0.782026 92 61 56
-49 213 603 -0.468125 -0.406511 -0.784607 98 63 57
-48 213 602 -0.469247 -0.404358 -0.785049 100 61 56
-47 213 601 -0.474017 -0.417455 -0.775268 105 66 61
-46 213 601 -0.466458 -0.422961 -0.776866 107 66 60
-45 212 600 -0.454455 -0.434454 -0.777638 118 71 65
-44 212 599 -0.409715 -0.468711 -0.782588 124 74 67
-37 212 598 0.157779 -0.721518 -0.674179 175 105 93
-34 212 600 0.425406 -0.741703 -0.518562 192 120 106
-27 218 617 0.593129 -0.492731 -0.636721 104 45 39
-25 220 622 -0.503535 -0.033581 -0.863322 133 70 65
-24 220 622 -0.507995 -0.0442453 -0.860223 131 66 62
-15 218 617 0.116394 -0.406762 -0.906089 184 120 111
-14 218 617 0.20748 -0.422885 -0.882112 186 122 113
-13 218 617 0.277876 -0.435294 -0.856332 188 123 117
-10 219 620 0.58372 -0.518559 -0.624794 202 138 129
-9 219 620 0.600791 -0.522468 -0.605043 207 141 129
-6 221 625 0.76378 -0.534286 -0.362187 214 148 134
-4 222 628 0.80964 -0.50188 -0.304302 211 145 131
-50 214 602 -0.478823 -0.404287 -0.779282 90 59 56
-45 213 600 -0.466143 -0.439888 -0.7676 117 68 63
-44 213 599 -0.436622 -0.470927 -0.766544 121 71 64
-43 212 598 -0.373077 -0.495956 -0.784118 111 58 50
-42 212 598 -0.300385 -0.548442 -0.780372 114 57 50
-41 212 598 -0.208728 -0.578914 -0.78822 129 72 63
-40 212 597 -0.0895702 -0.632437 -0.769415 155 95 84
-38 212 598 0.114585 -0.701237 -0.703659 171 103 92
-36 212 598 0.233042 -0.734719 -0.637086 180 108 96
-33 213 601 0.513531 -0.724896 -0.459142 202 130 116
-31 214 604 0.681593 -0.661608 -0.312579 206 140 124
-30 215 607 0.758216 -0.614973 -0.216602 205 143 128
-28 217 612 0.766892 -0.54884 -0.332643 143 83 73
-24 221 622 -0.507824 -0.0222429 -0.861173 124 61 56
-23 220 621 -0.489825 -0.0358123 -0.871085 137 74 69
-22 220 620 -0.494008 -0.0413721 -0.868472 146 83 78
-21 219 618 -0.44302 -0.11046 -0.889681 157 92 86
-20 219 618 -0.442421 -0.151516 -0.883916 162 95 89
-19 219 618 -0.39191 -0.179881 -0.902247 163 96 90
-18 219 617 -0.262552 -0.241674 -0.934163 175 108 102
-17 219 617 -0.153384 -0.291513 -0.944189 182 113 106
-16 219 617 -0.0436576 -0.325569 -0.94451 183 114 107
-15 219 617 0.0961667 -0.372776 -0.922925 185 121 112
-14 219 617 0.180008 -0.402455 -0.897567 186 122 113
-13 219 617 0.266363 -0.421803 -0.866679 188 124 115
-12 219 618 0.376365 -0.439959 -0.815343 190 126 117
-11 219 618 0.435845 -0.445816 -0.781849 195 131 122
-8 220 621 0.657057 -0.521014 -0.544813 211 145 131
-7 221 622 0.70722 -0.515337 -0.484012 212 146 132
-5 222 625 0.791316 -0.495392 -0.358337 215 149 135
-4 223 627 0.811347 -0.486525 -0.324053 217 151 137
-3 223 629 0.825973 -0.478787 -0.297543 218 152 138
-2 224 632 0.834703 -0.476971 -0.275262 204 138 124
-49 214 602 -0.467296 -0.407079 -0.784806 98 60 57
-48 214 602 -0.47059 -0.412801 -0.779833 93 49 48
-47 214 601 -0.475195 -0.421257 -0.772485 109 61 61
-46 214 601 -0.466836 -0.43524 -0.769825 111 61 60
-39 212 597 -0.0433636 -0.663267 -0.747125 166 102 93
-35 213 599 0.372126 -0.738984 -0.561627 188 114 103
-34 213 599 0.403969 -0.747623 -0.527132 195 121 110
-26 220 619 -0.438838 -0.00795617 -0.898531 103 46 39
-23 221 622 -0.492915 -0.0303975 -0.869546 135 72 67
-22 221 620 -0.503432 -0.0245791 -0.863685 145 82 77
-21 220 618 -0.481208 -0.0789548 -0.873043 154 89 83
-20 220 618 -0.472193 -0.112965 -0.874227 159 92 84
-19 220 618 -0.45483 -0.123978 -0.881907 169 100 95
-12 220 618 0.372557 -0.419423 -0.82782 191 127 117
-11 220 618 0.429264 -0.425597 -0.796618 196 132 122
-10 220 619 0.531993 -0.471296 -0.703465 199 135 123
-9 220 619 0.564632 -0.493502 -0.661548 204 140 128
-50 215 601 -0.457506 -0.439969 -0.772732 90 59 57
-43 213 598 -0.385223 -0.502147 -0.774243 127 74 66
-42 213 597 -0.34359 -0.540048 -0.768306 117 60 51
-41 213 597 -0.274542 -0.582527 -0.765042 153 93 83
-40 213 597 -0.147163 -0.621381 -0.769564 158 98 88
-39 213 597 -0.0662447 -0.650293 -0.756789 164 100 90
-36 213 597 0.194546 -0.723378 -0.662477 169 99 87
-32 214 600 0.555627 -0.713766 -0.426399 206 137 122
-29 216 606 0.75554 -0.619206 -0.213877 205 143 130
-27 219 614 0.729366 -0.605259 -0.318883 90 33 24
-25 221 619 -0.479161 -0.0241795 -0.877394 105 48 39
-23 222 622 -0.53147 -0.0125559 -0.846984 131 70 65
-22 222 621 -0.541134 -0.0110425 -0.840864 142 81 76
-21 221 619 -0.511852 -0.0360781 -0.858316 152 87 81
-20 221 618 -0.504491 -0.0631885 -0.861102 155 91 82
-18 220 617 -0.286179 -0.200954 -0.936867 175 106 99
-17 220 616 -0.158402 -0.226756 -0.960984 182 111 105
-16 220 616 -0.0887935 -0.253088 -0.96336 183 113 105
-15 220 617 0.0568906 -0.324052 -0.944327 184 120 111
-14 220 617 0.160412 -0.356019 -0.920608 182 119 110
-13 220 617 0.256518 -0.386761 -0.885785 189 127 116
-8 221 620 0.634859 -0.482664 -0.603315 211 147 135
-6 222 623 0.742412 -0.503269 -0.442204 215 152 137
-48 215 601 -0.467488 -0.448581 -0.761728 94 45 41
-45 214 599 -0.472219 -0.47485 -0.742648 123 65 61
-44 214 598 -0.437223 -0.496006 -0.750209 126 68 64
-38 213 596 0.019072 -0.682736 -0.730416 152 84 73
-37 213 596 0.0972135 -0.719304 -0.687859 150 82 71
-33 214 599 0.474679 -0.74356 -0.470954 175 105 95
-31 215 601 0.597888 -0.707465 -0.376861 202 133 118
-24 222 621 -0.518879 -0.00411401 -0.854838 112 55 48
-21 222 619 -0.531283 -0.0154513 -0.847054 153 84 79
-20 222 619 -0.517463 -0.0357931 -0.854957 159 90 83
-19 221 618 -0.479325 -0.0946296 -0.872521 163 92 86
-18 221 617 -0.353513 -0.120226 -0.927671 174 103 97
-12 221 618 0.336834 -0.363121 -0.868726 196 130 118
-11 221 618 0.421584 -0.412869 -0.807345 193 131 120
-10 221 618 0.484941 -0.42952 -0.761804 195 133 122
-9 221 618 0.511574 -0.446906 -0.733872 199 140 126
-7 222 620 0.669042 -0.47963 -0.567748 209 147 132
-4 224 625 0.814228 -0.451709 -0.36468 219 151 138
-3 224 626 0.819968 -0.453393 -0.34941 220 152 139
-2 225 629 0.839566 -0.443914 -0.313161 220 152 139
-49 215 600 -0.468179 -0.450284 -0.760298 97 59 58
-47 215 600 -0.47932 -0.451684 -0.752485 98 47 43
-46 215 600 -0.471706 -0.465188 -0.749062 103 50 46
-45 215 598 -0.47004 -0.484959 -0.73748 122 64 60
-44 215 598 -0.443021 -0.514447 -0.734219 127 70 63
-43 214 597 -0.395521 -0.525922 -0.752973 132 75 68
-42 214 596 -0.3547 -0.546878 -0.758362 114 59 52
-41 214 596 -0.293442 -0.575496 -0.763345 119 65 55
-40 214 596 -0.210073 -0.615007 -0.760024 133 76 65
-39 214 596 -0.116539 -0.662886 -0.739595 139 79 69
-38 214 596 -0.0329676 -0.694181 -0.719045 145 78 69
-37 214 596 0.0704124 -0.722984 -0.687267 146 80 68
-36 214 596 0.150142 -0.734482 -0.66181 144 74 66
-35 214 597 0.26292 -0.742182 -0.616473 137 67 57
-34 214 597 0.333766 -0.749299 -0.571972 151 81 71
-28 218 607 0.765035 -0.608711 -0.210219 211 149 138
-23 223 621 -0.543093 0.011216 -0.839598 119 58 53
-22 223 621 -0.557405 0.00304897 -0.830235 140 75 71
-17 221 616 -0.206805 -0.153088 -0.966331 178 108 100
-16 221 616 -0.103219 -0.195759 -0.975205 184 114 106
-15 221 616 -0.0164374 -0.206492 -0.97831 188 118 110
-14 221 616 0.110423 -0.251182 -0.961621 190 120 112
-13 221 616 0.196318 -0.28115 -0.939369 193 125 114
-9 222 618 0.501932 -0.436739 -0.746541 197 138 124
-8 222 619 0.599657 -0.457312 -0.656717 209 147 132
-7 223 620 0.661407 -0.460247 -0.59221 212 149 134
-6 223 621 0.709438 -0.471993 -0.523374 218 152 138
-5 223 622 0.746955 -0.463724 -0.476464 218 152 138
-1 226 630 0.844738 -0.437581 -0.308123 221 153 140
-49 216 599 -0.477497 -0.452859 -0.752938 94 56 55
-47 216 600 -0.481279 -0.465986 -0.742447 92 41 38
-43 215 597 -0.415482 -0.521172 -0.745489 127 70 61
-42 215 596 -0.374248 -0.550257 -0.746429 112 55 46
-41 215 596 -0.325491 -0.572764 -0.752327 98 41 32
-32 215 598 0.498655 -0.734396 -0.460441 193 121 107
-30 216 601 0.648051 -0.689944 -0.322501 198 129 113
-25 222 617 -0.504726 0.116527 -0.855379 98 41 34
-24 223 620 -0.512089 0.0104052 -0.858869 107 48 42
-22 224 621 -0.549222 0.0252597 -0.835295 135 70 64
-21 223 619 -0.529213 0.00172409 -0.848487 148 79 74
-20 223 619 -0.523208 -0.0108099 -0.852136 155 86 79
-19 222 617 -0.436446 -0.0364542 -0.898992 166 96 88
-18 222 616 -0.303201 -0.0704029 -0.950322 170 100 92
-17 222 616 -0.224688 -0.0840394 -0.9708 172 102 94
-16 222 616 -0.160677 -0.124132 -0.97917 183 115 106
-15 222 616 -0.0416518 -0.17215 -0.98419 187 119 110
-14 222 616 0.0724756 -0.189017 -0.979296 191 123 112
-13 222 616 0.156917 -0.231241 -0.960159 196 130 118
-12 222 617 0.302759 -0.296198 -0.905872 196 132 120
-11 222 617 0.325345 -0.329937 -0.886167 193 129 117
-10 222 617 0.408057 -0.362577 -0.837871 193 134 120
-8 223 619 0.588018 -0.449543 -0.672419 209 147 132
-6 224 621 0.716034 -0.454162 -0.530124 217 151 137
-3 225 625 0.829138 -0.418269 -0.370921 219 153 139
-2 226 628 0.842243 -0.424497 -0.332309 223 157 143
-48 216 599 -0.490281 -0.454985 -0.74338 92 48 47
-46 216 599 -0.491872 -0.468892 -0.733622 102 47 44
-45 216 598 -0.474016 -0.479661 -0.7384 121 62 58
-40 215 595 -0.256583 -0.613688 -0.746694 120 61 53
-39 215 595 -0.190442 -0.654134 -0.732012 117 57 49
-38 215 595 -0.0889647 -0.700288 -0.708295 117 54 47
-37 215 595 0.00084205 -0.719233 -0.694768 127 63 54
-36 215 595 0.126425 -0.740904 -0.659604 156 88 79
-35 215 595 0.190317 -0.747654 -0.636234 161 91 81
-34 215 596 0.302683 -0.749948 -0.588185 178 106 92
-33 215 596 0.343058 -0.747869 -0.568334 182 110 96
-31 216 599 0.576093 -0.712736 -0.400156 195 123 108
-29 217 602 0.698503 -0.653667 -0.291227 208 140 127
-23 224 620 -0.538087 0.0316019 -0.842297 113 52 47
-21 224 619 -0.533087 0.0270909 -0.845626 145 76 71
-19 223 617 -0.433329 -0.00391695 -0.901227 163 93 85
-18 223 616 -0.339067 -0.0130535 -0.940672 167 97 89
-17 223 616 -0.271411 -0.0418963 -0.961551 176 108 99
-16 223 616 -0.205706 -0.0841692 -0.974987 182 114 105
-15 223 616 -0.0819913 -0.135101 -0.987434 185 117 108
-13 223 616 0.15962 -0.212944 -0.963938 190 124 112
-12 223 617 0.272731 -0.266352 -0.924486 194 130 118
-11 223 617 0.313611 -0.30709 -0.898523 192 128 116
-10 223 617 0.39498 -0.351886 -0.848627 193 134 120
-9 223 618 0.457274 -0.391195 -0.798666 197 138 122
-5 224 621 0.747476 -0.438166 -0.49929 216 150 136
-4 225 624 0.821338 -0.407849 -0.398827 213 150 135
-1 227 629 0.845001 -0.423035 -0.327132 213 150 135
-45 217 598 -0.484797 -0.469975 -0.737628 117 59 57
-44 216 597 -0.457046 -0.493335 -0.740087 119 60 56
-43 216 596 -0.436329 -0.49907 -0.748697 123 64 60
-32 216 597 0.471581 -0.737408 -0.483571 199 126 111
-21 225 620 -0.535086 0.036851 -0.843994 141 74 68
-20 224 619 -0.526211 0.0158104 -0.850207 149 80 73
-19 224 618 -0.492986 0.0132561 -0.869936 161 91 83
-14 223 616 0.0408752 -0.165796 -0.985313 189 121 110
-8 224 619 0.56856 -0.427831 -0.702638 210 148 133
-7 224 619 0.642897 -0.425207 -0.637089 213 151 136
-6 225 620 0.684703 -0.427919 -0.589973 216 153 138
-3 226 624 0.831318 -0.396864 -0.389112 214 151 136
-2 227 627 0.840596 -0.412782 -0.350727 220 157 142
-48 217 598 -0.496379 -0.447588 -0.743823 97 49 45
-47 217 598 -0.506162 -0.454922 -0.732698 98 49 45
-46 217 598 -0.50221 -0.456406 -0.734492 99 50 45
-44 217 597 -0.460874 -0.48061 -0.746063 114 59 56
-42 216 595 -0.392679 -0.51709 -0.76054 120 67 61
-41 216 595 -0.36422 -0.546013 -0.754462 108 53 46
-38 216 594 -0.141712 -0.668515 -0.730072 121 62 54
-37 216 594 -0.0392212 -0.706562 -0.706563 143 83 75
-36 216 594 0.0797728 -0.728281 -0.680619 157 93 84
-30 217 598 0.612266 -0.692637 -0.381293 199 126 111
-26 221 609 0.704198 -0.663876 -0.251742 145 88 77
-22 225 620 -0.544162 0.0387109 -0.838086 124 59 53
-20 225 619 -0.500117 0.0366094 -0.865184 145 76 69
-18 224 617 -0.402265 0.00743486 -0.915493 166 96 88
-17 224 616 -0.333852 -0.0069196 -0.9426 170 102 93
-16 224 616 -0.242973 -0.0607823 -0.968127 178 110 99
-15 224 616 -0.136868 -0.104073 -0.985107 181 113 102
-14 224 616 -0.00913279 -0.149427 -0.988731 188 120 109
-13 224 616 0.100974 -0.204924 -0.973556 187 121 109
-12 224 617 0.194904 -0.250221 -0.948368 186 124 111
-11 224 617 0.273742 -0.292595 -0.916217 186 124 111
-10 224 617 0.365968 -0.341661 -0.865642 192 133 119
-9 224 617 0.42531 -0.365899 -0.827786 194 135 119
-5 225 620 0.739618 -0.412222 -0.532013 218 152 138
-4 226 623 0.813682 -0.39329 -0.428072 219 156 141
-1 228 628 0.845673 -0.412637 -0.338478 217 154 139
-48 218 597 -0.514598 -0.436836 -0.737809 93 48 45
-47 218 597 -0.511752 -0.435769 -0.740416 93 45 43
-43 217 596 -0.447306 -0.487037 -0.750142 118 65 61
-40 216 594 -0.318587 -0.582861 -0.747513 113 56 47
-39 216 594 -0.233921 -0.627536 -0.742616 120 61 53
-35 216 594 0.148712 -0.739088 -0.656988 166 96 86
-34 216 594 0.213591 -0.743917 -0.633219 172 100 88
-33 216 594 0.332594 -0.743006 -0.580795 180 107 92
-29 218 599 0.659627 -0.669318 -0.341915 204 135 119
-28 219 602 0.745228 -0.61962 -0.246385 213 147 133
-23 225 618 -0.546803 0.0263625 -0.836846 105 46 38
-21 226 620 -0.518785 0.0276814 -0.854456 134 67 59
-20 226 619 -0.494528 0.0210522 -0.868907 142 73 66
-19 225 618 -0.463035 0.0356505 -0.885623 158 88 80
-18 225 617 -0.417901 0.0276309 -0.908072 164 94 86
-17 225 616 -0.356543 0.00836732 -0.934241 168 100 89
-15 225 616 -0.18435 -0.0484883 -0.981664 178 110 99
-14 225 616 -0.0721121 -0.121874 -0.989923 187 117 107
-13 225 616 0.0285216 -0.186837 -0.981977 186 120 108
-12 225 616 0.105703 -0.234285 -0.966404 187 125 112
-11 225 616 0.192299 -0.294628 -0.936064 187 125 112
-10 225 616 0.275267 -0.34706 -0.896536 193 131 116
-9 225 617 0.374177 -0.37431 -0.848459 198 139 123
-8 225 618 0.509047 -0.395343 -0.764575 203 144 128
-7 225 618 0.597994 -0.392313 -0.698923 205 146 130
-3 227 623 0.821159 -0.390295 -0.416374 218 155 140
-2 228 626 0.843147 -0.397881 -0.361653 219 156 141
-1 229 628 0.846605 -0.408174 -0.341546 219 157 142
-45 218 597 -0.488937 -0.451731 -0.746244 105 52 48
-44 218 596 -0.468862 -0.450908 -0.759506 114 61 57
-42 217 594 -0.427164 -0.495186 -0.756519 122 69 65
-41 217 594 -0.395205 -0.526602 -0.752664 120 65 58
-34 217 593 0.189056 -0.721874 -0.6657 173 101 87
-32 217 594 0.390202 -0.720381 -0.573404 190 117 100
-31 217 595 0.492369 -0.713792 -0.49807 197 124 107
-27 220 603 0.776925 -0.590564 -0.218224 209 148 130
-22 226 619 -0.527885 0.0308385 -0.848756 116 53 46
-19 226 618 -0.455862 0.0132957 -0.889951 154 84 76
-16 225 616 -0.276968 -0.0153263 -0.960757 173 105 94
-6 226 619 0.653539 -0.387421 -0.650224 217 154 139
-5 226 619 0.710133 -0.384541 -0.589779 218 155 138
-4 227 622 0.809708 -0.379433 -0.447665 217 154 139
-2 229 626 0.843768 -0.399816 -0.358054 220 157 142
-1 230 628 0.845021 -0.408093 -0.345543 220 158 143
-46 218 596 -0.501675 -0.439873 -0.744871 94 45 41
-43 218 595 -0.452392 -0.45649 -0.766132 119 66 60
-42 218 594 -0.447391 -0.45759 -0.76841 122 65 58
-40 217 593 -0.374267 -0.534834 -0.757547 105 45 37
-39 217 593 -0.280797 -0.589036 -0.757753 142 77 71
-38 217 593 -0.194551 -0.6357 -0.747017 153 86 78
-37 217 593 -0.0876339 -0.670142 -0.737042 154 86 77
-36 217 593 0.0012806 -0.691088 -0.72277 161 93 84
-35 217 593 0.0923639 -0.707845 -0.700303 168 98 86
-33 217 593 0.30427 -0.71358 -0.631049 179 107 93
-31 218 594 0.491573 -0.681506 -0.54213 194 123 105
-30 218 596 0.58043 -0.683797 -0.44218 203 132 114
-24 224 612 0.753479 -0.534357 -0.383056 101 44 33
-21 227 619 -0.495289 0.00542762 -0.868711 120 57 52
-20 227 619 -0.479261 0.00117112 -0.877672 138 70 67
-19 227 618 -0.453405 -0.0205379 -0.891068 152 83 78
-18 226 617 -0.409754 0.0109196 -0.912131 158 87 83
-17 226 616 -0.358007 -0.00780304 -0.933686 171 98 91
-16 226 616 -0.289861 -0.0136619 -0.956971 173 103 93
-15 226 616 -0.237384 -0.0249461 -0.971096 178 108 98
-14 226 616 -0.142521 -0.0865876 -0.985997 188 115 106
-13 226 616 -0.0321887 -0.147073 -0.988602 189 119 109
-11 226 616 0.16252 -0.278587 -0.94656 192 126 114
-10 226 616 0.247893 -0.321832 -0.913769 194 132 117
-9 226 616 0.309743 -0.352239 -0.883169 194 135 119
-8 226 617 0.46403 -0.370326 -0.804695 200 141 125
-7 226 617 0.543722 -0.352921 -0.761454 204 145 129
-5 227 619 0.712927 -0.402114 -0.57449 217 156 138
-3 228 623 0.835517 -0.378361 -0.398439 217 156 137
-45 219 596 -0.501512 -0.416563 -0.758261 103 54 47
-41 218 593 -0.426082 -0.475256 -0.769796 133 76 67
-40 218 593 -0.392656 -0.512622 -0.763571 105 47 36
-33 218 592 0.269286 -0.668972 -0.692793 181 109 94
-32 218 593 0.363883 -0.68204 -0.634358 193 120 103
-30 219 595 0.587376 -0.645212 -0.488559 193 122 104
-29 219 597 0.668094 -0.639403 -0.380545 203 135 116
-22 227 618 -0.501946 -0.00546033 -0.864882 110 49 44
-20 228 619 -0.45711 -0.0178804 -0.88923 134 69 65
-18 227 617 -0.403114 -0.0190608 -0.914951 154 85 78
-17 227 617 -0.37087 -0.0123138 -0.928603 167 97 89
-12 226 616 0.0561985 -0.209532 -0.976185 193 125 114
-8 227 617 0.446677 -0.378385 -0.810743 201 139 124
-7 227 617 0.544945 -0.39802 -0.737981 213 151 136
-6 227 618 0.615891 -0.417396 -0.668176 215 153 138
-4 228 621 0.792548 -0.386684 -0.471533 214 155 137
-47 219 595 -0.510244 -0.411715 -0.755077 96 59 53
-46 219 595 -0.507101 -0.41136 -0.757385 97 54 48
-45 220 596 -0.500158 -0.401393 -0.767284 101 54 46
-44 219 595 -0.473347 -0.419649 -0.774492 113 63 54
-43 219 594 -0.475783 -0.416009 -0.774963 118 65 57
-41 219 593 -0.439408 -0.437392 -0.784607 134 77 68
-39 218 592 -0.330368 -0.536812 -0.776331 128 65 56
-21 228 618 -0.437932 -0.0661589 -0.896571 108 49 45
-19 228 618 -0.436858 -0.0610348 -0.897457 137 72 68
-16 227 617 -0.321944 -0.0435402 -0.945757 172 100 88
-15 227 616 -0.262211 -0.0449074 -0.963965 178 106 94
-14 227 616 -0.217339 -0.085162 -0.972374 185 111 102
-6 228 618 0.62492 -0.403853 -0.668116 214 152 137
-5 228 619 0.706474 -0.399443 -0.584243 216 153 138
-4 229 621 0.79111 -0.387712 -0.473101 213 154 138
-3 229 622 0.812399 -0.383094 -0.439599 216 157 141
-2 230 625 0.838221 -0.394382 -0.376626 217 155 140
-1 231 627 0.842587 -0.406996 -0.352706 219 156 141
-47 220 595 -0.508571 -0.402724 -0.761031 95 60 54
-46 220 595 -0.501189 -0.391675 -0.771622 100 55 49
-44 220 595 -0.489428 -0.400533 -0.774618 113 63 54
-43 220 594 -0.497595 -0.38049 -0.779504 115 65 56
-42 219 593 -0.476918 -0.405947 -0.779587 124 70 60
-40 219 592 -0.432829 -0.448715 -0.781866 113 55 44
-39 219 592 -0.359005 -0.498669 -0.788951 115 52 43
-38 218 591 -0.237168 -0.563766 -0.791151 127 65 54
-37 218 591 -0.131533 -0.593004 -0.794384 140 74 62
-36 218 591 -0.0510794 -0.610793 -0.790141 156 90 78
-35 218 591 0.0537675 -0.624904 -0.778848 160 90 80
-34 218 591 0.14482 -0.633377 -0.760172 163 94 79
-33 219 592 0.266511 -0.641251 -0.719562 171 98 83
-32 219 592 0.344122 -0.623891 -0.70167 177 104 87
-28 220 596 0.705229 -0.581699 -0.405313 212 145 128
-27 221 599 0.776534 -0.557246 -0.294061 211 148 131
-25 223 604 0.840504 -0.514544 -0.169696 219 159 148
-19 229 618 -0.411896 -0.100933 -0.905624 133 70 65
-18 228 617 -0.37068 -0.0794685 -0.925355 150 81 76
-17 228 616 -0.338077 -0.0792269 -0.937778 166 93 86
-16 228 616 -0.324554 -0.0786758 -0.942589 171 99 87
-13 227 615 -0.111315 -0.146779 -0.982886 191 118 109
-12 227 615 -0.0266483 -0.211024 -0.977117 190 122 111
-11 227 615 0.0670148 -0.269518 -0.960661 189 121 110
-10 227 615 0.168741 -0.335664 -0.926745 196 132 120
-9 227 615 0.233488 -0.37369 -0.897685 195 136 120
-46 221 595 -0.494658 -0.392951 -0.775179 100 55 50
-31 219 592 0.419029 -0.622752 -0.660753 190 114 98
-20 229 618 -0.419582 -0.119161 -0.899862 120 61 57
-18 229 618 -0.383064 -0.113169 -0.916763 150 81 76
-17 229 617 -0.365752 -0.125217 -0.922251 166 91 85
-15 228 616 -0.275473 -0.114556 -0.954459 177 100 92
-14 228 616 -0.250168 -0.13435 -0.958836 184 110 101
-13 228 615 -0.164689 -0.181935 -0.969421 189 119 109
-12 228 615 -0.0852739 -0.235541 -0.968116 190 124 112
-11 228 615 0.0247357 -0.299154 -0.953884 189 123 111
-10 228 615 0.145389 -0.349534 -0.925574 194 132 119
-9 228 615 0.175336 -0.447084 -0.877139 195 136 120
-8 228 616 0.365033 -0.438495 -0.821263 198 139 123
-7 228 616 0.474788 -0.45008 -0.75631 205 146 130
-6 229 617 0.518875 -0.499884 -0.693459 215 153 138
-5 229 618 0.65513 -0.456763 -0.601807 216 154 139
-4 230 620 0.752957 -0.44598 -0.483898 215 153 140
-3 230 621 0.79082 -0.421957 -0.443346 216 154 141
-2 231 624 0.829146 -0.412629 -0.377166 216 153 138
-1 232 626 0.839995 -0.413725 -0.351056 216 153 136
-47 221 594 -0.500881 -0.389511 -0.772916 90 56 54
-45 221 595 -0.50066 -0.390273 -0.772675 106 57 50
-44 221 594 -0.492119 -0.386357 -0.780094 110 60 51
-43 221 594 -0.494999 -0.366569 -0.787784 114 64 55
-42 220 593 -0.487011 -0.378436 -0.787151 127 73 63
-41 220 592 -0.483473 -0.371283 -0.792719 132 75 66
-39 220 591 -0.370609 -0.422868 -0.826941 111 48 39
-38 219 590 -0.272493 -0.479346 -0.834251 146 82 72
-37 219 590 -0.173199 -0.520473 -0.836128 152 86 74
-36 219 590 -0.0650103 -0.543777 -0.836708 155 87 76
-35 219 590 0.0216931 -0.552504 -0.833228 160 90 80
-34 219 590 0.117217 -0.567006 -0.815331 170 98 84
-30 220 593 0.536719 -0.591687 -0.601531 199 124 105
-29 220 593 0.585219 -0.571501 -0.575244 200 127 108
-26 222 598 0.789899 -0.509656 -0.341042 212 146 132
-18 230 618 -0.354387 -0.159547 -0.921387 148 81 75
-16 229 617 -0.323232 -0.105268 -0.940447 166 92 83
-15 229 616 -0.297191 -0.151663 -0.942696 173 96 88
-14 229 616 -0.252063 -0.195267 -0.947805 182 108 99
-13 229 615 -0.21059 -0.228901 -0.950398 187 117 107
-12 229 615 -0.133483 -0.273097 -0.952681 189 123 111
-11 229 615 -0.0498702 -0.336215 -0.940464 189 123 111
-10 229 615 0.0288099 -0.410895 -0.911227 194 132 119
-9 229 615 0.108522 -0.465837 -0.878191 196 137 123
-8 229 615 0.261867 -0.468068 -0.844001 199 140 124
-7 229 616 0.42991 -0.491178 -0.757577 211 152 136
0 234 630 0.856337 -0.412406 -0.31082 221 160 141
-46 222 595 -0.49859 -0.397987 -0.770074 98 57 53
-45 222 595 -0.491152 -0.383529 -0.782097 102 55 47
-42 221 593 -0.491232 -0.355959 -0.794975 117 65 54
-40 220 591 -0.449259 -0.386966 -0.805248 136 78 66
-38 220 590 -0.297158 -0.425889 -0.854585 150 86 76
-37 220 590 -0.190049 -0.474252 -0.859631 161 95 83
-33 220 591 0.231222 -0.553383 -0.80019 175 99 85
-32 220 591 0.354373 -0.546927 -0.758479 189 112 96
-31 220 591 0.394068 -0.549965 -0.736375 193 116 100
-28 221 594 0.678636 -0.518234 -0.520469 208 137 119
-19 230 618 -0.390094 -0.144726 -0.90933 132 71 66
-17 230 617 -0.333948 -0.217237 -0.917217 159 86 80
-16 230 617 -0.318594 -0.177906 -0.931046 163 88 82
-14 230 616 -0.242488 -0.20638 -0.947949 179 105 96
-6 230 617 0.506771 -0.516416 -0.690288 216 154 139
-5 230 617 0.587346 -0.535997 -0.606409 218 156 141
-4 231 619 0.710886 -0.505157 -0.489344 216 152 140
-3 231 620 0.766448 -0.48252 -0.423949 214 150 138
-2 232 623 0.821515 -0.425698 -0.379335 214 152 137
-1 233 625 0.841574 -0.423677 -0.335039 216 155 137
-44 222 594 -0.502322 -0.366982 -0.782941 103 55 43
-43 222 593 -0.491652 -0.358007 -0.793794 105 57 45
-42 222 593 -0.49485 -0.347732 -0.796371 113 64 50
-41 221 592 -0.496376 -0.340245 -0.798651 123 71 58
-40 221 591 -0.463648 -0.339788 -0.818275 140 82 71
-36 220 589 -0.110845 -0.466926 -0.877322 163 97 83
-35 220 589 0.0367663 -0.494922 -0.868159 167 97 85
-34 220 589 0.105862 -0.49445 -0.862736 171 97 84
-30 221 592 0.511663 -0.516377 -0.6867 196 119 101
-29 221 592 0.597558 -0.497266 -0.629008 200 125 106
-28 222 593 0.671464 -0.459688 -0.581225 206 135 117
-27 222 595 0.742886 -0.487218 -0.459063 204 137 121
-25 224 599 0.824955 -0.467458 -0.317699 201 137 125
-18 231 617 -0.299733 -0.328633 -0.895634 139 76 71
-17 231 617 -0.27743 -0.328405 -0.902875 155 84 78
-15 230 616 -0.279193 -0.213288 -0.936248 169 92 86
-13 230 615 -0.225464 -0.320261 -0.920108 182 112 102
-12 230 614 -0.21144 -0.391527 -0.895544 184 118 106
-11 230 614 -0.134427 -0.434285 -0.890689 189 125 113
-10 230 614 -0.0104521 -0.485484 -0.874183 192 128 116
-9 230 614 0.0689052 -0.490662 -0.868621 202 140 127
-8 230 614 0.175013 -0.58562 -0.791467 204 145 129
-7 230 615 0.366828 -0.54451 -0.754285 209 150 134
-41 222 592 -0.498777 -0.33229 -0.800503 133 75 61
-40 222 591 -0.478295 -0.323701 -0.816365 140 81 67
-39 221 590 -0.394937 -0.349456 -0.84965 137 76 58
-38 221 590 -0.323044 -0.368067 -0.871877 136 77 61
-37 221 590 -0.246965 -0.389403 -0.887341 157 95 80
-35 221 589 -0.00605833 -0.418179 -0.908344 167 98 83
-34 221 589 0.090914 -0.426339 -0.899983 170 101 85
-33 221 590 0.223585 -0.477946 -0.849457 173 100 83
-32 221 590 0.307654 -0.465463 -0.829875 180 104 88
-31 221 590 0.398348 -0.470197 -0.787549 185 108 92
-30 222 591 0.516739 -0.443588 -0.732264 189 111 98
-26 223 596 0.785758 -0.461579 -0.411739 208 136 122
-24 225 601 0.852851 -0.458882 -0.249145 212 152 142
-16 231 617 -0.274653 -0.303529 -0.912379 157 86 82
-15 231 616 -0.280537 -0.341827 -0.896913 164 91 85
-14 231 616 -0.269361 -0.346441 -0.898567 177 100 90
-6 231 616 0.451095 -0.59569 -0.664581 214 156 144
-5 231 617 0.580125 -0.532917 -0.615999 213 154 140
-4 232 618 0.661761 -0.541424 -0.518587 217 156 138
-3 232 619 0.72865 -0.525634 -0.439064 214 151 133
-2 233 622 0.81913 -0.452185 -0.352923 214 151 133
-45 223 594 -0.482337 -0.382776 -0.78793 93 56 47
-44 223 594 -0.489319 -0.378168 -0.785847 98 55 46
-43 223 593 -0.480657 -0.363136 -0.798186 106 58 48
-42 223 593 -0.483569 -0.354458 -0.800325 116 62 52
-39 222 590 -0.399453 -0.318441 -0.85967 147 86 68
-37 222 590 -0.2779 -0.343877 -0.89695 153 90 75
-36 221 589 -0.118916 -0.419997 -0.899701 159 91 78
-31 222 590 0.39557 -0.415961 -0.818841 183 105 92
-29 222 591 0.575746 -0.422926 -0.69975 188 110 98
-27 223 594 0.733815 -0.420512 -0.533559 203 129 116
-26 224 595 0.771759 -0.402033 -0.492705 206 132 119
-23 226 602 0.859431 -0.448544 -0.245331 194 135 127
-21 229 610 0.766175 -0.516025 -0.383008 99 46 42
-19 231 615 -0.131478 -0.50618 -0.852347 114 59 56
-14 232 616 -0.250957 -0.406688 -0.878422 173 99 90
-13 231 615 -0.222424 -0.378633 -0.898423 178 105 96
-12 231 615 -0.20245 -0.425273 -0.882132 185 115 105
-11 231 615 -0.145409 -0.448659 -0.881795 188 118 108
-10 231 615 -0.0404543 -0.491363 -0.870015 197 129 118
-9 231 615 0.116068 -0.519142 -0.84677 196 132 122
-8 231 615 0.207025 -0.576609 -0.790356 203 143 132
-7 231 615 0.319015 -0.604838 -0.729658 207 147 136
0 235 626 0.848203 -0.427013 -0.313386 210 157 143
-45 224 594 -0.474542 -0.384466 -0.791831 92 55 47
-44 224 593 -0.471626 -0.380213 -0.795617 98 55 48
-41 223 592 -0.500168 -0.338959 -0.79683 124 66 55
-38 222 590 -0.347274 -0.331643 -0.877162 135 72 57
-36 222 589 -0.165781 -0.322754 -0.931851 160 90 78
-35 222 589 -0.0186542 -0.334975 -0.942042 163 91 79
-34 222 589 0.0992402 -0.357341 -0.928687 164 91 76
-33 222 589 0.178295 -0.363804 -0.914253 165 89 75
-32 222 589 0.273386 -0.380251 -0.883555 167 91 77
-20 230 611 0.58507 -0.619449 -0.523426 98 45 41
-18 232 615 -0.0985255 -0.569246 -0.816243 126 65 64
-17 232 616 -0.182651 -0.478357 -0.858961 135 71 69
-16 232 616 -0.230656 -0.454873 -0.860168 151 83 80
-15 232 616 -0.254462 -0.403932 -0.878685 160 89 85
-1 234 621 0.82101 -0.46241 -0.334843 207 154 140
1 236 627 0.859202 -0.417646 -0.295539 190 146 137
-40 223 591 -0.466661 -0.327661 -0.821502 139 77 64
-39 223 590 -0.394897 -0.306036 -0.866255 148 85 70
-30 223 591 0.509642 -0.377025 -0.77338 181 99 88
-29 223 591 0.573489 -0.361968 -0.734908 184 104 95
-28 223 591 0.620306 -0.388774 -0.681231 191 113 103
-25 225 596 0.799413 -0.411969 -0.437288 208 135 126
-24 226 597 0.818716 -0.408162 -0.403866 209 142 134
-13 232 614 -0.218089 -0.565808 -0.795172 172 101 95
-12 232 614 -0.202487 -0.555125 -0.806743 181 112 105
-11 232 614 -0.174864 -0.584275 -0.792493 189 125 116
-8 232 613 0.110804 -0.742592 -0.660515 201 143 132
-3 233 617 0.653815 -0.591339 -0.472064 212 154 140
-45 225 593 -0.457155 -0.378144 -0.804995 93 60 51
-44 225 593 -0.452289 -0.383904 -0.805017 97 60 51
-43 224 592 -0.460408 -0.380395 -0.802075 106 59 49
-42 224 592 -0.474052 -0.365572 -0.801019 112 60 49
-41 224 592 -0.478306 -0.350448 -0.805239 121 64 53
-40 224 591 -0.450419 -0.33727 -0.826663 138 76 63
-38 223 589 -0.313681 -0.281803 -0.906748 153 87 73
-37 223 589 -0.251188 -0.272146 -0.928893 155 85 73
-36 223 589 -0.17102 -0.275962 -0.945831 161 87 78
-35 223 589 -0.0523976 -0.28903 -0.955885 163 86 78
-34 223 589 0.0840854 -0.311665 -0.946464 168 90 78
-33 223 589 0.184207 -0.319963 -0.92935 171 91 82
-32 223 589 0.278147 -0.327884 -0.902843 176 93 85
-31 223 589 0.357539 -0.338779 -0.870284 177 94 86
-28 224 591 0.617281 -0.34045 -0.709266 192 112 103
-27 224 592 0.702272 -0.363525 -0.612098 198 118 109
-22 228 602 0.864985 -0.434544 -0.250943 102 43 39
-17 233 615 -0.0909655 -0.619241 -0.779914 127 68 64
-16 233 615 -0.152981 -0.611319 -0.776457 145 82 77
-15 233 615 -0.186691 -0.58712 -0.787678 156 88 85
-14 233 615 -0.230987 -0.556012 -0.798433 171 98 92
-13 233 614 -0.201126 -0.644229 -0.737914 174 103 97
-12 233 614 -0.189113 -0.637767 -0.746652 180 111 104
-10 232 613 -0.138455 -0.685664 -0.714629 193 129 120
-9 232 613 -0.0183481 -0.734794 -0.678042 194 134 124
-7 232 613 0.268929 -0.736765 -0.620367 203 145 134
-6 232 613 0.366973 -0.73502 -0.570155 205 151 139
-5 232 613 0.419239 -0.73282 -0.535924 205 151 139
-4 233 615 0.58256 -0.654023 -0.482574 211 157 145
-2 234 618 0.760095 -0.539923 -0.361578 202 154 144
-43 225 592 -0.456966 -0.375707 -0.806242 107 60 50
-41 225 591 -0.433053 -0.364822 -0.824239 130 72 60
-40 225 591 -0.413734 -0.353478 -0.838974 137 75 64
-39 224 590 -0.387413 -0.303126 -0.870647 142 80 65
-38 224 589 -0.312278 -0.267447 -0.911567 153 87 73
-37 224 589 -0.244379 -0.245643 -0.93805 156 84 72
-36 224 589 -0.164517 -0.241023 -0.956474 161 84 74
-35 224 589 -0.0572004 -0.240197 -0.969038 165 86 79
-34 224 589 0.0707935 -0.257176 -0.963768 166 88 76
-33 224 589 0.193355 -0.279657 -0.940429 168 90 80
-32 224 589 0.280637 -0.290521 -0.91479 169 89 80
-31 224 589 0.344205 -0.288952 -0.893325 173 90 82
-30 224 589 0.426198 -0.297266 -0.854393 174 91 83
-29 224 590 0.545222 -0.31123 -0.778376 181 98 92
-26 225 593 0.744773 -0.340062 -0.57417 208 131 123
-25 226 595 0.785408 -0.359896 -0.503596 210 137 130
-24 227 596 0.805324 -0.381709 -0.453598 209 138 132
-23 227 598 0.839507 -0.398746 -0.369093 211 146 142
-16 234 615 -0.12019 -0.669373 -0.73314 143 80 75
-11 233 613 -0.205798 -0.705401 -0.678274 186 121 115
-42 225 591 -0.44678 -0.375382 -0.812081 115 63 52
-39 225 590 -0.35493 -0.328134 -0.875416 147 81 69
-31 225 589 0.321136 -0.239414 -0.916271 166 86 79
-29 225 590 0.53478 -0.292838 -0.792626 187 104 98
-28 225 591 0.628253 -0.28798 -0.722749 192 113 108
-27 225 591 0.665118 -0.292225 -0.687185 200 121 116
-26 226 593 0.743462 -0.317226 -0.588755 207 132 126
-10 233 612 -0.15006 -0.738113 -0.657778 187 124 117
-9 233 611 -0.0862124 -0.790622 -0.606205 194 135 129
-8 233 611 0.0647263 -0.806248 -0.588027 198 141 134
-7 233 612 0.20757 -0.788801 -0.578539 201 146 139
-6 233 612 0.352196 -0.771721 -0.529532 202 147 140
-5 233 612 0.456772 -0.748521 -0.480703 193 144 137
-1 235 617 0.783832 -0.533369 -0.318002 198 168 168
0 236 620 0.829948 -0.47061 -0.299521 244 219 222
-45 226 592 -0.438459 -0.385968 -0.811654 91 61 53
-44 226 592 -0.43619 -0.386297 -0.812719 95 58 50
-43 226 591 -0.425473 -0.387005 -0.818046 110 62 52
-38 225 589 -0.275625 -0.268922 -0.922882 146 78 65
-30 225 589 0.413674 -0.259289 -0.872722 177 97 88
-28 226 591 0.638652 -0.272402 -0.719667 191 114 108
-27 226 591 0.672965 -0.265899 -0.690229 199 122 116
-26 227 593 0.743413 -0.3173 -0.588776 205 132 126
-25 227 594 0.778077 -0.347237 -0.523472 210 137 131
-23 228 597 0.830133 -0.371622 -0.415664 208 140 137
-20 231 604 0.797926 -0.525056 -0.296024 92 38 36
-19 232 608 0.607877 -0.682472 -0.405854 102 48 46
-18 233 610 0.228436 -0.817879 -0.528101 106 52 50
-17 234 613 0.0631668 -0.766523 -0.639103 119 64 61
-15 234 613 -0.126762 -0.751184 -0.647807 153 86 80
-14 234 613 -0.126537 -0.748651 -0.650776 159 90 85
-4 234 612 0.549678 -0.713125 -0.435095 165 125 123
-3 234 613 0.626666 -0.666802 -0.403318 165 131 130
1 237 621 0.846829 -0.45286 -0.278923 248 231 239
2 239 626 0.872696 -0.408092 -0.268071 244 231 240
-42 226 590 -0.4133 -0.376504 -0.829112 115 62 54
-41 226 590 -0.385621 -0.381542 -0.840072 131 71 61
-40 226 590 -0.338002 -0.369194 -0.865708 135 71 62
-39 226 589 -0.264159 -0.340393 -0.902415 144 76 65
-38 226 589 -0.24637 -0.292784 -0.923894 148 78 66
-37 225 588 -0.198354 -0.222155 -0.954622 151 77 66
-36 225 588 -0.134957 -0.207272 -0.96893 154 77 67
-35 225 588 -0.0582206 -0.195169 -0.97904 153 79 70
-34 225 588 0.054781 -0.2082 -0.976551 156 79 69
-33 225 588 0.170609 -0.205057 -0.963765 159 81 71
-32 225 588 0.262078 -0.2153 -0.940724 160 82 72
-30 226 589 0.390118 -0.24183 -0.888441 177 100 92
-29 226 590 0.534499 -0.255051 -0.805766 183 106 100
-27 227 591 0.668323 -0.293664 -0.683452 198 119 114
-24 228 595 0.795742 -0.358524 -0.488114 210 136 133
-22 229 598 0.841066 -0.404891 -0.358708 213 152 147
-20 232 604 0.802993 -0.505545 -0.315637 96 41 36
-14 235 612 -0.14255 -0.798661 -0.584654 156 85 83
-13 234 611 -0.185862 -0.800661 -0.56956 168 97 95
-12 234 611 -0.203703 -0.801922 -0.561628 177 109 106
-11 234 611 -0.215754 -0.792671 -0.570196 176 113 106
-10 234 610 -0.150502 -0.816402 -0.557528 180 120 112
-3 235 612 0.642582 -0.660413 -0.388513 211 181 189
-2 235 614 0.678647 -0.629189 -0.378891 250 224 233
-37 226 588 -0.166044 -0.238295 -0.956894 150 73 63
-36 226 588 -0.10675 -0.214557 -0.97086 150 73 63
-35 226 588 -0.0240752 -0.189167 -0.98165 150 73 65
-34 226 588 0.0568405 -0.181131 -0.981815 159 79 70
-33 226 588 0.166267 -0.19374 -0.966861 163 83 74
-32 226 588 0.24736 -0.195643 -0.948966 164 84 77
-31 226 589 0.302845 -0.201578 -0.931478 169 89 82
-28 227 591 0.647595 -0.261342 -0.715766 194 115 111
-26 228 593 0.742413 -0.313668 -0.591976 213 135 133
-25 228 594 0.77463 -0.342591 -0.531582 209 134 131
-23 229 596 0.817589 -0.38582 -0.427423 210 143 137
-22 230 598 0.846377 -0.403122 -0.34805 212 151 146
-21 230 599 0.866521 -0.397253 -0.30221 178 119 113
-17 235 611 0.19144 -0.82363 -0.53384 113 55 54
-16 235 612 -0.00405232 -0.81021 -0.586126 128 66 69
-15 235 612 -0.107327 -0.79914 -0.591487 147 82 78
-6 234 609 0.330348 -0.791555 -0.514112 156 116 116
-5 234 609 0.378978 -0.770056 -0.513214 179 141 140
-2 236 613 0.699287 -0.609632 -0.373291 252 231 238
-1 236 614 0.762866 -0.562853 -0.31817 251 231 240
0 237 617 0.831746 -0.485833 -0.268634 249 236 243
1 238 619 0.847205 -0.463851 -0.259008 250 237 244
-44 227 590 -0.386906 -0.422816 -0.81947 92 59 54
-43 227 590 -0.383676 -0.418621 -0.823134 107 58 54
-42 227 589 -0.346288 -0.417261 -0.840225 113 58 53
-41 227 589 -0.305428 -0.408932 -0.859935 124 61 54
-40 227 589 -0.274052 -0.358589 -0.892362 131 64 56
-39 227 589 -0.227746 -0.341977 -0.911693 139 69 59
-35 227 588 -0.00320856 -0.186286 -0.98249 151 71 64
-34 227 588 0.0677512 -0.172463 -0.982683 153 73 66
-33 227 588 0.132352 -0.185168 -0.973754 169 86 80
-32 227 588 0.238739 -0.199892 -0.950288 170 87 81
-30 227 589 0.394903 -0.226452 -0.890377 189 110 105
-29 227 590 0.53104 -0.24461 -0.811272 197 119 115
-28 228 591 0.630762 -0.284447 -0.721962 201 126 123
-27 228 591 0.670948 -0.295769 -0.679962 205 130 127
-25 229 594 0.767294 -0.345844 -0.540048 207 133 132
-24 229 594 0.784859 -0.38464 -0.485849 202 131 127
-20 233 604 0.803422 -0.475579 -0.358242 91 40 36
-19 233 605 0.742864 -0.600061 -0.296783 93 42 38
-18 234 607 0.554771 -0.725425 -0.407416 94 43 40
-9 234 608 -0.066873 -0.821167 -0.566756 172 112 112
-8 234 608 0.0564411 -0.818366 -0.571918 155 104 101
-7 234 608 0.203134 -0.804458 -0.558198 156 110 110
-44 228 589 -0.332806 -0.45646 -0.825157 91 57 55
-42 228 589 -0.284558 -0.454711 -0.843958 112 57 54
-41 228 589 -0.252967 -0.440349 -0.861452 117 56 53
-38 227 588 -0.16604 -0.297795 -0.940079 145 71 60
-37 227 588 -0.12132 -0.242485 -0.96254 151 73 63
-36 227 588 -0.0687049 -0.209745 -0.975339 153 73 64
-31 227 588 0.274172 -0.2133 -0.937727 182 103 98
-29 228 590 0.522417 -0.251466 -0.814767 205 131 128
-26 229 593 0.733898 -0.326817 -0.595469 212 142 140
-23 230 596 0.819547 -0.400819 -0.409497 202 132 130
-21 231 598 0.862817 -0.389759 -0.321923 208 149 143
-19 234 605 0.727799 -0.558657 -0.397758 90 39 35
-18 235 607 0.445499 -0.729819 -0.518551 90 41 37
-15 236 611 -0.0942396 -0.83042 -0.549109 131 78 70
-13 235 609 -0.138879 -0.82857 -0.542388 149 92 83
-12 235 609 -0.20097 -0.813959 -0.545052 155 96 88
-11 235 608 -0.154788 -0.811883 -0.562927 159 100 96
-7 235 607 0.196782 -0.765228 -0.612946 203 164 165
-5 235 608 0.399123 -0.740401 -0.54084 237 217 216
-4 235 609 0.511939 -0.706746 -0.488292 235 218 224
-3 236 610 0.647564 -0.634094 -0.422594 241 224 232
-1 237 613 0.777325 -0.536088 -0.329205 254 243 251
0 238 616 0.835142 -0.481113 -0.266588 250 240 248
1 239 618 0.85812 -0.445656 -0.254991 252 242 250
2 240 622 0.875352 -0.415123 -0.247853 248 241 248
-43 228 589 -0.31151 -0.456796 -0.833246 98 57 55
-37 228 588 -0.0894901 -0.257094 -0.962234 151 72 65
-36 228 588 -0.0542908 -0.222089 -0.973514 156 76 69
-35 228 588 0.00424597 -0.201218 -0.979537 156 77 70
-34 228 588 0.0665795 -0.189233 -0.979672 166 86 79
-33 228 588 0.124388 -0.189881 -0.973896 172 91 87
-32 228 588 0.196433 -0.211655 -0.957401 181 102 97
-31 228 588 0.255147 -0.236003 -0.937658 191 112 107
-30 228 589 0.384579 -0.242572 -0.89065 200 125 120
-27 229 591 0.647407 -0.320197 -0.69162 198 127 125
-25 230 594 0.74499 -0.381687 -0.547088 198 128 128
-24 230 594 0.783864 -0.394172 -0.479776 202 131 129
-22 231 597 0.833681 -0.40767 -0.372534 207 142 140
-17 236 609 0.182552 -0.79157 -0.583174 95 50 47
-16 236 610 0.0786729 -0.823553 -0.561756 103 57 57
-14 236 610 -0.13276 -0.823983 -0.550842 136 83 77
-10 235 607 -0.139734 -0.781002 -0.608696 138 89 92
-9 235 607 -0.0390172 -0.781417 -0.622788 194 158 162
-8 235 607 0.0834812 -0.776744 -0.62426 216 187 189
-6 235 607 0.309815 -0.734678 -0.603541 230 211 213
-2 237 612 0.732723 -0.572901 -0.367289 252 239 246
-1 238 613 0.80717 -0.498345 -0.316431 253 244 249
-40 228 588 -0.181023 -0.409968 -0.893956 126 61 55
-39 228 588 -0.13066 -0.36685 -0.921059 133 69 59
-38 228 588 -0.110083 -0.302821 -0.946668 145 72 65
-35 229 588 0.030009 -0.223195 -0.974312 157 80 74
-34 229 588 0.0707621 -0.222415 -0.972381 165 86 81
-33 229 588 0.106332 -0.223098 -0.968979 175 96 91
-29 229 589 0.417392 -0.32546 -0.848445 203 127 127
-28 229 590 0.571078 -0.314437 -0.758287 204 133 131
-26 230 592 0.700124 -0.382383 -0.603 202 130 131
-25 231 594 0.753704 -0.390425 -0.528676 197 123 124
-24 231 594 0.771403 -0.419066 -0.478875 200 126 125
-23 231 595 0.801549 -0.424621 -0.420972 203 132 130
-22 232 597 0.845996 -0.397893 -0.354924 208 140 139
-21 232 598 0.871407 -0.37474 -0.316575 208 144 142
-18 236 607 0.377287 -0.714133 -0.589634 90 45 42
-17 237 609 0.201822 -0.763893 -0.612972 90 49 45
-16 237 609 0.00506411 -0.777857 -0.628421 95 54 50
-13 236 608 -0.142521 -0.771595 -0.619943 117 67 66
-12 236 607 -0.208645 -0.734492 -0.645747 116 70 70
-5 236 607 0.446384 -0.658164 -0.606269 231 219 221
-4 236 608 0.553755 -0.640929 -0.531569 241 229 233
2 241 621 0.880314 -0.410472 -0.237824 250 240 248
-43 229 588 -0.224122 -0.477022 -0.849835 93 53 53
-42 229 589 -0.211801 -0.46959 -0.857103 101 53 53
-41 229 589 -0.195589 -0.463784 -0.864089 120 61 57
-40 229 588 -0.11399 -0.427675 -0.896716 126 63 58
-39 229 588 -0.0765158 -0.382873 -0.920627 133 70 61
-38 229 588 -0.0557099 -0.338321 -0.93938 146 75 69
-37 229 588 -0.0398136 -0.291944 -0.955606 152 77 72
-36 229 588 -0.0165034 -0.245161 -0.969342 160 82 78
-32 229 588 0.178442 -0.246129 -0.95267 190 115 110
-31 229 588 0.220706 -0.276803 -0.935237 200 125 122
-30 229 588 0.280052 -0.293703 -0.913952 203 127 127
-27 230 591 0.629614 -0.366836 -0.684849 211 137 138
-26 231 592 0.695218 -0.39639 -0.599622 214 142 145
-23 232 595 0.80688 -0.42534 -0.409915 202 128 129
-21 233 598 0.879267 -0.365595 -0.305335 208 143 141
-15 237 609 -0.0979662 -0.775148 -0.624138 93 58 54
-11 236 606 -0.176297 -0.697071 -0.69499 190 159 164
-6 236 606 0.316279 -0.660272 -0.681181 230 218 222
-3 237 608 0.63118 -0.568463 -0.527696 252 239 246
0 239 614 0.840443 -0.455721 -0.293213 250 243 250
3 242 622 0.893352 -0.389244 -0.224526 251 241 250
-43 230 588 -0.159443 -0.489046 -0.857561 90 52 51
-34 230 588 0.0632632 -0.256566 -0.964454 175 101 98
-28 230 589 0.522752 -0.369848 -0.768078 190 118 119
-25 232 593 0.716088 -0.446196 -0.536774 195 120 124
-20 234 600 0.855302 -0.364695 -0.368043 105 50 47
-14 237 607 -0.170254 -0.682483 -0.710796 125 91 90
-11 237 606 -0.207445 -0.65322 -0.728197 189 168 173
-10 236 605 -0.115528 -0.660681 -0.741724 198 181 187
-9 236 605 -0.0326621 -0.660405 -0.750199 206 189 197
-8 236 605 0.0739833 -0.630985 -0.772259 214 197 203
-7 236 605 0.147587 -0.637204 -0.756432 228 213 218
-5 237 606 0.443037 -0.594036 -0.671446 229 219 220
-4 237 607 0.555067 -0.588729 -0.587622 246 233 240
-2 238 610 0.731818 -0.521841 -0.43832 255 242 249
1 240 615 0.863208 -0.421553 -0.277787 250 243 251
2 242 620 0.889745 -0.395652 -0.227624 252 242 251
-42 230 588 -0.155092 -0.477375 -0.864904 96 56 54
-41 230 588 -0.0882173 -0.472092 -0.877124 115 59 58
-40 230 588 -0.0566894 -0.439771 -0.896319 125 64 61
-39 230 588 -0.01522 -0.431052 -0.902199 148 79 74
-38 230 588 0.006945 -0.376039 -0.926578 157 83 80
-37 230 587 0.0277483 -0.342232 -0.939206 166 88 86
-36 230 588 0.0151998 -0.279969 -0.959889 171 93 91
-35 230 588 0.0419668 -0.255361 -0.965935 170 96 93
-33 230 588 0.105297 -0.264534 -0.958611 173 103 103
-32 230 588 0.167995 -0.30024 -0.938954 170 98 99
-31 230 588 0.201489 -0.320193 -0.925677 178 104 103
-30 230 588 0.256134 -0.342394 -0.90397 181 107 106
-29 230 588 0.307414 -0.392518 -0.866848 194 120 119
-24 232 593 0.748114 -0.441403 -0.495468 198 123 128
-22 233 595 0.833834 -0.409246 -0.370458 196 126 124
-21 234 597 0.884091 -0.346663 -0.313381 208 143 137
-20 235 600 0.857401 -0.340652 -0.385773 116 65 61
-15 238 608 -0.189831 -0.67339 -0.7145 113 87 88
-13 237 606 -0.211793 -0.653834 -0.726392 178 153 157
-12 237 606 -0.208256 -0.627496 -0.750252 185 160 164
-10 237 605 -0.105137 -0.589015 -0.801253 193 174 178
-6 237 605 0.293866 -0.543325 -0.78641 226 220 222
-4 238 607 0.595956 -0.528428 -0.604648 245 235 243
-3 238 608 0.66093 -0.521284 -0.539846 252 241 249
-2 239 609 0.735294 -0.472224 -0.486155 254 243 251
-1 239 611 0.793309 -0.472092 -0.384435 255 244 252
0 240 613 0.854925 -0.415704 -0.310312 255 244 252
3 243 621 0.898743 -0.379277 -0.220021 253 242 250
-42 231 587 -0.0324425 -0.505403 -0.862273 94 56 55
-37 231 587 0.0694618 -0.388101 -0.918995 169 94 91
-36 231 587 0.0567019 -0.358281 -0.93189 170 95 92
-34 231 588 0.0574365 -0.290781 -0.955064 173 103 103
-33 231 588 0.0927563 -0.304096 -0.948115 168 98 98
-32 231 588 0.121261 -0.343337 -0.931351 167 97 97
-31 231 588 0.171469 -0.359674 -0.917187 174 104 104
-30 231 588 0.225492 -0.411781 -0.882944 178 108 110
-29 231 588 0.291316 -0.459146 -0.839238 192 122 124
-28 231 589 0.460923 -0.476373 -0.748745 202 130 133
-27 231 589 0.509068 -0.506267 -0.696092 196 124 127
-23 233 594 0.78115 -0.442104 -0.440849 189 119 117
-14 238 606 -0.186327 -0.617352 -0.764303 176 151 155
-13 238 605 -0.214448 -0.532156 -0.819037 171 149 152
-9 237 604 -0.0208349 -0.54849 -0.835898 207 192 197
-8 237 604 0.0789601 -0.565905 -0.820681 211 200 204
-7 237 604 0.148568 -0.528026 -0.836132 220 209 213
-6 238 605 0.322761 -0.516337 -0.793235 225 219 221
-3 239 607 0.656902 -0.472975 -0.587175 252 241 249
1 241 614 0.869829 -0.395356 -0.295111 255 245 253
-41 231 587 -0.0205956 -0.489372 -0.871832 112 61 60
-40 231 587 0.0211184 -0.482223 -0.875794 125 67 65
-39 231 587 0.0363582 -0.457747 -0.888339 148 83 81
-38 231 587 0.0572981 -0.412864 -0.908988 157 89 86
-35 231 587 0.0435932 -0.317147 -0.947374 148 80 79
-26 232 590 0.569081 -0.537282 -0.622475 180 105 109
-24 233 592 0.716405 -0.497326 -0.489316 172 97 101
-22 234 594 0.831634 -0.397697 -0.387585 193 122 118
-20 236 599 0.867399 -0.323889 -0.377775 159 104 99
-15 239 606 -0.122632 -0.590041 -0.798006 155 137 137
-12 238 605 -0.19163 -0.533121 -0.824051 172 156 159
-11 238 605 -0.17614 -0.547881 -0.817802 185 169 172
-10 238 605 -0.0931852 -0.526632 -0.84497 198 183 186
-9 238 604 -0.0411669 -0.479365 -0.87665 206 194 198
-8 238 604 0.0890913 -0.48401 -0.870515 211 202 207
-7 238 604 0.14536 -0.507161 -0.849505 219 210 215
-5 238 605 0.41484 -0.507251 -0.755384 231 225 229
-4 239 606 0.561776 -0.472105 -0.679356 249 239 247
-2 240 609 0.741521 -0.449439 -0.498149 254 243 251
-1 240 610 0.80661 -0.420543 -0.41536 255 244 252
0 241 612 0.859173 -0.393937 -0.326551 255 245 253
1 242 614 0.878279 -0.374341 -0.297481 255 245 253
2 243 618 0.892138 -0.380293 -0.243859 255 244 252
3 244 620 0.90207 -0.36902 -0.223817 253 242 250
-39 232 587 0.0604433 -0.500549 -0.863596 143 82 79
-34 232 588 0.0604914 -0.326208 -0.94336 154 86 85
-33 232 588 0.0816269 -0.358283 -0.930038 161 93 92
-27 232 588 0.429627 -0.604188 -0.671102 191 119 123
-21 235 596 0.892238 -0.326947 -0.311476 209 138 134
-16 239 605 0.0957614 -0.515922 -0.851266 105 85 84
-14 239 605 -0.165469 -0.529528 -0.831998 156 137 141
-13 239 605 -0.230258 -0.491482 -0.839897 157 141 144
-5 239 605 0.44384 -0.46849 -0.763887 232 222 230
-1 241 610 0.821379 -0.393044 -0.413343 255 244 252
-40 232 586 0.0583516 -0.520239 -0.852025 114 64 63
-38 232 587 0.0800948 -0.479581 -0.873834 146 82 80
-37 232 587 0.0983806 -0.476948 -0.873408 138 70 69
-36 232 587 0.0955391 -0.43466 -0.895513 137 69 68
-35 232 587 0.0663707 -0.423487 -0.903467 139 75 75
-32 232 587 0.0743571 -0.459142 -0.885246 170 102 101
-31 232 587 0.106022 -0.458558 -0.882317 176 106 106
-30 232 587 0.127909 -0.527777 -0.839697 189 117 118
-29 232 587 0.209583 -0.552293 -0.806875 190 116 117
-28 232 587 0.257725 -0.602866 -0.75507 188 114 115
-25 233 589 0.560754 -0.598538 -0.572108 185 110 115
-23 234 592 0.777623 -0.461614 -0.426866 181 103 103
-17 239 604 0.387223 -0.452577 -0.803263 93 74 76
-12 239 604 -0.167922 -0.442775 -0.880768 174 162 166
-11 239 604 -0.137385 -0.409045 -0.902113 182 170 174
-10 239 604 -0.0982574 -0.419192 -0.902565 193 180 187
-7 239 604 0.147188 -0.458785 -0.876272 222 212 220
-6 239 604 0.31202 -0.452048 -0.835641 225 215 223
-3 240 607 0.673761 -0.450242 -0.585942 253 242 250
0 242 611 0.854894 -0.37365 -0.35992 255 244 252
1 243 613 0.882647 -0.358202 -0.304345 254 243 251
2 244 616 0.893966 -0.354792 -0.273765 254 243 251
-42 232 585 0.0170808 -0.52905 -0.848419 93 54 55
-41 232 585 0.0465782 -0.549221 -0.834378 106 62 63
-36 233 587 0.109852 -0.503007 -0.857273 138 74 74
-35 233 587 0.0722596 -0.501143 -0.862342 143 79 79
-34 233 587 0.0535381 -0.475025 -0.878342 155 89 91
-33 233 587 0.0464581 -0.484088 -0.873785 157 91 92
-32 233 587 0.0704608 -0.517399 -0.852839 169 101 100
-31 233 587 0.100852 -0.557839 -0.823799 177 105 106
-30 233 587 0.125366 -0.607114 -0.784663 183 109 110
-29 233 587 0.169772 -0.624617 -0.762254 181 107 108
-28 233 587 0.260816 -0.670501 -0.694553 181 106 110
-27 233 587 0.340674 -0.66662 -0.662993 184 109 113
-26 233 588 0.474888 -0.662412 -0.579389 188 116 120
-24 234 590 0.680109 -0.55894 -0.474382 186 111 115
-21 236 595 0.896181 -0.306075 -0.321212 212 138 137
-17 240 604 0.332108 -0.400867 -0.853821 94 82 84
-15 240 605 -0.0544071 -0.500044 -0.864289 139 129 130
-13 240 604 -0.107892 -0.392185 -0.913537 163 151 155
-11 240 604 -0.147297 -0.369141 -0.917627 180 168 172
-9 239 603 -0.0480137 -0.398826 -0.915769 197 186 194
-8 239 603 0.0507427 -0.423247 -0.904592 204 193 201
-6 240 604 0.288082 -0.427878 -0.856697 224 214 222
-5 240 604 0.384073 -0.422462 -0.820984 230 220 229
-4 240 605 0.513703 -0.443706 -0.734325 246 235 243
-2 241 608 0.744925 -0.423812 -0.515237 255 246 254
3 245 618 0.903471 -0.349905 -0.247601 254 243 251
-40 233 585 0.0938843 -0.571603 -0.815141 112 66 66
-39 233 586 0.0958316 -0.568682 -0.816956 121 70 67
-38 233 586 0.0946421 -0.570153 -0.816069 120 62 61
-37 233 586 0.113827 -0.569651 -0.813966 120 60 60
-22 235 591 0.805143 -0.440243 -0.397406 191 115 115
-16 240 604 0.0454723 -0.482454 -0.87474 113 102 108
-14 240 604 -0.0981024 -0.443767 -0.890756 144 135 138
-12 240 604 -0.145216 -0.367134 -0.918762 164 153 159
-10 240 603 -0.11444 -0.330942 -0.936686 190 181 186
-9 240 603 -0.0664122 -0.346401 -0.935733 196 186 194
-8 240 603 0.0531256 -0.378888 -0.923916 203 193 201
-7 240 603 0.0918928 -0.397775 -0.912869 214 204 212
-3 241 606 0.649448 -0.406244 -0.642794 247 236 244
0 243 610 0.850191 -0.367062 -0.377413 255 245 253
2 245 615 0.895504 -0.342007 -0.284787 255 244 252
3 246 617 0.902677 -0.340759 -0.262787 255 244 252
-41 233 584 0.088612 -0.603744 -0.792238 95 56 59
-38 234 586 0.10848 -0.60018 -0.792475 110 54 53
-36 234 586 0.10123 -0.607992 -0.787463 121 61 63
-35 234 586 0.0943001 -0.617963 -0.780531 135 70 74
-34 234 586 0.059734 -0.601052 -0.796975 140 72 73
-33 234 586 0.0251649 -0.616221 -0.787171 148 78 80
-32 234 586 0.0369457 -0.633767 -0.772641 152 82 84
-31 234 586 0.0520356 -0.653047 -0.755528 156 87 90
-30 234 586 0.0730416 -0.658402 -0.749114 162 93 98
-29 234 586 0.134472 -0.685193 -0.71584 167 98 103
-28 234 586 0.222321 -0.697198 -0.681534 175 106 111
-27 234 586 0.319197 -0.709895 -0.627823 190 119 123
-26 234 587 0.445878 -0.675921 -0.586791 196 125 129
-25 234 587 0.543819 -0.650571 -0.530112 197 123 124
-20 237 594 0.923444 -0.238203 -0.300848 212 136 136
-15 241 604 0.000770883 -0.436859 -0.89953 136 132 133
-14 241 604 -0.0432607 -0.377314 -0.925075 145 139 141
-13 241 604 -0.10732 -0.341323 -0.933799 158 149 154
-12 241 604 -0.145487 -0.333763 -0.931362 172 163 168
-4 241 604 0.476834 -0.415271 -0.774713 242 232 240
-3 242 605 0.609441 -0.402929 -0.68281 247 236 244
-2 242 607 0.726017 -0.408673 -0.55307 255 246 254
-1 242 607 0.753535 -0.399058 -0.522435 255 245 253
1 244 611 0.876782 -0.348356 -0.331514 254 243 251
-41 234 584 0.12744 -0.648184 -0.750744 91 55 55
-39 234 585 0.120824 -0.627474 -0.769206 116 65 64
-37 234 586 0.106235 -0.609416 -0.785701 112 52 54
-24 235 587 0.666437 -0.567109 -0.483992 207 128 124
-23 235 588 0.733689 -0.52043 -0.436868 199 120 115
-22 236 589 0.81544 -0.412493 -0.406087 191 116 110
-18 240 600 0.79848 -0.172194 -0.57687 92 71 78
-17 241 603 0.519656 -0.285346 -0.805317 99 94 98
-16 241 603 0.144734 -0.335411 -0.930887 109 103 107
-15 242 604 0.124475 -0.291581 -0.948413 139 129 137
-14 242 604 0.0123087 -0.312884 -0.949712 152 141 149
-11 241 603 -0.144403 -0.30309 -0.941958 175 164 172
-10 241 603 -0.143332 -0.313332 -0.938764 181 171 179
-9 241 603 -0.0796597 -0.321013 -0.943719 198 188 196
-8 241 603 0.00867263 -0.34102 -0.940016 203 193 201
-7 241 603 0.123667 -0.366724 -0.922074 219 209 217
-6 241 603 0.192527 -0.381736 -0.903997 224 214 222
-5 241 603 0.345601 -0.394904 -0.851241 230 220 228
-4 242 604 0.468116 -0.401391 -0.787244 243 232 240
-1 243 607 0.758978 -0.394238 -0.518198 253 242 250
0 244 609 0.829454 -0.369636 -0.418779 255 244 253
-40 234 584 0.13253 -0.644422 -0.753098 109 65 66
-38 235 585 0.122847 -0.672858 -0.7295 110 55 58
-37 235 585 0.113082 -0.682668 -0.721926 111 52 54
-36 235 585 0.107305 -0.690728 -0.715109 116 56 58
-35 235 585 0.0814902 -0.710344 -0.699122 121 60 65
-34 235 585 0.0501341 -0.708943 -0.703482 132 66 68
-33 235 585 0.0241394 -0.708005 -0.705794 138 69 72
-31 235 585 0.0219501 -0.721574 -0.691989 149 80 83
-29 235 585 0.139823 -0.728092 -0.671067 173 101 104
-27 235 585 0.328755 -0.685197 -0.649942 195 121 122
-26 235 585 0.433768 -0.644228 -0.629933 191 117 118
-21 237 591 0.891763 -0.28604 -0.350628 205 131 130
-19 239 596 0.901371 -0.166416 -0.399795 112 52 51
-17 242 603 0.438973 -0.150786 -0.885758 102 97 103
-16 242 603 0.232901 -0.213268 -0.948828 110 105 111
-13 242 604 -0.131661 -0.311328 -0.941138 155 145 153
-12 242 604 -0.120546 -0.292728 -0.948567 167 157 165
-11 242 603 -0.158768 -0.295446 -0.942075 172 162 170
-10 242 603 -0.155701 -0.285494 -0.945648 180 170 178
-9 242 603 -0.0867011 -0.30376 -0.948796 196 186 194
-7 242 603 0.103297 -0.34349 -0.933458 211 201 209
-6 242 603 0.221651 -0.378652 -0.898606 225 215 223
-5 242 603 0.324844 -0.388712 -0.862195 231 221 229
-2 243 606 0.662224 -0.409901 -0.627248 255 244 252
2 246 614 0.896548 -0.336918 -0.287554 255 243 252
-39 235 584 0.134712 -0.6949 -0.706375 105 59 59
-32 235 585 0.0158888 -0.717274 -0.69661 150 80 82
-30 235 584 0.0696929 -0.734749 -0.674749 167 95 98
-28 235 584 0.19367 -0.704709 -0.682552 192 118 117
-25 235 585 0.543753 -0.613172 -0.573021 195 119 119
-22 237 588 0.844369 -0.338325 -0.415424 194 121 115
-20 238 592 0.928893 -0.197509 -0.313284 214 140 139
-18 241 600 0.77649 0.0248145 -0.629641 91 74 82
-16 243 603 0.221445 -0.148127 -0.963857 107 104 111
-15 243 604 0.120938 -0.205895 -0.971072 137 129 140
-14 243 604 0.0490757 -0.22956 -0.972056 146 139 147
-13 243 604 -0.111471 -0.252103 -0.961259 153 143 152
-12 243 603 -0.131038 -0.261034 -0.956394 159 149 158
-11 243 603 -0.16227 -0.269146 -0.949331 172 162 171
-10 243 603 -0.16082 -0.279603 -0.946551 179 169 177
-9 243 603 -0.105987 -0.298509 -0.948504 193 183 191
-8 242 602 -0.0243535 -0.316649 -0.94823 198 188 196
-7 243 603 0.0932571 -0.352353 -0.931209 207 200 207
-6 243 603 0.20307 -0.374682 -0.904641 222 215 222
-5 243 603 0.315024 -0.394675 -0.863129 229 222 229
-3 243 604 0.56316 -0.421283 -0.710895 250 239 247
1 245 610 0.864793 -0.345639 -0.364235 253 242 250
2 247 613 0.893384 -0.337931 -0.296087 254 243 251
3 247 615 0.901271 -0.333465 -0.276607 254 243 251
-40 235 583 0.145351 -0.716778 -0.681984 92 56 56
-24 236 585 0.64326 -0.514578 -0.566945 185 107 103
-23 236 586 0.737725 -0.444479 -0.508134 187 109 105
-21 238 590 0.90272 -0.240056 -0.35703 210 136 135
-19 240 596 0.906663 -0.0997013 -0.409904 108 50 49
-18 242 599 0.802016 0.0070234 -0.597262 93 76 84
-4 243 603 0.406065 -0.405571 -0.818916 241 231 239
-2 244 605 0.635032 -0.421601 -0.647292 253 242 250
-1 244 606 0.731931 -0.392829 -0.556743 253 242 250
0 245 608 0.819206 -0.372815 -0.435788 254 243 251
-39 236 583 0.125954 -0.755239 -0.643234 95 57 56
-23 237 586 0.780217 -0.354422 -0.515408 187 109 105
-20 239 592 0.935438 -0.138527 -0.325217 216 145 143
-19 241 596 0.901292 -0.0184796 -0.432817 95 37 36
-17 243 602 0.411837 -0.0241271 -0.910938 102 101 107
-16 244 603 0.230371 -0.0919378 -0.96875 108 107 113
-15 244 604 0.0935799 -0.159768 -0.982709 131 125 135
-14 244 603 0.0291452 -0.191386 -0.981082 145 135 146
-13 244 603 -0.0848297 -0.212421 -0.973489 149 139 150
-12 244 603 -0.145964 -0.230707 -0.962013 158 148 159
-11 244 603 -0.169055 -0.238643 -0.956279 174 164 173
-10 244 603 -0.178062 -0.265885 -0.947417 177 167 176
-9 244 603 -0.128849 -0.30169 -0.944659 188 178 187
-8 243 602 -0.0397539 -0.328019 -0.943834 195 185 194
-3 244 603 0.508907 -0.410602 -0.756584 246 235 243
1 246 609 0.857299 -0.348442 -0.37898 254 243 251
3 248 614 0.902625 -0.329773 -0.276618 254 243 251
-38 236 583 0.125849 -0.762871 -0.634185 92 52 52
-37 236 583 0.108621 -0.77393 -0.623886 99 49 48
-36 236 583 0.0986525 -0.778765 -0.61951 107 51 50
-35 236 583 0.0884205 -0.787516 -0.609919 135 66 69
-34 236 583 0.0590657 -0.794765 -0.604036 139 69 71
-33 236 583 0.0557932 -0.795089 -0.603922 154 79 83
-32 236 583 0.0490382 -0.787416 -0.614468 158 83 87
-31 236 583 0.0758981 -0.766728 -0.63747 162 87 91
-30 236 583 0.121892 -0.732623 -0.669631 173 97 99
-29 236 582 0.210199 -0.710941 -0.671103 177 101 103
-28 236 583 0.276329 -0.684841 -0.674266 180 104 104
-27 236 583 0.386394 -0.6251 -0.678196 181 103 103
-26 236 583 0.46712 -0.578715 -0.668496 189 111 111
-25 236 583 0.52171 -0.551538 -0.650864 187 107 106
-22 238 587 0.859594 -0.201932 -0.469385 203 132 128
-21 239 590 0.925305 -0.11456 -0.361505 214 142 143
-20 240 592 0.940428 -0.0393027 -0.337715 222 150 151
-19 242 598 0.858292 0.036199 -0.511883 98 56 60
-18 243 599 0.779265 0.0849941 -0.620904 90 75 82
-17 244 602 0.315777 -0.0516256 -0.947428 102 101 107
-16 245 603 0.14211 -0.0483994 -0.988667 109 108 114
-15 245 604 -0.0054312 -0.12681 -0.991912 127 121 131
-12 245 603 -0.152512 -0.206676 -0.96645 160 150 161
-11 245 603 -0.192362 -0.235341 -0.952686 174 164 173
-8 244 602 -0.0703828 -0.323598 -0.943573 194 184 193
-7 244 602 0.0370088 -0.34257 -0.938763 206 196 205
-6 244 602 0.147706 -0.367616 -0.918173 221 211 220
-5 244 602 0.236748 -0.394534 -0.887859 234 224 233
-4 244 602 0.383345 -0.404721 -0.830209 239 229 237
-2 245 604 0.60375 -0.405889 -0.686105 252 241 249
-1 245 605 0.69414 -0.399646 -0.598709 252 241 249
0 246 607 0.802037 -0.376792 -0.463426 255 244 252
4 250 617 0.90882 -0.323556 -0.263359 253 242 250
-24 237 583 0.671081 -0.379742 -0.636746 190 110 109
-21 240 590 0.92411 -0.0178758 -0.381707 216 146 146
-20 241 592 0.939969 0.0234568 -0.340451 226 156 156
-19 243 598 0.847121 0.0910145 -0.523547 100 59 63
-18 244 600 0.720529 0.069618 -0.689921 93 77 87
-14 245 603 -0.0571591 -0.145048 -0.987772 144 134 145
-13 245 603 -0.120816 -0.193988 -0.973536 152 142 151
2 248 611 0.884392 -0.335243 -0.324752 254 243 251
-35 237 582 0.0995143 -0.808461 -0.580076 124 64 64
-34 237 582 0.107275 -0.808141 -0.579137 132 66 68
-33 237 582 0.0961161 -0.787257 -0.609088 155 81 82
-32 237 582 0.117566 -0.769916 -0.627223 157 83 84
-31 237 582 0.149485 -0.752138 -0.641828 164 90 89
-28 237 582 0.347566 -0.605342 -0.716072 175 95 94
-27 237 582 0.438245 -0.543656 -0.715807 175 95 94
-26 237 582 0.525861 -0.486152 -0.697945 182 101 98
-25 237 582 0.587591 -0.436533 -0.681305 189 108 105
-24 238 583 0.719035 -0.260476 -0.644314 194 114 113
-23 238 585 0.802169 -0.242208 -0.545766 202 131 129
-22 239 587 0.868514 -0.101518 -0.485157 217 149 146
-21 241 591 0.929374 0.0449191 -0.366396 215 147 148
-20 242 593 0.930642 0.0873807 -0.355344 225 155 157
-19 244 599 0.804993 0.114653 -0.582101 97 56 62
-18 245 600 0.68944 0.0692352 -0.721027 92 76 86
-17 245 602 0.269966 -0.0406985 -0.962009 98 98 106
-10 245 602 -0.213055 -0.287295 -0.933846 173 166 174
-9 245 602 -0.164518 -0.311817 -0.935791 184 177 185
-8 245 602 -0.0860991 -0.331399 -0.939554 190 183 191
-7 245 602 0.0369483 -0.347015 -0.937132 200 193 201
-6 245 602 0.150037 -0.376061 -0.914367 216 208 219
-5 245 602 0.204608 -0.393541 -0.896248 224 216 227
-4 245 602 0.347695 -0.408831 -0.843781 236 226 234
-3 245 602 0.462845 -0.400292 -0.790912 243 233 241
-1 246 604 0.663452 -0.387761 -0.639901 252 241 249
0 247 606 0.77154 -0.375507 -0.513537 252 242 250
1 247 607 0.829981 -0.361118 -0.425119 253 243 251
3 249 612 0.895917 -0.329345 -0.298103 254 243 251
4 251 616 0.907739 -0.320843 -0.270316 252 241 249
-38 237 581 0.14251 -0.809952 -0.568918 90 50 50
-37 237 581 0.139991 -0.816578 -0.560002 96 48 48
-36 237 581 0.128743 -0.816356 -0.563017 105 51 49
-30 237 581 0.249971 -0.7161 -0.651701 162 85 79
-29 237 581 0.308006 -0.671342 -0.674116 166 86 79
-25 238 582 0.652298 -0.316509 -0.688716 192 113 109
-23 239 585 0.81866 -0.132069 -0.558887 216 135 131
-22 240 588 0.896983 0.00188836 -0.44206 217 152 150
-21 242 591 0.915233 0.137796 -0.378629 220 158 163
-18 246 602 0.448636 0.00304504 -0.893709 90 87 94
-17 246 603 0.211728 -0.00272783 -0.977325 98 97 103
-16 246 603 0.0832882 -0.0264462 -0.996175 106 103 112
-15 246 603 -0.0349188 -0.106975 -0.993648 121 114 122
-14 246 603 -0.111463 -0.139498 -0.983929 130 122 133
-13 246 603 -0.174309 -0.174892 -0.969035 147 141 151
-12 246 602 -0.205517 -0.239347 -0.948934 161 155 165
-11 246 602 -0.249963 -0.2803 -0.926796 165 159 169
-10 246 602 -0.236505 -0.30618 -0.922128 174 167 175
-7 246 601 -0.00579234 -0.368174 -0.929739 206 199 206
-6 246 601 0.109584 -0.373853 -0.920991 213 206 213
-4 246 602 0.347211 -0.386678 -0.854356 235 225 234
-3 246 602 0.475352 -0.388921 -0.789165 241 231 240
-2 246 603 0.581233 -0.386749 -0.715956 250 240 249
-1 247 604 0.675277 -0.373117 -0.636227 250 240 248
1 248 607 0.83379 -0.351593 -0.425648 254 243 251
2 249 610 0.882641 -0.334051 -0.33069 254 243 251
-31 238 581 0.244719 -0.72896 -0.63932 147 72 69
-29 238 580 0.390984 -0.631422 -0.669655 158 79 74
-27 238 581 0.529238 -0.441398 -0.72462 180 101 96
-26 238 581 0.587685 -0.385723 -0.711227 185 108 102
-23 240 585 0.832838 -0.0317397 -0.552606 220 142 138
-22 241 588 0.885125 0.0861311 -0.457314 212 151 150
-20 243 594 0.912595 0.145713 -0.38202 198 143 148
-18 247 602 0.420742 0.021051 -0.906936 91 88 97
-17 247 603 0.177078 -0.00756923 -0.984168 98 97 105
-16 247 603 -0.0428532 -0.0784959 -0.995993 105 103 114
-15 247 603 -0.170658 -0.104759 -0.979746 119 114 121
-14 247 603 -0.171287 -0.133002 -0.976202 128 122 132
-12 247 602 -0.272282 -0.243857 -0.930804 160 154 164
-11 247 602 -0.269547 -0.28054 -0.921218 166 160 170
-10 247 602 -0.255738 -0.315349 -0.913867 174 167 175
-9 246 601 -0.179168 -0.318667 -0.930779 186 176 185
-8 246 601 -0.109352 -0.342338 -0.933192 191 181 190
-5 246 601 0.179944 -0.38622 -0.904685 222 212 220
-4 247 602 0.333821 -0.381326 -0.862064 235 225 234
-3 247 602 0.477916 -0.370796 -0.796308 240 230 239
-2 247 603 0.569927 -0.381743 -0.727637 249 239 248
0 248 605 0.75291 -0.359044 -0.551556 252 241 249
3 250 611 0.889504 -0.32756 -0.318572 254 243 251
-30 238 580 0.343725 -0.68206 -0.645482 160 81 76
-28 238 580 0.503412 -0.504533 -0.701444 175 92 86
-27 239 581 0.581726 -0.366659 -0.726055 186 106 99
-26 239 581 0.65156 -0.289569 -0.701156 192 113 108
-25 239 582 0.688301 -0.207903 -0.694995 209 132 126
-24 239 583 0.738673 -0.146923 -0.657857 219 142 136
-24 240 584 0.800591 -0.0410264 -0.597805 227 154 148
-23 241 586 0.851997 0.0810079 -0.517241 223 152 148
-22 242 589 0.891964 0.146546 -0.427696 213 153 152
-21 243 592 0.915838 0.154479 -0.370643 206 157 161
-20 244 594 0.898911 0.196786 -0.391452 163 121 125
-17 248 603 0.133032 -0.0758745 -0.988203 97 96 104
-13 247 602 -0.201708 -0.208292 -0.957041 143 137 147
-9 247 601 -0.201147 -0.335813 -0.920201 184 177 185
-8 247 601 -0.120411 -0.359294 -0.925424 189 182 190
-7 247 601 -0.0090032 -0.367626 -0.92993 204 197 204
-6 247 601 0.111067 -0.373876 -0.920805 211 204 211
1 249 606 0.812764 -0.33059 -0.479713 253 242 250
5 253 617 0.906161 -0.324474 -0.271273 252 241 249
-37 238 579 0.193564 -0.82013 -0.538442 90 52 51
-36 238 579 0.181914 -0.819069 -0.544089 95 51 50
-35 238 579 0.184435 -0.813706 -0.551241 108 54 52
-34 238 579 0.202732 -0.803075 -0.560331 119 59 59
-33 238 579 0.23147 -0.784624 -0.575141 129 59 61
-32 238 579 0.27613 -0.754191 -0.595776 133 62 60
-31 239 580 0.35187 -0.717194 -0.601515 156 77 73
-26 240 582 0.698139 -0.178819 -0.693272 197 118 111
-25 240 583 0.748307 -0.116031 -0.653126 213 136 130
-24 241 585 0.83125 0.0297573 -0.555102 222 153 146
-22 243 590 0.898663 0.181615 -0.399275 211 156 153
-21 244 593 0.912345 0.172616 -0.371254 193 153 154
-18 248 603 0.354357 0.00154016 -0.935109 94 91 100
-17 249 604 0.0136693 -0.114137 -0.993371 96 95 103
-16 248 603 -0.0922258 -0.0969632 -0.991006 100 99 107
-15 248 603 -0.195745 -0.107097 -0.974789 114 114 122
-14 248 603 -0.247705 -0.137346 -0.959051 124 121 130
-13 248 602 -0.268413 -0.204617 -0.941322 144 138 148
-12 248 602 -0.312473 -0.246251 -0.917454 152 146 156
-11 248 602 -0.299289 -0.282154 -0.911491 165 159 169
-5 247 600 0.172208 -0.357738 -0.917806 218 211 218
-2 248 603 0.587036 -0.35764 -0.72628 248 238 247
-1 248 603 0.637974 -0.35465 -0.683529 250 240 248
2 250 608 0.85798 -0.335663 -0.388845 253 242 250
4 252 613 0.900612 -0.321511 -0.292453 253 242 250
-36 239 578 0.225581 -0.805352 -0.548198 91 51 51
-30 239 580 0.37903 -0.662775 -0.645806 166 83 77
-29 239 580 0.471807 -0.575192 -0.668246 179 92 85
-28 239 580 0.55626 -0.46922 -0.685862 187 100 93
-27 240 581 0.649548 -0.250859 -0.717744 196 113 105
-25 241 583 0.763309 -0.043777 -0.644548 212 137 131
-24 242 585 0.837591 0.0997267 -0.537119 212 145 137
-23 242 586 0.855127 0.129838 -0.501897 209 144 138
-22 244 590 0.892303 0.212651 -0.398214 213 157 156
-21 245 594 0.902358 0.19603 -0.383826 158 123 127
-18 249 603 0.27692 -0.0444374 -0.959865 94 91 100
-16 249 603 -0.138204 -0.120181 -0.983085 101 104 109
-15 249 603 -0.225662 -0.140602 -0.964006 114 115 120
-14 249 603 -0.301489 -0.149798 -0.941629 133 127 137
-13 249 602 -0.318642 -0.187381 -0.929169 145 139 149
-12 249 602 -0.346182 -0.232638 -0.908866 153 147 157
-11 249 602 -0.331221 -0.277339 -0.901873 165 159 169
-10 248 601 -0.284593 -0.308085 -0.907794 167 162 169
-9 248 601 -0.224238 -0.342152 -0.912496 181 176 183
-4 248 601 0.306568 -0.355722 -0.88288 231 221 230
-3 248 601 0.432225 -0.349153 -0.831429 235 225 234
-2 249 602 0.537748 -0.338658 -0.7721 248 238 247
0 249 604 0.729547 -0.346386 -0.589727 252 241 249
1 250 605 0.789304 -0.325199 -0.520812 252 241 249
3 251 609 0.878812 -0.325506 -0.348905 254 243 251
-32 239 578 0.313141 -0.720661 -0.618539 140 71 66
-30 240 579 0.489628 -0.574568 -0.655847 171 88 82
-28 240 580 0.637732 -0.365166 -0.678197 190 103 96
-27 241 582 0.697666 -0.160433 -0.698229 196 116 107
-26 241 582 0.739798 -0.0909375 -0.666656 203 124 117
-25 242 584 0.812221 0.0354063 -0.582274 211 138 131
-24 243 586 0.856626 0.153301 -0.492636 209 142 134
-23 243 587 0.862886 0.194746 -0.466371 209 146 139
-22 245 591 0.890375 0.218577 -0.39932 214 160 158
-21 246 595 0.889165 0.201733 -0.410719 125 96 98
-18 250 603 0.246254 -0.0807923 -0.965832 92 89 100
-17 250 604 0.0281788 -0.122114 -0.992116 96 95 103
-16 250 604 -0.175006 -0.145397 -0.973772 104 104 112
-10 249 601 -0.307216 -0.298481 -0.903619 168 163 170
-9 249 601 -0.240761 -0.319747 -0.916404 182 177 184
-8 248 600 -0.130027 -0.34897 -0.92807 194 187 195
-7 248 600 -0.0221118 -0.35834 -0.933329 198 191 199
-6 248 600 0.0914582 -0.350112 -0.932232 209 202 209
-5 248 600 0.184811 -0.352805 -0.917264 214 207 214
-3 249 601 0.414908 -0.32631 -0.849337 233 223 232
-1 249 602 0.614359 -0.319559 -0.721419 250 240 248
0 250 604 0.731282 -0.326056 -0.599095 252 241 249
2 251 607 0.835183 -0.332178 -0.438322 255 244 252
4 253 612 0.896901 -0.323252 -0.30179 253 242 250
-35 239 577 0.288838 -0.767481 -0.572316 107 65 66
-34 239 577 0.305664 -0.754605 -0.580638 125 67 65
-33 239 577 0.31272 -0.736485 -0.59983 134 70 68
-29 240 579 0.572151 -0.469325 -0.67259 178 95 89
-28 241 580 0.727917 -0.271284 -0.629716 190 105 98
-26 242 583 0.780248 -0.0163761 -0.625256 205 135 125
-25 243 585 0.839963 0.12001 -0.529207 207 139 130
-24 244 587 0.872076 0.202537 -0.445491 211 144 136
-23 244 588 0.879905 0.206455 -0.427953 214 149 143
-22 246 592 0.907186 0.173873 -0.383121 192 141 138
-21 247 596 0.879877 0.186133 -0.437231 108 88 89
-15 250 603 -0.243644 -0.165155 -0.955699 112 110 121
-13 250 602 -0.367593 -0.185755 -0.911247 142 136 146
-12 250 602 -0.381743 -0.22201 -0.897209 151 145 155
-8 249 600 -0.132986 -0.319584 -0.93818 188 183 190
-7 249 600 -0.0139083 -0.328721 -0.944325 198 191 199
-6 249 600 0.0914493 -0.328367 -0.940113 209 202 209
-5 249 600 0.196125 -0.316447 -0.928115 213 208 214
-4 249 600 0.299716 -0.318632 -0.899246 226 219 227
-2 250 602 0.56103 -0.305027 -0.769548 243 233 242
-1 250 602 0.622289 -0.320117 -0.71434 248 238 246
3 252 608 0.871742 -0.327095 -0.364793 255 244 252
5 254 613 0.899709 -0.3259 -0.290368 251 240 248
-31 240 578 0.43549 -0.627839 -0.645109 162 87 81
-27 242 582 0.747347 -0.118122 -0.653849 196 119 109
-26 243 583 0.792076 0.0223016 -0.610015 197 124 115
-24 245 588 0.88878 0.185289 -0.419211 209 145 136
-23 245 589 0.893791 0.2017 -0.400569 210 145 139
-23 246 591 0.905736 0.177776 -0.384756 199 140 134
-22 247 593 0.911581 0.158404 -0.379378 156 107 103
-21 248 597 0.86457 0.163204 -0.475272 104 86 86
-18 251 604 0.132421 -0.159557 -0.978267 83 82 96
-17 251 604 -0.0105868 -0.164739 -0.98628 89 93 102
-14 250 602 -0.304234 -0.168719 -0.937537 131 128 137
-11 250 601 -0.35492 -0.25408 -0.899708 162 156 166
-7 250 600 -0.0330555 -0.302321 -0.952633 197 190 198
-3 250 601 0.402839 -0.296732 -0.865835 230 220 229
0 251 603 0.686376 -0.313101 -0.656396 253 242 250
1 251 604 0.760583 -0.321095 -0.56428 252 241 249
2 252 606 0.824002 -0.329007 -0.461275 254 243 251
4 254 610 0.888591 -0.323875 -0.324826 253 242 250
6 256 616 0.901109 -0.328475 -0.283032 247 236 244
-35 240 575 0.320751 -0.749723 -0.578821 97 61 61
-34 240 575 0.331921 -0.73823 -0.587234 107 61 61
-30 241 578 0.570954 -0.510604 -0.64288 171 87 77
-29 241 579 0.640617 -0.389179 -0.661929 183 103 92
-28 242 580 0.752619 -0.22561 -0.618599 187 110 100
-27 243 582 0.8095 -0.0624783 -0.583786 199 120 115
-26 244 584 0.831831 0.0531098 -0.552482 196 121 115
-25 244 585 0.858599 0.126839 -0.496708 200 135 131
-23 247 592 0.91048 0.15536 -0.383263 159 117 118
-21 249 597 0.863645 0.108528 -0.49228 92 95 102
-18 252 604 0.112151 -0.238776 -0.964577 75 82 92
-17 252 604 -0.00463595 -0.22281 -0.974851 87 94 104
-16 251 603 -0.1703 -0.205997 -0.96362 96 98 111
-15 251 603 -0.232573 -0.184236 -0.95497 108 106 120
-14 251 602 -0.335388 -0.189238 -0.922878 129 127 138
-13 251 601 -0.40199 -0.206789 -0.891988 139 138 146
-12 251 601 -0.397717 -0.226915 -0.889006 147 146 154
-10 250 600 -0.305612 -0.262112 -0.915368 166 163 172
-9 250 600 -0.23236 -0.260776 -0.937019 183 178 185
-6 250 599 0.109414 -0.296276 -0.948815 212 202 210
-4 250 600 0.288942 -0.304307 -0.907695 222 215 223
-1 251 602 0.623437 -0.308707 -0.71835 243 233 242
1 252 604 0.74948 -0.320243 -0.579417 253 243 251
3 253 607 0.846909 -0.328497 -0.418133 255 244 252
-33 240 575 0.369774 -0.708856 -0.600658 133 76 69
-32 240 575 0.40925 -0.683201 -0.604773 146 81 75
-29 242 579 0.707146 -0.336728 -0.621738 176 102 93
-27 244 583 0.827209 -0.00631591 -0.561858 199 125 116
-25 245 586 0.878764 0.149088 -0.453372 195 138 127
-24 246 589 0.897416 0.177931 -0.403715 179 135 132
-22 248 594 0.918751 0.131207 -0.3724 91 85 89
-21 250 598 0.833327 0.0505276 -0.550467 81 96 103
-20 251 601 0.66864 -0.080872 -0.739175 70 87 95
-16 252 603 -0.179893 -0.220186 -0.958727 95 99 110
-8 250 599 -0.1474 -0.273636 -0.950472 193 186 193
-5 250 599 0.184467 -0.297825 -0.936628 217 207 215
-2 251 601 0.487454 -0.305173 -0.818082 238 228 237
0 252 603 0.683665 -0.323936 -0.653963 250 240 248
2 253 606 0.824081 -0.322177 -0.465931 253 243 251
5 255 611 0.89196 -0.327077 -0.312136 252 239 248
-34 241 574 0.439703 -0.691196 -0.573506 98 56 60
-31 241 576 0.493644 -0.634091 -0.595184 165 88 82
-28 243 580 0.766497 -0.210637 -0.606724 190 111 104
-26 245 584 0.864704 0.0795311 -0.495946 198 125 118
-25 246 587 0.89578 0.139572 -0.422017 190 132 121
-24 247 590 0.919084 0.123674 -0.374151 133 113 112
-23 249 593 0.933444 0.0809839 -0.349462 81 89 91
-22 249 595 0.912143 0.101536 -0.397097 79 94 97
-21 251 598 0.827141 -0.0356579 -0.560862 73 98 103
-20 252 601 0.610907 -0.152713 -0.776834 73 96 104
-16 253 603 -0.154313 -0.253866 -0.95485 103 103 111
-15 252 602 -0.271906 -0.217175 -0.937498 108 106 117
-14 252 602 -0.331304 -0.222143 -0.917001 119 117 128
-13 252 601 -0.409482 -0.224244 -0.88433 136 134 145
-12 252 601 -0.39464 -0.224186 -0.891067 145 143 154
-11 251 600 -0.344838 -0.230795 -0.909846 162 159 170
-10 251 600 -0.305912 -0.23638 -0.922249 168 165 174
-9 251 600 -0.250254 -0.235978 -0.938982 181 176 183
-8 251 600 -0.167399 -0.250139 -0.953629 185 180 187
-7 251 600 -0.0390705 -0.268531 -0.962478 198 193 199
-6 251 599 0.0913648 -0.261631 -0.960834 210 204 208
-5 251 599 0.160518 -0.289004 -0.943775 215 208 215
-4 251 600 0.283062 -0.301814 -0.910376 222 215 223
-3 251 600 0.3896 -0.295413 -0.872321 225 218 226
-2 252 601 0.495978 -0.295891 -0.816367 238 228 237
-1 252 601 0.571362 -0.307793 -0.760795 240 230 239
3 254 606 0.834754 -0.328807 -0.441668 255 244 252
5 256 610 0.887488 -0.329521 -0.322151 253 240 249
6 257 614 0.89809 -0.327569 -0.293484 248 237 245
7 258 616 0.901271 -0.327325 -0.283846 244 233 241
-33 241 573 0.463416 -0.671773 -0.577899 97 56 54
-32 241 574 0.50599 -0.654677 -0.56158 134 75 69
-30 242 576 0.634578 -0.532313 -0.560315 163 92 86
-28 244 581 0.815448 -0.121062 -0.566029 187 117 109
-27 245 583 0.842337 -0.0143942 -0.538759 190 127 120
-25 247 588 0.914735 0.106998 -0.38963 144 109 103
-24 248 591 0.929362 0.0955094 -0.356602 92 92 94
-23 250 594 0.935757 0.0320349 -0.351188 79 98 102
-22 250 596 0.89876 0.0662793 -0.433403 77 101 105
-21 252 599 0.782362 -0.112111 -0.612651 72 97 102
-19 253 602 0.443304 -0.251626 -0.860329 64 84 93
-17 253 603 0.0230294 -0.283039 -0.958832 78 91 97
-15 253 602 -0.24404 -0.259796 -0.934318 107 107 115
-11 252 600 -0.353443 -0.217618 -0.909791 162 160 171
-6 252 599 0.0811515 -0.244458 -0.966258 208 203 209
-5 252 599 0.161951 -0.258055 -0.95246 213 208 212
-4 252 600 0.299776 -0.28231 -0.911282 222 215 222
-3 252 600 0.375663 -0.298145 -0.877489 225 218 226
0 253 602 0.640052 -0.33284 -0.692496 249 239 247
1 253 603 0.713133 -0.330883 -0.618027 252 242 250
4 255 608 0.87713 -0.327979 -0.350816 254 243 251
-32 242 574 0.57517 -0.618771 -0.535073 106 68 67
-31 242 574 0.579044 -0.594537 -0.557883 123 78 75
-29 243 578 0.729751 -0.334639 -0.596222 166 106 95
-27 246 583 0.873472 -0.0162405 -0.486603 155 117 114
-26 246 585 0.880635 0.101356 -0.462826 136 108 107
-25 248 588 0.929504 0.0468558 -0.365823 97 91 95
-24 249 591 0.937217 0.0404573 -0.346393 81 90 95
-22 251 596 0.900915 -0.0171023 -0.433658 75 95 96
-20 253 601 0.599428 -0.226857 -0.767608 74 93 99
-17 254 603 0.0660414 -0.317333 -0.946012 76 93 100
-16 254 603 -0.0911788 -0.289117 -0.952942 85 98 106
-14 253 601 -0.321538 -0.240729 -0.915786 124 122 136
-13 253 601 -0.399314 -0.215013 -0.891245 133 131 144
-12 253 601 -0.384567 -0.214343 -0.897867 153 151 164
-10 252 599 -0.294608 -0.207369 -0.932847 172 169 180
-9 252 599 -0.238227 -0.21701 -0.946655 178 175 184
-8 252 599 -0.166971 -0.219941 -0.961117 182 179 188
-7 252 599 -0.0635388 -0.223625 -0.972602 198 193 200
-1 253 601 0.574603 -0.312224 -0.756537 241 231 240
2 254 604 0.778791 -0.331347 -0.532629 253 243 251
4 256 608 0.878914 -0.326807 -0.347429 255 245 253
5 257 609 0.881691 -0.331189 -0.336059 255 244 252
-31 243 575 0.653164 -0.561298 -0.508254 110 80 82
-30 243 575 0.68671 -0.508226 -0.519745 125 85 86
-29 244 578 0.74408 -0.399985 -0.535123 139 91 89
-28 245 580 0.829274 -0.173036 -0.531379 131 92 93
-24 250 591 0.949301 -0.011835 -0.314146 78 95 102
-21 253 598 0.801667 -0.188041 -0.567424 79 99 98
-19 254 602 0.408254 -0.29239 -0.864776 70 89 95
-15 254 602 -0.230713 -0.266428 -0.935835 94 105 111
-11 253 600 -0.348236 -0.19645 -0.916591 161 159 172
-10 253 599 -0.299937 -0.184772 -0.935894 171 169 180
-9 253 599 -0.238291 -0.190891 -0.952249 178 175 184
-8 253 599 -0.182684 -0.196211 -0.963394 182 179 188
-7 253 599 -0.0713466 -0.203664 -0.976438 195 192 199
-6 253 599 0.0615011 -0.216969 -0.974239 202 197 204
-5 253 599 0.16691 -0.23973 -0.956384 212 207 213
-4 253 599 0.245421 -0.264404 -0.932662 221 214 222
-3 253 600 0.35703 -0.297682 -0.88539 226 219 227
-2 253 600 0.422168 -0.30997 -0.851876 235 228 236
1 254 602 0.697663 -0.335962 -0.632769 250 240 248
2 255 604 0.777342 -0.332286 -0.534158 254 244 252
3 255 605 0.823596 -0.324076 -0.465471 255 245 253
6 258 612 0.890981 -0.331953 -0.309773 255 245 253
7 259 614 0.896449 -0.327715 -0.298299 255 244 252
-23 251 594 0.945322 -0.0117264 -0.325929 78 98 99
-20 254 601 0.589124 -0.274601 -0.759952 72 96 98
-14 254 601 -0.316242 -0.242272 -0.917221 121 123 135
-13 254 601 -0.374293 -0.210594 -0.903081 132 132 144
-12 254 601 -0.371255 -0.194424 -0.907948 142 142 154
-11 254 600 -0.345957 -0.175409 -0.921708 160 160 172
-10 254 599 -0.293753 -0.161645 -0.942115 172 170 181
-2 254 600 0.437953 -0.29805 -0.848153 235 228 236
-1 254 601 0.566235 -0.316245 -0.761162 237 230 238
0 254 601 0.613628 -0.33381 -0.715564 247 237 245
2 256 604 0.789368 -0.324955 -0.520867 254 244 252
3 256 605 0.822888 -0.334469 -0.459332 255 245 253
4 257 607 0.865739 -0.32672 -0.379144 255 246 254
6 259 611 0.888523 -0.330459 -0.318314 255 245 253
7 260 613 0.892454 -0.328255 -0.309474 255 244 252
-31 244 574 0.701375 -0.52503 -0.482096 56 80 90
-30 244 575 0.707885 -0.50085 -0.498045 62 82 91
-29 245 577 0.762058 -0.442929 -0.472315 63 81 91
-26 247 583 0.903229 -0.0432457 -0.426974 70 88 92
-22 252 595 0.909857 -0.0801742 -0.407103 77 103 104
-19 255 601 0.49402 -0.338073 -0.801031 71 96 100
-17 255 602 0.107912 -0.341531 -0.933655 66 83 90
-16 255 602 -0.0149612 -0.303343 -0.952764 85 98 104
-15 255 602 -0.164285 -0.27653 -0.946859 97 106 113
-14 255 601 -0.31158 -0.220169 -0.924361 120 122 134
-13 255 601 -0.343503 -0.188846 -0.919969 128 130 142
-12 255 600 -0.355773 -0.168422 -0.919271 151 151 163
-11 255 600 -0.329572 -0.151969 -0.931819 158 158 170
-9 254 599 -0.248051 -0.157235 -0.955902 178 175 184
-8 254 599 -0.190011 -0.178942 -0.965337 190 184 194
-7 254 599 -0.0904337 -0.193508 -0.976922 195 189 199
-6 254 599 0.0338179 -0.222461 -0.974355 202 196 206
-5 254 599 0.132687 -0.247387 -0.959789 214 209 216
-4 254 599 0.212365 -0.268547 -0.939566 221 214 222
-3 254 599 0.296969 -0.291961 -0.909158 224 217 225
-2 255 600 0.422101 -0.301425 -0.85497 234 227 235
0 255 601 0.588808 -0.332128 -0.736883 248 238 246
1 255 602 0.68224 -0.338573 -0.64801 251 241 249
5 258 609 0.884224 -0.328915 -0.331606 255 244 252
-27 247 581 0.884372 -0.207396 -0.418179 62 87 91
-25 249 586 0.939904 -0.0534119 -0.337236 67 91 95
-24 251 590 0.951791 -0.0601477 -0.300792 73 99 98
-23 252 593 0.956296 -0.0778848 -0.281836 72 100 101
-21 254 597 0.815647 -0.223343 -0.533703 71 99 100
-17 256 602 0.104127 -0.3229 -0.940688 68 85 92
-16 256 602 -0.0435395 -0.316529 -0.947583 81 96 103
-6 255 599 -0.000836478 -0.221576 -0.975143 206 196 204
-5 255 599 0.113968 -0.254518 -0.960329 214 208 212
-4 255 599 0.220856 -0.272142 -0.936569 221 211 219
-3 255 599 0.280821 -0.287563 -0.915668 227 217 225
-1 255 600 0.484687 -0.314775 -0.816085 238 228 236
1 256 602 0.664154 -0.345079 -0.66319 253 242 250
2 257 603 0.762288 -0.331872 -0.555679 254 243 251
3 257 604 0.803931 -0.333901 -0.492144 255 245 253
-28 246 578 0.839205 -0.353194 -0.413508 60 85 90
-27 248 581 0.907479 -0.215447 -0.360645 62 87 92
-26 248 582 0.920029 -0.126476 -0.370877 67 92 97
-22 253 594 0.931129 -0.13244 -0.339792 74 104 104
-20 255 599 0.673307 -0.299269 -0.676089 72 100 101
-19 256 601 0.467904 -0.336695 -0.817131 69 97 100
-15 256 601 -0.129742 -0.267197 -0.954868 95 105 114
-14 256 601 -0.264035 -0.211873 -0.940955 106 112 124
-13 256 600 -0.305135 -0.172705 -0.936518 126 128 141
-12 256 600 -0.339097 -0.155128 -0.927873 136 138 151
-11 256 600 -0.317358 -0.141495 -0.93769 154 154 166
-10 255 599 -0.28867 -0.135081 -0.947852 163 161 172
-9 255 599 -0.259494 -0.144726 -0.954839 179 176 185
-8 255 599 -0.207578 -0.16328 -0.964495 183 177 187
-7 255 599 -0.108883 -0.190318 -0.975666 198 191 199
0 256 601 0.593622 -0.351702 -0.723822 248 238 246
4 258 606 0.860946 -0.320994 -0.394632 255 244 252
5 259 608 0.877849 -0.328594 -0.348434 255 245 253
7 261 613 0.891767 -0.325143 -0.314696 255 245 253
-30 245 574 0.729893 -0.481801 -0.484896 58 83 90
-29 246 575 0.780308 -0.428734 -0.45531 60 85 92
-29 247 577 0.830839 -0.383062 -0.403694 61 86 93
-25 250 585 0.943494 -0.104774 -0.314392 67 92 97
-16 257 601 -0.00367037 -0.296315 -0.955083 77 92 99
-15 257 601 -0.0813079 -0.245738 -0.96592 94 104 114
-10 256 599 -0.292856 -0.149681 -0.944368 162 160 171
-9 256 599 -0.264154 -0.162806 -0.95064 177 174 183
-8 256 599 -0.22514 -0.176159 -0.958269 181 178 187
-2 256 599 0.345643 -0.320538 -0.881922 234 227 235
-1 256 599 0.454158 -0.336297 -0.825012 235 228 236
1 257 601 0.619484 -0.355229 -0.700037 251 241 250
6 260 609 0.883261 -0.32552 -0.337471 255 244 253
-30 246 573 0.75953 -0.45456 -0.465283 58 83 90
-28 247 576 0.833737 -0.370529 -0.409379 57 84 91
-26 249 581 0.932766 -0.18329 -0.310407 63 91 95
-23 253 590 0.953377 -0.125311 -0.274534 69 103 102
-22 254 593 0.943011 -0.164855 -0.289055 69 103 102
-21 255 596 0.822099 -0.226016 -0.522562 68 102 101
-20 256 598 0.719087 -0.303558 -0.625113 71 101 103
-16 258 601 0.0630487 -0.2811 -0.957605 75 90 97
-15 258 601 -0.0157472 -0.234833 -0.971908 94 104 114
-14 257 600 -0.202957 -0.21045 -0.956305 114 118 129
-13 257 600 -0.29121 -0.171843 -0.941099 120 122 134
-12 257 600 -0.329061 -0.154838 -0.931528 132 134 146
-11 257 600 -0.316455 -0.146089 -0.937291 153 153 165
-7 256 598 -0.129396 -0.1886 -0.973492 198 193 200
-6 256 598 -0.0539674 -0.212011 -0.975776 204 197 205
-5 256 598 0.0650311 -0.248561 -0.966431 212 205 212
-4 256 598 0.143203 -0.275927 -0.950451 217 210 218
-3 256 598 0.243247 -0.304734 -0.920852 221 214 222
0 257 600 0.544159 -0.347243 -0.76375 245 235 244
2 258 602 0.71479 -0.342317 -0.609831 252 242 251
3 258 603 0.78149 -0.330353 -0.529283 255 244 252
5 260 607 0.870359 -0.32546 -0.369527 255 244 253
7 262 612 0.887034 -0.324692 -0.328245 255 245 253
8 263 614 0.890226 -0.323123 -0.321074 254 244 252
-20 257 598 0.722183 -0.291047 -0.62749 71 101 101
-19 257 599 0.610122 -0.309969 -0.729157 71 101 103
-14 258 600 -0.164018 -0.205985 -0.964712 106 112 124
-13 258 600 -0.26347 -0.165092 -0.950436 120 124 135
-10 257 599 -0.302095 -0.150262 -0.941361 169 167 178
-9 257 599 -0.27708 -0.156903 -0.947949 177 174 183
-8 257 599 -0.233272 -0.171211 -0.957221 183 180 189
-7 257 599 -0.156838 -0.191577 -0.968865 197 192 199
-6 257 598 -0.078322 -0.221475 -0.972016 208 201 209
-5 257 598 0.0173719 -0.246587 -0.968965 215 208 216
-4 257 598 0.140954 -0.289408 -0.946771 216 211 218
-3 257 598 0.21685 -0.306585 -0.926813 221 216 223
-2 257 599 0.330723 -0.307865 -0.892099 231 224 232
-1 257 599 0.430909 -0.334325 -0.838179 235 228 236
4 259 604 0.824174 -0.324793 -0.463948 255 244 252
6 261 608 0.876944 -0.322668 -0.356168 255 246 254
-31 245 570 0.703031 -0.522982 -0.48191 56 85 91
-12 258 600 -0.304348 -0.145532 -0.941378 141 143 155
-11 258 600 -0.313361 -0.147461 -0.938115 149 149 161
-10 258 599 -0.315463 -0.153225 -0.936486 167 165 176
-9 258 599 -0.287998 -0.162085 -0.943814 175 172 181
0 258 599 0.50268 -0.323342 -0.801725 241 234 241
1 258 600 0.583275 -0.342595 -0.736491 245 238 245
5 261 606 0.861563 -0.325284 -0.389743 254 243 251
-31 246 570 0.757047 -0.483045 -0.43994 55 84 90
-25 251 582 0.945173 -0.167014 -0.280632 67 98 101
-22 255 591 0.952876 -0.176391 -0.246807 67 103 101
-21 256 594 0.883167 -0.261372 -0.389488 68 104 104
-19 258 598 0.631074 -0.323498 -0.705049 70 101 103
-18 259 600 0.401517 -0.294161 -0.867325 60 90 92
-16 259 600 0.153004 -0.271502 -0.950198 85 104 111
-15 259 600 0.0387422 -0.237096 -0.970713 92 106 115
-14 259 600 -0.12467 -0.218116 -0.967927 105 113 124
-13 259 600 -0.243195 -0.192855 -0.950612 120 124 135
-12 259 600 -0.300593 -0.154899 -0.94109 139 141 153
-11 259 600 -0.309656 -0.14853 -0.939176 147 147 159
-8 258 598 -0.239153 -0.172778 -0.955486 192 189 196
-7 258 598 -0.185089 -0.192446 -0.963694 198 195 202
-6 258 598 -0.107829 -0.215164 -0.970607 203 198 204
-5 258 598 -0.0135784 -0.244298 -0.969605 211 204 211
-4 258 598 0.092533 -0.275557 -0.956821 219 212 220
-3 258 598 0.213485 -0.286974 -0.933847 223 216 224
-2 258 598 0.307731 -0.294813 -0.904647 230 223 231
-1 258 598 0.374852 -0.306287 -0.875028 237 227 236
0 259 599 0.501267 -0.305285 -0.809649 241 234 242
1 259 600 0.566545 -0.329181 -0.755424 244 237 245
2 259 601 0.678542 -0.319421 -0.661476 249 239 248
3 259 601 0.730865 -0.317227 -0.604321 251 241 250
4 260 603 0.79376 -0.322507 -0.515688 254 243 251
6 262 607 0.869214 -0.318188 -0.378449 255 245 254
7 263 610 0.879777 -0.317035 -0.354234 255 243 255
-31 247 570 0.780285 -0.446835 -0.437599 53 82 90
-24 252 583 0.951649 -0.163926 -0.259794 71 102 105
-23 254 587 0.953841 -0.168136 -0.248831 70 106 106
-21 257 594 0.88201 -0.273976 -0.383399 65 104 103
-20 258 597 0.756606 -0.291687 -0.585205 74 110 110
-16 260 600 0.206515 -0.271113 -0.940133 84 107 113
-15 260 600 0.0511565 -0.224601 -0.973107 89 106 114
-10 259 599 -0.319232 -0.163432 -0.933478 158 158 168
-9 259 599 -0.292499 -0.163978 -0.942102 173 170 179
2 260 601 0.695308 -0.3081 -0.649324 246 239 247
3 260 601 0.720497 -0.314096 -0.618245 251 241 250
4 261 603 0.805342 -0.310381 -0.505062 254 242 252
8 264 611 0.880358 -0.313236 -0.356166 255 243 253
-22 256 590 0.949829 -0.199075 -0.241234 72 107 109
-19 259 597 0.686792 -0.298023 -0.662947 74 108 110
-18 260 599 0.519183 -0.298785 -0.800735 73 104 109
-14 260 600 -0.121424 -0.202042 -0.971821 105 113 124
-13 260 600 -0.221098 -0.19084 -0.956397 119 123 134
-12 260 600 -0.27298 -0.166876 -0.947436 123 127 138
-9 260 599 -0.3061 -0.170871 -0.936539 175 174 182
-8 259 598 -0.255255 -0.176137 -0.950695 181 178 187
-7 259 598 -0.200427 -0.193117 -0.960487 198 193 200
-6 259 597 -0.117898 -0.202012 -0.972261 208 201 208
-5 259 597 -0.0412274 -0.223044 -0.973936 213 206 214
-4 259 598 0.0734005 -0.247039 -0.966222 220 212 223
-3 259 598 0.211765 -0.252682 -0.944091 221 213 224
-2 259 598 0.300528 -0.277198 -0.912603 230 222 233
-1 259 598 0.376175 -0.286076 -0.881279 234 227 235
3 261 601 0.714762 -0.30644 -0.628658 251 241 250
5 262 605 0.846383 -0.313983 -0.430175 255 245 254
6 263 606 0.858391 -0.304016 -0.413205 255 245 254
-28 248 571 0.80277 -0.41099 -0.432027 52 85 90
-27 249 573 0.831673 -0.373279 -0.411075 58 93 97
-24 253 582 0.953324 -0.184025 -0.23939 74 109 111
-23 255 586 0.955646 -0.19443 -0.221217 75 109 108
-16 261 600 0.228905 -0.272772 -0.934451 68 91 97
-15 261 600 0.0522435 -0.261935 -0.96367 91 108 116
-14 261 600 -0.0560805 -0.222034 -0.973425 105 113 124
-13 261 600 -0.19626 -0.197202 -0.960517 122 126 137
-11 260 599 -0.320048 -0.16473 -0.93297 146 149 158
-10 260 599 -0.324212 -0.165804 -0.931341 166 166 176
-8 260 598 -0.262017 -0.189203 -0.946334 181 180 188
-3 260 598 0.195093 -0.242559 -0.950318 221 216 223
-2 260 598 0.302967 -0.250667 -0.919444 228 223 230
-1 260 598 0.354359 -0.265433 -0.896646 235 230 237
0 260 599 0.462328 -0.284473 -0.839838 239 232 240
1 260 599 0.524508 -0.301341 -0.796294 241 234 242
2 261 600 0.630201 -0.286666 -0.721574 244 237 245
7 264 608 0.86904 -0.311356 -0.384483 255 244 254
-21 258 593 0.889671 -0.273095 -0.36593 74 113 112
-20 259 595 0.810277 -0.274533 -0.517767 75 111 111
-18 261 599 0.512053 -0.290464 -0.808352 70 101 104
-12 261 599 -0.271979 -0.189616 -0.943437 129 133 144
-11 261 599 -0.316317 -0.1751 -0.932354 144 146 158
-10 261 598 -0.324162 -0.188847 -0.92696 165 165 175
-9 261 598 -0.312845 -0.200804 -0.928335 176 175 183
-8 261 598 -0.265943 -0.214573 -0.939805 182 181 189
-7 260 597 -0.198021 -0.194246 -0.960758 197 194 201
-6 260 597 -0.132237 -0.202862 -0.970237 204 201 208
-5 260 597 -0.0499953 -0.221937 -0.973778 214 209 216
-4 260 597 0.0554439 -0.224778 -0.972831 218 215 222
0 261 598 0.427479 -0.255696 -0.867111 236 231 238
1 261 599 0.520705 -0.277418 -0.807407 239 234 241
3 262 600 0.67582 -0.288586 -0.678222 249 242 249
4 262 602 0.782257 -0.294925 -0.548719 254 244 252
5 263 604 0.827231 -0.297036 -0.476926 255 246 254
6 264 605 0.847903 -0.297476 -0.438827 255 246 254
8 265 609 0.869556 -0.30363 -0.389462 255 245 255
-28 249 570 0.806128 -0.413823 -0.422976 52 85 90
-26 250 573 0.865971 -0.320065 -0.384255 62 97 101
-23 256 585 0.952919 -0.203527 -0.22477 77 116 115
-22 257 589 0.946246 -0.217484 -0.239416 74 114 113
-20 260 594 0.838232 -0.268208 -0.474796 74 113 112
-19 260 596 0.739838 -0.259548 -0.620705 70 106 106
-16 262 600 0.250987 -0.277599 -0.927332 70 90 97
-15 262 600 0.105231 -0.257712 -0.960474 96 110 119
-14 262 600 -0.0722578 -0.250682 -0.965369 105 113 124
-13 262 600 -0.158083 -0.224498 -0.961567 122 126 137
-6 261 597 -0.141838 -0.207893 -0.967813 204 201 208
-5 261 597 -0.0542675 -0.213633 -0.975406 212 209 216
-4 261 597 0.0442445 -0.205427 -0.977672 217 214 221
-3 261 597 0.164927 -0.213774 -0.96286 220 217 224
7 265 607 0.859584 -0.301307 -0.41271 255 246 255
9 267 612 0.871586 -0.309652 -0.38007 254 244 253
-27 250 571 0.839944 -0.360322 -0.405786 57 90 95
-25 252 576 0.918715 -0.243681 -0.310776 70 105 107
-24 254 580 0.944539 -0.208637 -0.253608 75 110 112
-21 259 592 0.904038 -0.270825 -0.330711 72 112 111
-19 261 596 0.714779 -0.289537 -0.6366 70 105 107
-18 262 598 0.570016 -0.292094 -0.76796 72 101 105
-16 263 600 0.266316 -0.310069 -0.912652 69 89 96
-15 263 600 0.120159 -0.287386 -0.950248 94 108 117
-14 263 600 -0.0727914 -0.294526 -0.952867 105 113 124
-13 263 600 -0.127227 -0.265458 -0.955691 121 125 137
-12 262 599 -0.266832 -0.202345 -0.942262 128 132 144
-11 262 599 -0.315573 -0.193742 -0.928912 139 141 153
-10 262 598 -0.338285 -0.201233 -0.919276 161 161 171
-9 262 598 -0.322299 -0.214041 -0.922122 175 174 182
-8 262 598 -0.270986 -0.226123 -0.935647 188 187 195
-7 261 597 -0.196026 -0.208701 -0.958132 195 194 202
-2 261 597 0.263894 -0.218149 -0.939559 228 223 230
-1 261 597 0.332715 -0.236131 -0.912986 229 224 231
0 262 598 0.411205 -0.243928 -0.878299 236 229 237
1 262 599 0.533025 -0.256254 -0.806361 240 233 241
2 262 599 0.584048 -0.268491 -0.766029 245 238 246
4 263 601 0.754762 -0.271558 -0.597152 255 245 254
5 264 603 0.798592 -0.277104 -0.534288 255 245 254
6 265 604 0.827791 -0.27312 -0.490069 255 246 255
-26 251 572 0.881423 -0.305472 -0.360251 63 97 99
-12 263 599 -0.230964 -0.248808 -0.940611 130 134 145
-11 263 599 -0.311593 -0.225031 -0.923185 134 138 149
-7 262 597 -0.20245 -0.235185 -0.950632 194 193 201
-6 262 597 -0.144658 -0.240812 -0.959731 200 197 204
-5 262 597 -0.0469041 -0.228559 -0.9724 213 208 215
-4 262 597 0.0613481 -0.227706 -0.971795 217 211 221
-3 262 597 0.157398 -0.217263 -0.963339 226 220 230
-2 262 597 0.259304 -0.220963 -0.940179 228 222 232
-1 262 597 0.327487 -0.235915 -0.91493 229 223 233
2 263 599 0.601685 -0.244258 -0.760469 244 237 245
3 263 599 0.626382 -0.246769 -0.739426 250 240 249
4 264 601 0.747281 -0.254714 -0.613752 255 245 254
7 266 606 0.845619 -0.28644 -0.450422 254 247 255
8 266 607 0.855536 -0.298592 -0.422967 254 247 255
-26 252 572 0.886858 -0.306035 -0.346157 62 97 101
-25 253 575 0.916993 -0.259914 -0.302602 73 108 112
-23 257 585 0.953508 -0.212532 -0.213665 76 112 112
-22 258 587 0.946901 -0.231676 -0.222944 75 111 111
-21 260 591 0.899046 -0.281993 -0.334958 72 111 110
-20 261 593 0.873043 -0.284535 -0.396025 71 109 110
-18 263 598 0.545653 -0.326169 -0.771931 73 104 107
-17 263 598 0.471562 -0.332261 -0.816843 59 87 91
-15 264 600 0.119048 -0.335235 -0.934583 89 107 117
-14 264 600 -0.0707324 -0.321041 -0.94442 106 116 126
-13 264 600 -0.0936005 -0.305551 -0.947564 119 125 137
-10 263 598 -0.338576 -0.22061 -0.914711 159 162 171
-9 263 598 -0.330128 -0.218731 -0.918244 173 173 181
-8 263 598 -0.282989 -0.2319 -0.930666 179 179 187
-6 263 597 -0.140258 -0.241675 -0.960167 204 201 210
-1 263 597 0.305178 -0.215818 -0.927518 229 224 231
0 263 598 0.397212 -0.224287 -0.889898 233 228 235
1 263 598 0.483509 -0.233587 -0.843597 238 233 240
2 264 599 0.58121 -0.217754 -0.784078 244 237 245
5 265 603 0.794726 -0.268519 -0.544341 253 246 254
7 267 606 0.842042 -0.286185 -0.457235 255 248 255
8 267 607 0.852019 -0.290308 -0.435643 254 247 255
9 268 610 0.860394 -0.30314 -0.409668 254 247 255
-26 253 573 0.900598 -0.291726 -0.32221 62 100 103
-25 254 575 0.921933 -0.256576 -0.290187 73 111 114
-24 255 579 0.93948 -0.224167 -0.259087 79 117 120
-23 258 585 0.951066 -0.222691 -0.2142 74 110 108
-22 259 587 0.941865 -0.244964 -0.229965 75 111 109
-21 261 591 0.892392 -0.287783 -0.347589 71 110 107
-19 262 595 0.745292 -0.291181 -0.599795 72 107 109
-16 264 599 0.248196 -0.365537 -0.897096 61 86 90
-7 263 597 -0.208951 -0.235436 -0.949163 194 193 201
-5 263 597 -0.0330808 -0.235836 -0.97123 211 208 215
-4 263 597 0.0676629 -0.232225 -0.970306 214 211 218
-3 263 597 0.169135 -0.21634 -0.961556 224 219 226
-2 263 597 0.250495 -0.20916 -0.945254 226 221 228
3 264 599 0.61995 -0.227143 -0.751044 247 242 249
6 266 603 0.807854 -0.25732 -0.530243 254 247 254
-20 262 593 0.853066 -0.309886 -0.419819 75 111 111
-19 263 595 0.704521 -0.346341 -0.619434 73 112 111
-18 264 597 0.600674 -0.343701 -0.721845 73 107 108
-17 264 598 0.453743 -0.36989 -0.81074 64 94 96
-16 265 600 0.240158 -0.403714 -0.882802 80 101 106
-13 265 599 -0.0824814 -0.372681 -0.924286 117 124 134
-12 264 598 -0.180096 -0.314695 -0.931951 131 138 146
-11 264 598 -0.274759 -0.271326 -0.922437 142 146 155
-10 264 598 -0.322408 -0.24965 -0.913087 150 154 163
-9 264 598 -0.314607 -0.242926 -0.917611 172 172 180
-8 264 597 -0.256321 -0.222119 -0.940725 188 188 196
-7 264 597 -0.197652 -0.222649 -0.954652 194 194 202
-6 264 597 -0.140079 -0.219422 -0.965521 204 203 211
-5 264 597 -0.0315644 -0.215959 -0.975892 210 207 216
-4 264 597 0.0611 -0.216606 -0.974345 216 211 218
-3 264 597 0.179769 -0.21812 -0.959222 223 218 225
-2 264 597 0.241312 -0.204971 -0.948554 225 220 227
-1 264 597 0.306135 -0.196517 -0.931484 229 224 231
0 264 598 0.390443 -0.217141 -0.894653 234 229 236
1 264 598 0.486301 -0.201421 -0.850259 236 231 238
2 265 599 0.577852 -0.200513 -0.791127 245 238 245
3 265 599 0.61477 -0.209003 -0.76051 249 242 249
4 265 600 0.711768 -0.213127 -0.669301 253 246 253
5 266 602 0.776729 -0.235766 -0.584044 253 246 253
-23 259 585 0.949226 -0.234817 -0.209359 74 112 113
-18 265 597 0.533538 -0.414227 -0.737396 71 105 106
-15 265 599 0.165126 -0.389103 -0.906274 80 99 105
-14 265 599 0.0328489 -0.383457 -0.922974 104 113 122
-12 265 598 -0.154485 -0.35942 -0.9203 135 142 150
-11 265 598 -0.238814 -0.324143 -0.915369 147 151 160
-8 265 597 -0.242739 -0.221442 -0.944479 189 189 197
-7 265 597 -0.175314 -0.211304 -0.96157 194 194 202
-1 265 597 0.314263 -0.189636 -0.930203 229 224 231
0 265 598 0.412881 -0.203692 -0.887716 233 228 235
1 265 598 0.506119 -0.190802 -0.841094 235 230 237
4 266 600 0.704108 -0.202881 -0.680493 252 245 252
7 268 604 0.825212 -0.255961 -0.503497 255 248 255
8 268 605 0.83497 -0.275536 -0.476346 254 247 254
-22 260 586 0.941324 -0.259584 -0.215697 77 111 112
-22 262 589 0.914983 -0.279695 -0.290822 79 110 112
-20 263 592 0.859432 -0.324013 -0.395465 77 111 112
-17 265 597 0.441804 -0.408473 -0.798723 65 95 97
-15 266 599 0.152496 -0.456641 -0.876484 85 104 110
-14 266 599 0.0510987 -0.417858 -0.907074 108 117 124
-13 266 599 -0.0906041 -0.380567 -0.920304 124 131 139
-10 265 597 -0.291382 -0.277495 -0.915474 157 160 169
-9 265 597 -0.280772 -0.236748 -0.930117 179 179 187
3 266 599 0.638957 -0.172162 -0.749729 248 241 248
5 267 601 0.731302 -0.211579 -0.648407 252 245 252
6 267 602 0.792856 -0.223954 -0.566767 253 246 253
-19 264 594 0.759641 -0.379118 -0.528409 75 109 110
-17 266 597 0.421836 -0.445871 -0.789464 65 95 97
-12 266 598 -0.137499 -0.407191 -0.902934 147 151 160
-11 266 598 -0.226053 -0.344675 -0.911098 156 160 169
-6 265 596 -0.103173 -0.183722 -0.977549 200 197 204
-5 265 596 -0.0155494 -0.193617 -0.980954 207 204 211
-4 265 596 0.0333227 -0.189306 -0.981353 214 209 216
-3 265 596 0.143375 -0.19334 -0.9706 217 212 219
-2 265 596 0.240869 -0.189364 -0.951905 224 219 226
-1 266 597 0.305679 -0.191528 -0.932672 229 224 231
1 266 598 0.477846 -0.177457 -0.860333 236 231 238
2 266 598 0.528111 -0.189783 -0.827696 244 239 245
5 268 601 0.733547 -0.181391 -0.654986 252 245 252
6 268 602 0.782486 -0.20856 -0.586702 253 246 253
-22 261 585 0.939425 -0.268163 -0.21347 76 110 111
-19 265 594 0.743092 -0.428968 -0.513615 72 106 107
-18 266 596 0.61079 -0.424317 -0.668499 76 107 109
-15 267 598 0.164913 -0.490979 -0.85542 110 125 132
-14 267 598 0.0745185 -0.510142 -0.856856 125 134 141
-13 267 598 -0.0465827 -0.487192 -0.872052 140 144 153
-12 267 598 -0.138965 -0.414887 -0.899198 148 152 161
-11 267 598 -0.184368 -0.387803 -0.903115 164 167 174
-10 266 597 -0.257888 -0.307214 -0.916031 174 177 184
-9 266 597 -0.260078 -0.256956 -0.93077 180 180 188
-8 266 596 -0.224573 -0.219048 -0.949518 191 190 196
-7 266 596 -0.175108 -0.206779 -0.96259 196 195 201
-6 266 596 -0.104723 -0.182864 -0.977545 201 198 205
-5 266 596 -0.0315775 -0.178393 -0.983452 206 203 210
-4 266 596 0.0605033 -0.176984 -0.982352 211 208 215
-3 266 596 0.157233 -0.175308 -0.971877 215 212 219
-2 266 596 0.220239 -0.174043 -0.959794 224 219 226
0 266 597 0.368618 -0.174528 -0.91305 232 227 234
2 267 598 0.527676 -0.178087 -0.830568 242 237 243
3 267 599 0.625229 -0.174903 -0.76059 250 243 250
4 267 599 0.672162 -0.169677 -0.720699 251 244 251
-21 262 586 0.9278 -0.28918 -0.235718 77 108 110
-20 264 591 0.854173 -0.347322 -0.386984 77 108 110
-16 267 597 0.313199 -0.513706 -0.798757 78 99 104
-14 268 598 0.0913674 -0.550442 -0.829858 135 142 150
-10 267 597 -0.216844 -0.330863 -0.918427 175 178 185
-9 267 597 -0.222795 -0.284079 -0.932556 180 181 186
0 267 597 0.38855 -0.16269 -0.906951 231 226 233
1 267 597 0.451248 -0.170477 -0.875964 235 230 237
2 268 598 0.525638 -0.171924 -0.833155 241 236 242
3 268 599 0.615227 -0.160626 -0.771813 250 245 251
4 268 599 0.662216 -0.153972 -0.733323 252 245 252
-19 266 594 0.702118 -0.495841 -0.51105 76 107 109
-18 267 595 0.580097 -0.539236 -0.610501 73 103 105
-17 267 596 0.46878 -0.521529 -0.712918 87 115 118
-13 268 597 0.0219329 -0.578248 -0.815567 154 157 164
-9 268 597 -0.222602 -0.296335 -0.928781 183 182 188
-8 267 596 -0.190631 -0.226642 -0.95514 192 189 196
-7 267 596 -0.14939 -0.191339 -0.970089 196 193 200
-4 267 596 0.0430618 -0.159414 -0.986272 211 208 215
-3 267 596 0.140551 -0.149333 -0.978747 215 212 219
-2 267 596 0.219289 -0.152178 -0.963719 221 218 225
-1 267 596 0.293987 -0.175635 -0.939534 225 220 227
0 268 597 0.384184 -0.126009 -0.914617 231 226 233
1 268 597 0.439458 -0.154218 -0.884926 238 233 239
-21 263 585 0.919579 -0.309655 -0.241843 74 105 107
-19 267 593 0.727502 -0.504526 -0.464968 78 108 110
-12 268 597 -0.0966985 -0.496392 -0.862696 169 172 179
-11 268 597 -0.159624 -0.421359 -0.892736 173 176 183
-10 268 597 -0.199743 -0.364401 -0.909568 175 175 183
-8 268 596 -0.172966 -0.244415 -0.954119 192 189 196
-6 267 595 -0.0845244 -0.164401 -0.982766 204 199 205
-5 267 595 -0.0290177 -0.15459 -0.987553 208 203 209
-4 268 596 0.0656783 -0.151369 -0.986293 210 207 214
-3 268 596 0.147642 -0.162463 -0.975606 217 214 221
-2 268 596 0.200922 -0.147974 -0.968367 220 217 224
-1 268 596 0.274377 -0.133103 -0.952366 225 220 227
-21 264 585 0.911706 -0.318849 -0.259088 72 106 107
-20 265 589 0.8519 -0.360421 -0.379952 72 104 103
-17 268 595 0.463585 -0.629312 -0.623743 130 156 155
-16 268 596 0.346571 -0.626324 -0.698289 148 162 163
-15 268 596 0.221597 -0.568265 -0.792445 156 161 164
-7 268 595 -0.131161 -0.203119 -0.97033 194 193 199
-6 268 595 -0.075849 -0.184683 -0.979867 201 200 206
-5 268 595 -0.0223864 -0.161366 -0.986641 204 203 211
-19 268 592 0.698127 -0.567151 -0.436989 80 110 110
-18 268 593 0.586897 -0.662092 -0.466032 83 111 112
-21 265 585 0.89686 -0.339856 -0.283091 71 105 107
-20 266 587 0.828861 -0.418783 -0.370958 72 106 107
-20 267 586 0.844509 -0.398904 -0.357323 67 101 102
-20 268 588 0.800462 -0.455659 -0.389403 72 103 105
