ply
format ascii 1.0
comment Created by Open3D
element vertex 3738
property double x
property double y
property double z
property double nx
property double ny
property double nz
property uchar red
property uchar green
property uchar blue
end_header
-56 174.833 637.667 -0.00790622 -0.579255 -0.815108 140 80 70
-55 174.833 637.5 0.0035094 -0.559502 -0.828822 139 79 69
-54.8333 174.833 637.5 0.00428539 -0.561379 -0.827547 139 79 69
-56.8333 175.833 637.667 0.00875542 -0.601871 -0.798545 139 79 69
-56 175.667 637.333 -0.00987626 -0.581169 -0.813723 139 79 69
-55 175.5 637.167 -0.00164173 -0.565574 -0.824696 139 79 69
-54.8333 175.333 637.167 0.00328217 -0.563864 -0.825861 139 79 69
-54 175.5 637.5 0.0150834 -0.555333 -0.831491 143 81 70
-53 175.5 637.333 0.0579278 -0.562524 -0.824749 146 82 72
-52.6667 175.5 637.333 0.0797806 -0.560136 -0.82455 151 85 73
-51.8333 175.5 637 0.116659 -0.554697 -0.823834 155 85 75
-51 175.5 636.833 0.177079 -0.551911 -0.814885 155 85 73
-50.5 175.333 636.667 0.205168 -0.563683 -0.800105 158 86 74
-58 175.833 637 0.0305019 -0.616299 -0.786921 135 75 67
-57 175.833 637.167 0.00939163 -0.603644 -0.797199 137 77 69
-56.8333 176 637.5 0.00846286 -0.60354 -0.797288 138 78 68
-56 175.833 637.167 -0.00987626 -0.581169 -0.813723 139 79 69
-55 175.833 637.167 -0.0067257 -0.571694 -0.820439 141 78 69
-54.8333 176 637.333 0.00037402 -0.565493 -0.824753 142 78 69
-54 176 637.167 0.0104317 -0.556032 -0.831096 144 80 70
-53 176.167 637.5 0.0579278 -0.562524 -0.824749 149 82 73
-52.6667 176 637.333 0.0859106 -0.559371 -0.824454 152 84 73
-52 176 637.333 0.116659 -0.554697 -0.823834 154 86 75
-51 176 637 0.20327 -0.556339 -0.805709 156 86 76
-50.3333 176.167 637 0.232242 -0.565419 -0.791432 158 88 78
-49.8333 176.167 637.167 0.264465 -0.557889 -0.78665 160 87 78
-59 176.667 636.167 0.0667224 -0.627455 -0.775789 130 71 63
-58.8333 176.833 636.667 0.0694516 -0.621989 -0.77994 131 72 64
-58 176.833 636.833 0.0411486 -0.616985 -0.785898 134 74 66
-57 176.833 637.167 0.0208533 -0.608066 -0.793612 136 76 68
-56.8333 176.833 637.167 0.015296 -0.607864 -0.793894 140 77 68
-56 176.667 636.667 -0.0060529 -0.599351 -0.800464 141 78 69
-55 176.833 636.833 -0.0177682 -0.576192 -0.817121 143 79 70
-54.8333 176.833 637 -0.0109323 -0.571932 -0.820228 145 78 70
-54 176.667 636.833 -0.00169894 -0.563344 -0.826221 147 80 71
-53 176.667 636.667 0.055405 -0.576288 -0.815366 149 81 72
-52.3333 176.833 636.833 0.099491 -0.562859 -0.820543 151 81 71
-52 176.833 636.833 0.131035 -0.572281 -0.809521 153 83 73
-51 176.667 636.667 0.200749 -0.565527 -0.799925 155 85 75
-50 176.667 636.667 0.253155 -0.569389 -0.782118 158 88 78
-49.8333 176.667 637.167 0.268766 -0.564891 -0.780169 159 89 79
-49 176.667 637.167 0.304289 -0.56307 -0.768349 159 89 79
-59.8333 177.167 636 0.111124 -0.617265 -0.778868 126 69 62
-59 177.167 636.333 0.0696319 -0.626096 -0.776631 129 70 62
-58.8333 177.167 636.667 0.0667224 -0.627455 -0.775789 130 71 63
-58 177.333 637 0.0317032 -0.623169 -0.781444 132 73 65
-57 177.333 637.167 0.0200992 -0.610107 -0.792064 136 76 68
-56.6667 177.167 636.833 0.0178639 -0.61266 -0.790145 138 78 70
-56 177.167 636.833 -0.000529685 -0.608581 -0.793492 143 78 72
-55 177 636.667 -0.0219412 -0.581917 -0.812952 147 80 72
-54.8333 177.167 637 -0.017572 -0.578806 -0.815276 148 79 72
-54 177 636.5 -0.00099414 -0.574872 -0.818243 151 81 73
-53 177 636.5 0.0500393 -0.579186 -0.813658 151 81 73
-52 177 636.5 0.153051 -0.573358 -0.804883 152 82 74
-51 177 636.5 0.220419 -0.568864 -0.792344 155 87 76
-50 177.333 636.833 0.27517 -0.570346 -0.773943 157 89 78
-49.8333 177.333 636.833 0.285906 -0.572403 -0.768513 159 89 79
-49 177.667 637.5 0.328872 -0.557082 -0.762563 160 90 80
-48.1667 177.5 637.5 0.353082 -0.566532 -0.744564 160 91 76
-47.8333 177.5 637.667 0.354693 -0.55957 -0.749049 160 91 76
-59.8333 177.667 635.667 0.122246 -0.638904 -0.759511 125 68 61
-59 177.667 635.833 0.0740444 -0.629896 -0.773142 129 70 62
-58.8333 177.833 636.333 0.0686127 -0.629698 -0.773804 129 70 62
-58 177.833 636.333 0.0493187 -0.625044 -0.77903 132 72 64
-57 177.833 636.5 0.0187677 -0.62206 -0.782745 137 74 67
-56.5 178 636.5 0.0107454 -0.617015 -0.786878 139 76 69
-56 177.833 636.333 -0.0026675 -0.611774 -0.791028 145 78 72
-55 177.667 636.167 -0.012508 -0.601552 -0.798736 147 80 72
-54.5 177.833 636.5 -0.020102 -0.59858 -0.800811 149 80 73
-54 177.667 636.167 -0.00405824 -0.587373 -0.809306 151 81 73
-53 177.667 636.167 0.0550849 -0.586197 -0.808293 152 82 74
-52 177.833 636.5 0.166083 -0.579445 -0.79791 154 84 76
-51 177.667 636.333 0.226731 -0.583116 -0.780108 155 87 76
-50 177.667 636.333 0.270961 -0.570133 -0.775583 156 88 77
-50 177.833 636.833 0.301758 -0.569518 -0.764585 156 88 77
-49 177.833 637.167 0.339891 -0.555751 -0.758693 158 90 79
-48 178.167 637.667 0.374656 -0.558034 -0.740426 159 92 76
-47.8333 178.5 637.833 0.380454 -0.572835 -0.726026 160 93 77
-47 178.5 638 0.379576 -0.57425 -0.725368 161 94 78
-59.8333 178 635 0.133373 -0.656519 -0.742424 123 66 59
-59 178 635.333 0.0938361 -0.646454 -0.75716 128 69 61
-58.6667 178.167 635.667 0.0736363 -0.649879 -0.756462 129 70 62
-58 178.333 636 0.0531851 -0.644179 -0.763023 133 73 65
-57 178.333 636 0.0192039 -0.629062 -0.777118 138 75 68
-56.1667 178.167 635.667 -0.00542833 -0.627685 -0.778449 140 77 70
-56 178 635.333 -0.00284838 -0.625079 -0.780557 144 77 71
-55 178.167 635.667 -0.0211359 -0.619496 -0.784715 146 77 70
-54.1667 178.167 635.667 -0.0125075 -0.619887 -0.784592 147 76 70
-54 178.167 635.667 0.00508783 -0.611095 -0.791541 152 79 72
-53 178 635.333 0.0373762 -0.60196 -0.797651 152 79 72
-52 178 635.667 0.133498 -0.589805 -0.796435 150 80 72
-51 178.333 636 0.235944 -0.579316 -0.780207 153 85 74
-50 178.667 636.333 0.309469 -0.559107 -0.769174 154 88 76
-49 178.667 637 0.353892 -0.556422 -0.751768 156 90 78
-48 178.667 637.333 0.379413 -0.570025 -0.728778 158 91 75
-47.8333 178.833 637.667 0.379413 -0.570025 -0.728778 160 93 77
-47 178.833 637.667 0.393576 -0.58641 -0.70797 164 97 81
-60.5 178.5 634.167 0.147927 -0.671904 -0.725715 120 65 60
-59.8333 178.667 635 0.125411 -0.665274 -0.735991 124 65 61
-59 178.833 635.333 0.0979457 -0.666993 -0.738598 126 67 59
-58.6667 179 635.667 0.0806763 -0.664923 -0.742543 129 69 61
-58 179 635.5 0.0739702 -0.668775 -0.739776 133 70 63
-57 179 635.667 0.0299557 -0.656856 -0.75342 137 74 67
-53 179 635.333 0.0781938 -0.630263 -0.772434 147 81 69
-52 179 635.333 0.135196 -0.606329 -0.783637 149 81 70
-51 179 635.833 0.263956 -0.578878 -0.77151 153 83 73
-50 179 635.667 0.297748 -0.590734 -0.74992 154 84 74
-49 179 636.667 0.371474 -0.566647 -0.735472 156 86 74
-48 179 636.667 0.385308 -0.575533 -0.721318 160 90 78
-48 179.5 637.333 0.386786 -0.57419 -0.721597 162 92 80
-47 179.667 637.333 0.405105 -0.599388 -0.690379 166 96 84
-46 179.833 637.833 0.408287 -0.612408 -0.676948 168 98 86
-45.8333 179.833 638.333 0.409038 -0.608582 -0.679938 166 97 82
-61.6667 179.167 633.333 0.210646 -0.667565 -0.714133 115 64 60
-60.8333 179.333 633.833 0.166331 -0.68119 -0.712961 117 64 60
-60.1667 178.833 633.833 0.137206 -0.685455 -0.715071 120 65 60
-59.8333 179 634.167 0.132519 -0.684971 -0.716417 123 65 61
-59 179 634.333 0.116272 -0.684481 -0.719699 126 67 61
-58.1667 179.167 634.667 0.0716983 -0.684247 -0.725717 127 66 61
-58 179.167 634.833 0.0767995 -0.680087 -0.729098 129 68 63
-57 179.167 634.833 0.0405586 -0.686126 -0.726351 133 72 67
-56 179.167 634.833 0.00199819 -0.68433 -0.72917 136 73 66
-56 179 634.167 0.00795939 -0.709025 -0.705138 135 72 65
-55 179 634.5 0.00229644 -0.692283 -0.721622 136 72 63
-54 179 634.5 0.0271045 -0.68235 -0.730523 139 75 66
-54 179.5 634.5 0.0456805 -0.698195 -0.714448 143 76 67
-53 179.5 634.333 0.103009 -0.695733 -0.710876 146 79 70
-52 179.667 634.5 0.164425 -0.686383 -0.708408 147 80 71
-51.6667 179.667 634.667 0.186248 -0.667339 -0.72109 148 81 72
-51 179.833 635.167 0.251616 -0.640121 -0.725903 151 83 72
-47.8333 180 636.667 0.401024 -0.596057 -0.695626 161 91 79
-47 180 637 0.405703 -0.601325 -0.688341 165 96 81
-46 180 637 0.412033 -0.626367 -0.661735 168 99 84
-45.8333 180.167 637.667 0.409544 -0.623688 -0.665798 168 99 84
-61.6667 179.333 632.833 0.247262 -0.655999 -0.713111 114 65 60
-60.8333 179.5 633.5 0.164614 -0.683741 -0.710916 118 65 61
-60.1667 179.667 633.667 0.132877 -0.690572 -0.710953 120 67 63
-59.8333 179.833 634.167 0.125567 -0.695696 -0.707277 125 67 65
-59 179.833 634.333 0.102324 -0.702876 -0.703914 126 69 62
-58.1667 180 634.667 0.0676693 -0.704478 -0.706493 127 68 62
-58 180 634.5 0.0676693 -0.704478 -0.706493 129 70 64
-57 180 634.5 0.0253028 -0.712742 -0.70097 132 73 67
-56 180 634 -0.00175944 -0.733819 -0.679343 131 70 65
-55 180 634.167 0.0133363 -0.727292 -0.686198 133 70 61
-54 180 634.5 0.0433416 -0.708178 -0.704702 136 73 64
-53 180 634.333 0.106658 -0.706034 -0.7001 143 79 69
-52 180 634.333 0.166642 -0.687208 -0.70709 147 80 71
-51.6667 180 634.5 0.183561 -0.687126 -0.702967 147 80 71
-51 180 634.5 0.243947 -0.672843 -0.698407 150 82 71
-50 180 635 0.311927 -0.630793 -0.710494 153 85 74
-49.8333 180 635.167 0.32811 -0.614063 -0.717823 155 87 74
-49 180 635.667 0.377039 -0.607348 -0.699264 156 88 75
-48 180 635.667 0.394111 -0.623923 -0.674831 157 90 74
-47.8333 180.167 636 0.400477 -0.619654 -0.675016 159 92 76
-47 180.5 636.333 0.403052 -0.634617 -0.659402 163 96 80
-46 180.833 637 0.411499 -0.646178 -0.642746 166 99 83
-45.8333 180.833 637 0.413159 -0.652196 -0.635563 167 100 84
-45 180.833 637.5 0.42426 -0.657599 -0.622549 165 98 82
-60.8333 180.5 632.833 0.183282 -0.687417 -0.702755 118 65 61
-60.1667 180.667 633.5 0.13488 -0.69353 -0.707689 120 67 63
-59.8333 180.5 633.5 0.117471 -0.696661 -0.707717 124 66 64
-59 180.667 633.667 0.0825735 -0.70518 -0.704203 126 68 64
-58 180.667 633.667 0.0520065 -0.725323 -0.686441 129 70 66
-57.8333 180.667 633.667 0.046042 -0.731879 -0.679877 131 72 66
-57 180.5 633.667 0.0195366 -0.732544 -0.680439 134 75 69
-56 180.5 633.667 -0.0091955 -0.74414 -0.66796 135 74 69
-55.6667 180.5 633.167 -0.0184692 -0.767745 -0.64049 131 70 65
-55 180.5 633.5 0.0169385 -0.761264 -0.648221 132 69 60
-54 180.5 633.5 0.0424381 -0.763362 -0.644575 136 73 64
-53.5 180.5 633.5 0.0764773 -0.758376 -0.647316 140 76 66
-53 180.5 633.5 0.122237 -0.753595 -0.645874 144 80 70
-52 180.667 633.833 0.163584 -0.730628 -0.66289 148 82 70
-51.1667 180.667 633.833 0.211898 -0.727141 -0.652966 148 82 70
-51 180.833 634 0.224813 -0.728961 -0.646587 148 82 70
-50 181 634.167 0.289368 -0.724706 -0.625354 152 86 74
-49.6667 181 634.667 0.307729 -0.69066 -0.65444 157 89 76
-49 181 634.667 0.350659 -0.688911 -0.634381 158 90 77
-48 181 635.167 0.397788 -0.651647 -0.645849 157 90 74
-47.3333 181 635.333 0.396209 -0.66483 -0.633261 158 91 75
-47 181 636 0.400993 -0.648606 -0.646927 162 95 79
-46 181 636.167 0.411332 -0.665316 -0.623025 165 98 82
-45.5 181.167 636.5 0.417654 -0.665235 -0.618892 166 99 83
-45 181.167 636.667 0.431679 -0.67157 -0.602202 165 98 82
-62.6667 180.167 632 0.281517 -0.628615 -0.724977 107 59 55
-61.6667 180.333 632 0.22416 -0.668178 -0.70943 109 60 55
-60.8333 180.667 632.667 0.187949 -0.68648 -0.702438 115 62 58
-60 180.667 633 0.129329 -0.697246 -0.705069 117 64 60
-59.8333 181 633.333 0.112325 -0.700104 -0.705151 122 64 62
-59 180.833 633.167 0.0830562 -0.718648 -0.690396 124 66 62
-58 181 633.333 0.049998 -0.732589 -0.678833 128 69 65
-57.8333 181 633 0.0368291 -0.729226 -0.683281 130 71 65
-57 181.167 633.333 0.00218966 -0.747136 -0.664668 132 73 67
-56 181.167 633 -0.0290677 -0.779002 -0.626347 134 74 66
-55.5 181 632.833 -0.0209685 -0.779652 -0.625862 129 69 61
-55 181 633.167 0.00907435 -0.78237 -0.622748 130 67 58
-54 181 633 0.0383858 -0.787074 -0.615663 135 72 63
-53.3333 181 633.167 0.0945143 -0.780049 -0.618539 140 76 66
-53 181 633.167 0.108423 -0.780557 -0.61561 145 81 71
-52 181 633.5 0.153333 -0.774524 -0.613679 150 84 72
-51 181 633.333 0.208916 -0.772041 -0.600256 149 83 71
-51 181.167 633.667 0.206862 -0.761027 -0.614854 148 82 68
-50 181.167 634 0.290876 -0.731426 -0.616772 152 86 72
-49.1667 181.167 634.167 0.339894 -0.716146 -0.609596 157 89 76
-49 181.333 634.333 0.351524 -0.722066 -0.595862 158 90 77
-48 181.5 634.5 0.38269 -0.713168 -0.587316 158 91 75
-47 181.833 634.833 0.39122 -0.706729 -0.589475 158 91 75
-46 182 635.833 0.414336 -0.686921 -0.597047 166 99 83
-45.1667 182 636 0.427337 -0.688157 -0.586364 166 99 83
-45 182 636.5 0.425077 -0.685724 -0.59084 165 98 82
-62.6667 181 631 0.274514 -0.611217 -0.742332 101 60 54
-61.8333 181.167 631.333 0.242269 -0.638959 -0.730094 104 59 54
-61.8333 181.333 632 0.234509 -0.641882 -0.730064 107 60 54
-60 181.667 632.333 0.130636 -0.689677 -0.712236 115 64 60
-59.8333 181.667 632.5 0.115649 -0.698603 -0.706102 119 64 61
-59 181.667 632.667 0.0674299 -0.713696 -0.697203 123 66 59
-58 181.5 632.333 -0.00288134 -0.742242 -0.670126 129 70 64
-57.6667 181.667 632.5 -0.013601 -0.746376 -0.665385 129 70 64
-57 181.333 632.333 -0.036059 -0.766806 -0.640865 130 71 65
-56 181.333 632.167 -0.0482226 -0.786455 -0.615762 134 74 66
-55.3333 181.333 632 -0.0236484 -0.799716 -0.599913 129 69 61
-55 181.5 632.167 -0.0033694 -0.808059 -0.589092 129 66 57
-54 181.5 632.167 0.0349021 -0.809773 -0.585704 134 71 62
-53 181.333 632.167 0.092641 -0.809432 -0.57986 144 82 71
-52 181.5 632.5 0.131186 -0.801157 -0.583898 149 85 73
-51 181.5 632.5 0.194216 -0.800077 -0.567589 147 83 71
-51 181.667 632.833 0.19545 -0.798076 -0.569977 148 82 68
-47 182 634 0.386346 -0.739574 -0.551151 157 90 74
-46 182.167 635 0.418501 -0.701798 -0.576487 164 97 81
-45.1667 182.667 635.833 0.428012 -0.710978 -0.557956 166 97 82
-45 182.833 636 0.426577 -0.712266 -0.557413 167 98 83
-63.5 181.833 630.333 0.359519 -0.549845 -0.753934 97 58 53
-62.6667 182 630.833 0.286378 -0.592936 -0.752605 101 60 54
-61.8333 182.167 631.5 0.263825 -0.612487 -0.745155 105 60 55
-61.8333 181.833 631.667 0.25035 -0.619611 -0.743913 106 61 56
-60.8333 181.667 631.833 0.186039 -0.665728 -0.722631 111 62 58
-60 181.833 632 0.128436 -0.682108 -0.719884 114 65 60
-59.8333 181.833 632.333 0.120942 -0.691948 -0.711745 119 66 62
-59 181.833 632 0.0471269 -0.709594 -0.703033 122 67 62
-58 182 632 -0.0228218 -0.742725 -0.669207 128 70 66
-57 182 631.833 -0.0671763 -0.768245 -0.636621 128 71 64
-57 181.833 631.667 -0.0671763 -0.768245 -0.636621 128 71 64
-56 181.833 631.667 -0.0682603 -0.791063 -0.607914 133 74 66
-55.1667 181.833 631.5 -0.0304808 -0.799597 -0.599762 131 72 64
-55 182 631.667 -0.0238238 -0.802912 -0.595621 130 70 62
-54 182 631.5 0.0234639 -0.814303 -0.579966 134 74 66
-53 182 631.333 0.0579864 -0.819974 -0.569456 143 80 71
-52 182 631.5 0.122563 -0.822283 -0.555724 148 84 72
-51 182 631.833 0.183024 -0.818754 -0.544191 148 84 72
-50 182 632.167 0.234005 -0.806874 -0.542398 148 84 72
-49 182 632.5 0.310378 -0.7953 -0.520734 155 89 77
-48 182 632.833 0.354991 -0.777071 -0.519751 159 91 78
-47 182.833 633.833 0.388131 -0.754134 -0.529751 157 89 76
-45 183 635 0.427257 -0.722859 -0.543072 165 98 82
-44 183 635.667 0.441821 -0.713426 -0.543891 170 103 87
-64.5 182.167 629.5 0.390993 -0.486745 -0.781155 86 52 50
-64.1667 182.167 630 0.371184 -0.514692 -0.772861 89 56 51
-63.5 182 629.833 0.359686 -0.532086 -0.766492 93 55 52
-62.6667 182.167 630.5 0.286676 -0.590195 -0.754643 97 58 53
-61.8333 182.333 631 0.258623 -0.607141 -0.751328 103 59 56
-61.8333 182.5 631.5 0.25708 -0.612783 -0.747266 106 61 56
-60.8333 182.667 631.333 0.161266 -0.652362 -0.740552 111 63 59
-59.6667 182.667 631.833 0.0759461 -0.692068 -0.717826 116 65 62
-59 182.333 631.167 0.00623272 -0.724515 -0.68923 121 68 62
-58 182.333 631.167 -0.059398 -0.751233 -0.657359 124 69 64
-57 182.333 631.167 -0.0942158 -0.7699 -0.631171 126 69 62
-56 182.333 630.833 -0.0994929 -0.786547 -0.609462 132 73 65
-55 182.333 630.833 -0.0446693 -0.807732 -0.587856 132 73 65
-55 182.167 630.833 -0.0439206 -0.807552 -0.588159 131 72 64
-54 182.333 631 0.0156672 -0.823098 -0.567683 134 75 67
-53 182.333 631 0.0617852 -0.826686 -0.559261 134 74 64
-52 182.333 631.167 0.118207 -0.825988 -0.551154 147 85 74
-51 182.333 631.167 0.176774 -0.820172 -0.544122 147 85 74
-51 182.667 631.667 0.180963 -0.823217 -0.538114 146 82 70
-50 182.833 631.833 0.225273 -0.814745 -0.534269 148 84 72
-47 183 632.833 0.389444 -0.765121 -0.512761 157 89 76
-46 183 633.833 0.424105 -0.738449 -0.52424 161 93 80
-45 183.833 634.833 0.431896 -0.731469 -0.527654 170 103 87
-64.5 182.5 629 0.405889 -0.460776 -0.789266 85 51 52
-63.6667 182.667 629.5 0.358196 -0.499756 -0.788632 87 53 52
-62.6667 182.833 629.833 0.307903 -0.541487 -0.782297 93 58 54
-61.8333 183 630.5 0.2486 -0.592411 -0.766321 99 61 58
-61.8333 182.833 630.667 0.24354 -0.609414 -0.754522 102 61 55
-60.8333 182.833 630.5 0.159496 -0.638992 -0.752496 108 63 58
-60 182.833 630.833 0.0828008 -0.677158 -0.731164 115 66 59
-59 182.833 630.833 -0.0152826 -0.705617 -0.708428 122 69 63
-58 182.833 630.167 -0.100104 -0.734072 -0.671653 125 67 63
-57 182.833 630.167 -0.123361 -0.754332 -0.644799 128 69 63
-56 182.833 630.167 -0.12449 -0.773055 -0.622003 132 71 66
-55 182.667 630 -0.0660955 -0.802225 -0.593352 132 71 66
-54.6667 182.667 630 -0.0567939 -0.806966 -0.58786 134 71 64
-54 182.833 630.167 -0.00610368 -0.823754 -0.566914 138 75 68
-53 182.833 630.167 0.0506091 -0.831134 -0.553765 141 77 68
-52.8333 182.833 630.167 0.0499971 -0.833022 -0.550977 142 78 69
-50.6667 183 630.667 0.177116 -0.841407 -0.510553 149 85 75
-49 183 631.167 0.272053 -0.824077 -0.496875 151 89 78
-48 183 631.833 0.33098 -0.810994 -0.482433 158 90 77
-47 183.167 632.167 0.387896 -0.784941 -0.483119 159 90 75
-47 183.833 632.833 0.408645 -0.768931 -0.491685 156 86 74
-45 184 633.833 0.43165 -0.751604 -0.498768 169 99 87
-44 184 634.5 0.454335 -0.738745 -0.497831 174 107 91
-43 184 634.833 0.458967 -0.740497 -0.49093 178 111 94
-65.3333 183.167 628.5 0.414888 -0.431212 -0.801202 86 52 53
-64.5 183 628.667 0.402954 -0.452615 -0.795467 86 52 53
-63.6667 183.167 629.333 0.360152 -0.479138 -0.800448 88 54 53
-63.6667 183 629.333 0.359677 -0.491204 -0.793317 89 55 54
-62.6667 183.333 629.5 0.319357 -0.526602 -0.787846 94 59 55
-61.3333 183.667 630.167 0.213618 -0.580978 -0.785386 102 61 55
-60 183.833 630.667 0.0744047 -0.636914 -0.767336 114 65 60
-59 183.833 630.833 -0.0504496 -0.686641 -0.725244 119 66 62
-59 183.333 630.167 -0.0630178 -0.693256 -0.717931 124 69 64
-58 183.333 630.167 -0.119356 -0.724797 -0.678545 127 69 65
-57 183.333 630 -0.136258 -0.753802 -0.642819 127 68 64
-56.8333 183.333 630 -0.133569 -0.758286 -0.638092 126 67 63
-56 183.167 629.667 -0.141644 -0.770593 -0.621388 126 67 61
-55 183.167 629.667 -0.0985845 -0.792494 -0.60186 124 65 59
-54.6667 183.167 629.833 -0.0723911 -0.805423 -0.588264 127 68 60
-54 183.167 629.667 -0.0238148 -0.815788 -0.57786 134 75 67
-53 183 629.5 0.0298372 -0.840577 -0.54087 137 77 67
-52.5 183 629.5 0.0483206 -0.843835 -0.534422 139 76 67
-52 183 629.667 0.076323 -0.843759 -0.531268 141 79 68
-51 183 629.667 0.134837 -0.85238 -0.50524 145 81 71
-50 183 630 0.190554 -0.846928 -0.49639 146 82 72
-50 183.167 630.167 0.190554 -0.846928 -0.49639 149 85 75
-49 183.5 630.5 0.259112 -0.835906 -0.483862 152 88 76
-48.5 183.5 630.667 0.283776 -0.836675 -0.46845 156 90 78
-46 184 632.167 0.430759 -0.778239 -0.456936 161 93 80
-45 184.167 633.167 0.429572 -0.759379 -0.488683 173 105 92
-65.5 183.5 627.833 0.419876 -0.407414 -0.810998 87 53 54
-64.5 183.667 628.333 0.40554 -0.428256 -0.807548 87 53 54
-63.6667 183.833 628.667 0.385973 -0.455749 -0.802071 89 55 54
-63.3333 183.667 628.667 0.367605 -0.462911 -0.806585 90 56 55
-62.8333 184 629.333 0.330869 -0.488867 -0.807177 93 58 54
-61.8333 183.5 629.333 0.237481 -0.561482 -0.792679 98 60 57
-61 183.667 629.833 0.165576 -0.586835 -0.792597 102 61 55
-60.8333 183.833 629.833 0.151892 -0.590353 -0.792724 107 62 57
-60 184 630 0.0531837 -0.63421 -0.771329 112 63 58
-59 184 630 -0.0839385 -0.662568 -0.744283 118 65 61
-58.8333 184 629.833 -0.110583 -0.677817 -0.726867 123 68 63
-58 184 629.333 -0.171243 -0.697357 -0.695967 127 69 65
-57 184 629.167 -0.183044 -0.739778 -0.647474 126 68 64
-56.3333 184 629.167 -0.166867 -0.756865 -0.631911 124 66 62
-56 183.833 629 -0.163855 -0.772832 -0.613092 123 66 59
-55 183.833 628.667 -0.155753 -0.795604 -0.585453 123 66 59
-54.1667 184 628.833 -0.0910083 -0.816153 -0.570624 128 71 62
-53 184 628.667 -0.00177617 -0.843776 -0.536692 137 79 68
-52 184 628.667 0.0491047 -0.851353 -0.52229 135 75 65
-51 184 628.667 0.0943829 -0.865462 -0.492003 142 78 68
-50 184 629 0.17962 -0.865293 -0.46798 145 81 71
-49 184 629.667 0.240919 -0.846308 -0.475101 157 89 78
-48.1667 184 629.833 0.294872 -0.839166 -0.457001 158 90 79
-48 184 630.167 0.324833 -0.82786 -0.457309 155 89 75
-47 184 630.5 0.385724 -0.812348 -0.437388 156 90 76
-46.1667 184.167 631.167 0.42317 -0.793405 -0.437533 158 92 78
-46 184.667 631.667 0.431322 -0.786532 -0.44196 160 94 80
-43 185 633.833 0.462862 -0.758303 -0.459059 176 110 94
-43 185.333 634.167 0.462862 -0.758303 -0.459059 175 109 93
-66.3333 183.833 627.167 0.419831 -0.363906 -0.831453 85 51 52
-65.5 184.167 627.167 0.411602 -0.373918 -0.831125 86 52 53
-64.5 184.333 628.333 0.407588 -0.415023 -0.813405 87 53 54
-63.6667 184 628.167 0.390965 -0.442166 -0.807239 89 55 54
-63.1667 184.167 628.667 0.34818 -0.467447 -0.812566 89 55 54
-62.8333 184.5 629 0.319998 -0.468789 -0.823309 93 58 54
-61.8333 184.5 629.5 0.209041 -0.520113 -0.828121 98 60 57
-61 184.667 629.333 0.129107 -0.54975 -0.825291 102 61 55
-60.8333 184.833 629.667 0.0909584 -0.562242 -0.821955 106 61 56
-60 184.833 629.833 0.0158542 -0.611332 -0.791215 111 62 57
-59 184.833 630 -0.104944 -0.664914 -0.73951 117 64 60
-58.8333 184.5 629.333 -0.128034 -0.657549 -0.742453 121 68 64
-58 184.5 629.333 -0.189657 -0.688056 -0.700435 124 69 66
-57 184.333 629.167 -0.203749 -0.726265 -0.656526 124 69 66
-56 184 628.5 -0.185716 -0.770545 -0.609729 124 69 64
-55 184 628.333 -0.15771 -0.79646 -0.583763 125 70 65
-54 184 628.333 -0.0880404 -0.825559 -0.557406 131 74 67
-54 184.5 628.167 -0.116268 -0.826854 -0.550267 137 80 73
-53 184.5 628.167 -0.0313005 -0.847931 -0.529181 137 78 70
-52 184.167 627.833 0.0315092 -0.865852 -0.499308 134 74 66
-52 184.333 628.333 0.0389898 -0.86217 -0.505116 137 77 67
-51 184.333 628.333 0.0853901 -0.87254 -0.481023 139 76 67
-50 184.333 628.333 0.167806 -0.874731 -0.454627 144 80 70
-49 184.833 628.833 0.241105 -0.8664 -0.437286 153 87 75
-48 184.833 628.833 0.299769 -0.854344 -0.42454 155 89 77
-45 185 631.667 0.442092 -0.785125 -0.433743 165 99 85
-44 185 632 0.460685 -0.774268 -0.43391 175 109 95
-42 186 634 0.473222 -0.760671 -0.444343 179 113 97
-66.3333 184.333 626.667 0.421772 -0.340129 -0.840488 86 52 53
-65.5 184.5 626.833 0.411467 -0.347378 -0.842629 86 52 53
-65.5 184.667 627.167 0.411467 -0.347378 -0.842629 87 53 54
-64.5 184.833 627.667 0.410552 -0.382199 -0.827871 88 54 55
-63.6667 185 628.333 0.371665 -0.423316 -0.826238 88 54 53
-62.8333 184.833 628.167 0.327189 -0.44484 -0.833705 89 53 53
-62.8333 185 628.833 0.31854 -0.464338 -0.826391 92 57 53
-61.8333 185 629.167 0.177306 -0.514189 -0.83915 99 59 57
-61 184.833 629.167 0.110971 -0.545147 -0.830964 101 60 54
-60.8333 185 629.333 0.0919885 -0.558739 -0.824226 104 59 54
-60 185 629 -0.0258568 -0.583272 -0.811865 110 61 56
-59 185 629.167 -0.128727 -0.629286 -0.766439 115 64 60
-58.5 185 628.667 -0.211454 -0.666113 -0.715248 120 69 65
-58 185 628.5 -0.238878 -0.675133 -0.697949 121 70 66
-57 185 628.167 -0.26821 -0.72782 -0.631143 122 69 65
-56 185 628.167 -0.224601 -0.769511 -0.597836 122 69 65
-56 184.833 627.5 -0.234786 -0.77249 -0.59003 124 69 64
-55 184.833 627.5 -0.203142 -0.797908 -0.567517 126 68 64
-54 184.833 627.333 -0.153877 -0.823895 -0.545453 128 71 64
-53 184.833 627.333 -0.0679368 -0.853239 -0.517076 139 79 71
-52 184.833 627.333 0.010801 -0.871133 -0.490929 137 77 69
-47 185 628.833 0.355394 -0.850783 -0.387121 159 93 79
-46 185 629.5 0.404193 -0.826404 -0.392025 160 94 80
-43 186 632.5 0.474734 -0.776975 -0.413446 180 114 100
-42.6667 186 632.667 0.478305 -0.775562 -0.411981 181 115 99
-42 186.5 633.5 0.475706 -0.768207 -0.428441 182 116 100
-67 184.833 626.167 0.431426 -0.318264 -0.844144 84 53 51
-66.3333 185 626.5 0.425192 -0.322878 -0.845554 87 53 52
-65.5 185.333 626.833 0.415397 -0.330449 -0.847496 87 53 52
-64.6667 185.5 627.833 0.407038 -0.345183 -0.845676 89 55 56
-63.6667 185.167 627.667 0.380539 -0.395101 -0.836113 89 55 54
-62.8333 185.333 628.333 0.333699 -0.43015 -0.838818 89 53 53
-62.8333 185.5 628.833 0.318853 -0.452142 -0.833007 92 57 53
-61.8333 185.667 629.167 0.17275 -0.492204 -0.853166 99 59 57
-61 185.833 629 0.0840374 -0.522535 -0.848466 103 60 54
-60.8333 185.833 629.333 0.0573791 -0.542156 -0.838317 105 57 53
-58.3333 186 628.333 -0.26214 -0.651067 -0.712316 117 68 63
-58 185.833 628 -0.294998 -0.675605 -0.675673 119 70 65
-57 185.833 628 -0.301037 -0.717103 -0.628601 119 68 64
-56 185.5 627.333 -0.256331 -0.776158 -0.576084 121 68 64
-55 185 626.833 -0.217344 -0.808918 -0.546273 125 67 63
-54 185 626.333 -0.188383 -0.837852 -0.512363 137 78 72
-53 185 626.333 -0.112119 -0.863054 -0.49251 140 80 72
-52 185 626.667 -0.01702 -0.883115 -0.468848 138 78 70
-51.6667 185 626.667 0.00638131 -0.886619 -0.462457 138 78 68
-51 185 626.333 0.0407615 -0.895018 -0.444164 136 76 66
-50 185 626.833 0.118526 -0.89287 -0.434436 136 76 65
-49.8333 185 626.833 0.123542 -0.892866 -0.433044 137 77 66
-49 185 627 0.191833 -0.886903 -0.420243 140 80 69
-48 185 627 0.255309 -0.88338 -0.393012 151 89 78
-48 185.667 627.667 0.284455 -0.875396 -0.390854 155 92 77
-45 186 629.833 0.44984 -0.811288 -0.373437 161 95 81
-44 186 630.167 0.469575 -0.800886 -0.371593 171 105 91
-43 186.5 631.5 0.474537 -0.788682 -0.39089 182 116 102
-42.1667 187 632.167 0.488659 -0.779353 -0.392201 182 116 100
-67.1667 185.667 625.833 0.429609 -0.300851 -0.851425 84 53 51
-66.3333 185.833 626.667 0.434195 -0.303981 -0.84798 87 53 54
-65.5 185.667 627 0.41735 -0.326278 -0.848152 86 52 53
-65.3333 185.833 627 0.411417 -0.322164 -0.852611 87 53 54
-64.6667 186 627.5 0.402427 -0.342716 -0.848881 89 55 56
-63.6667 186.167 627.667 0.360711 -0.360456 -0.860209 87 56 54
-62.8333 186.167 628.167 0.280945 -0.412677 -0.866469 92 57 53
-61.8333 186.333 628.667 0.160043 -0.459523 -0.873628 99 59 57
-61 186 628.5 0.0589342 -0.525676 -0.848641 103 60 54
-60.8333 186.167 628.833 0.0426544 -0.528679 -0.847749 105 57 53
-60 186 628.167 -0.100909 -0.586629 -0.803545 106 59 53
-59 186 628.167 -0.227559 -0.631853 -0.740931 113 62 58
-58 186 627.167 -0.338264 -0.684041 -0.64627 120 67 63
-57 186 626.833 -0.356479 -0.729079 -0.584266 121 68 64
-56 186 626.667 -0.299793 -0.779693 -0.54973 122 69 65
-55.8333 185.833 626.167 -0.300189 -0.790479 -0.533882 123 70 64
-55 185.833 626.167 -0.260171 -0.81592 -0.516319 122 67 62
-54 185.333 625.333 -0.217989 -0.850681 -0.478354 124 69 62
-53.3333 185.333 625.333 -0.178786 -0.863457 -0.471675 133 76 69
-53 185.333 625.333 -0.159763 -0.87053 -0.46546 134 75 67
-52 185.667 625.667 -0.0627613 -0.896309 -0.438966 129 70 62
-51 185.667 625.667 0.00823653 -0.905209 -0.424887 126 67 59
-51 185.333 625.333 -0.000352586 -0.904716 -0.426015 127 68 60
-50 185.833 625.833 0.110656 -0.908308 -0.4034 127 69 58
-49 185.833 625.833 0.186573 -0.902369 -0.388486 127 69 58
-47.8333 186 626.833 0.276126 -0.885955 -0.372611 154 90 78
-46 186 627.833 0.394112 -0.853799 -0.340151 163 97 83
-45.8333 186 627.833 0.401846 -0.851395 -0.337114 162 96 82
-43 187 630.833 0.480442 -0.797019 -0.365972 182 116 102
-42 187 631.167 0.491707 -0.794981 -0.355288 183 117 103
-42 187.167 632 0.489859 -0.784305 -0.380663 186 120 106
-41 187.167 632 0.490991 -0.787585 -0.37234 185 122 105
-67.1667 186 625.833 0.429791 -0.287782 -0.855839 85 51 50
-66.3333 186.333 626.333 0.412576 -0.295103 -0.861798 86 52 53
-65.5 186.5 626.833 0.411693 -0.302946 -0.859496 86 50 52
-65.3333 186.667 627 0.399209 -0.302629 -0.865476 85 51 52
-64.6667 186.667 627.5 0.39887 -0.319153 -0.859677 88 54 55
-63.6667 186.833 627.667 0.325948 -0.347916 -0.87904 88 57 55
-62.8333 186.833 628.167 0.254446 -0.414617 -0.873699 90 56 55
-62.8333 186.667 628.167 0.254446 -0.414617 -0.873699 91 56 52
-61.8333 186.833 628.167 0.124014 -0.475003 -0.871202 98 58 56
-61 186.833 628.5 0.0186332 -0.512693 -0.85837 103 60 54
-60.1667 187 628 -0.153681 -0.574984 -0.803602 104 56 52
-60 187 628 -0.16473 -0.585997 -0.793392 104 57 51
-59 187 627.333 -0.306616 -0.642464 -0.7023 112 61 57
-58 186.5 626.667 -0.379674 -0.691003 -0.615112 121 66 63
-57 186.5 626.667 -0.377263 -0.72382 -0.577717 122 69 65
-56 186.167 625.833 -0.334876 -0.780728 -0.527562 124 71 67
-55.6667 186.167 625.833 -0.301719 -0.799077 -0.520039 124 71 65
-55 186 625.167 -0.290002 -0.816944 -0.498499 118 65 59
-54 186 625.167 -0.232137 -0.848665 -0.475268 114 61 53
-53.3333 186 625 -0.200632 -0.865172 -0.459592 116 63 55
-53 186 624.5 -0.183436 -0.874185 -0.449614 120 65 58
-48 186 625.333 0.242287 -0.899805 -0.362833 151 87 78
-47 186 625.833 0.313346 -0.887223 -0.338601 155 91 79
-46 186.833 626.833 0.393768 -0.86228 -0.318464 164 98 84
-45 186.833 626.833 0.43405 -0.850161 -0.298039 164 98 84
-44 187 628.167 0.465466 -0.827076 -0.315099 167 101 87
-43 187.833 629.833 0.483038 -0.809987 -0.332558 178 115 100
-67.1667 187 625.833 0.421518 -0.2774 -0.863349 79 49 49
-66.3333 187 626 0.397861 -0.279137 -0.87395 82 50 51
-65.5 186.833 626.333 0.400731 -0.284679 -0.870846 83 49 50
-65.1667 187 626.833 0.390117 -0.296349 -0.871772 84 50 49
-64.6667 187 627.167 0.381642 -0.304646 -0.872663 92 53 54
-63.8333 187.333 627.167 0.326672 -0.330276 -0.885552 93 55 54
-62.6667 187.667 627.833 0.17063 -0.427394 -0.887817 95 54 52
-61.8333 187.667 627.833 0.0646704 -0.481188 -0.874229 101 55 55
-61 187.833 627.833 -0.088343 -0.539775 -0.837161 103 58 55
-60.1667 187.667 627.833 -0.229666 -0.584432 -0.778263 104 56 54
-60 187.333 627.333 -0.241791 -0.591246 -0.769393 105 57 55
-59 187.167 627.167 -0.333474 -0.652591 -0.680382 107 59 57
-58 187 626.333 -0.408335 -0.694743 -0.59211 116 67 63
-57 187 625.667 -0.419729 -0.730098 -0.539244 118 69 64
-56 187 625.667 -0.389074 -0.758107 -0.52335 122 71 67
-55.1667 186.667 624.833 -0.328518 -0.805691 -0.492887 123 70 64
-55 186.5 624.5 -0.316821 -0.813918 -0.486993 118 65 61
-54 186.5 624.333 -0.272065 -0.83966 -0.470054 113 62 58
-53 186.333 624 -0.211489 -0.865754 -0.453588 108 58 57
-52 186 623.667 -0.0968569 -0.895789 -0.433797 108 57 56
-51 186 623.667 -0.022067 -0.910614 -0.412668 112 59 55
-50 186 624 0.0678138 -0.920117 -0.385728 138 79 73
-49 186 624 0.156546 -0.915969 -0.369452 143 80 73
-49 186.167 624.167 0.155733 -0.91495 -0.37231 147 83 73
-48 186.167 624.167 0.22611 -0.912152 -0.341837 153 87 75
-47 186.833 624.833 0.283131 -0.899885 -0.331727 156 88 75
-44 187.333 627.333 0.458292 -0.838298 -0.295339 167 101 87
-42 188 629.167 0.497731 -0.810972 -0.307554 184 118 102
-41 188 630.5 0.507126 -0.798893 -0.32341 189 126 111
-67.1667 187.5 625.5 0.395782 -0.285585 -0.87281 79 49 49
-66.5 187.5 625.833 0.394346 -0.282928 -0.874324 80 49 47
-65.5 187.5 626.333 0.383899 -0.284307 -0.878516 83 49 48
-64.6667 187.667 626.333 0.351395 -0.292781 -0.88927 85 51 49
-63.8333 188 627.167 0.288262 -0.338924 -0.895564 92 54 51
-62.8333 187.5 627 0.193454 -0.409406 -0.891606 94 53 51
-62.5 187.667 627.5 0.141161 -0.443688 -0.884994 95 54 50
-61.8333 187.833 627.333 0.0499129 -0.487622 -0.871627 101 56 53
-61 188 627.667 -0.111509 -0.542296 -0.832755 104 59 56
-60 188 627 -0.308207 -0.605692 -0.733584 106 57 53
-57.3333 187.333 625.333 -0.438941 -0.720071 -0.537427 116 65 62
-57 187.333 625.333 -0.430269 -0.729957 -0.531066 120 69 65
-56 187.167 624.667 -0.39726 -0.765788 -0.505721 126 73 69
-55 187 623.833 -0.351715 -0.804042 -0.479388 122 67 62
-54 186.833 623.333 -0.290867 -0.836691 -0.464053 114 63 59
-53 186.833 623.333 -0.22733 -0.864594 -0.448106 108 57 53
-52.6667 186.667 623 -0.19892 -0.876479 -0.438424 108 57 54
-52 186.833 623.167 -0.138605 -0.884423 -0.445629 115 61 59
-51 186.667 622.667 -0.03803 -0.906201 -0.421133 119 66 62
-50.6667 186.667 622.667 -0.0192544 -0.906062 -0.422706 128 70 66
-46 187 624.667 0.359571 -0.884251 -0.298009 166 99 83
-45 187 624.833 0.402643 -0.871405 -0.280235 168 101 85
-45 187.833 625.833 0.424453 -0.858452 -0.287922 167 101 85
-43.1667 188 627.167 0.480752 -0.827648 -0.289613 171 105 89
-43 188 627.667 0.488026 -0.823761 -0.288526 184 118 102
-42 188.333 628.333 0.501038 -0.812048 -0.29923 186 120 104
-40 189 630.333 0.538408 -0.786788 -0.301797 189 126 111
-67.1667 188 625.333 0.391142 -0.292103 -0.872745 78 48 48
-66.5 188 625.833 0.375755 -0.288328 -0.880724 79 48 46
-65.5 188 625.833 0.368084 -0.288607 -0.883867 83 49 48
-64.6667 188.167 626.333 0.335464 -0.296678 -0.894117 86 52 50
-63.8333 188.5 627.167 0.261054 -0.350879 -0.899297 91 53 50
-62.8333 188.5 627 0.128262 -0.435239 -0.891132 94 53 51
-62.1667 188.667 627.167 0.0291047 -0.470935 -0.881688 95 54 50
-61.8333 188.833 627.333 -0.0212258 -0.501322 -0.865 101 56 53
-61 188.833 626.833 -0.268899 -0.572339 -0.774675 104 59 56
-60 188.833 626.833 -0.365464 -0.609869 -0.703203 105 57 55
-60 188.333 626.333 -0.379627 -0.620772 -0.685948 105 56 52
-59 188 626 -0.427289 -0.657156 -0.620943 107 58 54
-58 188 625.167 -0.467471 -0.694697 -0.546688 110 61 57
-57.1667 188 624.667 -0.464858 -0.717408 -0.518878 115 64 61
-56 187.5 623.667 -0.428041 -0.756237 -0.49486 126 73 69
-55 187.333 623.333 -0.373147 -0.794271 -0.479473 127 72 67
-55 187.167 622.833 -0.382919 -0.790765 -0.47756 122 67 62
-54 187.167 622.667 -0.305404 -0.835957 -0.455966 116 63 59
-53 187 622.5 -0.2343 -0.858067 -0.456974 110 57 53
-52.3333 187 622.333 -0.172297 -0.878512 -0.445568 109 58 55
-52 187 622.333 -0.155059 -0.884007 -0.441009 121 67 65
-51 187 622.167 -0.0404143 -0.903848 -0.42594 125 72 66
-49 187 622.167 0.112894 -0.919319 -0.376971 142 80 69
-48.6667 187 622.667 0.128383 -0.922351 -0.364398 146 82 70
-48 187 622.667 0.18716 -0.919569 -0.34549 152 84 71
-47 187 623 0.259488 -0.914148 -0.311447 157 90 73
-47 187.167 623.167 0.261795 -0.913225 -0.312222 163 94 78
-46 187.667 623.667 0.33914 -0.89154 -0.300234 168 101 84
-45 187.667 623.667 0.393669 -0.877773 -0.273021 173 106 89
-44 188 625.333 0.449094 -0.856061 -0.25588 170 103 87
-43 188.167 626.167 0.479207 -0.835917 -0.267589 168 101 84
-43 188.5 626.667 0.483724 -0.831528 -0.273078 189 122 105
-41.1667 189 628.167 0.525038 -0.806791 -0.270968 190 124 108
-41 189 628.833 0.529377 -0.797213 -0.290191 189 126 111
-40 189.667 629.667 0.553216 -0.78394 -0.281764 188 125 110
-66.6667 188.5 625 0.366032 -0.298684 -0.881367 78 48 48
-66.5 188.833 625.667 0.36525 -0.299342 -0.881468 79 49 47
-65.6667 188.833 625.667 0.353192 -0.311749 -0.882082 83 49 48
-64.6667 189 626.333 0.277208 -0.350869 -0.894453 85 51 49
-63.8333 189.333 627.167 0.199382 -0.382535 -0.902172 91 53 52
-62.8333 189.333 626.833 0.0520103 -0.454013 -0.889476 94 52 53
-62.1667 189.5 627 -0.091105 -0.504602 -0.858531 95 54 52
-61.8333 189 626.667 -0.0923818 -0.527638 -0.844431 100 56 55
-61 189 626.667 -0.285009 -0.587815 -0.757128 103 58 55
-60 189 625.833 -0.427213 -0.620587 -0.657541 103 58 55
-59.8333 189 625.833 -0.426277 -0.627291 -0.651762 105 57 55
-58 188.333 624.333 -0.490662 -0.691051 -0.530753 110 60 59
-57 188.167 624.167 -0.468457 -0.723219 -0.507447 115 64 63
-57 188 623.5 -0.471554 -0.723827 -0.503698 121 68 64
-56 188 623.333 -0.450096 -0.746912 -0.489424 124 71 67
-55 188 622.333 -0.413785 -0.775434 -0.476954 123 68 63
-54.3333 188 622.333 -0.364895 -0.803981 -0.469539 120 65 60
-54 187.5 621.667 -0.342438 -0.811026 -0.474313 118 65 61
-53 187.5 621.667 -0.242106 -0.846521 -0.474116 113 60 56
-52 187.333 621.333 -0.154873 -0.878686 -0.451581 117 66 63
-52 187.167 621.167 -0.159484 -0.877216 -0.452832 124 73 70
-51 187.167 621.167 -0.0628986 -0.901477 -0.428233 127 74 70
-50 187 621 0.0166605 -0.913933 -0.405523 129 74 69
-50 187.167 621.167 0.0194784 -0.913469 -0.406443 137 78 70
-49 187.167 621.167 0.0965947 -0.918281 -0.383966 144 82 71
-48 187.5 621.5 0.16576 -0.916676 -0.363633 148 84 72
-48 187.667 621.667 0.174652 -0.916087 -0.360945 153 85 72
-46.1667 188 622.167 0.308028 -0.902015 -0.302471 160 91 75
-44 188.333 624.333 0.451745 -0.85655 -0.249495 173 106 89
-42 189 626.167 0.514595 -0.817489 -0.258658 187 121 105
-41 189.167 627.167 0.538706 -0.801136 -0.260725 190 124 108
-41 189.667 627.667 0.548724 -0.794142 -0.261228 189 126 111
-66.6667 189.333 625.167 0.348155 -0.307945 -0.885414 77 48 50
-66.5 189.5 625.667 0.338069 -0.316444 -0.886325 79 49 49
-65.6667 189.333 625.833 0.323909 -0.333021 -0.88554 81 49 50
-64.6667 189.333 626.333 0.260733 -0.359296 -0.896061 82 51 49
-64.5 189.5 626.5 0.248069 -0.369819 -0.895374 86 50 50
-63.8333 189.5 626.833 0.19805 -0.373308 -0.906321 89 54 52
-62.8333 189.667 626.833 0.0354506 -0.457892 -0.888301 92 52 52
-62 189.667 626.5 -0.127108 -0.510027 -0.850715 95 55 53
-61.8333 189.833 626.667 -0.175776 -0.531904 -0.82836 101 57 56
-61 189.833 626 -0.36493 -0.559258 -0.74435 101 57 54
-60 189.333 625.167 -0.460308 -0.60612 -0.648642 103 58 55
-59.1667 189.167 625 -0.496188 -0.631154 -0.59619 105 60 57
-59 189 624.333 -0.51095 -0.650035 -0.562481 109 61 59
-58 189 623.667 -0.516765 -0.671601 -0.530948 111 63 61
-57 189 623.333 -0.499193 -0.698826 -0.512297 115 65 64
-57 188.667 623 -0.491238 -0.715384 -0.496901 120 69 66
-56 188.5 622.5 -0.467249 -0.732991 -0.494371 123 72 69
-55 188.333 622 -0.426614 -0.764589 -0.483119 123 70 66
-54 188 621.333 -0.348329 -0.801716 -0.485715 120 67 63
-48 188 620.667 0.167095 -0.909612 -0.380376 151 87 75
-47 188 621.333 0.220782 -0.910835 -0.348762 159 92 75
-46 188 621.333 0.303847 -0.897589 -0.319391 161 92 76
-45 188 621.833 0.366443 -0.884439 -0.28894 171 102 86
-44.6667 188.667 622.667 0.401696 -0.87506 -0.270018 178 111 94
-44 188.833 623 0.437026 -0.862982 -0.253515 176 109 92
-42 189.167 625.167 0.511305 -0.823055 -0.247281 188 122 106
-41 189.833 625.833 0.551716 -0.799038 -0.239058 191 125 109
-40 190 627.333 0.575911 -0.778259 -0.250278 190 127 112
-39 190.333 628.333 0.624365 -0.74547 -0.233329 192 129 114
-66.6667 189.667 625.167 0.335455 -0.317747 -0.886852 78 49 51
-66.5 189.833 625.5 0.334928 -0.323098 -0.885116 78 50 49
-65.6667 190 625.5 0.299386 -0.331063 -0.894855 80 48 49
-64.6667 190.333 626.167 0.224362 -0.3553 -0.907427 81 50 48
-64 190.333 626.167 0.181262 -0.383304 -0.905661 86 50 50
-63.8333 190.5 626.5 0.142047 -0.403921 -0.903698 87 52 50
-62.8333 190.5 626.333 -0.0244093 -0.455668 -0.889815 91 51 51
-62 190.667 626.667 -0.211307 -0.507654 -0.835246 95 55 53
-61.8333 190.333 626 -0.282822 -0.522844 -0.804143 99 58 56
-61 190 625.333 -0.403889 -0.561472 -0.722234 101 57 56
-60 190 625.167 -0.492639 -0.579876 -0.648884 101 57 56
-59 189.833 624.167 -0.543668 -0.604036 -0.582723 106 61 58
-59 189.333 623.5 -0.54491 -0.627164 -0.556541 111 63 61
-58 189.333 622.833 -0.543871 -0.659712 -0.518637 111 63 61
-57 189.333 622.833 -0.524233 -0.687544 -0.502457 114 64 63
-56.6667 189 622 -0.498478 -0.708407 -0.499679 119 68 65
-56 189 621.833 -0.487981 -0.72469 -0.486517 123 72 69
-55 188.667 621 -0.435757 -0.760401 -0.481567 124 71 67
-54 188.667 621 -0.369399 -0.789715 -0.489791 124 71 67
-54 188.333 620.333 -0.374051 -0.788392 -0.488389 119 66 62
-53 188 620 -0.27656 -0.829324 -0.485527 106 53 49
-52 188 619.333 -0.19903 -0.856749 -0.475782 105 54 51
-51 188 619.333 -0.108368 -0.881046 -0.46045 115 62 58
-50 188 619 -0.0154789 -0.894232 -0.447336 129 74 69
-49 188 619.167 0.0656114 -0.900009 -0.430904 148 88 78
-48 188.167 619.667 0.155904 -0.90387 -0.398389 158 90 77
-47 188.333 620.167 0.219153 -0.90171 -0.37268 161 94 77
-46 188.333 620.333 0.289822 -0.890047 -0.351879 164 95 79
-46 188.667 620.667 0.296429 -0.890802 -0.344387 171 102 86
-45 188.833 620.833 0.358919 -0.877876 -0.317034 173 104 88
-43 189 622.667 0.462639 -0.850122 -0.25151 173 106 90
-42.3333 189.333 623.333 0.489187 -0.839851 -0.235258 180 113 97
-40 190.333 626.333 0.579852 -0.778373 -0.240641 194 128 112
-66.6667 190.667 625 0.324832 -0.338912 -0.882963 77 48 50
-66.5 190.667 625.167 0.324832 -0.338912 -0.882963 77 49 48
-65.6667 190.667 625.667 0.256006 -0.3492 -0.901399 80 48 49
-64.8333 190.833 626 0.223115 -0.349327 -0.91005 82 51 49
-64 190.667 626.167 0.145168 -0.391988 -0.908445 86 50 50
-63.8333 191.167 626.167 0.120044 -0.394724 -0.910924 86 51 49
-62.8333 191 626 -0.0721022 -0.461273 -0.884324 91 51 51
-62 190.833 625.833 -0.305349 -0.519123 -0.798294 95 55 53
-61.3333 190.833 625 -0.470707 -0.504617 -0.723738 100 59 57
-61 190.833 624.833 -0.469168 -0.508723 -0.72186 100 56 55
-60 190.333 624.167 -0.534159 -0.561162 -0.632275 100 56 55
-59 190.167 624 -0.562049 -0.590244 -0.579407 105 60 57
-59 190 623.167 -0.575591 -0.58942 -0.566815 111 63 61
-58 190 622.667 -0.572662 -0.62287 -0.533002 110 62 58
-57 189.833 622.167 -0.551924 -0.650356 -0.521935 113 64 60
-56 189.667 621.667 -0.514796 -0.693646 -0.503826 119 68 64
-56 189.333 620.833 -0.50981 -0.699704 -0.500508 122 71 67
-55 189 620.5 -0.437908 -0.749194 -0.496936 123 70 66
-51.6667 189 618.667 -0.220348 -0.842956 -0.490787 109 58 55
-49.6667 189 618.667 -0.0107411 -0.887532 -0.460622 144 85 79
-47.6667 189 619 0.144698 -0.900345 -0.410416 156 88 75
-45 189 619.833 0.343434 -0.874503 -0.342486 172 103 87
-44 189 620.5 0.384906 -0.8714 -0.304153 176 107 91
-43 189.667 621.667 0.451771 -0.853114 -0.260958 170 104 88
-42 189.833 621.833 0.489218 -0.835807 -0.249183 171 105 89
-41 190 623.333 0.544571 -0.806144 -0.23146 194 128 112
-40.8333 190.167 624 0.568875 -0.790201 -0.227956 191 125 109
-40 190.667 624.833 0.600867 -0.764911 -0.2321 194 128 112
-39 191 626.333 0.656301 -0.722511 -0.217362 192 126 110
-38 191.667 627.833 0.726418 -0.663985 -0.177316 192 129 114
-66.6667 191 624.667 0.304253 -0.350238 -0.885869 75 47 46
-66.5 191 625 0.320325 -0.349634 -0.880425 76 48 47
-65.6667 191.167 625.167 0.249698 -0.354292 -0.901181 80 48 49
-64.8333 191.5 625.833 0.150397 -0.377746 -0.913613 83 52 50
-64 191.333 626 0.114247 -0.39578 -0.911211 85 49 49
-63.8333 191.667 625.833 0.0519538 -0.422832 -0.904718 86 51 49
-62.8333 191.667 625.667 -0.114221 -0.46939 -0.875572 91 51 51
-62 191.5 625.167 -0.356217 -0.483489 -0.799592 95 55 53
-61.3333 191.333 625 -0.466926 -0.492804 -0.734251 100 59 57
-61 191 623.833 -0.535885 -0.482491 -0.692842 100 56 53
-60 191 623.833 -0.570973 -0.517168 -0.637594 98 54 51
-59 190.833 623 -0.604138 -0.536346 -0.589364 102 57 54
-59 190.333 622.5 -0.603886 -0.564744 -0.562481 109 61 59
-58 190.167 621.667 -0.592546 -0.601754 -0.535519 112 65 59
-57 190 621.5 -0.568542 -0.635421 -0.522494 115 66 61
-55 189.5 619.5 -0.477273 -0.706684 -0.52231 122 69 63
-54 189 619 -0.40537 -0.759895 -0.508169 125 72 66
-53 189 618.167 -0.345247 -0.783081 -0.51729 110 57 53
-52 189 618.167 -0.240866 -0.827078 -0.507863 105 52 48
-51 189 617.667 -0.178257 -0.848004 -0.499113 131 76 73
-50 189 617.5 -0.0718834 -0.869788 -0.488161 138 80 76
-49 189 617.5 0.0281086 -0.878124 -0.477606 144 85 79
-48 189 618 0.10661 -0.89016 -0.443001 154 88 76
-47.3333 189 618 0.139822 -0.8893 -0.435427 158 90 77
-47 189 618.167 0.169864 -0.889952 -0.42324 159 92 75
-46 189 618.167 0.241938 -0.887178 -0.392915 165 98 81
-45.5 189 618.5 0.277148 -0.883232 -0.378272 168 99 83
-45 189.667 618.667 0.328806 -0.871698 -0.363357 173 104 88
-41 190.5 622.333 0.558307 -0.794796 -0.237891 194 128 112
-40.1667 190.833 623 0.607191 -0.758982 -0.235087 189 124 106
-39 191.333 625.333 0.679979 -0.701968 -0.211825 191 126 108
-66.5 191.667 624.167 0.269064 -0.381842 -0.884196 67 45 48
-66.5 191.833 624.833 0.273298 -0.3799 -0.883733 71 49 51
-65.6667 192 625 0.202157 -0.391966 -0.897494 77 51 52
-63.8333 192.333 625.5 0.0180086 -0.457343 -0.889108 84 50 49
-62.8333 191.833 625.167 -0.142853 -0.488662 -0.860699 90 50 50
-62 191.833 625.167 -0.33222 -0.494647 -0.80309 95 54 52
-61 191.833 623.833 -0.552224 -0.472412 -0.686932 101 56 53
-60 191.333 623.333 -0.599847 -0.510625 -0.615992 102 52 51
-59 191.167 623 -0.615122 -0.526671 -0.586722 105 56 51
-59 191 622.167 -0.62851 -0.527143 -0.571923 109 60 55
-56 190 619.667 -0.561348 -0.635584 -0.53002 123 72 68
-55 190 619 -0.516274 -0.674494 -0.527749 124 71 67
-51 189.833 617.167 -0.211302 -0.826084 -0.522433 124 69 64
-51 189.667 616.667 -0.200149 -0.823561 -0.530742 132 77 70
-50 189.5 616.5 -0.10998 -0.844457 -0.524211 143 84 78
-49 189.5 616.5 -0.00841243 -0.867326 -0.49767 147 84 77
-48 189.667 616.833 0.0785314 -0.879102 -0.470119 152 89 84
-47 189.667 616.833 0.147945 -0.876914 -0.457312 158 91 85
-47 189.833 617 0.15214 -0.878302 -0.453253 160 92 81
-46 189.833 617 0.228257 -0.872375 -0.432275 163 93 81
-45.1667 190 617.667 0.302749 -0.870275 -0.388542 175 103 91
-45 190 617.667 0.323235 -0.864586 -0.384722 179 107 95
-44 190 618.333 0.37314 -0.856461 -0.356708 178 109 94
-43.6667 190 618.667 0.394417 -0.853214 -0.341265 181 112 97
-43 190 619.5 0.430079 -0.842943 -0.323233 175 108 89
-42 190 619.833 0.481033 -0.823414 -0.300994 168 101 82
-42 190.833 620.833 0.501184 -0.820623 -0.274575 185 118 101
-41 190.833 621.333 0.562157 -0.786285 -0.256389 194 127 110
-39 191.667 623.833 0.693337 -0.687437 -0.216134 191 125 111
-38 192 625.833 0.747459 -0.640427 -0.176514 192 128 116
-66 192.167 624.167 0.179358 -0.419629 -0.889799 71 50 49
-65.6667 192.167 624.5 0.132727 -0.404428 -0.904887 76 50 51
-64.8333 192.333 624.667 0.054439 -0.444717 -0.894015 78 50 47
-63.8333 192.5 625.167 0.00519609 -0.458989 -0.888427 81 50 48
-63.8333 192.667 625 -0.00695024 -0.468126 -0.883634 84 50 48
-63 192.833 625.333 -0.180673 -0.486532 -0.854777 89 51 50
-62 192.833 624.667 -0.340099 -0.509631 -0.790322 93 53 51
-61 192.167 624 -0.546116 -0.45941 -0.7005 97 53 52
-61 192 623.167 -0.574782 -0.447967 -0.684801 97 54 48
-60 192 623 -0.62051 -0.460683 -0.634617 102 54 50
-58 191 621 -0.629593 -0.549373 -0.549366 109 64 58
-57 191 620 -0.630931 -0.558296 -0.538732 111 64 58
-55.8333 190.833 618.833 -0.588347 -0.606211 -0.535123 123 70 66
-55 190.667 618.667 -0.56536 -0.629823 -0.532627 125 72 66
-54 190 617.833 -0.467687 -0.705362 -0.532666 129 74 69
-53 190 616.667 -0.395765 -0.730314 -0.556787 121 66 61
-52 190 616.667 -0.286801 -0.784625 -0.549644 104 49 44
-51 190 616.167 -0.228005 -0.799795 -0.555285 121 66 61
-50 190 615.5 -0.134588 -0.827469 -0.545143 138 81 72
-49 190 615.5 -0.0282133 -0.853346 -0.52058 147 88 80
-48 190 615.833 0.0557931 -0.866532 -0.495994 149 86 79
-47 190 615.833 0.141337 -0.871203 -0.470137 156 89 81
-46 190 616 0.208361 -0.860882 -0.464185 165 95 83
-45 190.167 616.667 0.306041 -0.853231 -0.422299 171 101 89
-44 190.5 617.5 0.370961 -0.846089 -0.38278 174 105 90
-43 190.5 617.5 0.433565 -0.821255 -0.370892 179 110 95
-41 191 620 0.55111 -0.78106 -0.293638 193 128 110
-40 191 620.833 0.610802 -0.746884 -0.262841 194 129 111
-40 191.667 621.667 0.63803 -0.72601 -0.256569 195 129 115
-38.8333 192.167 624 0.717687 -0.663707 -0.210755 197 131 119
-37 193 625.833 0.792527 -0.590558 -0.152125 196 133 118
-65.8333 193 623.833 0.086201 -0.484398 -0.870591 67 47 46
-65.6667 193.167 624.167 0.0772813 -0.479003 -0.874405 72 48 48
-64.8333 193.333 624.5 0.00332988 -0.476997 -0.878898 74 49 45
-63.8333 193.5 625 -0.0626689 -0.496343 -0.865862 79 49 47
-63.6667 193.5 625 -0.0846292 -0.496157 -0.864099 81 50 45
-63 193.167 624.833 -0.174782 -0.495114 -0.851066 87 52 48
-62 193 624.667 -0.334746 -0.505591 -0.795187 92 55 49
-61 192.833 623 -0.578618 -0.434023 -0.690526 93 53 45
-60 192.5 622.5 -0.636811 -0.44371 -0.63055 102 57 51
-59 192 621.667 -0.673722 -0.468998 -0.571086 106 62 53
-57 191.833 619.833 -0.648356 -0.526263 -0.550165 112 63 56
-56 191 618.833 -0.618468 -0.576534 -0.533953 117 67 60
-55.5 191 618.5 -0.586712 -0.601401 -0.542298 124 69 64
-55 191 617.833 -0.576316 -0.607958 -0.546119 128 73 68
-52 190.667 615.667 -0.329696 -0.750801 -0.572363 102 47 40
-51 190.667 615.667 -0.240097 -0.788011 -0.566914 114 59 52
-51 190.333 615.333 -0.234958 -0.791285 -0.564503 135 81 71
-50 190.333 615.333 -0.138593 -0.821933 -0.552465 140 83 74
-49 190.5 615.5 -0.0493543 -0.842487 -0.536451 137 80 71
-48 190.5 615.5 0.0541934 -0.860155 -0.507145 143 83 75
-47 190.5 615.5 0.149971 -0.855363 -0.495846 144 80 71
-47 190.667 615.833 0.157519 -0.857817 -0.489221 142 76 64
-46 190.833 616 0.213771 -0.854865 -0.472765 144 76 63
-45 190.833 616 0.291485 -0.845046 -0.448257 146 78 65
-42 191 617.833 0.475128 -0.801062 -0.364077 163 98 78
-41.6667 191 618.667 0.498687 -0.797102 -0.3405 178 113 93
-41 191.333 619.167 0.553064 -0.770717 -0.316411 195 130 112
-40 191.833 620 0.632586 -0.71715 -0.292457 198 133 115
-39 192 621.833 0.694148 -0.674756 -0.250726 197 131 117
-38 192.833 623 0.76832 -0.607138 -0.202649 199 133 119
-37 193.333 625.333 0.808275 -0.568958 -0.151588 196 133 118
-65.6667 193.833 623.667 0.0363582 -0.524929 -0.850369 64 45 41
-65.6667 194 624.333 0.0686673 -0.516648 -0.85344 68 44 42
-64.8333 193.833 624.667 0.00252553 -0.50227 -0.864707 70 45 40
-63.8333 194 625 -0.0708376 -0.513236 -0.855319 77 48 44
-63.5 193.833 624.833 -0.126019 -0.503256 -0.854899 81 51 43
-63 193.833 624.833 -0.220532 -0.499775 -0.83761 87 52 46
-62 193.833 624.167 -0.358325 -0.509615 -0.782238 93 56 48
-61 193.667 623.667 -0.527131 -0.465711 -0.710807 94 53 47
-61 193 622.667 -0.572807 -0.440678 -0.691154 94 54 44
-60 193 621.667 -0.664435 -0.434687 -0.607925 101 57 48
-58 192.5 620.5 -0.686339 -0.46753 -0.557095 106 59 49
-58 192 620 -0.673066 -0.484252 -0.559001 108 61 53
-57 192 619 -0.66793 -0.509367 -0.5426 114 65 58
-55 191.5 617.5 -0.592626 -0.584043 -0.554697 124 69 64
-55 191.333 617.333 -0.584041 -0.591062 -0.556366 130 75 68
-54 191 616.667 -0.510928 -0.647644 -0.565252 134 77 70
-53 191 615.667 -0.426506 -0.690169 -0.584601 136 81 74
-52 191 615.667 -0.34321 -0.742455 -0.575298 106 53 45
-51 191 614.667 -0.25712 -0.772985 -0.579986 103 50 42
-50.5 191 614.5 -0.235121 -0.776968 -0.583986 130 78 67
-48.5 191 614.5 -0.0262541 -0.821934 -0.568978 114 55 47
-46 191 615.167 0.208248 -0.840846 -0.49961 139 71 60
-45 191 615.333 0.28342 -0.829471 -0.481302 149 81 68
-44 191 615.833 0.358206 -0.821415 -0.443809 168 101 84
-43 191 615.833 0.420774 -0.801769 -0.424401 174 107 90
-43 191.833 616.833 0.442871 -0.801614 -0.401598 177 112 92
-42 191.833 616.833 0.503106 -0.766813 -0.398601 175 110 90
-40 192 619.333 0.624775 -0.716698 -0.309838 199 134 116
-38 193.5 623.5 0.784326 -0.591002 -0.188546 201 135 123
-65.6667 194.167 623.333 0.0271121 -0.543251 -0.839133 63 44 40
-65.6667 194.333 623.667 0.0215935 -0.545167 -0.838049 66 42 40
-64.8333 194.5 624.167 -0.0338979 -0.547548 -0.836088 68 43 38
-63.8333 194.5 624.333 -0.0945864 -0.536954 -0.838292 75 46 42
-63.3333 194.667 624.667 -0.188105 -0.535045 -0.823616 81 51 43
-63 194.667 624.333 -0.250754 -0.537846 -0.804888 87 52 46
-62 194.333 624.167 -0.320797 -0.527238 -0.786835 92 55 46
-61 194 623.167 -0.531348 -0.467705 -0.706344 96 56 48
-60.8333 193.833 622.167 -0.590537 -0.456552 -0.665452 98 55 46
-60 193.667 621.667 -0.667059 -0.418612 -0.616277 100 56 47
-59 193 620.833 -0.705627 -0.4213 -0.569733 104 57 47
-58 193 619 -0.709548 -0.429233 -0.558839 111 64 56
-57 192.667 618.667 -0.696264 -0.46464 -0.547107 115 66 59
-56 192 617.833 -0.650702 -0.526496 -0.547164 119 70 63
-55 192 616.667 -0.594262 -0.558999 -0.578249 130 77 71
-53 191.833 615.667 -0.470853 -0.660984 -0.584293 133 78 71
-52.6667 191.667 615.167 -0.432379 -0.683236 -0.588419 141 86 79
-52 191.667 614.667 -0.399197 -0.700014 -0.592133 118 65 57
-51 191.5 614.5 -0.298889 -0.741746 -0.600399 90 37 29
-50.5 191.5 614.5 -0.251844 -0.762087 -0.596488 107 57 48
-50 191 614 -0.179084 -0.782146 -0.596805 101 48 40
-49 191 614 -0.0750988 -0.811255 -0.579849 97 45 34
-48 191 614 0.00644589 -0.826344 -0.563129 122 63 55
-47 191 614 0.123292 -0.829184 -0.54521 138 75 66
-46.1667 191.167 614.167 0.196846 -0.826161 -0.527929 150 83 74
-46 191.167 614.167 0.205375 -0.827033 -0.523296 159 91 80
-45 191.333 614.333 0.276647 -0.816915 -0.506079 171 103 90
-44.5 191.5 614.5 0.319966 -0.80476 -0.499982 182 114 101
-44 191.833 614.833 0.365784 -0.797319 -0.480088 185 118 101
-42 192 616.333 0.509857 -0.755328 -0.411735 181 114 95
-41 192 616.833 0.532907 -0.7438 -0.40345 175 108 89
-40 192.333 618.333 0.629654 -0.696436 -0.344257 200 135 117
-39 193 620 0.708264 -0.641326 -0.295065 200 134 118
-38 193 621 0.756719 -0.599371 -0.261019 202 136 122
-37 194 623.833 0.822412 -0.5416 -0.174092 203 137 123
-65.8333 194.833 622.833 0.0224967 -0.603844 -0.796785 63 44 40
-65.5 194.833 623.333 -0.00611156 -0.579747 -0.814774 66 42 40
-64.8333 195.167 624.167 -0.0357698 -0.565238 -0.824152 67 42 37
-64 195 624.333 -0.0906819 -0.566074 -0.819352 74 45 41
-63 194.833 623.667 -0.274371 -0.553031 -0.786688 86 51 45
-62 195 623.833 -0.339923 -0.54255 -0.768174 91 54 45
-61 194.833 622.833 -0.507101 -0.497257 -0.703977 97 57 49
-60.3333 194.333 622.167 -0.623608 -0.439254 -0.64666 101 58 49
-60 194 621.167 -0.669745 -0.417903 -0.61384 100 56 47
-59 194 620.833 -0.702111 -0.398457 -0.590147 103 56 48
-58 193.833 619.833 -0.718274 -0.406184 -0.564887 109 62 54
-57.6667 193 618.667 -0.709555 -0.436094 -0.553492 110 66 57
-57 193 617.667 -0.6985 -0.436573 -0.567012 115 68 60
-56 192.833 617.5 -0.676468 -0.466904 -0.569553 118 71 63
-55 192.667 616.5 -0.619736 -0.524387 -0.583905 124 74 67
-54 192 615.667 -0.560716 -0.588914 -0.582046 134 81 75
-53 192 614.667 -0.475009 -0.645931 -0.597611 134 81 73
-52.6667 192 614.5 -0.454594 -0.659612 -0.598545 140 87 79
-51 192 613.667 -0.33248 -0.710695 -0.619975 93 43 34
-44 192 614 0.347449 -0.785287 -0.512449 179 112 96
-43 192 614.5 0.425912 -0.771602 -0.472472 185 118 101
-43 192.5 615.5 0.4467 -0.770137 -0.455356 188 121 102
-42 192.5 615.5 0.513345 -0.740519 -0.433715 184 117 98
-39 193.167 619.167 0.713576 -0.626744 -0.313051 202 136 120
-36.1667 195 624.167 0.85494 -0.487656 -0.176831 207 140 123
-36 195.167 625.167 0.853602 -0.494988 -0.162327 198 131 112
-64.8333 195.333 622.833 -0.102459 -0.608771 -0.786702 64 43 40
-64.8333 195.5 623.333 -0.0501049 -0.61165 -0.78954 66 42 38
-64 195.667 623.667 -0.168486 -0.592226 -0.78796 73 45 42
-63 195.667 623.333 -0.263691 -0.586243 -0.76602 76 47 41
-62 195.167 623 -0.376706 -0.55785 -0.739524 90 56 47
-61 195 622.667 -0.518818 -0.505932 -0.689101 97 58 51
-60 194.833 621 -0.640849 -0.456408 -0.617255 101 58 51
-59 194.333 620.333 -0.710868 -0.389476 -0.58564 103 58 52
-58 194 619.667 -0.726906 -0.391464 -0.564237 106 61 55
-57.3333 194 618.333 -0.731824 -0.384041 -0.56298 109 66 57
-57 193.667 617.667 -0.711008 -0.407898 -0.572789 113 69 60
-56 193 616.833 -0.680815 -0.45245 -0.576004 117 73 64
-55 193 616.5 -0.638843 -0.495239 -0.588742 126 77 70
-54.8333 192.833 615.667 -0.623816 -0.505533 -0.596062 131 81 74
-54 192.833 614.667 -0.587089 -0.554523 -0.589772 134 81 75
-53 192.667 614.5 -0.516386 -0.606888 -0.60418 137 85 74
-52 192 613.5 -0.419439 -0.662843 -0.62025 139 87 76
-52 192.667 613.5 -0.444344 -0.631644 -0.635283 134 82 71
-51 192.167 613 -0.324915 -0.694274 -0.642195 119 67 56
-50 192 612.667 -0.231852 -0.732829 -0.639692 96 42 32
-49 192 612.667 -0.0959768 -0.765795 -0.635883 85 31 19
-48 192 612.5 0.00521243 -0.775088 -0.631832 140 80 70
-47 192 612.667 0.0896266 -0.777617 -0.622317 157 93 83
-46 192 612.833 0.184543 -0.788276 -0.586996 166 98 87
-45 192 613 0.265305 -0.78865 -0.554657 176 109 93
-44 192.5 613.5 0.339441 -0.77362 -0.535062 180 113 97
-43 192.833 614.333 0.448432 -0.750843 -0.484916 187 120 101
-42 193 615.333 0.525044 -0.728166 -0.440572 189 122 103
-41 193 615.333 0.576672 -0.69668 -0.426716 182 117 97
-40 193 617 0.647276 -0.661112 -0.379426 197 134 116
-38 194 620 0.774154 -0.561849 -0.291567 201 138 123
-37 195 622.5 0.83946 -0.499789 -0.213351 206 140 126
-36 195.833 623.833 0.865824 -0.463175 -0.189256 206 141 123
-64.8333 195.667 622.167 -0.131767 -0.656244 -0.742954 62 42 41
-64.8333 196 623 -0.14737 -0.616163 -0.773709 64 43 40
-64 195.833 622.833 -0.200134 -0.607175 -0.768951 71 45 44
-63 195.833 623.167 -0.260525 -0.603154 -0.753878 76 48 44
-62.8333 195.833 622.833 -0.299644 -0.61229 -0.731651 82 51 48
-62 196 623 -0.357523 -0.583712 -0.729011 90 55 49
-61 195.833 622 -0.49388 -0.56209 -0.663428 96 57 52
-60 195.667 621.667 -0.593561 -0.494347 -0.635064 97 58 51
-60 195 620.667 -0.647222 -0.453679 -0.6126 100 59 53
-59 195 620.333 -0.69205 -0.418929 -0.587848 103 60 54
-58 194.833 618.833 -0.73038 -0.374679 -0.571105 104 61 54
-57.3333 194.333 618.167 -0.732928 -0.383681 -0.561787 109 66 57
-57 194 617.167 -0.71522 -0.400172 -0.572995 113 69 58
-56 193.833 616.167 -0.693255 -0.423212 -0.583343 118 74 65
-55 193.833 615.667 -0.670589 -0.451076 -0.588932 128 79 72
-54.8333 193 614.667 -0.61825 -0.511662 -0.596632 129 81 71
-54 193 614.667 -0.591077 -0.548824 -0.591118 133 80 72
-53 193 613.667 -0.515683 -0.586362 -0.624701 138 86 75
-44 193 612.667 0.338519 -0.746796 -0.572451 182 115 98
-43 193 613.333 0.445743 -0.735923 -0.509638 188 123 103
-42.8333 193.5 614.333 0.463206 -0.729573 -0.503154 189 124 104
-42 193.5 614.5 0.527167 -0.710996 -0.465381 188 123 103
-39 194 617.667 0.736675 -0.584293 -0.340458 200 137 120
-36 196 623 0.86827 -0.442417 -0.224443 207 142 124
-64.8333 196.333 621.5 -0.127044 -0.715329 -0.687142 57 41 41
-63.8333 196.5 622.333 -0.185361 -0.673115 -0.715931 68 47 44
-63 196.5 622.167 -0.261981 -0.670266 -0.694341 74 49 44
-62.5 196.5 622.167 -0.327159 -0.653227 -0.682834 80 51 47
-62 196.333 622.167 -0.375425 -0.615023 -0.693399 87 54 47
-61 196.167 621.833 -0.47637 -0.582028 -0.659025 94 57 51
-59 195.333 619.333 -0.706879 -0.406462 -0.578888 100 60 52
-58 195 618.833 -0.73038 -0.374679 -0.571105 105 62 55
-57 195 617.833 -0.737942 -0.378333 -0.558843 110 67 60
-57 194.833 617 -0.728471 -0.381993 -0.568693 111 66 60
-56 194.333 616.167 -0.703287 -0.404987 -0.584271 119 72 66
-55 194 615 -0.672683 -0.440648 -0.594414 126 79 73
-54.6667 193.833 614.5 -0.646936 -0.466255 -0.60339 129 80 73
-54 193.833 614 -0.620955 -0.486206 -0.614832 132 82 75
-53 193.833 613.667 -0.563288 -0.523342 -0.63939 136 86 77
-52 193 612.667 -0.440055 -0.6098 -0.659163 145 91 79
-51 193 612.167 -0.386138 -0.636259 -0.667887 131 74 63
-50 193 611.333 -0.283706 -0.660349 -0.695306 148 88 78
-49 193 611.333 -0.136816 -0.707057 -0.693796 152 92 81
-48 193 611.333 -0.0200631 -0.728181 -0.685091 158 94 82
-47 193 611.667 0.0773921 -0.750162 -0.65671 160 94 82
-46 193 611.667 0.149594 -0.755861 -0.637414 169 102 86
-45 193 611.833 0.237802 -0.747525 -0.620206 179 110 95
-44 193.333 612.333 0.328369 -0.740607 -0.586239 186 117 102
-44 193.5 612.5 0.331631 -0.743292 -0.58098 189 120 105
-43 193.833 612.833 0.457168 -0.704508 -0.542832 189 120 105
-42.5 193.833 613.333 0.478116 -0.703792 -0.525434 189 122 106
-41 194 614.333 0.608209 -0.651643 -0.453258 188 121 104
-40 194 615.833 0.663313 -0.629242 -0.405056 200 134 118
-39 194.667 616.667 0.736053 -0.572338 -0.361462 203 137 121
-38 195 619 0.799092 -0.515747 -0.308962 206 140 124
-37 196 621.333 0.86084 -0.443986 -0.248658 201 138 120
-64.8333 196.5 620.667 -0.122684 -0.752577 -0.646975 53 39 38
-64.6667 196.667 621.5 -0.114988 -0.726747 -0.677212 59 44 41
-63.8333 196.833 621.667 -0.191397 -0.714509 -0.672937 67 47 46
-63 196.833 622.167 -0.240568 -0.689668 -0.682997 72 48 44
-62.3333 196.833 622 -0.317292 -0.67529 -0.665815 78 50 47
-62 196.833 622 -0.341918 -0.667549 -0.661415 84 53 48
-61 196.833 621.333 -0.447811 -0.637865 -0.626573 91 56 52
-60 196.667 621 -0.533785 -0.558208 -0.635198 94 57 51
-60 196 619.667 -0.604455 -0.514138 -0.608519 96 57 52
-59 196 618.833 -0.681491 -0.453371 -0.574477 99 58 52
-58 195.833 618 -0.709779 -0.410901 -0.572166 104 61 55
-57 195.167 617 -0.733974 -0.372995 -0.567589 109 66 59
-56.8333 195.167 616.667 -0.726058 -0.380434 -0.572808 111 66 60
-56 194.833 615.667 -0.709157 -0.387589 -0.588957 118 71 65
-55 194.833 615 -0.694574 -0.400682 -0.597513 125 78 72
-54.3333 194.333 614.167 -0.651413 -0.443637 -0.615506 130 81 74
-54 194.167 613.833 -0.629903 -0.471574 -0.617123 134 84 77
-53 194 613 -0.562951 -0.512087 -0.648732 137 87 78
-44 194 611.833 0.329378 -0.725037 -0.604839 185 115 103
-43 194 612.5 0.465165 -0.693197 -0.550545 187 120 104
-42.1667 194 613 0.494938 -0.690634 -0.527314 189 122 106
-42 194 613.167 0.519668 -0.679152 -0.51836 191 124 108
-39 195 616.5 0.744104 -0.560575 -0.363407 206 140 124
-36 197 622.167 0.88103 -0.408425 -0.238695 209 144 126
-36 197.167 623.167 0.881089 -0.415639 -0.225669 213 148 130
-35 198 624.667 0.892268 -0.398591 -0.21209 204 139 121
-64 197.5 620.667 -0.190117 -0.771278 -0.607442 55 41 38
-63.8333 197.5 621 -0.199093 -0.758309 -0.620748 62 44 42
-63 197.5 621.167 -0.251623 -0.738528 -0.625509 67 46 43
-62 197.5 621.333 -0.328198 -0.703407 -0.63048 74 48 47
-62 197.333 621 -0.323319 -0.714445 -0.62051 82 53 49
-61 197.167 620.667 -0.423993 -0.664473 -0.615391 88 54 52
-60 197 619.5 -0.538956 -0.60368 -0.587449 95 57 54
-59 196.667 618.667 -0.644519 -0.503684 -0.575237 99 60 55
-58 196 617.667 -0.710535 -0.411603 -0.570722 102 61 57
-57 196 617 -0.735196 -0.370074 -0.567919 109 66 59
-56.8333 195.833 616 -0.721996 -0.356798 -0.592804 112 67 61
-56 195.5 615.333 -0.716074 -0.358894 -0.598693 118 71 65
-55 195 614.667 -0.697889 -0.384109 -0.604492 123 76 70
-54 195 613.5 -0.659516 -0.400144 -0.636336 134 84 77
-53 194.667 612.833 -0.587411 -0.464839 -0.662475 138 88 79
-52 194.167 612.167 -0.505649 -0.525545 -0.684194 145 90 83
-52 194 611.833 -0.502581 -0.527437 -0.684998 150 96 84
-51 194 611.333 -0.424267 -0.567466 -0.705677 146 88 77
-50 194 610.833 -0.315245 -0.608512 -0.72824 128 70 59
-49 194 610.833 -0.170958 -0.660935 -0.730711 155 93 82
-47 194 610 0.00779379 -0.705114 -0.709051 156 92 80
-46 194 610.833 0.121382 -0.734786 -0.667349 163 96 80
-45 194 611 0.227389 -0.731638 -0.642651 176 108 95
-44 194.333 611.333 0.311205 -0.717202 -0.623516 186 119 103
-43 194.833 611.833 0.464053 -0.67057 -0.578784 188 121 105
-42 194.833 612 0.514411 -0.661107 -0.546185 189 123 107
-40 195 614.667 0.67236 -0.602015 -0.430709 192 129 111
-39 195.5 615.5 0.734876 -0.549214 -0.397896 204 141 123
-38 196 617.667 0.807337 -0.489004 -0.330274 207 144 126
-37 197 620.167 0.87982 -0.393041 -0.267274 208 145 127
-36 197.833 621.833 0.890693 -0.381448 -0.247314 210 145 127
-35 198.667 624.667 0.897549 -0.383435 -0.217678 216 151 133
-64 197.667 620.167 -0.211458 -0.762944 -0.610902 50 36 33
-63 197.833 620.833 -0.247272 -0.755165 -0.60711 64 43 40
-62 197.833 620.667 -0.343048 -0.725485 -0.596649 72 46 45
-61 197.833 620.667 -0.401781 -0.690129 -0.601909 85 54 52
-60 197.667 619.833 -0.494097 -0.652224 -0.574867 89 56 51
-60 197.5 619.5 -0.494662 -0.654994 -0.57122 93 58 54
-59 197 618.5 -0.639031 -0.508691 -0.576951 99 61 58
-58 197 617.333 -0.673218 -0.434294 -0.59847 103 63 61
-57 196.333 616.333 -0.726368 -0.359612 -0.585721 109 66 60
-56.8333 196 615.833 -0.719208 -0.352596 -0.598678 112 67 62
-56 196 614.833 -0.721756 -0.337709 -0.604169 118 71 65
-54 195.667 613.667 -0.679308 -0.370154 -0.633662 126 77 70
-54 195.5 613.5 -0.678154 -0.37167 -0.634009 131 81 74
-53 195 612.167 -0.590621 -0.431864 -0.68166 137 87 78
-51 194.833 610.833 -0.464599 -0.499659 -0.731087 152 94 83
-50 194.833 610.833 -0.357871 -0.557433 -0.749131 135 77 65
-49.6667 194.667 610.667 -0.308236 -0.590941 -0.745506 139 79 68
-49 194.833 610.833 -0.243533 -0.610612 -0.753554 149 87 74
-48 194 610 -0.069159 -0.683884 -0.726306 150 88 75
-41 195 613 0.595147 -0.626101 -0.503783 187 122 104
-40.3333 195.333 613.333 0.65359 -0.606613 -0.452593 185 120 102
-39 196 615.167 0.742407 -0.540054 -0.396451 205 140 122
-37.1667 197 618.167 0.866233 -0.405488 -0.291926 207 145 124
-37 197.833 620 0.890323 -0.368806 -0.267033 209 147 126
-36 198 621.333 0.895476 -0.366543 -0.252524 212 147 129
-35 199 624.5 0.903926 -0.366568 -0.220331 220 155 137
-64 197.833 618.833 -0.184086 -0.796587 -0.575813 45 34 32
-63.8333 197.833 619.333 -0.189136 -0.791382 -0.581328 54 38 38
-63 198.167 619.667 -0.273943 -0.766483 -0.580912 61 42 38
-62 198.333 619.833 -0.332736 -0.746892 -0.575707 70 46 44
-61 198.167 619.667 -0.37483 -0.707506 -0.599114 84 54 52
-60 198.167 619.5 -0.464605 -0.668893 -0.58028 87 56 53
-59.6667 198 618.833 -0.497793 -0.638682 -0.586761 94 59 57
-59 197.833 618.333 -0.573342 -0.55471 -0.602973 97 62 58
-58 197.333 617.167 -0.66403 -0.435849 -0.607536 103 63 61
-57 197 616.167 -0.710909 -0.370641 -0.597691 110 67 61
-56.5 196.833 615.333 -0.714337 -0.343067 -0.609941 112 67 62
-56 196.833 614.833 -0.717745 -0.325854 -0.615354 117 70 64
-55 196 613.833 -0.710731 -0.32505 -0.623862 120 73 67
-54 196 612.5 -0.666666 -0.337076 -0.664783 128 78 71
-53 195.667 611.667 -0.608442 -0.380243 -0.696572 135 85 76
-52 195.167 611.167 -0.557428 -0.426146 -0.712513 145 90 83
-52 195 611 -0.534615 -0.450463 -0.715032 146 92 80
-51 195 610.333 -0.43798 -0.489061 -0.754316 152 94 83
-50 195 610 -0.345537 -0.546008 -0.763203 139 81 69
-49 195 609.833 -0.232379 -0.604864 -0.761669 141 79 66
-46 195 609.833 0.086983 -0.707899 -0.700937 167 99 86
-45 195 610 0.177764 -0.717476 -0.673519 174 105 90
-44 195 610.333 0.303323 -0.703166 -0.64308 180 113 97
-43 195 610.833 0.417873 -0.680193 -0.602262 185 118 102
-42 195 610.833 0.491835 -0.655816 -0.572716 188 121 105
-42 195.833 611.833 0.536916 -0.640414 -0.549174 189 122 106
-40 196 613 0.676608 -0.586204 -0.445607 191 126 108
-39 196.667 614.667 0.756692 -0.522412 -0.393068 205 140 122
-38 197 616.833 0.823831 -0.457479 -0.334688 205 140 120
-36 198.833 621 0.900619 -0.348972 -0.259044 213 148 128
-36 199 622.5 0.900113 -0.359656 -0.245852 210 145 125
-35 199.833 624.333 0.904392 -0.358674 -0.231144 216 151 131
-34.5 200 625.333 0.905967 -0.362477 -0.218712 183 118 98
-64 198.5 618 -0.169989 -0.819514 -0.547266 42 31 29
-63.6667 198.667 618.167 -0.205264 -0.811631 -0.546921 51 35 35
-62 198.667 618.833 -0.287316 -0.772759 -0.565945 68 44 42
-61.6667 198.667 619 -0.315115 -0.752343 -0.578517 76 51 47
-61 198.667 619 -0.356778 -0.730497 -0.582309 84 54 52
-60 198.667 618.333 -0.428769 -0.681291 -0.593296 86 57 53
-59.5 198.5 618.167 -0.468912 -0.648068 -0.600107 92 58 56
-59 198 617.333 -0.568562 -0.556589 -0.60576 95 62 57
-58 198 616.833 -0.642766 -0.470311 -0.604698 100 63 57
-57 197.833 615.833 -0.665267 -0.405158 -0.62711 108 65 59
-56.5 197.5 615.333 -0.709833 -0.337101 -0.618466 111 66 60
-56 197 614.333 -0.707522 -0.313435 -0.63338 117 70 62
-54 196.667 612.667 -0.683185 -0.30768 -0.662262 122 74 64
-53.8333 196 611.833 -0.654217 -0.340645 -0.67525 126 76 67
-53 196 611.5 -0.617964 -0.360857 -0.6985 133 83 74
-52 196 611 -0.572151 -0.398027 -0.71709 146 92 80
-49 195.833 609.833 -0.28385 -0.555068 -0.781875 137 77 66
-48 195 609 -0.144385 -0.630433 -0.762697 151 89 76
-47 195 609 -0.0371696 -0.668371 -0.742899 159 95 83
-46 195.833 609.833 0.0692206 -0.692488 -0.718101 171 104 88
-45.8333 195.833 609.833 0.0875146 -0.696158 -0.712534 175 106 91
-41 196 612 0.586219 -0.619511 -0.522067 191 124 107
-40 196.167 612.167 0.6689 -0.580138 -0.464771 197 130 113
-39 197 614 0.744292 -0.530025 -0.406329 205 140 122
-37 198 617.167 0.875459 -0.386616 -0.289999 206 143 125
-36 199.167 620.667 0.902384 -0.342276 -0.26182 214 149 129
-35 200.167 624 0.908052 -0.347776 -0.233439 216 151 133
-34.5 200.833 625.333 0.907789 -0.350987 -0.229623 196 131 113
-63 198.667 617.167 -0.206717 -0.809771 -0.549126 45 31 31
-63 198.833 617.667 -0.209053 -0.808775 -0.549709 55 37 35
-62 199 617.833 -0.249025 -0.789412 -0.561084 63 42 41
-61.5 199.167 618.333 -0.283006 -0.771738 -0.569499 73 49 45
-61 199 618.167 -0.346694 -0.739912 -0.576483 82 54 51
-60 199 618 -0.411691 -0.693193 -0.591603 85 57 53
-59 198.833 617.167 -0.495747 -0.616163 -0.612028 92 61 58
-58 198.5 616.5 -0.57995 -0.521528 -0.625833 99 61 58
-57 198 615.833 -0.655399 -0.407656 -0.635821 105 64 58
-56 197.833 613.833 -0.696089 -0.312784 -0.646241 116 69 61
-55 197 613 -0.709164 -0.285632 -0.644594 121 72 65
-54 197 612.5 -0.690134 -0.292025 -0.662146 122 74 64
-53.6667 197 611.667 -0.66294 -0.316181 -0.678631 124 74 65
-53 197 611.167 -0.636078 -0.335558 -0.694842 133 80 72
-52 196.5 610.5 -0.581855 -0.367751 -0.725399 142 87 80
-51 196.167 610.167 -0.517021 -0.423603 -0.743807 146 92 80
-51 196 610 -0.496647 -0.443836 -0.745889 149 91 80
-50 196 609.5 -0.397037 -0.491758 -0.774942 146 88 76
-49 196 609.167 -0.283834 -0.552585 -0.783638 146 84 71
-48 196 608.833 -0.182776 -0.593682 -0.783667 157 95 82
-47 196 608.667 -0.099066 -0.622862 -0.776034 163 99 87
-46 196 608.833 0.0426204 -0.674403 -0.737132 170 103 87
-45 196 609 0.153577 -0.693204 -0.704189 174 105 90
-44 196 609 0.285552 -0.683904 -0.671368 178 109 93
-43.3333 196 609.333 0.339267 -0.672254 -0.658007 179 112 95
-43 196 610 0.395616 -0.66814 -0.63014 182 115 98
-42 196 610 0.491428 -0.645732 -0.584405 186 119 103
-42 196.833 610.833 0.525355 -0.626569 -0.575684 189 122 106
-41 197 611 0.573336 -0.616203 -0.539981 193 128 110
-40 197 612 0.683455 -0.567256 -0.459467 197 132 114
-39 197.5 613.5 0.749056 -0.522022 -0.407931 207 142 124
-38 198 616 0.845965 -0.425988 -0.320746 204 142 121
-36 200.167 621.667 0.910615 -0.327929 -0.251483 219 154 136
-34 201 624.5 0.909991 -0.34411 -0.23131 206 141 123
-63 199 616.333 -0.205028 -0.816833 -0.53921 39 27 27
-63 199.167 616.833 -0.196491 -0.817872 -0.540811 50 34 34
-62 199.167 616.833 -0.251743 -0.798484 -0.546853 59 39 40
-61.1667 199.5 617.5 -0.294334 -0.772943 -0.562073 68 47 44
-61 199.5 617.5 -0.307926 -0.764028 -0.566959 79 53 52
-60 199.333 617.167 -0.376235 -0.713882 -0.59061 83 58 54
-59 199.333 617.167 -0.472101 -0.631479 -0.615106 89 59 57
-59 199 616.667 -0.489288 -0.620294 -0.613051 91 62 58
-58 199 616.167 -0.542314 -0.569563 -0.617651 96 61 57
-56 198.333 614.333 -0.686087 -0.319491 -0.653613 110 65 59
-56 198 613.833 -0.69318 -0.311701 -0.64988 115 68 60
-55 198 612.833 -0.695382 -0.290488 -0.657313 121 72 65
-54 198 612.5 -0.696471 -0.285291 -0.658435 123 75 65
-53.5 197.5 611.5 -0.671239 -0.308344 -0.674064 124 74 65
-53 197.167 611.167 -0.639299 -0.33407 -0.692599 130 77 69
-52 197 610.167 -0.592592 -0.357674 -0.721737 140 85 78
-51 197 609.5 -0.537576 -0.389597 -0.747814 147 89 78
-48 196.667 608.667 -0.216024 -0.568861 -0.793556 158 96 83
-47 196.667 608.667 -0.12304 -0.611238 -0.781825 161 97 85
-46 196.833 608.833 0.024725 -0.649553 -0.759914 167 100 84
-45 196.833 608.833 0.125744 -0.672608 -0.729237 171 102 87
-40 197.167 611.167 0.671192 -0.572907 -0.470404 195 130 112
-39 198 613.167 0.761339 -0.505556 -0.405926 207 144 126
-37 199 616 0.882259 -0.375537 -0.283887 206 143 125
-36 200 619.667 0.910516 -0.322602 -0.258628 215 150 132
-35 201 623 0.910345 -0.334257 -0.244019 226 160 144
-34 202 624.5 0.909122 -0.341121 -0.239026 210 144 128
-62.6667 199.667 615.667 -0.20587 -0.812462 -0.545456 47 33 32
-58 199.5 615.5 -0.461838 -0.618708 -0.635537 94 59 55
-57 199 615 -0.599475 -0.456741 -0.657281 98 61 55
-56 199 613.5 -0.659875 -0.348656 -0.665585 109 69 61
-55 198.833 612.833 -0.690059 -0.304312 -0.656668 116 71 65
-54 198.333 612.333 -0.69797 -0.290945 -0.654361 120 73 65
-53.5 198 611.5 -0.676073 -0.305275 -0.670621 123 73 66
-53 198 610.833 -0.64564 -0.318723 -0.693949 129 76 68
-51 197.833 609.833 -0.564544 -0.365537 -0.740049 145 87 76
-51 197.167 609.167 -0.533153 -0.390852 -0.750322 151 91 81
-50 197 609 -0.422921 -0.459984 -0.780738 147 85 74
-49 197 608.5 -0.32439 -0.503675 -0.800676 146 82 70
-48 197 608.167 -0.246516 -0.539005 -0.805421 158 94 82
-46 197 608 -0.0021102 -0.625967 -0.779847 166 100 84
-45 197 608 0.120016 -0.650397 -0.750054 167 101 85
-44 197 608 0.269149 -0.664902 -0.696753 176 110 94
-43 197 608 0.318131 -0.662362 -0.678284 178 111 95
-42 197 609 0.456788 -0.640022 -0.617832 190 121 105
-40 198 611 0.688816 -0.551693 -0.470284 196 127 111
-39 198.333 612.333 0.758081 -0.502423 -0.415794 206 141 123
-38.3333 199 613.333 0.8172 -0.453335 -0.355909 205 142 124
-38 199 614.667 0.848853 -0.424876 -0.314531 207 144 126
-35 202 622.5 0.912816 -0.327602 -0.24381 224 161 144
-34 202.167 624 0.911048 -0.338044 -0.236045 207 144 127
-62 200 614.833 -0.195694 -0.810683 -0.551812 46 32 31
-61 200 615.667 -0.250256 -0.778493 -0.575605 66 45 42
-60.6667 200 615.667 -0.26694 -0.77531 -0.572396 76 50 49
-60 200 616 -0.351108 -0.735958 -0.578868 84 54 52
-59 200 615.667 -0.355439 -0.707804 -0.610473 88 57 55
-58.6667 200 615.667 -0.378007 -0.663489 -0.645673 90 56 54
-58 200 615 -0.408945 -0.630672 -0.659558 92 57 53
-57 200 614.833 -0.526503 -0.500383 -0.687322 97 60 54
-56 199.833 613.833 -0.603053 -0.403373 -0.688198 102 63 56
-56 199.5 613.5 -0.620391 -0.381573 -0.685213 107 67 59
-55 199 612.5 -0.69099 -0.308493 -0.653732 113 70 63
-54 199 612.333 -0.692605 -0.293676 -0.658827 119 72 64
-53.3333 199 611.333 -0.679566 -0.295938 -0.671276 122 72 65
-53 198.833 610.833 -0.671006 -0.297145 -0.679306 128 75 67
-52 198 609.833 -0.594972 -0.347629 -0.72468 135 78 71
-51 198 608.833 -0.544034 -0.378462 -0.748861 146 87 79
-50 198 608.333 -0.470921 -0.418942 -0.776351 143 83 72
-49 197.833 607.833 -0.334939 -0.490149 -0.804717 144 82 69
-48 197.833 607.833 -0.256448 -0.52506 -0.811509 155 93 80
-47 197 607 -0.157401 -0.577999 -0.800713 159 97 84
-47 197.167 607.167 -0.161461 -0.572431 -0.803899 159 97 84
-46 197.167 607.167 -0.0410081 -0.594509 -0.803043 164 101 84
-45 197.167 607.167 0.0908097 -0.620854 -0.778648 165 102 85
-45 197.667 607.667 0.0876947 -0.622944 -0.777336 172 106 90
-44 197.667 607.667 0.260306 -0.645266 -0.718243 175 109 93
-42 198 609 0.456842 -0.63674 -0.621175 187 118 102
-41 198 609 0.567201 -0.593997 -0.570483 189 120 104
-40 198.333 610.333 0.674147 -0.548937 -0.49416 196 127 111
-39 199 612.167 0.772166 -0.486147 -0.409171 205 140 122
-38.1667 199.167 613.167 0.817498 -0.452442 -0.356362 205 142 124
-37 200 615.5 0.880017 -0.383198 -0.280587 209 148 127
-36 201 618.5 0.911293 -0.325818 -0.251768 214 151 133
-35 202.333 622.333 0.912305 -0.330669 -0.241575 224 158 142
-34 203 623.5 0.91227 -0.334223 -0.236765 211 145 129
-62 200.167 614 -0.205791 -0.801363 -0.561665 43 31 31
-62 200.333 614.333 -0.17037 -0.811575 -0.558857 51 35 36
-60.3333 201 615.333 -0.205632 -0.786121 -0.582863 74 50 50
-59 201 615.667 -0.277347 -0.73755 -0.61571 85 55 53
-58.1667 201 615.167 -0.32375 -0.689967 -0.647403 88 57 55
-58 200.833 614.833 -0.327037 -0.680338 -0.655887 89 55 53
-57 200.5 614.5 -0.43777 -0.555132 -0.707238 92 57 51
-56 200 613.167 -0.592494 -0.41802 -0.688629 104 66 57
-55 200 612.5 -0.67497 -0.33408 -0.65788 112 69 62
-54 199.833 612 -0.680811 -0.317279 -0.660174 117 72 66
-53.3333 199.333 611.333 -0.67858 -0.294355 -0.672967 121 72 67
-53 199 610.5 -0.666331 -0.301932 -0.681792 124 74 65
-52 199 609.833 -0.619345 -0.329898 -0.712446 131 76 69
-51 198.833 608.833 -0.570462 -0.360373 -0.738041 140 83 74
-50 198.167 608.167 -0.473587 -0.422893 -0.772578 143 83 73
-49 198.167 608.167 -0.345229 -0.489417 -0.800804 140 80 70
-49 198 607.833 -0.339399 -0.491628 -0.801941 141 81 70
-48 198 607.5 -0.252667 -0.518533 -0.816874 150 90 79
-47 198 607 -0.169536 -0.547299 -0.819586 155 96 82
-46 198 607.167 -0.0545301 -0.574312 -0.816818 159 97 82
-45 198 607 0.0639011 -0.606718 -0.792345 159 96 81
-44 198 607.5 0.242659 -0.633945 -0.734323 164 101 86
-43 198 607.667 0.322003 -0.644128 -0.693839 165 99 83
-42 198.167 608.167 0.436403 -0.623268 -0.648913 179 112 96
-41 198.833 608.833 0.584816 -0.576881 -0.570262 182 113 98
-40 199 610 0.676544 -0.541689 -0.49886 195 126 110
-39 199.333 611.5 0.773249 -0.482522 -0.41141 203 138 120
-38 200 612.333 0.82631 -0.435937 -0.35661 205 142 124
-37 200.667 614.667 0.874222 -0.386416 -0.293971 209 148 127
-36 201.833 618.333 0.912309 -0.325213 -0.248855 215 152 134
-35.5 202 619.5 0.913901 -0.322466 -0.246577 221 155 139
-34 203.167 623.167 0.909431 -0.342072 -0.236479 219 153 137
-62 201 613.333 -0.113015 -0.810106 -0.575288 47 33 33
-61 201 614 -0.17465 -0.784885 -0.594519 59 39 38
-60 201 614.167 -0.214929 -0.765445 -0.606548 71 47 47
-60 201.167 615 -0.208953 -0.780235 -0.589553 78 52 51
-59 201.167 615 -0.26165 -0.74021 -0.619378 83 53 53
-58.1667 201.167 615 -0.312825 -0.703402 -0.638252 86 56 54
-58 201 614.167 -0.301163 -0.693216 -0.654791 88 54 52
-57 201 614.167 -0.368668 -0.636781 -0.677196 90 55 49
-55 200.167 612.167 -0.671857 -0.353531 -0.650864 111 68 61
-54 200.167 612 -0.672142 -0.326417 -0.664588 116 72 63
-53.1667 200 611 -0.669571 -0.315589 -0.672367 121 72 65
-52 199.5 609.5 -0.628778 -0.322778 -0.707427 131 76 69
-51 199 608.833 -0.566177 -0.366439 -0.738354 137 80 71
-50 199 607.833 -0.489789 -0.403331 -0.772937 143 85 74
-49 199 607.167 -0.382897 -0.460788 -0.800665 138 80 68
-47 198.5 606.5 -0.156612 -0.544032 -0.824319 146 88 76
-46.5 198.5 606.5 -0.126642 -0.551027 -0.824822 148 88 77
-46 198.5 606.5 -0.0706018 -0.569722 -0.818799 143 84 68
-45 198.5 606.5 0.0349209 -0.607749 -0.793361 143 81 66
-45 198.833 606.833 0.0197839 -0.597256 -0.801806 147 84 69
-44 198.833 606.833 0.21627 -0.621141 -0.753267 155 92 77
-42 199 607.833 0.446349 -0.613576 -0.651381 183 116 100
-41 199 608.167 0.551752 -0.579732 -0.599567 186 119 103
-40 199.167 609.167 0.623289 -0.559323 -0.546506 194 127 111
-39 200 611.167 0.773485 -0.473628 -0.421187 202 137 119
-38 200.167 612.167 0.823882 -0.439055 -0.358397 205 142 124
-37 201 614.5 0.875987 -0.38703 -0.287845 209 148 127
-37 201.833 616 0.898654 -0.357636 -0.254002 210 149 130
-36 202 617.333 0.908564 -0.340634 -0.241827 215 152 135
-35.3333 203 619.333 0.91177 -0.335669 -0.236647 218 155 140
-35 203.333 621.333 0.910624 -0.338444 -0.237107 224 158 144
-34 204 622.667 0.908263 -0.345502 -0.235981 225 159 145
-61.5 201 612.5 -0.14495 -0.794251 -0.590047 44 30 30
-61 201.167 613 -0.163631 -0.783678 -0.599228 54 36 34
-60 201.667 613.5 -0.157939 -0.783134 -0.601462 66 45 44
-57 201.5 613.5 -0.372353 -0.638165 -0.673869 91 57 48
-56 201.333 613.333 -0.493686 -0.54975 -0.673832 97 59 50
-56 201 612.5 -0.538889 -0.517573 -0.664618 102 64 55
-55 201 612.167 -0.598149 -0.46196 -0.654836 108 65 58
-54 201 611.167 -0.649245 -0.388168 -0.654069 112 68 59
-53 200.667 610.667 -0.667425 -0.326492 -0.669289 119 70 63
-53 200 609.667 -0.651135 -0.323392 -0.686616 125 75 66
-52 200 609.167 -0.6209 -0.343521 -0.704611 131 76 69
-51 200 608 -0.565039 -0.37014 -0.737379 134 77 68
-50 199.833 607.833 -0.505461 -0.405897 -0.761418 141 83 72
-49 199.5 607.5 -0.407347 -0.449953 -0.794739 141 83 72
-49 199.167 607.167 -0.383993 -0.458411 -0.801504 136 78 66
-48 199 607 -0.285649 -0.495865 -0.820075 135 77 65
-47 199 606.5 -0.19376 -0.529312 -0.826006 137 79 65
-46.5 199 606.5 -0.135789 -0.545692 -0.826911 136 78 64
-46 199 606.5 -0.0881253 -0.557072 -0.825775 140 81 67
-45 199 606.333 0.0241588 -0.586337 -0.809707 150 88 73
-44 199 606.667 0.185988 -0.607395 -0.772321 160 97 82
-43 199 606.667 0.32341 -0.608469 -0.724687 167 104 89
-42 199.167 607.167 0.423465 -0.606834 -0.672629 181 114 98
-41 199.833 607.833 0.556859 -0.581161 -0.593431 182 115 99
-40 200 608.833 0.670624 -0.523976 -0.525083 193 126 110
-39 200.167 610.167 0.756581 -0.478555 -0.445613 202 137 119
-38 201 611.5 0.814815 -0.446239 -0.370063 203 142 123
-37 201.667 613.833 0.871916 -0.393584 -0.291299 207 149 129
-36 202.667 617 0.907833 -0.344331 -0.239323 212 151 133
-35 203 618.667 0.911281 -0.338696 -0.234207 215 152 137
-34 204.167 622.167 0.907169 -0.34842 -0.235899 224 158 144
-61 201.333 611.333 -0.14029 -0.786379 -0.601603 37 25 25
-61 201.833 612.167 -0.137708 -0.791362 -0.595636 48 33 30
-60 201.833 612.5 -0.171994 -0.767311 -0.617779 61 41 40
-59.8333 202 613.167 -0.176701 -0.767277 -0.616492 69 48 45
-59 202 613.333 -0.215973 -0.751671 -0.623174 76 50 49
-58 202 613.167 -0.235338 -0.727517 -0.644465 85 56 52
-57 202 613.167 -0.331782 -0.667421 -0.666686 91 56 50
-56 202 612.333 -0.442543 -0.615645 -0.652025 101 63 54
-55 201.667 611.667 -0.584874 -0.489017 -0.647136 107 64 57
-54 201.167 611.167 -0.647434 -0.390273 -0.654611 108 64 55
-53 201 610.333 -0.663141 -0.353694 -0.659654 116 67 60
-53 200.833 609.167 -0.64091 -0.352814 -0.681731 123 73 64
-52 200.667 608.833 -0.622571 -0.350269 -0.699798 129 74 67
-51 200.167 608.167 -0.565039 -0.37014 -0.737379 133 79 69
-50 200 607 -0.49246 -0.41012 -0.767649 139 81 69
-49 200 607 -0.418138 -0.439644 -0.794905 141 83 71
-48.5 200 606.5 -0.375835 -0.462928 -0.802774 137 79 67
-48 200 606.5 -0.320988 -0.480614 -0.816074 135 77 65
-47 200 606 -0.200773 -0.511676 -0.835391 134 76 62
-46 200 606 -0.0926409 -0.547494 -0.831666 133 75 61
-44.8333 199.833 606 0.0558594 -0.573855 -0.81705 154 92 77
-44 199.833 606 0.163979 -0.579298 -0.798451 166 103 88
-43 199.833 606 0.281282 -0.602445 -0.746954 171 108 93
-42.8333 199.833 606.333 0.299358 -0.605434 -0.737451 178 112 98
-42 200 606.833 0.407412 -0.609227 -0.680337 182 116 102
-41 200 607.333 0.535705 -0.581292 -0.61247 183 117 103
-40 200.333 608.333 0.630784 -0.551442 -0.545915 191 125 109
-39.1667 201 609.167 0.726596 -0.500959 -0.470211 195 132 115
-38 201.167 611.167 0.814306 -0.446813 -0.370491 203 142 123
-37 202 613.5 0.868475 -0.400035 -0.292784 207 149 129
-37 202.667 614.833 0.888232 -0.382083 -0.255063 209 148 130
-36 203 616.333 0.903776 -0.360283 -0.231054 212 149 132
-35 203.833 618.167 0.909155 -0.350955 -0.224204 216 150 136
-35 204.167 620 0.907745 -0.347335 -0.23528 217 151 137
-34 205 621.5 0.905014 -0.359375 -0.227596 222 156 142
-61 202 611 -0.0822763 -0.806352 -0.585685 30 20 19
-60 202 611.833 -0.146508 -0.774319 -0.615602 52 36 36
-59.6667 202.667 612.667 -0.153485 -0.77987 -0.606832 62 44 42
-57 202.5 612.5 -0.316955 -0.682185 -0.658911 89 56 49
-56 202.5 612.5 -0.446345 -0.613437 -0.651514 95 58 50
-55.6667 202 611.667 -0.480627 -0.581466 -0.656426 99 62 54
-55 202 611.167 -0.547468 -0.518845 -0.656566 103 62 56
-53 201.5 609.5 -0.636054 -0.383235 -0.669751 115 68 62
-53 201.167 608.833 -0.633533 -0.37396 -0.677341 122 74 64
-52 201 608.5 -0.610488 -0.369034 -0.700798 127 74 66
-51 201 608.167 -0.583534 -0.371683 -0.722039 132 78 68
-50.6667 201 607.667 -0.560957 -0.379051 -0.735967 135 78 69
-49 200.833 606.833 -0.431046 -0.430118 -0.79322 140 82 71
-48.5 200.5 606.5 -0.414636 -0.442401 -0.795209 139 81 69
-48 200.333 606.333 -0.323306 -0.47373 -0.819178 136 78 66
-45 200 605.667 0.0104281 -0.564814 -0.825152 141 82 68
-44.6667 200.167 605.833 0.0584513 -0.558273 -0.827596 156 94 79
-44 200.167 605.833 0.154136 -0.582928 -0.79777 166 103 88
-43 200.167 606 0.27244 -0.59322 -0.75754 171 108 93
-42.8333 200.167 606 0.299505 -0.595875 -0.745137 178 112 98
-42 200.5 606.333 0.387666 -0.596565 -0.702727 182 116 102
-41 200.833 606.833 0.523337 -0.587127 -0.617576 183 117 103
-40 201 607.667 0.61952 -0.555985 -0.554144 191 125 111
-39 201 608.333 0.694015 -0.526807 -0.490732 194 131 114
-39 201.167 609.167 0.728961 -0.503568 -0.463719 199 136 119
-38 202 610.167 0.793408 -0.474701 -0.381002 203 142 124
-37 202.5 612.667 0.85956 -0.418085 -0.293873 205 148 129
-36 203.667 615.667 0.89894 -0.372001 -0.231347 212 149 134
-35 204 617.5 0.903672 -0.3673 -0.220155 218 152 138
-34 205.167 621 0.903429 -0.364264 -0.226116 219 153 139
-60 202.833 610.833 -0.0715164 -0.806705 -0.586611 48 34 34
-58 203 612.167 -0.172769 -0.750501 -0.637887 74 53 50
-57.1667 203 612.167 -0.242427 -0.728158 -0.641104 81 56 52
-57 203 612.167 -0.258521 -0.719248 -0.644864 86 55 50
-56 203 612 -0.386308 -0.652913 -0.651514 93 58 52
-55.3333 203 611.333 -0.4456 -0.607208 -0.657829 96 62 53
-54 202 610 -0.585439 -0.474621 -0.657264 104 64 56
-53 202 608.5 -0.594508 -0.425887 -0.682041 123 74 67
-52 202 608.333 -0.605562 -0.397622 -0.689341 129 76 70
-51 201.667 607.667 -0.577635 -0.375748 -0.724673 128 76 65
-50.3333 201.333 607.333 -0.547776 -0.379596 -0.745553 133 79 69
-50 201 606.667 -0.502007 -0.400596 -0.766493 137 80 69
-49 201 606.667 -0.432185 -0.430151 -0.792582 136 79 68
-48.1667 201 606 -0.354974 -0.462929 -0.812213 138 80 68
-48 201 605.5 -0.347915 -0.469701 -0.81138 135 77 65
-47 201 605.333 -0.217373 -0.516892 -0.827992 134 76 62
-46 201 605.333 -0.137115 -0.5439 -0.827872 148 89 75
-45 200.667 605 -0.00782796 -0.57835 -0.815751 153 91 78
-44.3333 200.667 605 0.0796126 -0.593857 -0.800622 159 97 82
-44 200.833 605.167 0.127584 -0.60691 -0.784463 165 102 87
-43 201 605.333 0.245934 -0.629903 -0.736708 172 106 92
-42.8333 201 605.833 0.309373 -0.601921 -0.736193 179 113 99
-42 201 605.833 0.386715 -0.62189 -0.680958 183 117 103
-41 201 606.5 0.515582 -0.597848 -0.613801 183 117 103
-41 201.167 606.667 0.516547 -0.596852 -0.61396 183 120 105
-40 201.167 607.333 0.608729 -0.571959 -0.549829 189 126 111
-39 202 608.167 0.702463 -0.537944 -0.466006 194 131 114
-38 202.167 610.167 0.789736 -0.485007 -0.375613 201 142 124
-37 203 612.167 0.850328 -0.432534 -0.299762 203 148 128
-36.5 203.5 613.5 0.87128 -0.419045 -0.255486 208 151 132
-35 204.5 616.5 0.899346 -0.380662 -0.215111 219 153 137
-34 206.167 622.167 0.901976 -0.369001 -0.224227 141 78 63
-59 203 611 -0.0966042 -0.795587 -0.598088 60 40 41
-57 203.833 612 -0.237477 -0.738725 -0.630786 86 56 54
-56 203.333 611.333 -0.34754 -0.685125 -0.640172 92 58 56
-55.1667 203.167 611.167 -0.444936 -0.607678 -0.657845 94 61 54
-55 203 610.167 -0.486213 -0.587466 -0.6469 98 61 55
-54 203 610 -0.555818 -0.506338 -0.659309 105 67 58
-53 202.5 608.5 -0.561452 -0.471894 -0.67977 120 73 63
-52 202.167 608.167 -0.602463 -0.394824 -0.693652 126 76 67
-51 202 607.667 -0.576746 -0.381804 -0.722212 131 79 66
-50 202 606.667 -0.521092 -0.397535 -0.755268 135 78 67
-49 201.833 606 -0.458843 -0.432649 -0.776066 137 80 69
-48.1667 201.833 606 -0.392917 -0.471218 -0.789665 137 79 68
-48 201.333 605.333 -0.353905 -0.49303 -0.794778 135 77 66
-47 201.333 605.333 -0.226818 -0.541797 -0.809327 137 78 70
-46 201.333 605.167 -0.150052 -0.552051 -0.820198 152 92 81
-45 201.333 605 -0.0143669 -0.595487 -0.803236 157 95 84
-44.3333 201.333 605 0.06069 -0.609393 -0.790542 163 99 87
-44 201.333 605 0.120704 -0.618834 -0.776192 167 103 91
-43 201.333 605.167 0.251584 -0.630763 -0.73406 174 108 94
-42.3333 201.333 605.167 0.333936 -0.632527 -0.698854 180 114 100
-41 201.833 605.833 0.474802 -0.626603 -0.618006 182 114 101
-40 202 606.833 0.605032 -0.584974 -0.540131 190 123 107
-39 202.167 607.333 0.66797 -0.569355 -0.479219 195 130 112
-38 203 609.167 0.755419 -0.520482 -0.398046 202 140 119
-37 203.167 611.167 0.822863 -0.473822 -0.313669 205 147 127
-36 204 613 0.867853 -0.433541 -0.242637 207 146 128
-36 204.5 614.5 0.885754 -0.414553 -0.208773 215 152 135
-35 205 616 0.892574 -0.404052 -0.200134 219 153 139
-35 205.833 617.833 0.896459 -0.394361 -0.20209 220 157 142
-34 206 619.333 0.898267 -0.387949 -0.206425 211 148 133
-33 207 622.667 0.899534 -0.37953 -0.216324 121 58 43
-60 203 609.667 -0.0381161 -0.818761 -0.572868 42 30 30
-59 203.167 610.167 -0.0697335 -0.8037 -0.590934 56 38 38
-59 203.5 610.5 -0.0773569 -0.797993 -0.597682 67 45 47
-54 203.167 609.167 -0.530984 -0.527541 -0.663141 105 67 58
-53 203 608 -0.536402 -0.478217 -0.6954 116 72 61
-52 203 607.5 -0.558587 -0.422555 -0.713742 124 76 66
-51 203 607.167 -0.57039 -0.395609 -0.719825 125 76 62
-50 202.667 606.667 -0.529409 -0.398278 -0.749066 128 76 63
-50 202.167 606.167 -0.518572 -0.399619 -0.755902 129 75 63
-49 202 605.667 -0.464877 -0.440755 -0.76787 130 76 64
-48 202 604.667 -0.380719 -0.496466 -0.780112 134 77 68
-47 202 604.667 -0.262215 -0.540122 -0.799695 137 80 71
-46 202 604.333 -0.156372 -0.589189 -0.792719 151 93 81
-45 201.833 604.167 -0.0585321 -0.612287 -0.788466 164 102 91
-44 201.833 604.167 0.0820058 -0.640036 -0.763956 163 99 87
-43 201.833 604.167 0.206821 -0.66185 -0.720542 169 103 89
-42 201.833 604.667 0.342967 -0.662563 -0.665871 180 114 100
-42 202 604.833 0.342016 -0.666894 -0.662026 185 119 105
-41 202 605.667 0.462622 -0.640687 -0.612781 179 113 99
-41 202.167 605.833 0.483197 -0.630428 -0.607521 182 116 100
-40 202.5 606.667 0.596373 -0.601919 -0.531068 187 121 105
-39 203 607.167 0.671551 -0.585355 -0.454289 192 127 109
-38 203.167 609.167 0.751033 -0.5278 -0.396707 198 137 116
-37 204 611.167 0.817517 -0.483789 -0.312433 206 148 128
-36 204.167 612.167 0.857914 -0.448786 -0.250148 211 150 132
-35 205.5 615.5 0.888666 -0.417308 -0.19007 219 153 139
-34 206.833 618.833 0.895657 -0.398458 -0.19756 214 151 136
-33 207.833 621.833 0.896034 -0.392384 -0.207744 120 57 42
-60 204 609 0.033189 -0.834459 -0.550069 36 28 26
-58 204 610.333 -0.129334 -0.788837 -0.60084 71 51 50
-57 204 610 -0.197728 -0.745008 -0.637077 74 50 48
-56 204 610.167 -0.290238 -0.71744 -0.633278 89 58 55
-53 204 608 -0.479979 -0.526875 -0.701443 113 70 61
-52 203.167 607.167 -0.536722 -0.419602 -0.732027 121 74 64
-51 203.167 607.167 -0.566113 -0.388471 -0.727053 125 79 66
-48 202.5 604.667 -0.389778 -0.493189 -0.777713 130 78 67
-47 202.5 604.5 -0.292005 -0.533674 -0.793678 134 82 71
-46 202.333 604.333 -0.174535 -0.580654 -0.795222 147 91 78
-45 202.333 604.167 -0.0602014 -0.631771 -0.772814 153 93 82
-44 202.333 604.167 0.079153 -0.645147 -0.759947 163 101 88
-43 202.333 604.167 0.197643 -0.658552 -0.726117 170 107 92
-42 202.333 604.167 0.316066 -0.657139 -0.684303 173 110 95
-42 202.833 604.667 0.336937 -0.66268 -0.668826 182 116 102
-41 202.833 605 0.438685 -0.656813 -0.613312 180 114 100
-41 203 605.667 0.515128 -0.645725 -0.563633 181 115 99
-40 203 605.833 0.568845 -0.626967 -0.532286 185 119 103
-39 203.167 606.667 0.651608 -0.59875 -0.465731 187 124 106
-38 204 608.167 0.731996 -0.560694 -0.387045 194 133 114
-37 204.167 610.167 0.804953 -0.497033 -0.324051 202 144 124
-36 205.167 613.167 0.872009 -0.440266 -0.213931 209 148 130
-33.8333 207.833 619.833 0.892135 -0.404564 -0.201056 145 79 65
-59 204 608.833 -0.0463376 -0.814715 -0.578007 42 32 30
-58 204.5 609.5 -0.0780372 -0.795095 -0.601444 69 53 53
-57 204.5 609.5 -0.155311 -0.769205 -0.619841 72 52 51
-56 204.5 609.5 -0.249306 -0.74138 -0.623059 88 58 56
-55 204.5 609.5 -0.319767 -0.697747 -0.641013 90 61 55
-55 204 609 -0.349363 -0.680849 -0.643732 97 64 59
-54 204 609 -0.489141 -0.582671 -0.649027 104 70 61
-52.8333 204 607.833 -0.479333 -0.526958 -0.701823 109 69 59
-51 203.833 606.833 -0.547175 -0.401357 -0.734515 120 76 63
-50 203 605.667 -0.530763 -0.400846 -0.746735 125 77 65
-49 203 605 -0.496194 -0.434188 -0.751846 127 79 67
-48 203 604.333 -0.407199 -0.483845 -0.77465 130 80 69
-46 202.833 604 -0.207876 -0.593485 -0.777536 137 84 70
-43 203 603.667 0.160559 -0.66377 -0.7305 163 101 86
-40.8333 203.167 605 0.468626 -0.652416 -0.595603 180 114 98
-38 204.167 608 0.729447 -0.563444 -0.387862 194 133 114
-37.8333 204.833 608.833 0.759888 -0.547001 -0.351227 199 138 119
-36 205 610.667 0.835252 -0.481108 -0.266251 203 145 125
-35 206 614 0.879499 -0.43845 -0.185051 212 150 135
-34 207 617 0.889732 -0.420531 -0.177567 218 155 140
-33 208.333 620.333 0.888774 -0.41318 -0.1984 109 43 29
-59 204.833 607.833 0.00718415 -0.827687 -0.561144 36 28 26
-56.5 205 608.5 -0.185528 -0.771291 -0.608843 78 57 54
-56 205 608.5 -0.194005 -0.757603 -0.623217 87 59 56
-55 205 608.5 -0.270631 -0.716026 -0.643479 90 62 58
-54.5 205 608.5 -0.322565 -0.679714 -0.658741 95 64 61
-52.8333 204.833 607.833 -0.439565 -0.524637 -0.729067 108 70 61
-52 204 606.833 -0.499468 -0.443683 -0.744095 113 70 61
-51 204 606.333 -0.54221 -0.395125 -0.741542 116 72 61
-50 204 605.333 -0.550368 -0.392289 -0.737025 124 76 66
-49 203.833 604.833 -0.513117 -0.410211 -0.753948 128 80 70
-48 203.833 604.833 -0.447819 -0.455642 -0.769317 131 83 73
-48 203.167 604.167 -0.41476 -0.474865 -0.776194 129 81 71
-47 203 604 -0.327653 -0.523016 -0.786828 123 75 65
-46 203 603.833 -0.216318 -0.586617 -0.78044 117 67 56
-45 203 603.667 -0.125466 -0.616957 -0.776931 122 66 53
-44 203 603.5 0.0210357 -0.638181 -0.769599 155 96 82
-42 203 603 0.252443 -0.666206 -0.701742 174 112 99
-41 203.167 604 0.354959 -0.677515 -0.644187 180 117 102
-40.6667 203.667 604.667 0.469999 -0.658698 -0.587553 180 114 98
-40 203.667 604.833 0.533552 -0.655866 -0.534005 186 120 104
-39 204.167 606.167 0.637874 -0.627923 -0.445903 191 126 108
-37.3333 205 608.167 0.762443 -0.553798 -0.334646 200 137 119
-37 205.333 609.167 0.784504 -0.536532 -0.310944 201 140 119
-33 208 618 0.886083 -0.428445 -0.176895 185 119 105
-59 205 606.5 0.0101249 -0.830507 -0.556916 30 24 24
-58 205 607.333 -0.0468827 -0.81596 -0.576204 48 38 39
-57 205 607.833 -0.130337 -0.782832 -0.60843 67 51 51
-56.5 205.5 608.333 -0.131575 -0.782998 -0.607949 77 56 55
-56 205.5 608.5 -0.154656 -0.768635 -0.620711 86 58 57
-55 205.333 608.333 -0.246946 -0.725307 -0.64261 90 62 58
-54.3333 205.333 608.333 -0.279815 -0.667509 -0.690026 95 64 61
-54 205 607.833 -0.336423 -0.620756 -0.708154 100 67 60
-53 205 607.833 -0.43032 -0.547605 -0.717603 104 67 61
-52.1667 205 607.167 -0.454622 -0.490668 -0.743347 106 68 59
-52 205 606.5 -0.442071 -0.471301 -0.763183 112 69 62
-50 204.333 605.333 -0.554016 -0.389721 -0.735652 119 72 62
-49 204 604.5 -0.520725 -0.408802 -0.749484 127 79 69
-48 204 603.833 -0.456716 -0.440959 -0.772636 129 80 73
-44 203.833 602.833 -0.0374318 -0.65195 -0.757337 146 90 77
-43 203.833 602.833 0.0926115 -0.671105 -0.735555 160 102 90
-40.1667 204 604 0.470038 -0.673992 -0.569911 175 109 95
-40 204 604.5 0.504942 -0.671181 -0.542724 185 119 105
-39 204 604.833 0.58261 -0.650059 -0.487841 189 123 107
-39 204.667 605.667 0.612853 -0.638052 -0.466156 191 125 109
-37 205 607.5 0.747879 -0.565947 -0.34696 197 134 117
-33 209.167 619 0.883007 -0.435322 -0.17548 110 44 30
-32 210 620.833 0.883983 -0.429478 -0.184723 143 77 63
-58 205.333 606.333 -0.0345989 -0.824318 -0.565069 41 35 37
-58 205.5 606.5 -0.00619547 -0.826192 -0.563354 57 48 49
-57 205.833 607.333 -0.0620951 -0.802032 -0.594044 66 54 54
-56 205.833 607.333 -0.0953862 -0.766336 -0.635319 75 54 53
-55 206 607.5 -0.143456 -0.718594 -0.680473 88 60 57
-54 206 607.167 -0.224095 -0.660275 -0.716811 99 66 61
-53 205.833 606.833 -0.326854 -0.572351 -0.752051 103 66 60
-52 205.667 606.667 -0.412338 -0.488163 -0.769203 105 67 58
-52 205.167 606.167 -0.42301 -0.477986 -0.7698 111 68 61
-51 205 606 -0.520814 -0.416201 -0.745338 116 72 63
-50 205 604.833 -0.561058 -0.38052 -0.735131 121 72 65
-48 204.5 603.5 -0.474493 -0.421679 -0.772685 132 82 75
-47 204 602.833 -0.361696 -0.493778 -0.790797 128 78 71
-46 204 602.333 -0.296564 -0.540186 -0.787559 118 68 57
-45 204 602.333 -0.21783 -0.586341 -0.780227 124 75 61
-44 204 602 -0.069691 -0.636763 -0.767903 121 69 58
-43 204 602.167 0.0813805 -0.679411 -0.729231 141 87 75
-42 204 602.167 0.213048 -0.680757 -0.700842 159 101 90
-41 204 602.667 0.301803 -0.689501 -0.65841 148 84 74
-40 204.333 603.333 0.433625 -0.689462 -0.580182 163 99 87
-40 204.5 603.5 0.441604 -0.688781 -0.57495 179 113 101
-38 205 605.667 0.666684 -0.622389 -0.410077 194 128 114
-37 205.5 606.5 0.729808 -0.58687 -0.350661 198 132 118
-36 206 609 0.797995 -0.530586 -0.285799 204 138 122
-33 209 616.167 0.87971 -0.449035 -0.156452 217 151 137
-32 210.167 619.833 0.881993 -0.436941 -0.176553 139 73 59
-56 206 606.667 -0.0616811 -0.787446 -0.61329 72 52 51
-56 206.167 606.833 -0.0427748 -0.786888 -0.615611 84 56 55
-55 206.167 607 -0.113587 -0.729692 -0.674275 87 59 56
-54 206.167 607.167 -0.208277 -0.659718 -0.722075 99 66 61
-53 206 606.667 -0.308181 -0.580615 -0.753599 104 67 61
-52 206 606 -0.370129 -0.527466 -0.764712 111 68 61
-50 205.833 604.833 -0.536628 -0.400984 -0.742457 118 69 62
-50 205.333 604.333 -0.552867 -0.38483 -0.739083 122 73 66
-49 205 603.833 -0.530651 -0.393239 -0.750848 126 76 69
-48 205 603.5 -0.477654 -0.41519 -0.77425 130 80 73
-47.8333 205 603 -0.477208 -0.417512 -0.773277 132 82 75
-47 205 602.833 -0.420611 -0.46052 -0.78167 127 76 72
-46 205 602.333 -0.360314 -0.503672 -0.785168 106 58 48
-45 205 602.167 -0.291958 -0.561567 -0.774212 122 74 62
-44 204.833 601.833 -0.140937 -0.627911 -0.765418 120 70 61
-43.8333 204.833 601.833 -0.108721 -0.642678 -0.758383 119 66 58
-40 205 602.667 0.37686 -0.707188 -0.598215 163 99 89
-39 205 603.833 0.5272 -0.676393 -0.514347 187 120 111
-38.5 205.5 604.5 0.615493 -0.649604 -0.446298 188 121 112
-37 206 606.167 0.728842 -0.596429 -0.336245 197 131 119
-34 208.833 613.833 0.870171 -0.466546 -0.158547 214 146 133
-33 209.667 615.667 0.877367 -0.456682 -0.147203 220 154 140
-32 210.667 618.833 0.878325 -0.444613 -0.175682 137 71 57
-58 206 604.833 0.0845779 -0.821201 -0.564337 25 21 22
-57 206 604.833 0.0534452 -0.813529 -0.579063 46 41 38
-57 206.667 605.667 0.0640696 -0.815739 -0.574861 62 50 50
-56 206.667 605.667 0.0494994 -0.78912 -0.612242 72 54 52
-55.8333 206.833 606 0.0494994 -0.78912 -0.612242 80 56 56
-55 206.833 606 0.0150839 -0.762331 -0.647011 82 58 54
-54 207 606.167 -0.0748015 -0.714664 -0.695457 94 65 59
-52 206.667 605.667 -0.341392 -0.559204 -0.755474 106 65 59
-51 206 605 -0.478081 -0.456498 -0.750365 113 70 61
-50 206 604.833 -0.531606 -0.405607 -0.743558 117 70 62
-49.8333 206 603.833 -0.530233 -0.39539 -0.750013 120 73 63
-49 206 603.833 -0.53309 -0.38035 -0.755744 124 76 66
-48 205.833 602.833 -0.495178 -0.398955 -0.771773 128 78 71
-47.8333 205.833 602.833 -0.492135 -0.400587 -0.772874 129 79 72
-47 205.333 602.167 -0.449748 -0.444135 -0.774901 125 72 68
-46 205.333 602.167 -0.368687 -0.494803 -0.786918 116 63 59
-45.6667 205.167 601.833 -0.353441 -0.51233 -0.782686 101 53 43
-45 205.167 601.5 -0.307594 -0.535359 -0.786623 115 65 56
-44 205 601.333 -0.162601 -0.608147 -0.776993 128 78 69
-43.3333 205 601.333 -0.0606922 -0.651876 -0.755893 140 85 78
-43 205 601.333 -0.0111124 -0.673084 -0.739483 145 91 81
-42 205 601.333 0.145629 -0.697799 -0.701333 124 65 57
-41 205 601.5 0.231534 -0.71464 -0.660062 161 99 88
-40 205.333 602.333 0.366988 -0.712546 -0.597995 172 109 94
-38 206 603.5 0.606794 -0.665125 -0.435211 185 119 105
-37 206.167 605.167 0.700979 -0.621708 -0.349437 196 130 114
-36 207 607 0.771308 -0.570992 -0.28116 200 135 117
-35 207 608 0.805079 -0.539399 -0.246772 206 141 123
-34 208 611 0.850866 -0.494444 -0.17763 215 148 131
-33 209.833 614.833 0.872703 -0.466709 -0.143431 218 151 135
-33 210.167 616.167 0.877367 -0.456682 -0.147203 175 108 92
-32 211 617.833 0.879302 -0.448853 -0.159244 135 67 54
-31.3333 211.333 619.333 0.87806 -0.447796 -0.168786 159 91 78
-58 206.833 604 0.169956 -0.829933 -0.531344 26 20 22
-56 207 605.333 0.101482 -0.805616 -0.583682 71 53 51
-55.6667 207 605.667 0.0753101 -0.793805 -0.603491 77 56 55
-55 207 605.833 0.0480462 -0.773072 -0.632496 79 58 53
-54 207.167 606 -0.0507238 -0.737043 -0.67394 86 61 57
-53 207 606 -0.23464 -0.634504 -0.736443 99 66 61
-52 207 605.333 -0.315772 -0.579376 -0.751406 104 65 58
-51 207 605 -0.43598 -0.500269 -0.748099 108 68 60
-50 207 604.667 -0.486886 -0.439074 -0.755087 114 69 63
-49.8333 206.833 603.833 -0.503898 -0.419165 -0.75524 118 74 65
-49 206.833 603.833 -0.533241 -0.377564 -0.757033 121 74 66
-48 206 602.833 -0.49622 -0.400896 -0.770096 123 74 67
-47.8333 206 602.833 -0.497353 -0.402274 -0.768645 125 76 69
-47 206 602.167 -0.456893 -0.436152 -0.775255 122 73 68
-46 206 602 -0.397657 -0.474705 -0.785191 116 67 62
-45.1667 206 601.5 -0.345709 -0.513631 -0.785282 108 61 53
-45 206 601.5 -0.34645 -0.517836 -0.782188 118 69 62
-44 206 601.167 -0.228701 -0.564653 -0.793009 117 68 61
-43.3333 206 601.333 -0.120151 -0.628068 -0.768827 120 67 61
-40 206 601.5 0.326003 -0.720109 -0.612507 158 96 83
-39 206 602.333 0.445589 -0.708728 -0.54695 169 103 89
-38 206.167 603.167 0.595857 -0.670312 -0.442307 183 117 103
-38 206.5 603.5 0.601909 -0.674409 -0.427643 191 125 109
-36 207.333 606.333 0.754736 -0.591071 -0.284621 201 136 118
-33 210.333 615.333 0.874546 -0.463447 -0.14278 192 125 109
-57 207 603.333 0.193004 -0.823762 -0.533072 31 25 25
-57 207.333 604.333 0.172538 -0.825318 -0.537663 52 40 40
-56 207.333 604.333 0.172466 -0.817757 -0.549116 68 52 52
-53 208 605.167 -0.105152 -0.707882 -0.69846 97 66 61
-51 207.5 604.5 -0.397764 -0.530036 -0.748896 106 66 58
-50 207.5 604.5 -0.467299 -0.45806 -0.756183 113 68 62
-49.6667 207 603.667 -0.503368 -0.413561 -0.758675 116 72 63
-49 207 603.667 -0.533267 -0.377785 -0.756905 118 71 63
-48 207 602.833 -0.529011 -0.369189 -0.764098 119 70 65
-47.3333 207 602.333 -0.504572 -0.385165 -0.772693 122 73 68
-47 206.833 601.833 -0.48172 -0.41121 -0.773856 122 73 68
-46 206.5 601.5 -0.415927 -0.462214 -0.783175 120 71 66
-45 206.167 601.167 -0.351876 -0.507696 -0.786402 110 65 59
-44 206.167 601 -0.23368 -0.557756 -0.796431 114 67 61
-43 206 600.333 -0.122053 -0.612439 -0.781038 130 80 73
-42 206 600.333 0.0807672 -0.681167 -0.727659 139 84 79
-41.6667 206 600.667 0.118158 -0.696658 -0.707606 137 80 71
-41 206 600.5 0.203862 -0.708519 -0.675605 150 90 82
-40 206.167 601.167 0.324332 -0.71423 -0.62023 162 98 88
-39 206.833 602 0.470318 -0.693869 -0.545295 170 104 92
-37 207 603.333 0.660181 -0.639945 -0.393232 194 128 114
-37 207.333 604.333 0.686054 -0.634508 -0.355991 199 133 117
-35 208 606.5 0.782206 -0.573459 -0.243515 202 139 122
-35 208.833 608 0.811995 -0.54556 -0.207434 207 144 127
-34 209 609.5 0.836952 -0.517378 -0.178413 213 147 133
-34 209.667 610.667 0.848815 -0.50548 -0.154931 217 151 137
-33 210 612.5 0.862229 -0.487047 -0.139092 218 152 138
-32 211.167 616.167 0.873623 -0.465267 -0.142512 132 66 54
-31 212 617.667 0.876868 -0.458685 -0.14391 147 81 69
-55 208 604.167 0.162234 -0.802218 -0.574566 76 55 54
-54 208 605 0.0129773 -0.765921 -0.642804 87 62 58
-54 208.167 605.167 0.0242357 -0.773249 -0.633639 95 66 60
-53 208.167 605.167 -0.0790276 -0.721538 -0.68785 99 66 61
-52 208 605 -0.216068 -0.638444 -0.738718 99 65 56
-51.8333 208 604.833 -0.25801 -0.621445 -0.739755 102 63 56
-51 208 604.5 -0.36314 -0.535756 -0.762296 106 66 58
-50 208 604 -0.448136 -0.442834 -0.776577 112 67 61
-49.6667 208 603.667 -0.462162 -0.42828 -0.776519 115 70 64
-48 207.333 602.333 -0.53616 -0.363821 -0.761687 118 69 64
-47.3333 207.333 602.333 -0.511752 -0.386581 -0.767245 121 72 67
-47 207 601.5 -0.487772 -0.405505 -0.773074 122 73 69
-46 207 601.5 -0.436608 -0.44636 -0.781112 119 71 67
-41.1667 207 600.167 0.141578 -0.673022 -0.725946 158 101 92
-40 207 600.333 0.315658 -0.696822 -0.644049 172 112 101
-39 207 601.167 0.413709 -0.692744 -0.590721 181 117 105
-38 207 602 0.558175 -0.671116 -0.487897 186 120 108
-38 207.167 602.167 0.57192 -0.66882 -0.474961 189 123 109
-34 209.5 608.5 0.824618 -0.53913 -0.171303 211 148 133
-33 210.667 611.667 0.855436 -0.49974 -0.135974 212 149 134
-32.3333 211 613.333 0.861234 -0.490838 -0.131736 219 156 141
-31 212.167 617.167 0.875483 -0.463842 -0.135578 138 74 62
-57 207.667 601.667 0.301796 -0.811294 -0.50072 19 18 16
-57 208 602.5 0.275492 -0.816396 -0.507545 37 29 27
-56 208.167 602.833 0.26311 -0.805506 -0.530974 60 44 44
-55 208.333 603.333 0.197453 -0.804389 -0.560331 79 58 55
-53.1667 209 604.167 0.0381198 -0.760977 -0.647658 93 65 61
-53 209 604.333 -0.000359529 -0.734881 -0.678196 96 65 60
-52 209 604.333 -0.130842 -0.682149 -0.719412 99 65 56
-51.3333 209 604.333 -0.248558 -0.609718 -0.752637 102 63 56
-51 208.833 603.833 -0.258661 -0.5915 -0.76369 105 65 57
-50 208.5 603.5 -0.420579 -0.461702 -0.78099 110 67 60
-49 208 602.833 -0.48431 -0.39682 -0.779729 113 68 62
-48 208 602.333 -0.532754 -0.364075 -0.763952 117 69 65
-47.1667 208 601.5 -0.511464 -0.388967 -0.76623 119 71 67
-47 208 601.333 -0.507975 -0.392648 -0.766674 120 72 68
-46 207.5 600.5 -0.448448 -0.431691 -0.782648 119 71 67
-45 207.5 600.5 -0.386729 -0.467503 -0.79491 111 68 61
-45 207 600 -0.369659 -0.484569 -0.792808 112 67 61
-44 207 600 -0.268563 -0.53605 -0.800328 114 70 61
-43 207 599.667 -0.132551 -0.600226 -0.788771 118 69 62
-42 207 599.333 0.00156074 -0.624442 -0.78107 139 84 77
-41 207 599.5 0.151976 -0.671187 -0.725542 164 104 96
-40 207.167 600.167 0.307418 -0.696914 -0.647923 174 112 101
-37 208 602 0.621552 -0.649079 -0.4386 194 128 112
-36 208 603 0.681119 -0.630784 -0.371737 199 133 117
-36 208.833 603.833 0.713957 -0.61779 -0.329548 200 134 118
-35 209 605.167 0.7694 -0.58719 -0.251456 203 140 125
-35 209.167 606.167 0.7851 -0.576601 -0.226162 207 144 129
-34 210 607.667 0.814214 -0.551567 -0.181187 210 147 132
-34 210.333 609.333 0.834174 -0.528058 -0.159087 210 147 132
-33 211 610.667 0.848991 -0.51031 -0.137106 211 148 133
-32 211.333 612.333 0.858866 -0.49627 -0.126747 218 155 140
-31 213.167 617.667 0.873039 -0.468528 -0.13522 153 87 75
-56 208 601.833 0.304664 -0.801655 -0.514324 29 21 19
-56 208.333 602.333 0.302246 -0.804305 -0.511606 49 38 36
-55 208.667 602.667 0.266142 -0.796017 -0.543623 67 49 47
-54 209 603.333 0.176047 -0.787123 -0.591139 82 61 58
-53.1667 209.167 604 0.0557283 -0.74596 -0.663655 89 64 59
-51.3333 209.333 604.333 -0.171205 -0.641851 -0.747474 100 66 57
-51 209 603.5 -0.242702 -0.580559 -0.777205 102 65 56
-48 208.833 602 -0.52179 -0.399281 -0.753863 114 69 64
-47 208.333 601.333 -0.511559 -0.383894 -0.768722 116 71 66
-47 208.167 601.167 -0.503758 -0.390179 -0.770706 117 72 67
-43 207.667 599.667 -0.179574 -0.561291 -0.807902 122 72 63
-39.8333 208 600 0.331136 -0.680373 -0.65379 179 115 103
-38 208 600.667 0.506892 -0.668359 -0.544387 186 120 106
-37 208.5 601.5 0.609812 -0.655353 -0.445692 193 128 110
-35 209.333 604.333 0.745524 -0.602284 -0.285391 201 138 121
-34 210.167 606.5 0.8013 -0.567598 -0.189076 208 145 130
-33 211.167 609.833 0.841839 -0.522439 -0.135517 213 150 135
-32 212.167 613.167 0.860254 -0.495384 -0.12066 201 137 125
-31 213 615 0.865122 -0.487402 -0.118336 137 73 61
-31 213.667 616.833 0.869697 -0.477314 -0.125695 143 79 67
-55 209 602.167 0.284312 -0.795687 -0.534836 72 54 52
-54 209.167 603 0.205303 -0.77255 -0.600846 79 58 57
-53 209.167 603 0.118789 -0.739433 -0.662667 85 61 57
-53 209.333 603.333 0.111218 -0.744409 -0.658396 90 62 58
-52 209.333 603.333 -0.0546785 -0.677897 -0.733121 95 64 59
-51 209.333 603.333 -0.159756 -0.623677 -0.765183 102 65 56
-50 209 602.667 -0.358619 -0.519199 -0.775774 107 67 59
-49 209 602 -0.461974 -0.450844 -0.763754 111 68 61
-48 209.167 602 -0.513858 -0.41438 -0.751158 113 68 63
-47 208.667 600.667 -0.517661 -0.402257 -0.755127 117 72 67
-46 208 600 -0.464125 -0.43383 -0.772256 122 75 69
-45 208 599.167 -0.40578 -0.477539 -0.779294 125 77 67
-44 208 599.167 -0.285072 -0.533871 -0.796062 124 74 63
-43 208 599 -0.199857 -0.567203 -0.798961 138 84 72
-42 208 598.667 -0.0414257 -0.613832 -0.788349 141 83 72
-41 208 598.667 0.109392 -0.664173 -0.739532 154 94 84
-40 208 599 0.269724 -0.687934 -0.673792 175 111 99
-39.1667 208 599 0.350885 -0.693467 -0.629272 180 114 102
-39 208 599.667 0.390023 -0.690954 -0.608658 183 116 100
-38 208.667 599.667 0.475054 -0.676809 -0.562364 187 120 104
-36 209 601.5 0.638502 -0.648695 -0.414138 194 129 111
-36 209.5 602.5 0.681414 -0.63392 -0.365814 199 133 117
-35 210 603.5 0.728061 -0.612522 -0.307804 200 139 121
-33.1667 211.167 607.5 0.818695 -0.553851 -0.151619 209 147 132
-33 211.667 608.833 0.830379 -0.540086 -0.137028 210 148 133
-32 212 610.333 0.846865 -0.516399 -0.127087 213 151 136
-32 212.833 612 0.852829 -0.507959 -0.121082 210 146 134
-31 213.333 614.167 0.860147 -0.496312 -0.117567 149 85 73
-30 214.5 617.5 0.868779 -0.479551 -0.123503 132 68 58
-56 209 600.333 0.35442 -0.793355 -0.494948 22 16 16
-56 209.167 600.667 0.369274 -0.790847 -0.488055 32 20 20
-55 209.167 601.167 0.320289 -0.796696 -0.512534 57 39 39
-54.5 209.5 601.667 0.323723 -0.788152 -0.523468 70 52 50
-54 210 602.167 0.298566 -0.780626 -0.549073 77 56 55
-53 210 602.833 0.199646 -0.754069 -0.625717 84 59 55
-52 210 603.167 0.0278921 -0.71533 -0.69823 97 64 59
-51 210 602.833 -0.0806248 -0.655613 -0.75078 104 66 57
-49 209.833 602 -0.408062 -0.488553 -0.771234 111 66 60
-48 209.5 601.5 -0.496105 -0.430589 -0.753972 115 67 63
-47 209.167 600.833 -0.526035 -0.39589 -0.752701 117 69 65
-47 209 600.667 -0.528663 -0.392708 -0.752526 120 73 67
-46 209 600 -0.500836 -0.412323 -0.761021 125 76 71
-44 209 599 -0.314418 -0.508108 -0.801853 129 77 66
-42 208.667 598.667 -0.038849 -0.620421 -0.783306 157 97 87
-41 208.667 598.667 0.0971527 -0.664303 -0.741123 161 101 90
-41 208.5 598.5 0.0887097 -0.656932 -0.748713 167 103 93
-40 208.667 598.667 0.250924 -0.667881 -0.700693 171 107 95
-39.1667 208.833 599 0.336543 -0.680412 -0.650982 178 112 100
-39 208.833 599.167 0.38959 -0.683646 -0.617129 182 115 99
-38 209 599.667 0.490771 -0.671868 -0.55474 183 116 100
-37 209 600.5 0.541417 -0.6663 -0.512749 187 120 103
-36 209.167 601 0.625044 -0.653638 -0.426704 194 129 111
-36 209.667 601.833 0.66673 -0.637171 -0.386631 198 132 116
-35 210.667 603.833 0.745095 -0.607315 -0.275684 203 141 126
-34 211 605.333 0.789664 -0.575117 -0.21371 205 146 130
-33 211.333 606.5 0.808439 -0.56426 -0.167442 204 145 129
-32 212.667 609.833 0.840219 -0.52814 -0.122884 210 151 137
-31 213.833 613 0.852301 -0.508995 -0.120445 166 104 93
-56 209.5 599.667 0.380646 -0.781937 -0.493643 21 16 20
-55 210 600.667 0.367438 -0.779231 -0.507729 47 31 34
-54.1667 210 600.833 0.344587 -0.776718 -0.527228 66 50 50
-54 210.167 601.667 0.311206 -0.775965 -0.548661 77 57 56
-53 210.167 601.833 0.272742 -0.767695 -0.579875 83 59 57
-52 210.167 602.167 0.112 -0.732675 -0.671299 93 62 57
-51 210.667 602.667 -0.0222287 -0.660741 -0.750284 99 65 56
-50 210 601.833 -0.264537 -0.583803 -0.76759 105 62 53
-49 210 601.5 -0.37479 -0.510413 -0.773958 110 66 55
-48 210 601.5 -0.486551 -0.429996 -0.760507 117 70 60
-47 210 600.5 -0.511958 -0.409428 -0.755161 114 67 57
-46 209.667 599.667 -0.516923 -0.404733 -0.754309 121 73 63
-45 209.667 599.667 -0.458099 -0.440076 -0.77232 125 73 60
-45 209 599 -0.43859 -0.454306 -0.7754 121 67 55
-43 209 598.333 -0.253869 -0.568572 -0.782481 151 93 81
-42 209 598.333 -0.0705015 -0.623341 -0.778765 159 101 89
-41 209 598 0.0618218 -0.663513 -0.745606 163 104 90
-40 209 598.5 0.254498 -0.688847 -0.678764 172 110 95
-39 209 598.5 0.337127 -0.699595 -0.630009 174 111 96
-39 209.167 598.833 0.376587 -0.687635 -0.620758 177 114 99
-38 209.167 598.833 0.434634 -0.686012 -0.583508 182 116 102
-38 209.5 599.5 0.48996 -0.664645 -0.56408 181 114 98
-37 209.667 599.667 0.535339 -0.679192 -0.502107 184 117 101
-36 210 600.333 0.626594 -0.659878 -0.414658 191 125 109
-35 210.167 601.833 0.688496 -0.633926 -0.352294 197 136 118
-34.6667 210.667 602.833 0.717986 -0.622083 -0.312262 202 141 123
-34 211.333 604.5 0.775318 -0.589229 -0.227357 202 143 125
-33 212 605.5 0.798016 -0.573198 -0.18605 202 143 125
-32 213.167 610.167 0.844344 -0.521529 -0.122843 212 150 137
-30.6667 214.667 613.833 0.856742 -0.502303 -0.11698 124 64 53
-30 215.167 616 0.862343 -0.491577 -0.121309 114 54 44
-56 210.167 599.5 0.390799 -0.775437 -0.495957 25 16 17
-55 210.167 599.667 0.385756 -0.769364 -0.509187 38 23 26
-54 210.333 600.167 0.348044 -0.768351 -0.537125 56 42 41
-54 210.667 600.833 0.361147 -0.771395 -0.523949 70 52 50
-52 211 602.167 0.138569 -0.748456 -0.648546 93 62 57
-51 211 602.167 0.0181143 -0.695189 -0.718599 98 63 57
-50 211 601.833 -0.182042 -0.591843 -0.785228 106 66 58
-49 211 601.5 -0.308107 -0.525397 -0.793113 109 65 56
-48 211 601.333 -0.422024 -0.446915 -0.788773 114 67 59
-47 210.5 600.5 -0.495361 -0.403836 -0.769112 113 66 58
-47 210.167 600.167 -0.508458 -0.401966 -0.761508 120 73 65
-46 210 599.667 -0.51577 -0.403017 -0.756015 122 74 64
-45 210 599 -0.476185 -0.431405 -0.766249 117 65 52
-41 209.833 597.833 0.0334345 -0.660052 -0.750476 161 103 89
-40 209.833 598 0.216897 -0.687014 -0.693518 167 108 92
-38 210 598.833 0.450503 -0.686084 -0.571258 182 116 100
-37.6667 210 598.833 0.451057 -0.696841 -0.557638 180 115 97
-37 210 599.5 0.522513 -0.692188 -0.497851 184 117 100
-36 210.167 599.833 0.587654 -0.682824 -0.434067 191 124 107
-36 210.5 600.667 0.627346 -0.666 -0.403585 195 128 111
-35 210.833 601.167 0.67276 -0.656367 -0.341434 197 134 116
-34 211.167 603.333 0.748163 -0.605049 -0.272339 203 142 124
-32 213 607.333 0.817788 -0.558517 -0.138857 212 150 135
-31 214.167 611.167 0.845513 -0.521135 -0.116299 203 141 130
-30.1667 215 612.833 0.848674 -0.515879 -0.116706 134 74 63
-55.3333 210.333 598.5 0.418106 -0.755052 -0.505058 22 16 16
-55 210.667 599 0.417466 -0.750878 -0.511766 31 19 21
-54 210.833 599.167 0.37966 -0.760395 -0.526932 45 34 32
-54 211 600.167 0.371224 -0.762513 -0.529874 63 48 45
-53 211 600.5 0.347957 -0.762598 -0.545316 76 57 53
-53 211.167 601.167 0.327545 -0.760071 -0.561255 85 61 57
-52 211.333 601.333 0.247159 -0.750969 -0.612338 93 64 58
-51 211.5 601.5 0.0749523 -0.701661 -0.708557 101 64 56
-50 211.667 601.667 -0.0997731 -0.616503 -0.781005 105 64 58
-49 211.667 601.667 -0.295932 -0.540728 -0.787425 105 65 57
-49 211.333 601.333 -0.292637 -0.530683 -0.795449 108 63 57
-48 211.333 601.333 -0.395305 -0.464889 -0.79222 112 67 61
-47 211 600.167 -0.493125 -0.405479 -0.769685 119 72 66
-45 210.333 598.333 -0.484241 -0.426592 -0.763891 118 68 59
-44 210 598 -0.370329 -0.496476 -0.785091 119 67 56
-43 210 597.5 -0.274125 -0.572903 -0.772423 132 78 66
-42 210 597.5 -0.124641 -0.644328 -0.754524 139 85 73
-41 210 597.5 0.00767351 -0.682856 -0.730513 162 104 92
-40 210 597.5 0.164212 -0.692768 -0.702216 165 108 91
-39 210 597.5 0.285829 -0.700242 -0.654189 169 107 92
-39 210.167 597.833 0.309015 -0.687468 -0.657189 176 115 97
-38 210.167 597.833 0.396838 -0.709288 -0.582606 180 114 98
-37.5 210.5 598.667 0.453451 -0.694534 -0.558574 178 113 95
-37 210.667 598.833 0.47812 -0.691422 -0.541606 184 117 100
-36 211 599.5 0.598901 -0.678985 -0.424614 190 123 106
-35 211.167 600.667 0.6474 -0.66851 -0.366016 197 132 114
-34.1667 211.167 601.333 0.685906 -0.653374 -0.320368 202 137 119
-33 212.167 603.5 0.76574 -0.604759 -0.218882 203 140 123
-30 215 611.667 0.843823 -0.524535 -0.113253 154 94 83
-29 216.667 615.667 0.853571 -0.508485 -0.1134 106 47 39
-55.3333 211.167 598.5 0.427397 -0.747038 -0.509181 23 19 18
-55 211.167 598.5 0.422355 -0.745645 -0.515393 29 19 20
-54 211.333 598.833 0.400422 -0.748744 -0.528247 39 28 26
-53 211.833 600 0.375209 -0.743652 -0.553353 74 55 51
-52.3333 212 600.333 0.341924 -0.739212 -0.580219 83 59 55
-52 212 600.5 0.320399 -0.735189 -0.597362 92 63 57
-51 212 600.5 0.144201 -0.704266 -0.695137 96 63 58
-50.8333 212 600.833 0.104632 -0.691832 -0.714437 101 64 56
-50 212 601 -0.0551762 -0.648145 -0.759516 100 59 53
-49 212 600.667 -0.214138 -0.537691 -0.815496 105 58 52
-48 212 600.5 -0.361007 -0.471615 -0.804521 111 64 58
-47 211.333 599.333 -0.479916 -0.416846 -0.771958 117 68 63
-46 211 599 -0.527789 -0.396631 -0.751081 117 68 63
-45 211 598 -0.497782 -0.429563 -0.753452 115 66 59
-38 211 597.667 0.376344 -0.715264 -0.588865 177 111 97
-37.1667 211 597.667 0.447916 -0.71409 -0.538002 178 112 96
-37 211.167 598.5 0.467117 -0.707648 -0.530128 184 117 101
-36 211.167 598.833 0.538981 -0.703655 -0.462999 187 120 103
-35 211.833 600 0.636828 -0.679625 -0.364089 197 130 113
-34 212 600.5 0.681187 -0.663947 -0.308478 202 135 118
-33 212.833 603 0.75003 -0.6196 -0.231411 205 139 123
-32 213.333 605.333 0.801491 -0.577623 -0.154803 210 147 132
-31 214 607 0.822555 -0.553278 -0.131481 209 147 134
-30 215.667 610.667 0.841488 -0.529694 -0.106404 177 119 107
-55 211.333 597.667 0.445816 -0.734363 -0.511819 26 17 18
-54 211.833 598.167 0.416377 -0.729624 -0.542474 32 22 20
-54 212 598.833 0.414556 -0.73849 -0.531766 51 37 34
-53 212 599 0.400995 -0.733447 -0.54887 70 52 48
-52.1667 212.167 600 0.345316 -0.737815 -0.579987 82 58 54
-52 212.167 600 0.335588 -0.734474 -0.589855 89 62 55
-51 212.333 600.333 0.173055 -0.706102 -0.686638 94 61 56
-50.3333 212.333 600.333 0.0862594 -0.670045 -0.737291 101 64 56
-50 212.667 600.667 0.0026265 -0.638861 -0.769318 93 52 46
-49 212.333 600.333 -0.17566 -0.567544 -0.804386 100 53 47
-48 212.167 599.667 -0.354977 -0.488635 -0.797011 108 59 54
-47 212 599.333 -0.461695 -0.435832 -0.772585 111 62 57
-46.5 212 598.5 -0.510326 -0.408588 -0.756719 116 65 61
-46 212 598.5 -0.520202 -0.411046 -0.74862 118 67 63
-44 211 597 -0.426609 -0.489083 -0.760791 112 62 55
-43 211 597 -0.348883 -0.546035 -0.761661 134 82 71
-41 211 596.5 -0.0569418 -0.703782 -0.70813 156 99 88
-40 211 596.5 0.101102 -0.719226 -0.68738 165 106 92
-39 211 596.5 0.23048 -0.721672 -0.652739 168 106 93
-39 211.167 597 0.246085 -0.71674 -0.652477 174 111 96
-38 211.167 597 0.345305 -0.71317 -0.610043 176 110 96
-37.1667 211.5 597.667 0.445692 -0.716139 -0.537125 177 111 95
-37 211.5 597.667 0.451524 -0.716256 -0.532075 181 114 98
-36 212 598.5 0.544706 -0.696855 -0.466571 188 119 103
-35 212.167 599.5 0.620218 -0.689184 -0.374639 192 125 108
-34 212.167 600.167 0.683196 -0.663265 -0.305488 200 133 116
-34 212.333 600.5 0.681931 -0.66449 -0.305652 202 136 120
-33 213 602 0.729881 -0.637295 -0.247244 202 136 120
-33 213.333 603.167 0.754785 -0.618158 -0.2195 204 141 126
-31 214.333 606.167 0.814054 -0.565912 -0.130612 205 146 132
-29 217 613.5 0.84913 -0.517539 -0.105508 87 33 23
-55 211.833 597.167 0.440971 -0.727195 -0.526053 24 18 18
-53.6667 212.333 598 0.4258 -0.725415 -0.540803 42 31 27
-52 212.833 599 0.374816 -0.711586 -0.59427 80 59 54
-51 213 599.5 0.266184 -0.707632 -0.654525 92 61 56
-50.1667 213 599.833 0.115508 -0.686517 -0.71788 98 61 53
-50 213 599.833 0.0485963 -0.667063 -0.743415 91 50 44
-49 213 600.333 -0.131472 -0.593984 -0.793661 88 43 37
-48.8333 213 600.167 -0.166783 -0.576475 -0.799913 105 56 51
-48 213 599.333 -0.301191 -0.52069 -0.798853 111 62 57
-47 213 599.333 -0.423765 -0.461154 -0.77959 113 62 58
-46.5 212.5 598.5 -0.497626 -0.433751 -0.751152 117 64 60
-46 212.5 598.5 -0.513849 -0.421895 -0.74697 121 68 64
-45 212 597.5 -0.520313 -0.416483 -0.745531 118 68 59
-44.3333 212 597.333 -0.480109 -0.468524 -0.741607 121 71 62
-43 211.833 596.833 -0.379041 -0.551986 -0.742724 116 63 55
-42 211 596 -0.22693 -0.653028 -0.722535 142 90 79
-40.5 211.5 595.667 -0.0166699 -0.716683 -0.697199 160 100 89
-40 211.5 595.667 0.0140431 -0.740333 -0.672093 166 107 93
-39 211.5 595.833 0.17379 -0.759421 -0.626959 167 105 92
-39 211.833 596 0.172651 -0.764622 -0.620922 168 105 90
-38 212 596.333 0.310212 -0.765605 -0.563576 168 105 90
-37 212 596.667 0.410228 -0.754121 -0.512849 173 107 91
-36 212.167 597.5 0.477713 -0.72825 -0.491368 178 111 94
-35.6667 212.167 597.833 0.511564 -0.723248 -0.463913 189 122 105
-35 212.333 598.5 0.58241 -0.709214 -0.397258 198 131 114
-33 213.167 600.667 0.707207 -0.654962 -0.26624 206 140 124
-32.8333 213.833 602.167 0.745149 -0.626219 -0.229352 202 139 124
-32 214 603.333 0.767206 -0.609089 -0.20101 203 139 127
-54 212.333 597 0.444923 -0.709081 -0.547035 26 21 18
-53.6667 212.667 598 0.429937 -0.717919 -0.547491 35 25 23
-53 212.667 598 0.416312 -0.714896 -0.56179 57 42 39
-50 213.5 599.5 0.104465 -0.684316 -0.721664 95 58 50
-50 213.667 599.833 0.0984547 -0.683438 -0.723339 92 51 45
-49 213.5 599.667 -0.0953057 -0.609616 -0.786947 90 45 39
-48.8333 213.833 600.167 -0.126649 -0.615451 -0.777934 106 57 52
-48 213.333 599.333 -0.254694 -0.554575 -0.792198 109 60 55
-47 213.333 599.333 -0.419847 -0.469045 -0.776997 110 59 55
-46.5 213 598.5 -0.494419 -0.437935 -0.750841 114 61 57
-45 212.5 597.5 -0.535178 -0.429631 -0.727325 122 72 63
-44.3333 212.333 597.333 -0.50172 -0.446051 -0.741158 123 73 64
-44 212 596.833 -0.474983 -0.481614 -0.736504 117 67 58
-43 212 596.667 -0.382293 -0.554834 -0.738926 113 60 52
-42 212 595.833 -0.311516 -0.621474 -0.718838 137 85 74
-40.5 212 595.5 -0.0519274 -0.725813 -0.685929 155 97 86
-40 212 595.667 -0.0102155 -0.751738 -0.659383 154 96 84
-39 212 595.667 0.156564 -0.769946 -0.618603 152 92 81
-36 212.833 597 0.463195 -0.758538 -0.458334 167 101 85
-35.1667 213 597.167 0.500065 -0.755899 -0.422554 177 111 95
-34 213 598.333 0.617691 -0.7089 -0.340468 201 134 118
-34 213.333 599.333 0.658019 -0.684558 -0.313675 206 139 123
-32.1667 214 601.167 0.742511 -0.633753 -0.216875 204 141 126
-32 214.5 602.5 0.762678 -0.611081 -0.211901 203 139 127
-31 215 604.167 0.790794 -0.591349 -0.157961 202 143 129
-31 215.333 605.333 0.807823 -0.572981 -0.138255 202 142 131
-30 216 607.333 0.83391 -0.541825 -0.104972 209 152 141
-28.3333 218.333 613.333 0.853042 -0.512261 -0.0995355 81 28 20
-54 213 596.833 0.463547 -0.703542 -0.538659 25 21 20
-53.3333 213 597 0.444258 -0.701124 -0.557728 30 22 20
-53 213 597.667 0.411028 -0.709763 -0.572095 49 35 34
-52 213 597.667 0.406168 -0.694534 -0.593843 72 53 49
-52 213.333 598.333 0.394125 -0.696815 -0.599262 81 57 53
-51 213.5 598.5 0.313102 -0.692956 -0.649446 88 57 52
-50 213.833 599.167 0.167816 -0.690892 -0.703211 93 52 46
-49 214 599.5 -0.0754594 -0.62439 -0.777459 88 43 37
-48.5 214 599.5 -0.129405 -0.60644 -0.784529 97 48 43
-48 213.833 599.167 -0.238459 -0.568566 -0.787319 98 49 44
-47 213.5 598.667 -0.420531 -0.491104 -0.76287 103 52 48
-46.3333 213.333 598.333 -0.488721 -0.448658 -0.748237 110 57 53
-46 213 598 -0.506875 -0.432418 -0.745716 117 64 60
-45 213 597.5 -0.547145 -0.422888 -0.722356 125 72 66
-42 212.667 595.667 -0.366253 -0.615106 -0.698215 126 73 65
-42 212.167 595.167 -0.296543 -0.634368 -0.713891 135 80 73
-41 212 595 -0.171005 -0.700399 -0.692964 137 83 73
-40.1667 212.167 594.833 -0.0795503 -0.759155 -0.64603 141 84 75
-40 212.333 595 -0.072489 -0.760503 -0.645276 144 86 75
-39 212.167 595 0.109672 -0.783864 -0.61117 141 83 72
-38.8333 212.333 595.167 0.114285 -0.785054 -0.608793 140 80 69
-38 212.167 595.167 0.241652 -0.795375 -0.555862 146 86 75
-37 212.333 595.333 0.300629 -0.797391 -0.523249 151 89 78
-35 213.167 596.833 0.504202 -0.758803 -0.412309 151 85 69
-34 213.667 597.667 0.593634 -0.73398 -0.329958 165 98 82
-32 214.167 600.167 0.727157 -0.649902 -0.221064 201 135 123
-31 215.167 602.833 0.779255 -0.602553 -0.172311 205 143 132
-30 216.333 606.167 0.830414 -0.54654 -0.108198 202 145 134
-53 213.667 596.667 0.446253 -0.690429 -0.569356 24 18 20
-51.6667 214 597.667 0.409988 -0.682693 -0.604847 79 55 55
-51 214 598.333 0.336416 -0.687841 -0.643194 89 58 56
-50 214 598.333 0.177254 -0.661543 -0.728658 95 60 58
-50 214.333 599.167 0.175749 -0.676968 -0.714721 91 50 46
-49 214.333 599.167 -0.0478435 -0.643122 -0.764268 86 38 34
-48.5 214.5 599.5 -0.125528 -0.614262 -0.779054 88 37 33
-48 214.167 598.667 -0.205491 -0.596824 -0.775613 92 39 31
-47 214.167 598.667 -0.383106 -0.494919 -0.779926 95 38 31
-46.1667 214 598.167 -0.479871 -0.441037 -0.758426 107 50 41
-46 214 598 -0.490356 -0.436037 -0.754602 122 63 55
-45 214 597 -0.555583 -0.407066 -0.725 128 71 64
-44 213 596 -0.520015 -0.478019 -0.707871 131 74 65
-43 213 595.833 -0.429454 -0.545916 -0.719406 108 51 42
-42 213 595 -0.382262 -0.611179 -0.693062 128 74 64
-41 213 595 -0.268101 -0.682179 -0.680261 129 75 63
-39 213 594.667 0.0365636 -0.784396 -0.619181 135 77 66
-38.8333 213 594.833 0.059185 -0.793428 -0.60578 125 67 55
-37 213 595.167 0.301657 -0.804562 -0.51155 130 63 54
-36 213 596 0.426029 -0.781661 -0.455528 142 74 63
-35 213 596 0.467806 -0.776367 -0.422388 161 93 82
-35 213.333 596.333 0.484537 -0.769613 -0.415836 172 102 90
-34 213.833 596.833 0.56196 -0.747988 -0.35315 177 107 95
-33 214 598.833 0.660291 -0.695533 -0.283284 194 126 113
-32 214.833 599.833 0.728257 -0.650118 -0.216767 198 132 118
-31 215.5 601.5 0.767461 -0.614415 -0.183027 205 143 128
-30 216.833 605 0.824554 -0.554827 -0.110803 196 138 124
-29.6667 217 606.667 0.8347 -0.54113 -0.102246 211 154 143
-28 218.833 611 0.85195 -0.515181 -0.0936486 72 19 11
-53 214 596.167 0.460027 -0.676591 -0.574978 23 17 17
-52 214 596.5 0.440006 -0.674763 -0.592528 60 42 42
-51.3333 214.333 597.333 0.393503 -0.684064 -0.614176 78 54 52
-51 214.667 597.667 0.364635 -0.683956 -0.631859 88 57 55
-49 215 598.5 0.0340517 -0.63643 -0.770583 91 43 39
-48 215 598.5 -0.17062 -0.576915 -0.798785 92 39 31
-47 214.833 598.167 -0.365567 -0.49347 -0.789207 102 47 40
-46 214.667 597.667 -0.475268 -0.456062 -0.752415 115 58 49
-46 214.167 597.167 -0.494358 -0.442159 -0.748402 118 61 52
-44 214 596 -0.547395 -0.442301 -0.710442 125 68 61
-43 214 595 -0.486241 -0.525025 -0.698511 105 50 43
-42 213.167 594.167 -0.377016 -0.61188 -0.695315 119 65 55
-41 213.167 594.167 -0.296515 -0.662368 -0.688002 122 68 56
-40 213 594 -0.160692 -0.740719 -0.652314 124 70 58
-40 213.167 593.833 -0.201403 -0.720494 -0.66357 112 55 44
-39 213.167 594 -0.00958747 -0.776127 -0.630504 112 54 43
-38 213 593.833 0.11846 -0.80169 -0.585884 115 55 44
-37 213.167 594.167 0.279461 -0.805735 -0.5222 146 82 70
-37 213.667 594.667 0.287081 -0.803743 -0.521135 158 92 80
-34 214 596 0.526506 -0.76443 -0.372072 188 116 104
-33.8333 214 596.833 0.582021 -0.736718 -0.344236 192 122 110
-33 214.833 597.833 0.662606 -0.695547 -0.277793 196 126 114
-31 215.833 600.833 0.763016 -0.619511 -0.184425 204 142 127
-31 216.333 602.333 0.773422 -0.608398 -0.177962 204 145 129
-29 217.333 605.333 0.836559 -0.539219 -0.0970161 211 155 142
-28 219.667 611.833 0.853096 -0.513365 -0.0931811 75 25 16
-51 215 596.667 0.400852 -0.668715 -0.62621 73 52 49
-50 215 597.667 0.246008 -0.657065 -0.712563 90 56 54
-50 215.333 598.333 0.224541 -0.66157 -0.715476 91 52 47
-49 215.333 598.167 0.0668766 -0.631574 -0.772426 96 51 46
-48 215.667 598.5 -0.114302 -0.594376 -0.796022 95 46 41
-48 215.333 598.167 -0.124881 -0.589216 -0.798267 94 44 35
-47 215.167 597.833 -0.344458 -0.515886 -0.784354 107 54 46
-46 215 597 -0.451485 -0.486714 -0.747844 115 61 51
-45 215 596.167 -0.578631 -0.416296 -0.701344 118 63 56
-44 214.333 595.333 -0.563215 -0.444205 -0.696757 122 67 60
-42 214 594 -0.443539 -0.561148 -0.698847 107 55 44
-36.6667 214 593.667 0.261709 -0.815521 -0.516172 166 100 88
-35 214 594.667 0.436713 -0.786152 -0.437317 175 105 95
-34 214.5 595.333 0.510653 -0.767688 -0.387155 191 119 105
-33.5 214.833 596.333 0.607813 -0.72597 -0.321763 193 124 109
-32 215 597.833 0.691136 -0.675773 -0.256247 193 127 111
-31 216 600 0.75747 -0.624251 -0.191182 204 143 125
-30.3333 216.333 601.333 0.776346 -0.605457 -0.175237 206 144 129
-28 219 608.5 0.851394 -0.517522 -0.0854347 124 72 61
-27 220.667 612.667 0.856281 -0.508872 -0.0885036 81 32 25
-53 215 595.333 0.472664 -0.664958 -0.57829 21 17 18
-52 215 595.667 0.464273 -0.656291 -0.594754 43 27 27
-51 215.5 596.5 0.423241 -0.657661 -0.623177 69 48 47
-49 216 597.833 0.118609 -0.650607 -0.750095 96 53 47
-48 215.833 597.5 -0.100091 -0.603308 -0.791203 97 48 41
-47 215.833 597.167 -0.305356 -0.542927 -0.782296 103 53 44
-46 215.833 597 -0.427405 -0.494618 -0.756754 113 61 50
-46 215.5 596.5 -0.471678 -0.480648 -0.739255 113 60 52
-45 215.167 596.167 -0.57131 -0.424608 -0.702362 117 64 56
-44 215 595.167 -0.585649 -0.420554 -0.692929 121 68 62
-42 214.833 593.833 -0.477606 -0.535993 -0.696136 95 43 32
-42 214.167 593.167 -0.466293 -0.55069 -0.692323 103 51 40
-41 214 593 -0.369134 -0.613304 -0.698283 111 59 48
-40 214 592.667 -0.247213 -0.682712 -0.687598 112 59 45
-39 214 592.667 -0.115637 -0.743262 -0.65893 132 74 62
-38 214 592.667 0.00318718 -0.77019 -0.637807 150 92 80
-37 214 592.5 0.132186 -0.794793 -0.59231 162 98 86
-36 214 593 0.275573 -0.809004 -0.519204 162 96 84
-33 215 595.333 0.600789 -0.723713 -0.339546 195 123 109
-33 215.167 596 0.627471 -0.709926 -0.319819 200 128 114
-32 215.833 596.833 0.686063 -0.677679 -0.264706 196 129 112
-31 216.167 599.167 0.751366 -0.630108 -0.195994 204 141 124
-28 219.333 607.333 0.852028 -0.51639 -0.0859641 160 108 97
-53 215.167 595.167 0.475132 -0.664162 -0.577181 22 13 14
-52 215.667 595.667 0.451648 -0.658608 -0.601872 38 22 23
-51 215.833 595.833 0.421976 -0.660043 -0.621514 63 43 42
-50 216 596.833 0.32486 -0.67668 -0.660734 85 54 52
-49.8333 216.5 597.333 0.306358 -0.672715 -0.673498 84 46 43
-49 216.5 597.333 0.182697 -0.652133 -0.735761 91 50 46
-48 216.667 597.5 -0.0539419 -0.627712 -0.776574 95 50 45
-48 216.5 597.333 -0.0559378 -0.628471 -0.775819 93 46 38
-47 216.333 597.167 -0.321769 -0.554336 -0.767578 99 49 42
-46 216 596.333 -0.433187 -0.508877 -0.743904 113 60 52
-45 216 595.667 -0.54774 -0.426789 -0.719605 119 66 60
-44 215.667 594.667 -0.599844 -0.410798 -0.686609 123 70 64
-43 215 593.833 -0.554717 -0.470367 -0.686326 124 71 63
-40 214.667 592.667 -0.290331 -0.657286 -0.695473 128 75 61
-39 214.333 592.333 -0.173388 -0.708914 -0.68365 140 84 71
-38 214.333 592.333 -0.0110614 -0.767459 -0.641003 148 90 78
-38 214.167 592.167 -0.00941913 -0.763241 -0.646045 154 92 81
-37 214.167 592.167 0.130243 -0.787976 -0.601773 157 95 82
-36 214.667 592.667 0.268463 -0.803937 -0.530673 161 95 83
-34 215 594 0.479058 -0.765278 -0.429944 192 118 105
-32 216 596.167 0.673134 -0.682113 -0.285677 198 131 114
-30 217 599.333 0.777764 -0.601771 -0.181533 203 142 124
-29 218 602.5 0.823722 -0.551962 -0.129692 203 145 131
-53 216 594.333 0.49107 -0.651768 -0.57797 21 19 22
-52 216 594.833 0.464306 -0.65639 -0.594619 34 20 20
-51 216 595.667 0.432588 -0.653312 -0.62133 57 39 39
-50 216.667 596.5 0.342231 -0.66779 -0.66101 82 52 50
-49.6667 216.667 596.5 0.315664 -0.671347 -0.670559 83 48 46
-49 216.833 596.667 0.229885 -0.667158 -0.708557 87 46 42
-48 216.833 596.667 0.00158362 -0.634697 -0.77276 87 42 39
-47.8333 216.833 596.667 -0.0343779 -0.63326 -0.773175 88 41 35
-47 216.833 596.5 -0.289405 -0.57736 -0.763479 97 48 43
-46 216.833 595.833 -0.40323 -0.509278 -0.760291 112 59 51
-45 216.5 595.5 -0.52966 -0.439246 -0.725619 121 68 60
-44 216 594.333 -0.592896 -0.408543 -0.69395 126 73 65
-43 215.667 593.667 -0.59387 -0.42892 -0.680695 125 72 64
-42 215.167 593.167 -0.496851 -0.525177 -0.69089 105 53 42
-42 215 592.833 -0.496851 -0.525177 -0.69089 96 44 33
-41 215 592.167 -0.454546 -0.557182 -0.694936 121 69 56
-40 215 591.833 -0.313772 -0.62992 -0.710456 140 86 74
-39 215 591.667 -0.200806 -0.684646 -0.700669 148 90 79
-38 215 591.5 -0.0761402 -0.736203 -0.672464 150 92 80
-37 215 591.333 0.0837009 -0.762036 -0.642103 160 96 84
-36 215 592 0.212369 -0.781901 -0.586114 164 98 86
-35 215 592.833 0.393483 -0.78278 -0.482106 176 106 96
-34.8333 215 592.833 0.411677 -0.775881 -0.478049 181 109 95
-34 215.5 593.5 0.479769 -0.753154 -0.45009 188 114 101
-33 215.667 593.667 0.561184 -0.719085 -0.409865 189 117 102
-32 216.167 595.167 0.650427 -0.686947 -0.324113 197 130 113
-30 217.5 598.5 0.778556 -0.599485 -0.185654 202 141 123
-29 218.333 601.333 0.820435 -0.55525 -0.136321 203 145 131
-26 222 611.333 0.859175 -0.505695 -0.0780439 85 36 29
-52.1667 216.167 594.167 0.475119 -0.651229 -0.591745 23 17 17
-52 216.5 594.5 0.471294 -0.651725 -0.594253 28 16 16
-51 216.833 594.833 0.450285 -0.646695 -0.615653 49 31 31
-50 217 595.833 0.35751 -0.660355 -0.660393 81 51 49
-49.5 217 596.333 0.309248 -0.674167 -0.670719 86 51 49
-49 217 596.667 0.222625 -0.667265 -0.710771 87 46 42
-48 217 596.667 0.00613916 -0.647032 -0.762438 87 42 37
-47 217.667 596.5 -0.274143 -0.562249 -0.780206 100 51 44
-46 217.667 596.5 -0.335785 -0.51913 -0.785972 108 58 49
-46 217 595.833 -0.40548 -0.510056 -0.75857 112 59 51
-44 216.5 594.5 -0.589868 -0.391193 -0.706416 127 70 63
-44 216.333 594.333 -0.589557 -0.397576 -0.703104 128 71 64
-43 216 593.333 -0.597147 -0.417372 -0.684993 127 70 63
-42 216 593.167 -0.530615 -0.479689 -0.698818 117 63 53
-41.1667 216 592.167 -0.493075 -0.497325 -0.713824 96 42 32
-40 215.667 591.667 -0.349971 -0.609221 -0.711596 141 84 73
-40 215.5 591.5 -0.343702 -0.613248 -0.711194 145 87 76
-39 215.5 591.5 -0.212168 -0.681785 -0.70011 150 90 80
-38 215.5 591.5 -0.0804437 -0.722512 -0.686663 153 93 82
-38 215.333 591.333 -0.0804437 -0.722512 -0.686663 157 93 83
-37 215.333 591.333 0.0837009 -0.762036 -0.642103 159 95 83
-36 215.333 591.333 0.180613 -0.754694 -0.630726 163 95 84
-36 215.5 591.5 0.195246 -0.755895 -0.624901 168 100 89
-34.3333 216 592.333 0.451173 -0.739989 -0.498859 179 107 93
-33 216 593.167 0.558447 -0.715594 -0.419598 190 118 103
-32 216.5 594.5 0.640287 -0.685262 -0.347058 198 131 114
-31.3333 217 595.333 0.695937 -0.653552 -0.29756 199 132 115
-26 222.333 610.333 0.859687 -0.505215 -0.0754706 82 32 23
-52 217 593.667 0.479684 -0.64499 -0.594887 21 17 16
-51 217 594.5 0.451931 -0.650741 -0.610159 44 26 26
-50 217.667 595.5 0.374445 -0.668638 -0.642428 82 52 50
-49 217.667 595.5 0.316558 -0.658483 -0.682782 88 53 49
-49 217.833 596.167 0.29793 -0.655003 -0.694412 89 48 44
-48 217.833 596.167 0.0755044 -0.633769 -0.769829 93 48 43
-47.8333 217.833 596.167 0.0435784 -0.626211 -0.778435 99 52 44
-47 217.833 596 -0.267546 -0.55895 -0.784853 102 53 46
-46 217.833 595.833 -0.356717 -0.51565 -0.779011 108 58 49
-45.8333 217.833 595.667 -0.411334 -0.489382 -0.768966 113 60 52
-45 217 594.833 -0.527495 -0.422446 -0.737081 123 66 59
-44 217 594.5 -0.587994 -0.385558 -0.711062 130 71 65
-43.8333 217 594 -0.612223 -0.379352 -0.69374 130 71 63
-43 217 593.333 -0.620028 -0.383094 -0.684693 130 71 63
-42 216.333 592.333 -0.542915 -0.452512 -0.707443 131 74 65
-41.1667 216.167 592.167 -0.503087 -0.49008 -0.711846 99 42 33
-41 216 591.167 -0.488373 -0.506964 -0.710267 123 66 55
-40 216 591.167 -0.373306 -0.563672 -0.736829 139 81 70
-39.6667 216 590.667 -0.348673 -0.579397 -0.7367 154 96 85
-39 216 590.667 -0.251291 -0.620719 -0.742672 154 91 82
-38 216 590.5 -0.107401 -0.673919 -0.730957 158 91 82
-37 216 590.333 0.0264213 -0.692454 -0.720978 161 94 85
-36 216 590.5 0.154614 -0.71695 -0.679763 171 101 91
-35 216 591.333 0.334933 -0.73025 -0.595445 177 105 93
-34 216 591.333 0.461406 -0.700804 -0.544039 181 109 95
-34 216.333 592.167 0.474997 -0.715988 -0.511603 189 116 101
-33 216.333 592.333 0.532685 -0.699525 -0.476353 198 127 109
-32 217 593.667 0.636105 -0.669343 -0.383862 201 134 115
-31 217 594.667 0.696314 -0.640798 -0.323303 199 132 113
-31 217.333 595.333 0.72139 -0.631133 -0.285074 196 133 115
-30 218 596.833 0.768087 -0.599488 -0.225068 202 139 121
-30 218.833 597.833 0.786821 -0.582617 -0.20364 203 144 126
-29 219 599.333 0.810865 -0.564012 -0.15617 207 148 132
-29 219.833 600.833 0.828984 -0.544413 -0.128059 205 149 132
-28 220 602.667 0.84492 -0.524837 -0.103225 213 157 144
-52 217.167 593.167 0.490205 -0.640672 -0.590964 21 19 22
-52 217.5 593.5 0.48693 -0.641818 -0.592426 21 12 13
-51 217.833 593.833 0.479445 -0.634334 -0.606426 35 23 23
-50 218 594.833 0.38578 -0.655485 -0.64924 79 53 52
-49 218 595.333 0.321251 -0.653049 -0.685802 88 54 52
-48 218.167 596 0.117293 -0.658435 -0.743442 97 53 50
-47.8333 218.167 596 0.0936893 -0.647875 -0.755963 101 54 48
-47 218 595.833 -0.253161 -0.56486 -0.785394 105 56 51
-46 218 595.833 -0.348989 -0.525803 -0.775718 109 59 52
-45.8333 218 594.833 -0.381446 -0.502643 -0.775789 110 57 51
-44 217.833 594 -0.582331 -0.393502 -0.711369 125 71 61
-43.5 217.5 593.5 -0.612663 -0.380008 -0.692992 126 74 63
-43 217.167 593.167 -0.621669 -0.381242 -0.684238 131 79 68
-42 217 592.167 -0.562459 -0.42625 -0.708485 130 76 66
-40 216.833 591 -0.417022 -0.519047 -0.746112 145 85 75
-39.6667 216.667 590.667 -0.36102 -0.558212 -0.747037 151 89 78
-39 216.5 590.5 -0.27192 -0.595893 -0.755626 151 87 77
-37 216.333 590.333 0.00262847 -0.674495 -0.738274 158 90 79
-36 216.333 590.333 0.13726 -0.698614 -0.702209 162 94 83
-35 216.5 590.5 0.320149 -0.690348 -0.648786 177 107 95
-33 217 592.167 0.582179 -0.664436 -0.468607 193 124 109
-32 217.167 593.167 0.636203 -0.655026 -0.407661 190 121 105
-30 218.167 596.167 0.764963 -0.595606 -0.245123 201 134 117
-28.3333 220 600.167 0.834381 -0.535037 -0.132455 211 154 137
-28 220.667 601.667 0.844079 -0.52498 -0.109206 211 158 144
-27 221 603.333 0.851812 -0.515878 -0.0910239 202 150 136
-52 218 592.833 0.513473 -0.633465 -0.57885 18 13 10
-51 218 593.5 0.491271 -0.626672 -0.604926 31 20 18
-50.5 218 593.5 0.461866 -0.634236 -0.620019 60 42 38
-50 218.333 594.333 0.419003 -0.649337 -0.634664 75 51 47
-49 218.5 594.667 0.362322 -0.648276 -0.669672 86 55 50
-49 218.833 595.167 0.341246 -0.655368 -0.673828 91 56 50
-48 218.833 595.167 0.140911 -0.65757 -0.740099 97 56 50
-47.3333 218.833 595.167 -0.0253666 -0.649229 -0.76017 101 57 48
-47 218.833 595.167 -0.109248 -0.638905 -0.761489 105 56 49
-46 218.833 594.833 -0.330211 -0.537356 -0.776021 107 59 49
-45.8333 218.833 594.833 -0.360015 -0.528736 -0.768653 108 58 49
-45 218 593.833 -0.494219 -0.441618 -0.748813 115 63 52
-44 218 593.833 -0.589437 -0.392927 -0.705813 121 69 58
-43.1667 218 593 -0.627151 -0.367848 -0.686563 127 75 64
-43 218 592.833 -0.626508 -0.373114 -0.684305 130 78 67
-42 217.833 592 -0.60129 -0.399144 -0.692196 131 77 65
-41 217 590.833 -0.505422 -0.470562 -0.72327 110 52 40
-40 217 590.833 -0.416986 -0.516968 -0.747574 130 68 57
-39.3333 216.833 590.167 -0.338104 -0.555156 -0.759926 128 66 55
-39 216.833 590.167 -0.295181 -0.573783 -0.763964 137 73 63
-38 216.5 589.5 -0.165542 -0.607536 -0.77685 153 87 75
-37.5 216.5 589.5 -0.0967529 -0.618686 -0.779658 162 96 84
-37 216.5 589.5 -0.0159569 -0.642102 -0.766453 164 96 83
-36 216.667 589.833 0.137679 -0.666085 -0.733059 166 98 85
-36 216.5 589.667 0.137679 -0.666085 -0.733059 170 100 88
-35 217 590.167 0.329768 -0.661894 -0.673164 173 103 91
-34 217 590.167 0.425173 -0.647324 -0.632614 173 101 87
-33 217.333 591.333 0.534796 -0.648573 -0.541615 179 107 92
-32 218 592.667 0.632928 -0.637634 -0.439119 191 122 106
-31 218 593.333 0.701255 -0.605174 -0.376836 201 132 116
-31 218.167 594.167 0.715944 -0.608071 -0.343036 206 139 122
-29 219.333 597.333 0.800541 -0.55935 -0.215086 212 150 135
-27 221.333 602.333 0.853012 -0.512776 -0.0971116 212 160 146
-52 218.5 592.5 0.521053 -0.634523 -0.570862 21 20 18
-51 218.833 592.833 0.511645 -0.635301 -0.578456 26 15 13
-50.5 219 593.5 0.466779 -0.639653 -0.610705 54 36 32
-49 219 594.333 0.34318 -0.654198 -0.673982 84 57 50
-49 219.167 594.667 0.354371 -0.649119 -0.673101 92 59 52
-48 219.167 595 0.167119 -0.668842 -0.724377 96 59 51
-47.1667 219.167 595 -0.0364832 -0.650199 -0.758887 101 58 49
-47 219.333 595.167 -0.0562484 -0.646414 -0.760911 105 58 50
-46 219 594.833 -0.329675 -0.539838 -0.774525 105 58 48
-45.5 219 594.5 -0.39325 -0.508036 -0.766325 107 57 48
-45 219 593.833 -0.448093 -0.488821 -0.74851 112 62 51
-44 219 593.333 -0.563022 -0.422318 -0.71039 119 67 56
-43.1667 218.833 593 -0.614076 -0.389097 -0.686669 129 77 66
-43 218.333 592.333 -0.624969 -0.373876 -0.685296 130 76 66
-42 218.167 592 -0.605839 -0.39629 -0.689865 131 77 65
-41 217.833 590.833 -0.541141 -0.446845 -0.712388 109 51 39
-40 217.5 590.5 -0.454893 -0.489699 -0.743819 119 57 46
-39.3333 217.333 590.167 -0.350924 -0.533639 -0.769468 125 63 50
-39 217 589.667 -0.303195 -0.554711 -0.774835 136 72 60
-38 217 589.5 -0.160126 -0.586501 -0.793962 152 86 72
-37.5 217 589.5 -0.124846 -0.59147 -0.796603 161 93 80
-37 217 589.5 -0.0169953 -0.624325 -0.78098 163 96 80
-36 217 589.5 0.137241 -0.646573 -0.750406 163 94 79
-36 217.167 589.667 0.137241 -0.646573 -0.750406 165 93 79
-35 217.167 589.667 0.307375 -0.654075 -0.691163 165 93 79
-34 217.167 590.167 0.430871 -0.641633 -0.634553 170 97 82
-32 218.167 592 0.616057 -0.625402 -0.478901 198 127 109
-31 218.667 592.667 0.693916 -0.59051 -0.412042 207 136 118
-30 219 594.5 0.759268 -0.573409 -0.307759 210 143 126
-30 219.5 595.5 0.784861 -0.560624 -0.263995 210 145 127
-28 220.333 598.333 0.82683 -0.533217 -0.178977 212 155 138
-26 223 605.833 0.860219 -0.503645 -0.0797764 75 29 16
-52 218.833 592 0.525857 -0.642394 -0.557498 21 15 15
-51 219 592.667 0.510947 -0.63599 -0.578316 26 14 14
-50 219 592.667 0.46395 -0.647756 -0.604287 47 32 29
-50 219.333 593.333 0.451432 -0.646655 -0.614855 67 46 43
-49 219.333 593.333 0.345573 -0.666761 -0.660309 82 57 52
-49 219.833 594.167 0.351616 -0.661032 -0.662875 91 60 55
-48 219.833 594.167 0.194266 -0.676205 -0.710639 95 60 54
-47 220 594.667 -0.00142481 -0.671701 -0.740821 103 58 52
-46 219.833 594.333 -0.295313 -0.574061 -0.763704 105 58 50
-45.5 219.833 594.333 -0.329273 -0.556639 -0.762714 105 56 49
-45 219.5 593.5 -0.435966 -0.50605 -0.744209 110 60 49
-44 219.333 593.333 -0.551611 -0.433229 -0.712767 117 67 56
-42 218.333 591.333 -0.599355 -0.398856 -0.694037 129 75 63
-41 218.167 591 -0.563439 -0.431137 -0.70474 136 78 67
-41 218 590.167 -0.520397 -0.440942 -0.731271 114 56 44
-40 218 590.167 -0.447135 -0.480678 -0.754333 116 56 45
-39 218 589.5 -0.342771 -0.50886 -0.789664 141 79 66
-38 217.667 588.667 -0.197837 -0.536929 -0.820103 151 88 73
-37.1667 217.667 588.833 -0.0556914 -0.56132 -0.825723 154 86 73
-37 217.667 588.833 -0.0489259 -0.557892 -0.82847 158 91 75
-36 217.667 588.833 0.116374 -0.580276 -0.806063 168 96 82
-35 217.833 589.167 0.29932 -0.589142 -0.750546 171 97 84
-34 218 589.5 0.402552 -0.595087 -0.695574 176 103 88
-33 218 590.333 0.495151 -0.6201 -0.608524 188 115 98
-32.8333 218.333 591.167 0.5593 -0.62132 -0.548767 194 121 104
-32 218.333 591.333 0.608077 -0.609402 -0.508795 198 125 108
-30 219.667 593.667 0.754354 -0.550036 -0.358343 207 140 123
-29.8333 220 594.833 0.784404 -0.541613 -0.302267 208 143 125
-29 220.167 596.167 0.805462 -0.541229 -0.241456 209 147 132
-26 223.667 604.667 0.861706 -0.500831 -0.0814276 108 62 49
-26 224.167 607 0.864594 -0.496433 -0.0776634 66 22 13
-25 225.167 609 0.871171 -0.486155 -0.0686662 76 33 26
-52 219.167 591.667 0.536812 -0.644118 -0.544926 22 18 19
-51 219.167 592 0.523568 -0.642503 -0.559523 25 15 16
-50 219.5 592.5 0.456247 -0.650438 -0.607264 41 27 26
-50 219.667 592.667 0.456247 -0.650438 -0.607264 64 44 43
-48 220.333 594.167 0.197388 -0.679034 -0.707072 93 60 53
-47 220.5 594.333 0.0543143 -0.65983 -0.749449 98 59 52
-47 220.667 594.667 0.0346834 -0.661613 -0.749043 102 59 52
-46 220.5 594.333 -0.264827 -0.591098 -0.761886 103 59 50
-44 219.667 592.667 -0.565865 -0.436349 -0.699568 115 65 56
-43 219.333 592.333 -0.613467 -0.390806 -0.686242 122 72 61
-43 219 591.667 -0.624266 -0.392531 -0.675434 132 78 68
-42 219 591.333 -0.60757 -0.388959 -0.69251 131 77 65
-41 218.833 590.167 -0.5564 -0.415865 -0.719357 121 63 51
-40 218.667 589.667 -0.468715 -0.44725 -0.761757 114 54 43
-39 218.5 589.5 -0.360708 -0.480077 -0.799635 144 82 69
-38 218 588.667 -0.21035 -0.512635 -0.832441 159 96 81
-37 218 588.667 -0.0437447 -0.547708 -0.835525 162 94 81
-37 218.167 588.833 -0.0461155 -0.540366 -0.840166 167 100 84
-36 218.167 588.833 0.124924 -0.549709 -0.825963 174 102 88
-35 218.167 588.833 0.281207 -0.563775 -0.776583 175 101 88
-34 218.333 589.167 0.37929 -0.58417 -0.717555 178 105 90
-34 218.5 589.5 0.401253 -0.583711 -0.705888 185 109 95
-33 218.833 590 0.496477 -0.575462 -0.649888 190 114 100
-32.3333 219 590.333 0.541625 -0.568232 -0.619479 192 116 102
-32 219 591.167 0.61096 -0.590893 -0.526853 192 119 102
-31 219 591.333 0.654147 -0.572008 -0.494872 197 124 107
-31 219.167 592.167 0.683653 -0.570907 -0.454625 201 132 116
-29 220 594 0.781145 -0.5308 -0.328731 208 142 126
-28 221 596.667 0.828303 -0.516477 -0.217178 210 151 135
-27 222 599.5 0.849602 -0.507148 -0.144838 201 147 135
-25.5 224.5 605.5 0.866192 -0.492648 -0.0837246 67 20 12
-51.8333 219.833 591 0.536618 -0.653039 -0.534398 21 20 18
-51 220 591.5 0.504621 -0.660279 -0.556227 24 16 14
-50 220 591.667 0.488365 -0.663965 -0.56626 33 19 16
-49 220 592.5 0.36812 -0.672648 -0.641898 77 54 48
-49 220.5 593.5 0.359657 -0.671565 -0.647802 88 59 53
-48 220.5 593.5 0.259289 -0.668547 -0.697004 91 58 51
-47 220.833 594 0.068457 -0.678576 -0.731334 97 59 50
-46 220.667 593.667 -0.254965 -0.614822 -0.746315 102 59 50
-45 220.667 593.667 -0.362034 -0.561115 -0.744367 103 56 48
-45 220 592.833 -0.395888 -0.544086 -0.739759 106 58 48
-44 220 592.667 -0.551257 -0.453925 -0.700048 115 65 56
-43 220 591.667 -0.619773 -0.394717 -0.678292 134 80 70
-42 219.667 590.667 -0.607693 -0.397719 -0.687407 136 82 70
-41 219.667 590.5 -0.580072 -0.397086 -0.711224 138 81 70
-41 219 589.667 -0.546305 -0.403362 -0.734063 130 72 60
-40 219 588.667 -0.422472 -0.412309 -0.807167 115 55 44
-39 219 588.5 -0.313576 -0.441293 -0.840791 159 95 83
-38 219 588.5 -0.231244 -0.463351 -0.855472 165 102 87
-37 218.667 588 -0.0553153 -0.483707 -0.87348 167 99 86
-36 218.833 588.167 0.0806188 -0.476222 -0.875622 172 102 90
-35.8333 218.833 588.167 0.115037 -0.474864 -0.872508 174 105 90
-35 218.833 588.5 0.253786 -0.517435 -0.817223 178 106 92
-34 219 588.667 0.3563 -0.535692 -0.765561 179 106 91
-33 219 589.333 0.472862 -0.55583 -0.683707 185 109 95
-32.3333 219.333 590 0.540227 -0.566387 -0.622383 189 113 99
-32 219.333 590.333 0.569684 -0.567528 -0.594451 195 119 103
-30 220 592.167 0.730116 -0.531366 -0.429628 204 135 119
-29 220.5 593.5 0.778321 -0.521072 -0.350286 206 139 123
-28 221.5 595.5 0.823918 -0.506886 -0.253427 207 145 130
-27 222.5 598.5 0.850794 -0.495153 -0.175992 206 150 137
-24 226 608.667 0.880449 -0.468381 -0.073677 68 29 22
-51 220.167 590.667 0.527377 -0.663933 -0.530157 20 16 13
-50 220.333 591.5 0.486014 -0.666022 -0.565866 25 14 10
-50 220.667 592 0.473122 -0.668792 -0.573475 53 35 31
-49 221 592.333 0.38743 -0.680468 -0.621982 74 51 45
-48 221 593.333 0.243377 -0.682775 -0.688902 89 56 49
-47 221 593.333 0.0801776 -0.67765 -0.731001 95 58 49
-46 221 593.333 -0.211723 -0.620713 -0.75491 100 57 48
-45 221 592.833 -0.368724 -0.54997 -0.749383 109 59 48
-43 220.667 591.333 -0.596621 -0.414632 -0.687112 134 80 68
-42 220 590.5 -0.612557 -0.390225 -0.687385 140 83 72
-41 220 589.667 -0.559171 -0.379104 -0.737298 140 82 70
-40 219.667 588.667 -0.441725 -0.38864 -0.808602 121 61 50
-39 219.667 588.667 -0.350822 -0.399507 -0.846946 131 72 58
-39 219.5 588.5 -0.342467 -0.405775 -0.847386 156 92 80
-38 219.5 588.5 -0.22756 -0.432252 -0.872568 166 100 86
-37 219.333 588 -0.0665731 -0.441476 -0.8948 167 97 85
-36 219.333 588 0.0749323 -0.450408 -0.889673 170 100 88
-35.8333 219.333 588.167 0.0987817 -0.457644 -0.883631 171 102 87
-35 219.333 588.167 0.218024 -0.473206 -0.853546 176 104 90
-34 219.5 588.667 0.355943 -0.507516 -0.784686 179 106 91
-34 219.667 588.833 0.356292 -0.506441 -0.785222 182 106 92
-33 219.833 589.167 0.482158 -0.506283 -0.714983 184 108 94
-32 219.833 589.333 0.527837 -0.502354 -0.684857 189 113 99
-32 220 590 0.545093 -0.520642 -0.657119 195 119 103
-31 220 590.333 0.632435 -0.523501 -0.57094 198 122 106
-31 220.167 591.167 0.669817 -0.53171 -0.518295 197 126 108
-27 223.5 599.5 0.862792 -0.483244 -0.148541 206 152 140
-25 224.667 603.167 0.870316 -0.481075 -0.105433 123 76 66
-24 226.333 607.167 0.885736 -0.457954 -0.0758269 64 25 18
-51 221 590.667 0.515382 -0.670249 -0.533992 18 17 13
-50 221 590.833 0.490714 -0.680514 -0.544151 22 12 10
-50 221.167 591.667 0.490039 -0.664776 -0.563857 46 31 26
-49 221.167 592 0.407711 -0.686225 -0.602385 71 48 42
-48.8333 221.833 593 0.367731 -0.678555 -0.635875 82 55 48
-48 221.833 593 0.289213 -0.683671 -0.670037 88 55 48
-45 221.833 593.167 -0.328904 -0.564043 -0.757415 103 56 46
-45 221.5 592.5 -0.342361 -0.568084 -0.748378 106 56 45
-44 221 591.833 -0.52796 -0.468044 -0.708656 116 62 50
-43 221 590.667 -0.585662 -0.403941 -0.702732 131 77 65
-42 220.833 590.5 -0.604081 -0.377432 -0.701877 138 82 69
-41 220.667 589.5 -0.55409 -0.357088 -0.751979 144 88 75
-41 220.5 589.333 -0.540969 -0.3642 -0.758097 146 88 74
-40 220 588.667 -0.45172 -0.375865 -0.80912 126 67 53
-39 220 588.667 -0.352264 -0.387455 -0.851933 129 67 54
-39 219.833 588 -0.336108 -0.376802 -0.863164 156 90 78
-38 219.833 588 -0.230014 -0.394967 -0.889435 165 99 85
-37 219.667 587.667 -0.0560872 -0.402914 -0.913518 167 98 83
-36 219.667 587.833 0.0613528 -0.424518 -0.903338 171 102 87
-35.6667 219.667 587.833 0.100279 -0.431543 -0.896501 169 102 86
-35 219.833 588 0.230899 -0.444537 -0.86549 172 103 88
-34 219.833 588 0.320168 -0.469013 -0.823115 174 101 86
-34 220 588.667 0.340686 -0.486055 -0.804788 178 102 88
-33 220 588.667 0.445206 -0.476069 -0.758386 182 105 89
-32 220.333 589.167 0.525621 -0.482496 -0.700657 186 109 93
-32 220.5 589.5 0.527477 -0.478795 -0.7018 188 112 96
-30 221 591.833 0.734018 -0.501211 -0.458264 198 127 109
-29 221 592 0.75917 -0.496125 -0.421331 198 131 114
-28 222 594 0.811479 -0.482124 -0.33024 201 138 121
-28 222.5 595.5 0.832965 -0.48397 -0.26822 201 142 128
-26.5 224 598.5 0.861804 -0.474013 -0.180568 202 149 135
-26 224.5 600.5 0.868894 -0.475227 -0.138501 213 161 148
-25 225 602.333 0.870573 -0.477714 -0.117861 167 121 108
-25 225.667 604 0.875414 -0.472395 -0.102434 48 8 0
-24 226.833 606.167 0.889878 -0.447705 -0.0876238 63 26 18
-24 227.333 608.167 0.890926 -0.448395 -0.0720566 72 33 26
-51 221.167 589.833 0.52379 -0.67571 -0.51871 24 19 16
-50 221.5 590.5 0.479635 -0.690053 -0.542012 25 15 13
-49 222 591.5 0.416234 -0.686884 -0.595769 69 51 49
-48.3333 222 592.167 0.36962 -0.696798 -0.614698 80 56 52
-48 222 592.333 0.321393 -0.700081 -0.637647 84 55 51
-47 222 592.333 0.167216 -0.691057 -0.703192 97 58 51
-46 222 592.333 -0.138472 -0.6428 -0.753415 98 55 46
-45 222 592.333 -0.327516 -0.581574 -0.744651 103 56 46
-44 222 591.5 -0.45119 -0.495329 -0.742345 114 62 49
-43 221.5 590.5 -0.571779 -0.401925 -0.71521 131 74 63
-42 221 589.667 -0.586869 -0.348254 -0.730961 137 81 68
-41 220.833 589 -0.53039 -0.334177 -0.77911 146 84 71
-40 220.667 588.667 -0.454705 -0.34569 -0.820818 142 76 64
-39 220.5 588.5 -0.360251 -0.356389 -0.862094 129 63 49
-39 220.167 588 -0.332609 -0.365344 -0.869422 153 85 72
-38 220.167 588 -0.218911 -0.380788 -0.898375 167 97 85
-37 220 587.667 -0.0596718 -0.39409 -0.917132 166 96 84
-36 220 587.667 0.0580732 -0.415696 -0.907648 166 97 82
-35.6667 220.167 587.833 0.0942476 -0.402105 -0.91073 168 99 84
-35 220.167 587.833 0.220671 -0.434409 -0.873266 167 95 81
-34 220.167 588 0.319078 -0.447302 -0.83553 169 97 82
-34 220.5 588.333 0.356557 -0.423456 -0.832798 174 101 86
-33 220.667 588.667 0.442831 -0.434161 -0.784478 180 107 92
-32 220.667 588.667 0.504335 -0.453088 -0.73509 182 109 94
-32 220.833 589 0.519024 -0.460112 -0.720355 184 108 92
-31 221 589.333 0.594832 -0.457515 -0.66095 188 112 96
-30 221.833 590.833 0.711715 -0.464427 -0.527039 193 120 103
-28 222.833 593.833 0.823277 -0.442256 -0.355842 201 134 118
-27 223 595.833 0.845679 -0.465085 -0.261771 202 140 127
-25 225.333 601.167 0.876204 -0.463308 -0.132711 202 145 136
-51.1667 221.167 589.167 0.532844 -0.673628 -0.512155 21 23 20
-51 221.667 589.833 0.530934 -0.673051 -0.51489 24 21 16
-50 221.667 589.833 0.484734 -0.691855 -0.535135 26 18 15
-49 222.167 590.833 0.436962 -0.704549 -0.559174 63 48 45
-48.1667 222.667 591.833 0.332631 -0.708651 -0.622231 77 56 51
-45 222.5 591.5 -0.268254 -0.587267 -0.763647 106 58 46
-44 222.167 591 -0.450217 -0.480916 -0.752346 112 62 51
-43 222.167 591 -0.535384 -0.406435 -0.740388 120 68 57
-43 221.833 590 -0.567175 -0.374026 -0.733769 126 72 62
-42 221.667 589.667 -0.576014 -0.325028 -0.750043 133 76 65
-41 221.167 588.833 -0.520537 -0.315265 -0.793504 141 81 71
-40 221 588.333 -0.441521 -0.320869 -0.837916 146 79 70
-39 221 587.5 -0.320813 -0.306058 -0.89633 150 82 71
-38 221 587.5 -0.212288 -0.318191 -0.923953 161 91 79
-37 221 587.5 -0.0711652 -0.333186 -0.940172 162 90 76
-36 221 587.5 0.0387989 -0.358192 -0.932841 162 90 76
-35.5 221 587.5 0.0921815 -0.369003 -0.924846 160 91 76
-35 221 587.5 0.188646 -0.379814 -0.905623 161 89 75
-34 221 587.5 0.299698 -0.379746 -0.875199 165 92 77
-33 221 588.167 0.42464 -0.414381 -0.804966 176 100 86
-32 221 588.5 0.501886 -0.437416 -0.746175 177 101 87
-31 221.333 589.333 0.589742 -0.429797 -0.683724 185 109 93
-30.6667 221.667 589.667 0.632573 -0.421348 -0.64986 190 114 98
-30 222 590.667 0.690505 -0.449349 -0.566823 194 118 102
-29 222 591 0.74863 -0.441685 -0.494436 195 123 108
-28 223 592.833 0.811175 -0.427368 -0.399188 200 133 117
-26 224 596.667 0.859316 -0.446132 -0.250083 207 143 133
-25 225.833 600 0.875901 -0.45168 -0.169655 208 151 142
-23.8333 227.833 605.667 0.89461 -0.436464 -0.0957702 69 29 21
-51 222 589 0.52901 -0.685815 -0.499806 21 20 15
-50 222 589.667 0.478903 -0.69546 -0.535712 22 17 13
-49.6667 222 589.667 0.461875 -0.702068 -0.542008 32 21 17
-49 222.667 590.667 0.432034 -0.704669 -0.56284 57 42 39
-48 222.667 590.833 0.347948 -0.722401 -0.597552 75 54 49
-47 223 591.333 0.162641 -0.723393 -0.671007 89 58 53
-46.5 223 591.5 0.0515191 -0.708484 -0.703844 96 59 51
-46 223 591.5 -0.0308374 -0.686887 -0.72611 100 60 52
-45 223 591.333 -0.238668 -0.604655 -0.759888 106 59 49
-44 222.5 590.5 -0.413968 -0.475779 -0.776057 114 64 55
-43 222.5 590.5 -0.514983 -0.381637 -0.767558 119 69 58
-43 222 589.833 -0.531134 -0.359646 -0.767171 126 72 62
-42 222 589.333 -0.558883 -0.293705 -0.775492 132 75 66
-41 222 588.5 -0.513801 -0.274886 -0.812678 145 82 73
-40 221.833 588 -0.42355 -0.274923 -0.863147 150 83 75
-39 221.667 587.667 -0.319919 -0.279288 -0.905345 149 81 70
-39 221.5 587.5 -0.315195 -0.284406 -0.905409 152 82 72
-38 221.5 587.5 -0.228462 -0.282172 -0.931764 161 89 77
-37 221.167 587.167 -0.0806636 -0.320157 -0.943924 162 90 78
-36 221.167 587.167 0.0259766 -0.339331 -0.940308 161 89 77
-35 221.167 587.167 0.161223 -0.355185 -0.920788 164 90 77
-34 221.5 587.5 0.290267 -0.369804 -0.882604 175 99 85
-33 221.667 587.833 0.375982 -0.384727 -0.842984 176 99 83
-32 222 588.167 0.474326 -0.399819 -0.784321 174 97 81
-31 222 588.833 0.570328 -0.396144 -0.71958 181 104 88
-30.5 222 589.5 0.637662 -0.412229 -0.650734 184 108 92
-30 222.167 590.167 0.677726 -0.426531 -0.598965 189 113 97
-29 222.833 590.833 0.745654 -0.39416 -0.53725 193 120 105
-27 224 594.667 0.852338 -0.393109 -0.344941 206 140 128
-26 224.667 595.667 0.860254 -0.389727 -0.328749 206 142 133
-25 226.333 600.333 0.877331 -0.451107 -0.163684 172 122 115
-24 227 602.5 0.888767 -0.436374 -0.140251 58 13 7
-23.5 227.833 604.333 0.896547 -0.426572 -0.119333 55 16 9
-50 222.667 588.833 0.476323 -0.702896 -0.528255 18 14 11
-49.3333 222.833 589.167 0.465303 -0.705868 -0.534083 26 16 14
-48 223 590.5 0.36986 -0.714164 -0.594284 70 51 47
-48 223.167 590.833 0.371247 -0.717105 -0.589861 80 55 51
-47 223.333 591.333 0.179072 -0.730515 -0.659 87 58 54
-46.3333 223.333 591.333 0.076547 -0.702123 -0.70793 95 60 54
-46 223.5 591.5 -0.0143068 -0.688123 -0.725453 100 61 54
-45 223.333 591.333 -0.194082 -0.619565 -0.760573 111 63 53
-44 223 590.5 -0.381247 -0.473764 -0.79385 116 66 57
-43 223 589.5 -0.472044 -0.373274 -0.79865 127 72 65
-42 223 589.333 -0.524685 -0.293296 -0.799176 132 75 66
-41 222.667 588.667 -0.511931 -0.250117 -0.821808 138 78 70
-41 222.5 588.5 -0.511712 -0.253372 -0.820947 145 81 72
-40 222 587.667 -0.418736 -0.260932 -0.869813 151 82 75
-39 222 587.5 -0.324065 -0.257598 -0.910288 154 84 76
-38 222 587.5 -0.236803 -0.263915 -0.935026 161 89 77
-37 222 587 -0.0907612 -0.28717 -0.95357 161 89 77
-36 222 587 0.0112738 -0.307335 -0.951535 164 90 79
-35 222 587 0.151253 -0.317965 -0.93596 162 90 76
-34 222 587 0.246792 -0.336705 -0.908693 173 100 85
-33 222 587.5 0.364172 -0.372405 -0.853636 174 96 83
-32 222.167 588.167 0.477854 -0.385438 -0.789362 174 97 81
-31 222.833 588.833 0.58359 -0.364355 -0.725719 179 102 86
-30.1667 223 589.167 0.644149 -0.336095 -0.687104 185 108 92
-29 223 590.667 0.751846 -0.381534 -0.537735 193 120 105
-29 223.333 591.333 0.767889 -0.372651 -0.521035 200 126 115
-28 223.833 591.833 0.802293 -0.352112 -0.48202 201 131 119
-27.8333 224 592.833 0.827397 -0.365163 -0.426697 204 136 127
-27 224.833 593.833 0.844115 -0.341565 -0.413284 207 140 131
-26 225 594.833 0.864146 -0.365279 -0.346155 207 142 136
-26 225.167 596 0.868064 -0.380409 -0.318989 208 145 138
-25 226.167 598 0.881248 -0.404525 -0.244461 206 147 143
-24 227.167 601 0.887684 -0.43127 -0.161317 84 37 31
-23 228.833 605.167 0.903101 -0.410804 -0.125095 64 27 21
-51 222.333 587.667 0.541603 -0.69438 -0.473817 22 24 21
-50 222.833 588.167 0.482361 -0.709742 -0.513415 21 17 16
-49 223 588.333 0.423877 -0.72612 -0.541367 23 15 13
-49 223.333 589.167 0.420819 -0.722868 -0.548063 48 34 34
-48 223.5 589.5 0.385592 -0.72382 -0.572192 67 49 47
-47 224 590.5 0.19615 -0.733983 -0.650226 87 58 54
-46.1667 224 590.833 0.0917425 -0.713399 -0.694727 94 59 55
-46 224 590.833 0.0265159 -0.687794 -0.725421 100 61 54
-45 224 590.667 -0.144035 -0.611423 -0.778085 104 61 54
-44.6667 224 590.667 -0.214551 -0.587647 -0.780153 113 64 57
-44 224 590.333 -0.253449 -0.535907 -0.805337 119 66 58
-43 223.333 589.333 -0.468494 -0.367992 -0.803178 129 72 65
-42 223.167 589.167 -0.523063 -0.293745 -0.800074 132 73 65
-41 223 588.333 -0.500446 -0.243008 -0.830964 144 80 71
-40 223 587.667 -0.420018 -0.222671 -0.879774 150 81 74
-39 223 587.333 -0.33203 -0.21542 -0.918341 151 83 74
-38 222.833 587 -0.23085 -0.221948 -0.947337 159 87 75
-37 222.833 587 -0.121012 -0.242247 -0.962638 158 86 74
-37 222.667 586.833 -0.118724 -0.246195 -0.961921 160 86 75
-36 222.667 586.833 -0.00222006 -0.271255 -0.962505 163 89 78
-35 222.667 586.833 0.120896 -0.281454 -0.951928 161 87 74
-34 222.833 587 0.22014 -0.310669 -0.924675 165 89 76
-34 223 587.167 0.227739 -0.305962 -0.924403 165 89 76
-33 223 587.333 0.340634 -0.329383 -0.880611 170 92 80
-32 223 587.667 0.44741 -0.336015 -0.828805 171 93 81
-31 223 588.667 0.57611 -0.346965 -0.740076 181 103 90
-30 223 588.833 0.642644 -0.332486 -0.690262 187 109 97
-30 223.5 589.5 0.665056 -0.316345 -0.676481 192 114 102
-28 224 591.833 0.801001 -0.336006 -0.495477 202 132 122
-27.6667 224.667 592.667 0.825304 -0.32237 -0.463629 206 137 130
-25 226 596.833 0.874856 -0.377106 -0.304004 203 142 139
-24.8333 226.833 598 0.88757 -0.370619 -0.273607 208 153 150
-23 228 601.667 0.900434 -0.406496 -0.154855 50 7 1
-22 229.833 605.833 0.919593 -0.376198 -0.113243 62 29 24
-49 223.833 588 0.449745 -0.730054 -0.514539 22 16 16
-48 224 589.333 0.386043 -0.729723 -0.564336 63 47 47
-47 224.333 590.167 0.261392 -0.746922 -0.611376 85 57 54
-46 224.5 590.5 0.0874594 -0.712808 -0.695885 91 58 53
-45 224.333 590.333 -0.0928946 -0.636133 -0.765967 104 61 54
-44.5 224.5 590.5 -0.189619 -0.576473 -0.79481 112 65 57
-44 224.167 590.167 -0.266867 -0.535845 -0.801032 120 67 59
-43 224.167 590.167 -0.397306 -0.424945 -0.813369 126 73 65
-43 224 589.167 -0.419264 -0.401666 -0.814176 131 74 67
-42 224 588.333 -0.464311 -0.320358 -0.825703 134 75 67
-41 224 588.333 -0.461163 -0.271598 -0.844727 140 77 70
-40.6667 223.667 587.667 -0.427495 -0.233562 -0.873325 145 81 72
-40 223.667 587.667 -0.41717 -0.215604 -0.882884 150 81 74
-39 223.333 587.333 -0.339533 -0.208676 -0.917154 150 82 73
-38 223.167 587 -0.235542 -0.207292 -0.9495 157 84 75
-37 223.167 586.833 -0.118716 -0.217432 -0.968829 157 83 72
-36 223.167 586.833 -0.0124543 -0.239702 -0.970767 161 87 76
-35 223.167 586.667 0.0805189 -0.248672 -0.965235 159 85 74
-34 223.167 587 0.212053 -0.292105 -0.932581 161 84 74
-33 223.167 587.167 0.334312 -0.309313 -0.890259 169 91 79
-32 223.667 587.667 0.45393 -0.293365 -0.841359 172 94 82
-32 223.833 587.833 0.46024 -0.291913 -0.83843 175 97 85
-30 224 588.667 0.647801 -0.280434 -0.708316 187 109 97
-29 224 589.833 0.722133 -0.296689 -0.6249 197 123 112
-29 224.833 590.833 0.768417 -0.268552 -0.580874 201 127 118
-28 225 591.5 0.80708 -0.274504 -0.522752 204 134 126
-27 225 591.833 0.823695 -0.273138 -0.496913 209 138 132
-26 225.333 593.333 0.844941 -0.30071 -0.442321 210 142 139
-25 226.833 596 0.872402 -0.333236 -0.357586 202 141 138
-24.3333 227 597.167 0.884115 -0.356859 -0.301649 213 154 150
-24 227.833 598.833 0.894158 -0.363555 -0.261359 172 119 115
-49 224 587.167 0.46451 -0.719291 -0.516576 22 18 17
-48 224.5 588.5 0.407429 -0.729497 -0.549396 55 41 40
-47.8333 224.833 589.167 0.361565 -0.741531 -0.565157 72 53 49
-47 225 589.333 0.286379 -0.746192 -0.600987 80 57 51
-46 225 589.833 0.145195 -0.725921 -0.672278 95 62 53
-45 225 590 -0.0365738 -0.669252 -0.742135 100 61 54
-44 225 589.667 -0.207959 -0.572262 -0.793265 111 62 55
-43 225 589.167 -0.325458 -0.474801 -0.817705 131 72 66
-42 224.5 588.5 -0.428037 -0.341532 -0.836744 133 74 68
-41 224.333 588.333 -0.452909 -0.275313 -0.847984 140 77 72
-40.8333 224 587.833 -0.433216 -0.249061 -0.866195 143 78 72
-40 224 587.667 -0.405098 -0.21823 -0.887846 148 79 74
-39 224 587.167 -0.313883 -0.194144 -0.9294 151 80 74
-38 223.667 586.833 -0.226485 -0.196503 -0.953987 154 79 73
-37 223.667 586.833 -0.114145 -0.195385 -0.974061 155 81 72
-36 223.5 586.667 -0.0130529 -0.218781 -0.975687 158 84 75
-35 223.333 586.333 0.0861697 -0.241596 -0.966544 160 86 75
-35 223.5 586.5 0.0904777 -0.236098 -0.967508 161 84 74
-34 223.833 587 0.188042 -0.244488 -0.951244 160 83 75
-33 224 587.167 0.325009 -0.257692 -0.909925 170 90 81
-32 224 587.5 0.43651 -0.265342 -0.859682 174 94 85
-31 224 588 0.541362 -0.266326 -0.797495 183 103 92
-30 224.667 588.667 0.647542 -0.230928 -0.726197 188 110 100
-29 225 589.5 0.721538 -0.234906 -0.651308 198 121 113
-28 225.5 591.333 0.808508 -0.245334 -0.534908 207 134 127
-27 225.5 591.5 0.82489 -0.258399 -0.502779 208 137 131
-26 226 593.333 0.84695 -0.264363 -0.46129 210 142 139
-26 226.333 594.333 0.860368 -0.307901 -0.406158 210 145 141
-25 227 595.5 0.871614 -0.32683 -0.365337 207 142 140
-24 227.667 596.667 0.887 -0.330567 -0.322421 209 148 145
-23 228.667 599.667 0.898344 -0.372765 -0.232431 105 60 55
-22 230 603.333 0.913632 -0.375491 -0.155832 51 20 15
-49 224.167 587 0.459788 -0.720763 -0.518745 23 19 18
-49 224.333 587.333 0.460891 -0.721934 -0.516131 31 23 21
-47.3333 225 588.333 0.353735 -0.738825 -0.573593 67 49 45
-46 225.333 589.167 0.204762 -0.741589 -0.638842 87 60 53
-45 225.667 589.833 -0.00103372 -0.673685 -0.739018 98 59 52
-44 225.5 589.5 -0.172842 -0.598809 -0.782019 119 64 59
-43 225.167 589.167 -0.306565 -0.499113 -0.810496 125 66 62
-42 225 588.5 -0.384182 -0.379454 -0.841676 129 68 63
-41 225 588.5 -0.420231 -0.302138 -0.855639 137 72 68
-40.8333 224.833 587.833 -0.385869 -0.282206 -0.878331 141 74 68
-40 224.833 587.833 -0.381979 -0.219601 -0.897701 145 74 70
-39 224.167 587.167 -0.307418 -0.190628 -0.932285 147 76 70
-38 224.167 586.833 -0.227619 -0.167602 -0.959218 149 74 68
-37 224.167 586.833 -0.135307 -0.155584 -0.978512 152 77 71
-36 224.167 586.667 -0.00682659 -0.173499 -0.98481 154 79 73
-35 224 586.333 0.07868 -0.200403 -0.976549 158 85 76
-34 224 586.5 0.169839 -0.214191 -0.961913 159 80 73
-34 224.167 587.167 0.188039 -0.217346 -0.957811 164 84 77
-33 224.167 587.167 0.313582 -0.240607 -0.918572 170 90 81
-32 224.167 587.167 0.420331 -0.241765 -0.874569 174 94 85
-32 224.5 587.5 0.433769 -0.229321 -0.871353 179 99 88
-30 225 588.5 0.645935 -0.215782 -0.732261 189 109 100
-29 225.5 589.5 0.72228 -0.211215 -0.658559 198 121 113
-28 226 591.167 0.800346 -0.216421 -0.559113 205 132 125
-27 226 591.333 0.81786 -0.239927 -0.52301 207 134 128
-27 226.167 592.167 0.825664 -0.234406 -0.51316 207 138 131
-26 226.833 592.833 0.840591 -0.250316 -0.480362 210 140 138
-24 228 596.333 0.885776 -0.314362 -0.341435 208 144 144
-24 228.667 597.667 0.890258 -0.329579 -0.314355 206 148 147
-23 229 599.167 0.900201 -0.356018 -0.250778 138 90 86
-23 229.667 600.833 0.905906 -0.372892 -0.200713 53 15 12
-49 225 587 0.453421 -0.721655 -0.52309 24 20 17
-48 225 587.333 0.429367 -0.728281 -0.534088 39 32 26
-47.1667 225.167 588 0.348527 -0.749332 -0.563055 63 50 44
-47 225.167 588 0.333965 -0.74721 -0.574582 74 55 48
-46 225.5 588.667 0.247322 -0.74151 -0.623695 93 59 57
-45 225.833 589.167 0.0450762 -0.703136 -0.709625 98 58 56
-44 225.833 589.167 -0.143369 -0.620908 -0.770661 113 65 55
-43 225.667 588.833 -0.246528 -0.530091 -0.811312 118 63 56
-42.6667 225.667 588.833 -0.304413 -0.474149 -0.826145 121 62 56
-42 225.333 588.333 -0.362223 -0.384346 -0.84916 129 64 58
-41 225.333 588.333 -0.385864 -0.31385 -0.86753 137 68 63
-40.5 225 587.5 -0.362383 -0.247472 -0.898575 141 70 66
-40 225 587.5 -0.357617 -0.214014 -0.909015 145 71 68
-39 225 587 -0.282523 -0.167656 -0.944496 149 74 69
-38 225 586.667 -0.232031 -0.137943 -0.962878 149 76 69
-37 225 586.667 -0.141427 -0.130848 -0.981263 149 76 67
-36 225 586.667 -0.0185352 -0.110512 -0.993702 152 79 70
-35 225 586.5 0.0734768 -0.127112 -0.989163 165 88 80
-33.5 225 586.5 0.22365 -0.155489 -0.962187 168 90 78
-33 225 587.167 0.313701 -0.177069 -0.932865 172 92 81
-32 225 587.167 0.410424 -0.185862 -0.892753 177 97 86
-31 225 587.5 0.508229 -0.20243 -0.837094 186 107 100
-30 225.167 588.167 0.633584 -0.22099 -0.741441 187 113 104
-30 225.333 588.333 0.644132 -0.210557 -0.735364 193 118 112
-29 226 589.333 0.713003 -0.200995 -0.671735 197 124 118
-27 227 591.167 0.817432 -0.206501 -0.537739 201 130 128
-26 227 592.833 0.840591 -0.250316 -0.480362 206 136 136
-26 227.833 593.833 0.83798 -0.248024 -0.48608 208 140 139
-25 228 594.833 0.862071 -0.276317 -0.424832 210 142 141
-23 229.333 598.333 0.898263 -0.340496 -0.277823 164 115 110
-22 230.667 601.833 0.915131 -0.357113 -0.187096 42 13 7
-21.6667 231.667 603.833 0.929709 -0.341494 -0.13792 51 23 19
-49 225.333 586.333 0.461261 -0.720306 -0.518072 24 20 17
-48 225.833 587 0.427276 -0.727122 -0.537336 33 28 24
-47 225.833 587 0.378275 -0.728622 -0.570981 58 47 43
-47 226 587.5 0.362678 -0.731746 -0.577071 72 55 48
-46 226 588 0.276657 -0.738807 -0.614512 84 59 55
-46 226.167 588.5 0.260817 -0.747482 -0.610938 93 59 57
-45 226.167 588.667 0.120389 -0.716978 -0.686621 100 60 58
-44 226.167 588.667 -0.0641874 -0.638639 -0.766825 104 59 53
-43 226.167 588.833 -0.204822 -0.53013 -0.822806 116 61 56
-42.6667 226 588.667 -0.261748 -0.498982 -0.826138 121 60 57
-42 226 588.333 -0.290286 -0.421333 -0.859193 129 64 60
-41 226 588.333 -0.327582 -0.331236 -0.884857 138 67 65
-40.5 226 587.5 -0.308475 -0.280732 -0.908863 142 68 65
-40 226 587.5 -0.30875 -0.243051 -0.919565 146 71 68
-39 225.833 586.833 -0.240869 -0.17456 -0.954731 153 78 73
-38 225.5 586.5 -0.210446 -0.129326 -0.969014 152 77 71
-37 225.167 586 -0.130512 -0.119687 -0.984196 150 76 67
-36 225.167 586.167 -0.0239508 -0.110529 -0.993584 156 82 73
-35 225.167 586.167 0.0750905 -0.118701 -0.990087 162 85 77
-34 225 586 0.14002 -0.138268 -0.980447 168 90 80
-33.1667 225.167 586.167 0.247766 -0.145907 -0.95777 170 92 82
-33 225.333 586.333 0.268672 -0.152656 -0.951058 175 97 87
-32 225.667 586.667 0.384807 -0.169736 -0.907256 182 104 94
-31 226 587.333 0.477255 -0.184933 -0.859085 196 117 112
-30 226 588.167 0.629206 -0.177713 -0.756649 196 121 115
-29 226.167 589.167 0.712956 -0.192048 -0.674397 203 129 126
-28 227 591 0.797945 -0.203774 -0.567238 216 142 141
-27 227.5 591.5 0.812966 -0.216745 -0.54047 210 136 135
-26 228 593 0.835629 -0.243235 -0.492504 206 134 135
-25 228.667 594.667 0.852288 -0.255991 -0.456152 206 136 138
-24 229 595.5 0.873951 -0.273673 -0.401638 211 143 142
-24 229.833 596.833 0.883671 -0.292018 -0.365856 210 146 146
-23 230 598 0.894813 -0.314948 -0.316413 182 129 125
-23 230.333 599.333 0.897774 -0.351881 -0.264918 85 40 37
-22 231 601.167 0.917414 -0.343838 -0.200316 41 8 3
-21.1667 231.667 602.833 0.926 -0.336308 -0.171528 50 21 17
-48.8333 225.833 586 0.456758 -0.721109 -0.520936 22 21 17
-48 226 586.167 0.427487 -0.725303 -0.539621 28 23 19
-45 226.667 587.833 0.179491 -0.725635 -0.664257 100 60 58
-44 226.667 587.833 0.0273199 -0.668583 -0.743136 102 59 53
-44 226.833 588 0.0232365 -0.664194 -0.747199 110 61 56
-43 226.833 588 -0.126561 -0.575468 -0.807972 115 62 56
-42.1667 226.833 588 -0.16321 -0.521678 -0.837386 120 61 57
-42 226.667 587.667 -0.18547 -0.482955 -0.855778 128 65 60
-41 226.667 587.667 -0.240064 -0.35945 -0.901757 137 67 65
-40.3333 226.333 587.333 -0.280877 -0.270649 -0.920792 143 69 66
-40 226.333 587.333 -0.287651 -0.224669 -0.931011 147 72 69
-39 226 586.667 -0.237635 -0.171353 -0.956121 152 74 70
-38 226 586.5 -0.198016 -0.120787 -0.972728 153 78 72
-37 226 586.5 -0.125277 -0.100698 -0.986998 154 77 69
-36 226 586.5 -0.017302 -0.0920452 -0.995605 160 83 75
-35 225.833 586.167 0.0658332 -0.102513 -0.992551 170 91 84
-34 226 586.167 0.132681 -0.113265 -0.984666 171 94 86
-33.1667 226 586.167 0.213001 -0.142958 -0.966537 174 97 89
-33 226 586.833 0.263902 -0.142643 -0.953944 182 105 99
-32 226 586.833 0.378215 -0.164518 -0.910981 191 114 108
-32 226.167 587.167 0.397381 -0.176998 -0.900422 198 123 118
-31 226.167 587.167 0.464037 -0.185356 -0.866206 207 132 127
-30 227 588 0.62452 -0.201476 -0.754574 209 135 132
-29 227 589.167 0.704627 -0.213565 -0.676676 207 136 134
-29 227.167 590.167 0.749532 -0.195816 -0.632343 209 138 136
-28 228 591.167 0.801938 -0.203364 -0.561728 217 145 146
-27 228 591.5 0.808025 -0.210429 -0.550287 213 141 142
-25 229 594.667 0.853243 -0.253744 -0.455622 205 135 137
-24 229.167 595.167 0.869843 -0.27019 -0.412761 211 141 141
-23 230.167 597.167 0.887781 -0.302067 -0.347275 201 143 141
-22 231.167 600.167 0.910232 -0.338352 -0.238737 41 3 0
-21 232 602.167 0.928682 -0.320113 -0.18729 52 18 17
-48.3333 226 585.333 0.449289 -0.723811 -0.523677 22 23 18
-48 226.167 586 0.427344 -0.726081 -0.538686 21 18 13
-47 226.167 586.167 0.374976 -0.727555 -0.574506 44 35 30
-47 226.333 586.5 0.383642 -0.727748 -0.568508 69 54 47
-46 226.5 586.667 0.330638 -0.734121 -0.59308 80 56 52
-43 227.167 588 -0.0984782 -0.597099 -0.7961 114 63 59
-42 227 587.667 -0.119662 -0.503374 -0.855743 126 65 62
-40.3333 227 587.333 -0.2203 -0.301317 -0.927726 143 72 70
-39 226.833 586.833 -0.198104 -0.19127 -0.961338 153 78 75
-39 226.667 586.667 -0.212425 -0.176682 -0.961072 155 80 77
-38 226.5 586.5 -0.176534 -0.125642 -0.976243 159 84 78
-37 226.333 586.167 -0.116815 -0.0883619 -0.989215 157 82 76
-37 226.667 586.667 -0.10827 -0.0885845 -0.990167 159 82 74
-36 226.5 586.5 -0.0205101 -0.0792277 -0.996646 162 85 77
-35 226.667 586.667 0.0484833 -0.0905203 -0.994714 166 87 80
-35 226.833 586 0.0357039 -0.09715 -0.994629 171 94 88
-34 227 586.333 0.108838 -0.134583 -0.984907 175 100 94
-33.1667 227 586.167 0.185588 -0.176155 -0.966709 181 108 102
-33 227 586.667 0.239454 -0.181172 -0.953855 190 117 111
-32 227 586.833 0.355937 -0.215323 -0.909365 195 122 116
-31 227 587.333 0.455546 -0.214127 -0.864076 204 130 127
-30 227.333 588.333 0.635865 -0.210066 -0.742663 198 127 123
-29 228 589.167 0.709553 -0.251509 -0.658239 205 135 133
-28 228.167 591.167 0.799316 -0.196631 -0.56783 203 133 133
-27 228.5 591.5 0.805649 -0.236425 -0.543169 210 140 140
-26 229 592.833 0.822419 -0.24786 -0.512048 199 129 129
-26 229.5 593.5 0.833848 -0.257884 -0.488051 201 131 133
-25 230 594.5 0.85139 -0.268506 -0.450599 200 130 132
-24 230 595.167 0.868219 -0.269426 -0.41666 208 138 138
-24 230.167 596.167 0.881491 -0.286048 -0.3757 210 142 143
-23 231 597.167 0.88422 -0.302947 -0.355498 211 150 149
-22 232 600.167 0.919151 -0.310028 -0.24299 44 3 1
-21 232.333 601.333 0.926996 -0.304531 -0.21895 52 18 17
-21 233.5 603.5 0.937049 -0.306154 -0.167953 51 20 18
-48 226.333 584.333 0.446665 -0.720746 -0.53011 23 24 19
-47 227 585.5 0.400299 -0.731912 -0.551422 34 27 21
-46 227.167 586.667 0.340963 -0.729139 -0.593381 75 54 49
-45.5 227.167 586.667 0.307081 -0.726151 -0.615147 86 57 53
-45 227.167 587 0.271271 -0.718548 -0.640392 96 61 57
-44 227.167 587 0.10438 -0.688026 -0.71814 102 61 57
-44 227.333 587.333 0.103274 -0.690889 -0.715546 108 63 58
-43 227.333 587.333 -0.0321164 -0.603798 -0.79649 114 63 60
-42 227.5 587.5 -0.0888174 -0.500838 -0.860972 121 63 62
-42 227.167 587 -0.0910311 -0.524058 -0.846804 126 65 64
-41 227 586.833 -0.160634 -0.402405 -0.901259 137 69 70
-40 227 586.667 -0.230057 -0.267 -0.935834 151 77 76
-39 227 586.333 -0.183919 -0.201804 -0.962002 155 80 77
-38 227 586.333 -0.142584 -0.145225 -0.979071 158 83 78
-37 227 586 -0.100602 -0.088848 -0.990952 158 83 78
-36 227.5 586.5 -0.0440518 -0.0874274 -0.995196 163 88 82
-35 227.667 586.667 0.0139166 -0.119648 -0.992719 171 94 88
-35 227.167 586 0.0238582 -0.100326 -0.994668 177 102 97
-34 227.333 586.333 0.0814117 -0.153535 -0.984784 185 112 106
-33.1667 227.167 586.167 0.178649 -0.176547 -0.967944 192 121 117
-33 227.667 586.667 0.212214 -0.201624 -0.956197 198 127 123
-32 227.667 586.667 0.304523 -0.241496 -0.921382 199 128 124
-31 228 587.333 0.425744 -0.273467 -0.86253 204 133 131
-30 228 588.167 0.59959 -0.287159 -0.747015 203 132 130
-29 228.333 589.333 0.717922 -0.260827 -0.645413 209 139 137
-28 229 591 0.800178 -0.249629 -0.545344 200 130 130
-27 229 591.5 0.804602 -0.246203 -0.54037 201 131 131
-27 229.167 592 0.805212 -0.239146 -0.542625 198 128 128
-26 229.833 593 0.825092 -0.258659 -0.502313 197 127 127
-26 230 593.5 0.830826 -0.255188 -0.494578 200 130 130
-25 230.5 594.5 0.845238 -0.285478 -0.451747 201 131 131
-24 231 595.167 0.867596 -0.292092 -0.402442 205 135 133
-23 231.167 597.167 0.882773 -0.305584 -0.356833 213 147 148
-22 232.167 599.167 0.913102 -0.29705 -0.279297 48 4 3
-21 233 601.167 0.925552 -0.302636 -0.227519 50 14 14
-48 227 584.167 0.43676 -0.724111 -0.533764 15 16 11
-47 227.167 585 0.399127 -0.733679 -0.54992 25 20 16
-47 227.333 585.5 0.387159 -0.733952 -0.558053 53 42 36
-45.3333 228 586.333 0.323632 -0.731023 -0.600722 84 56 52
-44 228 586.833 0.184946 -0.70433 -0.685357 102 61 57
-43 228 587.167 0.0222475 -0.620791 -0.783661 113 62 59
-42 228 586.833 0.0086268 -0.549033 -0.835756 120 62 61
-41 228 586.833 -0.0423392 -0.452611 -0.890702 139 71 72
-40 228 586.667 -0.0765985 -0.348647 -0.934119 152 78 79
-39 228 586.333 -0.0751224 -0.248777 -0.965643 157 81 81
-38 228 586.5 -0.0709291 -0.176422 -0.981756 160 86 83
-37 227.833 586.167 -0.0733529 -0.117999 -0.990301 159 85 82
-37 228 586.667 -0.0733529 -0.117999 -0.990301 162 87 82
-36 228 586.833 -0.0385527 -0.10283 -0.993952 171 96 91
-35 228 586.167 -0.00707341 -0.141948 -0.989849 186 111 106
-34 228 586.5 0.0557013 -0.176313 -0.982757 193 122 120
-33.5 228 586.5 0.108478 -0.192534 -0.975276 197 127 127
-33 228 586.667 0.192245 -0.215442 -0.957406 197 127 127
-32 228 586.667 0.320029 -0.252272 -0.913203 193 123 123
-31 228.333 587.333 0.435467 -0.310094 -0.84511 195 125 125
-30 228.833 587.833 0.555853 -0.375204 -0.741788 196 124 125
-29 229 589 0.702435 -0.324203 -0.633623 212 140 141
-28 229.333 590.333 0.792702 -0.288334 -0.537109 206 134 135
-27 230 591.167 0.806156 -0.303202 -0.508115 201 129 130
-26 230.167 592.833 0.826497 -0.27542 -0.490965 200 128 129
-25 231 594.167 0.841497 -0.300381 -0.449059 205 131 132
-24 231.167 595.167 0.867596 -0.292092 -0.402442 205 135 133
-24 231.5 595.667 0.865264 -0.308237 -0.395359 209 139 139
-23 232 597.167 0.889739 -0.290352 -0.352222 209 144 142
-48 227.833 584 0.419761 -0.727998 -0.542051 17 18 13
-47 227.833 584.5 0.400762 -0.731384 -0.551785 20 15 12
-47 228 585 0.400762 -0.731384 -0.551785 44 33 29
-46 228 585.333 0.363486 -0.730653 -0.577949 66 46 45
-45 228 585.333 0.341307 -0.725172 -0.598026 83 55 52
-44 228.167 586.167 0.228836 -0.709845 -0.666148 100 61 56
-44 228.5 586.5 0.238301 -0.705739 -0.667191 106 61 56
-43 228.5 586.5 0.140193 -0.663831 -0.734625 113 62 59
-42 228.5 586.5 0.0738918 -0.560939 -0.824553 126 65 64
-41 228.667 586.667 0.00896922 -0.484149 -0.874939 139 73 74
-40 228.667 586.667 -0.027981 -0.362624 -0.931516 150 80 80
-40 228.5 586.5 -0.0292948 -0.365258 -0.930445 152 80 81
-39 228.667 586.667 -0.0512519 -0.273101 -0.960619 159 88 86
-38.3333 228.333 586.333 -0.0716203 -0.192664 -0.978648 165 94 92
-38 228.333 586.333 -0.0623765 -0.185527 -0.980657 171 100 96
-37 228.333 586.167 -0.0497643 -0.148318 -0.987687 168 97 93
-37 228.667 586.667 -0.0442619 -0.165619 -0.985196 169 98 92
-36 228.667 586.667 -0.0439676 -0.136485 -0.989666 178 107 101
-35 228.667 586.667 -0.0383642 -0.163252 -0.985838 182 109 103
-35 228.167 586.167 -0.0201694 -0.13568 -0.990547 179 108 104
-34 228.5 586.5 0.0269365 -0.219986 -0.975131 175 105 105
-33.5 228.5 586.5 0.0722243 -0.231864 -0.970063 175 107 108
-33 228.667 586.667 0.156195 -0.278495 -0.947652 176 108 109
-32 228.667 586.5 0.261639 -0.315146 -0.912265 176 108 109
-32 228.833 586.833 0.335205 -0.326172 -0.883883 180 112 113
-31 228.833 586.833 0.379357 -0.369883 -0.848101 187 119 120
-30 229 587.833 0.549034 -0.394031 -0.73709 193 123 125
-29 229.833 588.833 0.687384 -0.424033 -0.58966 186 114 117
-28 230 590.167 0.79352 -0.347321 -0.499694 202 132 132
-27 230.167 591.167 0.806156 -0.303202 -0.508115 215 145 145
-27 230.667 591.833 0.804811 -0.352676 -0.477388 189 117 118
-26 231 592.667 0.822856 -0.329314 -0.463099 190 118 119
-25 231.167 594.167 0.837718 -0.313282 -0.447306 199 125 126
-24 232 594.167 0.853565 -0.335101 -0.398917 203 134 129
-23 232.167 596.167 0.880532 -0.300186 -0.366813 210 142 139
-22 233 599 0.917476 -0.284796 -0.277722 56 15 11
-21 234 600.667 0.930017 -0.277486 -0.240975 44 15 11
-48 228.167 583.667 0.428917 -0.731276 -0.530345 17 19 16
-47 228.333 584 0.40098 -0.724121 -0.561127 16 12 11
-46.8333 228.5 584.5 0.401578 -0.722289 -0.563057 37 27 25
-46 228.667 584.833 0.380931 -0.723771 -0.575368 63 45 45
-44 229 585.833 0.289318 -0.705468 -0.647 98 61 55
-43.8333 229 585.833 0.27837 -0.704577 -0.652749 105 62 56
-43 229 586.5 0.198783 -0.658555 -0.725803 112 64 60
-42 229 586.5 0.122094 -0.616847 -0.777556 124 66 64
-41 229 586.5 0.0542425 -0.510744 -0.85802 139 75 75
-40 229 586.5 0.00434124 -0.410711 -0.911755 153 85 84
-39 229 586.5 -0.0164839 -0.298321 -0.954323 155 87 84
-38.5 229 586.5 -0.0334456 -0.257254 -0.965765 166 98 95
-38 229 586.333 -0.0333219 -0.234105 -0.97164 175 107 104
-37 229 586.167 -0.0277133 -0.198985 -0.979611 170 102 99
-36 229 586.667 -0.0471581 -0.194127 -0.979842 178 111 105
-35 229 586.167 -0.0536684 -0.252671 -0.966063 165 97 94
-34 229 586.167 0.00311936 -0.284307 -0.958728 164 100 100
-33.5 229 586.5 0.0815552 -0.278835 -0.95687 164 100 101
-33 229 586.5 0.134958 -0.328064 -0.934965 170 106 107
-32 229 586.5 0.264422 -0.366705 -0.891969 176 112 113
-31 229 586.833 0.374481 -0.384797 -0.84362 192 126 128
-30 229.167 587.167 0.486124 -0.437876 -0.756272 199 133 135
-30 229.833 587.833 0.564696 -0.489071 -0.664777 199 130 133
-28 230.667 589.667 0.749944 -0.451958 -0.48303 167 99 100
-27 231 590.167 0.791864 -0.437085 -0.426508 191 123 124
-26 231.167 592 0.81819 -0.359631 -0.448587 189 119 121
-26 231.667 592.833 0.82269 -0.362109 -0.438244 191 119 120
-25 232.167 593.667 0.824846 -0.363198 -0.433262 197 125 126
-24 232.167 594.167 0.857224 -0.33822 -0.388297 200 131 126
-24 233 595.167 0.85629 -0.335411 -0.392768 204 134 132
-23 233 596.167 0.883886 -0.304672 -0.354853 211 143 140
-23 233.667 597.667 0.901343 -0.281637 -0.329031 196 136 135
-22 234 599 0.922978 -0.253866 -0.289248 65 26 21
-21 235.167 602.167 0.934993 -0.269744 -0.230275 34 15 11
-46.6667 228.667 583.833 0.399867 -0.728604 -0.556097 25 21 20
-46 228.833 584 0.39194 -0.724813 -0.566594 53 39 39
-45 229.167 585 0.367029 -0.714872 -0.595187 86 54 55
-44 229.167 585.167 0.321152 -0.704454 -0.632934 98 58 58
-43.5 229.5 585.5 0.300755 -0.694159 -0.65398 106 60 60
-43 229.667 585.667 0.276311 -0.681293 -0.677858 113 63 62
-42 229.667 585.667 0.224073 -0.63104 -0.742684 119 65 65
-40 230 586.167 0.118128 -0.457812 -0.881166 149 84 82
-40 229.833 586.167 0.105919 -0.44825 -0.887611 156 88 85
-39 230 586.333 0.0514996 -0.383394 -0.922148 160 95 91
-38.5 230 586.5 0.0403201 -0.342115 -0.938793 162 97 93
-38 230 586.5 0.00972871 -0.336301 -0.941704 159 94 92
-37 229.667 586 -0.0447964 -0.283298 -0.957985 154 86 85
-37 229.833 586.167 -0.0425623 -0.314741 -0.948223 160 92 93
-36 229.833 586.167 -0.0656547 -0.334466 -0.940118 170 98 101
-35 229.833 586.167 -0.0698915 -0.351988 -0.933391 169 94 98
-35 229.667 585.833 -0.0651276 -0.349171 -0.934793 170 95 100
-34 229.667 585.833 -0.0249837 -0.386425 -0.921982 168 99 102
-33.1667 229.667 585.833 0.0644248 -0.425624 -0.902604 170 104 108
-33 229.667 585.833 0.067967 -0.422258 -0.903924 175 110 116
-32 229.667 585.833 0.157793 -0.464854 -0.871213 179 114 120
-31 230 586.333 0.308432 -0.535083 -0.786483 196 129 136
-30 230 587 0.453338 -0.549008 -0.702192 201 135 139
-29 230 587.833 0.61087 -0.528508 -0.589506 196 126 128
-29 230.667 588.667 0.660404 -0.537473 -0.524394 186 116 118
-27 231.667 590.833 0.779704 -0.47085 -0.412749 186 114 115
-26 231.833 591.667 0.811728 -0.419074 -0.406786 184 112 113
-25.8333 232 592.333 0.817788 -0.405891 -0.408014 186 114 117
-25 232.5 593.333 0.828742 -0.398537 -0.39288 195 120 124
-24 232.833 594 0.854997 -0.364533 -0.368911 204 130 131
-23 234 596.167 0.894012 -0.305573 -0.327669 213 144 139
-22 234.667 598.667 0.925329 -0.251723 -0.283552 84 39 34
-21 235 600.5 0.933193 -0.257827 -0.250353 43 9 8
-46.3333 229 583.167 0.400079 -0.727448 -0.557455 22 18 17
-46 229 583.667 0.391478 -0.723923 -0.56805 44 32 32
-45 229 583.833 0.379701 -0.71853 -0.582703 70 49 48
-45 229.333 584.333 0.376342 -0.71528 -0.588848 83 53 53
-44 229.667 584.833 0.33189 -0.711023 -0.619916 98 58 58
-43.1667 229.833 585 0.327134 -0.701285 -0.63339 107 61 61
-41 230 585.667 0.178864 -0.544756 -0.819298 138 76 77
-39 230.333 586.167 0.096507 -0.420024 -0.902367 158 93 91
-38.3333 230.333 586.333 0.049481 -0.379444 -0.923891 155 90 88
-38 230.5 586.5 0.0220444 -0.368755 -0.929265 149 85 85
-37 230.333 586 -0.0397054 -0.364233 -0.930461 146 80 81
-36 230.333 586.167 -0.0830814 -0.362677 -0.928204 163 92 96
-35 230.333 586.167 -0.0996186 -0.395487 -0.913053 166 94 98
-35 230.167 585.833 -0.0915786 -0.386174 -0.917869 171 99 103
-34 230.167 585.833 -0.0547198 -0.428085 -0.90208 168 102 106
-33.1667 230.167 585.833 0.0371659 -0.494431 -0.868422 172 107 111
-33 230 585.667 0.0485937 -0.501131 -0.864006 178 113 117
-32 230 585.667 0.12962 -0.548643 -0.825948 187 122 126
-31 230.167 586.167 0.295154 -0.59217 -0.749813 196 130 134
-30 230.333 586.333 0.415411 -0.617828 -0.667624 199 133 135
-29 231 587.333 0.54583 -0.665239 -0.509438 191 120 124
-28.8333 231 587.833 0.584806 -0.621779 -0.520954 179 108 112
-28 231 588.667 0.698333 -0.539709 -0.470154 178 108 110
-27 231.167 589.167 0.743445 -0.53896 -0.395994 176 106 108
-27 231.833 590 0.766482 -0.505679 -0.395973 182 110 113
-26 232 590.667 0.798407 -0.468739 -0.377929 177 105 108
-25.6667 232.667 591.667 0.800007 -0.462857 -0.381774 183 108 112
-25 232.833 592.5 0.826827 -0.432113 -0.360048 193 118 122
-24 233.167 593.5 0.850976 -0.393398 -0.347962 205 129 131
-24 233.667 594.667 0.861413 -0.360757 -0.357522 209 135 136
-23 234.167 595.833 0.889212 -0.312725 -0.333924 211 142 137
-22 235 598.667 0.924928 -0.255561 -0.281418 98 53 50
-21 236 600.167 0.93623 -0.237593 -0.258886 38 4 5
-46 229.667 582.667 0.409981 -0.731044 -0.545426 18 17 15
-46 229.833 582.833 0.409981 -0.731044 -0.545426 36 26 25
-44 230 584.167 0.34855 -0.717509 -0.60307 95 56 57
-43 230 584.333 0.342887 -0.697562 -0.629155 106 62 63
-42 230 584.667 0.298456 -0.657674 -0.691656 118 68 69
-41 230.167 585.167 0.209901 -0.57267 -0.792459 135 77 76
-40 230.167 585.167 0.180852 -0.490118 -0.852688 140 80 79
-40 230.667 585.833 0.173166 -0.489277 -0.854764 146 85 84
-39 230.833 586 0.113992 -0.465408 -0.877725 147 83 81
-38 230.833 585.833 0.0407088 -0.434371 -0.899813 140 76 76
-37 230.667 585.667 -0.0342627 -0.43145 -0.901486 150 84 86
-36 230.667 586 -0.0919666 -0.40965 -0.907595 157 88 91
-35 230.5 585.5 -0.095934 -0.438368 -0.893661 163 92 98
-34 230.5 585.5 -0.0729842 -0.463276 -0.883204 171 105 109
-33 230.5 585.5 -0.0213454 -0.552237 -0.833414 175 110 114
-33 230.333 585.167 -0.0136529 -0.567797 -0.823055 182 116 120
-32 230.167 585 0.0954155 -0.615381 -0.782433 186 120 124
-32 230.333 585.333 0.139763 -0.609054 -0.780718 190 124 126
-31 230.333 585.333 0.237666 -0.669239 -0.704013 193 127 129
-30 230.833 586 0.37284 -0.688354 -0.622221 192 123 126
-28.3333 231.333 587.167 0.601281 -0.667619 -0.439029 182 111 115
-26 232.667 590.5 0.789859 -0.500921 -0.353838 177 105 108
-25.3333 232.833 591.167 0.802972 -0.475139 -0.359832 174 99 103
-24 233.833 593 0.849276 -0.414928 -0.326444 202 126 128
-23 234.667 595.667 0.889424 -0.314846 -0.331355 209 140 135
-21 236.167 600.167 0.936646 -0.227708 -0.266164 33 0 0
-45 230 582.833 0.395837 -0.731094 -0.555711 53 38 35
-45 230.333 583.333 0.396175 -0.728597 -0.558741 75 49 48
-44 230.5 583.5 0.37515 -0.727756 -0.574137 91 55 55
-43 230.833 583.833 0.375434 -0.709065 -0.596889 105 61 62
-41.6667 231 584.667 0.325913 -0.657079 -0.679726 125 74 71
-41 231 585 0.27052 -0.630116 -0.727855 130 74 73
-40 231 585.167 0.221104 -0.571589 -0.790189 132 74 72
-39 231 585.667 0.140047 -0.494394 -0.857882 132 71 70
-38 231 585.667 0.0626491 -0.495659 -0.866255 138 74 75
-37 231 585.667 -0.0383942 -0.464012 -0.884996 152 86 90
-36 231 585.667 -0.100283 -0.465556 -0.879319 155 89 93
-35 231 585.5 -0.120617 -0.48807 -0.86443 162 92 100
-34 231 585.5 -0.100397 -0.525052 -0.845128 170 105 111
-33 231 585 -0.0676771 -0.596743 -0.799573 181 115 119
-32 231 585 0.0807321 -0.66948 -0.73843 183 117 121
-31.8333 231 585 0.134904 -0.683635 -0.717247 187 118 121
-31 231 585.167 0.193727 -0.720513 -0.665831 187 118 121
-30 231 585.333 0.336184 -0.718257 -0.609169 187 116 120
-29 231.167 586 0.464192 -0.711688 -0.527282 184 115 118
-28 231.333 586.333 0.567589 -0.694936 -0.441483 184 115 118
-28 231.833 587 0.603893 -0.689783 -0.399391 188 117 121
-25 233 590.5 0.794614 -0.50916 -0.330674 177 102 106
-25 233.333 591.167 0.809794 -0.478656 -0.339297 182 107 111
-23 235 594.667 0.890742 -0.333072 -0.309259 206 137 132
-22.1667 235.167 596.167 0.907163 -0.282731 -0.311637 211 150 147
-21 237.167 601.167 0.947802 -0.202155 -0.246587 32 13 15
-46 230 581.667 0.425473 -0.736854 -0.525374 17 19 16
-45 230.5 582.5 0.411123 -0.736875 -0.53665 44 30 29
-44.5 230.5 582.5 0.398815 -0.738067 -0.544246 69 45 45
-43 231 583.333 0.394484 -0.728932 -0.5595 102 60 61
-42 231 583.667 0.377274 -0.696958 -0.609848 120 72 72
-41.5 231.5 584.5 0.34276 -0.662652 -0.665889 124 73 70
-40 231.833 584.833 0.255846 -0.601251 -0.756994 122 67 64
-39 232 585.333 0.163388 -0.572387 -0.803541 125 65 64
-38 232 585.5 0.0668233 -0.541915 -0.837772 132 71 70
-38 231.833 585.333 0.0693201 -0.538399 -0.839834 138 74 75
-37 231.833 585.333 -0.0252192 -0.515342 -0.856613 144 80 81
-37 232 585.333 -0.0389087 -0.539209 -0.841272 152 86 90
-36 232 585.333 -0.109618 -0.549301 -0.828403 155 89 93
-35 232 585.167 -0.169039 -0.578942 -0.797654 167 97 105
-34 231.667 584.667 -0.159016 -0.604366 -0.780676 167 102 108
-33 231.667 584.667 -0.110958 -0.648509 -0.753077 171 106 112
-33 231.5 584.5 -0.120055 -0.638547 -0.760161 175 109 113
-32 231.5 584.5 0.0126066 -0.687291 -0.726273 176 110 114
-31.1667 231.167 584.167 0.145603 -0.737661 -0.659284 177 108 111
-31 231.333 584.333 0.145391 -0.743868 -0.65232 177 108 111
-30 231.667 584.667 0.315289 -0.767946 -0.557542 180 109 113
-28 232 585.333 0.500098 -0.746046 -0.439679 186 117 122
-27 232 586.667 0.622155 -0.688469 -0.372738 189 118 122
-27 232.667 587.667 0.696496 -0.638497 -0.327438 189 117 121
-26 232.833 588.5 0.742773 -0.590515 -0.315563 190 118 122
-24 234 591.5 0.842791 -0.437799 -0.313106 195 119 119
-23 235.167 594.167 0.890641 -0.348158 -0.292482 206 136 128
-22 236.167 597.167 0.930439 -0.237818 -0.278792 155 108 102
-21 237 599 0.939388 -0.20922 -0.27162 41 7 5
-46 231 581.833 0.436151 -0.740663 -0.511067 20 16 15
-45 231 581.833 0.413318 -0.74548 -0.522904 33 23 22
-44.1667 231 582.167 0.407632 -0.746762 -0.525532 57 37 38
-44 231 582.5 0.395587 -0.743802 -0.538766 82 50 51
-43 231.167 583.167 0.400151 -0.724038 -0.561826 100 60 61
-43 231.333 583.333 0.397551 -0.723476 -0.564389 113 69 68
-42 231.667 583.667 0.384555 -0.707455 -0.59298 119 71 71
-41 231.667 583.667 0.361996 -0.687826 -0.62917 121 70 69
-39 232.333 585.167 0.179213 -0.591337 -0.786259 119 59 59
-38 232.333 585.167 0.0735731 -0.582771 -0.809299 129 69 69
-37 232.333 585.167 -0.02832 -0.58753 -0.808706 134 72 73
-36.8333 232.333 585.167 -0.0513257 -0.580757 -0.812458 141 79 82
-34 232 584.667 -0.17062 -0.621291 -0.764779 159 94 100
-31.1667 231.833 584 0.0860256 -0.743429 -0.663259 170 101 106
-29 232 584.667 0.405551 -0.768211 -0.495359 182 111 115
-28 232.667 585.667 0.526172 -0.737774 -0.422887 190 118 122
-27 232.833 585.833 0.615925 -0.695641 -0.369756 192 120 124
-26 233 587.667 0.734871 -0.611048 -0.294253 192 120 123
-25 233.667 588.667 0.797916 -0.526775 -0.292983 176 101 105
-24 234.667 590.667 0.84847 -0.436095 -0.299864 195 119 119
-23 235.333 593.333 0.889845 -0.355154 -0.28643 205 135 127
-22 236 595 0.917408 -0.282819 -0.279956 206 146 138
-21 237.833 598.833 0.9435 -0.185934 -0.274293 51 20 17
-20 239 602 0.953178 -0.169672 -0.250325 22 11 15
-45 231.167 581.167 0.418784 -0.747971 -0.514936 23 19 16
-44 231.667 581.667 0.420714 -0.746711 -0.515192 43 29 28
-43 232 582.333 0.419723 -0.742311 -0.522308 93 57 59
-42 232 583 0.403544 -0.727772 -0.554527 114 68 70
-41 232 583.333 0.380621 -0.705257 -0.598114 117 67 68
-40 232 583.833 0.300165 -0.663198 -0.685616 111 57 57
-40 232.333 584.167 0.291071 -0.654225 -0.698045 111 55 56
-39 232.667 584.667 0.200861 -0.649827 -0.733062 112 56 55
-38 232.5 584.5 0.103295 -0.642788 -0.759048 121 63 62
-37 232.5 584.5 -0.0129193 -0.635415 -0.772063 125 65 65
-36.3333 232.333 584.333 -0.0797406 -0.627801 -0.774278 131 71 73
-36 232.333 584.333 -0.110449 -0.628915 -0.769589 138 76 81
-35 232.333 584.333 -0.184855 -0.624825 -0.758566 142 77 83
-35 232.167 584 -0.186848 -0.631173 -0.752801 147 82 90
-34 232.167 584 -0.187664 -0.651249 -0.735293 150 85 91
-33 232 583.667 -0.148184 -0.686056 -0.712298 156 91 97
-32 232 583.333 -0.0567854 -0.720069 -0.691575 163 96 103
-31 232 583 0.0425286 -0.758917 -0.649797 168 98 106
-30 232 583.333 0.24669 -0.790565 -0.560491 175 106 111
-29 232.333 584.333 0.402064 -0.772102 -0.492141 186 115 119
-28 232.333 584.333 0.470732 -0.759619 -0.448765 189 117 121
-28 233 584.667 0.516093 -0.737724 -0.435213 195 123 126
-27 233 585.5 0.611574 -0.69894 -0.370757 200 125 129
-26.8333 233.167 586 0.644025 -0.68017 -0.350144 200 125 129
-26 233.667 586.833 0.739592 -0.599487 -0.305972 197 122 126
-25 234 587.833 0.806248 -0.525262 -0.272148 186 111 115
-25 234.667 588.833 0.830044 -0.484145 -0.276824 183 109 110
-24 235 590.167 0.866234 -0.415603 -0.277331 194 118 118
-23 236 592.833 0.902906 -0.328759 -0.27691 205 137 128
-22 236.333 594.333 0.926098 -0.27052 -0.262987 207 148 140
-21 238 597.833 0.944981 -0.165029 -0.282448 63 33 31
-20 239.667 601.667 0.954213 -0.152726 -0.257201 25 16 21
-45 232 581 0.42748 -0.758185 -0.492357 19 18 16
-40 233 583.5 0.327608 -0.709015 -0.624476 110 56 56
-39 233 584 0.22316 -0.693223 -0.685304 109 55 55
-38 233 584.167 0.10748 -0.683137 -0.722338 109 55 55
-37 233 584.5 -0.00517276 -0.645058 -0.764116 123 64 66
-36.3333 233 584.333 -0.0787612 -0.649134 -0.756586 128 69 73
-36 233 584.333 -0.118432 -0.647895 -0.752467 135 73 78
-35 233 584 -0.190207 -0.651168 -0.734712 137 74 82
-32 232.833 583 -0.092134 -0.714258 -0.693792 159 92 99
-31 232.667 582.833 0.012163 -0.757407 -0.652829 166 99 106
-31 232.833 583 0.0103761 -0.751444 -0.659715 171 104 111
-30 232.833 583 0.19918 -0.786477 -0.58462 177 108 113
-29 233 583.333 0.359049 -0.780013 -0.512507 187 116 120
-26.6667 233.833 585.5 0.686906 -0.628464 -0.364956 206 131 135
-25 234.167 587 0.801146 -0.526283 -0.284939 190 118 121
-23.8333 235.833 590.333 0.897136 -0.354257 -0.263911 197 126 122
-23 236.333 592.167 0.9115 -0.309863 -0.270467 207 138 131
-22 237 593.833 0.933428 -0.250135 -0.257185 210 151 143
-21 238.833 597.833 0.948419 -0.151547 -0.278451 71 41 41
-21 239.667 599.667 0.948535 -0.1511 -0.278298 29 13 16
-20 240 601.5 0.954896 -0.151635 -0.255303 32 22 30
-44 232 580.333 0.437939 -0.76172 -0.477485 28 22 26
-43 232.167 581.167 0.435155 -0.75487 -0.490725 83 51 54
-43 232.667 581.667 0.433646 -0.74865 -0.501472 99 60 61
-40 233.167 583.167 0.341413 -0.720575 -0.603497 108 57 56
-39 233.667 583.667 0.232231 -0.71376 -0.660769 107 53 51
-38 233.667 583.667 0.132815 -0.706869 -0.694763 114 60 58
-38 233.833 583.833 0.131374 -0.706958 -0.694947 118 62 61
-37 233.833 583.833 0.0164669 -0.695703 -0.718141 123 65 64
-36 233.667 583.667 -0.0974072 -0.687452 -0.719667 129 70 72
-36 233.5 583.5 -0.0974072 -0.687452 -0.719667 135 73 76
-35 233.5 583.5 -0.18445 -0.665564 -0.723189 138 76 81
-34.8333 233.333 583.167 -0.206846 -0.665047 -0.717584 148 81 88
-34 233 582.667 -0.224717 -0.665928 -0.711366 152 83 86
-33 233 582.333 -0.20671 -0.686016 -0.697605 162 93 98
-32 233 582.333 -0.132704 -0.717204 -0.684111 167 98 103
-31 233 582.167 -0.0175828 -0.748815 -0.662546 172 105 112
-30 233 582.333 0.134646 -0.759774 -0.636093 175 109 113
-29.3333 233 582.333 0.277801 -0.764502 -0.58169 182 113 118
-29 233.167 582.667 0.318798 -0.762743 -0.562664 188 119 122
-28 233.167 583.167 0.496305 -0.72884 -0.471671 194 123 127
-28 233.333 583.333 0.496305 -0.72884 -0.471671 197 125 128
-27 233.667 583.667 0.580733 -0.675034 -0.455059 200 125 129
-26 234 584.667 0.693513 -0.605905 -0.389769 204 128 130
-25 235 586.667 0.837646 -0.460134 -0.294325 195 114 113
-24 235.5 588.667 0.876473 -0.38505 -0.289017 192 114 114
-23.8333 236.167 590 0.900312 -0.339838 -0.271935 203 128 125
-23 237 591.5 0.9187 -0.28727 -0.271045 207 134 128
-22 237.333 593.333 0.944855 -0.216054 -0.246108 212 149 142
-22 238.333 595.333 0.95576 -0.14692 -0.25483 165 120 115
-21 239 597.333 0.9507 -0.139967 -0.276728 83 55 52
-42 233 581.667 0.430278 -0.743259 -0.512276 100 61 62
-41 233 581.667 0.420086 -0.739555 -0.525914 106 65 63
-41 233.333 582.333 0.407649 -0.739957 -0.535057 108 60 60
-40 233.333 582.333 0.371285 -0.732415 -0.570715 103 55 53
-39 234 583.167 0.266341 -0.735167 -0.623371 106 55 52
-38 234 583.667 0.129696 -0.71091 -0.691221 116 60 59
-37 234 583.833 0.00597863 -0.697491 -0.716569 126 66 66
-36 234 583.5 -0.0964421 -0.689823 -0.717526 139 73 77
-35 234 583.167 -0.187771 -0.679837 -0.708917 144 77 84
-34.6667 234 582.667 -0.193803 -0.680048 -0.70709 153 82 90
-32 233.833 582 -0.137202 -0.715068 -0.685459 168 97 103
-29.3333 234 582.333 0.288561 -0.734793 -0.61385 187 119 120
-28 234 582.667 0.502837 -0.669787 -0.546389 196 124 125
-27 234 583.333 0.595245 -0.65294 -0.468351 198 122 124
-26 234.167 583.833 0.710149 -0.572889 -0.409252 195 119 121
-26 234.667 584.833 0.757884 -0.52861 -0.38234 193 113 116
-24 236 588.167 0.894648 -0.339044 -0.290953 196 118 116
-23.1667 236.167 589.167 0.905113 -0.321208 -0.278559 203 128 125
-23 237.167 591.167 0.922254 -0.257922 -0.287966 206 136 128
-22 238 593.167 0.951017 -0.185465 -0.247323 209 149 141
-20 241 600.667 0.952625 -0.130854 -0.274559 23 21 24
-44 233 579 0.46342 -0.774243 -0.431033 22 20 23
-43 233 580 0.453211 -0.767683 -0.45306 57 39 39
-42.3333 233.333 580.333 0.444089 -0.768186 -0.461168 79 55 53
-40 234 582 0.369297 -0.747322 -0.552386 101 56 53
-39.1667 234.167 582.167 0.309282 -0.7647 -0.565313 101 51 50
-36 234.667 582.667 -0.0874566 -0.716762 -0.691812 142 73 76
-35 234.5 582.5 -0.174623 -0.688225 -0.704168 146 77 82
-34.3333 234.333 582.333 -0.212372 -0.683765 -0.698115 154 81 88
-34 234 582 -0.224377 -0.679054 -0.698957 160 87 94
-33 234 581.667 -0.22074 -0.676252 -0.702821 165 90 97
-31 233.833 581 -0.0466642 -0.703695 -0.708968 181 109 112
-30 233.833 581.167 0.114292 -0.711127 -0.693712 188 117 115
-29 234 581.333 0.282448 -0.678136 -0.678494 191 117 114
-28 234.167 581.667 0.474255 -0.645705 -0.598453 194 120 117
-27 234.333 582.333 0.607659 -0.588573 -0.533229 192 116 116
-25 235.167 585.167 0.826161 -0.4379 -0.354543 193 113 116
-23.1667 237 589.167 0.923026 -0.258285 -0.285151 204 130 127
-22 238.5 592.5 0.956055 -0.124245 -0.26556 210 150 142
-21 240 596.667 0.962513 -0.0955591 -0.253846 98 72 71
-43 233.667 579.667 0.456119 -0.774437 -0.438409 46 30 31
-42 233.667 579.667 0.445124 -0.784473 -0.431818 68 48 47
-42 234 580.333 0.44253 -0.774065 -0.452759 82 56 57
-41 234 580.333 0.430205 -0.784073 -0.447384 87 57 55
-41 234.167 581.167 0.414584 -0.772156 -0.481555 94 59 57
-40 234.167 581.167 0.377351 -0.777033 -0.503811 99 58 56
-33 234.5 581.5 -0.2224 -0.664078 -0.71382 174 99 103
-32 234 581 -0.156731 -0.68052 -0.715771 177 102 106
-31 234 580.833 -0.0461439 -0.69648 -0.716091 183 109 110
-30 234 580.833 0.128355 -0.694054 -0.708389 186 112 111
-29 234.167 581 0.262943 -0.666479 -0.697615 188 113 110
-28 234.333 581.333 0.462225 -0.617794 -0.636144 195 120 117
-28 234.5 581.5 0.465779 -0.609236 -0.641779 195 120 117
-26 235 582.667 0.719521 -0.475566 -0.50609 183 105 105
-26 235.667 583.667 0.811298 -0.378775 -0.445337 190 112 112
-25 236 584.667 0.86826 -0.298914 -0.395949 199 119 120
-23 237.333 588.333 0.931843 -0.172255 -0.319371 209 135 134
-22 239 592.5 0.954892 -0.08056 -0.285817 210 151 145
-21 240.5 596.5 0.961708 -0.0648767 -0.266286 97 73 71
-21 241.5 598.5 0.957994 -0.0802389 -0.275335 50 44 44
-43 234 578.667 0.451846 -0.795933 -0.402897 34 19 22
-42 234.167 579 0.442036 -0.797326 -0.410945 54 36 36
-41 234.833 579.833 0.429176 -0.799104 -0.421001 83 55 54
-39 235 581 0.302788 -0.797254 -0.522212 98 52 52
-38 235 582 0.217696 -0.787251 -0.576926 114 60 58
-37 235 582 0.0979729 -0.777247 -0.621521 128 68 67
-36 235 582 -0.0565178 -0.73661 -0.673952 138 74 74
-35 235 581.833 -0.180918 -0.69065 -0.700194 152 84 85
-34 235 581.167 -0.213821 -0.675653 -0.70553 164 92 93
-33 235 581 -0.212322 -0.663139 -0.717751 170 96 97
-32.8333 235 580.833 -0.216132 -0.659046 -0.720378 175 99 101
-32 235 580.5 -0.15799 -0.645986 -0.746821 177 101 103
-30 234.833 580 0.113375 -0.603939 -0.788926 180 104 106
-29 234.833 580 0.262069 -0.58181 -0.769946 181 105 107
-29 235 580.333 0.269401 -0.584139 -0.76564 191 112 115
-28 235 580.5 0.436516 -0.547562 -0.713884 196 117 120
-27 235 582 0.647717 -0.516153 -0.5604 184 106 106
-26 235.333 582.333 0.754214 -0.409729 -0.513111 183 108 105
-25 236.333 584.333 0.872698 -0.264429 -0.410458 201 126 121
-24 237 587 0.916737 -0.19321 -0.349663 209 135 132
-23 238 588.5 0.937265 -0.101346 -0.333562 212 141 139
-22 239.333 592.333 0.953191 -0.0510864 -0.298023 209 152 145
-22 240.333 594.333 0.960228 -0.0387957 -0.276509 146 107 102
-21 241 596.667 0.962037 -0.0644884 -0.26519 94 73 70
-44 234 578 0.464209 -0.78999 -0.400531 26 22 23
-43 234.333 578.333 0.450064 -0.797724 -0.401346 25 15 16
-42 234.333 578.333 0.444143 -0.804924 -0.393489 41 25 26
-42 234.833 579 0.441964 -0.805297 -0.395175 64 42 44
-40.8333 235 579.833 0.42673 -0.803192 -0.415672 93 59 58
-36 236 581.833 -0.0121091 -0.75365 -0.657165 146 80 81
-33 235.833 580.833 -0.186616 -0.669414 -0.719068 167 91 91
-32.8333 235.833 580.833 -0.186616 -0.669414 -0.719068 172 94 94
-32 235.333 580.333 -0.149819 -0.640639 -0.753085 173 95 95
-31 235 579.833 -0.0147314 -0.619 -0.785253 175 95 98
-30 235 579.833 0.11034 -0.596862 -0.79472 178 98 101
-28 235.5 580.5 0.48382 -0.456878 -0.746445 185 105 108
-27.5 235.5 580.5 0.555853 -0.428275 -0.712466 185 107 105
-27 236 581.333 0.691774 -0.336436 -0.638952 188 110 108
-26 236 582.167 0.800911 -0.304027 -0.515857 193 118 112
-26 236.167 583.167 0.827437 -0.299935 -0.47475 200 125 119
-25 237 584.167 0.876876 -0.175928 -0.447368 205 132 125
-25 237.5 585.5 0.909614 -0.118664 -0.398148 210 137 131
-24 238 587 0.929196 -0.0501819 -0.366164 211 140 138
-23 238.5 588.5 0.938717 -0.0373195 -0.342661 214 144 144
-23 239.5 590.5 0.943913 0.017214 -0.329746 214 147 141
-22 240 592 0.950569 0.00668394 -0.310441 202 147 142
-21 242 596.667 0.960466 -0.0339618 -0.276319 96 76 75
-42 235 578 0.440685 -0.813561 -0.379361 28 19 20
-41 235 578.667 0.427509 -0.811744 -0.39788 70 48 50
-40 235 578.833 0.398613 -0.825398 -0.399781 88 58 58
-40 235.333 579.333 0.390178 -0.823339 -0.412157 97 62 60
-38 236 580.833 0.239834 -0.824383 -0.512711 110 61 56
-37.8333 236 580.833 0.230929 -0.820369 -0.523131 121 68 64
-37 236 581 0.13994 -0.806244 -0.574794 129 71 69
-36 236.167 581.167 0.0498286 -0.781824 -0.621504 138 74 72
-36 236.333 581.333 0.0399592 -0.780713 -0.623611 147 79 78
-35 236 581 -0.11609 -0.736635 -0.666252 153 81 82
-34 236 580.667 -0.172591 -0.704355 -0.688547 158 82 82
-33 236 580.5 -0.181961 -0.659739 -0.729133 162 84 84
-32.1667 236 580.167 -0.131991 -0.629146 -0.765998 166 86 87
-32 235.833 579.833 -0.11148 -0.629718 -0.768783 167 87 88
-31 235.833 579.833 0.0227251 -0.571846 -0.820046 168 87 86
-31 235.333 579.333 -0.00443583 -0.594537 -0.804056 170 89 88
-30 235.333 579.333 0.132313 -0.539426 -0.831573 175 93 95
-29 235.167 579.167 0.245841 -0.536041 -0.807603 179 97 99
-29 235.667 579.667 0.289642 -0.487842 -0.823479 178 97 96
-28 236 580.167 0.492845 -0.395398 -0.775089 181 100 99
-27.3333 236 580.333 0.567221 -0.358536 -0.741426 188 109 104
-27 236.333 581.333 0.71001 -0.286126 -0.643442 198 119 114
-26 237 582 0.817469 -0.148467 -0.556509 202 127 121
-25 237.167 584.167 0.888717 -0.130216 -0.439574 209 139 131
-24 239 587.167 0.928414 0.042233 -0.369141 215 147 144
-23 239 588.667 0.939001 0.00171321 -0.34391 216 148 147
-23 240 591 0.937146 0.0456199 -0.345942 217 154 149
-22 241 593 0.948887 0.0232751 -0.314757 191 138 134
-41 235.667 577.833 0.415966 -0.839156 -0.350413 60 42 42
-40 235.833 578 0.387905 -0.850056 -0.356278 80 54 53
-39 236 579.333 0.349894 -0.843591 -0.407344 94 55 50
-38 236.333 580.333 0.269004 -0.837937 -0.474866 107 58 53
-37.3333 236.333 580.333 0.203188 -0.83455 -0.512095 118 65 61
-37 236.667 580.667 0.157655 -0.834467 -0.528024 125 65 64
-36 236.667 580.667 0.0744053 -0.816938 -0.571906 131 67 65
-34 236.5 580.5 -0.140869 -0.714575 -0.685228 152 73 76
-33 236.167 580.167 -0.169841 -0.659312 -0.732435 153 72 78
-32.1667 236.167 580.167 -0.120606 -0.625409 -0.77092 159 79 80
-32 236 579.833 -0.114143 -0.615968 -0.779458 165 83 85
-31 236 579.333 0.0345538 -0.540086 -0.8409 171 87 85
-30 236 579.333 0.139329 -0.486413 -0.862549 176 92 90
-29 236 579.167 0.307932 -0.399546 -0.863447 179 95 93
-28 236.167 580.167 0.496632 -0.365407 -0.787296 191 108 104
-27.1667 236.167 580.167 0.580029 -0.337601 -0.741345 199 120 113
-27 237 581.167 0.722679 -0.165414 -0.671099 205 126 119
-26 237.167 582.167 0.824885 -0.140036 -0.547681 205 131 122
-25 238 584 0.894034 -0.0539773 -0.444735 215 145 137
-25 238.833 585.833 0.913156 0.0484971 -0.404715 216 145 139
-24 239.5 587.5 0.921286 0.0915181 -0.377964 221 153 152
-23.3333 240 589.333 0.934737 0.0821666 -0.345711 217 151 152
-23 241 591.167 0.935665 0.0777631 -0.344214 222 159 154
-22 242 593.167 0.945587 0.0517011 -0.321235 178 127 123
-22 243 595 0.953859 0.0261705 -0.299111 122 88 86
-21 243 597 0.960998 -0.0305642 -0.274862 101 85 85
-42 235.167 576.333 0.440141 -0.842709 -0.310027 22 23 18
-42 235.333 576.5 0.440141 -0.842709 -0.310027 28 23 20
-41 235.833 577 0.415769 -0.853754 -0.313433 45 34 30
-36 237 580 0.106478 -0.823096 -0.557831 126 61 59
-35 237 580 0.0362608 -0.797242 -0.60257 139 70 65
-34 237 579.833 -0.0734942 -0.723365 -0.686543 144 69 66
-33 237 579.667 -0.071241 -0.660828 -0.747149 153 75 73
-32 237 579.167 0.0465312 -0.569924 -0.820379 161 80 77
-31 237 579 0.123461 -0.469291 -0.87437 171 86 83
-30 236.5 578.5 0.204589 -0.422825 -0.882815 177 92 87
-29 237 579.167 0.36408 -0.320892 -0.874342 194 109 104
-28 237 580.167 0.538049 -0.241014 -0.807722 196 113 107
-27.1667 237 580.167 0.679515 -0.155296 -0.717038 206 125 121
-27 237.167 581.167 0.729164 -0.141406 -0.66957 214 136 132
-26 238 582.167 0.832823 -0.0164478 -0.553295 215 140 135
-25 239 584.667 0.898495 0.0880172 -0.43007 218 149 144
-24 240 588 0.919194 0.107689 -0.378796 217 154 149
-23.5 241 589.5 0.925167 0.126656 -0.357805 215 155 154
-23 242 591.667 0.934227 0.0908053 -0.344926 214 155 159
-22 242.5 593.5 0.943942 0.0681162 -0.323008 151 104 112
-22 243.5 595.5 0.955363 0.0230542 -0.294533 106 83 89
-42 235.667 575.833 0.434606 -0.852004 -0.291902 22 24 21
-42 236 576.167 0.430688 -0.854319 -0.290941 24 20 19
-41 236 576.167 0.413711 -0.86386 -0.287384 36 26 24
-40 236 576.5 0.407754 -0.86514 -0.292011 61 43 41
-39 236.333 577.333 0.380454 -0.871636 -0.309041 92 57 55
-36 237.333 579.333 0.137046 -0.828766 -0.542554 124 59 57
-34 237.667 579.667 0.0129651 -0.726859 -0.686664 149 71 67
-33 237.5 579.5 -0.024524 -0.638439 -0.769282 156 77 73
-32 237.167 579.167 0.0465312 -0.569924 -0.820379 162 81 78
-30 237 578.5 0.243174 -0.381759 -0.891698 180 95 90
-29 237.167 579.167 0.393702 -0.297484 -0.869771 192 104 100
-28 238 580 0.596635 -0.0986931 -0.796421 203 120 114
-27.5 238 580.5 0.678712 -0.0591323 -0.73202 212 133 128
-27 238 581.167 0.74441 -0.0206867 -0.667403 218 143 138
-26 238.167 582.167 0.833128 0.000327356 -0.55308 218 145 139
-25 240 585.167 0.887552 0.163505 -0.430718 219 152 146
-24 241 588.833 0.920241 0.127677 -0.369939 216 153 148
-23 243 592 0.934355 0.109453 -0.339118 193 141 143
-22 243.167 594.167 0.949817 0.0640675 -0.306174 132 91 97
-22 244.167 596.167 0.954208 0.024877 -0.298108 101 84 90
-41 236.5 575.5 0.419635 -0.86383 -0.278754 26 21 18
-40 236.5 575.5 0.406742 -0.873018 -0.269075 47 31 31
-38.1667 237 577.167 0.361118 -0.881281 -0.304855 97 53 54
-37 237 577.833 0.266707 -0.871934 -0.410607 113 59 57
-36 237.667 578.667 0.196089 -0.838794 -0.507912 124 60 58
-35.6667 237.667 578.667 0.157719 -0.837129 -0.523775 127 59 58
-34 237.833 578.833 0.0956377 -0.772237 -0.628096 153 74 70
-33 237.833 578.833 0.0420662 -0.662113 -0.748222 160 79 76
-32 237.667 578.667 0.100611 -0.590913 -0.800437 165 81 79
-31 237.333 578.333 0.169537 -0.512301 -0.841905 174 89 84
-30.5 237.5 578.5 0.215349 -0.459947 -0.861437 178 93 88
-30 237.333 578.333 0.269841 -0.406429 -0.872927 186 99 92
-29 238 579 0.462349 -0.234138 -0.855227 196 109 102
-28 238.167 580.167 0.603329 -0.0657542 -0.794777 209 129 122
-27.5 238.5 580.5 0.704368 0.0118368 -0.709736 217 140 134
-27 239 581.5 0.782959 0.0750782 -0.617526 218 145 139
-26 239 583 0.853539 0.0945187 -0.512383 216 145 139
-25 240.667 585.667 0.889183 0.182382 -0.419631 215 150 146
-25 241 587 0.89777 0.16852 -0.406953 219 156 151
-24 242 589 0.916371 0.14739 -0.372209 219 158 155
-23 244 593 0.937381 0.107858 -0.331185 159 114 117
-22 244 595 0.949909 0.0593391 -0.306843 112 83 88
-40 236.833 575.167 0.406519 -0.874966 -0.263016 34 22 24
-38 237 576 0.367419 -0.886252 -0.282064 95 55 55
-38 237.333 576.333 0.363954 -0.885358 -0.289272 102 57 54
-35.1667 238 578 0.155251 -0.830651 -0.534711 134 64 64
-35 238 578.167 0.155251 -0.830651 -0.534711 140 66 65
-34 238 578.167 0.169495 -0.783452 -0.597891 153 73 72
-33 238 578.667 0.0918268 -0.689128 -0.718798 165 82 78
-32 238 578.667 0.149276 -0.577922 -0.802323 172 87 84
-31 238 578.5 0.254887 -0.482374 -0.838062 181 93 89
-30.5 238 578.5 0.289499 -0.42064 -0.859798 185 97 93
-30 238 578.5 0.320311 -0.368144 -0.872852 190 103 96
-28 239 580.167 0.682989 -0.00473293 -0.730413 212 132 125
-27.6667 239 580.667 0.70787 0.0159958 -0.706162 216 139 133
-27 240 582 0.817816 0.156794 -0.553708 214 141 135
-26 240 583.167 0.84785 0.173924 -0.5009 211 144 136
-25 241.167 586.167 0.892187 0.187019 -0.411128 208 147 142
-24 243 590 0.913386 0.162126 -0.373417 221 163 159
-23 245 594 0.939243 0.11304 -0.324105 124 92 93
-22 245 595.333 0.949714 0.0685402 -0.305525 101 85 88
-40 237 574.333 0.412903 -0.87277 -0.260352 28 19 20
-39 237 575 0.399551 -0.878623 -0.261497 75 49 50
-38 237.167 575.167 0.388376 -0.88178 -0.267636 101 57 56
-37 237.833 575.833 0.380373 -0.881402 -0.280085 111 62 58
-36.8333 237.833 576 0.373443 -0.881753 -0.288187 121 63 61
-36 238.167 577 0.313333 -0.866848 -0.38781 130 69 64
-35 238.167 577 0.244612 -0.849753 -0.466996 140 70 68
-34 238.167 577.167 0.267465 -0.790988 -0.550273 157 77 76
-34 238.667 577.667 0.237199 -0.789115 -0.566599 161 80 77
-33 238.667 577.667 0.269504 -0.695665 -0.665896 167 84 80
-30.1667 239 578.167 0.471814 -0.356415 -0.806449 189 102 95
-30 239 578.5 0.456078 -0.295915 -0.839302 194 107 100
-29 239 579 0.568369 -0.164432 -0.806176 198 113 106
-28 239.667 580.667 0.715377 0.0617035 -0.696009 211 132 125
-27 240.667 582.667 0.831767 0.190345 -0.521472 211 141 133
-26 241 584 0.862009 0.204163 -0.46396 211 147 138
-26 241.167 585.167 0.870807 0.205513 -0.446609 208 148 140
-25 242 587 0.892937 0.198394 -0.404108 209 150 142
-24 244 590.833 0.913889 0.160786 -0.372766 195 147 145
-23 245.333 594.333 0.940558 0.102639 -0.323752 102 86 87
-39.5 237.5 573.5 0.411619 -0.874664 -0.255993 35 25 24
-36.8333 238 575.833 0.374594 -0.881302 -0.288074 119 64 59
-36 238 575.833 0.377651 -0.868218 -0.321836 133 70 65
-35 238.333 576.333 0.342392 -0.831863 -0.436775 142 73 68
-35 238.667 576.667 0.338044 -0.832708 -0.438547 148 74 71
-34 238.833 576.833 0.324698 -0.785113 -0.527418 157 79 77
-32 239 577.667 0.316944 -0.622062 -0.71595 174 91 87
-31 239 578 0.399736 -0.471157 -0.786271 186 101 96
-30.3333 239.333 578.333 0.502885 -0.382685 -0.775022 191 106 101
-30 239.833 578.833 0.569309 -0.271701 -0.775929 195 112 106
-29 240 579.5 0.698897 -0.0528276 -0.713268 200 117 111
-28 240 581 0.752234 0.0838895 -0.653534 209 132 124
-28 240.833 581.833 0.803478 0.158127 -0.57395 210 137 130
-27 241 582.833 0.835883 0.200237 -0.511081 209 140 133
-26 242 584.667 0.861379 0.231573 -0.452106 212 149 140
-26 243 586.167 0.867925 0.246523 -0.431198 212 153 145
-25 243 587.833 0.893181 0.209883 -0.397715 208 151 144
-25 243.833 589.333 0.89905 0.195164 -0.391944 199 152 146
-24 244.833 590.833 0.912412 0.169013 -0.372745 140 109 107
-24 245 592.833 0.930157 0.133642 -0.341976 108 92 93
-39 237.5 572.5 0.421292 -0.872913 -0.246042 27 23 22
-34 239 576.167 0.391406 -0.786381 -0.477918 154 80 77
-33.8333 239 576.833 0.360694 -0.766539 -0.531335 161 83 83
-33 239 576.833 0.362837 -0.729223 -0.580158 168 88 89
-32 239.167 577.167 0.398753 -0.632322 -0.664202 180 99 98
-30.1667 240 578.167 0.589543 -0.347363 -0.729231 193 110 106
-30 240.167 579 0.601507 -0.257938 -0.75608 195 114 110
-29 240.5 579.5 0.724159 -0.0561291 -0.687345 197 118 113
-28 241 581 0.784583 0.123569 -0.607586 205 132 125
-28 241.333 582.333 0.819352 0.188598 -0.541381 206 137 130
-27 242 583.5 0.845089 0.223119 -0.485843 202 138 129
-26 242.833 585 0.866211 0.237244 -0.439765 205 145 137
-26 243.833 586.833 0.869512 0.254598 -0.423237 208 151 144
-25 244 588.333 0.892653 0.214099 -0.396651 192 139 131
-25 244.833 590.167 0.903664 0.19001 -0.383782 159 120 115
-24 245.833 591.667 0.915426 0.170298 -0.364684 99 88 84
-39 237.667 571.833 0.425978 -0.870629 -0.246066 23 25 22
-39 238 572.167 0.428592 -0.86973 -0.244701 30 25 22
-38 238 572.833 0.422034 -0.867265 -0.264082 81 53 50
-36 238.833 574 0.434495 -0.843891 -0.314742 133 72 69
-35 239.167 574.833 0.433923 -0.828366 -0.354289 147 80 74
-32 240 576.667 0.537392 -0.635221 -0.554711 172 94 94
-31 240 577.5 0.539134 -0.509913 -0.670316 187 106 103
-30.1667 240.167 578.167 0.625493 -0.319774 -0.71169 192 111 108
-30 240.667 578.667 0.682928 -0.289005 -0.670884 194 115 111
-29 241 579.667 0.746867 -0.0115203 -0.664873 195 117 113
-28 242 581.667 0.831221 0.169849 -0.529361 202 131 125
-27 242.833 584 0.852354 0.239732 -0.464781 197 134 127
-26 243.667 585.667 0.866815 0.250994 -0.430852 197 138 132
-26 244.167 587.167 0.874151 0.246676 -0.418344 199 144 139
-25 245 589 0.894501 0.207741 -0.395868 172 122 115
-25 245.5 590.333 0.902947 0.187163 -0.386855 119 86 81
-39 238.167 571.5 0.430052 -0.868199 -0.247559 29 25 26
-38 238.167 571.667 0.429419 -0.863398 -0.264844 42 30 30
-37.8333 238.167 572 0.424501 -0.866262 -0.263418 68 42 43
-37 238 571.833 0.43357 -0.857835 -0.275927 92 53 54
-36 238.667 572.667 0.427896 -0.852158 -0.301218 109 57 59
-35 239 573.667 0.436127 -0.825678 -0.357841 138 70 71
-34 239.667 574.667 0.475182 -0.790943 -0.385502 151 80 78
-32 240.167 575.833 0.546942 -0.660127 -0.514866 178 94 92
-32 240.5 576.5 0.527198 -0.64609 -0.551933 183 98 95
-30 241 577.833 0.699854 -0.291027 -0.652309 192 111 108
-29 241.833 579.833 0.783184 -0.0304454 -0.621044 194 118 118
-28 242.667 581.667 0.829675 0.179634 -0.528556 200 126 125
-27 244 584.167 0.851246 0.24884 -0.462016 201 138 133
-26.1667 244.167 586.167 0.866884 0.254283 -0.428781 184 133 129
-26 245 587.5 0.873257 0.256677 -0.414174 148 110 107
-25 246 589.167 0.888704 0.226384 -0.398692 114 90 90
-37.1667 238.833 571 0.433293 -0.858468 -0.27439 43 32 30
-36 239 571.833 0.440358 -0.845972 -0.300695 95 57 54
-35 239.667 572.833 0.450303 -0.827092 -0.336372 129 68 67
-34.8333 239.833 573 0.457209 -0.823244 -0.336496 141 71 69
-34 240 573.833 0.487757 -0.792996 -0.365035 153 79 78
-33 240 574.667 0.518358 -0.732131 -0.441916 162 86 86
-33 240.167 575.167 0.49571 -0.736463 -0.460319 168 90 88
-32 240.333 575.333 0.5599 -0.660785 -0.499874 175 97 93
-32 240.667 575.833 0.538787 -0.667648 -0.513765 179 100 95
-31 241 576.333 0.622787 -0.540183 -0.565984 182 105 97
-30 241.667 577.667 0.724955 -0.322619 -0.60857 189 112 106
-29 242 579.667 0.791208 -0.0181127 -0.611279 196 122 121
-29 242.667 580.667 0.808391 0.0414635 -0.587184 198 127 125
-28 243 581.833 0.832379 0.184118 -0.52273 199 129 131
-27 244.167 584.167 0.851246 0.24884 -0.462016 174 119 122
-26.1667 245 586.167 0.865164 0.262854 -0.427082 139 100 101
-26 245.667 587.667 0.871159 0.265699 -0.412899 102 80 83
-37 239 570.833 0.424137 -0.858608 -0.287922 40 35 31
-36 239.167 571 0.438861 -0.850132 -0.290993 66 47 43
-36 239.667 571.667 0.436626 -0.846728 -0.30399 89 55 53
-34.1667 240 572.167 0.47644 -0.804803 -0.353973 130 68 69
-33 240.667 573.667 0.510493 -0.75066 -0.419412 155 84 82
-32 241 574.667 0.579176 -0.65701 -0.48259 172 97 91
-31 241.167 576.167 0.622787 -0.540183 -0.565984 183 106 98
-30 242.167 578.167 0.761892 -0.251389 -0.596929 187 114 107
-28 243.833 581.833 0.839646 0.184939 -0.510679 171 115 118
-28 244 583 0.846519 0.221665 -0.484014 145 100 103
-27 245 584.5 0.851675 0.252612 -0.459169 116 85 91
-26.1667 246 586.167 0.865014 0.263708 -0.42686 95 80 85
-36 239.833 571 0.445916 -0.846182 -0.291777 58 47 45
-35 239.833 571 0.473018 -0.821049 -0.31958 80 54 55
-34.1667 240.167 572 0.486056 -0.804169 -0.342142 103 62 66
-34 240.667 572.667 0.493515 -0.795617 -0.351336 125 70 75
-33 240.833 573.333 0.504276 -0.762083 -0.406123 149 80 83
-32 241.333 574.167 0.589608 -0.660112 -0.465417 168 88 91
-31.8333 241.833 574.833 0.602628 -0.637675 -0.479802 174 92 96
-31 242 575.5 0.631381 -0.557297 -0.539239 179 94 97
-30 242 576.5 0.725129 -0.356931 -0.588887 178 96 98
-30 242.5 577.5 0.766576 -0.273091 -0.58119 174 100 101
-29 243 578.833 0.805697 -0.0366747 -0.591191 161 97 97
-29 244 580.333 0.831072 0.0799069 -0.550395 140 90 91
-28 244.5 581.5 0.836224 0.189351 -0.514661 122 88 89
-28 245 582.833 0.848815 0.226004 -0.477949 99 84 87
-34 240.167 571 0.486056 -0.804169 -0.342142 73 64 67
-34 240.833 572 0.493515 -0.795617 -0.351336 83 68 71
-33 241 572.667 0.510681 -0.753239 -0.414531 95 76 72
-33 241.333 573.167 0.540505 -0.736386 -0.406927 106 82 80
-32 241.5 573.667 0.580768 -0.677045 -0.452016 111 87 85
-31.5 242 574.5 0.633282 -0.606438 -0.480818 118 89 91
-31 242.5 575.333 0.63528 -0.57749 -0.512762 120 91 95
-30 242.833 576 0.741432 -0.327168 -0.585866 119 90 94
-30 243 577.333 0.779056 -0.232571 -0.582222 114 88 89
-29 243.5 578.5 0.813965 -0.0581227 -0.577999 103 85 85
